symbol,filingDate,filing_detail_url,document_type,document_description,document_url,matched,error
DVLT,2026-08-19 00:00:00,https://www.sec.gov/Archives/edgar/data/1682149/000110465926098835/0001104659-26-098835-index.htm,8-K,FORM 8-K,https://www.sec.gov/Archives/edgar/data/1682149/000110465926098835/tm2623608d1_8k.htm,True,
DVLT,2026-08-19 00:00:00,https://www.sec.gov/Archives/edgar/data/1682149/000110465926098835/0001104659-26-098835-index.htm,EX-99.1,EXHIBIT 99.1,https://www.sec.gov/Archives/edgar/data/1682149/000110465926098835/tm2623608d1_ex99-1.htm,False,
WISA,2026-08-19 00:00:00,https://www.sec.gov/Archives/edgar/data/1682149/000110465926098835/0001104659-26-098835-index.htm,8-K,FORM 8-K,https://www.sec.gov/Archives/edgar/data/1682149/000110465926098835/tm2623608d1_8k.htm,True,
WISA,2026-08-19 00:00:00,https://www.sec.gov/Archives/edgar/data/1682149/000110465926098835/0001104659-26-098835-index.htm,EX-99.1,EXHIBIT 99.1,https://www.sec.gov/Archives/edgar/data/1682149/000110465926098835/tm2623608d1_ex99-1.htm,False,
DVLT,2026-08-19 00:00:00,https://www.sec.gov/Archives/edgar/data/1682149/000110465926098833/0001104659-26-098833-index.htm,8-K,FORM 8-K,https://www.sec.gov/Archives/edgar/data/1682149/000110465926098833/tm2623590d1_8k.htm,True,
DVLT,2026-08-19 00:00:00,https://www.sec.gov/Archives/edgar/data/1682149/000110465926098833/0001104659-26-098833-index.htm,EX-99.1,EXHIBIT 99.1,https://www.sec.gov/Archives/edgar/data/1682149/000110465926098833/tm2623590d1_ex99-1.htm,False,
WISA,2026-08-19 00:00:00,https://www.sec.gov/Archives/edgar/data/1682149/000110465926098833/0001104659-26-098833-index.htm,8-K,FORM 8-K,https://www.sec.gov/Archives/edgar/data/1682149/000110465926098833/tm2623590d1_8k.htm,True,
WISA,2026-08-19 00:00:00,https://www.sec.gov/Archives/edgar/data/1682149/000110465926098833/0001104659-26-098833-index.htm,EX-99.1,EXHIBIT 99.1,https://www.sec.gov/Archives/edgar/data/1682149/000110465926098833/tm2623590d1_ex99-1.htm,False,
SNOA,2026-08-19 00:00:00,https://www.sec.gov/Archives/edgar/data/1367083/000168316826006608/0001683168-26-006608-index.htm,8-K,FORM 8-K,https://www.sec.gov/Archives/edgar/data/1367083/000168316826006608/sonoma_8k.htm,False,
ECPG,2026-08-19 00:00:00,https://www.sec.gov/Archives/edgar/data/1084961/000108496126000062/0001084961-26-000062-index.htm,8-K,8-K,https://www.sec.gov/Archives/edgar/data/1084961/000108496126000062/ecpg-20260819.htm,False,
ECPG,2026-08-19 00:00:00,https://www.sec.gov/Archives/edgar/data/1084961/000108496126000062/0001084961-26-000062-index.htm,EX-99.1,EX-99.1,https://www.sec.gov/Archives/edgar/data/1084961/000108496126000062/a20260819ex991-pressreleas.htm,False,
ASTC,2026-08-19 00:00:00,https://www.sec.gov/Archives/edgar/data/1001907/000143774926028569/0001437749-26-028569-index.htm,8-K,FORM 8-K,https://www.sec.gov/Archives/edgar/data/1001907/000143774926028569/astc20260818_8k.htm,False,
None,2026-08-19 00:00:00,https://www.sec.gov/Archives/edgar/data/1329842/000165495426007762/0001654954-26-007762-index.htm,8-K,FORM 8-K,https://www.sec.gov/Archives/edgar/data/1329842/000165495426007762/fhlbny_8k.htm,False,
None,2026-08-19 00:00:00,https://www.sec.gov/Archives/edgar/data/1329842/000165495426007762/0001654954-26-007762-index.htm,EX-99.1,PRESIDENTS REPORT,https://www.sec.gov/Archives/edgar/data/1329842/000165495426007762/fhlbny_ex991.htm,False,
CNXA,2026-08-19 00:00:00,https://www.sec.gov/Archives/edgar/data/1674440/000149315226039258/0001493152-26-039258-index.htm,8-K,8-K,https://www.sec.gov/Archives/edgar/data/1674440/000149315226039258/form8-k.htm,False,
CNXA,2026-08-19 00:00:00,https://www.sec.gov/Archives/edgar/data/1674440/000149315226039258/0001493152-26-039258-index.htm,EX-99.1,EX-99.1,https://www.sec.gov/Archives/edgar/data/1674440/000149315226039258/ex99-1.htm,False,
YYAI,2026-08-19 00:00:00,https://www.sec.gov/Archives/edgar/data/1674440/000149315226039258/0001493152-26-039258-index.htm,8-K,8-K,https://www.sec.gov/Archives/edgar/data/1674440/000149315226039258/form8-k.htm,False,
YYAI,2026-08-19 00:00:00,https://www.sec.gov/Archives/edgar/data/1674440/000149315226039258/0001493152-26-039258-index.htm,EX-99.1,EX-99.1,https://www.sec.gov/Archives/edgar/data/1674440/000149315226039258/ex99-1.htm,False,
SLBG,2026-08-19 00:00:00,https://www.sec.gov/Archives/edgar/data/1674440/000149315226039258/0001493152-26-039258-index.htm,8-K,8-K,https://www.sec.gov/Archives/edgar/data/1674440/000149315226039258/form8-k.htm,False,
SLBG,2026-08-19 00:00:00,https://www.sec.gov/Archives/edgar/data/1674440/000149315226039258/0001493152-26-039258-index.htm,EX-99.1,EX-99.1,https://www.sec.gov/Archives/edgar/data/1674440/000149315226039258/ex99-1.htm,False,
RARE,2026-08-19 00:00:00,https://www.sec.gov/Archives/edgar/data/1515673/000119312526357185/0001193125-26-357185-index.htm,8-K,8-K,https://www.sec.gov/Archives/edgar/data/1515673/000119312526357185/rare-20260819.htm,False,
TWST,2026-08-19 00:00:00,https://www.sec.gov/Archives/edgar/data/1581280/000110465926098830/0001104659-26-098830-index.htm,8-K,FORM 8-K,https://www.sec.gov/Archives/edgar/data/1581280/000110465926098830/tm2623545d1_8k.htm,False,
U,2026-08-19 00:00:00,https://www.sec.gov/Archives/edgar/data/1810806/000181080626000046/0001810806-26-000046-index.htm,8-K,8-K,https://www.sec.gov/Archives/edgar/data/1810806/000181080626000046/unity-20260817.htm,False,
U,2026-08-19 00:00:00,https://www.sec.gov/Archives/edgar/data/1810806/000181080626000046/0001810806-26-000046-index.htm,EX-10.1,EX-10.1,https://www.sec.gov/Archives/edgar/data/1810806/000181080626000046/exhibit101-2020equityincen.htm,False,
BEEMW,2026-08-19 00:00:00,https://www.sec.gov/Archives/edgar/data/1398805/000143774926028564/0001437749-26-028564-index.htm,8-K,FORM 8-K,https://www.sec.gov/Archives/edgar/data/1398805/000143774926028564/beem20260819_8k.htm,False,
BEEMW,2026-08-19 00:00:00,https://www.sec.gov/Archives/edgar/data/1398805/000143774926028564/0001437749-26-028564-index.htm,EX-99.1,EXHIBIT 99.1,https://www.sec.gov/Archives/edgar/data/1398805/000143774926028564/ex_1007197.htm,False,
BEEM,2026-08-19 00:00:00,https://www.sec.gov/Archives/edgar/data/1398805/000143774926028564/0001437749-26-028564-index.htm,8-K,FORM 8-K,https://www.sec.gov/Archives/edgar/data/1398805/000143774926028564/beem20260819_8k.htm,False,
BEEM,2026-08-19 00:00:00,https://www.sec.gov/Archives/edgar/data/1398805/000143774926028564/0001437749-26-028564-index.htm,EX-99.1,EXHIBIT 99.1,https://www.sec.gov/Archives/edgar/data/1398805/000143774926028564/ex_1007197.htm,False,
NLIT,2026-08-19 00:00:00,https://www.sec.gov/Archives/edgar/data/1854963/000149315226039257/0001493152-26-039257-index.htm,8-K,8-K,https://www.sec.gov/Archives/edgar/data/1854963/000149315226039257/form8-k.htm,False,
NLIT,2026-08-19 00:00:00,https://www.sec.gov/Archives/edgar/data/1854963/000149315226039257/0001493152-26-039257-index.htm,EX-10.1,EX-10.1,https://www.sec.gov/Archives/edgar/data/1854963/000149315226039257/ex10-1.htm,False,
NLIT,2026-08-19 00:00:00,https://www.sec.gov/Archives/edgar/data/1854963/000149315226039257/0001493152-26-039257-index.htm,EX-10.2,EX-10.2,https://www.sec.gov/Archives/edgar/data/1854963/000149315226039257/ex10-2.htm,False,
NLITW,2026-08-19 00:00:00,https://www.sec.gov/Archives/edgar/data/1854963/000149315226039257/0001493152-26-039257-index.htm,8-K,8-K,https://www.sec.gov/Archives/edgar/data/1854963/000149315226039257/form8-k.htm,False,
NLITW,2026-08-19 00:00:00,https://www.sec.gov/Archives/edgar/data/1854963/000149315226039257/0001493152-26-039257-index.htm,EX-10.1,EX-10.1,https://www.sec.gov/Archives/edgar/data/1854963/000149315226039257/ex10-1.htm,False,
NLITW,2026-08-19 00:00:00,https://www.sec.gov/Archives/edgar/data/1854963/000149315226039257/0001493152-26-039257-index.htm,EX-10.2,EX-10.2,https://www.sec.gov/Archives/edgar/data/1854963/000149315226039257/ex10-2.htm,False,
NLITU,2026-08-19 00:00:00,https://www.sec.gov/Archives/edgar/data/1854963/000149315226039257/0001493152-26-039257-index.htm,8-K,8-K,https://www.sec.gov/Archives/edgar/data/1854963/000149315226039257/form8-k.htm,False,
NLITU,2026-08-19 00:00:00,https://www.sec.gov/Archives/edgar/data/1854963/000149315226039257/0001493152-26-039257-index.htm,EX-10.1,EX-10.1,https://www.sec.gov/Archives/edgar/data/1854963/000149315226039257/ex10-1.htm,False,
NLITU,2026-08-19 00:00:00,https://www.sec.gov/Archives/edgar/data/1854963/000149315226039257/0001493152-26-039257-index.htm,EX-10.2,EX-10.2,https://www.sec.gov/Archives/edgar/data/1854963/000149315226039257/ex10-2.htm,False,
SHFSW,2026-08-19 00:00:00,https://www.sec.gov/Archives/edgar/data/1854963/000149315226039257/0001493152-26-039257-index.htm,8-K,8-K,https://www.sec.gov/Archives/edgar/data/1854963/000149315226039257/form8-k.htm,False,
SHFSW,2026-08-19 00:00:00,https://www.sec.gov/Archives/edgar/data/1854963/000149315226039257/0001493152-26-039257-index.htm,EX-10.1,EX-10.1,https://www.sec.gov/Archives/edgar/data/1854963/000149315226039257/ex10-1.htm,False,
SHFSW,2026-08-19 00:00:00,https://www.sec.gov/Archives/edgar/data/1854963/000149315226039257/0001493152-26-039257-index.htm,EX-10.2,EX-10.2,https://www.sec.gov/Archives/edgar/data/1854963/000149315226039257/ex10-2.htm,False,
SHFS,2026-08-19 00:00:00,https://www.sec.gov/Archives/edgar/data/1854963/000149315226039257/0001493152-26-039257-index.htm,8-K,8-K,https://www.sec.gov/Archives/edgar/data/1854963/000149315226039257/form8-k.htm,False,
SHFS,2026-08-19 00:00:00,https://www.sec.gov/Archives/edgar/data/1854963/000149315226039257/0001493152-26-039257-index.htm,EX-10.1,EX-10.1,https://www.sec.gov/Archives/edgar/data/1854963/000149315226039257/ex10-1.htm,False,
SHFS,2026-08-19 00:00:00,https://www.sec.gov/Archives/edgar/data/1854963/000149315226039257/0001493152-26-039257-index.htm,EX-10.2,EX-10.2,https://www.sec.gov/Archives/edgar/data/1854963/000149315226039257/ex10-2.htm,False,
SILOD,2026-08-19 00:00:00,https://www.sec.gov/Archives/edgar/data/1514183/000121390026091783/0001213900-26-091783-index.htm,8-K,CURRENT REPORT,https://www.sec.gov/Archives/edgar/data/1514183/000121390026091783/ea0302618-8k_silo.htm,True,
SILOD,2026-08-19 00:00:00,https://www.sec.gov/Archives/edgar/data/1514183/000121390026091783/0001213900-26-091783-index.htm,EX-10.1,"ASSET PURCHASE AGREEMENT, DATED AUGUST 18, 2026, BETWEEN THE COMPANY AND PARKVIE",https://www.sec.gov/Archives/edgar/data/1514183/000121390026091783/ea030261801ex10-1.htm,False,
SILO,2026-08-19 00:00:00,https://www.sec.gov/Archives/edgar/data/1514183/000121390026091783/0001213900-26-091783-index.htm,8-K,CURRENT REPORT,https://www.sec.gov/Archives/edgar/data/1514183/000121390026091783/ea0302618-8k_silo.htm,True,
SILO,2026-08-19 00:00:00,https://www.sec.gov/Archives/edgar/data/1514183/000121390026091783/0001213900-26-091783-index.htm,EX-10.1,"ASSET PURCHASE AGREEMENT, DATED AUGUST 18, 2026, BETWEEN THE COMPANY AND PARKVIE",https://www.sec.gov/Archives/edgar/data/1514183/000121390026091783/ea030261801ex10-1.htm,False,
HIVE,2026-08-19 00:00:00,https://www.sec.gov/Archives/edgar/data/1720424/000106299326004522/0001062993-26-004522-index.htm,8-K,FORM 8-K,https://www.sec.gov/Archives/edgar/data/1720424/000106299326004522/form8k.htm,False,
HIVE,2026-08-19 00:00:00,https://www.sec.gov/Archives/edgar/data/1720424/000106299326004522/0001062993-26-004522-index.htm,EX-99.1,EXHIBIT 99.1,https://www.sec.gov/Archives/edgar/data/1720424/000106299326004522/exhibit99-1.htm,False,
HVBT,2026-08-19 00:00:00,https://www.sec.gov/Archives/edgar/data/1720424/000106299326004522/0001062993-26-004522-index.htm,8-K,FORM 8-K,https://www.sec.gov/Archives/edgar/data/1720424/000106299326004522/form8k.htm,False,
HVBT,2026-08-19 00:00:00,https://www.sec.gov/Archives/edgar/data/1720424/000106299326004522/0001062993-26-004522-index.htm,EX-99.1,EXHIBIT 99.1,https://www.sec.gov/Archives/edgar/data/1720424/000106299326004522/exhibit99-1.htm,False,
None,2026-08-19 00:00:00,https://www.sec.gov/Archives/edgar/data/1720286/000158064226005457/0001580642-26-005457-index.htm,8-K,8-K,https://www.sec.gov/Archives/edgar/data/1720286/000158064226005457/internetsciences_8k.htm,False,
None,2026-08-19 00:00:00,https://www.sec.gov/Archives/edgar/data/1720286/000158064226005457/0001580642-26-005457-index.htm,EX-99.1,,https://www.sec.gov/Archives/edgar/data/1720286/000158064226005457/internetsciences_ex99-1.htm,False,
DXLG,2026-08-19 00:00:00,https://www.sec.gov/Archives/edgar/data/813298/000119312526357135/0001193125-26-357135-index.htm,8-K,8-K,https://www.sec.gov/Archives/edgar/data/813298/000119312526357135/dxlg-20260819.htm,True,
RCG,2026-08-19 00:00:00,https://www.sec.gov/Archives/edgar/data/919567/000139834426014963/0001398344-26-014963-index.htm,8-K,,https://www.sec.gov/Archives/edgar/data/919567/000139834426014963/fp0100556-1_8kixbrl.htm,False,
NC,2026-08-19 00:00:00,https://www.sec.gov/Archives/edgar/data/789933/000078993326000150/0000789933-26-000150-index.htm,8-K,8-K,https://www.sec.gov/Archives/edgar/data/789933/000078993326000150/nacco-20260814.htm,False,
PAICU,2026-08-19 00:00:00,https://www.sec.gov/Archives/edgar/data/1810560/000119312526357120/0001193125-26-357120-index.htm,8-K,8-K,https://www.sec.gov/Archives/edgar/data/1810560/000119312526357120/revb-20260817.htm,False,
PAICU,2026-08-19 00:00:00,https://www.sec.gov/Archives/edgar/data/1810560/000119312526357120/0001193125-26-357120-index.htm,EX-10.1,FORM OF RESTRICTED STOCK AWARD,https://www.sec.gov/Archives/edgar/data/1810560/000119312526357120/revb-ex10_1.htm,False,
REVBU,2026-08-19 00:00:00,https://www.sec.gov/Archives/edgar/data/1810560/000119312526357120/0001193125-26-357120-index.htm,8-K,8-K,https://www.sec.gov/Archives/edgar/data/1810560/000119312526357120/revb-20260817.htm,False,
REVBU,2026-08-19 00:00:00,https://www.sec.gov/Archives/edgar/data/1810560/000119312526357120/0001193125-26-357120-index.htm,EX-10.1,FORM OF RESTRICTED STOCK AWARD,https://www.sec.gov/Archives/edgar/data/1810560/000119312526357120/revb-ex10_1.htm,False,
PAIC,2026-08-19 00:00:00,https://www.sec.gov/Archives/edgar/data/1810560/000119312526357120/0001193125-26-357120-index.htm,8-K,8-K,https://www.sec.gov/Archives/edgar/data/1810560/000119312526357120/revb-20260817.htm,False,
PAIC,2026-08-19 00:00:00,https://www.sec.gov/Archives/edgar/data/1810560/000119312526357120/0001193125-26-357120-index.htm,EX-10.1,FORM OF RESTRICTED STOCK AWARD,https://www.sec.gov/Archives/edgar/data/1810560/000119312526357120/revb-ex10_1.htm,False,
REVBW,2026-08-19 00:00:00,https://www.sec.gov/Archives/edgar/data/1810560/000119312526357120/0001193125-26-357120-index.htm,8-K,8-K,https://www.sec.gov/Archives/edgar/data/1810560/000119312526357120/revb-20260817.htm,False,
REVBW,2026-08-19 00:00:00,https://www.sec.gov/Archives/edgar/data/1810560/000119312526357120/0001193125-26-357120-index.htm,EX-10.1,FORM OF RESTRICTED STOCK AWARD,https://www.sec.gov/Archives/edgar/data/1810560/000119312526357120/revb-ex10_1.htm,False,
REVB,2026-08-19 00:00:00,https://www.sec.gov/Archives/edgar/data/1810560/000119312526357120/0001193125-26-357120-index.htm,8-K,8-K,https://www.sec.gov/Archives/edgar/data/1810560/000119312526357120/revb-20260817.htm,False,
REVB,2026-08-19 00:00:00,https://www.sec.gov/Archives/edgar/data/1810560/000119312526357120/0001193125-26-357120-index.htm,EX-10.1,FORM OF RESTRICTED STOCK AWARD,https://www.sec.gov/Archives/edgar/data/1810560/000119312526357120/revb-ex10_1.htm,False,
OSRH,2026-08-19 00:00:00,https://www.sec.gov/Archives/edgar/data/1840425/000121390026091756/0001213900-26-091756-index.htm,8-K,CURRENT REPORT,https://www.sec.gov/Archives/edgar/data/1840425/000121390026091756/ea0302782-8k_osrhealth.htm,False,
OSRH,2026-08-19 00:00:00,https://www.sec.gov/Archives/edgar/data/1840425/000121390026091756/0001213900-26-091756-index.htm,EX-99.1,"PRESS RELEASE ISSUED BY OSR HEALTH, INC., DATED AUGUST 19, 2026, TITLED ""OSR HEA",https://www.sec.gov/Archives/edgar/data/1840425/000121390026091756/ea030278201ex99-1.htm,False,
OSRHW,2026-08-19 00:00:00,https://www.sec.gov/Archives/edgar/data/1840425/000121390026091756/0001213900-26-091756-index.htm,8-K,CURRENT REPORT,https://www.sec.gov/Archives/edgar/data/1840425/000121390026091756/ea0302782-8k_osrhealth.htm,False,
OSRHW,2026-08-19 00:00:00,https://www.sec.gov/Archives/edgar/data/1840425/000121390026091756/0001213900-26-091756-index.htm,EX-99.1,"PRESS RELEASE ISSUED BY OSR HEALTH, INC., DATED AUGUST 19, 2026, TITLED ""OSR HEA",https://www.sec.gov/Archives/edgar/data/1840425/000121390026091756/ea030278201ex99-1.htm,False,
BLAC,2026-08-19 00:00:00,https://www.sec.gov/Archives/edgar/data/1840425/000121390026091756/0001213900-26-091756-index.htm,8-K,CURRENT REPORT,https://www.sec.gov/Archives/edgar/data/1840425/000121390026091756/ea0302782-8k_osrhealth.htm,False,
BLAC,2026-08-19 00:00:00,https://www.sec.gov/Archives/edgar/data/1840425/000121390026091756/0001213900-26-091756-index.htm,EX-99.1,"PRESS RELEASE ISSUED BY OSR HEALTH, INC., DATED AUGUST 19, 2026, TITLED ""OSR HEA",https://www.sec.gov/Archives/edgar/data/1840425/000121390026091756/ea030278201ex99-1.htm,False,
BLACU,2026-08-19 00:00:00,https://www.sec.gov/Archives/edgar/data/1840425/000121390026091756/0001213900-26-091756-index.htm,8-K,CURRENT REPORT,https://www.sec.gov/Archives/edgar/data/1840425/000121390026091756/ea0302782-8k_osrhealth.htm,False,
BLACU,2026-08-19 00:00:00,https://www.sec.gov/Archives/edgar/data/1840425/000121390026091756/0001213900-26-091756-index.htm,EX-99.1,"PRESS RELEASE ISSUED BY OSR HEALTH, INC., DATED AUGUST 19, 2026, TITLED ""OSR HEA",https://www.sec.gov/Archives/edgar/data/1840425/000121390026091756/ea030278201ex99-1.htm,False,
SERA,2026-08-19 00:00:00,https://www.sec.gov/Archives/edgar/data/1534969/000119312526357112/0001193125-26-357112-index.htm,8-K,8-K,https://www.sec.gov/Archives/edgar/data/1534969/000119312526357112/d417235d8k.htm,False,
SERA,2026-08-19 00:00:00,https://www.sec.gov/Archives/edgar/data/1534969/000119312526357112/0001193125-26-357112-index.htm,EX-10.1,EX-10.1,https://www.sec.gov/Archives/edgar/data/1534969/000119312526357112/d417235dex101.htm,False,
SERA,2026-08-19 00:00:00,https://www.sec.gov/Archives/edgar/data/1534969/000119312526357112/0001193125-26-357112-index.htm,EX-10.2,EX-10.2,https://www.sec.gov/Archives/edgar/data/1534969/000119312526357112/d417235dex102.htm,False,
SERA,2026-08-19 00:00:00,https://www.sec.gov/Archives/edgar/data/1534969/000119312526357112/0001193125-26-357112-index.htm,EX-99.1,EX-99.1,https://www.sec.gov/Archives/edgar/data/1534969/000119312526357112/d417235dex991.htm,False,
None,2026-08-19 00:00:00,https://www.sec.gov/Archives/edgar/data/1944366/000194436626000070/0001944366-26-000070-index.htm,8-K,8-K,https://www.sec.gov/Archives/edgar/data/1944366/000194436626000070/osnl-20260817.htm,False,
DROR,2026-08-19 00:00:00,https://www.sec.gov/Archives/edgar/data/1282980/000121390026091749/0001213900-26-091749-index.htm,8-K,CURRENT REPORT,https://www.sec.gov/Archives/edgar/data/1282980/000121390026091749/ea0302752-8k_dror.htm,True,
DROR,2026-08-19 00:00:00,https://www.sec.gov/Archives/edgar/data/1282980/000121390026091749/0001213900-26-091749-index.htm,EX-10.1,"FORM OF SECURITIES PURCHASE AGREEMENT, DATED AUGUST 19, 2026, BY AND AMONG THE C",https://www.sec.gov/Archives/edgar/data/1282980/000121390026091749/ea030275201ex10-1.htm,True,
NVNT,2026-08-19 00:00:00,https://www.sec.gov/Archives/edgar/data/1282980/000121390026091749/0001213900-26-091749-index.htm,8-K,CURRENT REPORT,https://www.sec.gov/Archives/edgar/data/1282980/000121390026091749/ea0302752-8k_dror.htm,True,
NVNT,2026-08-19 00:00:00,https://www.sec.gov/Archives/edgar/data/1282980/000121390026091749/0001213900-26-091749-index.htm,EX-10.1,"FORM OF SECURITIES PURCHASE AGREEMENT, DATED AUGUST 19, 2026, BY AND AMONG THE C",https://www.sec.gov/Archives/edgar/data/1282980/000121390026091749/ea030275201ex10-1.htm,True,
CTGO,2026-08-19 00:00:00,https://www.sec.gov/Archives/edgar/data/1502377/000119312526357092/0001193125-26-357092-index.htm,8-K,8-K,https://www.sec.gov/Archives/edgar/data/1502377/000119312526357092/ctgo-20260813.htm,False,
NCRA,2026-08-19 00:00:00,https://www.sec.gov/Archives/edgar/data/1756180/000168316826006601/0001683168-26-006601-index.htm,8-K,CURRENT REPORT,https://www.sec.gov/Archives/edgar/data/1756180/000168316826006601/nocera_8k.htm,True,
NCRA,2026-08-19 00:00:00,https://www.sec.gov/Archives/edgar/data/1756180/000168316826006601/0001683168-26-006601-index.htm,EX-10.1,EMPLOYMENT AGREEMENT,https://www.sec.gov/Archives/edgar/data/1756180/000168316826006601/nocera_ex1001.htm,False,
NCRA,2026-08-19 00:00:00,https://www.sec.gov/Archives/edgar/data/1756180/000168316826006601/0001683168-26-006601-index.htm,EX-10.2,CONSULTING AGREEMENT,https://www.sec.gov/Archives/edgar/data/1756180/000168316826006601/nocera_ex1002.htm,False,
KTRA,2026-08-19 00:00:00,https://www.sec.gov/Archives/edgar/data/1498382/000119312526357087/0001193125-26-357087-index.htm,8-K,8-K,https://www.sec.gov/Archives/edgar/data/1498382/000119312526357087/hura-20260818.htm,True,
HURA,2026-08-19 00:00:00,https://www.sec.gov/Archives/edgar/data/1498382/000119312526357087/0001193125-26-357087-index.htm,8-K,8-K,https://www.sec.gov/Archives/edgar/data/1498382/000119312526357087/hura-20260818.htm,True,
AVA,2026-08-19 00:00:00,https://www.sec.gov/Archives/edgar/data/104918/000119312526357089/0001193125-26-357089-index.htm,8-K,8-K,https://www.sec.gov/Archives/edgar/data/104918/000119312526357089/ava-20260817.htm,False,
DTSQ,2026-08-19 00:00:00,https://www.sec.gov/Archives/edgar/data/2017950/000149315226039248/0001493152-26-039248-index.htm,8-K,8-K,https://www.sec.gov/Archives/edgar/data/2017950/000149315226039248/form8-k.htm,False,
DTSQU,2026-08-19 00:00:00,https://www.sec.gov/Archives/edgar/data/2017950/000149315226039248/0001493152-26-039248-index.htm,8-K,8-K,https://www.sec.gov/Archives/edgar/data/2017950/000149315226039248/form8-k.htm,False,
DTSQR,2026-08-19 00:00:00,https://www.sec.gov/Archives/edgar/data/2017950/000149315226039248/0001493152-26-039248-index.htm,8-K,8-K,https://www.sec.gov/Archives/edgar/data/2017950/000149315226039248/form8-k.htm,False,
NRXS,2026-08-19 00:00:00,https://www.sec.gov/Archives/edgar/data/1933567/000149315226039247/0001493152-26-039247-index.htm,8-K,8-K,https://www.sec.gov/Archives/edgar/data/1933567/000149315226039247/form8-k.htm,False,
KFY,2026-08-19 00:00:00,https://www.sec.gov/Archives/edgar/data/56679/000119312526357084/0001193125-26-357084-index.htm,8-K,8-K,https://www.sec.gov/Archives/edgar/data/56679/000119312526357084/d417124d8k.htm,True,
KFY,2026-08-19 00:00:00,https://www.sec.gov/Archives/edgar/data/56679/000119312526357084/0001193125-26-357084-index.htm,EX-10.1,EX-10.1,https://www.sec.gov/Archives/edgar/data/56679/000119312526357084/d417124dex101.htm,True,
None,2026-08-19 00:00:00,https://www.sec.gov/Archives/edgar/data/1494877/000119312526357083/0001193125-26-357083-index.htm,8-K,8-K,https://www.sec.gov/Archives/edgar/data/1297996/000119312526357083/d145363d8k.htm,False,
DLR-PL,2026-08-19 00:00:00,https://www.sec.gov/Archives/edgar/data/1297996/000119312526357083/0001193125-26-357083-index.htm,8-K,8-K,https://www.sec.gov/Archives/edgar/data/1297996/000119312526357083/d145363d8k.htm,False,
DLR,2026-08-19 00:00:00,https://www.sec.gov/Archives/edgar/data/1297996/000119312526357083/0001193125-26-357083-index.htm,8-K,8-K,https://www.sec.gov/Archives/edgar/data/1297996/000119312526357083/d145363d8k.htm,False,
DLR-PJ,2026-08-19 00:00:00,https://www.sec.gov/Archives/edgar/data/1297996/000119312526357083/0001193125-26-357083-index.htm,8-K,8-K,https://www.sec.gov/Archives/edgar/data/1297996/000119312526357083/d145363d8k.htm,False,
DLR-PK,2026-08-19 00:00:00,https://www.sec.gov/Archives/edgar/data/1297996/000119312526357083/0001193125-26-357083-index.htm,8-K,8-K,https://www.sec.gov/Archives/edgar/data/1297996/000119312526357083/d145363d8k.htm,False,
None,2026-08-19 00:00:00,https://www.sec.gov/Archives/edgar/data/2031750/000203175026000068/0002031750-26-000068-index.htm,8-K,8-K,https://www.sec.gov/Archives/edgar/data/2031750/000203175026000068/aci-20260819.htm,False,
SAV,2026-08-19 00:00:00,https://www.sec.gov/Archives/edgar/data/1377936/000121390026091736/0001213900-26-091736-index.htm,8-K,CURRENT REPORT,https://www.sec.gov/Archives/edgar/data/1377936/000121390026091736/ea0302697-8k_saratoga.htm,True,
SAV,2026-08-19 00:00:00,https://www.sec.gov/Archives/edgar/data/1377936/000121390026091736/0001213900-26-091736-index.htm,EX-99.1,NOTICE OF REDEMPTION OF 6.00% NOTES DUE 2027,https://www.sec.gov/Archives/edgar/data/1377936/000121390026091736/ea030269701ex99-1.htm,False,
SAJ,2026-08-19 00:00:00,https://www.sec.gov/Archives/edgar/data/1377936/000121390026091736/0001213900-26-091736-index.htm,8-K,CURRENT REPORT,https://www.sec.gov/Archives/edgar/data/1377936/000121390026091736/ea0302697-8k_saratoga.htm,True,
SAJ,2026-08-19 00:00:00,https://www.sec.gov/Archives/edgar/data/1377936/000121390026091736/0001213900-26-091736-index.htm,EX-99.1,NOTICE OF REDEMPTION OF 6.00% NOTES DUE 2027,https://www.sec.gov/Archives/edgar/data/1377936/000121390026091736/ea030269701ex99-1.htm,False,
SAK,2026-08-19 00:00:00,https://www.sec.gov/Archives/edgar/data/1377936/000121390026091736/0001213900-26-091736-index.htm,8-K,CURRENT REPORT,https://www.sec.gov/Archives/edgar/data/1377936/000121390026091736/ea0302697-8k_saratoga.htm,True,
SAK,2026-08-19 00:00:00,https://www.sec.gov/Archives/edgar/data/1377936/000121390026091736/0001213900-26-091736-index.htm,EX-99.1,NOTICE OF REDEMPTION OF 6.00% NOTES DUE 2027,https://www.sec.gov/Archives/edgar/data/1377936/000121390026091736/ea030269701ex99-1.htm,False,
SAZ,2026-08-19 00:00:00,https://www.sec.gov/Archives/edgar/data/1377936/000121390026091736/0001213900-26-091736-index.htm,8-K,CURRENT REPORT,https://www.sec.gov/Archives/edgar/data/1377936/000121390026091736/ea0302697-8k_saratoga.htm,True,
SAZ,2026-08-19 00:00:00,https://www.sec.gov/Archives/edgar/data/1377936/000121390026091736/0001213900-26-091736-index.htm,EX-99.1,NOTICE OF REDEMPTION OF 6.00% NOTES DUE 2027,https://www.sec.gov/Archives/edgar/data/1377936/000121390026091736/ea030269701ex99-1.htm,False,
SAY,2026-08-19 00:00:00,https://www.sec.gov/Archives/edgar/data/1377936/000121390026091736/0001213900-26-091736-index.htm,8-K,CURRENT REPORT,https://www.sec.gov/Archives/edgar/data/1377936/000121390026091736/ea0302697-8k_saratoga.htm,True,
SAY,2026-08-19 00:00:00,https://www.sec.gov/Archives/edgar/data/1377936/000121390026091736/0001213900-26-091736-index.htm,EX-99.1,NOTICE OF REDEMPTION OF 6.00% NOTES DUE 2027,https://www.sec.gov/Archives/edgar/data/1377936/000121390026091736/ea030269701ex99-1.htm,False,
SAR,2026-08-19 00:00:00,https://www.sec.gov/Archives/edgar/data/1377936/000121390026091736/0001213900-26-091736-index.htm,8-K,CURRENT REPORT,https://www.sec.gov/Archives/edgar/data/1377936/000121390026091736/ea0302697-8k_saratoga.htm,True,
SAR,2026-08-19 00:00:00,https://www.sec.gov/Archives/edgar/data/1377936/000121390026091736/0001213900-26-091736-index.htm,EX-99.1,NOTICE OF REDEMPTION OF 6.00% NOTES DUE 2027,https://www.sec.gov/Archives/edgar/data/1377936/000121390026091736/ea030269701ex99-1.htm,False,
SAT,2026-08-19 00:00:00,https://www.sec.gov/Archives/edgar/data/1377936/000121390026091736/0001213900-26-091736-index.htm,8-K,CURRENT REPORT,https://www.sec.gov/Archives/edgar/data/1377936/000121390026091736/ea0302697-8k_saratoga.htm,True,
SAT,2026-08-19 00:00:00,https://www.sec.gov/Archives/edgar/data/1377936/000121390026091736/0001213900-26-091736-index.htm,EX-99.1,NOTICE OF REDEMPTION OF 6.00% NOTES DUE 2027,https://www.sec.gov/Archives/edgar/data/1377936/000121390026091736/ea030269701ex99-1.htm,False,
LSF,2026-08-19 00:00:00,https://www.sec.gov/Archives/edgar/data/1650696/000143774926028554/0001437749-26-028554-index.htm,8-K,FORM 8-K,https://www.sec.gov/Archives/edgar/data/1650696/000143774926028554/lsf20260819_8k.htm,False,
EDGE,2026-08-19 00:00:00,https://www.sec.gov/Archives/edgar/data/1472091/000114036126033749/0001140361-26-033749-index.htm,8-K,8-K,https://www.sec.gov/Archives/edgar/data/1472091/000114036126033749/ef20080681_8k.htm,False,
PDSB,2026-08-19 00:00:00,https://www.sec.gov/Archives/edgar/data/1472091/000114036126033749/0001140361-26-033749-index.htm,8-K,8-K,https://www.sec.gov/Archives/edgar/data/1472091/000114036126033749/ef20080681_8k.htm,False,
NOG,2026-08-19 00:00:00,https://www.sec.gov/Archives/edgar/data/1104485/000119312526357053/0001193125-26-357053-index.htm,8-K,8-K,https://www.sec.gov/Archives/edgar/data/1104485/000119312526357053/d402647d8k.htm,False,
NOG,2026-08-19 00:00:00,https://www.sec.gov/Archives/edgar/data/1104485/000119312526357053/0001193125-26-357053-index.htm,EX-99.1,EX-99.1,https://www.sec.gov/Archives/edgar/data/1104485/000119312526357053/d402647dex991.htm,True,
AGRI,2026-08-19 00:00:00,https://www.sec.gov/Archives/edgar/data/1826397/000149315226039236/0001493152-26-039236-index.htm,8-K,8-K,https://www.sec.gov/Archives/edgar/data/1826397/000149315226039236/form8-k.htm,False,
AGRI,2026-08-19 00:00:00,https://www.sec.gov/Archives/edgar/data/1826397/000149315226039236/0001493152-26-039236-index.htm,EX-99.1,EX-99.1,https://www.sec.gov/Archives/edgar/data/1826397/000149315226039236/ex99-1.htm,False,
AVX,2026-08-19 00:00:00,https://www.sec.gov/Archives/edgar/data/1826397/000149315226039236/0001493152-26-039236-index.htm,8-K,8-K,https://www.sec.gov/Archives/edgar/data/1826397/000149315226039236/form8-k.htm,False,
AVX,2026-08-19 00:00:00,https://www.sec.gov/Archives/edgar/data/1826397/000149315226039236/0001493152-26-039236-index.htm,EX-99.1,EX-99.1,https://www.sec.gov/Archives/edgar/data/1826397/000149315226039236/ex99-1.htm,False,
AGRIW,2026-08-19 00:00:00,https://www.sec.gov/Archives/edgar/data/1826397/000149315226039236/0001493152-26-039236-index.htm,8-K,8-K,https://www.sec.gov/Archives/edgar/data/1826397/000149315226039236/form8-k.htm,False,
AGRIW,2026-08-19 00:00:00,https://www.sec.gov/Archives/edgar/data/1826397/000149315226039236/0001493152-26-039236-index.htm,EX-99.1,EX-99.1,https://www.sec.gov/Archives/edgar/data/1826397/000149315226039236/ex99-1.htm,False,
HSCSW,2026-08-19 00:00:00,https://www.sec.gov/Archives/edgar/data/1468492/000121390026091720/0001213900-26-091720-index.htm,8-K,CURRENT REPORT,https://www.sec.gov/Archives/edgar/data/1468492/000121390026091720/ea0302763-8k_heart.htm,False,
HSCSW,2026-08-19 00:00:00,https://www.sec.gov/Archives/edgar/data/1468492/000121390026091720/0001213900-26-091720-index.htm,EX-99.1,"PRESS RELEASE, DATED AUGUST 19, 2026",https://www.sec.gov/Archives/edgar/data/1468492/000121390026091720/ea030276301ex99-1.htm,False,
HSCS,2026-08-19 00:00:00,https://www.sec.gov/Archives/edgar/data/1468492/000121390026091720/0001213900-26-091720-index.htm,8-K,CURRENT REPORT,https://www.sec.gov/Archives/edgar/data/1468492/000121390026091720/ea0302763-8k_heart.htm,False,
HSCS,2026-08-19 00:00:00,https://www.sec.gov/Archives/edgar/data/1468492/000121390026091720/0001213900-26-091720-index.htm,EX-99.1,"PRESS RELEASE, DATED AUGUST 19, 2026",https://www.sec.gov/Archives/edgar/data/1468492/000121390026091720/ea030276301ex99-1.htm,False,
LGL,2026-08-19 00:00:00,https://www.sec.gov/Archives/edgar/data/61004/000143774926028548/0001437749-26-028548-index.htm,8-K,FORM 8-K,https://www.sec.gov/Archives/edgar/data/61004/000143774926028548/lglg20260729_8k.htm,False,
LGL,2026-08-19 00:00:00,https://www.sec.gov/Archives/edgar/data/61004/000143774926028548/0001437749-26-028548-index.htm,EX-99.1,PRESS RELEASE,https://www.sec.gov/Archives/edgar/data/61004/000143774926028548/ex_995139.htm,False,
LGL-WT,2026-08-19 00:00:00,https://www.sec.gov/Archives/edgar/data/61004/000143774926028548/0001437749-26-028548-index.htm,8-K,FORM 8-K,https://www.sec.gov/Archives/edgar/data/61004/000143774926028548/lglg20260729_8k.htm,False,
LGL-WT,2026-08-19 00:00:00,https://www.sec.gov/Archives/edgar/data/61004/000143774926028548/0001437749-26-028548-index.htm,EX-99.1,PRESS RELEASE,https://www.sec.gov/Archives/edgar/data/61004/000143774926028548/ex_995139.htm,False,
None,2026-08-19 00:00:00,https://www.sec.gov/Archives/edgar/data/22767/000110842626000050/0001108426-26-000050-index.htm,8-K,8-K,https://www.sec.gov/Archives/edgar/data/22767/000110842626000050/pnm-20260819.htm,True,
None,2026-08-19 00:00:00,https://www.sec.gov/Archives/edgar/data/22767/000110842626000050/0001108426-26-000050-index.htm,EX-10.1,EX-10.1,https://www.sec.gov/Archives/edgar/data/22767/000110842626000050/txnm08192026ex101.htm,True,
None,2026-08-19 00:00:00,https://www.sec.gov/Archives/edgar/data/22767/000110842626000050/0001108426-26-000050-index.htm,EX-10.2,EX-10.2,https://www.sec.gov/Archives/edgar/data/22767/000110842626000050/txnm08192026ex102.htm,True,
PNM,2026-08-19 00:00:00,https://www.sec.gov/Archives/edgar/data/1108426/000110842626000050/0001108426-26-000050-index.htm,8-K,8-K,https://www.sec.gov/Archives/edgar/data/22767/000110842626000050/pnm-20260819.htm,True,
PNM,2026-08-19 00:00:00,https://www.sec.gov/Archives/edgar/data/1108426/000110842626000050/0001108426-26-000050-index.htm,EX-10.1,EX-10.1,https://www.sec.gov/Archives/edgar/data/22767/000110842626000050/txnm08192026ex101.htm,True,
PNM,2026-08-19 00:00:00,https://www.sec.gov/Archives/edgar/data/1108426/000110842626000050/0001108426-26-000050-index.htm,EX-10.2,EX-10.2,https://www.sec.gov/Archives/edgar/data/22767/000110842626000050/txnm08192026ex102.htm,True,
PNMXO,2026-08-19 00:00:00,https://www.sec.gov/Archives/edgar/data/81023/000110842626000050/0001108426-26-000050-index.htm,8-K,8-K,https://www.sec.gov/Archives/edgar/data/22767/000110842626000050/pnm-20260819.htm,True,
PNMXO,2026-08-19 00:00:00,https://www.sec.gov/Archives/edgar/data/81023/000110842626000050/0001108426-26-000050-index.htm,EX-10.1,EX-10.1,https://www.sec.gov/Archives/edgar/data/22767/000110842626000050/txnm08192026ex101.htm,True,
PNMXO,2026-08-19 00:00:00,https://www.sec.gov/Archives/edgar/data/81023/000110842626000050/0001108426-26-000050-index.htm,EX-10.2,EX-10.2,https://www.sec.gov/Archives/edgar/data/22767/000110842626000050/txnm08192026ex102.htm,True,
TXNM,2026-08-19 00:00:00,https://www.sec.gov/Archives/edgar/data/1108426/000110842626000050/0001108426-26-000050-index.htm,8-K,8-K,https://www.sec.gov/Archives/edgar/data/22767/000110842626000050/pnm-20260819.htm,True,
TXNM,2026-08-19 00:00:00,https://www.sec.gov/Archives/edgar/data/1108426/000110842626000050/0001108426-26-000050-index.htm,EX-10.1,EX-10.1,https://www.sec.gov/Archives/edgar/data/22767/000110842626000050/txnm08192026ex101.htm,True,
TXNM,2026-08-19 00:00:00,https://www.sec.gov/Archives/edgar/data/1108426/000110842626000050/0001108426-26-000050-index.htm,EX-10.2,EX-10.2,https://www.sec.gov/Archives/edgar/data/22767/000110842626000050/txnm08192026ex102.htm,True,
OPHC,2026-08-19 00:00:00,https://www.sec.gov/Archives/edgar/data/1288855/000149315226039232/0001493152-26-039232-index.htm,8-K,8-K,https://www.sec.gov/Archives/edgar/data/1288855/000149315226039232/form8-k.htm,True,
OPHC,2026-08-19 00:00:00,https://www.sec.gov/Archives/edgar/data/1288855/000149315226039232/0001493152-26-039232-index.htm,EX-10.1,EX-10.1,https://www.sec.gov/Archives/edgar/data/1288855/000149315226039232/ex10-1.htm,True,
OPHC,2026-08-19 00:00:00,https://www.sec.gov/Archives/edgar/data/1288855/000149315226039232/0001493152-26-039232-index.htm,EX-10.2,EX-10.2,https://www.sec.gov/Archives/edgar/data/1288855/000149315226039232/ex10-2.htm,False,
OPHC,2026-08-19 00:00:00,https://www.sec.gov/Archives/edgar/data/1288855/000149315226039232/0001493152-26-039232-index.htm,EX-99.1,EX-99.1,https://www.sec.gov/Archives/edgar/data/1288855/000149315226039232/ex99-1.htm,False,
NUCLW,2026-08-19 00:00:00,https://www.sec.gov/Archives/edgar/data/2089283/000110465926098801/0001104659-26-098801-index.htm,8-K,FORM 8-K,https://www.sec.gov/Archives/edgar/data/2089283/000110465926098801/tm2623624d1_8k.htm,False,
NUCL,2026-08-19 00:00:00,https://www.sec.gov/Archives/edgar/data/2089283/000110465926098801/0001104659-26-098801-index.htm,8-K,FORM 8-K,https://www.sec.gov/Archives/edgar/data/2089283/000110465926098801/tm2623624d1_8k.htm,False,
MSM,2026-08-19 00:00:00,https://www.sec.gov/Archives/edgar/data/1003078/000100307826000091/0001003078-26-000091-index.htm,8-K,8-K,https://www.sec.gov/Archives/edgar/data/1003078/000100307826000091/msm-20260813.htm,False,
RPDL,2026-08-19 00:00:00,https://www.sec.gov/Archives/edgar/data/1910975/000168316826006600/0001683168-26-006600-index.htm,8-K,FORM 8-K,https://www.sec.gov/Archives/edgar/data/1910975/000168316826006600/rapidline_8k.htm,False,
None,2026-08-19 00:00:00,https://www.sec.gov/Archives/edgar/data/2007691/000200769126000007/0002007691-26-000007-index.htm,8-K,8-K,https://www.sec.gov/Archives/edgar/data/2007691/000200769126000007/ioni-20260819.htm,False,
None,2026-08-19 00:00:00,https://www.sec.gov/Archives/edgar/data/2007691/000200769126000007/0002007691-26-000007-index.htm,EX-99.1,EX-99.1,https://www.sec.gov/Archives/edgar/data/2007691/000200769126000007/ionicdigitalq22026ex991.htm,False,
CREE,2026-08-19 00:00:00,https://www.sec.gov/Archives/edgar/data/895419/000089541926000049/0000895419-26-000049-index.htm,8-K,8-K,https://www.sec.gov/Archives/edgar/data/895419/000089541926000049/wolf-20260819.htm,False,
CREE,2026-08-19 00:00:00,https://www.sec.gov/Archives/edgar/data/895419/000089541926000049/0000895419-26-000049-index.htm,EX-99.1,EX-99.1,https://www.sec.gov/Archives/edgar/data/895419/000089541926000049/ex991q4-26.htm,False,
WOLF,2026-08-19 00:00:00,https://www.sec.gov/Archives/edgar/data/895419/000089541926000049/0000895419-26-000049-index.htm,8-K,8-K,https://www.sec.gov/Archives/edgar/data/895419/000089541926000049/wolf-20260819.htm,False,
WOLF,2026-08-19 00:00:00,https://www.sec.gov/Archives/edgar/data/895419/000089541926000049/0000895419-26-000049-index.htm,EX-99.1,EX-99.1,https://www.sec.gov/Archives/edgar/data/895419/000089541926000049/ex991q4-26.htm,False,
DUOT,2026-08-19 00:00:00,https://www.sec.gov/Archives/edgar/data/1396536/000107997326001150/0001079973-26-001150-index.htm,8-K,FORM 8-K,https://www.sec.gov/Archives/edgar/data/1396536/000107997326001150/duot_8k.htm,False,
DUOT,2026-08-19 00:00:00,https://www.sec.gov/Archives/edgar/data/1396536/000107997326001150/0001079973-26-001150-index.htm,EX-99.1,EXHIBIT 99.1,https://www.sec.gov/Archives/edgar/data/1396536/000107997326001150/ex99x1.htm,False,
None,2026-08-19 00:00:00,https://www.sec.gov/Archives/edgar/data/2069692/000206969226000060/0002069692-26-000060-index.htm,8-K,8-K,https://www.sec.gov/Archives/edgar/data/2069692/000206969226000060/osnl-20260727.htm,False,
FVR,2026-08-19 00:00:00,https://www.sec.gov/Archives/edgar/data/1988494/000119312526357004/0001193125-26-357004-index.htm,8-K,8-K,https://www.sec.gov/Archives/edgar/data/1988494/000119312526357004/fvr-20260819.htm,True,
AMRC,2026-08-19 00:00:00,https://www.sec.gov/Archives/edgar/data/1488139/000162828026057986/0001628280-26-057986-index.htm,8-K,8-K,https://www.sec.gov/Archives/edgar/data/1488139/000162828026057986/amrc-20260817.htm,False,
TNL,2026-08-19 00:00:00,https://www.sec.gov/Archives/edgar/data/1361658/000136165826000057/0001361658-26-000057-index.htm,8-K,8-K,https://www.sec.gov/Archives/edgar/data/1361658/000136165826000057/wyn-20260819.htm,False,
BCML,2026-08-19 00:00:00,https://www.sec.gov/Archives/edgar/data/1730984/000173098426000075/0001730984-26-000075-index.htm,8-K,8-K,https://www.sec.gov/Archives/edgar/data/1730984/000173098426000075/bcml-20260819x8k.htm,False,
BCML,2026-08-19 00:00:00,https://www.sec.gov/Archives/edgar/data/1730984/000173098426000075/0001730984-26-000075-index.htm,EX-99.1,EX-99.1,https://www.sec.gov/Archives/edgar/data/1730984/000173098426000075/bcml-20260819xex99d1.htm,False,
NDSN,2026-08-19 00:00:00,https://www.sec.gov/Archives/edgar/data/72331/000007233126000052/0000072331-26-000052-index.htm,8-K,8-K,https://www.sec.gov/Archives/edgar/data/72331/000007233126000052/ndsn-20260819.htm,False,
NDSN,2026-08-19 00:00:00,https://www.sec.gov/Archives/edgar/data/72331/000007233126000052/0000072331-26-000052-index.htm,EX-99.1,EX-99.1,https://www.sec.gov/Archives/edgar/data/72331/000007233126000052/ndsn-q320268kxex991.htm,False,
COTY,2026-08-19 00:00:00,https://www.sec.gov/Archives/edgar/data/1024305/000102430526000045/0001024305-26-000045-index.htm,8-K,8-K,https://www.sec.gov/Archives/edgar/data/1024305/000102430526000045/coty-20260819.htm,False,
COTY,2026-08-19 00:00:00,https://www.sec.gov/Archives/edgar/data/1024305/000102430526000045/0001024305-26-000045-index.htm,EX-99.1,EX-99.1,https://www.sec.gov/Archives/edgar/data/1024305/000102430526000045/exhibit991-earningsrelease.htm,True,
MVBF,2026-08-19 00:00:00,https://www.sec.gov/Archives/edgar/data/1277902/000127790226000087/0001277902-26-000087-index.htm,8-K,8-K,https://www.sec.gov/Archives/edgar/data/1277902/000127790226000087/mvbf-20260819.htm,False,
MVBF,2026-08-19 00:00:00,https://www.sec.gov/Archives/edgar/data/1277902/000127790226000087/0001277902-26-000087-index.htm,EX-99.1,EX-99.1,https://www.sec.gov/Archives/edgar/data/1277902/000127790226000087/q32026cashdividendpressrel.htm,False,
WHLRW,2026-08-19 00:00:00,https://www.sec.gov/Archives/edgar/data/1527541/000152754126000292/0001527541-26-000292-index.htm,8-K,8-K,https://www.sec.gov/Archives/edgar/data/1527541/000152754126000292/whlr-20260813.htm,False,
WHLRL,2026-08-19 00:00:00,https://www.sec.gov/Archives/edgar/data/1527541/000152754126000292/0001527541-26-000292-index.htm,8-K,8-K,https://www.sec.gov/Archives/edgar/data/1527541/000152754126000292/whlr-20260813.htm,False,
WHLRD,2026-08-19 00:00:00,https://www.sec.gov/Archives/edgar/data/1527541/000152754126000292/0001527541-26-000292-index.htm,8-K,8-K,https://www.sec.gov/Archives/edgar/data/1527541/000152754126000292/whlr-20260813.htm,False,
WHLR,2026-08-19 00:00:00,https://www.sec.gov/Archives/edgar/data/1527541/000152754126000292/0001527541-26-000292-index.htm,8-K,8-K,https://www.sec.gov/Archives/edgar/data/1527541/000152754126000292/whlr-20260813.htm,False,
WHLRP,2026-08-19 00:00:00,https://www.sec.gov/Archives/edgar/data/1527541/000152754126000292/0001527541-26-000292-index.htm,8-K,8-K,https://www.sec.gov/Archives/edgar/data/1527541/000152754126000292/whlr-20260813.htm,False,
LOOP,2026-08-19 00:00:00,https://www.sec.gov/Archives/edgar/data/1504678/000143774926028542/0001437749-26-028542-index.htm,8-K,FORM 8-K,https://www.sec.gov/Archives/edgar/data/1504678/000143774926028542/loop20260818_8k.htm,True,
NWL,2026-08-19 00:00:00,https://www.sec.gov/Archives/edgar/data/814453/000119312526356986/0001193125-26-356986-index.htm,8-K,8-K,https://www.sec.gov/Archives/edgar/data/814453/000119312526356986/d184060d8k.htm,True,
VWAV,2026-08-19 00:00:00,https://www.sec.gov/Archives/edgar/data/2038439/000173112226001101/0001731122-26-001101-index.htm,8-K,FORM 8-K,https://www.sec.gov/Archives/edgar/data/2038439/000173112226001101/e7869_8-k.htm,False,
VWAV,2026-08-19 00:00:00,https://www.sec.gov/Archives/edgar/data/2038439/000173112226001101/0001731122-26-001101-index.htm,EX-99.1,EXHIBIT 99.1,https://www.sec.gov/Archives/edgar/data/2038439/000173112226001101/e7869_ex99-1.htm,False,
VWAVW,2026-08-19 00:00:00,https://www.sec.gov/Archives/edgar/data/2038439/000173112226001101/0001731122-26-001101-index.htm,8-K,FORM 8-K,https://www.sec.gov/Archives/edgar/data/2038439/000173112226001101/e7869_8-k.htm,False,
VWAVW,2026-08-19 00:00:00,https://www.sec.gov/Archives/edgar/data/2038439/000173112226001101/0001731122-26-001101-index.htm,EX-99.1,EXHIBIT 99.1,https://www.sec.gov/Archives/edgar/data/2038439/000173112226001101/e7869_ex99-1.htm,False,
ADTX,2026-08-19 00:00:00,https://www.sec.gov/Archives/edgar/data/1726711/000121390026091703/0001213900-26-091703-index.htm,8-K,CURRENT REPORT,https://www.sec.gov/Archives/edgar/data/1726711/000121390026091703/ea0302612-8k_aditxt.htm,False,
NILE-PD,2026-08-19 00:00:00,https://www.sec.gov/Archives/edgar/data/896493/000121465926010619/0001214659-26-010619-index.htm,8-K,,https://www.sec.gov/Archives/edgar/data/896493/000121465926010619/hd8182618k.htm,False,
NILE-PD,2026-08-19 00:00:00,https://www.sec.gov/Archives/edgar/data/896493/000121465926010619/0001214659-26-010619-index.htm,EX-99.1,EXHIBIT 99.1,https://www.sec.gov/Archives/edgar/data/896493/000121465926010619/ex99_1.htm,False,
NILE,2026-08-19 00:00:00,https://www.sec.gov/Archives/edgar/data/896493/000121465926010619/0001214659-26-010619-index.htm,8-K,,https://www.sec.gov/Archives/edgar/data/896493/000121465926010619/hd8182618k.htm,False,
NILE,2026-08-19 00:00:00,https://www.sec.gov/Archives/edgar/data/896493/000121465926010619/0001214659-26-010619-index.htm,EX-99.1,EXHIBIT 99.1,https://www.sec.gov/Archives/edgar/data/896493/000121465926010619/ex99_1.htm,False,
GPUS-PD,2026-08-19 00:00:00,https://www.sec.gov/Archives/edgar/data/896493/000121465926010619/0001214659-26-010619-index.htm,8-K,,https://www.sec.gov/Archives/edgar/data/896493/000121465926010619/hd8182618k.htm,False,
GPUS-PD,2026-08-19 00:00:00,https://www.sec.gov/Archives/edgar/data/896493/000121465926010619/0001214659-26-010619-index.htm,EX-99.1,EXHIBIT 99.1,https://www.sec.gov/Archives/edgar/data/896493/000121465926010619/ex99_1.htm,False,
DPW,2026-08-19 00:00:00,https://www.sec.gov/Archives/edgar/data/896493/000121465926010619/0001214659-26-010619-index.htm,8-K,,https://www.sec.gov/Archives/edgar/data/896493/000121465926010619/hd8182618k.htm,False,
DPW,2026-08-19 00:00:00,https://www.sec.gov/Archives/edgar/data/896493/000121465926010619/0001214659-26-010619-index.htm,EX-99.1,EXHIBIT 99.1,https://www.sec.gov/Archives/edgar/data/896493/000121465926010619/ex99_1.htm,False,
AULT,2026-08-19 00:00:00,https://www.sec.gov/Archives/edgar/data/896493/000121465926010619/0001214659-26-010619-index.htm,8-K,,https://www.sec.gov/Archives/edgar/data/896493/000121465926010619/hd8182618k.htm,False,
AULT,2026-08-19 00:00:00,https://www.sec.gov/Archives/edgar/data/896493/000121465926010619/0001214659-26-010619-index.htm,EX-99.1,EXHIBIT 99.1,https://www.sec.gov/Archives/edgar/data/896493/000121465926010619/ex99_1.htm,False,
GPUS,2026-08-19 00:00:00,https://www.sec.gov/Archives/edgar/data/896493/000121465926010619/0001214659-26-010619-index.htm,8-K,,https://www.sec.gov/Archives/edgar/data/896493/000121465926010619/hd8182618k.htm,False,
GPUS,2026-08-19 00:00:00,https://www.sec.gov/Archives/edgar/data/896493/000121465926010619/0001214659-26-010619-index.htm,EX-99.1,EXHIBIT 99.1,https://www.sec.gov/Archives/edgar/data/896493/000121465926010619/ex99_1.htm,False,
XELB,2026-08-19 00:00:00,https://www.sec.gov/Archives/edgar/data/1083220/000110465926098791/0001104659-26-098791-index.htm,8-K,FORM 8-K,https://www.sec.gov/Archives/edgar/data/1083220/000110465926098791/tm2623598d1_8k.htm,True,
UFI,2026-08-19 00:00:00,https://www.sec.gov/Archives/edgar/data/100726/000010072626000010/0000100726-26-000010-index.htm,8-K,8-K,https://www.sec.gov/Archives/edgar/data/100726/000010072626000010/ufi-20260819.htm,False,
UFI,2026-08-19 00:00:00,https://www.sec.gov/Archives/edgar/data/100726/000010072626000010/0000100726-26-000010-index.htm,EX-99.1,EX-99.1,https://www.sec.gov/Archives/edgar/data/100726/000010072626000010/ufi-ex99_1.htm,False,
BOW,2026-08-19 00:00:00,https://www.sec.gov/Archives/edgar/data/2002473/000162828026057976/0001628280-26-057976-index.htm,8-K,8-K,https://www.sec.gov/Archives/edgar/data/2002473/000162828026057976/bow-20260817.htm,False,
CFFI,2026-08-19 00:00:00,https://www.sec.gov/Archives/edgar/data/913341/000091334126000045/0000913341-26-000045-index.htm,8-K,8-K,https://www.sec.gov/Archives/edgar/data/913341/000091334126000045/cffi-20260819x8k.htm,False,
CFFI,2026-08-19 00:00:00,https://www.sec.gov/Archives/edgar/data/913341/000091334126000045/0000913341-26-000045-index.htm,EX-99.1,EX-99.1,https://www.sec.gov/Archives/edgar/data/913341/000091334126000045/cffi-20260819xex99d1.htm,False,
None,2026-08-19 00:00:00,https://www.sec.gov/Archives/edgar/data/1918712/000162828026057966/0001628280-26-057966-index.htm,8-K,8-K,https://www.sec.gov/Archives/edgar/data/1918712/000162828026057966/asif-20260819.htm,False,
ATNF,2026-08-19 00:00:00,https://www.sec.gov/Archives/edgar/data/1690080/000121390026091693/0001213900-26-091693-index.htm,8-K,CURRENT REPORT,https://www.sec.gov/Archives/edgar/data/1690080/000121390026091693/ea0302772-8k_forum.htm,False,
ETHZ,2026-08-19 00:00:00,https://www.sec.gov/Archives/edgar/data/1690080/000121390026091693/0001213900-26-091693-index.htm,8-K,CURRENT REPORT,https://www.sec.gov/Archives/edgar/data/1690080/000121390026091693/ea0302772-8k_forum.htm,False,
ATNFW,2026-08-19 00:00:00,https://www.sec.gov/Archives/edgar/data/1690080/000121390026091693/0001213900-26-091693-index.htm,8-K,CURRENT REPORT,https://www.sec.gov/Archives/edgar/data/1690080/000121390026091693/ea0302772-8k_forum.htm,False,
BIRD,2026-08-19 00:00:00,https://www.sec.gov/Archives/edgar/data/1653909/000143774926028541/0001437749-26-028541-index.htm,8-K,FORM 8-K,https://www.sec.gov/Archives/edgar/data/1653909/000143774926028541/bird20260819_8k.htm,False,
BIRD,2026-08-19 00:00:00,https://www.sec.gov/Archives/edgar/data/1653909/000143774926028541/0001437749-26-028541-index.htm,EX-99.1,EXHIBIT 99.1 SMARTBIRD LETTER,https://www.sec.gov/Archives/edgar/data/1653909/000143774926028541/ex_1007005.htm,False,
GFF,2026-08-19 00:00:00,https://www.sec.gov/Archives/edgar/data/50725/000093041326002595/0000930413-26-002595-index.htm,8-K,,https://www.sec.gov/Archives/edgar/data/50725/000093041326002595/c117477_8k-ixbrl.htm,True,
GFF,2026-08-19 00:00:00,https://www.sec.gov/Archives/edgar/data/50725/000093041326002595/0000930413-26-002595-index.htm,EX-99.1,,https://www.sec.gov/Archives/edgar/data/50725/000093041326002595/c117477_ex99-1.htm,True,
GRNT-WT,2026-08-19 00:00:00,https://www.sec.gov/Archives/edgar/data/1928446/000192844626000059/0001928446-26-000059-index.htm,8-K,8-K,https://www.sec.gov/Archives/edgar/data/1928446/000192844626000059/grnt-20260819.htm,False,
GRNT-WT,2026-08-19 00:00:00,https://www.sec.gov/Archives/edgar/data/1928446/000192844626000059/0001928446-26-000059-index.htm,EX-99.1,EX-99.1,https://www.sec.gov/Archives/edgar/data/1928446/000192844626000059/grnt-20260819xexx991.htm,False,
GRNT,2026-08-19 00:00:00,https://www.sec.gov/Archives/edgar/data/1928446/000192844626000059/0001928446-26-000059-index.htm,8-K,8-K,https://www.sec.gov/Archives/edgar/data/1928446/000192844626000059/grnt-20260819.htm,False,
GRNT,2026-08-19 00:00:00,https://www.sec.gov/Archives/edgar/data/1928446/000192844626000059/0001928446-26-000059-index.htm,EX-99.1,EX-99.1,https://www.sec.gov/Archives/edgar/data/1928446/000192844626000059/grnt-20260819xexx991.htm,False,
WRLD,2026-08-19 00:00:00,https://www.sec.gov/Archives/edgar/data/108385/000010838526000039/0000108385-26-000039-index.htm,8-K,8-K,https://www.sec.gov/Archives/edgar/data/108385/000010838526000039/wrld-20260819.htm,False,
RJF-PA,2026-08-19 00:00:00,https://www.sec.gov/Archives/edgar/data/720005/000072000526000073/0000720005-26-000073-index.htm,8-K,8-K,https://www.sec.gov/Archives/edgar/data/720005/000072000526000073/rjf-20260819.htm,False,
RJF-PA,2026-08-19 00:00:00,https://www.sec.gov/Archives/edgar/data/720005/000072000526000073/0000720005-26-000073-index.htm,EX-99.1,"EX-99.1 PRESS RELEASE DATED AUGUST 19, 2026",https://www.sec.gov/Archives/edgar/data/720005/000072000526000073/exhibit991rjf2026julyopdat.htm,False,
RJF,2026-08-19 00:00:00,https://www.sec.gov/Archives/edgar/data/720005/000072000526000073/0000720005-26-000073-index.htm,8-K,8-K,https://www.sec.gov/Archives/edgar/data/720005/000072000526000073/rjf-20260819.htm,False,
RJF,2026-08-19 00:00:00,https://www.sec.gov/Archives/edgar/data/720005/000072000526000073/0000720005-26-000073-index.htm,EX-99.1,"EX-99.1 PRESS RELEASE DATED AUGUST 19, 2026",https://www.sec.gov/Archives/edgar/data/720005/000072000526000073/exhibit991rjf2026julyopdat.htm,False,
RJF-PB,2026-08-19 00:00:00,https://www.sec.gov/Archives/edgar/data/720005/000072000526000073/0000720005-26-000073-index.htm,8-K,8-K,https://www.sec.gov/Archives/edgar/data/720005/000072000526000073/rjf-20260819.htm,False,
RJF-PB,2026-08-19 00:00:00,https://www.sec.gov/Archives/edgar/data/720005/000072000526000073/0000720005-26-000073-index.htm,EX-99.1,"EX-99.1 PRESS RELEASE DATED AUGUST 19, 2026",https://www.sec.gov/Archives/edgar/data/720005/000072000526000073/exhibit991rjf2026julyopdat.htm,False,
NLY-PG,2026-08-19 00:00:00,https://www.sec.gov/Archives/edgar/data/1043219/000104321926000061/0001043219-26-000061-index.htm,8-K,8-K,https://www.sec.gov/Archives/edgar/data/1043219/000104321926000061/nly-20260819.htm,False,
NLY-PG,2026-08-19 00:00:00,https://www.sec.gov/Archives/edgar/data/1043219/000104321926000061/0001043219-26-000061-index.htm,EX-99.1,EX-99.1,https://www.sec.gov/Archives/edgar/data/1043219/000104321926000061/a8k260819ex991.htm,False,
NLY-PI,2026-08-19 00:00:00,https://www.sec.gov/Archives/edgar/data/1043219/000104321926000061/0001043219-26-000061-index.htm,8-K,8-K,https://www.sec.gov/Archives/edgar/data/1043219/000104321926000061/nly-20260819.htm,False,
NLY-PI,2026-08-19 00:00:00,https://www.sec.gov/Archives/edgar/data/1043219/000104321926000061/0001043219-26-000061-index.htm,EX-99.1,EX-99.1,https://www.sec.gov/Archives/edgar/data/1043219/000104321926000061/a8k260819ex991.htm,False,
NLY-PF,2026-08-19 00:00:00,https://www.sec.gov/Archives/edgar/data/1043219/000104321926000061/0001043219-26-000061-index.htm,8-K,8-K,https://www.sec.gov/Archives/edgar/data/1043219/000104321926000061/nly-20260819.htm,False,
NLY-PF,2026-08-19 00:00:00,https://www.sec.gov/Archives/edgar/data/1043219/000104321926000061/0001043219-26-000061-index.htm,EX-99.1,EX-99.1,https://www.sec.gov/Archives/edgar/data/1043219/000104321926000061/a8k260819ex991.htm,False,
NLY,2026-08-19 00:00:00,https://www.sec.gov/Archives/edgar/data/1043219/000104321926000061/0001043219-26-000061-index.htm,8-K,8-K,https://www.sec.gov/Archives/edgar/data/1043219/000104321926000061/nly-20260819.htm,False,
NLY,2026-08-19 00:00:00,https://www.sec.gov/Archives/edgar/data/1043219/000104321926000061/0001043219-26-000061-index.htm,EX-99.1,EX-99.1,https://www.sec.gov/Archives/edgar/data/1043219/000104321926000061/a8k260819ex991.htm,False,
HRTH,2026-08-19 00:00:00,https://www.sec.gov/Archives/edgar/data/45919/000004591926000009/0000045919-26-000009-index.htm,8-K,8-K,https://www.sec.gov/Archives/edgar/data/45919/000004591926000009/hhs-20260814.htm,True,
HRTH,2026-08-19 00:00:00,https://www.sec.gov/Archives/edgar/data/45919/000004591926000009/0000045919-26-000009-index.htm,EX-10.1,EX-10.1,https://www.sec.gov/Archives/edgar/data/45919/000004591926000009/ex101formofvotingandsuppor.htm,False,
HRTH,2026-08-19 00:00:00,https://www.sec.gov/Archives/edgar/data/45919/000004591926000009/0000045919-26-000009-index.htm,EX-99.1,EX-99.1,https://www.sec.gov/Archives/edgar/data/45919/000004591926000009/ex99120260814prtransaction.htm,False,
HHS,2026-08-19 00:00:00,https://www.sec.gov/Archives/edgar/data/45919/000004591926000009/0000045919-26-000009-index.htm,8-K,8-K,https://www.sec.gov/Archives/edgar/data/45919/000004591926000009/hhs-20260814.htm,True,
HHS,2026-08-19 00:00:00,https://www.sec.gov/Archives/edgar/data/45919/000004591926000009/0000045919-26-000009-index.htm,EX-10.1,EX-10.1,https://www.sec.gov/Archives/edgar/data/45919/000004591926000009/ex101formofvotingandsuppor.htm,False,
HHS,2026-08-19 00:00:00,https://www.sec.gov/Archives/edgar/data/45919/000004591926000009/0000045919-26-000009-index.htm,EX-99.1,EX-99.1,https://www.sec.gov/Archives/edgar/data/45919/000004591926000009/ex99120260814prtransaction.htm,False,
AMD,2026-08-19 00:00:00,https://www.sec.gov/Archives/edgar/data/2488/000000248826000163/0000002488-26-000163-index.htm,8-K,8-K,https://www.sec.gov/Archives/edgar/data/2488/000000248826000163/amd-20260817.htm,False,
AMD,2026-08-19 00:00:00,https://www.sec.gov/Archives/edgar/data/2488/000000248826000163/0000002488-26-000163-index.htm,EX-99.1,EX-99.1,https://www.sec.gov/Archives/edgar/data/2488/000000248826000163/pressrelease_bodxtr8x19x26.htm,False,
BG,2026-08-19 00:00:00,https://www.sec.gov/Archives/edgar/data/1996862/000110465926098782/0001104659-26-098782-index.htm,8-K,FORM 8-K,https://www.sec.gov/Archives/edgar/data/1996862/000110465926098782/tm2623458d1_8k.htm,False,
BG,2026-08-19 00:00:00,https://www.sec.gov/Archives/edgar/data/1996862/000110465926098782/0001104659-26-098782-index.htm,EX-99.1,EXHIBIT 99.1,https://www.sec.gov/Archives/edgar/data/1996862/000110465926098782/tm2623458d1_ex99-1.htm,False,
None,2026-08-19 00:00:00,https://www.sec.gov/Archives/edgar/data/2139246/000118518526003629/0001185185-26-003629-index.htm,8-K,FORM 8-K,https://www.sec.gov/Archives/edgar/data/2139246/000118518526003629/vac28k081926.htm,True,
None,2026-08-19 00:00:00,https://www.sec.gov/Archives/edgar/data/2139246/000118518526003629/0001185185-26-003629-index.htm,EX-10.1,EXHIBIT 10.1,https://www.sec.gov/Archives/edgar/data/2139246/000118518526003629/vac2ex10-1.htm,False,
AUUDW,2026-08-19 00:00:00,https://www.sec.gov/Archives/edgar/data/1554818/000168316826006594/0001683168-26-006594-index.htm,8-K,CURRENT REPORT,https://www.sec.gov/Archives/edgar/data/1554818/000168316826006594/auddia_8k.htm,False,
AUUDW,2026-08-19 00:00:00,https://www.sec.gov/Archives/edgar/data/1554818/000168316826006594/0001683168-26-006594-index.htm,EX-99.1,"UNAUDITED COMBINED FINANCIAL STATEMENTS OF THRAMANN HOLDINGS, LLC",https://www.sec.gov/Archives/edgar/data/1554818/000168316826006594/auddia_ex9901.htm,False,
AUUD,2026-08-19 00:00:00,https://www.sec.gov/Archives/edgar/data/1554818/000168316826006594/0001683168-26-006594-index.htm,8-K,CURRENT REPORT,https://www.sec.gov/Archives/edgar/data/1554818/000168316826006594/auddia_8k.htm,False,
AUUD,2026-08-19 00:00:00,https://www.sec.gov/Archives/edgar/data/1554818/000168316826006594/0001683168-26-006594-index.htm,EX-99.1,"UNAUDITED COMBINED FINANCIAL STATEMENTS OF THRAMANN HOLDINGS, LLC",https://www.sec.gov/Archives/edgar/data/1554818/000168316826006594/auddia_ex9901.htm,False,
JAGX,2026-08-19 00:00:00,https://www.sec.gov/Archives/edgar/data/1585608/000119312526356915/0001193125-26-356915-index.htm,8-K,8-K,https://www.sec.gov/Archives/edgar/data/1585608/000119312526356915/d380271d8k.htm,False,
JAGX,2026-08-19 00:00:00,https://www.sec.gov/Archives/edgar/data/1585608/000119312526356915/0001193125-26-356915-index.htm,EX-99.1,EX-99.1,https://www.sec.gov/Archives/edgar/data/1585608/000119312526356915/d380271dex991.htm,False,
LGVN,2026-08-19 00:00:00,https://www.sec.gov/Archives/edgar/data/1721484/000121390026091677/0001213900-26-091677-index.htm,8-K,CURRENT REPORT,https://www.sec.gov/Archives/edgar/data/1721484/000121390026091677/ea0302723-8k_longeveron.htm,False,
LGVN,2026-08-19 00:00:00,https://www.sec.gov/Archives/edgar/data/1721484/000121390026091677/0001213900-26-091677-index.htm,EX-10.1,"LETTER AGREEMENT, DATED AUGUST 17, 2026",https://www.sec.gov/Archives/edgar/data/1721484/000121390026091677/ea030272301ex10-1.htm,False,
LGVN,2026-08-19 00:00:00,https://www.sec.gov/Archives/edgar/data/1721484/000121390026091677/0001213900-26-091677-index.htm,EX-99.1,PRESS RELEASE,https://www.sec.gov/Archives/edgar/data/1721484/000121390026091677/ea030272301ex99-1.htm,False,
JBSS,2026-08-19 00:00:00,https://www.sec.gov/Archives/edgar/data/880117/000119312526356911/0001193125-26-356911-index.htm,8-K,8-K,https://www.sec.gov/Archives/edgar/data/880117/000119312526356911/jbss-20260819.htm,False,
JBSS,2026-08-19 00:00:00,https://www.sec.gov/Archives/edgar/data/880117/000119312526356911/0001193125-26-356911-index.htm,EX-99.1,EX-99.1,https://www.sec.gov/Archives/edgar/data/880117/000119312526356911/jbss-ex99_1.htm,True,
SWMR,2026-08-19 00:00:00,https://www.sec.gov/Archives/edgar/data/2092574/000119312526356907/0001193125-26-356907-index.htm,8-K,8-K,https://www.sec.gov/Archives/edgar/data/2092574/000119312526356907/swmr-20260819.htm,False,
PFIS,2026-08-19 00:00:00,https://www.sec.gov/Archives/edgar/data/1056943/000110465926098776/0001104659-26-098776-index.htm,8-K,FORM 8-K,https://www.sec.gov/Archives/edgar/data/1056943/000110465926098776/tm2623529d1_8k.htm,False,
PFIS,2026-08-19 00:00:00,https://www.sec.gov/Archives/edgar/data/1056943/000110465926098776/0001104659-26-098776-index.htm,EX-99.1,EXHIBIT 99.1,https://www.sec.gov/Archives/edgar/data/1056943/000110465926098776/tm2623529d1_ex99-1.htm,False,
AMRC,2026-08-19 00:00:00,https://www.sec.gov/Archives/edgar/data/1488139/000162828026057952/0001628280-26-057952-index.htm,8-K,8-K,https://www.sec.gov/Archives/edgar/data/1488139/000162828026057952/amrc-20260817.htm,False,
AMRC,2026-08-19 00:00:00,https://www.sec.gov/Archives/edgar/data/1488139/000162828026057952/0001628280-26-057952-index.htm,EX-99.1,EX-99.1,https://www.sec.gov/Archives/edgar/data/1488139/000162828026057952/exhibit_991august192026pre.htm,False,
AUPH,2026-08-19 00:00:00,https://www.sec.gov/Archives/edgar/data/1600620/000160062026000066/0001600620-26-000066-index.htm,8-K,8-K,https://www.sec.gov/Archives/edgar/data/1600620/000160062026000066/auph-20260819.htm,False,
AUPH,2026-08-19 00:00:00,https://www.sec.gov/Archives/edgar/data/1600620/000160062026000066/0001600620-26-000066-index.htm,EX-99.1,EX-99.1,https://www.sec.gov/Archives/edgar/data/1600620/000160062026000066/exhibit991pressreleasedate.htm,False,
None,2026-08-19 00:00:00,https://www.sec.gov/Archives/edgar/data/2134856/000182912626009070/0001829126-26-009070-index.htm,8-K,8-K,https://www.sec.gov/Archives/edgar/data/2134856/000182912626009070/karmanlineacq_8k.htm,True,
None,2026-08-19 00:00:00,https://www.sec.gov/Archives/edgar/data/2134856/000182912626009070/0001829126-26-009070-index.htm,EX-10.1,EXHIBIT 10.1,https://www.sec.gov/Archives/edgar/data/2134856/000182912626009070/karmanlineacq_ex10-1.htm,False,
None,2026-08-19 00:00:00,https://www.sec.gov/Archives/edgar/data/2134856/000182912626009070/0001829126-26-009070-index.htm,EX-10.2,EXHIBIT 10.2,https://www.sec.gov/Archives/edgar/data/2134856/000182912626009070/karmanlineacq_ex10-2.htm,False,
None,2026-08-19 00:00:00,https://www.sec.gov/Archives/edgar/data/2134856/000182912626009070/0001829126-26-009070-index.htm,EX-99.1,EXHIBIT 99.1,https://www.sec.gov/Archives/edgar/data/2134856/000182912626009070/karmanlineacq_ex99-1.htm,False,
GAME,2026-08-19 00:00:00,https://www.sec.gov/Archives/edgar/data/1714562/000149315226039213/0001493152-26-039213-index.htm,8-K,8-K,https://www.sec.gov/Archives/edgar/data/1714562/000149315226039213/form8-k.htm,False,
None,2026-08-19 00:00:00,https://www.sec.gov/Archives/edgar/data/1837532/000119312526356904/0001193125-26-356904-index.htm,8-K,8-K,https://www.sec.gov/Archives/edgar/data/1837532/000119312526356904/d24703d8k.htm,True,
WFCNP,2026-08-19 00:00:00,https://www.sec.gov/Archives/edgar/data/72971/000119312526356890/0001193125-26-356890-index.htm,8-K,8-K,https://www.sec.gov/Archives/edgar/data/72971/000119312526356890/d144651d8k.htm,False,
WFC-PA,2026-08-19 00:00:00,https://www.sec.gov/Archives/edgar/data/72971/000119312526356890/0001193125-26-356890-index.htm,8-K,8-K,https://www.sec.gov/Archives/edgar/data/72971/000119312526356890/d144651d8k.htm,False,
WFC-PY,2026-08-19 00:00:00,https://www.sec.gov/Archives/edgar/data/72971/000119312526356890/0001193125-26-356890-index.htm,8-K,8-K,https://www.sec.gov/Archives/edgar/data/72971/000119312526356890/d144651d8k.htm,False,
WFC,2026-08-19 00:00:00,https://www.sec.gov/Archives/edgar/data/72971/000119312526356890/0001193125-26-356890-index.htm,8-K,8-K,https://www.sec.gov/Archives/edgar/data/72971/000119312526356890/d144651d8k.htm,False,
WFC-PC,2026-08-19 00:00:00,https://www.sec.gov/Archives/edgar/data/72971/000119312526356890/0001193125-26-356890-index.htm,8-K,8-K,https://www.sec.gov/Archives/edgar/data/72971/000119312526356890/d144651d8k.htm,False,
WFC-PZ,2026-08-19 00:00:00,https://www.sec.gov/Archives/edgar/data/72971/000119312526356890/0001193125-26-356890-index.htm,8-K,8-K,https://www.sec.gov/Archives/edgar/data/72971/000119312526356890/d144651d8k.htm,False,
WFC-PD,2026-08-19 00:00:00,https://www.sec.gov/Archives/edgar/data/72971/000119312526356890/0001193125-26-356890-index.htm,8-K,8-K,https://www.sec.gov/Archives/edgar/data/72971/000119312526356890/d144651d8k.htm,False,
WFC-PQ,2026-08-19 00:00:00,https://www.sec.gov/Archives/edgar/data/72971/000119312526356890/0001193125-26-356890-index.htm,8-K,8-K,https://www.sec.gov/Archives/edgar/data/72971/000119312526356890/d144651d8k.htm,False,
WFC-PL,2026-08-19 00:00:00,https://www.sec.gov/Archives/edgar/data/72971/000119312526356890/0001193125-26-356890-index.htm,8-K,8-K,https://www.sec.gov/Archives/edgar/data/72971/000119312526356890/d144651d8k.htm,False,
WFC-PR,2026-08-19 00:00:00,https://www.sec.gov/Archives/edgar/data/72971/000119312526356890/0001193125-26-356890-index.htm,8-K,8-K,https://www.sec.gov/Archives/edgar/data/72971/000119312526356890/d144651d8k.htm,False,
BBGI,2026-08-19 00:00:00,https://www.sec.gov/Archives/edgar/data/1099160/000119312526356889/0001193125-26-356889-index.htm,8-K,8-K,https://www.sec.gov/Archives/edgar/data/1099160/000119312526356889/d79329d8k.htm,False,
BBGI,2026-08-19 00:00:00,https://www.sec.gov/Archives/edgar/data/1099160/000119312526356889/0001193125-26-356889-index.htm,EX-99.1,EX-99.1,https://www.sec.gov/Archives/edgar/data/1099160/000119312526356889/d79329dex991.htm,True,
NXT,2026-08-19 00:00:00,https://www.sec.gov/Archives/edgar/data/1852131/000185213126000052/0001852131-26-000052-index.htm,8-K,8-K,https://www.sec.gov/Archives/edgar/data/1852131/000185213126000052/nxt-20260818.htm,False,
SVAQU,2026-08-19 00:00:00,https://www.sec.gov/Archives/edgar/data/2085659/000121390026091663/0001213900-26-091663-index.htm,8-K,CURRENT REPORT,https://www.sec.gov/Archives/edgar/data/2085659/000121390026091663/ea0302722-8k425_silicon.htm,False,
SVAQU,2026-08-19 00:00:00,https://www.sec.gov/Archives/edgar/data/2085659/000121390026091663/0001213900-26-091663-index.htm,EX-99.1,"PRESS RELEASE, DATED AUGUST 19, 2026",https://www.sec.gov/Archives/edgar/data/2085659/000121390026091663/ea030272201ex99-1.htm,False,
SVAQW,2026-08-19 00:00:00,https://www.sec.gov/Archives/edgar/data/2085659/000121390026091663/0001213900-26-091663-index.htm,8-K,CURRENT REPORT,https://www.sec.gov/Archives/edgar/data/2085659/000121390026091663/ea0302722-8k425_silicon.htm,False,
SVAQW,2026-08-19 00:00:00,https://www.sec.gov/Archives/edgar/data/2085659/000121390026091663/0001213900-26-091663-index.htm,EX-99.1,"PRESS RELEASE, DATED AUGUST 19, 2026",https://www.sec.gov/Archives/edgar/data/2085659/000121390026091663/ea030272201ex99-1.htm,False,
SVAQ,2026-08-19 00:00:00,https://www.sec.gov/Archives/edgar/data/2085659/000121390026091663/0001213900-26-091663-index.htm,8-K,CURRENT REPORT,https://www.sec.gov/Archives/edgar/data/2085659/000121390026091663/ea0302722-8k425_silicon.htm,False,
SVAQ,2026-08-19 00:00:00,https://www.sec.gov/Archives/edgar/data/2085659/000121390026091663/0001213900-26-091663-index.htm,EX-99.1,"PRESS RELEASE, DATED AUGUST 19, 2026",https://www.sec.gov/Archives/edgar/data/2085659/000121390026091663/ea030272201ex99-1.htm,False,
IPOBU,2026-08-19 00:00:00,https://www.sec.gov/Archives/edgar/data/1801169/000114036126033739/0001140361-26-033739-index.htm,8-K,8-K,https://www.sec.gov/Archives/edgar/data/1801169/000114036126033739/ef20080596_8k.htm,True,
IPOCU,2026-08-19 00:00:00,https://www.sec.gov/Archives/edgar/data/1801169/000114036126033739/0001140361-26-033739-index.htm,8-K,8-K,https://www.sec.gov/Archives/edgar/data/1801169/000114036126033739/ef20080596_8k.htm,True,
OPEN,2026-08-19 00:00:00,https://www.sec.gov/Archives/edgar/data/1801169/000114036126033739/0001140361-26-033739-index.htm,8-K,8-K,https://www.sec.gov/Archives/edgar/data/1801169/000114036126033739/ef20080596_8k.htm,True,
None,2026-08-19 00:00:00,https://www.sec.gov/Archives/edgar/data/1903784/000118518526003628/0001185185-26-003628-index.htm,8-K,FORM 8-K,https://www.sec.gov/Archives/edgar/data/1903784/000118518526003628/vogenx8k081826.htm,False,
ZONE,2026-08-19 00:00:00,https://www.sec.gov/Archives/edgar/data/1956741/000121390026091659/0001213900-26-091659-index.htm,8-K,CURRENT REPORT,https://www.sec.gov/Archives/edgar/data/1956741/000121390026091659/ea0302565-8k_clean.htm,False,
ZONE,2026-08-19 00:00:00,https://www.sec.gov/Archives/edgar/data/1956741/000121390026091659/0001213900-26-091659-index.htm,EX-99.1,"PRESS RELEASE, DATED AUGUST 14, 2026",https://www.sec.gov/Archives/edgar/data/1956741/000121390026091659/ea030256501ex99-1.htm,False,
FREQ,2026-08-19 00:00:00,https://www.sec.gov/Archives/edgar/data/1703647/000119312526356877/0001193125-26-356877-index.htm,8-K,8-K,https://www.sec.gov/Archives/edgar/data/1703647/000119312526356877/krro-20260819.htm,False,
KRRO,2026-08-19 00:00:00,https://www.sec.gov/Archives/edgar/data/1703647/000119312526356877/0001193125-26-356877-index.htm,8-K,8-K,https://www.sec.gov/Archives/edgar/data/1703647/000119312526356877/krro-20260819.htm,False,
None,2026-08-19 00:00:00,https://www.sec.gov/Archives/edgar/data/1803498/000121390026091660/0001213900-26-091660-index.htm,8-K,8-K,https://www.sec.gov/Archives/edgar/data/1803498/000121390026091660/ea0302660-01_8k.htm,False,
ARAY,2026-08-19 00:00:00,https://www.sec.gov/Archives/edgar/data/1138723/000143774926028532/0001437749-26-028532-index.htm,8-K,FORM 8-K,https://www.sec.gov/Archives/edgar/data/1138723/000143774926028532/aray20260508_8k.htm,False,
ARAY,2026-08-19 00:00:00,https://www.sec.gov/Archives/edgar/data/1138723/000143774926028532/0001437749-26-028532-index.htm,EX-99.1,EXHIBIT 99.1,https://www.sec.gov/Archives/edgar/data/1138723/000143774926028532/ex_959548.htm,False,
CRNX,2026-08-19 00:00:00,https://www.sec.gov/Archives/edgar/data/1658247/000114036126033738/0001140361-26-033738-index.htm,8-K,8-K,https://www.sec.gov/Archives/edgar/data/1658247/000114036126033738/ef20080494_8k.htm,True,
SAIC,2026-08-19 00:00:00,https://www.sec.gov/Archives/edgar/data/1571123/000157112326000123/0001571123-26-000123-index.htm,8-K,8-K,https://www.sec.gov/Archives/edgar/data/1571123/000157112326000123/saic-20260814.htm,True,
SAIC,2026-08-19 00:00:00,https://www.sec.gov/Archives/edgar/data/1571123/000157112326000123/0001571123-26-000123-index.htm,EX-10.1,EX-10.1,https://www.sec.gov/Archives/edgar/data/1571123/000157112326000123/saic8k08142026exhibit101.htm,True,
SOAC,2026-08-19 00:00:00,https://www.sec.gov/Archives/edgar/data/1798562/000110465926098771/0001104659-26-098771-index.htm,8-K,FORM 8-K,https://www.sec.gov/Archives/edgar/data/1798562/000110465926098771/tm2623371d1_8k.htm,False,
SOAC,2026-08-19 00:00:00,https://www.sec.gov/Archives/edgar/data/1798562/000110465926098771/0001104659-26-098771-index.htm,EX-99.1,EXHIBIT 99.1,https://www.sec.gov/Archives/edgar/data/1798562/000110465926098771/tm2623094d2_ex99-1.htm,False,
TMC,2026-08-19 00:00:00,https://www.sec.gov/Archives/edgar/data/1798562/000110465926098771/0001104659-26-098771-index.htm,8-K,FORM 8-K,https://www.sec.gov/Archives/edgar/data/1798562/000110465926098771/tm2623371d1_8k.htm,False,
TMC,2026-08-19 00:00:00,https://www.sec.gov/Archives/edgar/data/1798562/000110465926098771/0001104659-26-098771-index.htm,EX-99.1,EXHIBIT 99.1,https://www.sec.gov/Archives/edgar/data/1798562/000110465926098771/tm2623094d2_ex99-1.htm,False,
TMCWW,2026-08-19 00:00:00,https://www.sec.gov/Archives/edgar/data/1798562/000110465926098771/0001104659-26-098771-index.htm,8-K,FORM 8-K,https://www.sec.gov/Archives/edgar/data/1798562/000110465926098771/tm2623371d1_8k.htm,False,
TMCWW,2026-08-19 00:00:00,https://www.sec.gov/Archives/edgar/data/1798562/000110465926098771/0001104659-26-098771-index.htm,EX-99.1,EXHIBIT 99.1,https://www.sec.gov/Archives/edgar/data/1798562/000110465926098771/tm2623094d2_ex99-1.htm,False,
SOAC-UN,2026-08-19 00:00:00,https://www.sec.gov/Archives/edgar/data/1798562/000110465926098771/0001104659-26-098771-index.htm,8-K,FORM 8-K,https://www.sec.gov/Archives/edgar/data/1798562/000110465926098771/tm2623371d1_8k.htm,False,
SOAC-UN,2026-08-19 00:00:00,https://www.sec.gov/Archives/edgar/data/1798562/000110465926098771/0001104659-26-098771-index.htm,EX-99.1,EXHIBIT 99.1,https://www.sec.gov/Archives/edgar/data/1798562/000110465926098771/tm2623094d2_ex99-1.htm,False,
BILL,2026-08-19 00:00:00,https://www.sec.gov/Archives/edgar/data/1786352/000162828026057932/0001628280-26-057932-index.htm,8-K,8-K,https://www.sec.gov/Archives/edgar/data/1786352/000162828026057932/bill-20260819.htm,False,
BILL,2026-08-19 00:00:00,https://www.sec.gov/Archives/edgar/data/1786352/000162828026057932/0001628280-26-057932-index.htm,EX-99.1,EX-99.1,https://www.sec.gov/Archives/edgar/data/1786352/000162828026057932/bill-20260630xexx991.htm,False,
SBIGW,2026-08-19 00:00:00,https://www.sec.gov/Archives/edgar/data/1801602/000121390026091652/0001213900-26-091652-index.htm,8-K,CURRENT REPORT,https://www.sec.gov/Archives/edgar/data/1801602/000121390026091652/ea0302750-8k_spring.htm,False,
SBIG,2026-08-19 00:00:00,https://www.sec.gov/Archives/edgar/data/1801602/000121390026091652/0001213900-26-091652-index.htm,8-K,CURRENT REPORT,https://www.sec.gov/Archives/edgar/data/1801602/000121390026091652/ea0302750-8k_spring.htm,False,
TCACW,2026-08-19 00:00:00,https://www.sec.gov/Archives/edgar/data/1801602/000121390026091652/0001213900-26-091652-index.htm,8-K,CURRENT REPORT,https://www.sec.gov/Archives/edgar/data/1801602/000121390026091652/ea0302750-8k_spring.htm,False,
TCACU,2026-08-19 00:00:00,https://www.sec.gov/Archives/edgar/data/1801602/000121390026091652/0001213900-26-091652-index.htm,8-K,CURRENT REPORT,https://www.sec.gov/Archives/edgar/data/1801602/000121390026091652/ea0302750-8k_spring.htm,False,
TCAC,2026-08-19 00:00:00,https://www.sec.gov/Archives/edgar/data/1801602/000121390026091652/0001213900-26-091652-index.htm,8-K,CURRENT REPORT,https://www.sec.gov/Archives/edgar/data/1801602/000121390026091652/ea0302750-8k_spring.htm,False,
CCIF,2026-08-19 00:00:00,https://www.sec.gov/Archives/edgar/data/1517767/000162828026057928/0001628280-26-057928-index.htm,8-K,8-K,https://www.sec.gov/Archives/edgar/data/1517767/000162828026057928/ccif-20260819.htm,False,
CCIF,2026-08-19 00:00:00,https://www.sec.gov/Archives/edgar/data/1517767/000162828026057928/0001628280-26-057928-index.htm,EX-99.1,EX-99.1,https://www.sec.gov/Archives/edgar/data/1517767/000162828026057928/ccif_3q26xxex991earningspr.htm,False,
VCIF,2026-08-19 00:00:00,https://www.sec.gov/Archives/edgar/data/1517767/000162828026057928/0001628280-26-057928-index.htm,8-K,8-K,https://www.sec.gov/Archives/edgar/data/1517767/000162828026057928/ccif-20260819.htm,False,
VCIF,2026-08-19 00:00:00,https://www.sec.gov/Archives/edgar/data/1517767/000162828026057928/0001628280-26-057928-index.htm,EX-99.1,EX-99.1,https://www.sec.gov/Archives/edgar/data/1517767/000162828026057928/ccif_3q26xxex991earningspr.htm,False,
OHAC,2026-08-19 00:00:00,https://www.sec.gov/Archives/edgar/data/2090787/000121390026091647/0001213900-26-091647-index.htm,8-K,CURRENT REPORT,https://www.sec.gov/Archives/edgar/data/2090787/000121390026091647/ea0302743-8k_oceanhawk.htm,False,
OHAC,2026-08-19 00:00:00,https://www.sec.gov/Archives/edgar/data/2090787/000121390026091647/0001213900-26-091647-index.htm,EX-99.1,NOMINATING AND CORPORATE GOVERNANCE COMMITTEE CHARTER,https://www.sec.gov/Archives/edgar/data/2090787/000121390026091647/ea030274301ex99-1.htm,False,
OHACU,2026-08-19 00:00:00,https://www.sec.gov/Archives/edgar/data/2090787/000121390026091647/0001213900-26-091647-index.htm,8-K,CURRENT REPORT,https://www.sec.gov/Archives/edgar/data/2090787/000121390026091647/ea0302743-8k_oceanhawk.htm,False,
OHACU,2026-08-19 00:00:00,https://www.sec.gov/Archives/edgar/data/2090787/000121390026091647/0001213900-26-091647-index.htm,EX-99.1,NOMINATING AND CORPORATE GOVERNANCE COMMITTEE CHARTER,https://www.sec.gov/Archives/edgar/data/2090787/000121390026091647/ea030274301ex99-1.htm,False,
FCUV,2026-08-19 00:00:00,https://www.sec.gov/Archives/edgar/data/1590418/000168316826006590/0001683168-26-006590-index.htm,8-K,FORM 8-K,https://www.sec.gov/Archives/edgar/data/1590418/000168316826006590/focus_8k.htm,False,
MCHP,2026-08-19 00:00:00,https://www.sec.gov/Archives/edgar/data/827054/000082705426000042/0000827054-26-000042-index.htm,8-K,8-K,https://www.sec.gov/Archives/edgar/data/827054/000082705426000042/mchp-20260818.htm,False,
MCHP,2026-08-19 00:00:00,https://www.sec.gov/Archives/edgar/data/827054/000082705426000042/0000827054-26-000042-index.htm,EX-10.1,EX-10.1,https://www.sec.gov/Archives/edgar/data/827054/000082705426000042/ex10108182026.htm,False,
LANC,2026-08-19 00:00:00,https://www.sec.gov/Archives/edgar/data/57515/000005751526000014/0000057515-26-000014-index.htm,8-K,8-K,https://www.sec.gov/Archives/edgar/data/57515/000005751526000014/mzti-20260819.htm,False,
LANC,2026-08-19 00:00:00,https://www.sec.gov/Archives/edgar/data/57515/000005751526000014/0000057515-26-000014-index.htm,EX-99.1,EX-99.1,https://www.sec.gov/Archives/edgar/data/57515/000005751526000014/a2026annualmeetingannounce.htm,False,
MZTI,2026-08-19 00:00:00,https://www.sec.gov/Archives/edgar/data/57515/000005751526000014/0000057515-26-000014-index.htm,8-K,8-K,https://www.sec.gov/Archives/edgar/data/57515/000005751526000014/mzti-20260819.htm,False,
MZTI,2026-08-19 00:00:00,https://www.sec.gov/Archives/edgar/data/57515/000005751526000014/0000057515-26-000014-index.htm,EX-99.1,EX-99.1,https://www.sec.gov/Archives/edgar/data/57515/000005751526000014/a2026annualmeetingannounce.htm,False,
None,2026-08-19 00:00:00,https://www.sec.gov/Archives/edgar/data/1330399/000133039926000101/0001330399-26-000101-index.htm,8-K,8-K,https://www.sec.gov/Archives/edgar/data/1330399/000133039926000101/ck0001330399-20260814.htm,False,
None,2026-08-19 00:00:00,https://www.sec.gov/Archives/edgar/data/1330399/000133039926000101/0001330399-26-000101-index.htm,EX-99.1,EX-99.1,https://www.sec.gov/Archives/edgar/data/1330399/000133039926000101/ck0001330399-ex99_1.htm,False,
None,2026-08-19 00:00:00,https://www.sec.gov/Archives/edgar/data/1950803/000119312526356685/0001193125-26-356685-index.htm,8-K,8-K,https://www.sec.gov/Archives/edgar/data/1950803/000119312526356685/d637236d8k.htm,False,
CVAT,2026-08-19 00:00:00,https://www.sec.gov/Archives/edgar/data/1376793/000168316826006581/0001683168-26-006581-index.htm,8-K,CURRENT REPORT,https://www.sec.gov/Archives/edgar/data/1376793/000168316826006581/cavitation_8k.htm,True,
CVAT,2026-08-19 00:00:00,https://www.sec.gov/Archives/edgar/data/1376793/000168316826006581/0001683168-26-006581-index.htm,EX-10.1,"TENDER OFFER AGREEMENT, DATED AS OF AUGUST 14, 2026",https://www.sec.gov/Archives/edgar/data/1376793/000168316826006581/cavitation_ex1001.htm,True,
CVAT,2026-08-19 00:00:00,https://www.sec.gov/Archives/edgar/data/1376793/000168316826006581/0001683168-26-006581-index.htm,EX-99.1,"PRESS RELEASE DATED AUGUST 17, 2026.",https://www.sec.gov/Archives/edgar/data/1376793/000168316826006581/cavitation_ex9901.htm,False,
CHMG,2026-08-19 00:00:00,https://www.sec.gov/Archives/edgar/data/763563/000117184326005651/0001171843-26-005651-index.htm,8-K,FORM 8-K,https://www.sec.gov/Archives/edgar/data/763563/000117184326005651/f8k_081926.htm,False,
CHMG,2026-08-19 00:00:00,https://www.sec.gov/Archives/edgar/data/763563/000117184326005651/0001171843-26-005651-index.htm,EX-99.1,PRESS RELEASE,https://www.sec.gov/Archives/edgar/data/763563/000117184326005651/exh_991.htm,False,
OVBC,2026-08-19 00:00:00,https://www.sec.gov/Archives/edgar/data/894671/000089467126000055/0000894671-26-000055-index.htm,8-K,CURRENT REPORT FILING,https://www.sec.gov/Archives/edgar/data/894671/000089467126000055/ovbc-20260714.htm,False,
OVBC,2026-08-19 00:00:00,https://www.sec.gov/Archives/edgar/data/894671/000089467126000055/0000894671-26-000055-index.htm,EX-99.1,EX-99.1,https://www.sec.gov/Archives/edgar/data/894671/000089467126000055/f8ksharesrepurchext99.1.htm,False,
None,2026-08-19 00:00:00,https://www.sec.gov/Archives/edgar/data/1136586/000092963826003134/0000929638-26-003134-index.htm,8-K,CURRENT REPORT,https://www.sec.gov/Archives/edgar/data/1136586/000092963826003134/bmw2026-a_8k.htm,True,
None,2026-08-19 00:00:00,https://www.sec.gov/Archives/edgar/data/1136586/000092963826003134/0000929638-26-003134-index.htm,EX-10.1,AMENDED AND RESTATED TRUST AGREEMENT,https://www.sec.gov/Archives/edgar/data/1136586/000092963826003134/exhibit10-1.htm,False,
None,2026-08-19 00:00:00,https://www.sec.gov/Archives/edgar/data/1136586/000092963826003134/0000929638-26-003134-index.htm,EX-10.2,OWNER TRUST ADMINISTRATION AGREEMENT,https://www.sec.gov/Archives/edgar/data/1136586/000092963826003134/exhibit10-2.htm,False,
None,2026-08-19 00:00:00,https://www.sec.gov/Archives/edgar/data/2143474/000092963826003134/0000929638-26-003134-index.htm,8-K,CURRENT REPORT,https://www.sec.gov/Archives/edgar/data/1136586/000092963826003134/bmw2026-a_8k.htm,True,
None,2026-08-19 00:00:00,https://www.sec.gov/Archives/edgar/data/2143474/000092963826003134/0000929638-26-003134-index.htm,EX-10.1,AMENDED AND RESTATED TRUST AGREEMENT,https://www.sec.gov/Archives/edgar/data/1136586/000092963826003134/exhibit10-1.htm,False,
None,2026-08-19 00:00:00,https://www.sec.gov/Archives/edgar/data/2143474/000092963826003134/0000929638-26-003134-index.htm,EX-10.2,OWNER TRUST ADMINISTRATION AGREEMENT,https://www.sec.gov/Archives/edgar/data/1136586/000092963826003134/exhibit10-2.htm,False,
None,2026-08-19 00:00:00,https://www.sec.gov/Archives/edgar/data/2143474/000092963826003133/0000929638-26-003133-index.htm,8-K,CURRENT REPORT,https://www.sec.gov/Archives/edgar/data/1136586/000092963826003133/a8k.htm,False,
None,2026-08-19 00:00:00,https://www.sec.gov/Archives/edgar/data/1136586/000092963826003133/0000929638-26-003133-index.htm,8-K,CURRENT REPORT,https://www.sec.gov/Archives/edgar/data/1136586/000092963826003133/a8k.htm,False,
SRXH,2026-08-19 00:00:00,https://www.sec.gov/Archives/edgar/data/1471727/000149315226039162/0001493152-26-039162-index.htm,8-K,8-K,https://www.sec.gov/Archives/edgar/data/1471727/000149315226039162/form8-k.htm,False,
SRXH,2026-08-19 00:00:00,https://www.sec.gov/Archives/edgar/data/1471727/000149315226039162/0001493152-26-039162-index.htm,EX-99.1,EX-99.1,https://www.sec.gov/Archives/edgar/data/1471727/000149315226039162/ex99-1.htm,False,
BTTR,2026-08-19 00:00:00,https://www.sec.gov/Archives/edgar/data/1471727/000149315226039162/0001493152-26-039162-index.htm,8-K,8-K,https://www.sec.gov/Archives/edgar/data/1471727/000149315226039162/form8-k.htm,False,
BTTR,2026-08-19 00:00:00,https://www.sec.gov/Archives/edgar/data/1471727/000149315226039162/0001493152-26-039162-index.htm,EX-99.1,EX-99.1,https://www.sec.gov/Archives/edgar/data/1471727/000149315226039162/ex99-1.htm,False,
None,2026-08-19 00:00:00,https://www.sec.gov/Archives/edgar/data/1314152/000131415226000160/0001314152-26-000160-index.htm,8-K,8-K,https://www.sec.gov/Archives/edgar/data/1314152/000131415226000160/jllip-20260818.htm,False,
None,2026-08-19 00:00:00,https://www.sec.gov/Archives/edgar/data/1314152/000131415226000160/0001314152-26-000160-index.htm,EX-99.1,EX-99.1,https://www.sec.gov/Archives/edgar/data/1314152/000131415226000160/a08192026jlliptpressreleas.htm,False,
None,2026-08-19 00:00:00,https://www.sec.gov/Archives/edgar/data/1786835/000119312526356397/0001193125-26-356397-index.htm,8-K,8-K,https://www.sec.gov/Archives/edgar/data/1786835/000119312526356397/ck0001786835-20260813.htm,True,
None,2026-08-19 00:00:00,https://www.sec.gov/Archives/edgar/data/1786835/000119312526356397/0001193125-26-356397-index.htm,EX-10.1,EX-10.1,https://www.sec.gov/Archives/edgar/data/1786835/000119312526356397/ck0001786835-ex10_1.htm,True,
TRT,2026-08-19 00:00:00,https://www.sec.gov/Archives/edgar/data/732026/000143774926028480/0001437749-26-028480-index.htm,8-K,FORM 8-K,https://www.sec.gov/Archives/edgar/data/732026/000143774926028480/trt20260818_8k.htm,False,
TRT,2026-08-19 00:00:00,https://www.sec.gov/Archives/edgar/data/732026/000143774926028480/0001437749-26-028480-index.htm,EX-99.1,EXHIBIT 99.1,https://www.sec.gov/Archives/edgar/data/732026/000143774926028480/ex_1006326.htm,False,
CW,2026-08-19 00:00:00,https://www.sec.gov/Archives/edgar/data/26324/000162828026057855/0001628280-26-057855-index.htm,8-K,8-K,https://www.sec.gov/Archives/edgar/data/26324/000162828026057855/cw-20260818.htm,False,
CW,2026-08-19 00:00:00,https://www.sec.gov/Archives/edgar/data/26324/000162828026057855/0001628280-26-057855-index.htm,EX-99.1,EX-99.1,https://www.sec.gov/Archives/edgar/data/26324/000162828026057855/ex991_cwxq3261.htm,False,
FTK,2026-08-19 00:00:00,https://www.sec.gov/Archives/edgar/data/928054/000092805426000084/0000928054-26-000084-index.htm,8-K,8-K,https://www.sec.gov/Archives/edgar/data/928054/000092805426000084/ftk-20260818.htm,False,
ZSTK,2026-08-19 00:00:00,https://www.sec.gov/Archives/edgar/data/1790169/000106299326004501/0001062993-26-004501-index.htm,8-K,FORM 8-K,https://www.sec.gov/Archives/edgar/data/1790169/000106299326004501/form8k.htm,True,
ZSTK,2026-08-19 00:00:00,https://www.sec.gov/Archives/edgar/data/1790169/000106299326004501/0001062993-26-004501-index.htm,EX-10.1,EXHIBIT 10.1,https://www.sec.gov/Archives/edgar/data/1790169/000106299326004501/exhibit10-1.htm,False,
ZSTK,2026-08-19 00:00:00,https://www.sec.gov/Archives/edgar/data/1790169/000106299326004501/0001062993-26-004501-index.htm,EX-10.2,EXHIBIT 10.2,https://www.sec.gov/Archives/edgar/data/1790169/000106299326004501/exhibit10-2.htm,False,
ZSTK,2026-08-19 00:00:00,https://www.sec.gov/Archives/edgar/data/1790169/000106299326004501/0001062993-26-004501-index.htm,EX-99.1,EXHIBIT 99.1,https://www.sec.gov/Archives/edgar/data/1790169/000106299326004501/exhibit99-1.htm,False,
FLGC,2026-08-19 00:00:00,https://www.sec.gov/Archives/edgar/data/1790169/000106299326004501/0001062993-26-004501-index.htm,8-K,FORM 8-K,https://www.sec.gov/Archives/edgar/data/1790169/000106299326004501/form8k.htm,True,
FLGC,2026-08-19 00:00:00,https://www.sec.gov/Archives/edgar/data/1790169/000106299326004501/0001062993-26-004501-index.htm,EX-10.1,EXHIBIT 10.1,https://www.sec.gov/Archives/edgar/data/1790169/000106299326004501/exhibit10-1.htm,False,
FLGC,2026-08-19 00:00:00,https://www.sec.gov/Archives/edgar/data/1790169/000106299326004501/0001062993-26-004501-index.htm,EX-10.2,EXHIBIT 10.2,https://www.sec.gov/Archives/edgar/data/1790169/000106299326004501/exhibit10-2.htm,False,
FLGC,2026-08-19 00:00:00,https://www.sec.gov/Archives/edgar/data/1790169/000106299326004501/0001062993-26-004501-index.htm,EX-99.1,EXHIBIT 99.1,https://www.sec.gov/Archives/edgar/data/1790169/000106299326004501/exhibit99-1.htm,False,
AIDX,2026-08-19 00:00:00,https://www.sec.gov/Archives/edgar/data/1139685/000121390026091438/0001213900-26-091438-index.htm,8-K,CURRENT REPORT,https://www.sec.gov/Archives/edgar/data/1139685/000121390026091438/ea0302628-8k_2020bio.htm,False,
TJX,2026-08-19 00:00:00,https://www.sec.gov/Archives/edgar/data/109198/000010919826000045/0000109198-26-000045-index.htm,8-K,8-K,https://www.sec.gov/Archives/edgar/data/109198/000010919826000045/tjx-20260819.htm,False,
TJX,2026-08-19 00:00:00,https://www.sec.gov/Archives/edgar/data/109198/000010919826000045/0000109198-26-000045-index.htm,EX-99.1,EX-99.1,https://www.sec.gov/Archives/edgar/data/109198/000010919826000045/tjxq2fy27earningspressrele.htm,False,
PGR,2026-08-19 00:00:00,https://www.sec.gov/Archives/edgar/data/80661/000008066126000315/0000080661-26-000315-index.htm,8-K,8-K,https://www.sec.gov/Archives/edgar/data/80661/000008066126000315/pgr-20260819.htm,False,
GCTK,2026-08-19 00:00:00,https://www.sec.gov/Archives/edgar/data/1506983/000149315226039143/0001493152-26-039143-index.htm,8-K,8-K,https://www.sec.gov/Archives/edgar/data/1506983/000149315226039143/form8-k.htm,False,
IGAP,2026-08-19 00:00:00,https://www.sec.gov/Archives/edgar/data/1506983/000149315226039143/0001493152-26-039143-index.htm,8-K,8-K,https://www.sec.gov/Archives/edgar/data/1506983/000149315226039143/form8-k.htm,False,
FCCO,2026-08-19 00:00:00,https://www.sec.gov/Archives/edgar/data/932781/000155278126000452/0001552781-26-000452-index.htm,8-K,,https://www.sec.gov/Archives/edgar/data/932781/000155278126000452/e26356_fcco-8k.htm,False,
FCCO,2026-08-19 00:00:00,https://www.sec.gov/Archives/edgar/data/932781/000155278126000452/0001552781-26-000452-index.htm,EX-10.1,,https://www.sec.gov/Archives/edgar/data/932781/000155278126000452/e26356_ex10-1.htm,False,
WEAV,2026-08-19 00:00:00,https://www.sec.gov/Archives/edgar/data/1609151/000160915126000100/0001609151-26-000100-index.htm,8-K,8-K,https://www.sec.gov/Archives/edgar/data/1609151/000160915126000100/weav-20260818.htm,True,
WEAV,2026-08-19 00:00:00,https://www.sec.gov/Archives/edgar/data/1609151/000160915126000100/0001609151-26-000100-index.htm,EX-10.1,EX-10.1,https://www.sec.gov/Archives/edgar/data/1609151/000160915126000100/a101-supportagreement.htm,False,
GBS,2026-08-19 00:00:00,https://www.sec.gov/Archives/edgar/data/1725430/000149315226039140/0001493152-26-039140-index.htm,8-K,8-K,https://www.sec.gov/Archives/edgar/data/1725430/000149315226039140/form8-k.htm,False,
GBS,2026-08-19 00:00:00,https://www.sec.gov/Archives/edgar/data/1725430/000149315226039140/0001493152-26-039140-index.htm,EX-99.1,EX-99.1,https://www.sec.gov/Archives/edgar/data/1725430/000149315226039140/ex99-1.htm,False,
INBS,2026-08-19 00:00:00,https://www.sec.gov/Archives/edgar/data/1725430/000149315226039140/0001493152-26-039140-index.htm,8-K,8-K,https://www.sec.gov/Archives/edgar/data/1725430/000149315226039140/form8-k.htm,False,
INBS,2026-08-19 00:00:00,https://www.sec.gov/Archives/edgar/data/1725430/000149315226039140/0001493152-26-039140-index.htm,EX-99.1,EX-99.1,https://www.sec.gov/Archives/edgar/data/1725430/000149315226039140/ex99-1.htm,False,
CYCU,2026-08-19 00:00:00,https://www.sec.gov/Archives/edgar/data/1868419/000162828026057845/0001628280-26-057845-index.htm,8-K,8-K,https://www.sec.gov/Archives/edgar/data/1868419/000162828026057845/cycu-20260819.htm,False,
CYCU,2026-08-19 00:00:00,https://www.sec.gov/Archives/edgar/data/1868419/000162828026057845/0001628280-26-057845-index.htm,EX-99.1,EX-99.1,https://www.sec.gov/Archives/edgar/data/1868419/000162828026057845/exhibit991august192026pres.htm,False,
CYCUW,2026-08-19 00:00:00,https://www.sec.gov/Archives/edgar/data/1868419/000162828026057845/0001628280-26-057845-index.htm,8-K,8-K,https://www.sec.gov/Archives/edgar/data/1868419/000162828026057845/cycu-20260819.htm,False,
CYCUW,2026-08-19 00:00:00,https://www.sec.gov/Archives/edgar/data/1868419/000162828026057845/0001628280-26-057845-index.htm,EX-99.1,EX-99.1,https://www.sec.gov/Archives/edgar/data/1868419/000162828026057845/exhibit991august192026pres.htm,False,
WAVSU,2026-08-19 00:00:00,https://www.sec.gov/Archives/edgar/data/1868419/000162828026057845/0001628280-26-057845-index.htm,8-K,8-K,https://www.sec.gov/Archives/edgar/data/1868419/000162828026057845/cycu-20260819.htm,False,
WAVSU,2026-08-19 00:00:00,https://www.sec.gov/Archives/edgar/data/1868419/000162828026057845/0001628280-26-057845-index.htm,EX-99.1,EX-99.1,https://www.sec.gov/Archives/edgar/data/1868419/000162828026057845/exhibit991august192026pres.htm,False,
WAVSW,2026-08-19 00:00:00,https://www.sec.gov/Archives/edgar/data/1868419/000162828026057845/0001628280-26-057845-index.htm,8-K,8-K,https://www.sec.gov/Archives/edgar/data/1868419/000162828026057845/cycu-20260819.htm,False,
WAVSW,2026-08-19 00:00:00,https://www.sec.gov/Archives/edgar/data/1868419/000162828026057845/0001628280-26-057845-index.htm,EX-99.1,EX-99.1,https://www.sec.gov/Archives/edgar/data/1868419/000162828026057845/exhibit991august192026pres.htm,False,
WAVS,2026-08-19 00:00:00,https://www.sec.gov/Archives/edgar/data/1868419/000162828026057845/0001628280-26-057845-index.htm,8-K,8-K,https://www.sec.gov/Archives/edgar/data/1868419/000162828026057845/cycu-20260819.htm,False,
WAVS,2026-08-19 00:00:00,https://www.sec.gov/Archives/edgar/data/1868419/000162828026057845/0001628280-26-057845-index.htm,EX-99.1,EX-99.1,https://www.sec.gov/Archives/edgar/data/1868419/000162828026057845/exhibit991august192026pres.htm,False,
LOW,2026-08-19 00:00:00,https://www.sec.gov/Archives/edgar/data/60667/000006066726000113/0000060667-26-000113-index.htm,8-K,8-K,https://www.sec.gov/Archives/edgar/data/60667/000006066726000113/low-20260819.htm,False,
LOW,2026-08-19 00:00:00,https://www.sec.gov/Archives/edgar/data/60667/000006066726000113/0000060667-26-000113-index.htm,EX-99.1,PRESS RELEASE,https://www.sec.gov/Archives/edgar/data/60667/000006066726000113/exhibit991-07312026.htm,False,
ETST,2026-08-19 00:00:00,https://www.sec.gov/Archives/edgar/data/1538495/000149315226039138/0001493152-26-039138-index.htm,8-K,8-K,https://www.sec.gov/Archives/edgar/data/1538495/000149315226039138/form8-k.htm,False,
ETST,2026-08-19 00:00:00,https://www.sec.gov/Archives/edgar/data/1538495/000149315226039138/0001493152-26-039138-index.htm,EX-99.1,EX-99.1,https://www.sec.gov/Archives/edgar/data/1538495/000149315226039138/ex99-1.htm,False,
UNOV,2026-08-19 00:00:00,https://www.sec.gov/Archives/edgar/data/1538495/000149315226039138/0001493152-26-039138-index.htm,8-K,8-K,https://www.sec.gov/Archives/edgar/data/1538495/000149315226039138/form8-k.htm,False,
UNOV,2026-08-19 00:00:00,https://www.sec.gov/Archives/edgar/data/1538495/000149315226039138/0001493152-26-039138-index.htm,EX-99.1,EX-99.1,https://www.sec.gov/Archives/edgar/data/1538495/000149315226039138/ex99-1.htm,False,
NVST,2026-08-19 00:00:00,https://www.sec.gov/Archives/edgar/data/1757073/000175707326000074/0001757073-26-000074-index.htm,8-K,8-K,https://www.sec.gov/Archives/edgar/data/1757073/000175707326000074/nvst-20260817.htm,False,
JMSB,2026-08-19 00:00:00,https://www.sec.gov/Archives/edgar/data/1710482/000110465926098594/0001104659-26-098594-index.htm,8-K,8-K,https://www.sec.gov/Archives/edgar/data/1710482/000110465926098594/jmsb-20260818x8k.htm,False,
JMSB,2026-08-19 00:00:00,https://www.sec.gov/Archives/edgar/data/1710482/000110465926098594/0001104659-26-098594-index.htm,EX-99.1,EX-99.1,https://www.sec.gov/Archives/edgar/data/1710482/000110465926098594/jmsb-20260818xex99d1.htm,False,
PLTK,2026-08-19 00:00:00,https://www.sec.gov/Archives/edgar/data/1828016/000182801626000049/0001828016-26-000049-index.htm,8-K,8-K,https://www.sec.gov/Archives/edgar/data/1828016/000182801626000049/pltk-20260818.htm,True,
ASBP,2026-08-19 00:00:00,https://www.sec.gov/Archives/edgar/data/1847345/000149315226039135/0001493152-26-039135-index.htm,8-K,8-K,https://www.sec.gov/Archives/edgar/data/1847345/000149315226039135/form8-k.htm,False,
ASBP,2026-08-19 00:00:00,https://www.sec.gov/Archives/edgar/data/1847345/000149315226039135/0001493152-26-039135-index.htm,EX-99.1,EX-99.1,https://www.sec.gov/Archives/edgar/data/1847345/000149315226039135/ex99-1.htm,False,
PWUPU,2026-08-19 00:00:00,https://www.sec.gov/Archives/edgar/data/1847345/000149315226039135/0001493152-26-039135-index.htm,8-K,8-K,https://www.sec.gov/Archives/edgar/data/1847345/000149315226039135/form8-k.htm,False,
PWUPU,2026-08-19 00:00:00,https://www.sec.gov/Archives/edgar/data/1847345/000149315226039135/0001493152-26-039135-index.htm,EX-99.1,EX-99.1,https://www.sec.gov/Archives/edgar/data/1847345/000149315226039135/ex99-1.htm,False,
PWUPW,2026-08-19 00:00:00,https://www.sec.gov/Archives/edgar/data/1847345/000149315226039135/0001493152-26-039135-index.htm,8-K,8-K,https://www.sec.gov/Archives/edgar/data/1847345/000149315226039135/form8-k.htm,False,
PWUPW,2026-08-19 00:00:00,https://www.sec.gov/Archives/edgar/data/1847345/000149315226039135/0001493152-26-039135-index.htm,EX-99.1,EX-99.1,https://www.sec.gov/Archives/edgar/data/1847345/000149315226039135/ex99-1.htm,False,
PWUP,2026-08-19 00:00:00,https://www.sec.gov/Archives/edgar/data/1847345/000149315226039135/0001493152-26-039135-index.htm,8-K,8-K,https://www.sec.gov/Archives/edgar/data/1847345/000149315226039135/form8-k.htm,False,
PWUP,2026-08-19 00:00:00,https://www.sec.gov/Archives/edgar/data/1847345/000149315226039135/0001493152-26-039135-index.htm,EX-99.1,EX-99.1,https://www.sec.gov/Archives/edgar/data/1847345/000149315226039135/ex99-1.htm,False,
ARAI,2026-08-19 00:00:00,https://www.sec.gov/Archives/edgar/data/1818274/000149315226039134/0001493152-26-039134-index.htm,8-K,8-K,https://www.sec.gov/Archives/edgar/data/1818274/000149315226039134/form8-k.htm,True,
ARAI,2026-08-19 00:00:00,https://www.sec.gov/Archives/edgar/data/1818274/000149315226039134/0001493152-26-039134-index.htm,EX-10.1,EX-10.1,https://www.sec.gov/Archives/edgar/data/1818274/000149315226039134/ex10-1.htm,False,
ARAI,2026-08-19 00:00:00,https://www.sec.gov/Archives/edgar/data/1818274/000149315226039134/0001493152-26-039134-index.htm,EX-10.2,EX-10.2,https://www.sec.gov/Archives/edgar/data/1818274/000149315226039134/ex10-2.htm,False,
MRVL,2026-08-19 00:00:00,https://www.sec.gov/Archives/edgar/data/1835632/000119312526356217/0001193125-26-356217-index.htm,8-K,8-K,https://www.sec.gov/Archives/edgar/data/1835632/000119312526356217/d412696d8k.htm,True,
NC,2026-08-19 00:00:00,https://www.sec.gov/Archives/edgar/data/789933/000078993326000148/0000789933-26-000148-index.htm,8-K,8-K,https://www.sec.gov/Archives/edgar/data/789933/000078993326000148/nacco-20260819.htm,False,
NC,2026-08-19 00:00:00,https://www.sec.gov/Archives/edgar/data/789933/000078993326000148/0000789933-26-000148-index.htm,EX-99.1,EX-99.1,https://www.sec.gov/Archives/edgar/data/789933/000078993326000148/aug26-bodexhibit991.htm,False,
HON,2026-08-19 00:00:00,https://www.sec.gov/Archives/edgar/data/773840/000077384026000130/0000773840-26-000130-index.htm,8-K,8-K,https://www.sec.gov/Archives/edgar/data/773840/000077384026000130/hon-20260819.htm,False,
HON,2026-08-19 00:00:00,https://www.sec.gov/Archives/edgar/data/773840/000077384026000130/0000773840-26-000130-index.htm,EX-99.1,EX-99.1,https://www.sec.gov/Archives/edgar/data/773840/000077384026000130/exhibit991-pressrelease.htm,False,
HRI,2026-08-19 00:00:00,https://www.sec.gov/Archives/edgar/data/1364479/000136447926000112/0001364479-26-000112-index.htm,8-K,8-K,https://www.sec.gov/Archives/edgar/data/1364479/000136447926000112/hri-20260819.htm,False,
INV,2026-08-19 00:00:00,https://www.sec.gov/Archives/edgar/data/2001557/000162828026057840/0001628280-26-057840-index.htm,8-K,8-K,https://www.sec.gov/Archives/edgar/data/2001557/000162828026057840/innv-20260819.htm,False,
INV,2026-08-19 00:00:00,https://www.sec.gov/Archives/edgar/data/2001557/000162828026057840/0001628280-26-057840-index.htm,EX-99.1,EX-99.1,https://www.sec.gov/Archives/edgar/data/2001557/000162828026057840/a991innventurepr81926.htm,False,
INVLW,2026-08-19 00:00:00,https://www.sec.gov/Archives/edgar/data/2001557/000162828026057840/0001628280-26-057840-index.htm,8-K,8-K,https://www.sec.gov/Archives/edgar/data/2001557/000162828026057840/innv-20260819.htm,False,
INVLW,2026-08-19 00:00:00,https://www.sec.gov/Archives/edgar/data/2001557/000162828026057840/0001628280-26-057840-index.htm,EX-99.1,EX-99.1,https://www.sec.gov/Archives/edgar/data/2001557/000162828026057840/a991innventurepr81926.htm,False,
UAMY,2026-08-19 00:00:00,https://www.sec.gov/Archives/edgar/data/101538/000110465926098593/0001104659-26-098593-index.htm,8-K,FORM 8-K,https://www.sec.gov/Archives/edgar/data/101538/000110465926098593/tm2623553d1_8k.htm,False,
UAMY,2026-08-19 00:00:00,https://www.sec.gov/Archives/edgar/data/101538/000110465926098593/0001104659-26-098593-index.htm,EX-99.1,EXHIBIT 99.1,https://www.sec.gov/Archives/edgar/data/101538/000110465926098593/tm2623553d1_ex99-1.htm,False,
VRAR,2026-08-19 00:00:00,https://www.sec.gov/Archives/edgar/data/1854445/000149315226039128/0001493152-26-039128-index.htm,8-K,8-K,https://www.sec.gov/Archives/edgar/data/1854445/000149315226039128/form8-k.htm,False,
VRAR,2026-08-19 00:00:00,https://www.sec.gov/Archives/edgar/data/1854445/000149315226039128/0001493152-26-039128-index.htm,EX-99.1,EX-99.1,https://www.sec.gov/Archives/edgar/data/1854445/000149315226039128/ex99-1.htm,False,
BAX,2026-08-19 00:00:00,https://www.sec.gov/Archives/edgar/data/10456/000119312526356188/0001193125-26-356188-index.htm,8-K,8-K,https://www.sec.gov/Archives/edgar/data/10456/000119312526356188/d154782d8k.htm,False,
BAX,2026-08-19 00:00:00,https://www.sec.gov/Archives/edgar/data/10456/000119312526356188/0001193125-26-356188-index.htm,EX-10.1,EX-10.1,https://www.sec.gov/Archives/edgar/data/10456/000119312526356188/d154782dex101.htm,False,
BAX,2026-08-19 00:00:00,https://www.sec.gov/Archives/edgar/data/10456/000119312526356188/0001193125-26-356188-index.htm,EX-99.1,EX-99.1,https://www.sec.gov/Archives/edgar/data/10456/000119312526356188/d154782dex991.htm,False,
SMTK,2026-08-19 00:00:00,https://www.sec.gov/Archives/edgar/data/1817760/000110465926098592/0001104659-26-098592-index.htm,8-K,FORM 8-K,https://www.sec.gov/Archives/edgar/data/1817760/000110465926098592/tm2623548d1_8k.htm,False,
SMTK,2026-08-19 00:00:00,https://www.sec.gov/Archives/edgar/data/1817760/000110465926098592/0001104659-26-098592-index.htm,EX-99.1,EXHIBIT 99.1,https://www.sec.gov/Archives/edgar/data/1817760/000110465926098592/tm2623548d1_ex99-1.htm,False,
UCB,2026-08-19 00:00:00,https://www.sec.gov/Archives/edgar/data/857855/000085785526000081/0000857855-26-000081-index.htm,8-K,8-K,https://www.sec.gov/Archives/edgar/data/857855/000085785526000081/ucbi-20260819.htm,False,
UCB,2026-08-19 00:00:00,https://www.sec.gov/Archives/edgar/data/857855/000085785526000081/0000857855-26-000081-index.htm,EX-99.1,EX-99.1,https://www.sec.gov/Archives/edgar/data/857855/000085785526000081/ex991cfopressrelease81926.htm,False,
UCBI,2026-08-19 00:00:00,https://www.sec.gov/Archives/edgar/data/857855/000085785526000081/0000857855-26-000081-index.htm,8-K,8-K,https://www.sec.gov/Archives/edgar/data/857855/000085785526000081/ucbi-20260819.htm,False,
UCBI,2026-08-19 00:00:00,https://www.sec.gov/Archives/edgar/data/857855/000085785526000081/0000857855-26-000081-index.htm,EX-99.1,EX-99.1,https://www.sec.gov/Archives/edgar/data/857855/000085785526000081/ex991cfopressrelease81926.htm,False,
UCB-PI,2026-08-19 00:00:00,https://www.sec.gov/Archives/edgar/data/857855/000085785526000081/0000857855-26-000081-index.htm,8-K,8-K,https://www.sec.gov/Archives/edgar/data/857855/000085785526000081/ucbi-20260819.htm,False,
UCB-PI,2026-08-19 00:00:00,https://www.sec.gov/Archives/edgar/data/857855/000085785526000081/0000857855-26-000081-index.htm,EX-99.1,EX-99.1,https://www.sec.gov/Archives/edgar/data/857855/000085785526000081/ex991cfopressrelease81926.htm,False,
UCBIO,2026-08-19 00:00:00,https://www.sec.gov/Archives/edgar/data/857855/000085785526000081/0000857855-26-000081-index.htm,8-K,8-K,https://www.sec.gov/Archives/edgar/data/857855/000085785526000081/ucbi-20260819.htm,False,
UCBIO,2026-08-19 00:00:00,https://www.sec.gov/Archives/edgar/data/857855/000085785526000081/0000857855-26-000081-index.htm,EX-99.1,EX-99.1,https://www.sec.gov/Archives/edgar/data/857855/000085785526000081/ex991cfopressrelease81926.htm,False,
CEIX,2026-08-19 00:00:00,https://www.sec.gov/Archives/edgar/data/1710366/000119312526356186/0001193125-26-356186-index.htm,8-K,8-K,https://www.sec.gov/Archives/edgar/data/1710366/000119312526356186/d113945d8k.htm,False,
CEIX,2026-08-19 00:00:00,https://www.sec.gov/Archives/edgar/data/1710366/000119312526356186/0001193125-26-356186-index.htm,EX-99.1,EX-99.1,https://www.sec.gov/Archives/edgar/data/1710366/000119312526356186/d113945dex991.htm,False,
MMM,2026-08-19 00:00:00,https://www.sec.gov/Archives/edgar/data/66740/000006674026000268/0000066740-26-000268-index.htm,8-K,8-K,https://www.sec.gov/Archives/edgar/data/66740/000006674026000268/mmm-20260817.htm,True,
EL,2026-08-19 00:00:00,https://www.sec.gov/Archives/edgar/data/1001250/000100125026000038/0001001250-26-000038-index.htm,8-K,8-K,https://www.sec.gov/Archives/edgar/data/1001250/000100125026000038/el-20260819.htm,False,
EL,2026-08-19 00:00:00,https://www.sec.gov/Archives/edgar/data/1001250/000100125026000038/0001001250-26-000038-index.htm,EX-99.1,EX-99.1,https://www.sec.gov/Archives/edgar/data/1001250/000100125026000038/elq4fy2026exhibit991.htm,False,
None,2026-08-19 00:00:00,https://www.sec.gov/Archives/edgar/data/1926314/000149315226039125/0001493152-26-039125-index.htm,8-K,8-K,https://www.sec.gov/Archives/edgar/data/1926314/000149315226039125/form8-k.htm,False,
None,2026-08-19 00:00:00,https://www.sec.gov/Archives/edgar/data/1926314/000149315226039125/0001493152-26-039125-index.htm,EX-10.1,EX-10.1,https://www.sec.gov/Archives/edgar/data/1926314/000149315226039125/ex10-1.htm,False,
None,2026-08-19 00:00:00,https://www.sec.gov/Archives/edgar/data/1926314/000149315226039125/0001493152-26-039125-index.htm,EX-10.2,EX-10.2,https://www.sec.gov/Archives/edgar/data/1926314/000149315226039125/ex10-2.htm,False,
None,2026-08-19 00:00:00,https://www.sec.gov/Archives/edgar/data/2070542/000121390026091419/0001213900-26-091419-index.htm,8-K,CURRENT REPORT,https://www.sec.gov/Archives/edgar/data/2070542/000121390026091419/ea0302663-8k_aibdata.htm,False,
None,2026-08-19 00:00:00,https://www.sec.gov/Archives/edgar/data/2070542/000121390026091419/0001213900-26-091419-index.htm,EX-99.1,"INVESTOR PRESENTATION, AUGUST 2026",https://www.sec.gov/Archives/edgar/data/2070542/000121390026091419/ea030266301ex99-1.htm,False,
DVLT,2026-08-19 00:00:00,https://www.sec.gov/Archives/edgar/data/1682149/000110465926098591/0001104659-26-098591-index.htm,8-K,FORM 8-K,https://www.sec.gov/Archives/edgar/data/1682149/000110465926098591/tm2623543d1_8k.htm,False,
DVLT,2026-08-19 00:00:00,https://www.sec.gov/Archives/edgar/data/1682149/000110465926098591/0001104659-26-098591-index.htm,EX-99.1,EXHIBIT 99.1,https://www.sec.gov/Archives/edgar/data/1682149/000110465926098591/tm2623543d1_ex99-1.htm,False,
WISA,2026-08-19 00:00:00,https://www.sec.gov/Archives/edgar/data/1682149/000110465926098591/0001104659-26-098591-index.htm,8-K,FORM 8-K,https://www.sec.gov/Archives/edgar/data/1682149/000110465926098591/tm2623543d1_8k.htm,False,
WISA,2026-08-19 00:00:00,https://www.sec.gov/Archives/edgar/data/1682149/000110465926098591/0001104659-26-098591-index.htm,EX-99.1,EXHIBIT 99.1,https://www.sec.gov/Archives/edgar/data/1682149/000110465926098591/tm2623543d1_ex99-1.htm,False,
ROC,2026-08-19 00:00:00,https://www.sec.gov/Archives/edgar/data/2077709/000121390026091418/0001213900-26-091418-index.htm,8-K,CURRENT REPORT,https://www.sec.gov/Archives/edgar/data/2077709/000121390026091418/ea0302662-8k_rank.htm,True,
ROC,2026-08-19 00:00:00,https://www.sec.gov/Archives/edgar/data/2077709/000121390026091418/0001213900-26-091418-index.htm,EX-10.1,FORM OF LOCK-UP AGREEMENT,https://www.sec.gov/Archives/edgar/data/2077709/000121390026091418/ea030266201ex10-1.htm,False,
MREO,2026-08-19 00:00:00,https://www.sec.gov/Archives/edgar/data/1719714/000119312526356168/0001193125-26-356168-index.htm,8-K,8-K,https://www.sec.gov/Archives/edgar/data/1719714/000119312526356168/mreo-20260217.htm,False,
TGT,2026-08-19 00:00:00,https://www.sec.gov/Archives/edgar/data/27419/000002741926000034/0000027419-26-000034-index.htm,8-K,8-K,https://www.sec.gov/Archives/edgar/data/27419/000002741926000034/tgt-20260819.htm,False,
NOG,2026-08-19 00:00:00,https://www.sec.gov/Archives/edgar/data/1104485/000119312526356160/0001193125-26-356160-index.htm,8-K,8-K,https://www.sec.gov/Archives/edgar/data/1104485/000119312526356160/d321827d8k.htm,False,
NOG,2026-08-19 00:00:00,https://www.sec.gov/Archives/edgar/data/1104485/000119312526356160/0001193125-26-356160-index.htm,EX-99.1,EX-99.1,https://www.sec.gov/Archives/edgar/data/1104485/000119312526356160/d321827dex991.htm,True,
SYBT,2026-08-19 00:00:00,https://www.sec.gov/Archives/edgar/data/835324/000117184326005642/0001171843-26-005642-index.htm,8-K,FORM 8-K,https://www.sec.gov/Archives/edgar/data/835324/000117184326005642/f8k_081826.htm,False,
SYBT,2026-08-19 00:00:00,https://www.sec.gov/Archives/edgar/data/835324/000117184326005642/0001171843-26-005642-index.htm,EX-99.1,PRESS RELEASE,https://www.sec.gov/Archives/edgar/data/835324/000117184326005642/exh_991.htm,False,
MNOV,2026-08-19 00:00:00,https://www.sec.gov/Archives/edgar/data/1226616/000119312526356146/0001193125-26-356146-index.htm,8-K,8-K,https://www.sec.gov/Archives/edgar/data/1226616/000119312526356146/d407050d8k.htm,False,
ADI,2026-08-19 00:00:00,https://www.sec.gov/Archives/edgar/data/6281/000000628126000072/0000006281-26-000072-index.htm,8-K,8-K,https://www.sec.gov/Archives/edgar/data/6281/000000628126000072/adi-20260819.htm,False,
ADI,2026-08-19 00:00:00,https://www.sec.gov/Archives/edgar/data/6281/000000628126000072/0000006281-26-000072-index.htm,EX-99.1,EX-99.1,https://www.sec.gov/Archives/edgar/data/6281/000000628126000072/adi3q26exhibit991earnings.htm,False,
KPRX,2026-08-19 00:00:00,https://www.sec.gov/Archives/edgar/data/1372514/000137251426000077/0001372514-26-000077-index.htm,8-K,8-K,https://www.sec.gov/Archives/edgar/data/1372514/000137251426000077/kprx-20260819.htm,True,
KPRX,2026-08-19 00:00:00,https://www.sec.gov/Archives/edgar/data/1372514/000137251426000077/0001372514-26-000077-index.htm,EX-10.1,EX-10.1,https://www.sec.gov/Archives/edgar/data/1372514/000137251426000077/ex101-exclusivelicenseagre.htm,False,
KPRX,2026-08-19 00:00:00,https://www.sec.gov/Archives/edgar/data/1372514/000137251426000077/0001372514-26-000077-index.htm,EX-99.1,EX-99.1,https://www.sec.gov/Archives/edgar/data/1372514/000137251426000077/ex991-pressreleaseckdaugus.htm,False,
KPHCW,2026-08-19 00:00:00,https://www.sec.gov/Archives/edgar/data/1372514/000137251426000077/0001372514-26-000077-index.htm,8-K,8-K,https://www.sec.gov/Archives/edgar/data/1372514/000137251426000077/kprx-20260819.htm,True,
KPHCW,2026-08-19 00:00:00,https://www.sec.gov/Archives/edgar/data/1372514/000137251426000077/0001372514-26-000077-index.htm,EX-10.1,EX-10.1,https://www.sec.gov/Archives/edgar/data/1372514/000137251426000077/ex101-exclusivelicenseagre.htm,False,
KPHCW,2026-08-19 00:00:00,https://www.sec.gov/Archives/edgar/data/1372514/000137251426000077/0001372514-26-000077-index.htm,EX-99.1,EX-99.1,https://www.sec.gov/Archives/edgar/data/1372514/000137251426000077/ex991-pressreleaseckdaugus.htm,False,
KPHMW,2026-08-19 00:00:00,https://www.sec.gov/Archives/edgar/data/1372514/000137251426000077/0001372514-26-000077-index.htm,8-K,8-K,https://www.sec.gov/Archives/edgar/data/1372514/000137251426000077/kprx-20260819.htm,True,
KPHMW,2026-08-19 00:00:00,https://www.sec.gov/Archives/edgar/data/1372514/000137251426000077/0001372514-26-000077-index.htm,EX-10.1,EX-10.1,https://www.sec.gov/Archives/edgar/data/1372514/000137251426000077/ex101-exclusivelicenseagre.htm,False,
KPHMW,2026-08-19 00:00:00,https://www.sec.gov/Archives/edgar/data/1372514/000137251426000077/0001372514-26-000077-index.htm,EX-99.1,EX-99.1,https://www.sec.gov/Archives/edgar/data/1372514/000137251426000077/ex991-pressreleaseckdaugus.htm,False,
EYEG,2026-08-19 00:00:00,https://www.sec.gov/Archives/edgar/data/1372514/000137251426000077/0001372514-26-000077-index.htm,8-K,8-K,https://www.sec.gov/Archives/edgar/data/1372514/000137251426000077/kprx-20260819.htm,True,
EYEG,2026-08-19 00:00:00,https://www.sec.gov/Archives/edgar/data/1372514/000137251426000077/0001372514-26-000077-index.htm,EX-10.1,EX-10.1,https://www.sec.gov/Archives/edgar/data/1372514/000137251426000077/ex101-exclusivelicenseagre.htm,False,
EYEG,2026-08-19 00:00:00,https://www.sec.gov/Archives/edgar/data/1372514/000137251426000077/0001372514-26-000077-index.htm,EX-99.1,EX-99.1,https://www.sec.gov/Archives/edgar/data/1372514/000137251426000077/ex991-pressreleaseckdaugus.htm,False,
LCNB,2026-08-19 00:00:00,https://www.sec.gov/Archives/edgar/data/1074902/000143774926028469/0001437749-26-028469-index.htm,8-K,FORM 8-K,https://www.sec.gov/Archives/edgar/data/1074902/000143774926028469/lcnb20260812_8k.htm,False,
LCNB,2026-08-19 00:00:00,https://www.sec.gov/Archives/edgar/data/1074902/000143774926028469/0001437749-26-028469-index.htm,EX-10.1,EXHIBIT 10.1 - ERIC CIC,https://www.sec.gov/Archives/edgar/data/1074902/000143774926028469/ex_1004118.htm,False,
LCNB,2026-08-19 00:00:00,https://www.sec.gov/Archives/edgar/data/1074902/000143774926028469/0001437749-26-028469-index.htm,EX-10.2,EXHIBIT 10.2 - ROB CIC,https://www.sec.gov/Archives/edgar/data/1074902/000143774926028469/ex_1004119.htm,False,
LCNB,2026-08-19 00:00:00,https://www.sec.gov/Archives/edgar/data/1074902/000143774926028469/0001437749-26-028469-index.htm,EX-99.1,EXHIBIT 99.1 - PRESS RELEASE,https://www.sec.gov/Archives/edgar/data/1074902/000143774926028469/ex_1004123.htm,False,
AVY,2026-08-19 00:00:00,https://www.sec.gov/Archives/edgar/data/8818/000000881826000141/0000008818-26-000141-index.htm,8-K,8-K,https://www.sec.gov/Archives/edgar/data/8818/000000881826000141/avy-20260818.htm,False,
FCHS,2026-08-19 00:00:00,https://www.sec.gov/Archives/edgar/data/1416876/000149315226039089/0001493152-26-039089-index.htm,8-K,8-K,https://www.sec.gov/Archives/edgar/data/1416876/000149315226039089/form8-k.htm,True,
DVLT,2026-08-19 00:00:00,https://www.sec.gov/Archives/edgar/data/1682149/000110465926098494/0001104659-26-098494-index.htm,8-K,FORM 8-K,https://www.sec.gov/Archives/edgar/data/1682149/000110465926098494/tm2623556d1_8k.htm,True,
DVLT,2026-08-19 00:00:00,https://www.sec.gov/Archives/edgar/data/1682149/000110465926098494/0001104659-26-098494-index.htm,EX-10.1,EXHIBIT 10.1,https://www.sec.gov/Archives/edgar/data/1682149/000110465926098494/tm2623556d1_ex10-1.htm,False,
DVLT,2026-08-19 00:00:00,https://www.sec.gov/Archives/edgar/data/1682149/000110465926098494/0001104659-26-098494-index.htm,EX-10.2,EXHIBIT 10.2,https://www.sec.gov/Archives/edgar/data/1682149/000110465926098494/tm2623556d1_ex10-2.htm,False,
WISA,2026-08-19 00:00:00,https://www.sec.gov/Archives/edgar/data/1682149/000110465926098494/0001104659-26-098494-index.htm,8-K,FORM 8-K,https://www.sec.gov/Archives/edgar/data/1682149/000110465926098494/tm2623556d1_8k.htm,True,
WISA,2026-08-19 00:00:00,https://www.sec.gov/Archives/edgar/data/1682149/000110465926098494/0001104659-26-098494-index.htm,EX-10.1,EXHIBIT 10.1,https://www.sec.gov/Archives/edgar/data/1682149/000110465926098494/tm2623556d1_ex10-1.htm,False,
WISA,2026-08-19 00:00:00,https://www.sec.gov/Archives/edgar/data/1682149/000110465926098494/0001104659-26-098494-index.htm,EX-10.2,EXHIBIT 10.2,https://www.sec.gov/Archives/edgar/data/1682149/000110465926098494/tm2623556d1_ex10-2.htm,False,
EDAP,2026-08-19 00:00:00,https://www.sec.gov/Archives/edgar/data/1041934/000110465926098487/0001104659-26-098487-index.htm,8-K,FORM 8-K,https://www.sec.gov/Archives/edgar/data/1041934/000110465926098487/tm2623508d1_8k.htm,False,
