symbol,cik,filingDate,acceptedDate,formType,hasFinancials,link,finalLink
SPMC,0001930147,2026-09-08 00:00:00,2026-09-08 17:29:43,8-K,False,https://www.sec.gov/Archives/edgar/data/1930147/000182912626009903/0001829126-26-009903-index.htm,https://www.sec.gov/Archives/edgar/data/1930147/000182912626009903/soundpointmeridian_8k.htm
EARN,0001560672,2026-09-08 00:00:00,2026-09-08 17:28:53,8-K,False,https://www.sec.gov/Archives/edgar/data/1560672/000162828026060947/0001628280-26-060947-index.htm,https://www.sec.gov/Archives/edgar/data/1560672/000162828026060947/earn-20260908.htm
ELLA,0001560672,2026-09-08 00:00:00,2026-09-08 17:28:53,8-K,False,https://www.sec.gov/Archives/edgar/data/1560672/000162828026060947/0001628280-26-060947-index.htm,https://www.sec.gov/Archives/edgar/data/1560672/000162828026060947/earn-20260908.htm
CHYM,0001795586,2026-09-08 00:00:00,2026-09-08 17:28:16,8-K,False,https://www.sec.gov/Archives/edgar/data/1795586/000119312526385383/0001193125-26-385383-index.htm,https://www.sec.gov/Archives/edgar/data/1795586/000119312526385383/d948605d8k.htm
EFC-PB,0001411342,2026-09-08 00:00:00,2026-09-08 17:27:53,8-K,False,https://www.sec.gov/Archives/edgar/data/1411342/000162828026060946/0001628280-26-060946-index.htm,https://www.sec.gov/Archives/edgar/data/1411342/000162828026060946/efc-20260908.htm
EFC-PE,0001411342,2026-09-08 00:00:00,2026-09-08 17:27:53,8-K,False,https://www.sec.gov/Archives/edgar/data/1411342/000162828026060946/0001628280-26-060946-index.htm,https://www.sec.gov/Archives/edgar/data/1411342/000162828026060946/efc-20260908.htm
EFC,0001411342,2026-09-08 00:00:00,2026-09-08 17:27:53,8-K,False,https://www.sec.gov/Archives/edgar/data/1411342/000162828026060946/0001628280-26-060946-index.htm,https://www.sec.gov/Archives/edgar/data/1411342/000162828026060946/efc-20260908.htm
EFC-PC,0001411342,2026-09-08 00:00:00,2026-09-08 17:27:53,8-K,False,https://www.sec.gov/Archives/edgar/data/1411342/000162828026060946/0001628280-26-060946-index.htm,https://www.sec.gov/Archives/edgar/data/1411342/000162828026060946/efc-20260908.htm
EFC-PD,0001411342,2026-09-08 00:00:00,2026-09-08 17:27:53,8-K,False,https://www.sec.gov/Archives/edgar/data/1411342/000162828026060946/0001628280-26-060946-index.htm,https://www.sec.gov/Archives/edgar/data/1411342/000162828026060946/efc-20260908.htm
EFC-PA,0001411342,2026-09-08 00:00:00,2026-09-08 17:27:53,8-K,False,https://www.sec.gov/Archives/edgar/data/1411342/000162828026060946/0001628280-26-060946-index.htm,https://www.sec.gov/Archives/edgar/data/1411342/000162828026060946/efc-20260908.htm
MUR,0000717423,2026-09-08 00:00:00,2026-09-08 17:27:51,8-K,False,https://www.sec.gov/Archives/edgar/data/717423/000095010326013671/0000950103-26-013671-index.htm,https://www.sec.gov/Archives/edgar/data/717423/000095010326013671/dp253091_8k.htm
OCGN,0001372299,2026-09-08 00:00:00,2026-09-08 17:27:11,8-K,False,https://www.sec.gov/Archives/edgar/data/1372299/000110465926105968/0001104659-26-105968-index.htm,https://www.sec.gov/Archives/edgar/data/1372299/000110465926105968/tm2624985d1_8k.htm
HSGX,0001372299,2026-09-08 00:00:00,2026-09-08 17:27:11,8-K,False,https://www.sec.gov/Archives/edgar/data/1372299/000110465926105968/0001104659-26-105968-index.htm,https://www.sec.gov/Archives/edgar/data/1372299/000110465926105968/tm2624985d1_8k.htm
RGEN,0000730272,2026-09-08 00:00:00,2026-09-08 17:26:46,8-K,False,https://www.sec.gov/Archives/edgar/data/730272/000119312526385380/0001193125-26-385380-index.htm,https://www.sec.gov/Archives/edgar/data/730272/000119312526385380/d131600d8k.htm
PACE,0001819404,2026-09-08 00:00:00,2026-09-08 17:25:21,8-K,False,https://www.sec.gov/Archives/edgar/data/1819404/000181940426000097/0001819404-26-000097-index.htm,https://www.sec.gov/Archives/edgar/data/1819404/000181940426000097/nrdy-20260901.htm
NRDY,0001819404,2026-09-08 00:00:00,2026-09-08 17:25:21,8-K,False,https://www.sec.gov/Archives/edgar/data/1819404/000181940426000097/0001819404-26-000097-index.htm,https://www.sec.gov/Archives/edgar/data/1819404/000181940426000097/nrdy-20260901.htm
NRDY-WT,0001819404,2026-09-08 00:00:00,2026-09-08 17:25:21,8-K,False,https://www.sec.gov/Archives/edgar/data/1819404/000181940426000097/0001819404-26-000097-index.htm,https://www.sec.gov/Archives/edgar/data/1819404/000181940426000097/nrdy-20260901.htm
PACE-UN,0001819404,2026-09-08 00:00:00,2026-09-08 17:25:21,8-K,False,https://www.sec.gov/Archives/edgar/data/1819404/000181940426000097/0001819404-26-000097-index.htm,https://www.sec.gov/Archives/edgar/data/1819404/000181940426000097/nrdy-20260901.htm
UPTD,0001844417,2026-09-08 00:00:00,2026-09-08 17:25:14,8-K,False,https://www.sec.gov/Archives/edgar/data/1844417/000121390026098123/0001213900-26-098123-index.htm,https://www.sec.gov/Archives/edgar/data/1844417/000121390026098123/ea030490301-8k_estrella.htm
UPTDU,0001844417,2026-09-08 00:00:00,2026-09-08 17:25:14,8-K,False,https://www.sec.gov/Archives/edgar/data/1844417/000121390026098123/0001213900-26-098123-index.htm,https://www.sec.gov/Archives/edgar/data/1844417/000121390026098123/ea030490301-8k_estrella.htm
UPTDW,0001844417,2026-09-08 00:00:00,2026-09-08 17:25:14,8-K,False,https://www.sec.gov/Archives/edgar/data/1844417/000121390026098123/0001213900-26-098123-index.htm,https://www.sec.gov/Archives/edgar/data/1844417/000121390026098123/ea030490301-8k_estrella.htm
ESLA,0001844417,2026-09-08 00:00:00,2026-09-08 17:25:14,8-K,False,https://www.sec.gov/Archives/edgar/data/1844417/000121390026098123/0001213900-26-098123-index.htm,https://www.sec.gov/Archives/edgar/data/1844417/000121390026098123/ea030490301-8k_estrella.htm
ESLAW,0001844417,2026-09-08 00:00:00,2026-09-08 17:25:14,8-K,False,https://www.sec.gov/Archives/edgar/data/1844417/000121390026098123/0001213900-26-098123-index.htm,https://www.sec.gov/Archives/edgar/data/1844417/000121390026098123/ea030490301-8k_estrella.htm
HEPA,0001583771,2026-09-08 00:00:00,2026-09-08 17:24:25,8-K,False,https://www.sec.gov/Archives/edgar/data/1583771/000149315226041801/0001493152-26-041801-index.htm,https://www.sec.gov/Archives/edgar/data/1583771/000149315226041801/form8-k.htm
STME,0001493712,2026-09-08 00:00:00,2026-09-08 17:23:07,8-K,False,https://www.sec.gov/Archives/edgar/data/1493712/000149371226000012/0001493712-26-000012-index.htm,https://www.sec.gov/Archives/edgar/data/1493712/000149371226000012/stme-20260824_8k.htm
CMXC,0001493712,2026-09-08 00:00:00,2026-09-08 17:23:07,8-K,False,https://www.sec.gov/Archives/edgar/data/1493712/000149371226000012/0001493712-26-000012-index.htm,https://www.sec.gov/Archives/edgar/data/1493712/000149371226000012/stme-20260824_8k.htm
WS,0001968487,2026-09-08 00:00:00,2026-09-08 17:20:54,8-K,False,https://www.sec.gov/Archives/edgar/data/1968487/000119312526385371/0001193125-26-385371-index.htm,https://www.sec.gov/Archives/edgar/data/1968487/000119312526385371/d104833d8k.htm
STZ-B,0000016918,2026-09-08 00:00:00,2026-09-08 17:20:04,8-K,False,https://www.sec.gov/Archives/edgar/data/16918/000001691826000034/0000016918-26-000034-index.htm,https://www.sec.gov/Archives/edgar/data/16918/000001691826000034/stz-20260908.htm
STZ,0000016918,2026-09-08 00:00:00,2026-09-08 17:20:04,8-K,False,https://www.sec.gov/Archives/edgar/data/16918/000001691826000034/0000016918-26-000034-index.htm,https://www.sec.gov/Archives/edgar/data/16918/000001691826000034/stz-20260908.htm
None,0001998387,2026-09-08 00:00:00,2026-09-08 17:19:09,8-K,False,https://www.sec.gov/Archives/edgar/data/1998387/000093041326002858/0000930413-26-002858-index.htm,https://www.sec.gov/Archives/edgar/data/1998387/000093041326002858/c117647_8k-ixbrl.htm
FCX,0000831259,2026-09-08 00:00:00,2026-09-08 17:18:34,8-K,False,https://www.sec.gov/Archives/edgar/data/831259/000083125926000038/0000831259-26-000038-index.htm,https://www.sec.gov/Archives/edgar/data/831259/000083125926000038/fcx-20260901.htm
ISR,0000728387,2026-09-08 00:00:00,2026-09-08 17:16:50,8-K,False,https://www.sec.gov/Archives/edgar/data/728387/000119312526385362/0001193125-26-385362-index.htm,https://www.sec.gov/Archives/edgar/data/728387/000119312526385362/catx-20260908.htm
CATX,0000728387,2026-09-08 00:00:00,2026-09-08 17:16:50,8-K,False,https://www.sec.gov/Archives/edgar/data/728387/000119312526385362/0001193125-26-385362-index.htm,https://www.sec.gov/Archives/edgar/data/728387/000119312526385362/catx-20260908.htm
JCS,0000022701,2026-09-08 00:00:00,2026-09-08 17:14:33,8-K,False,https://www.sec.gov/Archives/edgar/data/22701/000121390026098107/0001213900-26-098107-index.htm,https://www.sec.gov/Archives/edgar/data/22701/000121390026098107/ea030487602-8k425_sunation.htm
PEGY,0000022701,2026-09-08 00:00:00,2026-09-08 17:14:33,8-K,False,https://www.sec.gov/Archives/edgar/data/22701/000121390026098107/0001213900-26-098107-index.htm,https://www.sec.gov/Archives/edgar/data/22701/000121390026098107/ea030487602-8k425_sunation.htm
SUNE,0000022701,2026-09-08 00:00:00,2026-09-08 17:14:33,8-K,False,https://www.sec.gov/Archives/edgar/data/22701/000121390026098107/0001213900-26-098107-index.htm,https://www.sec.gov/Archives/edgar/data/22701/000121390026098107/ea030487602-8k425_sunation.htm
UTHR,0001082554,2026-09-08 00:00:00,2026-09-08 17:12:57,8-K,False,https://www.sec.gov/Archives/edgar/data/1082554/000110465926105953/0001104659-26-105953-index.htm,https://www.sec.gov/Archives/edgar/data/1082554/000110465926105953/tm2624887d1_8k.htm
JCS,0000022701,2026-09-08 00:00:00,2026-09-08 17:11:47,8-K,False,https://www.sec.gov/Archives/edgar/data/22701/000121390026098099/0001213900-26-098099-index.htm,https://www.sec.gov/Archives/edgar/data/22701/000121390026098099/ea030487601-8k425_sunation.htm
PEGY,0000022701,2026-09-08 00:00:00,2026-09-08 17:11:47,8-K,False,https://www.sec.gov/Archives/edgar/data/22701/000121390026098099/0001213900-26-098099-index.htm,https://www.sec.gov/Archives/edgar/data/22701/000121390026098099/ea030487601-8k425_sunation.htm
SUNE,0000022701,2026-09-08 00:00:00,2026-09-08 17:11:47,8-K,False,https://www.sec.gov/Archives/edgar/data/22701/000121390026098099/0001213900-26-098099-index.htm,https://www.sec.gov/Archives/edgar/data/22701/000121390026098099/ea030487601-8k425_sunation.htm
None,0001745648,2026-09-08 00:00:00,2026-09-08 17:10:53,8-K,True,https://www.sec.gov/Archives/edgar/data/1745648/000119312526385355/0001193125-26-385355-index.htm,https://www.sec.gov/Archives/edgar/data/1745648/000119312526385355/apmd-ex99_1.htm
None,0002081043,2026-09-08 00:00:00,2026-09-08 17:09:38,8-K,False,https://www.sec.gov/Archives/edgar/data/2081043/000114036126035939/0001140361-26-035939-index.htm,https://www.sec.gov/Archives/edgar/data/2081043/000114036126035939/ef20081508_8k.htm
CURLF,0001756770,2026-09-08 00:00:00,2026-09-08 17:08:55,8-K,False,https://www.sec.gov/Archives/edgar/data/1756770/000175677026000095/0001756770-26-000095-index.htm,https://www.sec.gov/Archives/edgar/data/1756770/000175677026000095/curlf-20260908.htm
BKYI,0001019034,2026-09-08 00:00:00,2026-09-08 17:04:03,8-K,False,https://www.sec.gov/Archives/edgar/data/1019034/000143774926029849/0001437749-26-029849-index.htm,https://www.sec.gov/Archives/edgar/data/1019034/000143774926029849/bkyi20260904_8k.htm
WHD,0001699136,2026-09-08 00:00:00,2026-09-08 17:03:00,8-K,False,https://www.sec.gov/Archives/edgar/data/1699136/000162828026060938/0001628280-26-060938-index.htm,https://www.sec.gov/Archives/edgar/data/1699136/000162828026060938/whd-20260908.htm
THC,0000070318,2026-09-08 00:00:00,2026-09-08 17:01:43,8-K,False,https://www.sec.gov/Archives/edgar/data/70318/000007031826000040/0000070318-26-000040-index.htm,https://www.sec.gov/Archives/edgar/data/70318/000007031826000040/thc-20260908.htm
BWNB,0001630805,2026-09-08 00:00:00,2026-09-08 17:00:23,8-K,False,https://www.sec.gov/Archives/edgar/data/1630805/000110465926105943/0001104659-26-105943-index.htm,https://www.sec.gov/Archives/edgar/data/1630805/000110465926105943/tm2624980d1_8k.htm
BW-PA,0001630805,2026-09-08 00:00:00,2026-09-08 17:00:23,8-K,False,https://www.sec.gov/Archives/edgar/data/1630805/000110465926105943/0001104659-26-105943-index.htm,https://www.sec.gov/Archives/edgar/data/1630805/000110465926105943/tm2624980d1_8k.htm
BW,0001630805,2026-09-08 00:00:00,2026-09-08 17:00:23,8-K,False,https://www.sec.gov/Archives/edgar/data/1630805/000110465926105943/0001104659-26-105943-index.htm,https://www.sec.gov/Archives/edgar/data/1630805/000110465926105943/tm2624980d1_8k.htm
BWSN,0001630805,2026-09-08 00:00:00,2026-09-08 17:00:23,8-K,False,https://www.sec.gov/Archives/edgar/data/1630805/000110465926105943/0001104659-26-105943-index.htm,https://www.sec.gov/Archives/edgar/data/1630805/000110465926105943/tm2624980d1_8k.htm
MNTN,0001891027,2026-09-08 00:00:00,2026-09-08 16:57:11,8-K,False,https://www.sec.gov/Archives/edgar/data/1891027/000189102726000089/0001891027-26-000089-index.htm,https://www.sec.gov/Archives/edgar/data/1891027/000189102726000089/mntn-20260903.htm
NBY,0001389545,2026-09-08 00:00:00,2026-09-08 16:55:39,8-K,False,https://www.sec.gov/Archives/edgar/data/1389545/000143774926029847/0001437749-26-029847-index.htm,https://www.sec.gov/Archives/edgar/data/1389545/000143774926029847/sdev20260903_8k.htm
AMLX,0001658551,2026-09-08 00:00:00,2026-09-08 16:54:32,8-K,False,https://www.sec.gov/Archives/edgar/data/1658551/000119312526385331/0001193125-26-385331-index.htm,https://www.sec.gov/Archives/edgar/data/1658551/000119312526385331/d160615d8k.htm
PAYOW,0001845815,2026-09-08 00:00:00,2026-09-08 16:52:37,8-K,False,https://www.sec.gov/Archives/edgar/data/1845815/000095010326013665/0000950103-26-013665-index.htm,https://www.sec.gov/Archives/edgar/data/1845815/000095010326013665/dp253036_8k.htm
PAYO,0001845815,2026-09-08 00:00:00,2026-09-08 16:52:37,8-K,False,https://www.sec.gov/Archives/edgar/data/1845815/000095010326013665/0000950103-26-013665-index.htm,https://www.sec.gov/Archives/edgar/data/1845815/000095010326013665/dp253036_8k.htm
NTIP,0001065078,2026-09-08 00:00:00,2026-09-08 16:51:09,8-K,False,https://www.sec.gov/Archives/edgar/data/1065078/000107261326000755/0001072613-26-000755-index.htm,https://www.sec.gov/Archives/edgar/data/1065078/000107261326000755/form8k.htm
BJDX,0001704287,2026-09-08 00:00:00,2026-09-08 16:50:29,8-K,False,https://www.sec.gov/Archives/edgar/data/1704287/000121390026098071/0001213900-26-098071-index.htm,https://www.sec.gov/Archives/edgar/data/1704287/000121390026098071/ea0304864-8k_bluejay.htm
ZCSH,0001720265,2026-09-08 00:00:00,2026-09-08 16:48:27,8-K,False,https://www.sec.gov/Archives/edgar/data/1720265/000119312526385317/0001193125-26-385317-index.htm,https://www.sec.gov/Archives/edgar/data/1720265/000119312526385317/zcsh-20260908.htm
STEP,0001796022,2026-09-08 00:00:00,2026-09-08 16:48:18,8-K,False,https://www.sec.gov/Archives/edgar/data/1796022/000179602226000006/0001796022-26-000006-index.htm,https://www.sec.gov/Archives/edgar/data/1796022/000179602226000006/step-20260908.htm
None,0002110105,2026-09-08 00:00:00,2026-09-08 16:46:55,8-K,False,https://www.sec.gov/Archives/edgar/data/2110105/000162828026060934/0001628280-26-060934-index.htm,https://www.sec.gov/Archives/edgar/data/2110105/000162828026060934/qnt-20260908.htm
AVEX,0002096300,2026-09-08 00:00:00,2026-09-08 16:43:38,8-K,False,https://www.sec.gov/Archives/edgar/data/2096300/000119312526385301/0001193125-26-385301-index.htm,https://www.sec.gov/Archives/edgar/data/2096300/000119312526385301/d930675d8k.htm
CON,0002014596,2026-09-08 00:00:00,2026-09-08 16:42:59,8-K,False,https://www.sec.gov/Archives/edgar/data/2014596/000201459626000064/0002014596-26-000064-index.htm,https://www.sec.gov/Archives/edgar/data/2014596/000201459626000064/cghp-20260904.htm
IKT,0001750149,2026-09-08 00:00:00,2026-09-08 16:41:28,8-K,False,https://www.sec.gov/Archives/edgar/data/1750149/000119312526385293/0001193125-26-385293-index.htm,https://www.sec.gov/Archives/edgar/data/1750149/000119312526385293/d152999d8k.htm
None,0001637757,2026-09-08 00:00:00,2026-09-08 16:39:42,8-K,False,https://www.sec.gov/Archives/edgar/data/1637757/000110465926105931/0001104659-26-105931-index.htm,https://www.sec.gov/Archives/edgar/data/1637757/000110465926105931/tm2624939d1_8k.htm
IPGP,0001111928,2026-09-08 00:00:00,2026-09-08 16:39:37,8-K,False,https://www.sec.gov/Archives/edgar/data/1111928/000111192826000169/0001111928-26-000169-index.htm,https://www.sec.gov/Archives/edgar/data/1111928/000111192826000169/ipgp-20260908.htm
CWEN,0001567683,2026-09-08 00:00:00,2026-09-08 16:39:31,8-K,False,https://www.sec.gov/Archives/edgar/data/1567683/000110465926105930/0001104659-26-105930-index.htm,https://www.sec.gov/Archives/edgar/data/1567683/000110465926105930/tm2624938d1_8k.htm
CWEN-A,0001567683,2026-09-08 00:00:00,2026-09-08 16:39:31,8-K,False,https://www.sec.gov/Archives/edgar/data/1567683/000110465926105930/0001104659-26-105930-index.htm,https://www.sec.gov/Archives/edgar/data/1567683/000110465926105930/tm2624938d1_8k.htm
GABC,0000714395,2026-09-08 00:00:00,2026-09-08 16:39:24,8-K,False,https://www.sec.gov/Archives/edgar/data/714395/000071439526000039/0000714395-26-000039-index.htm,https://www.sec.gov/Archives/edgar/data/714395/000071439526000039/gabc-20260908.htm
ADBE,0000796343,2026-09-08 00:00:00,2026-09-08 16:38:46,8-K,False,https://www.sec.gov/Archives/edgar/data/796343/000079634326000144/0000796343-26-000144-index.htm,https://www.sec.gov/Archives/edgar/data/796343/000079634326000144/adbe-20260902.htm
RES,0000742278,2026-09-08 00:00:00,2026-09-08 16:38:29,8-K,False,https://www.sec.gov/Archives/edgar/data/742278/000110465926105928/0001104659-26-105928-index.htm,https://www.sec.gov/Archives/edgar/data/742278/000110465926105928/res-20260903x8k.htm
INDB,0000776901,2026-09-08 00:00:00,2026-09-08 16:37:50,8-K,True,https://www.sec.gov/Archives/edgar/data/776901/000077690126000140/0000776901-26-000140-index.htm,https://www.sec.gov/Archives/edgar/data/776901/000077690126000140/investorpresentationslid.htm
ETS,0002053641,2026-09-08 00:00:00,2026-09-08 16:35:28,8-K,False,https://www.sec.gov/Archives/edgar/data/2053641/000110465926105925/0001104659-26-105925-index.htm,https://www.sec.gov/Archives/edgar/data/2053641/000110465926105925/tm2624935d1_8k.htm
None,0002027537,2026-09-08 00:00:00,2026-09-08 16:34:47,8-K,False,https://www.sec.gov/Archives/edgar/data/2027537/000119312526385271/0001193125-26-385271-index.htm,https://www.sec.gov/Archives/edgar/data/2027537/000119312526385271/d535517d8k.htm
None,0002033695,2026-09-08 00:00:00,2026-09-08 16:34:13,8-K,False,https://www.sec.gov/Archives/edgar/data/2033695/000119312526385270/0001193125-26-385270-index.htm,https://www.sec.gov/Archives/edgar/data/2033695/000119312526385270/ck0002033695-20260901.htm
KWR,0000081362,2026-09-08 00:00:00,2026-09-08 16:34:03,8-K,False,https://www.sec.gov/Archives/edgar/data/81362/000162828026060928/0001628280-26-060928-index.htm,https://www.sec.gov/Archives/edgar/data/81362/000162828026060928/kwr-20260904.htm
KFY,0000056679,2026-09-08 00:00:00,2026-09-08 16:33:50,8-K,False,https://www.sec.gov/Archives/edgar/data/56679/000005667926000023/0000056679-26-000023-index.htm,https://www.sec.gov/Archives/edgar/data/56679/000005667926000023/kfy-20260908.htm
FLL,0000891482,2026-09-08 00:00:00,2026-09-08 16:33:49,8-K,False,https://www.sec.gov/Archives/edgar/data/891482/000089148226000040/0000891482-26-000040-index.htm,https://www.sec.gov/Archives/edgar/data/891482/000089148226000040/fll-20260902x8k.htm
BFH,0001101215,2026-09-08 00:00:00,2026-09-08 16:32:48,8-K,False,https://www.sec.gov/Archives/edgar/data/1101215/000110121526000081/0001101215-26-000081-index.htm,https://www.sec.gov/Archives/edgar/data/1101215/000110121526000081/bfh-20260903.htm
ADS,0001101215,2026-09-08 00:00:00,2026-09-08 16:32:48,8-K,False,https://www.sec.gov/Archives/edgar/data/1101215/000110121526000081/0001101215-26-000081-index.htm,https://www.sec.gov/Archives/edgar/data/1101215/000110121526000081/bfh-20260903.htm
None,0002050260,2026-09-08 00:00:00,2026-09-08 16:32:40,8-K,False,https://www.sec.gov/Archives/edgar/data/2050260/000205026026000051/0002050260-26-000051-index.htm,https://www.sec.gov/Archives/edgar/data/2050260/000205026026000051/tpop-20260906.htm
ALG,0000897077,2026-09-08 00:00:00,2026-09-08 16:31:36,8-K,False,https://www.sec.gov/Archives/edgar/data/897077/000089707726000101/0000897077-26-000101-index.htm,https://www.sec.gov/Archives/edgar/data/897077/000089707726000101/alg-20260908.htm
AURCW,0001835856,2026-09-08 00:00:00,2026-09-08 16:31:32,8-K,False,https://www.sec.gov/Archives/edgar/data/1835856/000183585626000034/0001835856-26-000034-index.htm,https://www.sec.gov/Archives/edgar/data/1835856/000183585626000034/betr-20260901.htm
AURCU,0001835856,2026-09-08 00:00:00,2026-09-08 16:31:32,8-K,False,https://www.sec.gov/Archives/edgar/data/1835856/000183585626000034/0001835856-26-000034-index.htm,https://www.sec.gov/Archives/edgar/data/1835856/000183585626000034/betr-20260901.htm
AURC,0001835856,2026-09-08 00:00:00,2026-09-08 16:31:32,8-K,False,https://www.sec.gov/Archives/edgar/data/1835856/000183585626000034/0001835856-26-000034-index.htm,https://www.sec.gov/Archives/edgar/data/1835856/000183585626000034/betr-20260901.htm
MINDP,0000926423,2026-09-08 00:00:00,2026-09-08 16:30:58,8-K,True,https://www.sec.gov/Archives/edgar/data/926423/000143774926029839/0001437749-26-029839-index.htm,https://www.sec.gov/Archives/edgar/data/926423/000143774926029839/ex_979220.htm
MIND,0000926423,2026-09-08 00:00:00,2026-09-08 16:30:58,8-K,True,https://www.sec.gov/Archives/edgar/data/926423/000143774926029839/0001437749-26-029839-index.htm,https://www.sec.gov/Archives/edgar/data/926423/000143774926029839/ex_979220.htm
SOI,0001697500,2026-09-08 00:00:00,2026-09-08 16:30:55,8-K,False,https://www.sec.gov/Archives/edgar/data/1697500/000119312526385257/0001193125-26-385257-index.htm,https://www.sec.gov/Archives/edgar/data/1697500/000119312526385257/d441137d8k.htm
ALLE,0001579241,2026-09-08 00:00:00,2026-09-08 16:30:39,8-K,False,https://www.sec.gov/Archives/edgar/data/1579241/000110465926105920/0001104659-26-105920-index.htm,https://www.sec.gov/Archives/edgar/data/1579241/000110465926105920/tm2624796d1_8k.htm
TPG,0001880661,2026-09-08 00:00:00,2026-09-08 16:30:34,8-K,False,https://www.sec.gov/Archives/edgar/data/1880661/000188066126000051/0001880661-26-000051-index.htm,https://www.sec.gov/Archives/edgar/data/1880661/000188066126000051/tpg-20260906.htm
TPGXL,0001880661,2026-09-08 00:00:00,2026-09-08 16:30:34,8-K,False,https://www.sec.gov/Archives/edgar/data/1880661/000188066126000051/0001880661-26-000051-index.htm,https://www.sec.gov/Archives/edgar/data/1880661/000188066126000051/tpg-20260906.htm
ZBH,0001136869,2026-09-08 00:00:00,2026-09-08 16:30:26,8-K,False,https://www.sec.gov/Archives/edgar/data/1136869/000119312526385256/0001193125-26-385256-index.htm,https://www.sec.gov/Archives/edgar/data/1136869/000119312526385256/d304716d8k.htm
NBTB,0000790359,2026-09-08 00:00:00,2026-09-08 16:30:25,8-K,False,https://www.sec.gov/Archives/edgar/data/790359/000114036126035922/0001140361-26-035922-index.htm,https://www.sec.gov/Archives/edgar/data/790359/000114036126035922/ef20081737_8k.htm
HWKE,0001750777,2026-09-08 00:00:00,2026-09-08 16:30:16,8-K,False,https://www.sec.gov/Archives/edgar/data/1750777/000168316826007012/0001683168-26-007012-index.htm,https://www.sec.gov/Archives/edgar/data/1750777/000168316826007012/hawkeye_8k.htm
CASY,0000726958,2026-09-08 00:00:00,2026-09-08 16:29:49,8-K,True,https://www.sec.gov/Archives/edgar/data/726958/000072695826000084/0000726958-26-000084-index.htm,https://www.sec.gov/Archives/edgar/data/726958/000072695826000084/q1fy2027earningspressrelea.htm
MDRX,0001124804,2026-09-08 00:00:00,2026-09-08 16:29:11,8-K,False,https://www.sec.gov/Archives/edgar/data/1124804/000119312526385249/0001193125-26-385249-index.htm,https://www.sec.gov/Archives/edgar/data/1124804/000119312526385249/mdrx-20260908.htm
OGS,0001587732,2026-09-08 00:00:00,2026-09-08 16:27:23,8-K,False,https://www.sec.gov/Archives/edgar/data/1587732/000158773226000039/0001587732-26-000039-index.htm,https://www.sec.gov/Archives/edgar/data/1587732/000158773226000039/ogs-20260908.htm
SXTP,0001946563,2026-09-08 00:00:00,2026-09-08 16:27:21,8-K,False,https://www.sec.gov/Archives/edgar/data/1946563/000121390026098056/0001213900-26-098056-index.htm,https://www.sec.gov/Archives/edgar/data/1946563/000121390026098056/ea0304862-8k_60degrees.htm
SXTPW,0001946563,2026-09-08 00:00:00,2026-09-08 16:27:21,8-K,False,https://www.sec.gov/Archives/edgar/data/1946563/000121390026098056/0001213900-26-098056-index.htm,https://www.sec.gov/Archives/edgar/data/1946563/000121390026098056/ea0304862-8k_60degrees.htm
ATER,0001757715,2026-09-08 00:00:00,2026-09-08 16:25:00,8-K,False,https://www.sec.gov/Archives/edgar/data/1757715/000143774926029837/0001437749-26-029837-index.htm,https://www.sec.gov/Archives/edgar/data/1757715/000143774926029837/ater20260902_8k.htm
VRSK,0001442145,2026-09-08 00:00:00,2026-09-08 16:24:55,8-K,False,https://www.sec.gov/Archives/edgar/data/1442145/000119312526385242/0001193125-26-385242-index.htm,https://www.sec.gov/Archives/edgar/data/1442145/000119312526385242/d133172d8k.htm
AMTB,0001734342,2026-09-08 00:00:00,2026-09-08 16:24:29,8-K,False,https://www.sec.gov/Archives/edgar/data/1734342/000173434226000081/0001734342-26-000081-index.htm,https://www.sec.gov/Archives/edgar/data/1734342/000173434226000081/amtb-20260904.htm
AMTBB,0001734342,2026-09-08 00:00:00,2026-09-08 16:24:29,8-K,False,https://www.sec.gov/Archives/edgar/data/1734342/000173434226000081/0001734342-26-000081-index.htm,https://www.sec.gov/Archives/edgar/data/1734342/000173434226000081/amtb-20260904.htm
ESP,0000033533,2026-09-08 00:00:00,2026-09-08 16:24:07,8-K,False,https://www.sec.gov/Archives/edgar/data/33533/000117494726000848/0001174947-26-000848-index.htm,https://www.sec.gov/Archives/edgar/data/33533/000117494726000848/form8k-36314_esp.htm
URI,0001067701,2026-09-08 00:00:00,2026-09-08 16:23:50,8-K,False,https://www.sec.gov/Archives/edgar/data/1067701/000119312526385238/0001193125-26-385238-index.htm,https://www.sec.gov/Archives/edgar/data/1047166/000119312526385238/uri-20260908.htm
None,0001047166,2026-09-08 00:00:00,2026-09-08 16:23:50,8-K,False,https://www.sec.gov/Archives/edgar/data/1047166/000119312526385238/0001193125-26-385238-index.htm,https://www.sec.gov/Archives/edgar/data/1047166/000119312526385238/uri-20260908.htm
BHE,0000863436,2026-09-08 00:00:00,2026-09-08 16:23:10,8-K,False,https://www.sec.gov/Archives/edgar/data/863436/000119312526385235/0001193125-26-385235-index.htm,https://www.sec.gov/Archives/edgar/data/863436/000119312526385235/bhe-20260908.htm
BBBY,0001130713,2026-09-08 00:00:00,2026-09-08 16:22:43,8-K,False,https://www.sec.gov/Archives/edgar/data/1130713/000114036126035920/0001140361-26-035920-index.htm,https://www.sec.gov/Archives/edgar/data/1130713/000114036126035920/ef20081710_8k.htm
BYON,0001130713,2026-09-08 00:00:00,2026-09-08 16:22:43,8-K,False,https://www.sec.gov/Archives/edgar/data/1130713/000114036126035920/0001140361-26-035920-index.htm,https://www.sec.gov/Archives/edgar/data/1130713/000114036126035920/ef20081710_8k.htm
NXH,0001130713,2026-09-08 00:00:00,2026-09-08 16:22:43,8-K,False,https://www.sec.gov/Archives/edgar/data/1130713/000114036126035920/0001140361-26-035920-index.htm,https://www.sec.gov/Archives/edgar/data/1130713/000114036126035920/ef20081710_8k.htm
OSTKO,0001130713,2026-09-08 00:00:00,2026-09-08 16:22:43,8-K,False,https://www.sec.gov/Archives/edgar/data/1130713/000114036126035920/0001140361-26-035920-index.htm,https://www.sec.gov/Archives/edgar/data/1130713/000114036126035920/ef20081710_8k.htm
OSTK,0001130713,2026-09-08 00:00:00,2026-09-08 16:22:43,8-K,False,https://www.sec.gov/Archives/edgar/data/1130713/000114036126035920/0001140361-26-035920-index.htm,https://www.sec.gov/Archives/edgar/data/1130713/000114036126035920/ef20081710_8k.htm
OSTBP,0001130713,2026-09-08 00:00:00,2026-09-08 16:22:43,8-K,False,https://www.sec.gov/Archives/edgar/data/1130713/000114036126035920/0001140361-26-035920-index.htm,https://www.sec.gov/Archives/edgar/data/1130713/000114036126035920/ef20081710_8k.htm
SFD,0000091388,2026-09-08 00:00:00,2026-09-08 16:20:45,8-K,False,https://www.sec.gov/Archives/edgar/data/91388/000009138826000056/0000091388-26-000056-index.htm,https://www.sec.gov/Archives/edgar/data/91388/000009138826000056/sfd-20260908.htm
EPRT,0001728951,2026-09-08 00:00:00,2026-09-08 16:20:23,8-K,False,https://www.sec.gov/Archives/edgar/data/1728951/000172895126000054/0001728951-26-000054-index.htm,https://www.sec.gov/Archives/edgar/data/1728951/000172895126000054/eprt-20260904.htm
None,0001329842,2026-09-08 00:00:00,2026-09-08 16:19:30,8-K,False,https://www.sec.gov/Archives/edgar/data/1329842/000165495426008185/0001654954-26-008185-index.htm,https://www.sec.gov/Archives/edgar/data/1329842/000165495426008185/fhlbny_8k.htm
BBOT,0001869105,2026-09-08 00:00:00,2026-09-08 16:19:06,8-K,False,https://www.sec.gov/Archives/edgar/data/1869105/000119312526385225/0001193125-26-385225-index.htm,https://www.sec.gov/Archives/edgar/data/1869105/000119312526385225/d97546d8k.htm
HLXB,0001869105,2026-09-08 00:00:00,2026-09-08 16:19:06,8-K,False,https://www.sec.gov/Archives/edgar/data/1869105/000119312526385225/0001193125-26-385225-index.htm,https://www.sec.gov/Archives/edgar/data/1869105/000119312526385225/d97546d8k.htm
EL,0001001250,2026-09-08 00:00:00,2026-09-08 16:18:36,8-K,False,https://www.sec.gov/Archives/edgar/data/1001250/000100125026000045/0001001250-26-000045-index.htm,https://www.sec.gov/Archives/edgar/data/1001250/000100125026000045/el-20260908.htm
CPPTL,0001837671,2026-09-08 00:00:00,2026-09-08 16:18:21,8-K,False,https://www.sec.gov/Archives/edgar/data/1837671/000183767126000075/0001837671-26-000075-index.htm,https://www.sec.gov/Archives/edgar/data/1837671/000183767126000075/cpt-20260908.htm
SATL,0001874315,2026-09-08 00:00:00,2026-09-08 16:18:07,8-K,False,https://www.sec.gov/Archives/edgar/data/1874315/000187431526000042/0001874315-26-000042-index.htm,https://www.sec.gov/Archives/edgar/data/1874315/000187431526000042/satl-20260904.htm
SATLW,0001874315,2026-09-08 00:00:00,2026-09-08 16:18:07,8-K,False,https://www.sec.gov/Archives/edgar/data/1874315/000187431526000042/0001874315-26-000042-index.htm,https://www.sec.gov/Archives/edgar/data/1874315/000187431526000042/satl-20260904.htm
SSTK,0001549346,2026-09-08 00:00:00,2026-09-08 16:18:04,8-K,False,https://www.sec.gov/Archives/edgar/data/1549346/000114036126035918/0001140361-26-035918-index.htm,https://www.sec.gov/Archives/edgar/data/1549346/000114036126035918/ef20081694_8k.htm
AVO,0001802974,2026-09-08 00:00:00,2026-09-08 16:17:40,8-K,True,https://www.sec.gov/Archives/edgar/data/1802974/000180297426000042/0001802974-26-000042-index.htm,https://www.sec.gov/Archives/edgar/data/1802974/000180297426000042/exh991avoq32026earningsrel.htm
None,0001976927,2026-09-08 00:00:00,2026-09-08 16:17:30,8-K,False,https://www.sec.gov/Archives/edgar/data/1976927/000197692726000069/0001976927-26-000069-index.htm,https://www.sec.gov/Archives/edgar/data/1976927/000197692726000069/incref-20260901.htm
ACET,0001720580,2026-09-08 00:00:00,2026-09-08 16:17:25,8-K,False,https://www.sec.gov/Archives/edgar/data/1720580/000172058026000056/0001720580-26-000056-index.htm,https://www.sec.gov/Archives/edgar/data/1720580/000172058026000056/acet-20260908.htm
IGR,0001268884,2026-09-08 00:00:00,2026-09-08 16:17:19,8-K,False,https://www.sec.gov/Archives/edgar/data/1268884/000119312526385219/0001193125-26-385219-index.htm,https://www.sec.gov/Archives/edgar/data/1268884/000119312526385219/d157984d8k.htm
CVI,0001376139,2026-09-08 00:00:00,2026-09-08 16:17:00,8-K,False,https://www.sec.gov/Archives/edgar/data/1376139/000137613926000041/0001376139-26-000041-index.htm,https://www.sec.gov/Archives/edgar/data/1376139/000137613926000041/cvi-20260908.htm
None,0000028385,2026-09-08 00:00:00,2026-09-08 16:16:54,8-K,False,https://www.sec.gov/Archives/edgar/data/28385/000093634026000156/0000936340-26-000156-index.htm,https://www.sec.gov/Archives/edgar/data/28385/000093634026000156/dte-20260908.htm
DTP,0000936340,2026-09-08 00:00:00,2026-09-08 16:16:54,8-K,False,https://www.sec.gov/Archives/edgar/data/936340/000093634026000156/0000936340-26-000156-index.htm,https://www.sec.gov/Archives/edgar/data/28385/000093634026000156/dte-20260908.htm
DTW,0000936340,2026-09-08 00:00:00,2026-09-08 16:16:54,8-K,False,https://www.sec.gov/Archives/edgar/data/936340/000093634026000156/0000936340-26-000156-index.htm,https://www.sec.gov/Archives/edgar/data/28385/000093634026000156/dte-20260908.htm
DTE,0000936340,2026-09-08 00:00:00,2026-09-08 16:16:54,8-K,False,https://www.sec.gov/Archives/edgar/data/936340/000093634026000156/0000936340-26-000156-index.htm,https://www.sec.gov/Archives/edgar/data/28385/000093634026000156/dte-20260908.htm
DTJ,0000936340,2026-09-08 00:00:00,2026-09-08 16:16:54,8-K,False,https://www.sec.gov/Archives/edgar/data/936340/000093634026000156/0000936340-26-000156-index.htm,https://www.sec.gov/Archives/edgar/data/28385/000093634026000156/dte-20260908.htm
DTG,0000936340,2026-09-08 00:00:00,2026-09-08 16:16:54,8-K,False,https://www.sec.gov/Archives/edgar/data/936340/000093634026000156/0000936340-26-000156-index.htm,https://www.sec.gov/Archives/edgar/data/28385/000093634026000156/dte-20260908.htm
DTB,0000936340,2026-09-08 00:00:00,2026-09-08 16:16:54,8-K,False,https://www.sec.gov/Archives/edgar/data/936340/000093634026000156/0000936340-26-000156-index.htm,https://www.sec.gov/Archives/edgar/data/28385/000093634026000156/dte-20260908.htm
AII,0002007587,2026-09-08 00:00:00,2026-09-08 16:16:48,8-K,True,https://www.sec.gov/Archives/edgar/data/2007587/000200758726000106/0002007587-26-000106-index.htm,https://www.sec.gov/Archives/edgar/data/2007587/000200758726000106/q2investordeck982026pdfv.htm
AHCO,0001725255,2026-09-08 00:00:00,2026-09-08 16:16:29,8-K,False,https://www.sec.gov/Archives/edgar/data/1725255/000110465926105912/0001104659-26-105912-index.htm,https://www.sec.gov/Archives/edgar/data/1725255/000110465926105912/tm2624956d1_8k.htm
CPPTL,0001837671,2026-09-08 00:00:00,2026-09-08 16:15:59,8-K,True,https://www.sec.gov/Archives/edgar/data/1837671/000183767126000073/0001837671-26-000073-index.htm,https://www.sec.gov/Archives/edgar/data/1837671/000183767126000073/cptexhibit991aug26.htm
LTBR,0001084554,2026-09-08 00:00:00,2026-09-08 16:15:32,8-K,False,https://www.sec.gov/Archives/edgar/data/1084554/000147793226005448/0001477932-26-005448-index.htm,https://www.sec.gov/Archives/edgar/data/1084554/000147793226005448/ltbr_8k.htm
None,0002131350,2026-09-08 00:00:00,2026-09-08 16:15:28,8-K,False,https://www.sec.gov/Archives/edgar/data/2131350/000119312526385209/0001193125-26-385209-index.htm,https://www.sec.gov/Archives/edgar/data/2131350/000119312526385209/d102609d8k.htm
ORCC,0001655888,2026-09-08 00:00:00,2026-09-08 16:15:25,8-K,False,https://www.sec.gov/Archives/edgar/data/1655888/000119312526385210/0001193125-26-385210-index.htm,https://www.sec.gov/Archives/edgar/data/1655888/000119312526385210/d168192d8k.htm
OBDC,0001655888,2026-09-08 00:00:00,2026-09-08 16:15:25,8-K,False,https://www.sec.gov/Archives/edgar/data/1655888/000119312526385210/0001193125-26-385210-index.htm,https://www.sec.gov/Archives/edgar/data/1655888/000119312526385210/d168192d8k.htm
IMG,0001527613,2026-09-08 00:00:00,2026-09-08 16:15:24,8-K,False,https://www.sec.gov/Archives/edgar/data/1527613/000149315226041774/0001493152-26-041774-index.htm,https://www.sec.gov/Archives/edgar/data/1527613/000149315226041774/form8-k.htm
NUZE,0001527613,2026-09-08 00:00:00,2026-09-08 16:15:24,8-K,False,https://www.sec.gov/Archives/edgar/data/1527613/000149315226041774/0001493152-26-041774-index.htm,https://www.sec.gov/Archives/edgar/data/1527613/000149315226041774/form8-k.htm
GIG,0002023730,2026-09-08 00:00:00,2026-09-08 16:15:22,8-K,False,https://www.sec.gov/Archives/edgar/data/2023730/000119312526385208/0001193125-26-385208-index.htm,https://www.sec.gov/Archives/edgar/data/2023730/000119312526385208/d126485d8k.htm
HDRN,0002023730,2026-09-08 00:00:00,2026-09-08 16:15:22,8-K,False,https://www.sec.gov/Archives/edgar/data/2023730/000119312526385208/0001193125-26-385208-index.htm,https://www.sec.gov/Archives/edgar/data/2023730/000119312526385208/d126485d8k.htm
APPS,0000317788,2026-09-08 00:00:00,2026-09-08 16:15:11,8-K,False,https://www.sec.gov/Archives/edgar/data/317788/000162828026060913/0001628280-26-060913-index.htm,https://www.sec.gov/Archives/edgar/data/317788/000162828026060913/apps-20260901.htm
XPOF,0001802156,2026-09-08 00:00:00,2026-09-08 16:14:19,8-K,False,https://www.sec.gov/Archives/edgar/data/1802156/000119312526385205/0001193125-26-385205-index.htm,https://www.sec.gov/Archives/edgar/data/1802156/000119312526385205/d535618d8k.htm
LOOP,0001504678,2026-09-08 00:00:00,2026-09-08 16:13:11,8-K,False,https://www.sec.gov/Archives/edgar/data/1504678/000143774926029827/0001437749-26-029827-index.htm,https://www.sec.gov/Archives/edgar/data/1504678/000143774926029827/loop20260908_8k.htm
INNV,0001834376,2026-09-08 00:00:00,2026-09-08 16:11:29,8-K,True,https://www.sec.gov/Archives/edgar/data/1834376/000183437626000047/0001834376-26-000047-index.htm,https://www.sec.gov/Archives/edgar/data/1834376/000183437626000047/innv-20260908xexx991.htm
BNED,0001634117,2026-09-08 00:00:00,2026-09-08 16:10:35,8-K,True,https://www.sec.gov/Archives/edgar/data/1634117/000163411726000090/0001634117-26-000090-index.htm,https://www.sec.gov/Archives/edgar/data/1634117/000163411726000090/exhibit992-20260802q1fy27e.htm
NWBI,0001471265,2026-09-08 00:00:00,2026-09-08 16:10:34,8-K,False,https://www.sec.gov/Archives/edgar/data/1471265/000147126526000040/0001471265-26-000040-index.htm,https://www.sec.gov/Archives/edgar/data/1471265/000147126526000040/nwbi-20260908.htm
ANY,0001591956,2026-09-08 00:00:00,2026-09-08 16:10:14,8-K,False,https://www.sec.gov/Archives/edgar/data/1591956/000121390026098043/0001213900-26-098043-index.htm,https://www.sec.gov/Archives/edgar/data/1591956/000121390026098043/ea0304863-8k_sphere.htm
NKTR,0000906709,2026-09-08 00:00:00,2026-09-08 16:10:14,8-K,False,https://www.sec.gov/Archives/edgar/data/906709/000121390026098042/0001213900-26-098042-index.htm,https://www.sec.gov/Archives/edgar/data/906709/000121390026098042/ea0304798-8k_nektar.htm
SNAP,0001564408,2026-09-08 00:00:00,2026-09-08 16:10:08,8-K,False,https://www.sec.gov/Archives/edgar/data/1564408/000119312526385199/0001193125-26-385199-index.htm,https://www.sec.gov/Archives/edgar/data/1564408/000119312526385199/d129201d8k.htm
ECG,0002015845,2026-09-08 00:00:00,2026-09-08 16:08:52,8-K,False,https://www.sec.gov/Archives/edgar/data/2015845/000201584526000056/0002015845-26-000056-index.htm,https://www.sec.gov/Archives/edgar/data/2015845/000201584526000056/ecg-20260901.htm
BRZE,0001676238,2026-09-08 00:00:00,2026-09-08 16:07:05,8-K,True,https://www.sec.gov/Archives/edgar/data/1676238/000167623826000039/0001676238-26-000039-index.htm,https://www.sec.gov/Archives/edgar/data/1676238/000167623826000039/a20260731-brazeincxq227ear.htm
BRVE,0002131524,2026-09-08 00:00:00,2026-09-08 16:06:55,8-K,True,https://www.sec.gov/Archives/edgar/data/2131524/000162828026060904/0001628280-26-060904-index.htm,https://www.sec.gov/Archives/edgar/data/2131524/000162828026060904/brve-q2268xkex991xearnings.htm
WHLRP,0001527541,2026-09-08 00:00:00,2026-09-08 16:06:46,8-K,False,https://www.sec.gov/Archives/edgar/data/1527541/000152754126000331/0001527541-26-000331-index.htm,https://www.sec.gov/Archives/edgar/data/1527541/000152754126000331/whlr-20260902.htm
WHLRL,0001527541,2026-09-08 00:00:00,2026-09-08 16:06:46,8-K,False,https://www.sec.gov/Archives/edgar/data/1527541/000152754126000331/0001527541-26-000331-index.htm,https://www.sec.gov/Archives/edgar/data/1527541/000152754126000331/whlr-20260902.htm
WHLRD,0001527541,2026-09-08 00:00:00,2026-09-08 16:06:46,8-K,False,https://www.sec.gov/Archives/edgar/data/1527541/000152754126000331/0001527541-26-000331-index.htm,https://www.sec.gov/Archives/edgar/data/1527541/000152754126000331/whlr-20260902.htm
WHLR,0001527541,2026-09-08 00:00:00,2026-09-08 16:06:46,8-K,False,https://www.sec.gov/Archives/edgar/data/1527541/000152754126000331/0001527541-26-000331-index.htm,https://www.sec.gov/Archives/edgar/data/1527541/000152754126000331/whlr-20260902.htm
WHLRW,0001527541,2026-09-08 00:00:00,2026-09-08 16:06:46,8-K,False,https://www.sec.gov/Archives/edgar/data/1527541/000152754126000331/0001527541-26-000331-index.htm,https://www.sec.gov/Archives/edgar/data/1527541/000152754126000331/whlr-20260902.htm
TTAN,0001638826,2026-09-08 00:00:00,2026-09-08 16:06:37,8-K,True,https://www.sec.gov/Archives/edgar/data/1638826/000163882626000093/0001638826-26-000093-index.htm,https://www.sec.gov/Archives/edgar/data/1638826/000163882626000093/ttan-ex99_1.htm
BJ,0001531152,2026-09-08 00:00:00,2026-09-08 16:06:21,8-K,False,https://www.sec.gov/Archives/edgar/data/1531152/000110465926105906/0001104659-26-105906-index.htm,https://www.sec.gov/Archives/edgar/data/1531152/000110465926105906/tm2624998d1_8k.htm
CARL,0001794546,2026-09-08 00:00:00,2026-09-08 16:06:16,8-K,False,https://www.sec.gov/Archives/edgar/data/1794546/000179454626000018/0001794546-26-000018-index.htm,https://www.sec.gov/Archives/edgar/data/1794546/000179454626000018/carl-20260904.htm
SGMOQ,0001001233,2026-09-08 00:00:00,2026-09-08 16:06:07,8-K,True,https://www.sec.gov/Archives/edgar/data/1001233/000110465926105905/0001104659-26-105905-index.htm,https://www.sec.gov/Archives/edgar/data/1001233/000110465926105905/tm2624942d1_ex99-1.htm
SGMO,0001001233,2026-09-08 00:00:00,2026-09-08 16:06:07,8-K,True,https://www.sec.gov/Archives/edgar/data/1001233/000110465926105905/0001104659-26-105905-index.htm,https://www.sec.gov/Archives/edgar/data/1001233/000110465926105905/tm2624942d1_ex99-1.htm
FCCO,0000932781,2026-09-08 00:00:00,2026-09-08 16:05:33,8-K,False,https://www.sec.gov/Archives/edgar/data/932781/000155278126000475/0001552781-26-000475-index.htm,https://www.sec.gov/Archives/edgar/data/932781/000155278126000475/e26377_fcco-8k.htm
SAFX,0002019793,2026-09-08 00:00:00,2026-09-08 16:05:30,8-K,False,https://www.sec.gov/Archives/edgar/data/2019793/000149315226041766/0001493152-26-041766-index.htm,https://www.sec.gov/Archives/edgar/data/2019793/000149315226041766/form8-k.htm
MDRR,0001654595,2026-09-08 00:00:00,2026-09-08 16:05:28,8-K,True,https://www.sec.gov/Archives/edgar/data/1654595/000110465926105902/0001104659-26-105902-index.htm,https://www.sec.gov/Archives/edgar/data/1654595/000110465926105902/mdrr-20260901xex99d1.htm
MDRRP,0001654595,2026-09-08 00:00:00,2026-09-08 16:05:28,8-K,True,https://www.sec.gov/Archives/edgar/data/1654595/000110465926105902/0001104659-26-105902-index.htm,https://www.sec.gov/Archives/edgar/data/1654595/000110465926105902/mdrr-20260901xex99d1.htm
CTSO,0001175151,2026-09-08 00:00:00,2026-09-08 16:05:26,8-K,False,https://www.sec.gov/Archives/edgar/data/1175151/000110465926105901/0001104659-26-105901-index.htm,https://www.sec.gov/Archives/edgar/data/1175151/000110465926105901/tm2624941d1_8k.htm
NTLA,0001652130,2026-09-08 00:00:00,2026-09-08 16:05:15,8-K,False,https://www.sec.gov/Archives/edgar/data/1652130/000119312526385194/0001193125-26-385194-index.htm,https://www.sec.gov/Archives/edgar/data/1652130/000119312526385194/ntla-20260908.htm
FIISO,0000862831,2026-09-08 00:00:00,2026-09-08 16:05:14,8-K,False,https://www.sec.gov/Archives/edgar/data/862831/000119312526385193/0001193125-26-385193-index.htm,https://www.sec.gov/Archives/edgar/data/862831/000119312526385193/fisi-20260908.htm
FISI,0000862831,2026-09-08 00:00:00,2026-09-08 16:05:14,8-K,False,https://www.sec.gov/Archives/edgar/data/862831/000119312526385193/0001193125-26-385193-index.htm,https://www.sec.gov/Archives/edgar/data/862831/000119312526385193/fisi-20260908.htm
ARCB,0000894405,2026-09-08 00:00:00,2026-09-08 16:05:10,8-K,False,https://www.sec.gov/Archives/edgar/data/894405/000110465926105900/0001104659-26-105900-index.htm,https://www.sec.gov/Archives/edgar/data/894405/000110465926105900/arcb-20260908x8k.htm
UNH,0000731766,2026-09-08 00:00:00,2026-09-08 16:04:56,8-K,False,https://www.sec.gov/Archives/edgar/data/731766/000073176626000205/0000731766-26-000205-index.htm,https://www.sec.gov/Archives/edgar/data/731766/000073176626000205/unh-20260908.htm
ENBA,0000895728,2026-09-08 00:00:00,2026-09-08 16:04:43,8-K,False,https://www.sec.gov/Archives/edgar/data/895728/000110465926105899/0001104659-26-105899-index.htm,https://www.sec.gov/Archives/edgar/data/895728/000110465926105899/tm2624881d2_8k.htm
ENBNF,0000895728,2026-09-08 00:00:00,2026-09-08 16:04:43,8-K,False,https://www.sec.gov/Archives/edgar/data/895728/000110465926105899/0001104659-26-105899-index.htm,https://www.sec.gov/Archives/edgar/data/895728/000110465926105899/tm2624881d2_8k.htm
ENBFF,0000895728,2026-09-08 00:00:00,2026-09-08 16:04:43,8-K,False,https://www.sec.gov/Archives/edgar/data/895728/000110465926105899/0001104659-26-105899-index.htm,https://www.sec.gov/Archives/edgar/data/895728/000110465926105899/tm2624881d2_8k.htm
ENBHF,0000895728,2026-09-08 00:00:00,2026-09-08 16:04:43,8-K,False,https://www.sec.gov/Archives/edgar/data/895728/000110465926105899/0001104659-26-105899-index.htm,https://www.sec.gov/Archives/edgar/data/895728/000110465926105899/tm2624881d2_8k.htm
EBBNF,0000895728,2026-09-08 00:00:00,2026-09-08 16:04:43,8-K,False,https://www.sec.gov/Archives/edgar/data/895728/000110465926105899/0001104659-26-105899-index.htm,https://www.sec.gov/Archives/edgar/data/895728/000110465926105899/tm2624881d2_8k.htm
EBGEF,0000895728,2026-09-08 00:00:00,2026-09-08 16:04:43,8-K,False,https://www.sec.gov/Archives/edgar/data/895728/000110465926105899/0001104659-26-105899-index.htm,https://www.sec.gov/Archives/edgar/data/895728/000110465926105899/tm2624881d2_8k.htm
ENBGF,0000895728,2026-09-08 00:00:00,2026-09-08 16:04:43,8-K,False,https://www.sec.gov/Archives/edgar/data/895728/000110465926105899/0001104659-26-105899-index.htm,https://www.sec.gov/Archives/edgar/data/895728/000110465926105899/tm2624881d2_8k.htm
ENBOF,0000895728,2026-09-08 00:00:00,2026-09-08 16:04:43,8-K,False,https://www.sec.gov/Archives/edgar/data/895728/000110465926105899/0001104659-26-105899-index.htm,https://www.sec.gov/Archives/edgar/data/895728/000110465926105899/tm2624881d2_8k.htm
EBBGF,0000895728,2026-09-08 00:00:00,2026-09-08 16:04:43,8-K,False,https://www.sec.gov/Archives/edgar/data/895728/000110465926105899/0001104659-26-105899-index.htm,https://www.sec.gov/Archives/edgar/data/895728/000110465926105899/tm2624881d2_8k.htm
ENBBF,0000895728,2026-09-08 00:00:00,2026-09-08 16:04:43,8-K,False,https://www.sec.gov/Archives/edgar/data/895728/000110465926105899/0001104659-26-105899-index.htm,https://www.sec.gov/Archives/edgar/data/895728/000110465926105899/tm2624881d2_8k.htm
EBRGF,0000895728,2026-09-08 00:00:00,2026-09-08 16:04:43,8-K,False,https://www.sec.gov/Archives/edgar/data/895728/000110465926105899/0001104659-26-105899-index.htm,https://www.sec.gov/Archives/edgar/data/895728/000110465926105899/tm2624881d2_8k.htm
ENB,0000895728,2026-09-08 00:00:00,2026-09-08 16:04:43,8-K,False,https://www.sec.gov/Archives/edgar/data/895728/000110465926105899/0001104659-26-105899-index.htm,https://www.sec.gov/Archives/edgar/data/895728/000110465926105899/tm2624881d2_8k.htm
ENBRF,0000895728,2026-09-08 00:00:00,2026-09-08 16:04:43,8-K,False,https://www.sec.gov/Archives/edgar/data/895728/000110465926105899/0001104659-26-105899-index.htm,https://www.sec.gov/Archives/edgar/data/895728/000110465926105899/tm2624881d2_8k.htm
ENNPF,0000895728,2026-09-08 00:00:00,2026-09-08 16:04:43,8-K,False,https://www.sec.gov/Archives/edgar/data/895728/000110465926105899/0001104659-26-105899-index.htm,https://www.sec.gov/Archives/edgar/data/895728/000110465926105899/tm2624881d2_8k.htm
EBRZF,0000895728,2026-09-08 00:00:00,2026-09-08 16:04:43,8-K,False,https://www.sec.gov/Archives/edgar/data/895728/000110465926105899/0001104659-26-105899-index.htm,https://www.sec.gov/Archives/edgar/data/895728/000110465926105899/tm2624881d2_8k.htm
ENBMF,0000895728,2026-09-08 00:00:00,2026-09-08 16:04:43,8-K,False,https://www.sec.gov/Archives/edgar/data/895728/000110465926105899/0001104659-26-105899-index.htm,https://www.sec.gov/Archives/edgar/data/895728/000110465926105899/tm2624881d2_8k.htm
ENBSF,0000895728,2026-09-08 00:00:00,2026-09-08 16:04:43,8-K,False,https://www.sec.gov/Archives/edgar/data/895728/000110465926105899/0001104659-26-105899-index.htm,https://www.sec.gov/Archives/edgar/data/895728/000110465926105899/tm2624881d2_8k.htm
AQMS,0001621832,2026-09-08 00:00:00,2026-09-08 16:04:19,8-K,False,https://www.sec.gov/Archives/edgar/data/1621832/000143774926029824/0001437749-26-029824-index.htm,https://www.sec.gov/Archives/edgar/data/1621832/000143774926029824/aqms20260907_8k.htm
LIQT,0001307579,2026-09-08 00:00:00,2026-09-08 16:03:21,8-K,False,https://www.sec.gov/Archives/edgar/data/1307579/000143774926029823/0001437749-26-029823-index.htm,https://www.sec.gov/Archives/edgar/data/1307579/000143774926029823/liqt20260904_8k.htm
FCUV,0001590418,2026-09-08 00:00:00,2026-09-08 16:03:16,8-K,False,https://www.sec.gov/Archives/edgar/data/1590418/000168316826007008/0001683168-26-007008-index.htm,https://www.sec.gov/Archives/edgar/data/1590418/000168316826007008/focus_8k.htm
ISCO,0001355790,2026-09-08 00:00:00,2026-09-08 16:03:10,8-K,True,https://www.sec.gov/Archives/edgar/data/1355790/000168316826007007/0001683168-26-007007-index.htm,https://www.sec.gov/Archives/edgar/data/1355790/000168316826007007/intlstemcell_ex9901.htm
KROS,0001664710,2026-09-08 00:00:00,2026-09-08 16:02:45,8-K,False,https://www.sec.gov/Archives/edgar/data/1664710/000166471026000053/0001664710-26-000053-index.htm,https://www.sec.gov/Archives/edgar/data/1664710/000166471026000053/kros-20260908.htm
None,0002072421,2026-09-08 00:00:00,2026-09-08 16:01:53,8-K,False,https://www.sec.gov/Archives/edgar/data/2072421/000094337426000401/0000943374-26-000401-index.htm,https://www.sec.gov/Archives/edgar/data/2072421/000094337426000401/none-20260904.htm
INBX,0002007919,2026-09-08 00:00:00,2026-09-08 16:01:51,8-K,False,https://www.sec.gov/Archives/edgar/data/2007919/000200791926000047/0002007919-26-000047-index.htm,https://www.sec.gov/Archives/edgar/data/2007919/000200791926000047/inhibrx-20260908.htm
JFIL,0001517389,2026-09-08 00:00:00,2026-09-08 16:01:42,8-K,False,https://www.sec.gov/Archives/edgar/data/1517389/000147793226005447/0001477932-26-005447-index.htm,https://www.sec.gov/Archives/edgar/data/1517389/000147793226005447/jfil_8k.htm
HLI,0001302215,2026-09-08 00:00:00,2026-09-08 16:01:17,8-K,False,https://www.sec.gov/Archives/edgar/data/1302215/000119312526385184/0001193125-26-385184-index.htm,https://www.sec.gov/Archives/edgar/data/1302215/000119312526385184/d71889d8k.htm
None,0002074176,2026-09-08 00:00:00,2026-09-08 16:01:10,8-K,False,https://www.sec.gov/Archives/edgar/data/2074176/000110465926105890/0001104659-26-105890-index.htm,https://www.sec.gov/Archives/edgar/data/2074176/000110465926105890/tm2624863d1_8k.htm
NTIC,0000875582,2026-09-08 00:00:00,2026-09-08 16:00:18,8-K,False,https://www.sec.gov/Archives/edgar/data/875582/000117184326005919/0001171843-26-005919-index.htm,https://www.sec.gov/Archives/edgar/data/875582/000117184326005919/f8k_090826.htm
None,0001999784,2026-09-08 00:00:00,2026-09-08 16:00:16,8-K,False,https://www.sec.gov/Archives/edgar/data/1999784/000199978426000068/0001999784-26-000068-index.htm,https://www.sec.gov/Archives/edgar/data/1999784/000199978426000068/ck0001999784-20260901.htm
EXPI,0001495932,2026-09-08 00:00:00,2026-09-08 16:00:14,8-K,False,https://www.sec.gov/Archives/edgar/data/1495932/000110465926105889/0001104659-26-105889-index.htm,https://www.sec.gov/Archives/edgar/data/1495932/000110465926105889/agnt-20260903x8k.htm
None,0001666244,2026-09-08 00:00:00,2026-09-08 16:00:14,8-K,False,https://www.sec.gov/Archives/edgar/data/1666244/000119312526385181/0001193125-26-385181-index.htm,https://www.sec.gov/Archives/edgar/data/1666244/000119312526385181/cfit-20260908.htm
None,0002031750,2026-09-08 00:00:00,2026-09-08 15:32:55,8-K,False,https://www.sec.gov/Archives/edgar/data/2031750/000203175026000071/0002031750-26-000071-index.htm,https://www.sec.gov/Archives/edgar/data/2031750/000203175026000071/aci-20260908.htm
MLAB,0000724004,2026-09-08 00:00:00,2026-09-08 15:26:24,8-K,False,https://www.sec.gov/Archives/edgar/data/724004/000143774926029813/0001437749-26-029813-index.htm,https://www.sec.gov/Archives/edgar/data/724004/000143774926029813/mlab20260901_8k.htm
WAVSW,0001868419,2026-09-08 00:00:00,2026-09-08 15:15:48,8-K,False,https://www.sec.gov/Archives/edgar/data/1868419/000162828026060880/0001628280-26-060880-index.htm,https://www.sec.gov/Archives/edgar/data/1868419/000162828026060880/cycu-20260903.htm
WAVSU,0001868419,2026-09-08 00:00:00,2026-09-08 15:15:48,8-K,False,https://www.sec.gov/Archives/edgar/data/1868419/000162828026060880/0001628280-26-060880-index.htm,https://www.sec.gov/Archives/edgar/data/1868419/000162828026060880/cycu-20260903.htm
WAVS,0001868419,2026-09-08 00:00:00,2026-09-08 15:15:48,8-K,False,https://www.sec.gov/Archives/edgar/data/1868419/000162828026060880/0001628280-26-060880-index.htm,https://www.sec.gov/Archives/edgar/data/1868419/000162828026060880/cycu-20260903.htm
CYCU,0001868419,2026-09-08 00:00:00,2026-09-08 15:15:48,8-K,False,https://www.sec.gov/Archives/edgar/data/1868419/000162828026060880/0001628280-26-060880-index.htm,https://www.sec.gov/Archives/edgar/data/1868419/000162828026060880/cycu-20260903.htm
CYCUW,0001868419,2026-09-08 00:00:00,2026-09-08 15:15:48,8-K,False,https://www.sec.gov/Archives/edgar/data/1868419/000162828026060880/0001628280-26-060880-index.htm,https://www.sec.gov/Archives/edgar/data/1868419/000162828026060880/cycu-20260903.htm
None,0001316944,2026-09-08 00:00:00,2026-09-08 15:02:31,8-K,False,https://www.sec.gov/Archives/edgar/data/1316944/000131694426000148/0001316944-26-000148-index.htm,https://www.sec.gov/Archives/edgar/data/1316944/000131694426000148/fhlbsf-20260902.htm
UCBIO,0000857855,2026-09-08 00:00:00,2026-09-08 14:42:13,8-K,False,https://www.sec.gov/Archives/edgar/data/857855/000110465926105855/0001104659-26-105855-index.htm,https://www.sec.gov/Archives/edgar/data/857855/000110465926105855/tm2624990d1_8k.htm
UCB,0000857855,2026-09-08 00:00:00,2026-09-08 14:42:13,8-K,False,https://www.sec.gov/Archives/edgar/data/857855/000110465926105855/0001104659-26-105855-index.htm,https://www.sec.gov/Archives/edgar/data/857855/000110465926105855/tm2624990d1_8k.htm
UCBI,0000857855,2026-09-08 00:00:00,2026-09-08 14:42:13,8-K,False,https://www.sec.gov/Archives/edgar/data/857855/000110465926105855/0001104659-26-105855-index.htm,https://www.sec.gov/Archives/edgar/data/857855/000110465926105855/tm2624990d1_8k.htm
UCB-PI,0000857855,2026-09-08 00:00:00,2026-09-08 14:42:13,8-K,False,https://www.sec.gov/Archives/edgar/data/857855/000110465926105855/0001104659-26-105855-index.htm,https://www.sec.gov/Archives/edgar/data/857855/000110465926105855/tm2624990d1_8k.htm
None,0001327978,2026-09-08 00:00:00,2026-09-08 14:27:04,8-K,False,https://www.sec.gov/Archives/edgar/data/1327978/000162828026060857/0001628280-26-060857-index.htm,https://www.sec.gov/Archives/edgar/data/1327978/000162828026060857/are-20260901.htm
DPLS,0000866439,2026-09-08 00:00:00,2026-09-08 14:12:04,8-K,False,https://www.sec.gov/Archives/edgar/data/866439/000168316826006998/0001683168-26-006998-index.htm,https://www.sec.gov/Archives/edgar/data/866439/000168316826006998/darkpulse_8k.htm
None,0001331757,2026-09-08 00:00:00,2026-09-08 13:57:51,8-K,False,https://www.sec.gov/Archives/edgar/data/1331757/000133175726000163/0001331757-26-000163-index.htm,https://www.sec.gov/Archives/edgar/data/1331757/000133175726000163/fhlbd-20260902.htm
HCTI,0001839285,2026-09-08 00:00:00,2026-09-08 13:56:22,8-K,False,https://www.sec.gov/Archives/edgar/data/1839285/000121390026097953/0001213900-26-097953-index.htm,https://www.sec.gov/Archives/edgar/data/1839285/000121390026097953/ea0304854-8k_healthcare.htm
None,0001326771,2026-09-08 00:00:00,2026-09-08 13:32:37,8-K,False,https://www.sec.gov/Archives/edgar/data/1326771/000132677126000147/0001326771-26-000147-index.htm,https://www.sec.gov/Archives/edgar/data/1326771/000132677126000147/fhlbcin-20260902.htm
None,0001331463,2026-09-08 00:00:00,2026-09-08 12:56:30,8-K,False,https://www.sec.gov/Archives/edgar/data/1331463/000133146326000174/0001331463-26-000174-index.htm,https://www.sec.gov/Archives/edgar/data/1331463/000133146326000174/fhlbbost-20260902.htm
None,0001639694,2026-09-08 00:00:00,2026-09-08 12:51:34,8-K,False,https://www.sec.gov/Archives/edgar/data/1639694/000185362026000211/0001853620-26-000211-index.htm,https://www.sec.gov/Archives/edgar/data/1639694/000185362026000211/gsms2015gc30_8k_92026.htm
None,0001946997,2026-09-08 00:00:00,2026-09-08 12:47:51,8-K,False,https://www.sec.gov/Archives/edgar/data/1946997/000119312526384901/0001193125-26-384901-index.htm,https://www.sec.gov/Archives/edgar/data/1946997/000119312526384901/ck0001946997-20260810.htm
FELE,0000038725,2026-09-08 00:00:00,2026-09-08 12:41:41,8-K,False,https://www.sec.gov/Archives/edgar/data/38725/000003872526000062/0000038725-26-000062-index.htm,https://www.sec.gov/Archives/edgar/data/38725/000003872526000062/fele-20260904.htm
None,0002109869,2026-09-08 00:00:00,2026-09-08 12:35:12,8-K,False,https://www.sec.gov/Archives/edgar/data/2109869/000182912626009860/0001829126-26-009860-index.htm,https://www.sec.gov/Archives/edgar/data/2109869/000182912626009860/exascalelabs_8k.htm
LASE,0001807887,2026-09-08 00:00:00,2026-09-08 12:34:51,8-K,False,https://www.sec.gov/Archives/edgar/data/1807887/000149315226041734/0001493152-26-041734-index.htm,https://www.sec.gov/Archives/edgar/data/1807887/000149315226041734/form8-k.htm
None,0001326771,2026-09-08 00:00:00,2026-09-08 12:10:23,8-K,False,https://www.sec.gov/Archives/edgar/data/1326771/000132677126000145/0001326771-26-000145-index.htm,https://www.sec.gov/Archives/edgar/data/1326771/000132677126000145/fhlbcin-20260904.htm
IQST,0001527702,2026-09-08 00:00:00,2026-09-08 12:03:45,8-K,False,https://www.sec.gov/Archives/edgar/data/1527702/000166357726000262/0001663577-26-000262-index.htm,https://www.sec.gov/Archives/edgar/data/1527702/000166357726000262/iqst8k090826.htm
None,0002097887,2026-09-08 00:00:00,2026-09-08 11:20:05,8-K,False,https://www.sec.gov/Archives/edgar/data/2097887/000119312526384647/0001193125-26-384647-index.htm,https://www.sec.gov/Archives/edgar/data/2097887/000119312526384647/d111373d8k.htm
None,0002117580,2026-09-08 00:00:00,2026-09-08 11:17:48,8-K,False,https://www.sec.gov/Archives/edgar/data/2117580/000119312526384645/0001193125-26-384645-index.htm,https://www.sec.gov/Archives/edgar/data/2117580/000119312526384645/d109535d8k.htm
None,0001325878,2026-09-08 00:00:00,2026-09-08 10:36:09,8-K,False,https://www.sec.gov/Archives/edgar/data/1325878/000132587826000178/0001325878-26-000178-index.htm,https://www.sec.gov/Archives/edgar/data/1325878/000132587826000178/fhlbt-20260903.htm
None,0001004155,2026-09-08 00:00:00,2026-09-08 10:16:08,8-K,False,https://www.sec.gov/Archives/edgar/data/1004155/000100415526000016/0001004155-26-000016-index.htm,https://www.sec.gov/Archives/edgar/data/1004155/000100415526000016/so-20260908.htm
None,0001331754,2026-09-08 00:00:00,2026-09-08 10:13:34,8-K,False,https://www.sec.gov/Archives/edgar/data/1331754/000133175426000177/0001331754-26-000177-index.htm,https://www.sec.gov/Archives/edgar/data/1331754/000133175426000177/fhlbi-20260902.htm
PWUP,0001847345,2026-09-08 00:00:00,2026-09-08 10:10:17,8-K,False,https://www.sec.gov/Archives/edgar/data/1847345/000149315226041725/0001493152-26-041725-index.htm,https://www.sec.gov/Archives/edgar/data/1847345/000149315226041725/form8-k.htm
PWUPW,0001847345,2026-09-08 00:00:00,2026-09-08 10:10:17,8-K,False,https://www.sec.gov/Archives/edgar/data/1847345/000149315226041725/0001493152-26-041725-index.htm,https://www.sec.gov/Archives/edgar/data/1847345/000149315226041725/form8-k.htm
PWUPU,0001847345,2026-09-08 00:00:00,2026-09-08 10:10:17,8-K,False,https://www.sec.gov/Archives/edgar/data/1847345/000149315226041725/0001493152-26-041725-index.htm,https://www.sec.gov/Archives/edgar/data/1847345/000149315226041725/form8-k.htm
ASBP,0001847345,2026-09-08 00:00:00,2026-09-08 10:10:17,8-K,False,https://www.sec.gov/Archives/edgar/data/1847345/000149315226041725/0001493152-26-041725-index.htm,https://www.sec.gov/Archives/edgar/data/1847345/000149315226041725/form8-k.htm
SBMT,0002067674,2026-09-08 00:00:00,2026-09-08 10:07:19,8-K,False,https://www.sec.gov/Archives/edgar/data/2067674/000153949726002458/0001539497-26-002458-index.htm,https://www.sec.gov/Archives/edgar/data/2067674/000153949726002458/n5138_x34-8k.htm
MXF,0000065433,2026-09-08 00:00:00,2026-09-08 10:02:21,8-K,False,https://www.sec.gov/Archives/edgar/data/65433/000165495426008174/0001654954-26-008174-index.htm,https://www.sec.gov/Archives/edgar/data/65433/000165495426008174/mxf_8k.htm
JNRV,0001805526,2026-09-08 00:00:00,2026-09-08 10:01:42,8-K,False,https://www.sec.gov/Archives/edgar/data/1805526/000180552626000098/0001805526-26-000098-index.htm,https://www.sec.gov/Archives/edgar/data/1805526/000180552626000098/dfdv-20260903.htm
JNVR,0001805526,2026-09-08 00:00:00,2026-09-08 10:01:42,8-K,False,https://www.sec.gov/Archives/edgar/data/1805526/000180552626000098/0001805526-26-000098-index.htm,https://www.sec.gov/Archives/edgar/data/1805526/000180552626000098/dfdv-20260903.htm
DFDV,0001805526,2026-09-08 00:00:00,2026-09-08 10:01:42,8-K,False,https://www.sec.gov/Archives/edgar/data/1805526/000180552626000098/0001805526-26-000098-index.htm,https://www.sec.gov/Archives/edgar/data/1805526/000180552626000098/dfdv-20260903.htm
MESHW,0002081468,2026-09-08 00:00:00,2026-09-08 10:00:26,8-K,False,https://www.sec.gov/Archives/edgar/data/2081468/000121390026097901/0001213900-26-097901-index.htm,https://www.sec.gov/Archives/edgar/data/2081468/000121390026097901/ea0304759-8k425_meshflow.htm
MESHU,0002081468,2026-09-08 00:00:00,2026-09-08 10:00:26,8-K,False,https://www.sec.gov/Archives/edgar/data/2081468/000121390026097901/0001213900-26-097901-index.htm,https://www.sec.gov/Archives/edgar/data/2081468/000121390026097901/ea0304759-8k425_meshflow.htm
MESH,0002081468,2026-09-08 00:00:00,2026-09-08 10:00:26,8-K,False,https://www.sec.gov/Archives/edgar/data/2081468/000121390026097901/0001213900-26-097901-index.htm,https://www.sec.gov/Archives/edgar/data/2081468/000121390026097901/ea0304759-8k425_meshflow.htm
None,0002086716,2026-09-08 00:00:00,2026-09-08 10:00:17,8-K,False,https://www.sec.gov/Archives/edgar/data/2086716/000162828026060827/0001628280-26-060827-index.htm,https://www.sec.gov/Archives/edgar/data/2086716/000162828026060827/stdn-20260908.htm
None,0001330399,2026-09-08 00:00:00,2026-09-08 09:46:43,8-K,False,https://www.sec.gov/Archives/edgar/data/1330399/000133039926000113/0001330399-26-000113-index.htm,https://www.sec.gov/Archives/edgar/data/1330399/000133039926000113/ck0001330399-20260902.htm
PM,0001413329,2026-09-08 00:00:00,2026-09-08 09:46:10,8-K,False,https://www.sec.gov/Archives/edgar/data/1413329/000162828026060822/0001628280-26-060822-index.htm,https://www.sec.gov/Archives/edgar/data/1413329/000162828026060822/pm-20260908.htm
QNBC,0000750558,2026-09-08 00:00:00,2026-09-08 09:42:34,8-K,False,https://www.sec.gov/Archives/edgar/data/750558/000119312526384550/0001193125-26-384550-index.htm,https://www.sec.gov/Archives/edgar/data/750558/000119312526384550/qnbc-20260908.htm
HSAQ,0001814114,2026-09-08 00:00:00,2026-09-08 09:30:13,8-K,False,https://www.sec.gov/Archives/edgar/data/1814114/000110465926105733/0001104659-26-105733-index.htm,https://www.sec.gov/Archives/edgar/data/1814114/000110465926105733/tm2624943d1_8k.htm
OBIO,0001814114,2026-09-08 00:00:00,2026-09-08 09:30:13,8-K,False,https://www.sec.gov/Archives/edgar/data/1814114/000110465926105733/0001104659-26-105733-index.htm,https://www.sec.gov/Archives/edgar/data/1814114/000110465926105733/tm2624943d1_8k.htm
None,0002080215,2026-09-08 00:00:00,2026-09-08 09:25:40,8-K,False,https://www.sec.gov/Archives/edgar/data/2080215/000121390026097877/0001213900-26-097877-index.htm,https://www.sec.gov/Archives/edgar/data/2080215/000121390026097877/ea0304764-8k_stablecoinx.htm
ASPI,0001921865,2026-09-08 00:00:00,2026-09-08 09:20:20,8-K,False,https://www.sec.gov/Archives/edgar/data/1921865/000119312526384527/0001193125-26-384527-index.htm,https://www.sec.gov/Archives/edgar/data/1921865/000119312526384527/aspi-20260908.htm
ROIVW,0001635088,2026-09-08 00:00:00,2026-09-08 09:15:54,8-K,False,https://www.sec.gov/Archives/edgar/data/1635088/000114036126035859/0001140361-26-035859-index.htm,https://www.sec.gov/Archives/edgar/data/1635088/000114036126035859/ef20081686_8k.htm
ROIV,0001635088,2026-09-08 00:00:00,2026-09-08 09:15:54,8-K,False,https://www.sec.gov/Archives/edgar/data/1635088/000114036126035859/0001140361-26-035859-index.htm,https://www.sec.gov/Archives/edgar/data/1635088/000114036126035859/ef20081686_8k.htm
HITC,0001584693,2026-09-08 00:00:00,2026-09-08 09:15:18,8-K,False,https://www.sec.gov/Archives/edgar/data/1584693/000149315226041722/0001493152-26-041722-index.htm,https://www.sec.gov/Archives/edgar/data/1584693/000149315226041722/form8-k.htm
SSGC,0001584693,2026-09-08 00:00:00,2026-09-08 09:15:18,8-K,False,https://www.sec.gov/Archives/edgar/data/1584693/000149315226041722/0001493152-26-041722-index.htm,https://www.sec.gov/Archives/edgar/data/1584693/000149315226041722/form8-k.htm
OPAD-WT,0001825024,2026-09-08 00:00:00,2026-09-08 09:15:14,8-K,False,https://www.sec.gov/Archives/edgar/data/1825024/000119312526384508/0001193125-26-384508-index.htm,https://www.sec.gov/Archives/edgar/data/1825024/000119312526384508/opad-20260903.htm
SPNV,0001825024,2026-09-08 00:00:00,2026-09-08 09:15:14,8-K,False,https://www.sec.gov/Archives/edgar/data/1825024/000119312526384508/0001193125-26-384508-index.htm,https://www.sec.gov/Archives/edgar/data/1825024/000119312526384508/opad-20260903.htm
OPAD,0001825024,2026-09-08 00:00:00,2026-09-08 09:15:14,8-K,False,https://www.sec.gov/Archives/edgar/data/1825024/000119312526384508/0001193125-26-384508-index.htm,https://www.sec.gov/Archives/edgar/data/1825024/000119312526384508/opad-20260903.htm
SPNV-UN,0001825024,2026-09-08 00:00:00,2026-09-08 09:15:14,8-K,False,https://www.sec.gov/Archives/edgar/data/1825024/000119312526384508/0001193125-26-384508-index.htm,https://www.sec.gov/Archives/edgar/data/1825024/000119312526384508/opad-20260903.htm
NMPAU,0002054876,2026-09-08 00:00:00,2026-09-08 09:12:08,8-K,False,https://www.sec.gov/Archives/edgar/data/2054876/000121390026097868/0001213900-26-097868-index.htm,https://www.sec.gov/Archives/edgar/data/2054876/000121390026097868/ea0304672-8k425_nmpacq.htm
NMPA,0002054876,2026-09-08 00:00:00,2026-09-08 09:12:08,8-K,False,https://www.sec.gov/Archives/edgar/data/2054876/000121390026097868/0001213900-26-097868-index.htm,https://www.sec.gov/Archives/edgar/data/2054876/000121390026097868/ea0304672-8k425_nmpacq.htm
NMP,0002054876,2026-09-08 00:00:00,2026-09-08 09:12:08,8-K,False,https://www.sec.gov/Archives/edgar/data/2054876/000121390026097868/0001213900-26-097868-index.htm,https://www.sec.gov/Archives/edgar/data/2054876/000121390026097868/ea0304672-8k425_nmpacq.htm
NWS,0001564708,2026-09-08 00:00:00,2026-09-08 09:06:36,8-K,False,https://www.sec.gov/Archives/edgar/data/1564708/000156470826000196/0001564708-26-000196-index.htm,https://www.sec.gov/Archives/edgar/data/1564708/000156470826000196/nws-20260904.htm
NWSA,0001564708,2026-09-08 00:00:00,2026-09-08 09:06:36,8-K,False,https://www.sec.gov/Archives/edgar/data/1564708/000156470826000196/0001564708-26-000196-index.htm,https://www.sec.gov/Archives/edgar/data/1564708/000156470826000196/nws-20260904.htm
None,0001953520,2026-09-08 00:00:00,2026-09-08 09:06:01,8-K,False,https://www.sec.gov/Archives/edgar/data/1953520/000119312526384481/0001193125-26-384481-index.htm,https://www.sec.gov/Archives/edgar/data/1953520/000119312526384481/ck0001953520-20260908.htm
GME,0001326380,2026-09-08 00:00:00,2026-09-08 09:02:39,8-K,True,https://www.sec.gov/Archives/edgar/data/1326380/000132638026000050/0001326380-26-000050-index.htm,https://www.sec.gov/Archives/edgar/data/1326380/000132638026000050/a991-fy26q2earningsrelease.htm
G,0001398659,2026-09-08 00:00:00,2026-09-08 09:01:11,8-K,False,https://www.sec.gov/Archives/edgar/data/1398659/000110465926105722/0001104659-26-105722-index.htm,https://www.sec.gov/Archives/edgar/data/1398659/000110465926105722/tm2624899d1_8k.htm
HCWB,0001828673,2026-09-08 00:00:00,2026-09-08 09:00:42,8-K,False,https://www.sec.gov/Archives/edgar/data/1828673/000149315226041716/0001493152-26-041716-index.htm,https://www.sec.gov/Archives/edgar/data/1828673/000149315226041716/form8-k.htm
BSRR,0001130144,2026-09-08 00:00:00,2026-09-08 09:00:28,8-K,False,https://www.sec.gov/Archives/edgar/data/1130144/000110465926105719/0001104659-26-105719-index.htm,https://www.sec.gov/Archives/edgar/data/1130144/000110465926105719/tm2624883d1_8k.htm
QCOM,0000804328,2026-09-08 00:00:00,2026-09-08 09:00:20,8-K,False,https://www.sec.gov/Archives/edgar/data/804328/000110465926105718/0001104659-26-105718-index.htm,https://www.sec.gov/Archives/edgar/data/804328/000110465926105718/tm2623289d1_8k.htm
MDRX,0001124804,2026-09-08 00:00:00,2026-09-08 09:00:15,8-K,False,https://www.sec.gov/Archives/edgar/data/1124804/000119312526384471/0001193125-26-384471-index.htm,https://www.sec.gov/Archives/edgar/data/1124804/000119312526384471/mdrx-20260908.htm
EVI,0000065312,2026-09-08 00:00:00,2026-09-08 08:47:59,8-K,True,https://www.sec.gov/Archives/edgar/data/65312/000143774926029760/0001437749-26-029760-index.htm,https://www.sec.gov/Archives/edgar/data/65312/000143774926029760/ex_938150.htm
BMNR,0001829311,2026-09-08 00:00:00,2026-09-08 08:45:37,8-K,False,https://www.sec.gov/Archives/edgar/data/1829311/000149315226041713/0001493152-26-041713-index.htm,https://www.sec.gov/Archives/edgar/data/1829311/000149315226041713/form8-k.htm
SSHI,0001829311,2026-09-08 00:00:00,2026-09-08 08:45:37,8-K,False,https://www.sec.gov/Archives/edgar/data/1829311/000149315226041713/0001493152-26-041713-index.htm,https://www.sec.gov/Archives/edgar/data/1829311/000149315226041713/form8-k.htm
EFSI,0000880641,2026-09-08 00:00:00,2026-09-08 08:45:26,8-K,False,https://www.sec.gov/Archives/edgar/data/880641/000119312526384457/0001193125-26-384457-index.htm,https://www.sec.gov/Archives/edgar/data/880641/000119312526384457/d436411d8k.htm
JMSB,0001710482,2026-09-08 00:00:00,2026-09-08 08:45:20,8-K,False,https://www.sec.gov/Archives/edgar/data/1710482/000155278126000472/0001552781-26-000472-index.htm,https://www.sec.gov/Archives/edgar/data/1710482/000155278126000472/e26378_jmsb-8k.htm
GPRO,0001500435,2026-09-08 00:00:00,2026-09-08 08:40:05,8-K,False,https://www.sec.gov/Archives/edgar/data/1500435/000150043526000040/0001500435-26-000040-index.htm,https://www.sec.gov/Archives/edgar/data/1500435/000150043526000040/gpro-20260908.htm
MSM,0001003078,2026-09-08 00:00:00,2026-09-08 08:39:55,8-K,False,https://www.sec.gov/Archives/edgar/data/1003078/000100307826000094/0001003078-26-000094-index.htm,https://www.sec.gov/Archives/edgar/data/1003078/000100307826000094/msm-20260908.htm
ELMT,0002101698,2026-09-08 00:00:00,2026-09-08 08:35:41,8-K,False,https://www.sec.gov/Archives/edgar/data/2101698/000121390026097862/0001213900-26-097862-index.htm,https://www.sec.gov/Archives/edgar/data/2101698/000121390026097862/ea0304152-8k_elmet.htm
PDSB,0001472091,2026-09-08 00:00:00,2026-09-08 08:35:36,8-K,False,https://www.sec.gov/Archives/edgar/data/1472091/000114036126035853/0001140361-26-035853-index.htm,https://www.sec.gov/Archives/edgar/data/1472091/000114036126035853/ef20081705_8k.htm
EDGE,0001472091,2026-09-08 00:00:00,2026-09-08 08:35:36,8-K,False,https://www.sec.gov/Archives/edgar/data/1472091/000114036126035853/0001140361-26-035853-index.htm,https://www.sec.gov/Archives/edgar/data/1472091/000114036126035853/ef20081705_8k.htm
RWLK,0001607962,2026-09-08 00:00:00,2026-09-08 08:35:27,8-K,False,https://www.sec.gov/Archives/edgar/data/1607962/000117891326004440/0001178913-26-004440-index.htm,https://www.sec.gov/Archives/edgar/data/1607962/000117891326004440/zk2636084.htm
LFWD,0001607962,2026-09-08 00:00:00,2026-09-08 08:35:27,8-K,False,https://www.sec.gov/Archives/edgar/data/1607962/000117891326004440/0001178913-26-004440-index.htm,https://www.sec.gov/Archives/edgar/data/1607962/000117891326004440/zk2636084.htm
None,0001920791,2026-09-08 00:00:00,2026-09-08 08:35:16,8-K,False,https://www.sec.gov/Archives/edgar/data/1920791/000170569626000092/0001705696-26-000092-index.htm,https://www.sec.gov/Archives/edgar/data/1705696/000170569626000092/vici-20260904.htm
VICI,0001705696,2026-09-08 00:00:00,2026-09-08 08:35:16,8-K,False,https://www.sec.gov/Archives/edgar/data/1705696/000170569626000092/0001705696-26-000092-index.htm,https://www.sec.gov/Archives/edgar/data/1705696/000170569626000092/vici-20260904.htm
MIRM,0001759425,2026-09-08 00:00:00,2026-09-08 08:34:27,8-K,False,https://www.sec.gov/Archives/edgar/data/1759425/000175942526000047/0001759425-26-000047-index.htm,https://www.sec.gov/Archives/edgar/data/1759425/000175942526000047/mirm-20260902.htm
MKL,0001096343,2026-09-08 00:00:00,2026-09-08 08:30:53,8-K,False,https://www.sec.gov/Archives/edgar/data/1096343/000109634326000074/0001096343-26-000074-index.htm,https://www.sec.gov/Archives/edgar/data/1096343/000109634326000074/mkl-20260903.htm
LRHC,0001879403,2026-09-08 00:00:00,2026-09-08 08:30:41,8-K,False,https://www.sec.gov/Archives/edgar/data/1879403/000121390026097860/0001213900-26-097860-index.htm,https://www.sec.gov/Archives/edgar/data/1879403/000121390026097860/ea0304577-8k_larosa.htm
RMNI,0001635282,2026-09-08 00:00:00,2026-09-08 08:30:16,8-K,False,https://www.sec.gov/Archives/edgar/data/1635282/000163528226000062/0001635282-26-000062-index.htm,https://www.sec.gov/Archives/edgar/data/1635282/000163528226000062/rmni-20260908.htm
RMNIW,0001635282,2026-09-08 00:00:00,2026-09-08 08:30:16,8-K,False,https://www.sec.gov/Archives/edgar/data/1635282/000163528226000062/0001635282-26-000062-index.htm,https://www.sec.gov/Archives/edgar/data/1635282/000163528226000062/rmni-20260908.htm
FCNCB,0000798941,2026-09-08 00:00:00,2026-09-08 08:25:10,8-K,False,https://www.sec.gov/Archives/edgar/data/798941/000079894126000034/0000798941-26-000034-index.htm,https://www.sec.gov/Archives/edgar/data/798941/000079894126000034/fcnca-20260908.htm
FCNCP,0000798941,2026-09-08 00:00:00,2026-09-08 08:25:10,8-K,False,https://www.sec.gov/Archives/edgar/data/798941/000079894126000034/0000798941-26-000034-index.htm,https://www.sec.gov/Archives/edgar/data/798941/000079894126000034/fcnca-20260908.htm
FCNCA,0000798941,2026-09-08 00:00:00,2026-09-08 08:25:10,8-K,False,https://www.sec.gov/Archives/edgar/data/798941/000079894126000034/0000798941-26-000034-index.htm,https://www.sec.gov/Archives/edgar/data/798941/000079894126000034/fcnca-20260908.htm
FCNCO,0000798941,2026-09-08 00:00:00,2026-09-08 08:25:10,8-K,False,https://www.sec.gov/Archives/edgar/data/798941/000079894126000034/0000798941-26-000034-index.htm,https://www.sec.gov/Archives/edgar/data/798941/000079894126000034/fcnca-20260908.htm
VERU,0000863894,2026-09-08 00:00:00,2026-09-08 08:17:06,8-K,False,https://www.sec.gov/Archives/edgar/data/863894/000119312526384430/0001193125-26-384430-index.htm,https://www.sec.gov/Archives/edgar/data/863894/000119312526384430/d543118d8k.htm
VLON,0001824293,2026-09-08 00:00:00,2026-09-08 08:16:17,8-K,False,https://www.sec.gov/Archives/edgar/data/1824293/000182429326000057/0001824293-26-000057-index.htm,https://www.sec.gov/Archives/edgar/data/1824293/000182429326000057/val-20260908.htm
GRI,0001824293,2026-09-08 00:00:00,2026-09-08 08:16:17,8-K,False,https://www.sec.gov/Archives/edgar/data/1824293/000182429326000057/0001824293-26-000057-index.htm,https://www.sec.gov/Archives/edgar/data/1824293/000182429326000057/val-20260908.htm
PH,0000076334,2026-09-08 00:00:00,2026-09-08 08:16:02,8-K,False,https://www.sec.gov/Archives/edgar/data/76334/000119312526384428/0001193125-26-384428-index.htm,https://www.sec.gov/Archives/edgar/data/76334/000119312526384428/d31416d8k.htm
A,0001090872,2026-09-08 00:00:00,2026-09-08 08:15:13,8-K,False,https://www.sec.gov/Archives/edgar/data/1090872/000119312526384426/0001193125-26-384426-index.htm,https://www.sec.gov/Archives/edgar/data/1090872/000119312526384426/a-20260902.htm
HCAT,0001636422,2026-09-08 00:00:00,2026-09-08 08:13:33,8-K,False,https://www.sec.gov/Archives/edgar/data/1636422/000163642226000104/0001636422-26-000104-index.htm,https://www.sec.gov/Archives/edgar/data/1636422/000163642226000104/hcat-20260904.htm
OII,0000073756,2026-09-08 00:00:00,2026-09-08 08:09:26,8-K,False,https://www.sec.gov/Archives/edgar/data/73756/000007375626000147/0000073756-26-000147-index.htm,https://www.sec.gov/Archives/edgar/data/73756/000007375626000147/oii-20260908.htm
GPCR,0001888886,2026-09-08 00:00:00,2026-09-08 08:09:26,8-K,False,https://www.sec.gov/Archives/edgar/data/1888886/000110465926105688/0001104659-26-105688-index.htm,https://www.sec.gov/Archives/edgar/data/1888886/000110465926105688/tm2624945d1_8k.htm
PTEN,0000889900,2026-09-08 00:00:00,2026-09-08 08:08:16,8-K,True,https://www.sec.gov/Archives/edgar/data/889900/000088990026000065/0000889900-26-000065-index.htm,https://www.sec.gov/Archives/edgar/data/889900/000088990026000065/september2026_ptenxinves.htm
None,0002107018,2026-09-08 00:00:00,2026-09-08 08:05:29,8-K,False,https://www.sec.gov/Archives/edgar/data/2107018/000110465926105687/0001104659-26-105687-index.htm,https://www.sec.gov/Archives/edgar/data/2107018/000110465926105687/tm2624842d1_8k.htm
AZTR,0001701478,2026-09-08 00:00:00,2026-09-08 08:05:29,8-K,False,https://www.sec.gov/Archives/edgar/data/1701478/000149315226041706/0001493152-26-041706-index.htm,https://www.sec.gov/Archives/edgar/data/1701478/000149315226041706/form8-k.htm
SYRE,0001636282,2026-09-08 00:00:00,2026-09-08 08:01:57,8-K,False,https://www.sec.gov/Archives/edgar/data/1636282/000163628226000113/0001636282-26-000113-index.htm,https://www.sec.gov/Archives/edgar/data/1636282/000163628226000113/syre-20260908.htm
AGLE,0001636282,2026-09-08 00:00:00,2026-09-08 08:01:57,8-K,False,https://www.sec.gov/Archives/edgar/data/1636282/000163628226000113/0001636282-26-000113-index.htm,https://www.sec.gov/Archives/edgar/data/1636282/000163628226000113/syre-20260908.htm
CBDW,0001877461,2026-09-08 00:00:00,2026-09-08 08:00:38,8-K,False,https://www.sec.gov/Archives/edgar/data/1877461/000147793226005436/0001477932-26-005436-index.htm,https://www.sec.gov/Archives/edgar/data/1877461/000147793226005436/cbdw_8k.htm
ARAI,0001818274,2026-09-08 00:00:00,2026-09-08 08:00:31,8-K,False,https://www.sec.gov/Archives/edgar/data/1818274/000149315226041704/0001493152-26-041704-index.htm,https://www.sec.gov/Archives/edgar/data/1818274/000149315226041704/form8-k.htm
RLMD,0001553643,2026-09-08 00:00:00,2026-09-08 08:00:30,8-K,False,https://www.sec.gov/Archives/edgar/data/1553643/000121390026097851/0001213900-26-097851-index.htm,https://www.sec.gov/Archives/edgar/data/1553643/000121390026097851/ea0304768-8k_relmada.htm
ALPA,0001842939,2026-09-08 00:00:00,2026-09-08 08:00:16,8-K,False,https://www.sec.gov/Archives/edgar/data/1842939/000143774926029755/0001437749-26-029755-index.htm,https://www.sec.gov/Archives/edgar/data/1842939/000143774926029755/xage20260903_8k.htm
CTCX,0001842939,2026-09-08 00:00:00,2026-09-08 08:00:16,8-K,False,https://www.sec.gov/Archives/edgar/data/1842939/000143774926029755/0001437749-26-029755-index.htm,https://www.sec.gov/Archives/edgar/data/1842939/000143774926029755/xage20260903_8k.htm
ALPAW,0001842939,2026-09-08 00:00:00,2026-09-08 08:00:16,8-K,False,https://www.sec.gov/Archives/edgar/data/1842939/000143774926029755/0001437749-26-029755-index.htm,https://www.sec.gov/Archives/edgar/data/1842939/000143774926029755/xage20260903_8k.htm
ALPAU,0001842939,2026-09-08 00:00:00,2026-09-08 08:00:16,8-K,False,https://www.sec.gov/Archives/edgar/data/1842939/000143774926029755/0001437749-26-029755-index.htm,https://www.sec.gov/Archives/edgar/data/1842939/000143774926029755/xage20260903_8k.htm
CTCXW,0001842939,2026-09-08 00:00:00,2026-09-08 08:00:16,8-K,False,https://www.sec.gov/Archives/edgar/data/1842939/000143774926029755/0001437749-26-029755-index.htm,https://www.sec.gov/Archives/edgar/data/1842939/000143774926029755/xage20260903_8k.htm
MMCWF,0001813814,2026-09-08 00:00:00,2026-09-08 08:00:15,8-K,False,https://www.sec.gov/Archives/edgar/data/1813814/000119312526384403/0001193125-26-384403-index.htm,https://www.sec.gov/Archives/edgar/data/1813814/000119312526384403/dftx-20260908.htm
DFTX,0001813814,2026-09-08 00:00:00,2026-09-08 08:00:15,8-K,False,https://www.sec.gov/Archives/edgar/data/1813814/000119312526384403/0001193125-26-384403-index.htm,https://www.sec.gov/Archives/edgar/data/1813814/000119312526384403/dftx-20260908.htm
MMDCF,0001813814,2026-09-08 00:00:00,2026-09-08 08:00:15,8-K,False,https://www.sec.gov/Archives/edgar/data/1813814/000119312526384403/0001193125-26-384403-index.htm,https://www.sec.gov/Archives/edgar/data/1813814/000119312526384403/dftx-20260908.htm
MNMD,0001813814,2026-09-08 00:00:00,2026-09-08 08:00:15,8-K,False,https://www.sec.gov/Archives/edgar/data/1813814/000119312526384403/0001193125-26-384403-index.htm,https://www.sec.gov/Archives/edgar/data/1813814/000119312526384403/dftx-20260908.htm
STRD,0001050446,2026-09-08 00:00:00,2026-09-08 08:00:15,8-K,False,https://www.sec.gov/Archives/edgar/data/1050446/000119312526384402/0001193125-26-384402-index.htm,https://www.sec.gov/Archives/edgar/data/1050446/000119312526384402/mstr-20260831.htm
STRC,0001050446,2026-09-08 00:00:00,2026-09-08 08:00:15,8-K,False,https://www.sec.gov/Archives/edgar/data/1050446/000119312526384402/0001193125-26-384402-index.htm,https://www.sec.gov/Archives/edgar/data/1050446/000119312526384402/mstr-20260831.htm
STRK,0001050446,2026-09-08 00:00:00,2026-09-08 08:00:15,8-K,False,https://www.sec.gov/Archives/edgar/data/1050446/000119312526384402/0001193125-26-384402-index.htm,https://www.sec.gov/Archives/edgar/data/1050446/000119312526384402/mstr-20260831.htm
STRF,0001050446,2026-09-08 00:00:00,2026-09-08 08:00:15,8-K,False,https://www.sec.gov/Archives/edgar/data/1050446/000119312526384402/0001193125-26-384402-index.htm,https://www.sec.gov/Archives/edgar/data/1050446/000119312526384402/mstr-20260831.htm
MSTR,0001050446,2026-09-08 00:00:00,2026-09-08 08:00:15,8-K,False,https://www.sec.gov/Archives/edgar/data/1050446/000119312526384402/0001193125-26-384402-index.htm,https://www.sec.gov/Archives/edgar/data/1050446/000119312526384402/mstr-20260831.htm
SANA,0001770121,2026-09-08 00:00:00,2026-09-08 08:00:08,8-K,False,https://www.sec.gov/Archives/edgar/data/1770121/000119312526384405/0001193125-26-384405-index.htm,https://www.sec.gov/Archives/edgar/data/1770121/000119312526384405/d170343d8k.htm
SATA,0001920406,2026-09-08 00:00:00,2026-09-08 07:59:19,8-K,False,https://www.sec.gov/Archives/edgar/data/1920406/000162828026060809/0001628280-26-060809-index.htm,https://www.sec.gov/Archives/edgar/data/1920406/000162828026060809/asst-20260908.htm
ASST,0001920406,2026-09-08 00:00:00,2026-09-08 07:59:19,8-K,False,https://www.sec.gov/Archives/edgar/data/1920406/000162828026060809/0001628280-26-060809-index.htm,https://www.sec.gov/Archives/edgar/data/1920406/000162828026060809/asst-20260908.htm
GE,0000040545,2026-09-08 00:00:00,2026-09-08 07:46:35,8-K,False,https://www.sec.gov/Archives/edgar/data/40545/000095014226002501/0000950142-26-002501-index.htm,https://www.sec.gov/Archives/edgar/data/40545/000095014226002501/eh260827362_8k.htm
GPI,0001031203,2026-09-08 00:00:00,2026-09-08 07:40:51,8-K,True,https://www.sec.gov/Archives/edgar/data/1031203/000119312526384390/0001193125-26-384390-index.htm,https://www.sec.gov/Archives/edgar/data/1031203/000119312526384390/d123895dex992.htm
IONQ-WT,0001824920,2026-09-08 00:00:00,2026-09-08 07:40:15,8-K,False,https://www.sec.gov/Archives/edgar/data/1824920/000119312526384388/0001193125-26-384388-index.htm,https://www.sec.gov/Archives/edgar/data/1824920/000119312526384388/ionq-20260908.htm
IONQ,0001824920,2026-09-08 00:00:00,2026-09-08 07:40:15,8-K,False,https://www.sec.gov/Archives/edgar/data/1824920/000119312526384388/0001193125-26-384388-index.htm,https://www.sec.gov/Archives/edgar/data/1824920/000119312526384388/ionq-20260908.htm
DMYI,0001824920,2026-09-08 00:00:00,2026-09-08 07:40:15,8-K,False,https://www.sec.gov/Archives/edgar/data/1824920/000119312526384388/0001193125-26-384388-index.htm,https://www.sec.gov/Archives/edgar/data/1824920/000119312526384388/ionq-20260908.htm
DMYI-UN,0001824920,2026-09-08 00:00:00,2026-09-08 07:40:15,8-K,False,https://www.sec.gov/Archives/edgar/data/1824920/000119312526384388/0001193125-26-384388-index.htm,https://www.sec.gov/Archives/edgar/data/1824920/000119312526384388/ionq-20260908.htm
PYXS,0001782223,2026-09-08 00:00:00,2026-09-08 07:39:23,8-K,False,https://www.sec.gov/Archives/edgar/data/1782223/000119312526384386/0001193125-26-384386-index.htm,https://www.sec.gov/Archives/edgar/data/1782223/000119312526384386/pyxs-20260903.htm
NBRWF,0001163739,2026-09-08 00:00:00,2026-09-08 07:38:26,8-K,False,https://www.sec.gov/Archives/edgar/data/1163739/000110465926105673/0001104659-26-105673-index.htm,https://www.sec.gov/Archives/edgar/data/1163739/000110465926105673/tm2624844d1_8k.htm
NBR,0001163739,2026-09-08 00:00:00,2026-09-08 07:38:26,8-K,False,https://www.sec.gov/Archives/edgar/data/1163739/000110465926105673/0001104659-26-105673-index.htm,https://www.sec.gov/Archives/edgar/data/1163739/000110465926105673/tm2624844d1_8k.htm
PM,0001413329,2026-09-08 00:00:00,2026-09-08 07:37:21,8-K,False,https://www.sec.gov/Archives/edgar/data/1413329/000162828026060806/0001628280-26-060806-index.htm,https://www.sec.gov/Archives/edgar/data/1413329/000162828026060806/pm-20260908.htm
ENGNW,0001980845,2026-09-08 00:00:00,2026-09-08 07:33:18,8-K,True,https://www.sec.gov/Archives/edgar/data/1980845/000119312526384380/0001193125-26-384380-index.htm,https://www.sec.gov/Archives/edgar/data/1980845/000119312526384380/engn-ex99_1.htm
ENGN,0001980845,2026-09-08 00:00:00,2026-09-08 07:33:18,8-K,True,https://www.sec.gov/Archives/edgar/data/1980845/000119312526384380/0001193125-26-384380-index.htm,https://www.sec.gov/Archives/edgar/data/1980845/000119312526384380/engn-ex99_1.htm
UCB-PI,0000857855,2026-09-08 00:00:00,2026-09-08 07:30:25,8-K,True,https://www.sec.gov/Archives/edgar/data/857855/000110465926105666/0001104659-26-105666-index.htm,https://www.sec.gov/Archives/edgar/data/857855/000110465926105666/tm2624931d1_ex99-2.htm
UCB,0000857855,2026-09-08 00:00:00,2026-09-08 07:30:25,8-K,True,https://www.sec.gov/Archives/edgar/data/857855/000110465926105666/0001104659-26-105666-index.htm,https://www.sec.gov/Archives/edgar/data/857855/000110465926105666/tm2624931d1_ex99-2.htm
UCBI,0000857855,2026-09-08 00:00:00,2026-09-08 07:30:25,8-K,True,https://www.sec.gov/Archives/edgar/data/857855/000110465926105666/0001104659-26-105666-index.htm,https://www.sec.gov/Archives/edgar/data/857855/000110465926105666/tm2624931d1_ex99-2.htm
UCBIO,0000857855,2026-09-08 00:00:00,2026-09-08 07:30:25,8-K,True,https://www.sec.gov/Archives/edgar/data/857855/000110465926105666/0001104659-26-105666-index.htm,https://www.sec.gov/Archives/edgar/data/857855/000110465926105666/tm2624931d1_ex99-2.htm
SLNHP,0000064463,2026-09-08 00:00:00,2026-09-08 07:30:15,8-K,False,https://www.sec.gov/Archives/edgar/data/64463/000149315226041699/0001493152-26-041699-index.htm,https://www.sec.gov/Archives/edgar/data/64463/000149315226041699/form8-k.htm
SLNH,0000064463,2026-09-08 00:00:00,2026-09-08 07:30:15,8-K,False,https://www.sec.gov/Archives/edgar/data/64463/000149315226041699/0001493152-26-041699-index.htm,https://www.sec.gov/Archives/edgar/data/64463/000149315226041699/form8-k.htm
MKTY,0000064463,2026-09-08 00:00:00,2026-09-08 07:30:15,8-K,False,https://www.sec.gov/Archives/edgar/data/64463/000149315226041699/0001493152-26-041699-index.htm,https://www.sec.gov/Archives/edgar/data/64463/000149315226041699/form8-k.htm
RGTI,0001838359,2026-09-08 00:00:00,2026-09-08 07:25:18,8-K,False,https://www.sec.gov/Archives/edgar/data/1838359/000110465926105662/0001104659-26-105662-index.htm,https://www.sec.gov/Archives/edgar/data/1838359/000110465926105662/tm2624940d1_8k.htm
RGTIW,0001838359,2026-09-08 00:00:00,2026-09-08 07:25:18,8-K,False,https://www.sec.gov/Archives/edgar/data/1838359/000110465926105662/0001104659-26-105662-index.htm,https://www.sec.gov/Archives/edgar/data/1838359/000110465926105662/tm2624940d1_8k.htm
XFOR,0001501697,2026-09-08 00:00:00,2026-09-08 07:15:54,8-K,False,https://www.sec.gov/Archives/edgar/data/1501697/000150169726000072/0001501697-26-000072-index.htm,https://www.sec.gov/Archives/edgar/data/1501697/000150169726000072/xfor-20260908.htm
TNXP,0001430306,2026-09-08 00:00:00,2026-09-08 07:05:42,8-K,False,https://www.sec.gov/Archives/edgar/data/1430306/000149315226041689/0001493152-26-041689-index.htm,https://www.sec.gov/Archives/edgar/data/1430306/000149315226041689/form8-k.htm
ABM,0000771497,2026-09-08 00:00:00,2026-09-08 07:05:36,8-K,True,https://www.sec.gov/Archives/edgar/data/771497/000119312526384364/0001193125-26-384364-index.htm,https://www.sec.gov/Archives/edgar/data/771497/000119312526384364/abm-ex99_1.htm
EYEG,0001372514,2026-09-08 00:00:00,2026-09-08 07:05:26,8-K,False,https://www.sec.gov/Archives/edgar/data/1372514/000137251426000079/0001372514-26-000079-index.htm,https://www.sec.gov/Archives/edgar/data/1372514/000137251426000079/kprx-20260908.htm
KPRX,0001372514,2026-09-08 00:00:00,2026-09-08 07:05:26,8-K,False,https://www.sec.gov/Archives/edgar/data/1372514/000137251426000079/0001372514-26-000079-index.htm,https://www.sec.gov/Archives/edgar/data/1372514/000137251426000079/kprx-20260908.htm
KPHMW,0001372514,2026-09-08 00:00:00,2026-09-08 07:05:26,8-K,False,https://www.sec.gov/Archives/edgar/data/1372514/000137251426000079/0001372514-26-000079-index.htm,https://www.sec.gov/Archives/edgar/data/1372514/000137251426000079/kprx-20260908.htm
KPHCW,0001372514,2026-09-08 00:00:00,2026-09-08 07:05:26,8-K,False,https://www.sec.gov/Archives/edgar/data/1372514/000137251426000079/0001372514-26-000079-index.htm,https://www.sec.gov/Archives/edgar/data/1372514/000137251426000079/kprx-20260908.htm
KURA,0001422143,2026-09-08 00:00:00,2026-09-08 07:05:06,8-K,False,https://www.sec.gov/Archives/edgar/data/1422143/000119312526384363/0001193125-26-384363-index.htm,https://www.sec.gov/Archives/edgar/data/1422143/000119312526384363/d458603d8k.htm
ONEW,0001772921,2026-09-08 00:00:00,2026-09-08 07:04:56,8-K,False,https://www.sec.gov/Archives/edgar/data/1772921/000177292126000046/0001772921-26-000046-index.htm,https://www.sec.gov/Archives/edgar/data/1772921/000177292126000046/onew-20260901.htm
WLFC,0001018164,2026-09-08 00:00:00,2026-09-08 07:04:07,8-K,False,https://www.sec.gov/Archives/edgar/data/1018164/000101816426000074/0001018164-26-000074-index.htm,https://www.sec.gov/Archives/edgar/data/1018164/000101816426000074/wlfc-20260908.htm
WLFCP,0001018164,2026-09-08 00:00:00,2026-09-08 07:04:07,8-K,False,https://www.sec.gov/Archives/edgar/data/1018164/000101816426000074/0001018164-26-000074-index.htm,https://www.sec.gov/Archives/edgar/data/1018164/000101816426000074/wlfc-20260908.htm
VWAV,0002038439,2026-09-08 00:00:00,2026-09-08 07:02:41,8-K,False,https://www.sec.gov/Archives/edgar/data/2038439/000173112226001205/0001731122-26-001205-index.htm,https://www.sec.gov/Archives/edgar/data/2038439/000173112226001205/e7921_8k.htm
VWAVW,0002038439,2026-09-08 00:00:00,2026-09-08 07:02:41,8-K,False,https://www.sec.gov/Archives/edgar/data/2038439/000173112226001205/0001731122-26-001205-index.htm,https://www.sec.gov/Archives/edgar/data/2038439/000173112226001205/e7921_8k.htm
GLUE,0001826457,2026-09-08 00:00:00,2026-09-08 07:02:13,8-K,False,https://www.sec.gov/Archives/edgar/data/1826457/000119312526384360/0001193125-26-384360-index.htm,https://www.sec.gov/Archives/edgar/data/1826457/000119312526384360/glue-20260908.htm
UNFI,0001020859,2026-09-08 00:00:00,2026-09-08 07:02:12,8-K,True,https://www.sec.gov/Archives/edgar/data/1020859/000102085926000022/0001020859-26-000022-index.htm,https://www.sec.gov/Archives/edgar/data/1020859/000102085926000022/f26q4earningsrelease.htm
QBTS-WT,0001907982,2026-09-08 00:00:00,2026-09-08 07:01:10,8-K,False,https://www.sec.gov/Archives/edgar/data/1907982/000190798226000141/0001907982-26-000141-index.htm,https://www.sec.gov/Archives/edgar/data/1907982/000190798226000141/qbts-20260904.htm
QBTS,0001907982,2026-09-08 00:00:00,2026-09-08 07:01:10,8-K,False,https://www.sec.gov/Archives/edgar/data/1907982/000190798226000141/0001907982-26-000141-index.htm,https://www.sec.gov/Archives/edgar/data/1907982/000190798226000141/qbts-20260904.htm
AVR,0002011514,2026-09-08 00:00:00,2026-09-08 07:01:04,8-K,False,https://www.sec.gov/Archives/edgar/data/2011514/000114036126035840/0001140361-26-035840-index.htm,https://www.sec.gov/Archives/edgar/data/2011514/000114036126035840/ef20081659_8k.htm
POLEU,0002025341,2026-09-08 00:00:00,2026-09-08 07:00:56,8-K,False,https://www.sec.gov/Archives/edgar/data/2025341/000121390026097832/0001213900-26-097832-index.htm,https://www.sec.gov/Archives/edgar/data/2025341/000121390026097832/ea0304783-8k_andretti2.htm
POLEW,0002025341,2026-09-08 00:00:00,2026-09-08 07:00:56,8-K,False,https://www.sec.gov/Archives/edgar/data/2025341/000121390026097832/0001213900-26-097832-index.htm,https://www.sec.gov/Archives/edgar/data/2025341/000121390026097832/ea0304783-8k_andretti2.htm
POLE,0002025341,2026-09-08 00:00:00,2026-09-08 07:00:56,8-K,False,https://www.sec.gov/Archives/edgar/data/2025341/000121390026097832/0001213900-26-097832-index.htm,https://www.sec.gov/Archives/edgar/data/2025341/000121390026097832/ea0304783-8k_andretti2.htm
NVAWW,0001852551,2026-09-08 00:00:00,2026-09-08 06:45:27,8-K,False,https://www.sec.gov/Archives/edgar/data/1852551/000149315226041682/0001493152-26-041682-index.htm,https://www.sec.gov/Archives/edgar/data/1852551/000149315226041682/form8-k.htm
NVA,0001852551,2026-09-08 00:00:00,2026-09-08 06:45:27,8-K,False,https://www.sec.gov/Archives/edgar/data/1852551/000149315226041682/0001493152-26-041682-index.htm,https://www.sec.gov/Archives/edgar/data/1852551/000149315226041682/form8-k.htm
NVAAF,0001852551,2026-09-08 00:00:00,2026-09-08 06:45:27,8-K,False,https://www.sec.gov/Archives/edgar/data/1852551/000149315226041682/0001493152-26-041682-index.htm,https://www.sec.gov/Archives/edgar/data/1852551/000149315226041682/form8-k.htm
IART,0000917520,2026-09-08 00:00:00,2026-09-08 06:30:25,8-K,False,https://www.sec.gov/Archives/edgar/data/917520/000091752026000061/0000917520-26-000061-index.htm,https://www.sec.gov/Archives/edgar/data/917520/000091752026000061/iart-20260908.htm
KOS,0001509991,2026-09-08 00:00:00,2026-09-08 06:16:51,8-K,False,https://www.sec.gov/Archives/edgar/data/1509991/000150999126000051/0001509991-26-000051-index.htm,https://www.sec.gov/Archives/edgar/data/1509991/000150999126000051/kos-20260908.htm
BSX,0000885725,2026-09-08 00:00:00,2026-09-08 06:15:57,8-K,False,https://www.sec.gov/Archives/edgar/data/885725/000088572526000059/0000885725-26-000059-index.htm,https://www.sec.gov/Archives/edgar/data/885725/000088572526000059/bsx-20260907.htm
BSX-PA,0000885725,2026-09-08 00:00:00,2026-09-08 06:15:57,8-K,False,https://www.sec.gov/Archives/edgar/data/885725/000088572526000059/0000885725-26-000059-index.htm,https://www.sec.gov/Archives/edgar/data/885725/000088572526000059/bsx-20260907.htm
EMLD,0001889123,2026-09-08 00:00:00,2026-09-08 06:10:26,8-K,False,https://www.sec.gov/Archives/edgar/data/1889123/000119312526384299/0001193125-26-384299-index.htm,https://www.sec.gov/Archives/edgar/data/1889123/000119312526384299/fld-20260904.htm
EMLDW,0001889123,2026-09-08 00:00:00,2026-09-08 06:10:26,8-K,False,https://www.sec.gov/Archives/edgar/data/1889123/000119312526384299/0001193125-26-384299-index.htm,https://www.sec.gov/Archives/edgar/data/1889123/000119312526384299/fld-20260904.htm
EMLDU,0001889123,2026-09-08 00:00:00,2026-09-08 06:10:26,8-K,False,https://www.sec.gov/Archives/edgar/data/1889123/000119312526384299/0001193125-26-384299-index.htm,https://www.sec.gov/Archives/edgar/data/1889123/000119312526384299/fld-20260904.htm
FLDDW,0001889123,2026-09-08 00:00:00,2026-09-08 06:10:26,8-K,False,https://www.sec.gov/Archives/edgar/data/1889123/000119312526384299/0001193125-26-384299-index.htm,https://www.sec.gov/Archives/edgar/data/1889123/000119312526384299/fld-20260904.htm
FLDDU,0001889123,2026-09-08 00:00:00,2026-09-08 06:10:26,8-K,False,https://www.sec.gov/Archives/edgar/data/1889123/000119312526384299/0001193125-26-384299-index.htm,https://www.sec.gov/Archives/edgar/data/1889123/000119312526384299/fld-20260904.htm
FLD,0001889123,2026-09-08 00:00:00,2026-09-08 06:10:26,8-K,False,https://www.sec.gov/Archives/edgar/data/1889123/000119312526384299/0001193125-26-384299-index.htm,https://www.sec.gov/Archives/edgar/data/1889123/000119312526384299/fld-20260904.htm
CAPNU,0002024203,2026-09-08 00:00:00,2026-09-08 06:10:15,8-K,False,https://www.sec.gov/Archives/edgar/data/2024203/000149315226041659/0001493152-26-041659-index.htm,https://www.sec.gov/Archives/edgar/data/2024203/000149315226041659/form8-k.htm
CAPN,0002024203,2026-09-08 00:00:00,2026-09-08 06:10:15,8-K,False,https://www.sec.gov/Archives/edgar/data/2024203/000149315226041659/0001493152-26-041659-index.htm,https://www.sec.gov/Archives/edgar/data/2024203/000149315226041659/form8-k.htm
CAPNR,0002024203,2026-09-08 00:00:00,2026-09-08 06:10:15,8-K,False,https://www.sec.gov/Archives/edgar/data/2024203/000149315226041659/0001493152-26-041659-index.htm,https://www.sec.gov/Archives/edgar/data/2024203/000149315226041659/form8-k.htm
WAFD,0000936528,2026-09-08 00:00:00,2026-09-08 06:05:37,8-K,True,https://www.sec.gov/Archives/edgar/data/936528/000114036126035826/0001140361-26-035826-index.htm,https://www.sec.gov/Archives/edgar/data/936528/000114036126035826/ef20081702_ex99-2.htm
WAFDP,0000936528,2026-09-08 00:00:00,2026-09-08 06:05:37,8-K,True,https://www.sec.gov/Archives/edgar/data/936528/000114036126035826/0001140361-26-035826-index.htm,https://www.sec.gov/Archives/edgar/data/936528/000114036126035826/ef20081702_ex99-2.htm
None,0002093507,2026-09-08 00:00:00,2026-09-08 06:05:32,8-K,False,https://www.sec.gov/Archives/edgar/data/2093507/000182912626009787/0001829126-26-009787-index.htm,https://www.sec.gov/Archives/edgar/data/2093507/000182912626009787/greenlandenergy_8k.htm
AITX,0001498148,2026-09-08 00:00:00,2026-09-08 06:05:21,8-K,False,https://www.sec.gov/Archives/edgar/data/1498148/000149315226041651/0001493152-26-041651-index.htm,https://www.sec.gov/Archives/edgar/data/1498148/000149315226041651/form8-k.htm
AITXD,0001498148,2026-09-08 00:00:00,2026-09-08 06:05:21,8-K,False,https://www.sec.gov/Archives/edgar/data/1498148/000149315226041651/0001493152-26-041651-index.htm,https://www.sec.gov/Archives/edgar/data/1498148/000149315226041651/form8-k.htm
MSRT,0001589149,2026-09-08 00:00:00,2026-09-08 06:05:15,8-K,False,https://www.sec.gov/Archives/edgar/data/1589149/000149315226041650/0001493152-26-041650-index.htm,https://www.sec.gov/Archives/edgar/data/1589149/000149315226041650/form8-k.htm
GWAV,0001589149,2026-09-08 00:00:00,2026-09-08 06:05:15,8-K,False,https://www.sec.gov/Archives/edgar/data/1589149/000149315226041650/0001493152-26-041650-index.htm,https://www.sec.gov/Archives/edgar/data/1589149/000149315226041650/form8-k.htm
CRCL,0001876042,2026-09-08 00:00:00,2026-09-08 06:04:21,8-K,False,https://www.sec.gov/Archives/edgar/data/1876042/000187604226000267/0001876042-26-000267-index.htm,https://www.sec.gov/Archives/edgar/data/1876042/000187604226000267/crcl-20260904.htm
BAM,0001937926,2026-09-08 00:00:00,2026-09-08 06:00:34,8-K,False,https://www.sec.gov/Archives/edgar/data/1937926/000117184326005900/0001171843-26-005900-index.htm,https://www.sec.gov/Archives/edgar/data/1937926/000117184326005900/f8k_090826.htm
BAM-WI,0001937926,2026-09-08 00:00:00,2026-09-08 06:00:34,8-K,False,https://www.sec.gov/Archives/edgar/data/1937926/000117184326005900/0001171843-26-005900-index.htm,https://www.sec.gov/Archives/edgar/data/1937926/000117184326005900/f8k_090826.htm
