symbol,filingDate,filing_detail_url,document_type,document_description,document_url,matched,error
VWAV,2026-09-18 00:00:00,https://www.sec.gov/Archives/edgar/data/2038439/000173112226001264/0001731122-26-001264-index.htm,8-K,FORM 8-K,https://www.sec.gov/Archives/edgar/data/2038439/000173112226001264/e7954_8k.htm,True,
VWAV,2026-09-18 00:00:00,https://www.sec.gov/Archives/edgar/data/2038439/000173112226001264/0001731122-26-001264-index.htm,EX-10.1,EXHIBIT 10.1,https://www.sec.gov/Archives/edgar/data/2038439/000173112226001264/e7954_ex10-1.htm,True,
VWAVW,2026-09-18 00:00:00,https://www.sec.gov/Archives/edgar/data/2038439/000173112226001264/0001731122-26-001264-index.htm,8-K,FORM 8-K,https://www.sec.gov/Archives/edgar/data/2038439/000173112226001264/e7954_8k.htm,True,
VWAVW,2026-09-18 00:00:00,https://www.sec.gov/Archives/edgar/data/2038439/000173112226001264/0001731122-26-001264-index.htm,EX-10.1,EXHIBIT 10.1,https://www.sec.gov/Archives/edgar/data/2038439/000173112226001264/e7954_ex10-1.htm,True,
RIV,2026-09-18 00:00:00,https://www.sec.gov/Archives/edgar/data/1501072/000139834426017220/0001398344-26-017220-index.htm,8-K,,https://www.sec.gov/Archives/edgar/data/1501072/000139834426017220/fp0100919-1_8kixbrl.htm,True,
RIV,2026-09-18 00:00:00,https://www.sec.gov/Archives/edgar/data/1501072/000139834426017220/0001398344-26-017220-index.htm,EX-99.1,,https://www.sec.gov/Archives/edgar/data/1501072/000139834426017220/fp0100919-1_ex991.htm,False,
RIV-PA,2026-09-18 00:00:00,https://www.sec.gov/Archives/edgar/data/1501072/000139834426017220/0001398344-26-017220-index.htm,8-K,,https://www.sec.gov/Archives/edgar/data/1501072/000139834426017220/fp0100919-1_8kixbrl.htm,True,
RIV-PA,2026-09-18 00:00:00,https://www.sec.gov/Archives/edgar/data/1501072/000139834426017220/0001398344-26-017220-index.htm,EX-99.1,,https://www.sec.gov/Archives/edgar/data/1501072/000139834426017220/fp0100919-1_ex991.htm,False,
CACC,2026-09-18 00:00:00,https://www.sec.gov/Archives/edgar/data/885550/000088555026000192/0000885550-26-000192-index.htm,8-K,8-K,https://www.sec.gov/Archives/edgar/data/885550/000088555026000192/cacc-20260917.htm,True,
CACC,2026-09-18 00:00:00,https://www.sec.gov/Archives/edgar/data/885550/000088555026000192/0000885550-26-000192-index.htm,EX-10.1,EX-10.1,https://www.sec.gov/Archives/edgar/data/885550/000088555026000192/cacc_8k20260917cj.htm,False,
CACC,2026-09-18 00:00:00,https://www.sec.gov/Archives/edgar/data/885550/000088555026000192/0000885550-26-000192-index.htm,EX-99.1,EX-99.1,https://www.sec.gov/Archives/edgar/data/885550/000088555026000192/cacc_8k20260917pr.htm,False,
BCBP,2026-09-18 00:00:00,https://www.sec.gov/Archives/edgar/data/1228454/000119312526395743/0001193125-26-395743-index.htm,8-K,8-K,https://www.sec.gov/Archives/edgar/data/1228454/000119312526395743/d112674d8k.htm,True,
BCBP,2026-09-18 00:00:00,https://www.sec.gov/Archives/edgar/data/1228454/000119312526395743/0001193125-26-395743-index.htm,EX-10.1,EX-10.1,https://www.sec.gov/Archives/edgar/data/1228454/000119312526395743/d112674dex101.htm,True,
BCBP,2026-09-18 00:00:00,https://www.sec.gov/Archives/edgar/data/1228454/000119312526395743/0001193125-26-395743-index.htm,EX-99.1,EX-99.1,https://www.sec.gov/Archives/edgar/data/1228454/000119312526395743/d112674dex991.htm,False,
HWH,2026-09-18 00:00:00,https://www.sec.gov/Archives/edgar/data/1897245/000149315226043411/0001493152-26-043411-index.htm,8-K,8-K,https://www.sec.gov/Archives/edgar/data/1897245/000149315226043411/form8-k.htm,False,
ACAX,2026-09-18 00:00:00,https://www.sec.gov/Archives/edgar/data/1897245/000149315226043411/0001493152-26-043411-index.htm,8-K,8-K,https://www.sec.gov/Archives/edgar/data/1897245/000149315226043411/form8-k.htm,False,
ACAXR,2026-09-18 00:00:00,https://www.sec.gov/Archives/edgar/data/1897245/000149315226043411/0001493152-26-043411-index.htm,8-K,8-K,https://www.sec.gov/Archives/edgar/data/1897245/000149315226043411/form8-k.htm,False,
ACAXW,2026-09-18 00:00:00,https://www.sec.gov/Archives/edgar/data/1897245/000149315226043411/0001493152-26-043411-index.htm,8-K,8-K,https://www.sec.gov/Archives/edgar/data/1897245/000149315226043411/form8-k.htm,False,
ACAXU,2026-09-18 00:00:00,https://www.sec.gov/Archives/edgar/data/1897245/000149315226043411/0001493152-26-043411-index.htm,8-K,8-K,https://www.sec.gov/Archives/edgar/data/1897245/000149315226043411/form8-k.htm,False,
DAKT,2026-09-18 00:00:00,https://www.sec.gov/Archives/edgar/data/915779/000162828026062772/0001628280-26-062772-index.htm,8-K,8-K,https://www.sec.gov/Archives/edgar/data/915779/000162828026062772/dakt-20260916.htm,False,
CLSKW,2026-09-18 00:00:00,https://www.sec.gov/Archives/edgar/data/827876/000119312526395727/0001193125-26-395727-index.htm,8-K,8-K,https://www.sec.gov/Archives/edgar/data/827876/000119312526395727/clsk-20260918.htm,False,
CLSKW,2026-09-18 00:00:00,https://www.sec.gov/Archives/edgar/data/827876/000119312526395727/0001193125-26-395727-index.htm,EX-99.1,EX-99.1,https://www.sec.gov/Archives/edgar/data/827876/000119312526395727/clsk-ex99_1.htm,False,
CLSK,2026-09-18 00:00:00,https://www.sec.gov/Archives/edgar/data/827876/000119312526395727/0001193125-26-395727-index.htm,8-K,8-K,https://www.sec.gov/Archives/edgar/data/827876/000119312526395727/clsk-20260918.htm,False,
CLSK,2026-09-18 00:00:00,https://www.sec.gov/Archives/edgar/data/827876/000119312526395727/0001193125-26-395727-index.htm,EX-99.1,EX-99.1,https://www.sec.gov/Archives/edgar/data/827876/000119312526395727/clsk-ex99_1.htm,False,
TBPH,2026-09-18 00:00:00,https://www.sec.gov/Archives/edgar/data/1583107/000110465926108980/0001104659-26-108980-index.htm,8-K,FORM 8-K,https://www.sec.gov/Archives/edgar/data/1583107/000110465926108980/tm2625672d1_8k.htm,False,
MYMD,2026-09-18 00:00:00,https://www.sec.gov/Archives/edgar/data/1321834/000149315226043401/0001493152-26-043401-index.htm,8-K,8-K,https://www.sec.gov/Archives/edgar/data/1321834/000149315226043401/form8-k.htm,True,
MYMD,2026-09-18 00:00:00,https://www.sec.gov/Archives/edgar/data/1321834/000149315226043401/0001493152-26-043401-index.htm,EX-10.1,EX-10.1,https://www.sec.gov/Archives/edgar/data/1321834/000149315226043401/ex10-1.htm,False,
MYMD,2026-09-18 00:00:00,https://www.sec.gov/Archives/edgar/data/1321834/000149315226043401/0001493152-26-043401-index.htm,EX-10.2,EX-10.2,https://www.sec.gov/Archives/edgar/data/1321834/000149315226043401/ex10-2.htm,False,
MYMD,2026-09-18 00:00:00,https://www.sec.gov/Archives/edgar/data/1321834/000149315226043401/0001493152-26-043401-index.htm,EX-99.1,EX-99.1,https://www.sec.gov/Archives/edgar/data/1321834/000149315226043401/ex99-1.htm,False,
CDT,2026-09-18 00:00:00,https://www.sec.gov/Archives/edgar/data/1896212/000149315226043398/0001493152-26-043398-index.htm,8-K,8-K,https://www.sec.gov/Archives/edgar/data/1896212/000149315226043398/form8-k.htm,True,
CDT,2026-09-18 00:00:00,https://www.sec.gov/Archives/edgar/data/1896212/000149315226043398/0001493152-26-043398-index.htm,EX-10.1,EX-10.1,https://www.sec.gov/Archives/edgar/data/1896212/000149315226043398/ex10-1.htm,True,
MURF,2026-09-18 00:00:00,https://www.sec.gov/Archives/edgar/data/1896212/000149315226043398/0001493152-26-043398-index.htm,8-K,8-K,https://www.sec.gov/Archives/edgar/data/1896212/000149315226043398/form8-k.htm,True,
MURF,2026-09-18 00:00:00,https://www.sec.gov/Archives/edgar/data/1896212/000149315226043398/0001493152-26-043398-index.htm,EX-10.1,EX-10.1,https://www.sec.gov/Archives/edgar/data/1896212/000149315226043398/ex10-1.htm,True,
MURFU,2026-09-18 00:00:00,https://www.sec.gov/Archives/edgar/data/1896212/000149315226043398/0001493152-26-043398-index.htm,8-K,8-K,https://www.sec.gov/Archives/edgar/data/1896212/000149315226043398/form8-k.htm,True,
MURFU,2026-09-18 00:00:00,https://www.sec.gov/Archives/edgar/data/1896212/000149315226043398/0001493152-26-043398-index.htm,EX-10.1,EX-10.1,https://www.sec.gov/Archives/edgar/data/1896212/000149315226043398/ex10-1.htm,True,
MURFW,2026-09-18 00:00:00,https://www.sec.gov/Archives/edgar/data/1896212/000149315226043398/0001493152-26-043398-index.htm,8-K,8-K,https://www.sec.gov/Archives/edgar/data/1896212/000149315226043398/form8-k.htm,True,
MURFW,2026-09-18 00:00:00,https://www.sec.gov/Archives/edgar/data/1896212/000149315226043398/0001493152-26-043398-index.htm,EX-10.1,EX-10.1,https://www.sec.gov/Archives/edgar/data/1896212/000149315226043398/ex10-1.htm,True,
CDTTW,2026-09-18 00:00:00,https://www.sec.gov/Archives/edgar/data/1896212/000149315226043398/0001493152-26-043398-index.htm,8-K,8-K,https://www.sec.gov/Archives/edgar/data/1896212/000149315226043398/form8-k.htm,True,
CDTTW,2026-09-18 00:00:00,https://www.sec.gov/Archives/edgar/data/1896212/000149315226043398/0001493152-26-043398-index.htm,EX-10.1,EX-10.1,https://www.sec.gov/Archives/edgar/data/1896212/000149315226043398/ex10-1.htm,True,
INM,2026-09-18 00:00:00,https://www.sec.gov/Archives/edgar/data/1728328/000121390026101492/0001213900-26-101492-index.htm,8-K,CURRENT REPORT,https://www.sec.gov/Archives/edgar/data/1728328/000121390026101492/ea0305769-8k_inmed.htm,False,
INM,2026-09-18 00:00:00,https://www.sec.gov/Archives/edgar/data/1728328/000121390026101492/0001213900-26-101492-index.htm,EX-99.1,PRESS RELEASE,https://www.sec.gov/Archives/edgar/data/1728328/000121390026101492/ea030576901ex99-1.htm,False,
IGAP,2026-09-18 00:00:00,https://www.sec.gov/Archives/edgar/data/1506983/000149315226043389/0001493152-26-043389-index.htm,8-K,8-K,https://www.sec.gov/Archives/edgar/data/1506983/000149315226043389/form8-k.htm,False,
GCTK,2026-09-18 00:00:00,https://www.sec.gov/Archives/edgar/data/1506983/000149315226043389/0001493152-26-043389-index.htm,8-K,8-K,https://www.sec.gov/Archives/edgar/data/1506983/000149315226043389/form8-k.htm,False,
AREN,2026-09-18 00:00:00,https://www.sec.gov/Archives/edgar/data/894871/000149315226043382/0001493152-26-043382-index.htm,8-K,8-K,https://www.sec.gov/Archives/edgar/data/894871/000149315226043382/form8-k.htm,False,
AREN,2026-09-18 00:00:00,https://www.sec.gov/Archives/edgar/data/894871/000149315226043382/0001493152-26-043382-index.htm,EX-10.1,EX-10.1,https://www.sec.gov/Archives/edgar/data/894871/000149315226043382/ex10-1.htm,False,
MVEN,2026-09-18 00:00:00,https://www.sec.gov/Archives/edgar/data/894871/000149315226043382/0001493152-26-043382-index.htm,8-K,8-K,https://www.sec.gov/Archives/edgar/data/894871/000149315226043382/form8-k.htm,False,
MVEN,2026-09-18 00:00:00,https://www.sec.gov/Archives/edgar/data/894871/000149315226043382/0001493152-26-043382-index.htm,EX-10.1,EX-10.1,https://www.sec.gov/Archives/edgar/data/894871/000149315226043382/ex10-1.htm,False,
MBRX,2026-09-18 00:00:00,https://www.sec.gov/Archives/edgar/data/1659617/000143774926030757/0001437749-26-030757-index.htm,8-K,FORM 8-K,https://www.sec.gov/Archives/edgar/data/1659617/000143774926030757/mbrx20260914_8k.htm,False,
ROSS-UN,2026-09-18 00:00:00,https://www.sec.gov/Archives/edgar/data/1841610/000118518526004172/0001185185-26-004172-index.htm,8-K,FORM 8-K,https://www.sec.gov/Archives/edgar/data/1841610/000118518526004172/bpgcacq8k091526.htm,False,
ROSS,2026-09-18 00:00:00,https://www.sec.gov/Archives/edgar/data/1841610/000118518526004172/0001185185-26-004172-index.htm,8-K,FORM 8-K,https://www.sec.gov/Archives/edgar/data/1841610/000118518526004172/bpgcacq8k091526.htm,False,
ROSS-WT,2026-09-18 00:00:00,https://www.sec.gov/Archives/edgar/data/1841610/000118518526004172/0001185185-26-004172-index.htm,8-K,FORM 8-K,https://www.sec.gov/Archives/edgar/data/1841610/000118518526004172/bpgcacq8k091526.htm,False,
None,2026-09-18 00:00:00,https://www.sec.gov/Archives/edgar/data/2033383/000149315226043379/0001493152-26-043379-index.htm,8-K,8-K,https://www.sec.gov/Archives/edgar/data/2033383/000149315226043379/form8-k.htm,False,
CIVB,2026-09-18 00:00:00,https://www.sec.gov/Archives/edgar/data/944745/000119312526395696/0001193125-26-395696-index.htm,8-K,8-K,https://www.sec.gov/Archives/edgar/data/944745/000119312526395696/civb-20260918.htm,False,
CIVB,2026-09-18 00:00:00,https://www.sec.gov/Archives/edgar/data/944745/000119312526395696/0001193125-26-395696-index.htm,EX-99.1,EX-99.1,https://www.sec.gov/Archives/edgar/data/944745/000119312526395696/civb-ex99_1.htm,False,
ITP,2026-09-18 00:00:00,https://www.sec.gov/Archives/edgar/data/1358190/000121390026101474/0001213900-26-101474-index.htm,8-K,CURRENT REPORT,https://www.sec.gov/Archives/edgar/data/1358190/000121390026101474/ea0305978-8k_ittech.htm,False,
ATOS,2026-09-18 00:00:00,https://www.sec.gov/Archives/edgar/data/1488039/000119312526395694/0001193125-26-395694-index.htm,8-K,8-K,https://www.sec.gov/Archives/edgar/data/1488039/000119312526395694/atos-20260918.htm,False,
ATOS,2026-09-18 00:00:00,https://www.sec.gov/Archives/edgar/data/1488039/000119312526395694/0001193125-26-395694-index.htm,EX-99.1,EX-99.1,https://www.sec.gov/Archives/edgar/data/1488039/000119312526395694/atos-ex99_1.htm,False,
RVYL,2026-09-18 00:00:00,https://www.sec.gov/Archives/edgar/data/1419275/000118518526004171/0001185185-26-004171-index.htm,8-K,FORM 8-K,https://www.sec.gov/Archives/edgar/data/1419275/000118518526004171/rtb8k091826.htm,True,
RVYL,2026-09-18 00:00:00,https://www.sec.gov/Archives/edgar/data/1419275/000118518526004171/0001185185-26-004171-index.htm,EX-10.1,EXHIBIT 10.1,https://www.sec.gov/Archives/edgar/data/1419275/000118518526004171/rtbex10-1.htm,False,
GBOX,2026-09-18 00:00:00,https://www.sec.gov/Archives/edgar/data/1419275/000118518526004171/0001185185-26-004171-index.htm,8-K,FORM 8-K,https://www.sec.gov/Archives/edgar/data/1419275/000118518526004171/rtb8k091826.htm,True,
GBOX,2026-09-18 00:00:00,https://www.sec.gov/Archives/edgar/data/1419275/000118518526004171/0001185185-26-004171-index.htm,EX-10.1,EXHIBIT 10.1,https://www.sec.gov/Archives/edgar/data/1419275/000118518526004171/rtbex10-1.htm,False,
LII,2026-09-18 00:00:00,https://www.sec.gov/Archives/edgar/data/1069202/000106920226000091/0001069202-26-000091-index.htm,8-K,8-K,https://www.sec.gov/Archives/edgar/data/1069202/000106920226000091/lii-20260916.htm,False,
LII,2026-09-18 00:00:00,https://www.sec.gov/Archives/edgar/data/1069202/000106920226000091/0001069202-26-000091-index.htm,EX-10.1,EX-10.1,https://www.sec.gov/Archives/edgar/data/1069202/000106920226000091/ex101usvplti.htm,False,
CNXC,2026-09-18 00:00:00,https://www.sec.gov/Archives/edgar/data/1803599/000180359926000142/0001803599-26-000142-index.htm,8-K,8-K,https://www.sec.gov/Archives/edgar/data/1803599/000180359926000142/cnxc-20260915.htm,False,
MDRRP,2026-09-18 00:00:00,https://www.sec.gov/Archives/edgar/data/1654595/000110465926108961/0001104659-26-108961-index.htm,8-K,8-K,https://www.sec.gov/Archives/edgar/data/1654595/000110465926108961/mdrr-20260917x8k.htm,False,
MDRR,2026-09-18 00:00:00,https://www.sec.gov/Archives/edgar/data/1654595/000110465926108961/0001104659-26-108961-index.htm,8-K,8-K,https://www.sec.gov/Archives/edgar/data/1654595/000110465926108961/mdrr-20260917x8k.htm,False,
None,2026-09-18 00:00:00,https://www.sec.gov/Archives/edgar/data/1944366/000194436626000082/0001944366-26-000082-index.htm,8-K,8-K,https://www.sec.gov/Archives/edgar/data/1944366/000194436626000082/osnl-20260916.htm,False,
None,2026-09-18 00:00:00,https://www.sec.gov/Archives/edgar/data/2044327/000110465926108956/0001104659-26-108956-index.htm,8-K,FORM 8-K,https://www.sec.gov/Archives/edgar/data/2044327/000110465926108956/tm2625733d1_8k.htm,False,
CDIO,2026-09-18 00:00:00,https://www.sec.gov/Archives/edgar/data/1870144/000155335026000131/0001553350-26-000131-index.htm,8-K,FORM 8-K,https://www.sec.gov/Archives/edgar/data/1870144/000155335026000131/cdio_8k.htm,False,
MAAQW,2026-09-18 00:00:00,https://www.sec.gov/Archives/edgar/data/1870144/000155335026000131/0001553350-26-000131-index.htm,8-K,FORM 8-K,https://www.sec.gov/Archives/edgar/data/1870144/000155335026000131/cdio_8k.htm,False,
MAAQ,2026-09-18 00:00:00,https://www.sec.gov/Archives/edgar/data/1870144/000155335026000131/0001553350-26-000131-index.htm,8-K,FORM 8-K,https://www.sec.gov/Archives/edgar/data/1870144/000155335026000131/cdio_8k.htm,False,
CDIOW,2026-09-18 00:00:00,https://www.sec.gov/Archives/edgar/data/1870144/000155335026000131/0001553350-26-000131-index.htm,8-K,FORM 8-K,https://www.sec.gov/Archives/edgar/data/1870144/000155335026000131/cdio_8k.htm,False,
MAAQR,2026-09-18 00:00:00,https://www.sec.gov/Archives/edgar/data/1870144/000155335026000131/0001553350-26-000131-index.htm,8-K,FORM 8-K,https://www.sec.gov/Archives/edgar/data/1870144/000155335026000131/cdio_8k.htm,False,
MAAQU,2026-09-18 00:00:00,https://www.sec.gov/Archives/edgar/data/1870144/000155335026000131/0001553350-26-000131-index.htm,8-K,FORM 8-K,https://www.sec.gov/Archives/edgar/data/1870144/000155335026000131/cdio_8k.htm,False,
None,2026-09-18 00:00:00,https://www.sec.gov/Archives/edgar/data/2069692/000206969226000063/0002069692-26-000063-index.htm,8-K,8-K,https://www.sec.gov/Archives/edgar/data/2069692/000206969226000063/osnl-20260831.htm,False,
FLUX,2026-09-18 00:00:00,https://www.sec.gov/Archives/edgar/data/1083743/000149315226043365/0001493152-26-043365-index.htm,8-K,8-K,https://www.sec.gov/Archives/edgar/data/1083743/000149315226043365/form8-k.htm,True,
FLUX,2026-09-18 00:00:00,https://www.sec.gov/Archives/edgar/data/1083743/000149315226043365/0001493152-26-043365-index.htm,EX-10.1,EX-10.1,https://www.sec.gov/Archives/edgar/data/1083743/000149315226043365/ex10-1.htm,True,
FMNB,2026-09-18 00:00:00,https://www.sec.gov/Archives/edgar/data/709337/000143774926030756/0001437749-26-030756-index.htm,8-K,FORM 8-K,https://www.sec.gov/Archives/edgar/data/709337/000143774926030756/fmnb20260918c_8k.htm,False,
OTLKW,2026-09-18 00:00:00,https://www.sec.gov/Archives/edgar/data/1649989/000110465926108952/0001104659-26-108952-index.htm,8-K,FORM 8-K,https://www.sec.gov/Archives/edgar/data/1649989/000110465926108952/tm2625694d1_8k.htm,False,
OTLK,2026-09-18 00:00:00,https://www.sec.gov/Archives/edgar/data/1649989/000110465926108952/0001104659-26-108952-index.htm,8-K,FORM 8-K,https://www.sec.gov/Archives/edgar/data/1649989/000110465926108952/tm2625694d1_8k.htm,False,
IVFH,2026-09-18 00:00:00,https://www.sec.gov/Archives/edgar/data/312257/000118518526004168/0001185185-26-004168-index.htm,8-K,FORM 8-K,https://www.sec.gov/Archives/edgar/data/312257/000118518526004168/ivfh8k091826.htm,True,
None,2026-09-18 00:00:00,https://www.sec.gov/Archives/edgar/data/1531193/000110465926108950/0001104659-26-108950-index.htm,8-K,FORM 8-K,https://www.sec.gov/Archives/edgar/data/1531193/000110465926108950/tm2625756d1_8k.htm,False,
None,2026-09-18 00:00:00,https://www.sec.gov/Archives/edgar/data/1531193/000110465926108950/0001104659-26-108950-index.htm,EX-99.1,EXHIBIT 99.1,https://www.sec.gov/Archives/edgar/data/1531193/000110465926108950/tm2625756d1_ex99-1.htm,False,
HFFG,2026-09-18 00:00:00,https://www.sec.gov/Archives/edgar/data/1680873/000162828026062741/0001628280-26-062741-index.htm,8-K,8-K,https://www.sec.gov/Archives/edgar/data/1680873/000162828026062741/hffg-20260917.htm,False,
HFFG,2026-09-18 00:00:00,https://www.sec.gov/Archives/edgar/data/1680873/000162828026062741/0001628280-26-062741-index.htm,EX-99.1,EX-99.1,https://www.sec.gov/Archives/edgar/data/1680873/000162828026062741/exhibit991-atmtermination.htm,False,
TCBX,2026-09-18 00:00:00,https://www.sec.gov/Archives/edgar/data/1781730/000119312526395617/0001193125-26-395617-index.htm,8-K,8-K,https://www.sec.gov/Archives/edgar/data/1781730/000119312526395617/tcbx-20260917.htm,False,
NILE-PD,2026-09-18 00:00:00,https://www.sec.gov/Archives/edgar/data/896493/000121465926011802/0001214659-26-011802-index.htm,8-K,,https://www.sec.gov/Archives/edgar/data/896493/000121465926011802/p9182628k.htm,False,
NILE-PD,2026-09-18 00:00:00,https://www.sec.gov/Archives/edgar/data/896493/000121465926011802/0001214659-26-011802-index.htm,EX-99.1,EXHIBIT 99.1,https://www.sec.gov/Archives/edgar/data/896493/000121465926011802/ex99_1.htm,False,
NILE,2026-09-18 00:00:00,https://www.sec.gov/Archives/edgar/data/896493/000121465926011802/0001214659-26-011802-index.htm,8-K,,https://www.sec.gov/Archives/edgar/data/896493/000121465926011802/p9182628k.htm,False,
NILE,2026-09-18 00:00:00,https://www.sec.gov/Archives/edgar/data/896493/000121465926011802/0001214659-26-011802-index.htm,EX-99.1,EXHIBIT 99.1,https://www.sec.gov/Archives/edgar/data/896493/000121465926011802/ex99_1.htm,False,
DPW,2026-09-18 00:00:00,https://www.sec.gov/Archives/edgar/data/896493/000121465926011802/0001214659-26-011802-index.htm,8-K,,https://www.sec.gov/Archives/edgar/data/896493/000121465926011802/p9182628k.htm,False,
DPW,2026-09-18 00:00:00,https://www.sec.gov/Archives/edgar/data/896493/000121465926011802/0001214659-26-011802-index.htm,EX-99.1,EXHIBIT 99.1,https://www.sec.gov/Archives/edgar/data/896493/000121465926011802/ex99_1.htm,False,
GPUS-PD,2026-09-18 00:00:00,https://www.sec.gov/Archives/edgar/data/896493/000121465926011802/0001214659-26-011802-index.htm,8-K,,https://www.sec.gov/Archives/edgar/data/896493/000121465926011802/p9182628k.htm,False,
GPUS-PD,2026-09-18 00:00:00,https://www.sec.gov/Archives/edgar/data/896493/000121465926011802/0001214659-26-011802-index.htm,EX-99.1,EXHIBIT 99.1,https://www.sec.gov/Archives/edgar/data/896493/000121465926011802/ex99_1.htm,False,
GPUS,2026-09-18 00:00:00,https://www.sec.gov/Archives/edgar/data/896493/000121465926011802/0001214659-26-011802-index.htm,8-K,,https://www.sec.gov/Archives/edgar/data/896493/000121465926011802/p9182628k.htm,False,
GPUS,2026-09-18 00:00:00,https://www.sec.gov/Archives/edgar/data/896493/000121465926011802/0001214659-26-011802-index.htm,EX-99.1,EXHIBIT 99.1,https://www.sec.gov/Archives/edgar/data/896493/000121465926011802/ex99_1.htm,False,
AULT,2026-09-18 00:00:00,https://www.sec.gov/Archives/edgar/data/896493/000121465926011802/0001214659-26-011802-index.htm,8-K,,https://www.sec.gov/Archives/edgar/data/896493/000121465926011802/p9182628k.htm,False,
AULT,2026-09-18 00:00:00,https://www.sec.gov/Archives/edgar/data/896493/000121465926011802/0001214659-26-011802-index.htm,EX-99.1,EXHIBIT 99.1,https://www.sec.gov/Archives/edgar/data/896493/000121465926011802/ex99_1.htm,False,
BYSI,2026-09-18 00:00:00,https://www.sec.gov/Archives/edgar/data/1677940/000117184326006116/0001171843-26-006116-index.htm,8-K,FORM 8-K,https://www.sec.gov/Archives/edgar/data/1677940/000117184326006116/f8k_091826.htm,False,
ATEX,2026-09-18 00:00:00,https://www.sec.gov/Archives/edgar/data/1304492/000130449226000053/0001304492-26-000053-index.htm,8-K,8-K,https://www.sec.gov/Archives/edgar/data/1304492/000130449226000053/atex-20260916.htm,False,
MORN,2026-09-18 00:00:00,https://www.sec.gov/Archives/edgar/data/1289419/000128941926000046/0001289419-26-000046-index.htm,8-K,8-K,https://www.sec.gov/Archives/edgar/data/1289419/000128941926000046/morn-20260918.htm,False,
MORN,2026-09-18 00:00:00,https://www.sec.gov/Archives/edgar/data/1289419/000128941926000046/0001289419-26-000046-index.htm,EX-99.1,EX-99.1,https://www.sec.gov/Archives/edgar/data/1289419/000128941926000046/dividendpr_091826.htm,False,
LRHC,2026-09-18 00:00:00,https://www.sec.gov/Archives/edgar/data/1879403/000121390026101435/0001213900-26-101435-index.htm,8-K,CURRENT REPORT,https://www.sec.gov/Archives/edgar/data/1879403/000121390026101435/ea0305684-8k_larosa.htm,False,
ADILW,2026-09-18 00:00:00,https://www.sec.gov/Archives/edgar/data/1513525/000121390026101434/0001213900-26-101434-index.htm,8-K,CURRENT REPORT,https://www.sec.gov/Archives/edgar/data/1513525/000121390026101434/ea0305933-8k_adial.htm,False,
ADILW,2026-09-18 00:00:00,https://www.sec.gov/Archives/edgar/data/1513525/000121390026101434/0001213900-26-101434-index.htm,EX-10.1,"AMENDMENT NO. 8 TO THE ADIAL PHARMACEUTICALS, INC. 2017 EQUITY INCENTIVE PLAN",https://www.sec.gov/Archives/edgar/data/1513525/000121390026101434/ea030593301ex10-1.htm,False,
ADILW,2026-09-18 00:00:00,https://www.sec.gov/Archives/edgar/data/1513525/000121390026101434/0001213900-26-101434-index.htm,EX-10.2,"ADIAL PHARMACEUTICALS, INC. 2026 EQUITY INCENTIVE PLAN",https://www.sec.gov/Archives/edgar/data/1513525/000121390026101434/ea030593301ex10-2.htm,False,
ADIL,2026-09-18 00:00:00,https://www.sec.gov/Archives/edgar/data/1513525/000121390026101434/0001213900-26-101434-index.htm,8-K,CURRENT REPORT,https://www.sec.gov/Archives/edgar/data/1513525/000121390026101434/ea0305933-8k_adial.htm,False,
ADIL,2026-09-18 00:00:00,https://www.sec.gov/Archives/edgar/data/1513525/000121390026101434/0001213900-26-101434-index.htm,EX-10.1,"AMENDMENT NO. 8 TO THE ADIAL PHARMACEUTICALS, INC. 2017 EQUITY INCENTIVE PLAN",https://www.sec.gov/Archives/edgar/data/1513525/000121390026101434/ea030593301ex10-1.htm,False,
ADIL,2026-09-18 00:00:00,https://www.sec.gov/Archives/edgar/data/1513525/000121390026101434/0001213900-26-101434-index.htm,EX-10.2,"ADIAL PHARMACEUTICALS, INC. 2026 EQUITY INCENTIVE PLAN",https://www.sec.gov/Archives/edgar/data/1513525/000121390026101434/ea030593301ex10-2.htm,False,
VRME,2026-09-18 00:00:00,https://www.sec.gov/Archives/edgar/data/1104038/000121465926011800/0001214659-26-011800-index.htm,8-K,,https://www.sec.gov/Archives/edgar/data/1104038/000121465926011800/p9182618k.htm,False,
VRME,2026-09-18 00:00:00,https://www.sec.gov/Archives/edgar/data/1104038/000121465926011800/0001214659-26-011800-index.htm,EX-99.1,EXHIBIT 99.1,https://www.sec.gov/Archives/edgar/data/1104038/000121465926011800/ex99_1.htm,False,
VRMEW,2026-09-18 00:00:00,https://www.sec.gov/Archives/edgar/data/1104038/000121465926011800/0001214659-26-011800-index.htm,8-K,,https://www.sec.gov/Archives/edgar/data/1104038/000121465926011800/p9182618k.htm,False,
VRMEW,2026-09-18 00:00:00,https://www.sec.gov/Archives/edgar/data/1104038/000121465926011800/0001214659-26-011800-index.htm,EX-99.1,EXHIBIT 99.1,https://www.sec.gov/Archives/edgar/data/1104038/000121465926011800/ex99_1.htm,False,
AHR,2026-09-18 00:00:00,https://www.sec.gov/Archives/edgar/data/1632970/000119312526395604/0001193125-26-395604-index.htm,8-K,8-K,https://www.sec.gov/Archives/edgar/data/1632970/000119312526395604/ahr-20260918.htm,False,
AHR,2026-09-18 00:00:00,https://www.sec.gov/Archives/edgar/data/1632970/000119312526395604/0001193125-26-395604-index.htm,EX-99.1,EX-99.1,https://www.sec.gov/Archives/edgar/data/1632970/000119312526395604/ahr-ex99_1.htm,False,
OKTA,2026-09-18 00:00:00,https://www.sec.gov/Archives/edgar/data/1660134/000166013426000072/0001660134-26-000072-index.htm,8-K,8-K,https://www.sec.gov/Archives/edgar/data/1660134/000166013426000072/okta-20260914.htm,False,
OKTA,2026-09-18 00:00:00,https://www.sec.gov/Archives/edgar/data/1660134/000166013426000072/0001660134-26-000072-index.htm,EX-99.1,EX-99.1,https://www.sec.gov/Archives/edgar/data/1660134/000166013426000072/okta-09142026ex991.htm,False,
ELME,2026-09-18 00:00:00,https://www.sec.gov/Archives/edgar/data/104894/000010489426000112/0000104894-26-000112-index.htm,8-K,8-K,https://www.sec.gov/Archives/edgar/data/104894/000010489426000112/elme-20260914.htm,True,
WRE,2026-09-18 00:00:00,https://www.sec.gov/Archives/edgar/data/104894/000010489426000112/0000104894-26-000112-index.htm,8-K,8-K,https://www.sec.gov/Archives/edgar/data/104894/000010489426000112/elme-20260914.htm,True,
QTRRF,2026-09-18 00:00:00,https://www.sec.gov/Archives/edgar/data/1339688/000106299326005016/0001062993-26-005016-index.htm,8-K,FORM 8-K,https://www.sec.gov/Archives/edgar/data/1339688/000106299326005016/form8k.htm,False,
LCGMF,2026-09-18 00:00:00,https://www.sec.gov/Archives/edgar/data/1339688/000106299326005016/0001062993-26-005016-index.htm,8-K,FORM 8-K,https://www.sec.gov/Archives/edgar/data/1339688/000106299326005016/form8k.htm,False,
SAVA,2026-09-18 00:00:00,https://www.sec.gov/Archives/edgar/data/1069530/000143774926030751/0001437749-26-030751-index.htm,8-K,FORM 8-K,https://www.sec.gov/Archives/edgar/data/1069530/000143774926030751/sava20260918_8k.htm,False,
CHPG,2026-09-18 00:00:00,https://www.sec.gov/Archives/edgar/data/2024460/000121390026101422/0001213900-26-101422-index.htm,8-K,CURRENT REPORT,https://www.sec.gov/Archives/edgar/data/2024460/000121390026101422/ea0305952-8k425_champions.htm,True,
CHPG,2026-09-18 00:00:00,https://www.sec.gov/Archives/edgar/data/2024460/000121390026101422/0001213900-26-101422-index.htm,EX-10.1,FORM OF LOCK-UP AGREEMENT,https://www.sec.gov/Archives/edgar/data/2024460/000121390026101422/ea030595201ex10-1.htm,False,
CHPGR,2026-09-18 00:00:00,https://www.sec.gov/Archives/edgar/data/2024460/000121390026101422/0001213900-26-101422-index.htm,8-K,CURRENT REPORT,https://www.sec.gov/Archives/edgar/data/2024460/000121390026101422/ea0305952-8k425_champions.htm,True,
CHPGR,2026-09-18 00:00:00,https://www.sec.gov/Archives/edgar/data/2024460/000121390026101422/0001213900-26-101422-index.htm,EX-10.1,FORM OF LOCK-UP AGREEMENT,https://www.sec.gov/Archives/edgar/data/2024460/000121390026101422/ea030595201ex10-1.htm,False,
CHPGU,2026-09-18 00:00:00,https://www.sec.gov/Archives/edgar/data/2024460/000121390026101422/0001213900-26-101422-index.htm,8-K,CURRENT REPORT,https://www.sec.gov/Archives/edgar/data/2024460/000121390026101422/ea0305952-8k425_champions.htm,True,
CHPGU,2026-09-18 00:00:00,https://www.sec.gov/Archives/edgar/data/2024460/000121390026101422/0001213900-26-101422-index.htm,EX-10.1,FORM OF LOCK-UP AGREEMENT,https://www.sec.gov/Archives/edgar/data/2024460/000121390026101422/ea030595201ex10-1.htm,False,
None,2026-09-18 00:00:00,https://www.sec.gov/Archives/edgar/data/1998387/000093041326002922/0000930413-26-002922-index.htm,8-K,,https://www.sec.gov/Archives/edgar/data/1998387/000093041326002922/c117785_8k-ixbrl.htm,False,
DDS,2026-09-18 00:00:00,https://www.sec.gov/Archives/edgar/data/28917/000110465926108945/0001104659-26-108945-index.htm,8-K,FORM 8-K,https://www.sec.gov/Archives/edgar/data/28917/000110465926108945/tm2625597d1_8k.htm,False,
DDS,2026-09-18 00:00:00,https://www.sec.gov/Archives/edgar/data/28917/000110465926108945/0001104659-26-108945-index.htm,EX-99.1,EXHIBIT 99.1,https://www.sec.gov/Archives/edgar/data/28917/000110465926108945/tm2625597d1_ex99-1.htm,False,
DDT,2026-09-18 00:00:00,https://www.sec.gov/Archives/edgar/data/28917/000110465926108945/0001104659-26-108945-index.htm,8-K,FORM 8-K,https://www.sec.gov/Archives/edgar/data/28917/000110465926108945/tm2625597d1_8k.htm,False,
DDT,2026-09-18 00:00:00,https://www.sec.gov/Archives/edgar/data/28917/000110465926108945/0001104659-26-108945-index.htm,EX-99.1,EXHIBIT 99.1,https://www.sec.gov/Archives/edgar/data/28917/000110465926108945/tm2625597d1_ex99-1.htm,False,
BHLLD,2026-09-18 00:00:00,https://www.sec.gov/Archives/edgar/data/1407583/000149315226043349/0001493152-26-043349-index.htm,8-K,8-K,https://www.sec.gov/Archives/edgar/data/1407583/000149315226043349/form8-k.htm,False,
BHLL,2026-09-18 00:00:00,https://www.sec.gov/Archives/edgar/data/1407583/000149315226043349/0001493152-26-043349-index.htm,8-K,8-K,https://www.sec.gov/Archives/edgar/data/1407583/000149315226043349/form8-k.htm,False,
UVV,2026-09-18 00:00:00,https://www.sec.gov/Archives/edgar/data/102037/000119312526395560/0001193125-26-395560-index.htm,8-K,8-K,https://www.sec.gov/Archives/edgar/data/102037/000119312526395560/d237737d8k.htm,False,
STZ-B,2026-09-18 00:00:00,https://www.sec.gov/Archives/edgar/data/16918/000119312526395558/0001193125-26-395558-index.htm,8-K,8-K,https://www.sec.gov/Archives/edgar/data/16918/000119312526395558/d104366d8k.htm,True,
STZ,2026-09-18 00:00:00,https://www.sec.gov/Archives/edgar/data/16918/000119312526395558/0001193125-26-395558-index.htm,8-K,8-K,https://www.sec.gov/Archives/edgar/data/16918/000119312526395558/d104366d8k.htm,True,
BSEM,2026-09-18 00:00:00,https://www.sec.gov/Archives/edgar/data/1658678/000119312526395556/0001193125-26-395556-index.htm,8-K,8-K,https://www.sec.gov/Archives/edgar/data/1658678/000119312526395556/bsem-20260918.htm,True,
BSEM,2026-09-18 00:00:00,https://www.sec.gov/Archives/edgar/data/1658678/000119312526395556/0001193125-26-395556-index.htm,EX-10.1,EX-10.1,https://www.sec.gov/Archives/edgar/data/1658678/000119312526395556/bsem-ex10_1.htm,True,
BSEM,2026-09-18 00:00:00,https://www.sec.gov/Archives/edgar/data/1658678/000119312526395556/0001193125-26-395556-index.htm,EX-10.2,EX-10.2,https://www.sec.gov/Archives/edgar/data/1658678/000119312526395556/bsem-ex10_2.htm,False,
BSEM,2026-09-18 00:00:00,https://www.sec.gov/Archives/edgar/data/1658678/000119312526395556/0001193125-26-395556-index.htm,EX-99.1,EX-99.1,https://www.sec.gov/Archives/edgar/data/1658678/000119312526395556/bsem-ex99_1.htm,False,
None,2026-09-18 00:00:00,https://www.sec.gov/Archives/edgar/data/1925309/000119312526395557/0001193125-26-395557-index.htm,8-K,8-K,https://www.sec.gov/Archives/edgar/data/1925309/000119312526395557/d117260d8k.htm,True,
None,2026-09-18 00:00:00,https://www.sec.gov/Archives/edgar/data/1925309/000119312526395557/0001193125-26-395557-index.htm,EX-10.1,EX-10.1,https://www.sec.gov/Archives/edgar/data/1925309/000119312526395557/d117260dex101.htm,True,
CPPTL,2026-09-18 00:00:00,https://www.sec.gov/Archives/edgar/data/1837671/000183767126000078/0001837671-26-000078-index.htm,8-K,8-K,https://www.sec.gov/Archives/edgar/data/1837671/000183767126000078/cpt-20260918.htm,False,
CPPTL,2026-09-18 00:00:00,https://www.sec.gov/Archives/edgar/data/1837671/000183767126000078/0001837671-26-000078-index.htm,EX-99.1,EX-99.1,https://www.sec.gov/Archives/edgar/data/1837671/000183767126000078/exhibit991storereporting.htm,False,
PVL,2026-09-18 00:00:00,https://www.sec.gov/Archives/edgar/data/1520048/000110465926108946/0001104659-26-108946-index.htm,8-K,FORM 8-K,https://www.sec.gov/Archives/edgar/data/1520048/000110465926108946/tm2625684d1_8k.htm,False,
PVL,2026-09-18 00:00:00,https://www.sec.gov/Archives/edgar/data/1520048/000110465926108946/0001104659-26-108946-index.htm,EX-99.1,EXHIBIT 99.1,https://www.sec.gov/Archives/edgar/data/1520048/000110465926108946/tm2625684d1_ex99-1.htm,False,
LBRT,2026-09-18 00:00:00,https://www.sec.gov/Archives/edgar/data/1694028/000169402826000050/0001694028-26-000050-index.htm,8-K,8-K,https://www.sec.gov/Archives/edgar/data/1694028/000169402826000050/lbrt-20260213.htm,True,
LBRT,2026-09-18 00:00:00,https://www.sec.gov/Archives/edgar/data/1694028/000169402826000050/0001694028-26-000050-index.htm,EX-10.1,EX-10.1,https://www.sec.gov/Archives/edgar/data/1694028/000169402826000050/a101-jenbachercontract.htm,False,
LBRT,2026-09-18 00:00:00,https://www.sec.gov/Archives/edgar/data/1694028/000169402826000050/0001694028-26-000050-index.htm,EX-10.2,EX-10.2,https://www.sec.gov/Archives/edgar/data/1694028/000169402826000050/a102-jenbachercontractxame.htm,False,
IRDM,2026-09-18 00:00:00,https://www.sec.gov/Archives/edgar/data/1418819/000095010326014197/0000950103-26-014197-index.htm,8-K,FORM 8-K,https://www.sec.gov/Archives/edgar/data/1418819/000095010326014197/dp253526_8k.htm,False,
None,2026-09-18 00:00:00,https://www.sec.gov/Archives/edgar/data/1765107/000176510726000023/0001765107-26-000023-index.htm,8-K,8-K,https://www.sec.gov/Archives/edgar/data/1765107/000176510726000023/cim-20260916.htm,False,
SOBR,2026-09-18 00:00:00,https://www.sec.gov/Archives/edgar/data/1425627/000147793226005700/0001477932-26-005700-index.htm,8-K,FORM 8-K,https://www.sec.gov/Archives/edgar/data/1425627/000147793226005700/sobr_8k.htm,True,
AEYE,2026-09-18 00:00:00,https://www.sec.gov/Archives/edgar/data/1362190/000110465926108940/0001104659-26-108940-index.htm,8-K,8-K,https://www.sec.gov/Archives/edgar/data/1362190/000110465926108940/aeye-20260918x8k.htm,True,
AEYE,2026-09-18 00:00:00,https://www.sec.gov/Archives/edgar/data/1362190/000110465926108940/0001104659-26-108940-index.htm,EX-10.1,EX-10.1,https://www.sec.gov/Archives/edgar/data/1362190/000110465926108940/aeye-20260918xex10d1.htm,False,
CV,2026-09-18 00:00:00,https://www.sec.gov/Archives/edgar/data/1378325/000137832526000043/0001378325-26-000043-index.htm,8-K,8-K,https://www.sec.gov/Archives/edgar/data/1378325/000137832526000043/cv-20260917.htm,True,
CV,2026-09-18 00:00:00,https://www.sec.gov/Archives/edgar/data/1378325/000137832526000043/0001378325-26-000043-index.htm,EX-10.1,EX-10.1,https://www.sec.gov/Archives/edgar/data/1378325/000137832526000043/cv-20260918xex101.htm,True,
HYPR,2026-09-18 00:00:00,https://www.sec.gov/Archives/edgar/data/1833769/000119312526395525/0001193125-26-395525-index.htm,8-K,8-K,https://www.sec.gov/Archives/edgar/data/1833769/000119312526395525/hypr-20260917.htm,False,
QTRRF,2026-09-18 00:00:00,https://www.sec.gov/Archives/edgar/data/1339688/000106299326005014/0001062993-26-005014-index.htm,8-K,FORM 8-K,https://www.sec.gov/Archives/edgar/data/1339688/000106299326005014/form8k.htm,False,
QTRRF,2026-09-18 00:00:00,https://www.sec.gov/Archives/edgar/data/1339688/000106299326005014/0001062993-26-005014-index.htm,EX-99.1,EXHIBIT 99.1,https://www.sec.gov/Archives/edgar/data/1339688/000106299326005014/exhibit99-1.htm,False,
LCGMF,2026-09-18 00:00:00,https://www.sec.gov/Archives/edgar/data/1339688/000106299326005014/0001062993-26-005014-index.htm,8-K,FORM 8-K,https://www.sec.gov/Archives/edgar/data/1339688/000106299326005014/form8k.htm,False,
LCGMF,2026-09-18 00:00:00,https://www.sec.gov/Archives/edgar/data/1339688/000106299326005014/0001062993-26-005014-index.htm,EX-99.1,EXHIBIT 99.1,https://www.sec.gov/Archives/edgar/data/1339688/000106299326005014/exhibit99-1.htm,False,
GCTS,2026-09-18 00:00:00,https://www.sec.gov/Archives/edgar/data/1851961/000092963826003573/0000929638-26-003573-index.htm,8-K,CURRENT REPORT,https://www.sec.gov/Archives/edgar/data/1851961/000092963826003573/form8k.htm,False,
CNDB,2026-09-18 00:00:00,https://www.sec.gov/Archives/edgar/data/1851961/000092963826003573/0000929638-26-003573-index.htm,8-K,CURRENT REPORT,https://www.sec.gov/Archives/edgar/data/1851961/000092963826003573/form8k.htm,False,
GCTS-WT,2026-09-18 00:00:00,https://www.sec.gov/Archives/edgar/data/1851961/000092963826003573/0000929638-26-003573-index.htm,8-K,CURRENT REPORT,https://www.sec.gov/Archives/edgar/data/1851961/000092963826003573/form8k.htm,False,
CNDB-UN,2026-09-18 00:00:00,https://www.sec.gov/Archives/edgar/data/1851961/000092963826003573/0000929638-26-003573-index.htm,8-K,CURRENT REPORT,https://www.sec.gov/Archives/edgar/data/1851961/000092963826003573/form8k.htm,False,
CNDB-WT,2026-09-18 00:00:00,https://www.sec.gov/Archives/edgar/data/1851961/000092963826003573/0000929638-26-003573-index.htm,8-K,CURRENT REPORT,https://www.sec.gov/Archives/edgar/data/1851961/000092963826003573/form8k.htm,False,
SEER,2026-09-18 00:00:00,https://www.sec.gov/Archives/edgar/data/1726445/000119312526395523/0001193125-26-395523-index.htm,8-K,8-K,https://www.sec.gov/Archives/edgar/data/1726445/000119312526395523/d110986d8k.htm,False,
ACST,2026-09-18 00:00:00,https://www.sec.gov/Archives/edgar/data/1444192/000114036126037114/0001140361-26-037114-index.htm,8-K,8-K,https://www.sec.gov/Archives/edgar/data/1444192/000114036126037114/ef20082416_8k.htm,False,
GRCE,2026-09-18 00:00:00,https://www.sec.gov/Archives/edgar/data/1444192/000114036126037114/0001140361-26-037114-index.htm,8-K,8-K,https://www.sec.gov/Archives/edgar/data/1444192/000114036126037114/ef20082416_8k.htm,False,
HBANL,2026-09-18 00:00:00,https://www.sec.gov/Archives/edgar/data/49196/000004919626000079/0000049196-26-000079-index.htm,8-K,8-K,https://www.sec.gov/Archives/edgar/data/49196/000004919626000079/hban-20260918.htm,False,
HBANL,2026-09-18 00:00:00,https://www.sec.gov/Archives/edgar/data/49196/000004919626000079/0000049196-26-000079-index.htm,EX-99.1,EX-99.1,https://www.sec.gov/Archives/edgar/data/49196/000004919626000079/hban-2026x09x18xex991.htm,False,
HBAN,2026-09-18 00:00:00,https://www.sec.gov/Archives/edgar/data/49196/000004919626000079/0000049196-26-000079-index.htm,8-K,8-K,https://www.sec.gov/Archives/edgar/data/49196/000004919626000079/hban-20260918.htm,False,
HBAN,2026-09-18 00:00:00,https://www.sec.gov/Archives/edgar/data/49196/000004919626000079/0000049196-26-000079-index.htm,EX-99.1,EX-99.1,https://www.sec.gov/Archives/edgar/data/49196/000004919626000079/hban-2026x09x18xex991.htm,False,
HBANM,2026-09-18 00:00:00,https://www.sec.gov/Archives/edgar/data/49196/000004919626000079/0000049196-26-000079-index.htm,8-K,8-K,https://www.sec.gov/Archives/edgar/data/49196/000004919626000079/hban-20260918.htm,False,
HBANM,2026-09-18 00:00:00,https://www.sec.gov/Archives/edgar/data/49196/000004919626000079/0000049196-26-000079-index.htm,EX-99.1,EX-99.1,https://www.sec.gov/Archives/edgar/data/49196/000004919626000079/hban-2026x09x18xex991.htm,False,
HBANN,2026-09-18 00:00:00,https://www.sec.gov/Archives/edgar/data/49196/000004919626000079/0000049196-26-000079-index.htm,8-K,8-K,https://www.sec.gov/Archives/edgar/data/49196/000004919626000079/hban-20260918.htm,False,
HBANN,2026-09-18 00:00:00,https://www.sec.gov/Archives/edgar/data/49196/000004919626000079/0000049196-26-000079-index.htm,EX-99.1,EX-99.1,https://www.sec.gov/Archives/edgar/data/49196/000004919626000079/hban-2026x09x18xex991.htm,False,
HBANP,2026-09-18 00:00:00,https://www.sec.gov/Archives/edgar/data/49196/000004919626000079/0000049196-26-000079-index.htm,8-K,8-K,https://www.sec.gov/Archives/edgar/data/49196/000004919626000079/hban-20260918.htm,False,
HBANP,2026-09-18 00:00:00,https://www.sec.gov/Archives/edgar/data/49196/000004919626000079/0000049196-26-000079-index.htm,EX-99.1,EX-99.1,https://www.sec.gov/Archives/edgar/data/49196/000004919626000079/hban-2026x09x18xex991.htm,False,
HBANO,2026-09-18 00:00:00,https://www.sec.gov/Archives/edgar/data/49196/000004919626000079/0000049196-26-000079-index.htm,8-K,8-K,https://www.sec.gov/Archives/edgar/data/49196/000004919626000079/hban-20260918.htm,False,
HBANO,2026-09-18 00:00:00,https://www.sec.gov/Archives/edgar/data/49196/000004919626000079/0000049196-26-000079-index.htm,EX-99.1,EX-99.1,https://www.sec.gov/Archives/edgar/data/49196/000004919626000079/hban-2026x09x18xex991.htm,False,
DASH,2026-09-18 00:00:00,https://www.sec.gov/Archives/edgar/data/1792789/000114036126037109/0001140361-26-037109-index.htm,8-K,8-K,https://www.sec.gov/Archives/edgar/data/1792789/000114036126037109/ef20081998_8k.htm,False,
DASH,2026-09-18 00:00:00,https://www.sec.gov/Archives/edgar/data/1792789/000114036126037109/0001140361-26-037109-index.htm,EX-10.1,EXHIBIT 10.1,https://www.sec.gov/Archives/edgar/data/1792789/000114036126037109/ef20081998_ex10-1.htm,False,
EZFL,2026-09-18 00:00:00,https://www.sec.gov/Archives/edgar/data/1817004/000149315226043335/0001493152-26-043335-index.htm,8-K,8-K,https://www.sec.gov/Archives/edgar/data/1817004/000149315226043335/form8-k.htm,False,
NXXT,2026-09-18 00:00:00,https://www.sec.gov/Archives/edgar/data/1817004/000149315226043335/0001493152-26-043335-index.htm,8-K,8-K,https://www.sec.gov/Archives/edgar/data/1817004/000149315226043335/form8-k.htm,False,
TELA,2026-09-18 00:00:00,https://www.sec.gov/Archives/edgar/data/1561921/000110465926108935/0001104659-26-108935-index.htm,8-K,FORM 8-K,https://www.sec.gov/Archives/edgar/data/1561921/000110465926108935/tm2625586d1_8k.htm,False,
SPGC,2026-09-18 00:00:00,https://www.sec.gov/Archives/edgar/data/1934245/000149315226043336/0001493152-26-043336-index.htm,8-K,8-K,https://www.sec.gov/Archives/edgar/data/1934245/000149315226043336/form8-k.htm,True,
MG,2026-09-18 00:00:00,https://www.sec.gov/Archives/edgar/data/1436126/000114036126037107/0001140361-26-037107-index.htm,8-K,8-K,https://www.sec.gov/Archives/edgar/data/1436126/000114036126037107/ef20082419_8k.htm,True,
MG,2026-09-18 00:00:00,https://www.sec.gov/Archives/edgar/data/1436126/000114036126037107/0001140361-26-037107-index.htm,EX-10.1,EXHIBIT 10.1,https://www.sec.gov/Archives/edgar/data/1436126/000114036126037107/ef20082419_ex10-1.htm,False,
MG,2026-09-18 00:00:00,https://www.sec.gov/Archives/edgar/data/1436126/000114036126037107/0001140361-26-037107-index.htm,EX-10.2,EXHIBIT 10.2,https://www.sec.gov/Archives/edgar/data/1436126/000114036126037107/ef20082419_ex10-2.htm,False,
MG,2026-09-18 00:00:00,https://www.sec.gov/Archives/edgar/data/1436126/000114036126037107/0001140361-26-037107-index.htm,EX-99.1,EXHIBIT 99.1,https://www.sec.gov/Archives/edgar/data/1436126/000114036126037107/ef20082419_ex99-1.htm,False,
SAK,2026-09-18 00:00:00,https://www.sec.gov/Archives/edgar/data/1377936/000121390026101407/0001213900-26-101407-index.htm,8-K,CURRENT REPORT,https://www.sec.gov/Archives/edgar/data/1377936/000121390026101407/ea0306016-8k_saratoga.htm,False,
SAK,2026-09-18 00:00:00,https://www.sec.gov/Archives/edgar/data/1377936/000121390026101407/0001213900-26-101407-index.htm,EX-99.1,"PRESS RELEASE ISSUED BY SARATOGA INVESTMENT CORP. ON SEPTEMBER 18, 2026",https://www.sec.gov/Archives/edgar/data/1377936/000121390026101407/ea030601601ex99-1.htm,False,
SAR,2026-09-18 00:00:00,https://www.sec.gov/Archives/edgar/data/1377936/000121390026101407/0001213900-26-101407-index.htm,8-K,CURRENT REPORT,https://www.sec.gov/Archives/edgar/data/1377936/000121390026101407/ea0306016-8k_saratoga.htm,False,
SAR,2026-09-18 00:00:00,https://www.sec.gov/Archives/edgar/data/1377936/000121390026101407/0001213900-26-101407-index.htm,EX-99.1,"PRESS RELEASE ISSUED BY SARATOGA INVESTMENT CORP. ON SEPTEMBER 18, 2026",https://www.sec.gov/Archives/edgar/data/1377936/000121390026101407/ea030601601ex99-1.htm,False,
SAV,2026-09-18 00:00:00,https://www.sec.gov/Archives/edgar/data/1377936/000121390026101407/0001213900-26-101407-index.htm,8-K,CURRENT REPORT,https://www.sec.gov/Archives/edgar/data/1377936/000121390026101407/ea0306016-8k_saratoga.htm,False,
SAV,2026-09-18 00:00:00,https://www.sec.gov/Archives/edgar/data/1377936/000121390026101407/0001213900-26-101407-index.htm,EX-99.1,"PRESS RELEASE ISSUED BY SARATOGA INVESTMENT CORP. ON SEPTEMBER 18, 2026",https://www.sec.gov/Archives/edgar/data/1377936/000121390026101407/ea030601601ex99-1.htm,False,
SAJ,2026-09-18 00:00:00,https://www.sec.gov/Archives/edgar/data/1377936/000121390026101407/0001213900-26-101407-index.htm,8-K,CURRENT REPORT,https://www.sec.gov/Archives/edgar/data/1377936/000121390026101407/ea0306016-8k_saratoga.htm,False,
SAJ,2026-09-18 00:00:00,https://www.sec.gov/Archives/edgar/data/1377936/000121390026101407/0001213900-26-101407-index.htm,EX-99.1,"PRESS RELEASE ISSUED BY SARATOGA INVESTMENT CORP. ON SEPTEMBER 18, 2026",https://www.sec.gov/Archives/edgar/data/1377936/000121390026101407/ea030601601ex99-1.htm,False,
SAZ,2026-09-18 00:00:00,https://www.sec.gov/Archives/edgar/data/1377936/000121390026101407/0001213900-26-101407-index.htm,8-K,CURRENT REPORT,https://www.sec.gov/Archives/edgar/data/1377936/000121390026101407/ea0306016-8k_saratoga.htm,False,
SAZ,2026-09-18 00:00:00,https://www.sec.gov/Archives/edgar/data/1377936/000121390026101407/0001213900-26-101407-index.htm,EX-99.1,"PRESS RELEASE ISSUED BY SARATOGA INVESTMENT CORP. ON SEPTEMBER 18, 2026",https://www.sec.gov/Archives/edgar/data/1377936/000121390026101407/ea030601601ex99-1.htm,False,
SAT,2026-09-18 00:00:00,https://www.sec.gov/Archives/edgar/data/1377936/000121390026101407/0001213900-26-101407-index.htm,8-K,CURRENT REPORT,https://www.sec.gov/Archives/edgar/data/1377936/000121390026101407/ea0306016-8k_saratoga.htm,False,
SAT,2026-09-18 00:00:00,https://www.sec.gov/Archives/edgar/data/1377936/000121390026101407/0001213900-26-101407-index.htm,EX-99.1,"PRESS RELEASE ISSUED BY SARATOGA INVESTMENT CORP. ON SEPTEMBER 18, 2026",https://www.sec.gov/Archives/edgar/data/1377936/000121390026101407/ea030601601ex99-1.htm,False,
SAY,2026-09-18 00:00:00,https://www.sec.gov/Archives/edgar/data/1377936/000121390026101407/0001213900-26-101407-index.htm,8-K,CURRENT REPORT,https://www.sec.gov/Archives/edgar/data/1377936/000121390026101407/ea0306016-8k_saratoga.htm,False,
SAY,2026-09-18 00:00:00,https://www.sec.gov/Archives/edgar/data/1377936/000121390026101407/0001213900-26-101407-index.htm,EX-99.1,"PRESS RELEASE ISSUED BY SARATOGA INVESTMENT CORP. ON SEPTEMBER 18, 2026",https://www.sec.gov/Archives/edgar/data/1377936/000121390026101407/ea030601601ex99-1.htm,False,
KPTI,2026-09-18 00:00:00,https://www.sec.gov/Archives/edgar/data/1503802/000119312526395517/0001193125-26-395517-index.htm,8-K,8-K,https://www.sec.gov/Archives/edgar/data/1503802/000119312526395517/d141487d8k.htm,False,
INVE,2026-09-18 00:00:00,https://www.sec.gov/Archives/edgar/data/1036044/000119312526395516/0001193125-26-395516-index.htm,8-K,8-K,https://www.sec.gov/Archives/edgar/data/1036044/000119312526395516/d115921d8k.htm,False,
BZH,2026-09-18 00:00:00,https://www.sec.gov/Archives/edgar/data/915840/000110465926108933/0001104659-26-108933-index.htm,8-K,FORM 8-K,https://www.sec.gov/Archives/edgar/data/915840/000110465926108933/tm2622398d16_8k.htm,True,
CRMT,2026-09-18 00:00:00,https://www.sec.gov/Archives/edgar/data/799850/000117184326006114/0001171843-26-006114-index.htm,8-K,FORM 8-K,https://www.sec.gov/Archives/edgar/data/799850/000117184326006114/f8k_091826.htm,True,
AIDX,2026-09-18 00:00:00,https://www.sec.gov/Archives/edgar/data/1139685/000121390026101405/0001213900-26-101405-index.htm,8-K,CURRENT REPORT,https://www.sec.gov/Archives/edgar/data/1139685/000121390026101405/ea0305983-8k_2020bio.htm,False,
FBLG,2026-09-18 00:00:00,https://www.sec.gov/Archives/edgar/data/1958777/000119312526395511/0001193125-26-395511-index.htm,8-K,8-K,https://www.sec.gov/Archives/edgar/data/1958777/000119312526395511/fblg-20260917.htm,False,
FBLG,2026-09-18 00:00:00,https://www.sec.gov/Archives/edgar/data/1958777/000119312526395511/0001193125-26-395511-index.htm,EX-99.1,EX-99.1,https://www.sec.gov/Archives/edgar/data/1958777/000119312526395511/fblg-ex99_1.htm,False,
FTEK,2026-09-18 00:00:00,https://www.sec.gov/Archives/edgar/data/846913/000143774926030744/0001437749-26-030744-index.htm,8-K,FORM 8-K,https://www.sec.gov/Archives/edgar/data/846913/000143774926030744/ftek20260916_8k.htm,False,
FTEK,2026-09-18 00:00:00,https://www.sec.gov/Archives/edgar/data/846913/000143774926030744/0001437749-26-030744-index.htm,EX-99.1,EXHIBIT 99.1,https://www.sec.gov/Archives/edgar/data/846913/000143774926030744/ex_1017191_source.htm,False,
MRCY,2026-09-18 00:00:00,https://www.sec.gov/Archives/edgar/data/1049521/000104952126000081/0001049521-26-000081-index.htm,8-K,8-K,https://www.sec.gov/Archives/edgar/data/1049521/000104952126000081/mrcy-20260918.htm,False,
MRCY,2026-09-18 00:00:00,https://www.sec.gov/Archives/edgar/data/1049521/000104952126000081/0001049521-26-000081-index.htm,EX-99.1,EX-99.1,https://www.sec.gov/Archives/edgar/data/1049521/000104952126000081/stipulationandagreemento.htm,False,
OFLX,2026-09-18 00:00:00,https://www.sec.gov/Archives/edgar/data/1317945/000149315226043333/0001493152-26-043333-index.htm,8-K,8-K,https://www.sec.gov/Archives/edgar/data/1317945/000149315226043333/form8-k.htm,False,
OFLX,2026-09-18 00:00:00,https://www.sec.gov/Archives/edgar/data/1317945/000149315226043333/0001493152-26-043333-index.htm,EX-99.1,EX-99.1,https://www.sec.gov/Archives/edgar/data/1317945/000149315226043333/ex99-1.htm,False,
None,2026-09-18 00:00:00,https://www.sec.gov/Archives/edgar/data/1930679/000110465926108924/0001104659-26-108924-index.htm,8-K,FORM 8-K,https://www.sec.gov/Archives/edgar/data/1930679/000110465926108924/tm2625759d1_8k.htm,False,
HL,2026-09-18 00:00:00,https://www.sec.gov/Archives/edgar/data/719413/000143774926030743/0001437749-26-030743-index.htm,8-K,FORM 8-K,https://www.sec.gov/Archives/edgar/data/719413/000143774926030743/hl20260917_8k.htm,True,
HL,2026-09-18 00:00:00,https://www.sec.gov/Archives/edgar/data/719413/000143774926030743/0001437749-26-030743-index.htm,EX-10.1,EXHIBIT 10.1,https://www.sec.gov/Archives/edgar/data/719413/000143774926030743/ex_1017643.htm,True,
HL-PB,2026-09-18 00:00:00,https://www.sec.gov/Archives/edgar/data/719413/000143774926030743/0001437749-26-030743-index.htm,8-K,FORM 8-K,https://www.sec.gov/Archives/edgar/data/719413/000143774926030743/hl20260917_8k.htm,True,
HL-PB,2026-09-18 00:00:00,https://www.sec.gov/Archives/edgar/data/719413/000143774926030743/0001437749-26-030743-index.htm,EX-10.1,EXHIBIT 10.1,https://www.sec.gov/Archives/edgar/data/719413/000143774926030743/ex_1017643.htm,True,
IOACU,2026-09-18 00:00:00,https://www.sec.gov/Archives/edgar/data/1854275/000121390026101398/0001213900-26-101398-index.htm,8-K,CURRENT REPORT,https://www.sec.gov/Archives/edgar/data/1854275/000121390026101398/ea0305994-8k_zoomcar.htm,True,
IOACW,2026-09-18 00:00:00,https://www.sec.gov/Archives/edgar/data/1854275/000121390026101398/0001213900-26-101398-index.htm,8-K,CURRENT REPORT,https://www.sec.gov/Archives/edgar/data/1854275/000121390026101398/ea0305994-8k_zoomcar.htm,True,
IOAC,2026-09-18 00:00:00,https://www.sec.gov/Archives/edgar/data/1854275/000121390026101398/0001213900-26-101398-index.htm,8-K,CURRENT REPORT,https://www.sec.gov/Archives/edgar/data/1854275/000121390026101398/ea0305994-8k_zoomcar.htm,True,
ZCARW,2026-09-18 00:00:00,https://www.sec.gov/Archives/edgar/data/1854275/000121390026101398/0001213900-26-101398-index.htm,8-K,CURRENT REPORT,https://www.sec.gov/Archives/edgar/data/1854275/000121390026101398/ea0305994-8k_zoomcar.htm,True,
ZCAR,2026-09-18 00:00:00,https://www.sec.gov/Archives/edgar/data/1854275/000121390026101398/0001213900-26-101398-index.htm,8-K,CURRENT REPORT,https://www.sec.gov/Archives/edgar/data/1854275/000121390026101398/ea0305994-8k_zoomcar.htm,True,
None,2026-09-18 00:00:00,https://www.sec.gov/Archives/edgar/data/1702510/000170251026000095/0001702510-26-000095-index.htm,8-K,8-K,https://www.sec.gov/Archives/edgar/data/1702510/000170251026000095/cars-20260917.htm,False,
CETXP,2026-09-18 00:00:00,https://www.sec.gov/Archives/edgar/data/1435064/000149315226043330/0001493152-26-043330-index.htm,8-K,8-K,https://www.sec.gov/Archives/edgar/data/1435064/000149315226043330/form8-k.htm,False,
CETX,2026-09-18 00:00:00,https://www.sec.gov/Archives/edgar/data/1435064/000149315226043330/0001493152-26-043330-index.htm,8-K,8-K,https://www.sec.gov/Archives/edgar/data/1435064/000149315226043330/form8-k.htm,False,
CETXW,2026-09-18 00:00:00,https://www.sec.gov/Archives/edgar/data/1435064/000149315226043330/0001493152-26-043330-index.htm,8-K,8-K,https://www.sec.gov/Archives/edgar/data/1435064/000149315226043330/form8-k.htm,False,
INTI,2026-09-18 00:00:00,https://www.sec.gov/Archives/edgar/data/1042418/000149315226043331/0001493152-26-043331-index.htm,8-K,8-K,https://www.sec.gov/Archives/edgar/data/1042418/000149315226043331/form8-k.htm,False,
None,2026-09-18 00:00:00,https://www.sec.gov/Archives/edgar/data/1999784/000199978426000070/0001999784-26-000070-index.htm,8-K,8-K,https://www.sec.gov/Archives/edgar/data/1999784/000199978426000070/ck0001999784-20260915.htm,False,
PDEX,2026-09-18 00:00:00,https://www.sec.gov/Archives/edgar/data/788920/000107997326001261/0001079973-26-001261-index.htm,8-K,FORM 8-K,https://www.sec.gov/Archives/edgar/data/788920/000107997326001261/pdex_8k.htm,True,
PDEX,2026-09-18 00:00:00,https://www.sec.gov/Archives/edgar/data/788920/000107997326001261/0001079973-26-001261-index.htm,EX-10.1,THIRD AMENDMENT TO LEASE,https://www.sec.gov/Archives/edgar/data/788920/000107997326001261/pdex_ex10z1.htm,False,
MTR,2026-09-18 00:00:00,https://www.sec.gov/Archives/edgar/data/313364/000110465926108921/0001104659-26-108921-index.htm,8-K,FORM 8-K,https://www.sec.gov/Archives/edgar/data/313364/000110465926108921/tm2625604d1_8k.htm,False,
MTR,2026-09-18 00:00:00,https://www.sec.gov/Archives/edgar/data/313364/000110465926108921/0001104659-26-108921-index.htm,EX-99.1,EXHIBIT 99.1,https://www.sec.gov/Archives/edgar/data/313364/000110465926108921/tm2625604d1_ex99-1.htm,False,
None,2026-09-18 00:00:00,https://www.sec.gov/Archives/edgar/data/1975736/000110465926108920/0001104659-26-108920-index.htm,8-K,FORM 8-K,https://www.sec.gov/Archives/edgar/data/1975736/000110465926108920/tm2625759d2_8k.htm,False,
SJT,2026-09-18 00:00:00,https://www.sec.gov/Archives/edgar/data/319655/000119312526395495/0001193125-26-395495-index.htm,8-K,8-K,https://www.sec.gov/Archives/edgar/data/319655/000119312526395495/september_2026_8-k.htm,False,
SJT,2026-09-18 00:00:00,https://www.sec.gov/Archives/edgar/data/319655/000119312526395495/0001193125-26-395495-index.htm,EX-99.1,EX-99.1,https://www.sec.gov/Archives/edgar/data/319655/000119312526395495/sjt-ex99_1.htm,False,
None,2026-09-18 00:00:00,https://www.sec.gov/Archives/edgar/data/1692951/000169295126000180/0001692951-26-000180-index.htm,8-K,8-K,https://www.sec.gov/Archives/edgar/data/1692951/000169295126000180/cci-20260914.htm,False,
None,2026-09-18 00:00:00,https://www.sec.gov/Archives/edgar/data/1778232/000188852426016639/0001888524-26-016639-index.htm,8-K,,https://www.sec.gov/Archives/edgar/data/1778232/000188852426016639/gsm19g40_8k-09182026.htm,False,
CMTV,2026-09-18 00:00:00,https://www.sec.gov/Archives/edgar/data/718413/000165495426008469/0001654954-26-008469-index.htm,8-K,FORM 8-K,https://www.sec.gov/Archives/edgar/data/718413/000165495426008469/cmtv_8k.htm,False,
CMTV,2026-09-18 00:00:00,https://www.sec.gov/Archives/edgar/data/718413/000165495426008469/0001654954-26-008469-index.htm,EX-99.1,PRESS RELEASE,https://www.sec.gov/Archives/edgar/data/718413/000165495426008469/cmtv_ex991.htm,False,
CRMZ,2026-09-18 00:00:00,https://www.sec.gov/Archives/edgar/data/315958/000114036126037085/0001140361-26-037085-index.htm,8-K,8-K,https://www.sec.gov/Archives/edgar/data/315958/000114036126037085/ef20082137_8k.htm,False,
IZTC,2026-09-18 00:00:00,https://www.sec.gov/Archives/edgar/data/2010788/000149315226043288/0001493152-26-043288-index.htm,8-K,8-K,https://www.sec.gov/Archives/edgar/data/2010788/000149315226043288/form8-k.htm,False,
EXOZ,2026-09-18 00:00:00,https://www.sec.gov/Archives/edgar/data/2010788/000149315226043288/0001493152-26-043288-index.htm,8-K,8-K,https://www.sec.gov/Archives/edgar/data/2010788/000149315226043288/form8-k.htm,False,
PRT,2026-09-18 00:00:00,https://www.sec.gov/Archives/edgar/data/1724009/000119312526395344/0001193125-26-395344-index.htm,8-K,8-K,https://www.sec.gov/Archives/edgar/data/1724009/000119312526395344/2026-09_permrock_8-k.htm,False,
PRT,2026-09-18 00:00:00,https://www.sec.gov/Archives/edgar/data/1724009/000119312526395344/0001193125-26-395344-index.htm,EX-99.1,EX-99.1,https://www.sec.gov/Archives/edgar/data/1724009/000119312526395344/prt-ex99_1.htm,False,
AEE,2026-09-18 00:00:00,https://www.sec.gov/Archives/edgar/data/1002910/000110465926108859/0001104659-26-108859-index.htm,8-K,FORM 8-K,https://www.sec.gov/Archives/edgar/data/1002910/000110465926108859/tm2625603d1_8k.htm,False,
None,2026-09-18 00:00:00,https://www.sec.gov/Archives/edgar/data/2035428/000203542826000062/0002035428-26-000062-index.htm,8-K,8-K,https://www.sec.gov/Archives/edgar/data/2035428/000203542826000062/fbred-20260915.htm,True,
CATO,2026-09-18 00:00:00,https://www.sec.gov/Archives/edgar/data/18255/000156276226000106/0001562762-26-000106-index.htm,8-K,FORM 8-K,https://www.sec.gov/Archives/edgar/data/18255/000156276226000106/cato-20260918.htm,False,
CATO,2026-09-18 00:00:00,https://www.sec.gov/Archives/edgar/data/18255/000156276226000106/0001562762-26-000106-index.htm,EX-99.1,EX-99.1,https://www.sec.gov/Archives/edgar/data/18255/000156276226000106/exhibit99.htm,False,
None,2026-09-18 00:00:00,https://www.sec.gov/Archives/edgar/data/1950803/000119312526395311/0001193125-26-395311-index.htm,8-K,8-K,https://www.sec.gov/Archives/edgar/data/1950803/000119312526395311/d79449d8k.htm,False,
GOLD,2026-09-18 00:00:00,https://www.sec.gov/Archives/edgar/data/1591588/000119312526395292/0001193125-26-395292-index.htm,8-K,8-K,https://www.sec.gov/Archives/edgar/data/1591588/000119312526395292/gold-20260914.htm,False,
GOLD,2026-09-18 00:00:00,https://www.sec.gov/Archives/edgar/data/1591588/000119312526395292/0001193125-26-395292-index.htm,EX-99.1,EX-99.1,https://www.sec.gov/Archives/edgar/data/1591588/000119312526395292/gold-ex99_1.htm,False,
AMRK,2026-09-18 00:00:00,https://www.sec.gov/Archives/edgar/data/1591588/000119312526395292/0001193125-26-395292-index.htm,8-K,8-K,https://www.sec.gov/Archives/edgar/data/1591588/000119312526395292/gold-20260914.htm,False,
AMRK,2026-09-18 00:00:00,https://www.sec.gov/Archives/edgar/data/1591588/000119312526395292/0001193125-26-395292-index.htm,EX-99.1,EX-99.1,https://www.sec.gov/Archives/edgar/data/1591588/000119312526395292/gold-ex99_1.htm,False,
HGTXU,2026-09-18 00:00:00,https://www.sec.gov/Archives/edgar/data/862022/000119312526395289/0001193125-26-395289-index.htm,8-K,8-K,https://www.sec.gov/Archives/edgar/data/862022/000119312526395289/hgt_8-k_2609_distributio.htm,False,
HGTXU,2026-09-18 00:00:00,https://www.sec.gov/Archives/edgar/data/862022/000119312526395289/0001193125-26-395289-index.htm,EX-99.1,EX-99.1,https://www.sec.gov/Archives/edgar/data/862022/000119312526395289/hgtxu-ex99_1.htm,False,
GOLD,2026-09-18 00:00:00,https://www.sec.gov/Archives/edgar/data/1591588/000119312526395284/0001193125-26-395284-index.htm,8-K,8-K,https://www.sec.gov/Archives/edgar/data/1591588/000119312526395284/gold-20260914.htm,False,
GOLD,2026-09-18 00:00:00,https://www.sec.gov/Archives/edgar/data/1591588/000119312526395284/0001193125-26-395284-index.htm,EX-99.1,EX-99.1,https://www.sec.gov/Archives/edgar/data/1591588/000119312526395284/gold-ex99_1.htm,False,
AMRK,2026-09-18 00:00:00,https://www.sec.gov/Archives/edgar/data/1591588/000119312526395284/0001193125-26-395284-index.htm,8-K,8-K,https://www.sec.gov/Archives/edgar/data/1591588/000119312526395284/gold-20260914.htm,False,
AMRK,2026-09-18 00:00:00,https://www.sec.gov/Archives/edgar/data/1591588/000119312526395284/0001193125-26-395284-index.htm,EX-99.1,EX-99.1,https://www.sec.gov/Archives/edgar/data/1591588/000119312526395284/gold-ex99_1.htm,False,
None,2026-09-18 00:00:00,https://www.sec.gov/Archives/edgar/data/1771514/000119312526395281/0001193125-26-395281-index.htm,8-K,8-K,https://www.sec.gov/Archives/edgar/data/1771514/000119312526395281/none-20260715.htm,False,
CLH,2026-09-18 00:00:00,https://www.sec.gov/Archives/edgar/data/822818/000082281826000040/0000822818-26-000040-index.htm,8-K,8-K,https://www.sec.gov/Archives/edgar/data/822818/000082281826000040/clh-20260917.htm,False,
CLH,2026-09-18 00:00:00,https://www.sec.gov/Archives/edgar/data/822818/000082281826000040/0000822818-26-000040-index.htm,EX-99.1,EX-99.1,https://www.sec.gov/Archives/edgar/data/822818/000082281826000040/clh-notesofferinglaunchrel.htm,True,
None,2026-09-18 00:00:00,https://www.sec.gov/Archives/edgar/data/720515/000072051526000022/0000720515-26-000022-index.htm,8-K,8-K,https://www.sec.gov/Archives/edgar/data/720515/000072051526000022/basin-20260915.htm,False,
PBT,2026-09-18 00:00:00,https://www.sec.gov/Archives/edgar/data/319654/000119312526395269/0001193125-26-395269-index.htm,8-K,8-K,https://www.sec.gov/Archives/edgar/data/319654/000119312526395269/2026-09_permian_basin_8-.htm,False,
PBT,2026-09-18 00:00:00,https://www.sec.gov/Archives/edgar/data/319654/000119312526395269/0001193125-26-395269-index.htm,EX-99.1,EX-99.1,https://www.sec.gov/Archives/edgar/data/319654/000119312526395269/pbt-ex99_1.htm,False,
CRT,2026-09-18 00:00:00,https://www.sec.gov/Archives/edgar/data/881787/000119312526395258/0001193125-26-395258-index.htm,8-K,8-K,https://www.sec.gov/Archives/edgar/data/881787/000119312526395258/crt_8-k_2609_distributio.htm,False,
CRT,2026-09-18 00:00:00,https://www.sec.gov/Archives/edgar/data/881787/000119312526395258/0001193125-26-395258-index.htm,EX-99.1,EX-99.1,https://www.sec.gov/Archives/edgar/data/881787/000119312526395258/crt-ex99_1.htm,False,
None,2026-09-18 00:00:00,https://www.sec.gov/Archives/edgar/data/1329842/000165495426008445/0001654954-26-008445-index.htm,8-K,FORM 8-K,https://www.sec.gov/Archives/edgar/data/1329842/000165495426008445/fhlbny_8k.htm,False,
None,2026-09-18 00:00:00,https://www.sec.gov/Archives/edgar/data/1329842/000165495426008445/0001654954-26-008445-index.htm,EX-99.1,SEPTEMBER 2026 DIRECTOR ELECTION REPORT TO FHLBNY,https://www.sec.gov/Archives/edgar/data/1329842/000165495426008445/fhlbny_ex991.htm,False,
WINVW,2026-09-18 00:00:00,https://www.sec.gov/Archives/edgar/data/1854463/000149315226043273/0001493152-26-043273-index.htm,8-K,8-K,https://www.sec.gov/Archives/edgar/data/1854463/000149315226043273/form8-k.htm,True,
WINVW,2026-09-18 00:00:00,https://www.sec.gov/Archives/edgar/data/1854463/000149315226043273/0001493152-26-043273-index.htm,EX-10.1,EX-10.1,https://www.sec.gov/Archives/edgar/data/1854463/000149315226043273/ex10-1.htm,False,
WINVW,2026-09-18 00:00:00,https://www.sec.gov/Archives/edgar/data/1854463/000149315226043273/0001493152-26-043273-index.htm,EX-10.2,EX-10.2,https://www.sec.gov/Archives/edgar/data/1854463/000149315226043273/ex10-2.htm,False,
WINV,2026-09-18 00:00:00,https://www.sec.gov/Archives/edgar/data/1854463/000149315226043273/0001493152-26-043273-index.htm,8-K,8-K,https://www.sec.gov/Archives/edgar/data/1854463/000149315226043273/form8-k.htm,True,
WINV,2026-09-18 00:00:00,https://www.sec.gov/Archives/edgar/data/1854463/000149315226043273/0001493152-26-043273-index.htm,EX-10.1,EX-10.1,https://www.sec.gov/Archives/edgar/data/1854463/000149315226043273/ex10-1.htm,False,
WINV,2026-09-18 00:00:00,https://www.sec.gov/Archives/edgar/data/1854463/000149315226043273/0001493152-26-043273-index.htm,EX-10.2,EX-10.2,https://www.sec.gov/Archives/edgar/data/1854463/000149315226043273/ex10-2.htm,False,
WINVR,2026-09-18 00:00:00,https://www.sec.gov/Archives/edgar/data/1854463/000149315226043273/0001493152-26-043273-index.htm,8-K,8-K,https://www.sec.gov/Archives/edgar/data/1854463/000149315226043273/form8-k.htm,True,
WINVR,2026-09-18 00:00:00,https://www.sec.gov/Archives/edgar/data/1854463/000149315226043273/0001493152-26-043273-index.htm,EX-10.1,EX-10.1,https://www.sec.gov/Archives/edgar/data/1854463/000149315226043273/ex10-1.htm,False,
WINVR,2026-09-18 00:00:00,https://www.sec.gov/Archives/edgar/data/1854463/000149315226043273/0001493152-26-043273-index.htm,EX-10.2,EX-10.2,https://www.sec.gov/Archives/edgar/data/1854463/000149315226043273/ex10-2.htm,False,
WINVU,2026-09-18 00:00:00,https://www.sec.gov/Archives/edgar/data/1854463/000149315226043273/0001493152-26-043273-index.htm,8-K,8-K,https://www.sec.gov/Archives/edgar/data/1854463/000149315226043273/form8-k.htm,True,
WINVU,2026-09-18 00:00:00,https://www.sec.gov/Archives/edgar/data/1854463/000149315226043273/0001493152-26-043273-index.htm,EX-10.1,EX-10.1,https://www.sec.gov/Archives/edgar/data/1854463/000149315226043273/ex10-1.htm,False,
WINVU,2026-09-18 00:00:00,https://www.sec.gov/Archives/edgar/data/1854463/000149315226043273/0001493152-26-043273-index.htm,EX-10.2,EX-10.2,https://www.sec.gov/Archives/edgar/data/1854463/000149315226043273/ex10-2.htm,False,
STLD,2026-09-18 00:00:00,https://www.sec.gov/Archives/edgar/data/1022671/000110465926108777/0001104659-26-108777-index.htm,8-K,FORM 8-K,https://www.sec.gov/Archives/edgar/data/1022671/000110465926108777/tm2625690d1_8k.htm,False,
STLD,2026-09-18 00:00:00,https://www.sec.gov/Archives/edgar/data/1022671/000110465926108777/0001104659-26-108777-index.htm,EX-99.1,EXHIBIT 99.1,https://www.sec.gov/Archives/edgar/data/1022671/000110465926108777/tm2625690d1_ex99-1.htm,False,
ALTB,2026-09-18 00:00:00,https://www.sec.gov/Archives/edgar/data/1642365/000182912626010209/0001829126-26-010209-index.htm,8-K,8-K,https://www.sec.gov/Archives/edgar/data/1642365/000182912626010209/alpineautobrok_8k.htm,False,
FNWB,2026-09-18 00:00:00,https://www.sec.gov/Archives/edgar/data/1556727/000143774926030713/0001437749-26-030713-index.htm,8-K,FORM 8-K,https://www.sec.gov/Archives/edgar/data/1556727/000143774926030713/fnwb20260915_8k.htm,False,
None,2026-09-18 00:00:00,https://www.sec.gov/Archives/edgar/data/1542447/000154244726000110/0001542447-26-000110-index.htm,8-K,8-K,https://www.sec.gov/Archives/edgar/data/1542447/000154244726000110/rpt-20260915.htm,False,
None,2026-09-18 00:00:00,https://www.sec.gov/Archives/edgar/data/1542447/000154244726000110/0001542447-26-000110-index.htm,EX-99.1,EX-99.1,https://www.sec.gov/Archives/edgar/data/1542447/000154244726000110/ex991pressrelease9182026.htm,False,
KLXE,2026-09-18 00:00:00,https://www.sec.gov/Archives/edgar/data/1738827/000173882726000046/0001738827-26-000046-index.htm,8-K,8-K,https://www.sec.gov/Archives/edgar/data/1738827/000173882726000046/klxe-20260918.htm,False,
KLXE,2026-09-18 00:00:00,https://www.sec.gov/Archives/edgar/data/1738827/000173882726000046/0001738827-26-000046-index.htm,EX-99.1,EX-99.1,https://www.sec.gov/Archives/edgar/data/1738827/000173882726000046/klx-noticeofexpirationpres.htm,False,
RVYL,2026-09-18 00:00:00,https://www.sec.gov/Archives/edgar/data/1419275/000118518526004134/0001185185-26-004134-index.htm,8-K,FORM 8-K,https://www.sec.gov/Archives/edgar/data/1419275/000118518526004134/rtb8k0091826.htm,False,
RVYL,2026-09-18 00:00:00,https://www.sec.gov/Archives/edgar/data/1419275/000118518526004134/0001185185-26-004134-index.htm,EX-99.1,EXHIBIT 99.1,https://www.sec.gov/Archives/edgar/data/1419275/000118518526004134/rtbex99-1.htm,False,
GBOX,2026-09-18 00:00:00,https://www.sec.gov/Archives/edgar/data/1419275/000118518526004134/0001185185-26-004134-index.htm,8-K,FORM 8-K,https://www.sec.gov/Archives/edgar/data/1419275/000118518526004134/rtb8k0091826.htm,False,
GBOX,2026-09-18 00:00:00,https://www.sec.gov/Archives/edgar/data/1419275/000118518526004134/0001185185-26-004134-index.htm,EX-99.1,EXHIBIT 99.1,https://www.sec.gov/Archives/edgar/data/1419275/000118518526004134/rtbex99-1.htm,False,
FFIE,2026-09-18 00:00:00,https://www.sec.gov/Archives/edgar/data/1805521/000121390026101175/0001213900-26-101175-index.htm,8-K,CURRENT REPORT,https://www.sec.gov/Archives/edgar/data/1805521/000121390026101175/ea0305734-8k_faraday.htm,True,
FFIE,2026-09-18 00:00:00,https://www.sec.gov/Archives/edgar/data/1805521/000121390026101175/0001213900-26-101175-index.htm,EX-10.1,AMENDMENT NO. 1 TO CONVERTIBLE NOTE,https://www.sec.gov/Archives/edgar/data/1805521/000121390026101175/ea030573401ex10-1.htm,False,
FFIE,2026-09-18 00:00:00,https://www.sec.gov/Archives/edgar/data/1805521/000121390026101175/0001213900-26-101175-index.htm,EX-10.2,AMENDMENT NO. 1 TO DEPOSIT ACCOUNT CONTROL AGREEMENT,https://www.sec.gov/Archives/edgar/data/1805521/000121390026101175/ea030573401ex10-2.htm,False,
FFIE,2026-09-18 00:00:00,https://www.sec.gov/Archives/edgar/data/1805521/000121390026101175/0001213900-26-101175-index.htm,EX-99.1,"PRESS RELEASE DATED SEPTEMBER 18, 2026",https://www.sec.gov/Archives/edgar/data/1805521/000121390026101175/ea030573401ex99-1.htm,False,
FFIEW,2026-09-18 00:00:00,https://www.sec.gov/Archives/edgar/data/1805521/000121390026101175/0001213900-26-101175-index.htm,8-K,CURRENT REPORT,https://www.sec.gov/Archives/edgar/data/1805521/000121390026101175/ea0305734-8k_faraday.htm,True,
FFIEW,2026-09-18 00:00:00,https://www.sec.gov/Archives/edgar/data/1805521/000121390026101175/0001213900-26-101175-index.htm,EX-10.1,AMENDMENT NO. 1 TO CONVERTIBLE NOTE,https://www.sec.gov/Archives/edgar/data/1805521/000121390026101175/ea030573401ex10-1.htm,False,
FFIEW,2026-09-18 00:00:00,https://www.sec.gov/Archives/edgar/data/1805521/000121390026101175/0001213900-26-101175-index.htm,EX-10.2,AMENDMENT NO. 1 TO DEPOSIT ACCOUNT CONTROL AGREEMENT,https://www.sec.gov/Archives/edgar/data/1805521/000121390026101175/ea030573401ex10-2.htm,False,
FFIEW,2026-09-18 00:00:00,https://www.sec.gov/Archives/edgar/data/1805521/000121390026101175/0001213900-26-101175-index.htm,EX-99.1,"PRESS RELEASE DATED SEPTEMBER 18, 2026",https://www.sec.gov/Archives/edgar/data/1805521/000121390026101175/ea030573401ex99-1.htm,False,
FFAI,2026-09-18 00:00:00,https://www.sec.gov/Archives/edgar/data/1805521/000121390026101175/0001213900-26-101175-index.htm,8-K,CURRENT REPORT,https://www.sec.gov/Archives/edgar/data/1805521/000121390026101175/ea0305734-8k_faraday.htm,True,
FFAI,2026-09-18 00:00:00,https://www.sec.gov/Archives/edgar/data/1805521/000121390026101175/0001213900-26-101175-index.htm,EX-10.1,AMENDMENT NO. 1 TO CONVERTIBLE NOTE,https://www.sec.gov/Archives/edgar/data/1805521/000121390026101175/ea030573401ex10-1.htm,False,
FFAI,2026-09-18 00:00:00,https://www.sec.gov/Archives/edgar/data/1805521/000121390026101175/0001213900-26-101175-index.htm,EX-10.2,AMENDMENT NO. 1 TO DEPOSIT ACCOUNT CONTROL AGREEMENT,https://www.sec.gov/Archives/edgar/data/1805521/000121390026101175/ea030573401ex10-2.htm,False,
FFAI,2026-09-18 00:00:00,https://www.sec.gov/Archives/edgar/data/1805521/000121390026101175/0001213900-26-101175-index.htm,EX-99.1,"PRESS RELEASE DATED SEPTEMBER 18, 2026",https://www.sec.gov/Archives/edgar/data/1805521/000121390026101175/ea030573401ex99-1.htm,False,
FFAIW,2026-09-18 00:00:00,https://www.sec.gov/Archives/edgar/data/1805521/000121390026101175/0001213900-26-101175-index.htm,8-K,CURRENT REPORT,https://www.sec.gov/Archives/edgar/data/1805521/000121390026101175/ea0305734-8k_faraday.htm,True,
FFAIW,2026-09-18 00:00:00,https://www.sec.gov/Archives/edgar/data/1805521/000121390026101175/0001213900-26-101175-index.htm,EX-10.1,AMENDMENT NO. 1 TO CONVERTIBLE NOTE,https://www.sec.gov/Archives/edgar/data/1805521/000121390026101175/ea030573401ex10-1.htm,False,
FFAIW,2026-09-18 00:00:00,https://www.sec.gov/Archives/edgar/data/1805521/000121390026101175/0001213900-26-101175-index.htm,EX-10.2,AMENDMENT NO. 1 TO DEPOSIT ACCOUNT CONTROL AGREEMENT,https://www.sec.gov/Archives/edgar/data/1805521/000121390026101175/ea030573401ex10-2.htm,False,
FFAIW,2026-09-18 00:00:00,https://www.sec.gov/Archives/edgar/data/1805521/000121390026101175/0001213900-26-101175-index.htm,EX-99.1,"PRESS RELEASE DATED SEPTEMBER 18, 2026",https://www.sec.gov/Archives/edgar/data/1805521/000121390026101175/ea030573401ex99-1.htm,False,
PSACU,2026-09-18 00:00:00,https://www.sec.gov/Archives/edgar/data/1805521/000121390026101175/0001213900-26-101175-index.htm,8-K,CURRENT REPORT,https://www.sec.gov/Archives/edgar/data/1805521/000121390026101175/ea0305734-8k_faraday.htm,True,
PSACU,2026-09-18 00:00:00,https://www.sec.gov/Archives/edgar/data/1805521/000121390026101175/0001213900-26-101175-index.htm,EX-10.1,AMENDMENT NO. 1 TO CONVERTIBLE NOTE,https://www.sec.gov/Archives/edgar/data/1805521/000121390026101175/ea030573401ex10-1.htm,False,
PSACU,2026-09-18 00:00:00,https://www.sec.gov/Archives/edgar/data/1805521/000121390026101175/0001213900-26-101175-index.htm,EX-10.2,AMENDMENT NO. 1 TO DEPOSIT ACCOUNT CONTROL AGREEMENT,https://www.sec.gov/Archives/edgar/data/1805521/000121390026101175/ea030573401ex10-2.htm,False,
PSACU,2026-09-18 00:00:00,https://www.sec.gov/Archives/edgar/data/1805521/000121390026101175/0001213900-26-101175-index.htm,EX-99.1,"PRESS RELEASE DATED SEPTEMBER 18, 2026",https://www.sec.gov/Archives/edgar/data/1805521/000121390026101175/ea030573401ex99-1.htm,False,
PSAC,2026-09-18 00:00:00,https://www.sec.gov/Archives/edgar/data/1805521/000121390026101175/0001213900-26-101175-index.htm,8-K,CURRENT REPORT,https://www.sec.gov/Archives/edgar/data/1805521/000121390026101175/ea0305734-8k_faraday.htm,True,
PSAC,2026-09-18 00:00:00,https://www.sec.gov/Archives/edgar/data/1805521/000121390026101175/0001213900-26-101175-index.htm,EX-10.1,AMENDMENT NO. 1 TO CONVERTIBLE NOTE,https://www.sec.gov/Archives/edgar/data/1805521/000121390026101175/ea030573401ex10-1.htm,False,
PSAC,2026-09-18 00:00:00,https://www.sec.gov/Archives/edgar/data/1805521/000121390026101175/0001213900-26-101175-index.htm,EX-10.2,AMENDMENT NO. 1 TO DEPOSIT ACCOUNT CONTROL AGREEMENT,https://www.sec.gov/Archives/edgar/data/1805521/000121390026101175/ea030573401ex10-2.htm,False,
PSAC,2026-09-18 00:00:00,https://www.sec.gov/Archives/edgar/data/1805521/000121390026101175/0001213900-26-101175-index.htm,EX-99.1,"PRESS RELEASE DATED SEPTEMBER 18, 2026",https://www.sec.gov/Archives/edgar/data/1805521/000121390026101175/ea030573401ex99-1.htm,False,
HYEX,2026-09-18 00:00:00,https://www.sec.gov/Archives/edgar/data/1630176/000109690626001377/0001096906-26-001377-index.htm,8-K,HEALTHY EXTRACTS INC. - FORM 8-K SEC FILING,https://www.sec.gov/Archives/edgar/data/1630176/000109690626001377/hyex-20260913_8k.htm,False,
MACIW,2026-09-18 00:00:00,https://www.sec.gov/Archives/edgar/data/2016221/000121390026101166/0001213900-26-101166-index.htm,8-K,CURRENT REPORT,https://www.sec.gov/Archives/edgar/data/2016221/000121390026101166/ea0305899-8k425_melar1.htm,False,
MACIW,2026-09-18 00:00:00,https://www.sec.gov/Archives/edgar/data/2016221/000121390026101166/0001213900-26-101166-index.htm,EX-99.1,INVESTOR PRESENTATION,https://www.sec.gov/Archives/edgar/data/2016221/000121390026101166/ea030589901ex99-1.htm,False,
MACI,2026-09-18 00:00:00,https://www.sec.gov/Archives/edgar/data/2016221/000121390026101166/0001213900-26-101166-index.htm,8-K,CURRENT REPORT,https://www.sec.gov/Archives/edgar/data/2016221/000121390026101166/ea0305899-8k425_melar1.htm,False,
MACI,2026-09-18 00:00:00,https://www.sec.gov/Archives/edgar/data/2016221/000121390026101166/0001213900-26-101166-index.htm,EX-99.1,INVESTOR PRESENTATION,https://www.sec.gov/Archives/edgar/data/2016221/000121390026101166/ea030589901ex99-1.htm,False,
MACIU,2026-09-18 00:00:00,https://www.sec.gov/Archives/edgar/data/2016221/000121390026101166/0001213900-26-101166-index.htm,8-K,CURRENT REPORT,https://www.sec.gov/Archives/edgar/data/2016221/000121390026101166/ea0305899-8k425_melar1.htm,False,
MACIU,2026-09-18 00:00:00,https://www.sec.gov/Archives/edgar/data/2016221/000121390026101166/0001213900-26-101166-index.htm,EX-99.1,INVESTOR PRESENTATION,https://www.sec.gov/Archives/edgar/data/2016221/000121390026101166/ea030589901ex99-1.htm,False,
CLAQU,2026-09-18 00:00:00,https://www.sec.gov/Archives/edgar/data/1849820/000184982026000135/0001849820-26-000135-index.htm,8-K,8-K,https://www.sec.gov/Archives/edgar/data/1849820/000184982026000135/kitt-20260915.htm,True,
CLAQU,2026-09-18 00:00:00,https://www.sec.gov/Archives/edgar/data/1849820/000184982026000135/0001849820-26-000135-index.htm,EX-10.1,EX-10.1,https://www.sec.gov/Archives/edgar/data/1849820/000184982026000135/fifthamendment-formof.htm,True,
CLAQU,2026-09-18 00:00:00,https://www.sec.gov/Archives/edgar/data/1849820/000184982026000135/0001849820-26-000135-index.htm,EX-10.2,EX-10.2,https://www.sec.gov/Archives/edgar/data/1849820/000184982026000135/collateralagentacknowled.htm,True,
CLAQR,2026-09-18 00:00:00,https://www.sec.gov/Archives/edgar/data/1849820/000184982026000135/0001849820-26-000135-index.htm,8-K,8-K,https://www.sec.gov/Archives/edgar/data/1849820/000184982026000135/kitt-20260915.htm,True,
CLAQR,2026-09-18 00:00:00,https://www.sec.gov/Archives/edgar/data/1849820/000184982026000135/0001849820-26-000135-index.htm,EX-10.1,EX-10.1,https://www.sec.gov/Archives/edgar/data/1849820/000184982026000135/fifthamendment-formof.htm,True,
CLAQR,2026-09-18 00:00:00,https://www.sec.gov/Archives/edgar/data/1849820/000184982026000135/0001849820-26-000135-index.htm,EX-10.2,EX-10.2,https://www.sec.gov/Archives/edgar/data/1849820/000184982026000135/collateralagentacknowled.htm,True,
KITT,2026-09-18 00:00:00,https://www.sec.gov/Archives/edgar/data/1849820/000184982026000135/0001849820-26-000135-index.htm,8-K,8-K,https://www.sec.gov/Archives/edgar/data/1849820/000184982026000135/kitt-20260915.htm,True,
KITT,2026-09-18 00:00:00,https://www.sec.gov/Archives/edgar/data/1849820/000184982026000135/0001849820-26-000135-index.htm,EX-10.1,EX-10.1,https://www.sec.gov/Archives/edgar/data/1849820/000184982026000135/fifthamendment-formof.htm,True,
KITT,2026-09-18 00:00:00,https://www.sec.gov/Archives/edgar/data/1849820/000184982026000135/0001849820-26-000135-index.htm,EX-10.2,EX-10.2,https://www.sec.gov/Archives/edgar/data/1849820/000184982026000135/collateralagentacknowled.htm,True,
CLAQW,2026-09-18 00:00:00,https://www.sec.gov/Archives/edgar/data/1849820/000184982026000135/0001849820-26-000135-index.htm,8-K,8-K,https://www.sec.gov/Archives/edgar/data/1849820/000184982026000135/kitt-20260915.htm,True,
CLAQW,2026-09-18 00:00:00,https://www.sec.gov/Archives/edgar/data/1849820/000184982026000135/0001849820-26-000135-index.htm,EX-10.1,EX-10.1,https://www.sec.gov/Archives/edgar/data/1849820/000184982026000135/fifthamendment-formof.htm,True,
CLAQW,2026-09-18 00:00:00,https://www.sec.gov/Archives/edgar/data/1849820/000184982026000135/0001849820-26-000135-index.htm,EX-10.2,EX-10.2,https://www.sec.gov/Archives/edgar/data/1849820/000184982026000135/collateralagentacknowled.htm,True,
CLAQ,2026-09-18 00:00:00,https://www.sec.gov/Archives/edgar/data/1849820/000184982026000135/0001849820-26-000135-index.htm,8-K,8-K,https://www.sec.gov/Archives/edgar/data/1849820/000184982026000135/kitt-20260915.htm,True,
CLAQ,2026-09-18 00:00:00,https://www.sec.gov/Archives/edgar/data/1849820/000184982026000135/0001849820-26-000135-index.htm,EX-10.1,EX-10.1,https://www.sec.gov/Archives/edgar/data/1849820/000184982026000135/fifthamendment-formof.htm,True,
CLAQ,2026-09-18 00:00:00,https://www.sec.gov/Archives/edgar/data/1849820/000184982026000135/0001849820-26-000135-index.htm,EX-10.2,EX-10.2,https://www.sec.gov/Archives/edgar/data/1849820/000184982026000135/collateralagentacknowled.htm,True,
KITTW,2026-09-18 00:00:00,https://www.sec.gov/Archives/edgar/data/1849820/000184982026000135/0001849820-26-000135-index.htm,8-K,8-K,https://www.sec.gov/Archives/edgar/data/1849820/000184982026000135/kitt-20260915.htm,True,
KITTW,2026-09-18 00:00:00,https://www.sec.gov/Archives/edgar/data/1849820/000184982026000135/0001849820-26-000135-index.htm,EX-10.1,EX-10.1,https://www.sec.gov/Archives/edgar/data/1849820/000184982026000135/fifthamendment-formof.htm,True,
KITTW,2026-09-18 00:00:00,https://www.sec.gov/Archives/edgar/data/1849820/000184982026000135/0001849820-26-000135-index.htm,EX-10.2,EX-10.2,https://www.sec.gov/Archives/edgar/data/1849820/000184982026000135/collateralagentacknowled.htm,True,
STRW,2026-09-18 00:00:00,https://www.sec.gov/Archives/edgar/data/1782430/000149315226043261/0001493152-26-043261-index.htm,8-K,8-K,https://www.sec.gov/Archives/edgar/data/1782430/000149315226043261/form8-k.htm,True,
STRW,2026-09-18 00:00:00,https://www.sec.gov/Archives/edgar/data/1782430/000149315226043261/0001493152-26-043261-index.htm,EX-10.1,EX-10.1,https://www.sec.gov/Archives/edgar/data/1782430/000149315226043261/ex10-1.htm,False,
STRW,2026-09-18 00:00:00,https://www.sec.gov/Archives/edgar/data/1782430/000149315226043261/0001493152-26-043261-index.htm,EX-99.1,EX-99.1,https://www.sec.gov/Archives/edgar/data/1782430/000149315226043261/ex99-1.htm,True,
ACFN,2026-09-18 00:00:00,https://www.sec.gov/Archives/edgar/data/880984/000149315226043256/0001493152-26-043256-index.htm,8-K,8-K,https://www.sec.gov/Archives/edgar/data/880984/000149315226043256/form8-k.htm,False,
BLNE,2026-09-18 00:00:00,https://www.sec.gov/Archives/edgar/data/1534708/000149315226043255/0001493152-26-043255-index.htm,8-K,8-K,https://www.sec.gov/Archives/edgar/data/1534708/000149315226043255/form8-k.htm,False,
BLNE,2026-09-18 00:00:00,https://www.sec.gov/Archives/edgar/data/1534708/000149315226043255/0001493152-26-043255-index.htm,EX-99.1,EX-99.1,https://www.sec.gov/Archives/edgar/data/1534708/000149315226043255/ex99-1.htm,False,
EAST,2026-09-18 00:00:00,https://www.sec.gov/Archives/edgar/data/1534708/000149315226043255/0001493152-26-043255-index.htm,8-K,8-K,https://www.sec.gov/Archives/edgar/data/1534708/000149315226043255/form8-k.htm,False,
EAST,2026-09-18 00:00:00,https://www.sec.gov/Archives/edgar/data/1534708/000149315226043255/0001493152-26-043255-index.htm,EX-99.1,EX-99.1,https://www.sec.gov/Archives/edgar/data/1534708/000149315226043255/ex99-1.htm,False,
SVAQU,2026-09-18 00:00:00,https://www.sec.gov/Archives/edgar/data/2085659/000121390026101156/0001213900-26-101156-index.htm,8-K,CURRENT REPORT,https://www.sec.gov/Archives/edgar/data/2085659/000121390026101156/ea0305876-8k425_silicon.htm,True,
SVAQU,2026-09-18 00:00:00,https://www.sec.gov/Archives/edgar/data/2085659/000121390026101156/0001213900-26-101156-index.htm,EX-10.1,"SECURITIES PURCHASE AGREEMENT, DATED SEPTEMBER 17, 2026, BY AND AMONG REGISTRANT",https://www.sec.gov/Archives/edgar/data/2085659/000121390026101156/ea030587601ex10-1.htm,True,
SVAQU,2026-09-18 00:00:00,https://www.sec.gov/Archives/edgar/data/2085659/000121390026101156/0001213900-26-101156-index.htm,EX-10.2,FORM OF EIGENQ NOTE,https://www.sec.gov/Archives/edgar/data/2085659/000121390026101156/ea030587601ex10-2.htm,False,
SVAQU,2026-09-18 00:00:00,https://www.sec.gov/Archives/edgar/data/2085659/000121390026101156/0001213900-26-101156-index.htm,EX-99.1,"PRESS RELEASE DATED SEPTEMBER 18, 2026",https://www.sec.gov/Archives/edgar/data/2085659/000121390026101156/ea030587601ex99-1.htm,False,
SVAQ,2026-09-18 00:00:00,https://www.sec.gov/Archives/edgar/data/2085659/000121390026101156/0001213900-26-101156-index.htm,8-K,CURRENT REPORT,https://www.sec.gov/Archives/edgar/data/2085659/000121390026101156/ea0305876-8k425_silicon.htm,True,
SVAQ,2026-09-18 00:00:00,https://www.sec.gov/Archives/edgar/data/2085659/000121390026101156/0001213900-26-101156-index.htm,EX-10.1,"SECURITIES PURCHASE AGREEMENT, DATED SEPTEMBER 17, 2026, BY AND AMONG REGISTRANT",https://www.sec.gov/Archives/edgar/data/2085659/000121390026101156/ea030587601ex10-1.htm,True,
SVAQ,2026-09-18 00:00:00,https://www.sec.gov/Archives/edgar/data/2085659/000121390026101156/0001213900-26-101156-index.htm,EX-10.2,FORM OF EIGENQ NOTE,https://www.sec.gov/Archives/edgar/data/2085659/000121390026101156/ea030587601ex10-2.htm,False,
SVAQ,2026-09-18 00:00:00,https://www.sec.gov/Archives/edgar/data/2085659/000121390026101156/0001213900-26-101156-index.htm,EX-99.1,"PRESS RELEASE DATED SEPTEMBER 18, 2026",https://www.sec.gov/Archives/edgar/data/2085659/000121390026101156/ea030587601ex99-1.htm,False,
SVAQW,2026-09-18 00:00:00,https://www.sec.gov/Archives/edgar/data/2085659/000121390026101156/0001213900-26-101156-index.htm,8-K,CURRENT REPORT,https://www.sec.gov/Archives/edgar/data/2085659/000121390026101156/ea0305876-8k425_silicon.htm,True,
SVAQW,2026-09-18 00:00:00,https://www.sec.gov/Archives/edgar/data/2085659/000121390026101156/0001213900-26-101156-index.htm,EX-10.1,"SECURITIES PURCHASE AGREEMENT, DATED SEPTEMBER 17, 2026, BY AND AMONG REGISTRANT",https://www.sec.gov/Archives/edgar/data/2085659/000121390026101156/ea030587601ex10-1.htm,True,
SVAQW,2026-09-18 00:00:00,https://www.sec.gov/Archives/edgar/data/2085659/000121390026101156/0001213900-26-101156-index.htm,EX-10.2,FORM OF EIGENQ NOTE,https://www.sec.gov/Archives/edgar/data/2085659/000121390026101156/ea030587601ex10-2.htm,False,
SVAQW,2026-09-18 00:00:00,https://www.sec.gov/Archives/edgar/data/2085659/000121390026101156/0001213900-26-101156-index.htm,EX-99.1,"PRESS RELEASE DATED SEPTEMBER 18, 2026",https://www.sec.gov/Archives/edgar/data/2085659/000121390026101156/ea030587601ex99-1.htm,False,
AMT,2026-09-18 00:00:00,https://www.sec.gov/Archives/edgar/data/1053507/000105350726000145/0001053507-26-000145-index.htm,8-K,8-K,https://www.sec.gov/Archives/edgar/data/1053507/000105350726000145/amt-20260917.htm,False,
AMT,2026-09-18 00:00:00,https://www.sec.gov/Archives/edgar/data/1053507/000105350726000145/0001053507-26-000145-index.htm,EX-99.1,EX-99.1,https://www.sec.gov/Archives/edgar/data/1053507/000105350726000145/exhibit9912026q3dividend.htm,False,
WHK,2026-09-18 00:00:00,https://www.sec.gov/Archives/edgar/data/1921603/000119312526395111/0001193125-26-395111-index.htm,8-K,8-K,https://www.sec.gov/Archives/edgar/data/1921603/000119312526395111/d136312d8k.htm,True,
WHK,2026-09-18 00:00:00,https://www.sec.gov/Archives/edgar/data/1921603/000119312526395111/0001193125-26-395111-index.htm,EX-10.1,EX-10.1,https://www.sec.gov/Archives/edgar/data/1921603/000119312526395111/d136312dex101.htm,False,
WHK,2026-09-18 00:00:00,https://www.sec.gov/Archives/edgar/data/1921603/000119312526395111/0001193125-26-395111-index.htm,EX-10.2,EX-10.2,https://www.sec.gov/Archives/edgar/data/1921603/000119312526395111/d136312dex102.htm,False,
ATMVU,2026-09-18 00:00:00,https://www.sec.gov/Archives/edgar/data/1937891/000149315226043253/0001493152-26-043253-index.htm,8-K,8-K,https://www.sec.gov/Archives/edgar/data/1937891/000149315226043253/form8-k.htm,True,
ATMVU,2026-09-18 00:00:00,https://www.sec.gov/Archives/edgar/data/1937891/000149315226043253/0001493152-26-043253-index.htm,EX-10.1,EX-10.1,https://www.sec.gov/Archives/edgar/data/1937891/000149315226043253/ex10-1.htm,False,
ATMVU,2026-09-18 00:00:00,https://www.sec.gov/Archives/edgar/data/1937891/000149315226043253/0001493152-26-043253-index.htm,EX-10.2,EX-10.2,https://www.sec.gov/Archives/edgar/data/1937891/000149315226043253/ex10-2.htm,False,
ATMVU,2026-09-18 00:00:00,https://www.sec.gov/Archives/edgar/data/1937891/000149315226043253/0001493152-26-043253-index.htm,EX-99.1,EX-99.1,https://www.sec.gov/Archives/edgar/data/1937891/000149315226043253/ex99-1.htm,False,
ATMV,2026-09-18 00:00:00,https://www.sec.gov/Archives/edgar/data/1937891/000149315226043253/0001493152-26-043253-index.htm,8-K,8-K,https://www.sec.gov/Archives/edgar/data/1937891/000149315226043253/form8-k.htm,True,
ATMV,2026-09-18 00:00:00,https://www.sec.gov/Archives/edgar/data/1937891/000149315226043253/0001493152-26-043253-index.htm,EX-10.1,EX-10.1,https://www.sec.gov/Archives/edgar/data/1937891/000149315226043253/ex10-1.htm,False,
ATMV,2026-09-18 00:00:00,https://www.sec.gov/Archives/edgar/data/1937891/000149315226043253/0001493152-26-043253-index.htm,EX-10.2,EX-10.2,https://www.sec.gov/Archives/edgar/data/1937891/000149315226043253/ex10-2.htm,False,
ATMV,2026-09-18 00:00:00,https://www.sec.gov/Archives/edgar/data/1937891/000149315226043253/0001493152-26-043253-index.htm,EX-99.1,EX-99.1,https://www.sec.gov/Archives/edgar/data/1937891/000149315226043253/ex99-1.htm,False,
ATMVR,2026-09-18 00:00:00,https://www.sec.gov/Archives/edgar/data/1937891/000149315226043253/0001493152-26-043253-index.htm,8-K,8-K,https://www.sec.gov/Archives/edgar/data/1937891/000149315226043253/form8-k.htm,True,
ATMVR,2026-09-18 00:00:00,https://www.sec.gov/Archives/edgar/data/1937891/000149315226043253/0001493152-26-043253-index.htm,EX-10.1,EX-10.1,https://www.sec.gov/Archives/edgar/data/1937891/000149315226043253/ex10-1.htm,False,
ATMVR,2026-09-18 00:00:00,https://www.sec.gov/Archives/edgar/data/1937891/000149315226043253/0001493152-26-043253-index.htm,EX-10.2,EX-10.2,https://www.sec.gov/Archives/edgar/data/1937891/000149315226043253/ex10-2.htm,False,
ATMVR,2026-09-18 00:00:00,https://www.sec.gov/Archives/edgar/data/1937891/000149315226043253/0001493152-26-043253-index.htm,EX-99.1,EX-99.1,https://www.sec.gov/Archives/edgar/data/1937891/000149315226043253/ex99-1.htm,False,
BHRB,2026-09-18 00:00:00,https://www.sec.gov/Archives/edgar/data/1964333/000110465926108748/0001104659-26-108748-index.htm,8-K,FORM 8-K,https://www.sec.gov/Archives/edgar/data/1964333/000110465926108748/tm2625698d1_8k.htm,False,
BHRB,2026-09-18 00:00:00,https://www.sec.gov/Archives/edgar/data/1964333/000110465926108748/0001104659-26-108748-index.htm,EX-99.1,EXHIBIT 99.1,https://www.sec.gov/Archives/edgar/data/1964333/000110465926108748/tm2625698d1_ex99-1.htm,False,
VLO,2026-09-18 00:00:00,https://www.sec.gov/Archives/edgar/data/1035002/000162828026062625/0001628280-26-062625-index.htm,8-K,8-K,https://www.sec.gov/Archives/edgar/data/1035002/000162828026062625/vlo-20260917.htm,False,
PGR,2026-09-18 00:00:00,https://www.sec.gov/Archives/edgar/data/80661/000008066126000322/0000080661-26-000322-index.htm,8-K,8-K,https://www.sec.gov/Archives/edgar/data/80661/000008066126000322/pgr-20260918.htm,False,
SMSI,2026-09-18 00:00:00,https://www.sec.gov/Archives/edgar/data/948708/000143774926030711/0001437749-26-030711-index.htm,8-K,FORM 8-K,https://www.sec.gov/Archives/edgar/data/948708/000143774926030711/smsi20260917_8k.htm,False,
SMSI,2026-09-18 00:00:00,https://www.sec.gov/Archives/edgar/data/948708/000143774926030711/0001437749-26-030711-index.htm,EX-99.1,EXHIBIT 99.1,https://www.sec.gov/Archives/edgar/data/948708/000143774926030711/ex_1017564.htm,False,
HALO,2026-09-18 00:00:00,https://www.sec.gov/Archives/edgar/data/1159036/000115903626000126/0001159036-26-000126-index.htm,8-K,8-K,https://www.sec.gov/Archives/edgar/data/1159036/000115903626000126/halo-20260917.htm,False,
HALO,2026-09-18 00:00:00,https://www.sec.gov/Archives/edgar/data/1159036/000115903626000126/0001159036-26-000126-index.htm,EX-99.1,EX-99.1,https://www.sec.gov/Archives/edgar/data/1159036/000115903626000126/ex-991xhaloxpricingpressre.htm,False,
VWAVW,2026-09-18 00:00:00,https://www.sec.gov/Archives/edgar/data/2038439/000173112226001258/0001731122-26-001258-index.htm,8-K,FORM 8-K,https://www.sec.gov/Archives/edgar/data/2038439/000173112226001258/e7956_8-k.htm,False,
VWAVW,2026-09-18 00:00:00,https://www.sec.gov/Archives/edgar/data/2038439/000173112226001258/0001731122-26-001258-index.htm,EX-99.1,EXHIBIT 99.1,https://www.sec.gov/Archives/edgar/data/2038439/000173112226001258/e7956_ex99-1.htm,False,
VWAV,2026-09-18 00:00:00,https://www.sec.gov/Archives/edgar/data/2038439/000173112226001258/0001731122-26-001258-index.htm,8-K,FORM 8-K,https://www.sec.gov/Archives/edgar/data/2038439/000173112226001258/e7956_8-k.htm,False,
VWAV,2026-09-18 00:00:00,https://www.sec.gov/Archives/edgar/data/2038439/000173112226001258/0001731122-26-001258-index.htm,EX-99.1,EXHIBIT 99.1,https://www.sec.gov/Archives/edgar/data/2038439/000173112226001258/e7956_ex99-1.htm,False,
PM,2026-09-18 00:00:00,https://www.sec.gov/Archives/edgar/data/1413329/000162828026062621/0001628280-26-062621-index.htm,8-K,8-K,https://www.sec.gov/Archives/edgar/data/1413329/000162828026062621/pm-20260918.htm,False,
PM,2026-09-18 00:00:00,https://www.sec.gov/Archives/edgar/data/1413329/000162828026062621/0001628280-26-062621-index.htm,EX-99.1,EX-99.1,https://www.sec.gov/Archives/edgar/data/1413329/000162828026062621/september2026dividend.htm,False,
ZCSH,2026-09-18 00:00:00,https://www.sec.gov/Archives/edgar/data/1720265/000119312526395068/0001193125-26-395068-index.htm,8-K,8-K,https://www.sec.gov/Archives/edgar/data/1720265/000119312526395068/zcsh-20260918.htm,False,
ZCSH,2026-09-18 00:00:00,https://www.sec.gov/Archives/edgar/data/1720265/000119312526395068/0001193125-26-395068-index.htm,EX-99.1,EX-99.1,https://www.sec.gov/Archives/edgar/data/1720265/000119312526395068/zcsh-ex99_1.htm,False,
ELAB,2026-09-18 00:00:00,https://www.sec.gov/Archives/edgar/data/1840563/000121390026101143/0001213900-26-101143-index.htm,8-K,CURRENT REPORT,https://www.sec.gov/Archives/edgar/data/1840563/000121390026101143/ea0305855-8k_pmgchold.htm,False,
ELAB,2026-09-18 00:00:00,https://www.sec.gov/Archives/edgar/data/1840563/000121390026101143/0001213900-26-101143-index.htm,EX-99.1,"PRESS RELEASE DATED SEPTEMBER 18, 2026",https://www.sec.gov/Archives/edgar/data/1840563/000121390026101143/ea030585501ex99-1.htm,False,
BENFW,2026-09-18 00:00:00,https://www.sec.gov/Archives/edgar/data/1775734/000149315226043234/0001493152-26-043234-index.htm,8-K,8-K,https://www.sec.gov/Archives/edgar/data/1775734/000149315226043234/form8-k.htm,False,
BENFW,2026-09-18 00:00:00,https://www.sec.gov/Archives/edgar/data/1775734/000149315226043234/0001493152-26-043234-index.htm,EX-99.1,EX-99.1,https://www.sec.gov/Archives/edgar/data/1775734/000149315226043234/ex99-1.htm,False,
BENF,2026-09-18 00:00:00,https://www.sec.gov/Archives/edgar/data/1775734/000149315226043234/0001493152-26-043234-index.htm,8-K,8-K,https://www.sec.gov/Archives/edgar/data/1775734/000149315226043234/form8-k.htm,False,
BENF,2026-09-18 00:00:00,https://www.sec.gov/Archives/edgar/data/1775734/000149315226043234/0001493152-26-043234-index.htm,EX-99.1,EX-99.1,https://www.sec.gov/Archives/edgar/data/1775734/000149315226043234/ex99-1.htm,False,
RCA,2026-09-18 00:00:00,https://www.sec.gov/Archives/edgar/data/1527590/000162828026062620/0001628280-26-062620-index.htm,8-K,8-K,https://www.sec.gov/Archives/edgar/data/1527590/000162828026062620/rc-20260917.htm,False,
RCA,2026-09-18 00:00:00,https://www.sec.gov/Archives/edgar/data/1527590/000162828026062620/0001628280-26-062620-index.htm,EX-99.1,EX-99.1,https://www.sec.gov/Archives/edgar/data/1527590/000162828026062620/a20260915_ssnxpressxreleas.htm,False,
RC-PC,2026-09-18 00:00:00,https://www.sec.gov/Archives/edgar/data/1527590/000162828026062620/0001628280-26-062620-index.htm,8-K,8-K,https://www.sec.gov/Archives/edgar/data/1527590/000162828026062620/rc-20260917.htm,False,
RC-PC,2026-09-18 00:00:00,https://www.sec.gov/Archives/edgar/data/1527590/000162828026062620/0001628280-26-062620-index.htm,EX-99.1,EX-99.1,https://www.sec.gov/Archives/edgar/data/1527590/000162828026062620/a20260915_ssnxpressxreleas.htm,False,
RCC,2026-09-18 00:00:00,https://www.sec.gov/Archives/edgar/data/1527590/000162828026062620/0001628280-26-062620-index.htm,8-K,8-K,https://www.sec.gov/Archives/edgar/data/1527590/000162828026062620/rc-20260917.htm,False,
RCC,2026-09-18 00:00:00,https://www.sec.gov/Archives/edgar/data/1527590/000162828026062620/0001628280-26-062620-index.htm,EX-99.1,EX-99.1,https://www.sec.gov/Archives/edgar/data/1527590/000162828026062620/a20260915_ssnxpressxreleas.htm,False,
RCB,2026-09-18 00:00:00,https://www.sec.gov/Archives/edgar/data/1527590/000162828026062620/0001628280-26-062620-index.htm,8-K,8-K,https://www.sec.gov/Archives/edgar/data/1527590/000162828026062620/rc-20260917.htm,False,
RCB,2026-09-18 00:00:00,https://www.sec.gov/Archives/edgar/data/1527590/000162828026062620/0001628280-26-062620-index.htm,EX-99.1,EX-99.1,https://www.sec.gov/Archives/edgar/data/1527590/000162828026062620/a20260915_ssnxpressxreleas.htm,False,
RC-PE,2026-09-18 00:00:00,https://www.sec.gov/Archives/edgar/data/1527590/000162828026062620/0001628280-26-062620-index.htm,8-K,8-K,https://www.sec.gov/Archives/edgar/data/1527590/000162828026062620/rc-20260917.htm,False,
RC-PE,2026-09-18 00:00:00,https://www.sec.gov/Archives/edgar/data/1527590/000162828026062620/0001628280-26-062620-index.htm,EX-99.1,EX-99.1,https://www.sec.gov/Archives/edgar/data/1527590/000162828026062620/a20260915_ssnxpressxreleas.htm,False,
RC,2026-09-18 00:00:00,https://www.sec.gov/Archives/edgar/data/1527590/000162828026062620/0001628280-26-062620-index.htm,8-K,8-K,https://www.sec.gov/Archives/edgar/data/1527590/000162828026062620/rc-20260917.htm,False,
RC,2026-09-18 00:00:00,https://www.sec.gov/Archives/edgar/data/1527590/000162828026062620/0001628280-26-062620-index.htm,EX-99.1,EX-99.1,https://www.sec.gov/Archives/edgar/data/1527590/000162828026062620/a20260915_ssnxpressxreleas.htm,False,
None,2026-09-18 00:00:00,https://www.sec.gov/Archives/edgar/data/1839970/000119312526395031/0001193125-26-395031-index.htm,8-K,8-K,https://www.sec.gov/Archives/edgar/data/1839970/000119312526395031/d266261d8k.htm,False,
None,2026-09-18 00:00:00,https://www.sec.gov/Archives/edgar/data/1839970/000119312526395031/0001193125-26-395031-index.htm,EX-99.1,EX-99.1,https://www.sec.gov/Archives/edgar/data/1839970/000119312526395031/d266261dex991.htm,False,
ROIVW,2026-09-18 00:00:00,https://www.sec.gov/Archives/edgar/data/1635088/000163508826000095/0001635088-26-000095-index.htm,8-K,8-K,https://www.sec.gov/Archives/edgar/data/1635088/000163508826000095/roiv-20260916.htm,False,
ROIV,2026-09-18 00:00:00,https://www.sec.gov/Archives/edgar/data/1635088/000163508826000095/0001635088-26-000095-index.htm,8-K,8-K,https://www.sec.gov/Archives/edgar/data/1635088/000163508826000095/roiv-20260916.htm,False,
CAVA,2026-09-18 00:00:00,https://www.sec.gov/Archives/edgar/data/1639438/000162828026062616/0001628280-26-062616-index.htm,8-K,8-K,https://www.sec.gov/Archives/edgar/data/1639438/000162828026062616/cava-20260917.htm,False,
CAVA,2026-09-18 00:00:00,https://www.sec.gov/Archives/edgar/data/1639438/000162828026062616/0001628280-26-062616-index.htm,EX-99.1,EX-99.1,https://www.sec.gov/Archives/edgar/data/1639438/000162828026062616/ex991sharebuybackannouncem.htm,False,
SSMR,2026-09-18 00:00:00,https://www.sec.gov/Archives/edgar/data/2091017/000162828026062615/0001628280-26-062615-index.htm,8-K,8-K,https://www.sec.gov/Archives/edgar/data/2091017/000162828026062615/ssmr-20260918.htm,False,
SSMR,2026-09-18 00:00:00,https://www.sec.gov/Archives/edgar/data/2091017/000162828026062615/0001628280-26-062615-index.htm,EX-99.1,EX-99.1,https://www.sec.gov/Archives/edgar/data/2091017/000162828026062615/ssmr_gdxjinclusionxvf.htm,False,
PNR,2026-09-18 00:00:00,https://www.sec.gov/Archives/edgar/data/77360/000007736026000047/0000077360-26-000047-index.htm,8-K,8-K,https://www.sec.gov/Archives/edgar/data/77360/000007736026000047/pnr-20260917.htm,False,
NVAAF,2026-09-18 00:00:00,https://www.sec.gov/Archives/edgar/data/1852551/000149315226043228/0001493152-26-043228-index.htm,8-K,8-K,https://www.sec.gov/Archives/edgar/data/1852551/000149315226043228/form8-k.htm,False,
NVAAF,2026-09-18 00:00:00,https://www.sec.gov/Archives/edgar/data/1852551/000149315226043228/0001493152-26-043228-index.htm,EX-99.1,EX-99.1,https://www.sec.gov/Archives/edgar/data/1852551/000149315226043228/ex99-1.htm,False,
NVAWW,2026-09-18 00:00:00,https://www.sec.gov/Archives/edgar/data/1852551/000149315226043228/0001493152-26-043228-index.htm,8-K,8-K,https://www.sec.gov/Archives/edgar/data/1852551/000149315226043228/form8-k.htm,False,
NVAWW,2026-09-18 00:00:00,https://www.sec.gov/Archives/edgar/data/1852551/000149315226043228/0001493152-26-043228-index.htm,EX-99.1,EX-99.1,https://www.sec.gov/Archives/edgar/data/1852551/000149315226043228/ex99-1.htm,False,
NVA,2026-09-18 00:00:00,https://www.sec.gov/Archives/edgar/data/1852551/000149315226043228/0001493152-26-043228-index.htm,8-K,8-K,https://www.sec.gov/Archives/edgar/data/1852551/000149315226043228/form8-k.htm,False,
NVA,2026-09-18 00:00:00,https://www.sec.gov/Archives/edgar/data/1852551/000149315226043228/0001493152-26-043228-index.htm,EX-99.1,EX-99.1,https://www.sec.gov/Archives/edgar/data/1852551/000149315226043228/ex99-1.htm,False,
ADNT,2026-09-18 00:00:00,https://www.sec.gov/Archives/edgar/data/1670541/000167054126000105/0001670541-26-000105-index.htm,8-K,8-K,https://www.sec.gov/Archives/edgar/data/1670541/000167054126000105/adnt-20260917.htm,False,
ADNT,2026-09-18 00:00:00,https://www.sec.gov/Archives/edgar/data/1670541/000167054126000105/0001670541-26-000105-index.htm,EX-99.1,EX-99.1,https://www.sec.gov/Archives/edgar/data/1670541/000167054126000105/adientcarlincfosept2026.htm,False,
AREN,2026-09-18 00:00:00,https://www.sec.gov/Archives/edgar/data/894871/000149315226043212/0001493152-26-043212-index.htm,8-K,8-K,https://www.sec.gov/Archives/edgar/data/894871/000149315226043212/form8-k.htm,False,
AREN,2026-09-18 00:00:00,https://www.sec.gov/Archives/edgar/data/894871/000149315226043212/0001493152-26-043212-index.htm,EX-99.1,EX-99.1,https://www.sec.gov/Archives/edgar/data/894871/000149315226043212/ex99-1.htm,False,
MVEN,2026-09-18 00:00:00,https://www.sec.gov/Archives/edgar/data/894871/000149315226043212/0001493152-26-043212-index.htm,8-K,8-K,https://www.sec.gov/Archives/edgar/data/894871/000149315226043212/form8-k.htm,False,
MVEN,2026-09-18 00:00:00,https://www.sec.gov/Archives/edgar/data/894871/000149315226043212/0001493152-26-043212-index.htm,EX-99.1,EX-99.1,https://www.sec.gov/Archives/edgar/data/894871/000149315226043212/ex99-1.htm,False,
EMAT,2026-09-18 00:00:00,https://www.sec.gov/Archives/edgar/data/1866226/000121390026101116/0001213900-26-101116-index.htm,8-K,CURRENT REPORT,https://www.sec.gov/Archives/edgar/data/1866226/000121390026101116/ea0305908-8k_evolution.htm,True,
EMAT,2026-09-18 00:00:00,https://www.sec.gov/Archives/edgar/data/1866226/000121390026101116/0001213900-26-101116-index.htm,EX-10.1,SECURITIES PURCHASE AGREEMENT,https://www.sec.gov/Archives/edgar/data/1866226/000121390026101116/ea030590801ex10-1.htm,True,
EMAT,2026-09-18 00:00:00,https://www.sec.gov/Archives/edgar/data/1866226/000121390026101116/0001213900-26-101116-index.htm,EX-10.2,REGISTRATION RIGHTS AGREEMENT,https://www.sec.gov/Archives/edgar/data/1866226/000121390026101116/ea030590801ex10-2.htm,False,
WTMA,2026-09-18 00:00:00,https://www.sec.gov/Archives/edgar/data/1866226/000121390026101116/0001213900-26-101116-index.htm,8-K,CURRENT REPORT,https://www.sec.gov/Archives/edgar/data/1866226/000121390026101116/ea0305908-8k_evolution.htm,True,
WTMA,2026-09-18 00:00:00,https://www.sec.gov/Archives/edgar/data/1866226/000121390026101116/0001213900-26-101116-index.htm,EX-10.1,SECURITIES PURCHASE AGREEMENT,https://www.sec.gov/Archives/edgar/data/1866226/000121390026101116/ea030590801ex10-1.htm,True,
WTMA,2026-09-18 00:00:00,https://www.sec.gov/Archives/edgar/data/1866226/000121390026101116/0001213900-26-101116-index.htm,EX-10.2,REGISTRATION RIGHTS AGREEMENT,https://www.sec.gov/Archives/edgar/data/1866226/000121390026101116/ea030590801ex10-2.htm,False,
WTMAR,2026-09-18 00:00:00,https://www.sec.gov/Archives/edgar/data/1866226/000121390026101116/0001213900-26-101116-index.htm,8-K,CURRENT REPORT,https://www.sec.gov/Archives/edgar/data/1866226/000121390026101116/ea0305908-8k_evolution.htm,True,
WTMAR,2026-09-18 00:00:00,https://www.sec.gov/Archives/edgar/data/1866226/000121390026101116/0001213900-26-101116-index.htm,EX-10.1,SECURITIES PURCHASE AGREEMENT,https://www.sec.gov/Archives/edgar/data/1866226/000121390026101116/ea030590801ex10-1.htm,True,
WTMAR,2026-09-18 00:00:00,https://www.sec.gov/Archives/edgar/data/1866226/000121390026101116/0001213900-26-101116-index.htm,EX-10.2,REGISTRATION RIGHTS AGREEMENT,https://www.sec.gov/Archives/edgar/data/1866226/000121390026101116/ea030590801ex10-2.htm,False,
WTMAU,2026-09-18 00:00:00,https://www.sec.gov/Archives/edgar/data/1866226/000121390026101116/0001213900-26-101116-index.htm,8-K,CURRENT REPORT,https://www.sec.gov/Archives/edgar/data/1866226/000121390026101116/ea0305908-8k_evolution.htm,True,
WTMAU,2026-09-18 00:00:00,https://www.sec.gov/Archives/edgar/data/1866226/000121390026101116/0001213900-26-101116-index.htm,EX-10.1,SECURITIES PURCHASE AGREEMENT,https://www.sec.gov/Archives/edgar/data/1866226/000121390026101116/ea030590801ex10-1.htm,True,
WTMAU,2026-09-18 00:00:00,https://www.sec.gov/Archives/edgar/data/1866226/000121390026101116/0001213900-26-101116-index.htm,EX-10.2,REGISTRATION RIGHTS AGREEMENT,https://www.sec.gov/Archives/edgar/data/1866226/000121390026101116/ea030590801ex10-2.htm,False,
AITX,2026-09-18 00:00:00,https://www.sec.gov/Archives/edgar/data/1498148/000106299326005008/0001062993-26-005008-index.htm,8-K,FORM 8-K,https://www.sec.gov/Archives/edgar/data/1498148/000106299326005008/form8k.htm,False,
AITX,2026-09-18 00:00:00,https://www.sec.gov/Archives/edgar/data/1498148/000106299326005008/0001062993-26-005008-index.htm,EX-99.1,EXHIBIT 99.1,https://www.sec.gov/Archives/edgar/data/1498148/000106299326005008/exhibit99-1.htm,False,
AITXD,2026-09-18 00:00:00,https://www.sec.gov/Archives/edgar/data/1498148/000106299326005008/0001062993-26-005008-index.htm,8-K,FORM 8-K,https://www.sec.gov/Archives/edgar/data/1498148/000106299326005008/form8k.htm,False,
AITXD,2026-09-18 00:00:00,https://www.sec.gov/Archives/edgar/data/1498148/000106299326005008/0001062993-26-005008-index.htm,EX-99.1,EXHIBIT 99.1,https://www.sec.gov/Archives/edgar/data/1498148/000106299326005008/exhibit99-1.htm,False,
