symbol,filingDate,filing_detail_url,document_type,document_description,document_url,matched,error
CCYC,2026-09-28 00:00:00,https://www.sec.gov/Archives/edgar/data/1681769/000152013826000399/0001520138-26-000399-index.htm,8-K,8-K,https://www.sec.gov/Archives/edgar/data/1681769/000152013826000399/bnev-20260928_8k.htm,False,
GCTK,2026-09-28 00:00:00,https://www.sec.gov/Archives/edgar/data/1506983/000149315226044657/0001493152-26-044657-index.htm,8-K,8-K,https://www.sec.gov/Archives/edgar/data/1506983/000149315226044657/form8-k.htm,True,
IGAP,2026-09-28 00:00:00,https://www.sec.gov/Archives/edgar/data/1506983/000149315226044657/0001493152-26-044657-index.htm,8-K,8-K,https://www.sec.gov/Archives/edgar/data/1506983/000149315226044657/form8-k.htm,True,
POLA,2026-09-28 00:00:00,https://www.sec.gov/Archives/edgar/data/1622345/000149315226044656/0001493152-26-044656-index.htm,8-K,8-K,https://www.sec.gov/Archives/edgar/data/1622345/000149315226044656/form8-k.htm,True,
POLA,2026-09-28 00:00:00,https://www.sec.gov/Archives/edgar/data/1622345/000149315226044656/0001493152-26-044656-index.htm,EX-10.1,EX-10.1,https://www.sec.gov/Archives/edgar/data/1622345/000149315226044656/ex10-1.htm,False,
POLA,2026-09-28 00:00:00,https://www.sec.gov/Archives/edgar/data/1622345/000149315226044656/0001493152-26-044656-index.htm,EX-10.2,EX-10.2,https://www.sec.gov/Archives/edgar/data/1622345/000149315226044656/ex10-2.htm,False,
POLA,2026-09-28 00:00:00,https://www.sec.gov/Archives/edgar/data/1622345/000149315226044656/0001493152-26-044656-index.htm,EX-99.1,EX-99.1,https://www.sec.gov/Archives/edgar/data/1622345/000149315226044656/ex99-1.htm,False,
NTWOW,2026-09-28 00:00:00,https://www.sec.gov/Archives/edgar/data/2028027/000118518526004379/0001185185-26-004379-index.htm,8-K,FORM 8-K,https://www.sec.gov/Archives/edgar/data/2028027/000118518526004379/ntwo28k092826.htm,False,
NTWOU,2026-09-28 00:00:00,https://www.sec.gov/Archives/edgar/data/2028027/000118518526004379/0001185185-26-004379-index.htm,8-K,FORM 8-K,https://www.sec.gov/Archives/edgar/data/2028027/000118518526004379/ntwo28k092826.htm,False,
NTWO,2026-09-28 00:00:00,https://www.sec.gov/Archives/edgar/data/2028027/000118518526004379/0001185185-26-004379-index.htm,8-K,FORM 8-K,https://www.sec.gov/Archives/edgar/data/2028027/000118518526004379/ntwo28k092826.htm,False,
None,2026-09-28 00:00:00,https://www.sec.gov/Archives/edgar/data/1637757/000110465926111424/0001104659-26-111424-index.htm,8-K,FORM 8-K,https://www.sec.gov/Archives/edgar/data/1637757/000110465926111424/tm2626208d1_8k.htm,True,
None,2026-09-28 00:00:00,https://www.sec.gov/Archives/edgar/data/1637757/000110465926111424/0001104659-26-111424-index.htm,EX-10.1,EXHIBIT 10.1,https://www.sec.gov/Archives/edgar/data/1637757/000110465926111424/tm2626208d1_ex10-1.htm,False,
CWEN,2026-09-28 00:00:00,https://www.sec.gov/Archives/edgar/data/1567683/000110465926111423/0001104659-26-111423-index.htm,8-K,FORM 8-K,https://www.sec.gov/Archives/edgar/data/1567683/000110465926111423/tm2626209d1_8k.htm,True,
CWEN,2026-09-28 00:00:00,https://www.sec.gov/Archives/edgar/data/1567683/000110465926111423/0001104659-26-111423-index.htm,EX-10.1,EXHIBIT 10.1,https://www.sec.gov/Archives/edgar/data/1567683/000110465926111423/tm2626209d1_ex10-1.htm,False,
CWEN-A,2026-09-28 00:00:00,https://www.sec.gov/Archives/edgar/data/1567683/000110465926111423/0001104659-26-111423-index.htm,8-K,FORM 8-K,https://www.sec.gov/Archives/edgar/data/1567683/000110465926111423/tm2626209d1_8k.htm,True,
CWEN-A,2026-09-28 00:00:00,https://www.sec.gov/Archives/edgar/data/1567683/000110465926111423/0001104659-26-111423-index.htm,EX-10.1,EXHIBIT 10.1,https://www.sec.gov/Archives/edgar/data/1567683/000110465926111423/tm2626209d1_ex10-1.htm,False,
SRFM,2026-09-28 00:00:00,https://www.sec.gov/Archives/edgar/data/1936224/000193622426000010/0001936224-26-000010-index.htm,8-K,8-K,https://www.sec.gov/Archives/edgar/data/1936224/000193622426000010/srfm-20260928.htm,False,
SRFM,2026-09-28 00:00:00,https://www.sec.gov/Archives/edgar/data/1936224/000193622426000010/0001936224-26-000010-index.htm,EX-10.1,EX-10.1,https://www.sec.gov/Archives/edgar/data/1936224/000193622426000010/srfm-ex10_1.htm,False,
SRFM,2026-09-28 00:00:00,https://www.sec.gov/Archives/edgar/data/1936224/000193622426000010/0001936224-26-000010-index.htm,EX-99.1,EX-99.1,https://www.sec.gov/Archives/edgar/data/1936224/000193622426000010/srfm-ex99_1.htm,False,
AVXL,2026-09-28 00:00:00,https://www.sec.gov/Archives/edgar/data/1314052/000173112226001294/0001731122-26-001294-index.htm,8-K,FORM 8-K,https://www.sec.gov/Archives/edgar/data/1314052/000173112226001294/e7977_8-k.htm,False,
VKTX,2026-09-28 00:00:00,https://www.sec.gov/Archives/edgar/data/1607678/000119312526405580/0001193125-26-405580-index.htm,8-K,8-K,https://www.sec.gov/Archives/edgar/data/1607678/000119312526405580/vktx-20260923.htm,True,
SABR,2026-09-28 00:00:00,https://www.sec.gov/Archives/edgar/data/1597033/000119312526405576/0001193125-26-405576-index.htm,8-K,8-K,https://www.sec.gov/Archives/edgar/data/1597033/000119312526405576/d435567d8k.htm,True,
SABR,2026-09-28 00:00:00,https://www.sec.gov/Archives/edgar/data/1597033/000119312526405576/0001193125-26-405576-index.htm,EX-10.1,EX-10.1,https://www.sec.gov/Archives/edgar/data/1597033/000119312526405576/d435567dex101.htm,False,
SABR,2026-09-28 00:00:00,https://www.sec.gov/Archives/edgar/data/1597033/000119312526405576/0001193125-26-405576-index.htm,EX-10.2,EX-10.2,https://www.sec.gov/Archives/edgar/data/1597033/000119312526405576/d435567dex102.htm,True,
SABR,2026-09-28 00:00:00,https://www.sec.gov/Archives/edgar/data/1597033/000119312526405576/0001193125-26-405576-index.htm,EX-99.1,EX-99.1,https://www.sec.gov/Archives/edgar/data/1597033/000119312526405576/d435567dex991.htm,False,
SABRP,2026-09-28 00:00:00,https://www.sec.gov/Archives/edgar/data/1597033/000119312526405576/0001193125-26-405576-index.htm,8-K,8-K,https://www.sec.gov/Archives/edgar/data/1597033/000119312526405576/d435567d8k.htm,True,
SABRP,2026-09-28 00:00:00,https://www.sec.gov/Archives/edgar/data/1597033/000119312526405576/0001193125-26-405576-index.htm,EX-10.1,EX-10.1,https://www.sec.gov/Archives/edgar/data/1597033/000119312526405576/d435567dex101.htm,False,
SABRP,2026-09-28 00:00:00,https://www.sec.gov/Archives/edgar/data/1597033/000119312526405576/0001193125-26-405576-index.htm,EX-10.2,EX-10.2,https://www.sec.gov/Archives/edgar/data/1597033/000119312526405576/d435567dex102.htm,True,
SABRP,2026-09-28 00:00:00,https://www.sec.gov/Archives/edgar/data/1597033/000119312526405576/0001193125-26-405576-index.htm,EX-99.1,EX-99.1,https://www.sec.gov/Archives/edgar/data/1597033/000119312526405576/d435567dex991.htm,False,
UEPCO,2026-09-28 00:00:00,https://www.sec.gov/Archives/edgar/data/100826/000110465926111420/0001104659-26-111420-index.htm,8-K,FORM 8-K,https://www.sec.gov/Archives/edgar/data/100826/000110465926111420/tm2626189d1_8k.htm,True,
UELMO,2026-09-28 00:00:00,https://www.sec.gov/Archives/edgar/data/100826/000110465926111420/0001104659-26-111420-index.htm,8-K,FORM 8-K,https://www.sec.gov/Archives/edgar/data/100826/000110465926111420/tm2626189d1_8k.htm,True,
UEPEN,2026-09-28 00:00:00,https://www.sec.gov/Archives/edgar/data/100826/000110465926111420/0001104659-26-111420-index.htm,8-K,FORM 8-K,https://www.sec.gov/Archives/edgar/data/100826/000110465926111420/tm2626189d1_8k.htm,True,
UEPEP,2026-09-28 00:00:00,https://www.sec.gov/Archives/edgar/data/100826/000110465926111420/0001104659-26-111420-index.htm,8-K,FORM 8-K,https://www.sec.gov/Archives/edgar/data/100826/000110465926111420/tm2626189d1_8k.htm,True,
UEPEM,2026-09-28 00:00:00,https://www.sec.gov/Archives/edgar/data/100826/000110465926111420/0001104659-26-111420-index.htm,8-K,FORM 8-K,https://www.sec.gov/Archives/edgar/data/100826/000110465926111420/tm2626189d1_8k.htm,True,
UEPCP,2026-09-28 00:00:00,https://www.sec.gov/Archives/edgar/data/100826/000110465926111420/0001104659-26-111420-index.htm,8-K,FORM 8-K,https://www.sec.gov/Archives/edgar/data/100826/000110465926111420/tm2626189d1_8k.htm,True,
UEPEO,2026-09-28 00:00:00,https://www.sec.gov/Archives/edgar/data/100826/000110465926111420/0001104659-26-111420-index.htm,8-K,FORM 8-K,https://www.sec.gov/Archives/edgar/data/100826/000110465926111420/tm2626189d1_8k.htm,True,
AEE,2026-09-28 00:00:00,https://www.sec.gov/Archives/edgar/data/1002910/000110465926111420/0001104659-26-111420-index.htm,8-K,FORM 8-K,https://www.sec.gov/Archives/edgar/data/100826/000110465926111420/tm2626189d1_8k.htm,True,
None,2026-09-28 00:00:00,https://www.sec.gov/Archives/edgar/data/2066337/000143774926031394/0001437749-26-031394-index.htm,8-K,FORM 8-K,https://www.sec.gov/Archives/edgar/data/2066337/000143774926031394/cnls20260925_8k.htm,False,
ASTSW,2026-09-28 00:00:00,https://www.sec.gov/Archives/edgar/data/1780312/000149315226044647/0001493152-26-044647-index.htm,8-K,8-K,https://www.sec.gov/Archives/edgar/data/1780312/000149315226044647/form8-k.htm,False,
ASTSW,2026-09-28 00:00:00,https://www.sec.gov/Archives/edgar/data/1780312/000149315226044647/0001493152-26-044647-index.htm,EX-10.1,EX-10.1,https://www.sec.gov/Archives/edgar/data/1780312/000149315226044647/ex10-1.htm,False,
ASTS,2026-09-28 00:00:00,https://www.sec.gov/Archives/edgar/data/1780312/000149315226044647/0001493152-26-044647-index.htm,8-K,8-K,https://www.sec.gov/Archives/edgar/data/1780312/000149315226044647/form8-k.htm,False,
ASTS,2026-09-28 00:00:00,https://www.sec.gov/Archives/edgar/data/1780312/000149315226044647/0001493152-26-044647-index.htm,EX-10.1,EX-10.1,https://www.sec.gov/Archives/edgar/data/1780312/000149315226044647/ex10-1.htm,False,
KGS,2026-09-28 00:00:00,https://www.sec.gov/Archives/edgar/data/1767042/000176704226000063/0001767042-26-000063-index.htm,8-K,8-K,https://www.sec.gov/Archives/edgar/data/1767042/000176704226000063/kgs-20260928.htm,False,
NXL,2026-09-28 00:00:00,https://www.sec.gov/Archives/edgar/data/1527352/000182912626010495/0001829126-26-010495-index.htm,8-K,8-K,https://www.sec.gov/Archives/edgar/data/1527352/000182912626010495/nexalintec_8k.htm,False,
NXLIW,2026-09-28 00:00:00,https://www.sec.gov/Archives/edgar/data/1527352/000182912626010495/0001829126-26-010495-index.htm,8-K,8-K,https://www.sec.gov/Archives/edgar/data/1527352/000182912626010495/nexalintec_8k.htm,False,
XLAB,2026-09-28 00:00:00,https://www.sec.gov/Archives/edgar/data/2109869/000182912626010494/0001829126-26-010494-index.htm,8-K,8-K,https://www.sec.gov/Archives/edgar/data/2109869/000182912626010494/exascalelabs_8k.htm,False,
XLAB,2026-09-28 00:00:00,https://www.sec.gov/Archives/edgar/data/2109869/000182912626010494/0001829126-26-010494-index.htm,EX-99.1,EXHIBIT 99.1,https://www.sec.gov/Archives/edgar/data/2109869/000182912626010494/exascalelabs_ex99-1.htm,False,
XLABW,2026-09-28 00:00:00,https://www.sec.gov/Archives/edgar/data/2109869/000182912626010494/0001829126-26-010494-index.htm,8-K,8-K,https://www.sec.gov/Archives/edgar/data/2109869/000182912626010494/exascalelabs_8k.htm,False,
XLABW,2026-09-28 00:00:00,https://www.sec.gov/Archives/edgar/data/2109869/000182912626010494/0001829126-26-010494-index.htm,EX-99.1,EXHIBIT 99.1,https://www.sec.gov/Archives/edgar/data/2109869/000182912626010494/exascalelabs_ex99-1.htm,False,
USPH,2026-09-28 00:00:00,https://www.sec.gov/Archives/edgar/data/885978/000088597826000060/0000885978-26-000060-index.htm,8-K,,https://www.sec.gov/Archives/edgar/data/885978/000088597826000060/form8-k.htm,True,
USPH,2026-09-28 00:00:00,https://www.sec.gov/Archives/edgar/data/885978/000088597826000060/0000885978-26-000060-index.htm,EX-10.1,,https://www.sec.gov/Archives/edgar/data/885978/000088597826000060/ex10-1.htm,False,
USPH,2026-09-28 00:00:00,https://www.sec.gov/Archives/edgar/data/885978/000088597826000060/0000885978-26-000060-index.htm,EX-10.2,,https://www.sec.gov/Archives/edgar/data/885978/000088597826000060/ex10-2.htm,False,
CRVO,2026-09-28 00:00:00,https://www.sec.gov/Archives/edgar/data/1053691/000143774926031389/0001437749-26-031389-index.htm,8-K,FORM 8-K,https://www.sec.gov/Archives/edgar/data/1053691/000143774926031389/crvo20260928_8k.htm,False,
CRVO,2026-09-28 00:00:00,https://www.sec.gov/Archives/edgar/data/1053691/000143774926031389/0001437749-26-031389-index.htm,EX-99.1,EXHIBIT 99.1,https://www.sec.gov/Archives/edgar/data/1053691/000143774926031389/ex_1020412.htm,False,
DFFN,2026-09-28 00:00:00,https://www.sec.gov/Archives/edgar/data/1053691/000143774926031389/0001437749-26-031389-index.htm,8-K,FORM 8-K,https://www.sec.gov/Archives/edgar/data/1053691/000143774926031389/crvo20260928_8k.htm,False,
DFFN,2026-09-28 00:00:00,https://www.sec.gov/Archives/edgar/data/1053691/000143774926031389/0001437749-26-031389-index.htm,EX-99.1,EXHIBIT 99.1,https://www.sec.gov/Archives/edgar/data/1053691/000143774926031389/ex_1020412.htm,False,
PSAC,2026-09-28 00:00:00,https://www.sec.gov/Archives/edgar/data/1805521/000121390026104130/0001213900-26-104130-index.htm,8-K,CURRENT REPORT,https://www.sec.gov/Archives/edgar/data/1805521/000121390026104130/ea0306819-8k_faraday.htm,False,
PSAC,2026-09-28 00:00:00,https://www.sec.gov/Archives/edgar/data/1805521/000121390026104130/0001213900-26-104130-index.htm,EX-99.1,"NON-BINDING TERM SHEET BETWEEN FARADAY FUTURE INTELLIGENT ELECTRIC, INC. AND AIX",https://www.sec.gov/Archives/edgar/data/1805521/000121390026104130/ea030681901ex99-1.htm,False,
PSACU,2026-09-28 00:00:00,https://www.sec.gov/Archives/edgar/data/1805521/000121390026104130/0001213900-26-104130-index.htm,8-K,CURRENT REPORT,https://www.sec.gov/Archives/edgar/data/1805521/000121390026104130/ea0306819-8k_faraday.htm,False,
PSACU,2026-09-28 00:00:00,https://www.sec.gov/Archives/edgar/data/1805521/000121390026104130/0001213900-26-104130-index.htm,EX-99.1,"NON-BINDING TERM SHEET BETWEEN FARADAY FUTURE INTELLIGENT ELECTRIC, INC. AND AIX",https://www.sec.gov/Archives/edgar/data/1805521/000121390026104130/ea030681901ex99-1.htm,False,
FFIE,2026-09-28 00:00:00,https://www.sec.gov/Archives/edgar/data/1805521/000121390026104130/0001213900-26-104130-index.htm,8-K,CURRENT REPORT,https://www.sec.gov/Archives/edgar/data/1805521/000121390026104130/ea0306819-8k_faraday.htm,False,
FFIE,2026-09-28 00:00:00,https://www.sec.gov/Archives/edgar/data/1805521/000121390026104130/0001213900-26-104130-index.htm,EX-99.1,"NON-BINDING TERM SHEET BETWEEN FARADAY FUTURE INTELLIGENT ELECTRIC, INC. AND AIX",https://www.sec.gov/Archives/edgar/data/1805521/000121390026104130/ea030681901ex99-1.htm,False,
FFAI,2026-09-28 00:00:00,https://www.sec.gov/Archives/edgar/data/1805521/000121390026104130/0001213900-26-104130-index.htm,8-K,CURRENT REPORT,https://www.sec.gov/Archives/edgar/data/1805521/000121390026104130/ea0306819-8k_faraday.htm,False,
FFAI,2026-09-28 00:00:00,https://www.sec.gov/Archives/edgar/data/1805521/000121390026104130/0001213900-26-104130-index.htm,EX-99.1,"NON-BINDING TERM SHEET BETWEEN FARADAY FUTURE INTELLIGENT ELECTRIC, INC. AND AIX",https://www.sec.gov/Archives/edgar/data/1805521/000121390026104130/ea030681901ex99-1.htm,False,
FFAIW,2026-09-28 00:00:00,https://www.sec.gov/Archives/edgar/data/1805521/000121390026104130/0001213900-26-104130-index.htm,8-K,CURRENT REPORT,https://www.sec.gov/Archives/edgar/data/1805521/000121390026104130/ea0306819-8k_faraday.htm,False,
FFAIW,2026-09-28 00:00:00,https://www.sec.gov/Archives/edgar/data/1805521/000121390026104130/0001213900-26-104130-index.htm,EX-99.1,"NON-BINDING TERM SHEET BETWEEN FARADAY FUTURE INTELLIGENT ELECTRIC, INC. AND AIX",https://www.sec.gov/Archives/edgar/data/1805521/000121390026104130/ea030681901ex99-1.htm,False,
FFIEW,2026-09-28 00:00:00,https://www.sec.gov/Archives/edgar/data/1805521/000121390026104130/0001213900-26-104130-index.htm,8-K,CURRENT REPORT,https://www.sec.gov/Archives/edgar/data/1805521/000121390026104130/ea0306819-8k_faraday.htm,False,
FFIEW,2026-09-28 00:00:00,https://www.sec.gov/Archives/edgar/data/1805521/000121390026104130/0001213900-26-104130-index.htm,EX-99.1,"NON-BINDING TERM SHEET BETWEEN FARADAY FUTURE INTELLIGENT ELECTRIC, INC. AND AIX",https://www.sec.gov/Archives/edgar/data/1805521/000121390026104130/ea030681901ex99-1.htm,False,
SJT,2026-09-28 00:00:00,https://www.sec.gov/Archives/edgar/data/319655/000119312526405498/0001193125-26-405498-index.htm,8-K,8-K,https://www.sec.gov/Archives/edgar/data/319655/000119312526405498/sjt_-9.28_2026_8-k_ops.htm,False,
SJT,2026-09-28 00:00:00,https://www.sec.gov/Archives/edgar/data/319655/000119312526405498/0001193125-26-405498-index.htm,EX-99.1,EX-99.1,https://www.sec.gov/Archives/edgar/data/319655/000119312526405498/sjt-ex99_1.htm,False,
INBX,2026-09-28 00:00:00,https://www.sec.gov/Archives/edgar/data/2007919/000200791926000050/0002007919-26-000050-index.htm,8-K,8-K,https://www.sec.gov/Archives/edgar/data/2007919/000200791926000050/inhibrx-20260928.htm,False,
INBX,2026-09-28 00:00:00,https://www.sec.gov/Archives/edgar/data/2007919/000200791926000050/0002007919-26-000050-index.htm,EX-99.1,EX-99.1,https://www.sec.gov/Archives/edgar/data/2007919/000200791926000050/inhibrxpresentation_sept.htm,False,
NTHI,2026-09-28 00:00:00,https://www.sec.gov/Archives/edgar/data/1979414/000182912626010493/0001829126-26-010493-index.htm,8-K,8-K,https://www.sec.gov/Archives/edgar/data/1979414/000182912626010493/neonctechnologies_8k.htm,False,
NTHI,2026-09-28 00:00:00,https://www.sec.gov/Archives/edgar/data/1979414/000182912626010493/0001829126-26-010493-index.htm,EX-99.1,EXHIBIT 99.1,https://www.sec.gov/Archives/edgar/data/1979414/000182912626010493/neonctechnologies_ex99-1.htm,False,
AIR,2026-09-28 00:00:00,https://www.sec.gov/Archives/edgar/data/1750/000110465926111403/0001104659-26-111403-index.htm,8-K,FORM 8-K,https://www.sec.gov/Archives/edgar/data/1750/000110465926111403/tm2626100d2_8k.htm,False,
AIR,2026-09-28 00:00:00,https://www.sec.gov/Archives/edgar/data/1750/000110465926111403/0001104659-26-111403-index.htm,EX-99.1,EXHIBIT 99.1,https://www.sec.gov/Archives/edgar/data/1750/000110465926111403/tm2626100d2_ex99-1.htm,True,
RNG,2026-09-28 00:00:00,https://www.sec.gov/Archives/edgar/data/1384905/000138490526000050/0001384905-26-000050-index.htm,8-K,8-K,https://www.sec.gov/Archives/edgar/data/1384905/000138490526000050/rng-20260928.htm,False,
PCB,2026-09-28 00:00:00,https://www.sec.gov/Archives/edgar/data/1423869/000142386926000031/0001423869-26-000031-index.htm,8-K,8-K,https://www.sec.gov/Archives/edgar/data/1423869/000142386926000031/pcb-20260923.htm,False,
PCB,2026-09-28 00:00:00,https://www.sec.gov/Archives/edgar/data/1423869/000142386926000031/0001423869-26-000031-index.htm,EX-99.1,EX-99.1,https://www.sec.gov/Archives/edgar/data/1423869/000142386926000031/pcbpr20260928stockrepurcha.htm,False,
VACI-WT,2026-09-28 00:00:00,https://www.sec.gov/Archives/edgar/data/2080023/000121390026104115/0001213900-26-104115-index.htm,8-K,CURRENT REPORT,https://www.sec.gov/Archives/edgar/data/2080023/000121390026104115/ea0306906-8k425_viking1.htm,False,
VACI-WT,2026-09-28 00:00:00,https://www.sec.gov/Archives/edgar/data/2080023/000121390026104115/0001213900-26-104115-index.htm,EX-99.1,"PRESS RELEASE, DATED SEPTEMBER 28, 2026",https://www.sec.gov/Archives/edgar/data/2080023/000121390026104115/ea030690601ex99-1.htm,False,
VACI-UN,2026-09-28 00:00:00,https://www.sec.gov/Archives/edgar/data/2080023/000121390026104115/0001213900-26-104115-index.htm,8-K,CURRENT REPORT,https://www.sec.gov/Archives/edgar/data/2080023/000121390026104115/ea0306906-8k425_viking1.htm,False,
VACI-UN,2026-09-28 00:00:00,https://www.sec.gov/Archives/edgar/data/2080023/000121390026104115/0001213900-26-104115-index.htm,EX-99.1,"PRESS RELEASE, DATED SEPTEMBER 28, 2026",https://www.sec.gov/Archives/edgar/data/2080023/000121390026104115/ea030690601ex99-1.htm,False,
VACI,2026-09-28 00:00:00,https://www.sec.gov/Archives/edgar/data/2080023/000121390026104115/0001213900-26-104115-index.htm,8-K,CURRENT REPORT,https://www.sec.gov/Archives/edgar/data/2080023/000121390026104115/ea0306906-8k425_viking1.htm,False,
VACI,2026-09-28 00:00:00,https://www.sec.gov/Archives/edgar/data/2080023/000121390026104115/0001213900-26-104115-index.htm,EX-99.1,"PRESS RELEASE, DATED SEPTEMBER 28, 2026",https://www.sec.gov/Archives/edgar/data/2080023/000121390026104115/ea030690601ex99-1.htm,False,
SARO,2026-09-28 00:00:00,https://www.sec.gov/Archives/edgar/data/2025410/000119312526405454/0001193125-26-405454-index.htm,8-K,8-K,https://www.sec.gov/Archives/edgar/data/2025410/000119312526405454/saro-20260928.htm,False,
AZTR,2026-09-28 00:00:00,https://www.sec.gov/Archives/edgar/data/1701478/000149315226044605/0001493152-26-044605-index.htm,8-K,8-K,https://www.sec.gov/Archives/edgar/data/1701478/000149315226044605/form8-k.htm,True,
CAMP,2026-09-28 00:00:00,https://www.sec.gov/Archives/edgar/data/1736730/000162828026063740/0001628280-26-063740-index.htm,8-K,8-K,https://www.sec.gov/Archives/edgar/data/1736730/000162828026063740/camp-20260928.htm,False,
CAMP,2026-09-28 00:00:00,https://www.sec.gov/Archives/edgar/data/1736730/000162828026063740/0001628280-26-063740-index.htm,EX-99.1,EX-99.1,https://www.sec.gov/Archives/edgar/data/1736730/000162828026063740/a202609288-kexhibit991.htm,False,
JSPR,2026-09-28 00:00:00,https://www.sec.gov/Archives/edgar/data/1788028/000121390026104101/0001213900-26-104101-index.htm,8-K,CURRENT REPORT,https://www.sec.gov/Archives/edgar/data/1788028/000121390026104101/ea0306856-8k_jasper.htm,False,
AMHCW,2026-09-28 00:00:00,https://www.sec.gov/Archives/edgar/data/1788028/000121390026104101/0001213900-26-104101-index.htm,8-K,CURRENT REPORT,https://www.sec.gov/Archives/edgar/data/1788028/000121390026104101/ea0306856-8k_jasper.htm,False,
JSPRW,2026-09-28 00:00:00,https://www.sec.gov/Archives/edgar/data/1788028/000121390026104101/0001213900-26-104101-index.htm,8-K,CURRENT REPORT,https://www.sec.gov/Archives/edgar/data/1788028/000121390026104101/ea0306856-8k_jasper.htm,False,
AMHCU,2026-09-28 00:00:00,https://www.sec.gov/Archives/edgar/data/1788028/000121390026104101/0001213900-26-104101-index.htm,8-K,CURRENT REPORT,https://www.sec.gov/Archives/edgar/data/1788028/000121390026104101/ea0306856-8k_jasper.htm,False,
AMHC,2026-09-28 00:00:00,https://www.sec.gov/Archives/edgar/data/1788028/000121390026104101/0001213900-26-104101-index.htm,8-K,CURRENT REPORT,https://www.sec.gov/Archives/edgar/data/1788028/000121390026104101/ea0306856-8k_jasper.htm,False,
RWOD,2026-09-28 00:00:00,https://www.sec.gov/Archives/edgar/data/1907223/000121390026104099/0001213900-26-104099-index.htm,8-K,CURRENT REPORT,https://www.sec.gov/Archives/edgar/data/1907223/000121390026104099/ea0306751-8k_greenland.htm,True,
RWOD,2026-09-28 00:00:00,https://www.sec.gov/Archives/edgar/data/1907223/000121390026104099/0001213900-26-104099-index.htm,EX-10.1,FORM OF SECURITIES PURCHASE AGREEMENT,https://www.sec.gov/Archives/edgar/data/1907223/000121390026104099/ea030675101ex10-1.htm,True,
RWODW,2026-09-28 00:00:00,https://www.sec.gov/Archives/edgar/data/1907223/000121390026104099/0001213900-26-104099-index.htm,8-K,CURRENT REPORT,https://www.sec.gov/Archives/edgar/data/1907223/000121390026104099/ea0306751-8k_greenland.htm,True,
RWODW,2026-09-28 00:00:00,https://www.sec.gov/Archives/edgar/data/1907223/000121390026104099/0001213900-26-104099-index.htm,EX-10.1,FORM OF SECURITIES PURCHASE AGREEMENT,https://www.sec.gov/Archives/edgar/data/1907223/000121390026104099/ea030675101ex10-1.htm,True,
RWODR,2026-09-28 00:00:00,https://www.sec.gov/Archives/edgar/data/1907223/000121390026104099/0001213900-26-104099-index.htm,8-K,CURRENT REPORT,https://www.sec.gov/Archives/edgar/data/1907223/000121390026104099/ea0306751-8k_greenland.htm,True,
RWODR,2026-09-28 00:00:00,https://www.sec.gov/Archives/edgar/data/1907223/000121390026104099/0001213900-26-104099-index.htm,EX-10.1,FORM OF SECURITIES PURCHASE AGREEMENT,https://www.sec.gov/Archives/edgar/data/1907223/000121390026104099/ea030675101ex10-1.htm,True,
RWODU,2026-09-28 00:00:00,https://www.sec.gov/Archives/edgar/data/1907223/000121390026104099/0001213900-26-104099-index.htm,8-K,CURRENT REPORT,https://www.sec.gov/Archives/edgar/data/1907223/000121390026104099/ea0306751-8k_greenland.htm,True,
RWODU,2026-09-28 00:00:00,https://www.sec.gov/Archives/edgar/data/1907223/000121390026104099/0001213900-26-104099-index.htm,EX-10.1,FORM OF SECURITIES PURCHASE AGREEMENT,https://www.sec.gov/Archives/edgar/data/1907223/000121390026104099/ea030675101ex10-1.htm,True,
SBXD-UN,2026-09-28 00:00:00,https://www.sec.gov/Archives/edgar/data/2015947/000110465926111396/0001104659-26-111396-index.htm,8-K,FORM 8-K,https://www.sec.gov/Archives/edgar/data/2015947/000110465926111396/tm2626499d1_8k.htm,False,
SBXD,2026-09-28 00:00:00,https://www.sec.gov/Archives/edgar/data/2015947/000110465926111396/0001104659-26-111396-index.htm,8-K,FORM 8-K,https://www.sec.gov/Archives/edgar/data/2015947/000110465926111396/tm2626499d1_8k.htm,False,
MKC,2026-09-28 00:00:00,https://www.sec.gov/Archives/edgar/data/63754/000006375426000322/0000063754-26-000322-index.htm,8-K,8-K,https://www.sec.gov/Archives/edgar/data/63754/000006375426000322/mkc-20260924.htm,False,
MKC-V,2026-09-28 00:00:00,https://www.sec.gov/Archives/edgar/data/63754/000006375426000322/0000063754-26-000322-index.htm,8-K,8-K,https://www.sec.gov/Archives/edgar/data/63754/000006375426000322/mkc-20260924.htm,False,
KDP,2026-09-28 00:00:00,https://www.sec.gov/Archives/edgar/data/1418135/000141813526000060/0001418135-26-000060-index.htm,8-K,8-K,https://www.sec.gov/Archives/edgar/data/1418135/000141813526000060/kdp-20260928.htm,False,
MWYN,2026-09-28 00:00:00,https://www.sec.gov/Archives/edgar/data/2030522/000121390026104086/0001213900-26-104086-index.htm,8-K,CURRENT REPORT,https://www.sec.gov/Archives/edgar/data/2030522/000121390026104086/ea0306746-8k_marwynn.htm,False,
IDT,2026-09-28 00:00:00,https://www.sec.gov/Archives/edgar/data/1005731/000143774926031364/0001437749-26-031364-index.htm,8-K,FORM 8-K,https://www.sec.gov/Archives/edgar/data/1005731/000143774926031364/idt20260424_8k.htm,False,
IDT,2026-09-28 00:00:00,https://www.sec.gov/Archives/edgar/data/1005731/000143774926031364/0001437749-26-031364-index.htm,EX-99.1,EXHIBIT 99.1,https://www.sec.gov/Archives/edgar/data/1005731/000143774926031364/ex_950508.htm,True,
UNCY,2026-09-28 00:00:00,https://www.sec.gov/Archives/edgar/data/1766140/000121390026104076/0001213900-26-104076-index.htm,8-K,CURRENT REPORT,https://www.sec.gov/Archives/edgar/data/1766140/000121390026104076/ea0306890-8k_unicycive.htm,False,
GANX,2026-09-28 00:00:00,https://www.sec.gov/Archives/edgar/data/1819411/000110465926111391/0001104659-26-111391-index.htm,8-K,FORM 8-K,https://www.sec.gov/Archives/edgar/data/1819411/000110465926111391/tm2626106d1_8k.htm,False,
WTGU,2026-09-28 00:00:00,https://www.sec.gov/Archives/edgar/data/2053927/000182912626010488/0001829126-26-010488-index.htm,8-K,8-K,https://www.sec.gov/Archives/edgar/data/2053927/000182912626010488/wintergreenacq_8k.htm,True,
WTGU,2026-09-28 00:00:00,https://www.sec.gov/Archives/edgar/data/2053927/000182912626010488/0001829126-26-010488-index.htm,EX-10.1,EXHIBIT 10.1,https://www.sec.gov/Archives/edgar/data/2053927/000182912626010488/wintergreenacq_ex10-1.htm,False,
WTGUU,2026-09-28 00:00:00,https://www.sec.gov/Archives/edgar/data/2053927/000182912626010488/0001829126-26-010488-index.htm,8-K,8-K,https://www.sec.gov/Archives/edgar/data/2053927/000182912626010488/wintergreenacq_8k.htm,True,
WTGUU,2026-09-28 00:00:00,https://www.sec.gov/Archives/edgar/data/2053927/000182912626010488/0001829126-26-010488-index.htm,EX-10.1,EXHIBIT 10.1,https://www.sec.gov/Archives/edgar/data/2053927/000182912626010488/wintergreenacq_ex10-1.htm,False,
WTG,2026-09-28 00:00:00,https://www.sec.gov/Archives/edgar/data/2053927/000182912626010488/0001829126-26-010488-index.htm,8-K,8-K,https://www.sec.gov/Archives/edgar/data/2053927/000182912626010488/wintergreenacq_8k.htm,True,
WTG,2026-09-28 00:00:00,https://www.sec.gov/Archives/edgar/data/2053927/000182912626010488/0001829126-26-010488-index.htm,EX-10.1,EXHIBIT 10.1,https://www.sec.gov/Archives/edgar/data/2053927/000182912626010488/wintergreenacq_ex10-1.htm,False,
CMBMF,2026-09-28 00:00:00,https://www.sec.gov/Archives/edgar/data/1738177/000119312526405403/0001193125-26-405403-index.htm,8-K,8-K,https://www.sec.gov/Archives/edgar/data/1738177/000119312526405403/cmbmf-20260922.htm,True,
CMBM,2026-09-28 00:00:00,https://www.sec.gov/Archives/edgar/data/1738177/000119312526405403/0001193125-26-405403-index.htm,8-K,8-K,https://www.sec.gov/Archives/edgar/data/1738177/000119312526405403/cmbmf-20260922.htm,True,
ISBA,2026-09-28 00:00:00,https://www.sec.gov/Archives/edgar/data/842517/000084251726000224/0000842517-26-000224-index.htm,8-K,8-K,https://www.sec.gov/Archives/edgar/data/842517/000084251726000224/isba-20260928.htm,False,
ISBA,2026-09-28 00:00:00,https://www.sec.gov/Archives/edgar/data/842517/000084251726000224/0000842517-26-000224-index.htm,EX-99.1,EX-99.1,https://www.sec.gov/Archives/edgar/data/842517/000084251726000224/isba_grcxelectiondeadlinex.htm,False,
GPK,2026-09-28 00:00:00,https://www.sec.gov/Archives/edgar/data/1408075/000119312526405397/0001193125-26-405397-index.htm,8-K,8-K,https://www.sec.gov/Archives/edgar/data/1408075/000119312526405397/gpk-20260928.htm,False,
GPK,2026-09-28 00:00:00,https://www.sec.gov/Archives/edgar/data/1408075/000119312526405397/0001193125-26-405397-index.htm,EX-99.1,EX-99.1,https://www.sec.gov/Archives/edgar/data/1408075/000119312526405397/gpk-ex99_1.htm,False,
POCI,2026-09-28 00:00:00,https://www.sec.gov/Archives/edgar/data/867840/000168316826007465/0001683168-26-007465-index.htm,8-K,CURRENT REPORT,https://www.sec.gov/Archives/edgar/data/867840/000168316826007465/poci_8k.htm,False,
POCI,2026-09-28 00:00:00,https://www.sec.gov/Archives/edgar/data/867840/000168316826007465/0001683168-26-007465-index.htm,EX-99.1,PRESS RELEASE,https://www.sec.gov/Archives/edgar/data/867840/000168316826007465/poci_ex9901.htm,False,
PEYE,2026-09-28 00:00:00,https://www.sec.gov/Archives/edgar/data/867840/000168316826007465/0001683168-26-007465-index.htm,8-K,CURRENT REPORT,https://www.sec.gov/Archives/edgar/data/867840/000168316826007465/poci_8k.htm,False,
PEYE,2026-09-28 00:00:00,https://www.sec.gov/Archives/edgar/data/867840/000168316826007465/0001683168-26-007465-index.htm,EX-99.1,PRESS RELEASE,https://www.sec.gov/Archives/edgar/data/867840/000168316826007465/poci_ex9901.htm,False,
TDY,2026-09-28 00:00:00,https://www.sec.gov/Archives/edgar/data/1094285/000109428526000050/0001094285-26-000050-index.htm,8-K,8-K,https://www.sec.gov/Archives/edgar/data/1094285/000109428526000050/tdy-20260928.htm,False,
TDY,2026-09-28 00:00:00,https://www.sec.gov/Archives/edgar/data/1094285/000109428526000050/0001094285-26-000050-index.htm,EX-99.1,EX-99.1 PRESS RELEASE 9-28-2026,https://www.sec.gov/Archives/edgar/data/1094285/000109428526000050/a2026pressrelease-vanweesd.htm,False,
PETS,2026-09-28 00:00:00,https://www.sec.gov/Archives/edgar/data/1040130/000104013026000057/0001040130-26-000057-index.htm,8-K,8-K,https://www.sec.gov/Archives/edgar/data/1040130/000104013026000057/pets-20260927.htm,False,
PETS,2026-09-28 00:00:00,https://www.sec.gov/Archives/edgar/data/1040130/000104013026000057/0001040130-26-000057-index.htm,EX-10.1,EX-10.1,https://www.sec.gov/Archives/edgar/data/1040130/000104013026000057/exhibit101pets-2024inducem.htm,False,
KD,2026-09-28 00:00:00,https://www.sec.gov/Archives/edgar/data/1867072/000110465926111380/0001104659-26-111380-index.htm,8-K,FORM 8-K,https://www.sec.gov/Archives/edgar/data/1867072/000110465926111380/tm2626148d1_8k.htm,True,
RCC,2026-09-28 00:00:00,https://www.sec.gov/Archives/edgar/data/1527590/000162828026063725/0001628280-26-063725-index.htm,8-K,8-K,https://www.sec.gov/Archives/edgar/data/1527590/000162828026063725/rc-20260928.htm,False,
RC-PE,2026-09-28 00:00:00,https://www.sec.gov/Archives/edgar/data/1527590/000162828026063725/0001628280-26-063725-index.htm,8-K,8-K,https://www.sec.gov/Archives/edgar/data/1527590/000162828026063725/rc-20260928.htm,False,
RC,2026-09-28 00:00:00,https://www.sec.gov/Archives/edgar/data/1527590/000162828026063725/0001628280-26-063725-index.htm,8-K,8-K,https://www.sec.gov/Archives/edgar/data/1527590/000162828026063725/rc-20260928.htm,False,
RC-PC,2026-09-28 00:00:00,https://www.sec.gov/Archives/edgar/data/1527590/000162828026063725/0001628280-26-063725-index.htm,8-K,8-K,https://www.sec.gov/Archives/edgar/data/1527590/000162828026063725/rc-20260928.htm,False,
RCB,2026-09-28 00:00:00,https://www.sec.gov/Archives/edgar/data/1527590/000162828026063725/0001628280-26-063725-index.htm,8-K,8-K,https://www.sec.gov/Archives/edgar/data/1527590/000162828026063725/rc-20260928.htm,False,
RCA,2026-09-28 00:00:00,https://www.sec.gov/Archives/edgar/data/1527590/000162828026063725/0001628280-26-063725-index.htm,8-K,8-K,https://www.sec.gov/Archives/edgar/data/1527590/000162828026063725/rc-20260928.htm,False,
GENVR,2026-09-28 00:00:00,https://www.sec.gov/Archives/edgar/data/849399/000084939926000071/0000849399-26-000071-index.htm,8-K,8-K,https://www.sec.gov/Archives/edgar/data/849399/000084939926000071/gen-20260928.htm,False,
GEN,2026-09-28 00:00:00,https://www.sec.gov/Archives/edgar/data/849399/000084939926000071/0000849399-26-000071-index.htm,8-K,8-K,https://www.sec.gov/Archives/edgar/data/849399/000084939926000071/gen-20260928.htm,False,
NLOK,2026-09-28 00:00:00,https://www.sec.gov/Archives/edgar/data/849399/000084939926000071/0000849399-26-000071-index.htm,8-K,8-K,https://www.sec.gov/Archives/edgar/data/849399/000084939926000071/gen-20260928.htm,False,
NBIX,2026-09-28 00:00:00,https://www.sec.gov/Archives/edgar/data/914475/000091447526000045/0000914475-26-000045-index.htm,8-K,8-K,https://www.sec.gov/Archives/edgar/data/914475/000091447526000045/nbix-20260925.htm,False,
JEF,2026-09-28 00:00:00,https://www.sec.gov/Archives/edgar/data/96223/000009622326000028/0000096223-26-000028-index.htm,8-K,8-K,https://www.sec.gov/Archives/edgar/data/96223/000009622326000028/jef-20260928.htm,False,
DTK,2026-09-28 00:00:00,https://www.sec.gov/Archives/edgar/data/936340/000093634026000159/0000936340-26-000159-index.htm,8-K,8-K,https://www.sec.gov/Archives/edgar/data/28385/000093634026000159/dte-20260928.htm,False,
DTK,2026-09-28 00:00:00,https://www.sec.gov/Archives/edgar/data/936340/000093634026000159/0000936340-26-000159-index.htm,EX-99.1,EX-99.1,https://www.sec.gov/Archives/edgar/data/28385/000093634026000159/dtebusinessupdate92826fi.htm,False,
DTE,2026-09-28 00:00:00,https://www.sec.gov/Archives/edgar/data/936340/000093634026000159/0000936340-26-000159-index.htm,8-K,8-K,https://www.sec.gov/Archives/edgar/data/28385/000093634026000159/dte-20260928.htm,False,
DTE,2026-09-28 00:00:00,https://www.sec.gov/Archives/edgar/data/936340/000093634026000159/0000936340-26-000159-index.htm,EX-99.1,EX-99.1,https://www.sec.gov/Archives/edgar/data/28385/000093634026000159/dtebusinessupdate92826fi.htm,False,
DTG,2026-09-28 00:00:00,https://www.sec.gov/Archives/edgar/data/936340/000093634026000159/0000936340-26-000159-index.htm,8-K,8-K,https://www.sec.gov/Archives/edgar/data/28385/000093634026000159/dte-20260928.htm,False,
DTG,2026-09-28 00:00:00,https://www.sec.gov/Archives/edgar/data/936340/000093634026000159/0000936340-26-000159-index.htm,EX-99.1,EX-99.1,https://www.sec.gov/Archives/edgar/data/28385/000093634026000159/dtebusinessupdate92826fi.htm,False,
DTW,2026-09-28 00:00:00,https://www.sec.gov/Archives/edgar/data/936340/000093634026000159/0000936340-26-000159-index.htm,8-K,8-K,https://www.sec.gov/Archives/edgar/data/28385/000093634026000159/dte-20260928.htm,False,
DTW,2026-09-28 00:00:00,https://www.sec.gov/Archives/edgar/data/936340/000093634026000159/0000936340-26-000159-index.htm,EX-99.1,EX-99.1,https://www.sec.gov/Archives/edgar/data/28385/000093634026000159/dtebusinessupdate92826fi.htm,False,
DTB,2026-09-28 00:00:00,https://www.sec.gov/Archives/edgar/data/936340/000093634026000159/0000936340-26-000159-index.htm,8-K,8-K,https://www.sec.gov/Archives/edgar/data/28385/000093634026000159/dte-20260928.htm,False,
DTB,2026-09-28 00:00:00,https://www.sec.gov/Archives/edgar/data/936340/000093634026000159/0000936340-26-000159-index.htm,EX-99.1,EX-99.1,https://www.sec.gov/Archives/edgar/data/28385/000093634026000159/dtebusinessupdate92826fi.htm,False,
DTP,2026-09-28 00:00:00,https://www.sec.gov/Archives/edgar/data/936340/000093634026000159/0000936340-26-000159-index.htm,8-K,8-K,https://www.sec.gov/Archives/edgar/data/28385/000093634026000159/dte-20260928.htm,False,
DTP,2026-09-28 00:00:00,https://www.sec.gov/Archives/edgar/data/936340/000093634026000159/0000936340-26-000159-index.htm,EX-99.1,EX-99.1,https://www.sec.gov/Archives/edgar/data/28385/000093634026000159/dtebusinessupdate92826fi.htm,False,
DTJ,2026-09-28 00:00:00,https://www.sec.gov/Archives/edgar/data/936340/000093634026000159/0000936340-26-000159-index.htm,8-K,8-K,https://www.sec.gov/Archives/edgar/data/28385/000093634026000159/dte-20260928.htm,False,
DTJ,2026-09-28 00:00:00,https://www.sec.gov/Archives/edgar/data/936340/000093634026000159/0000936340-26-000159-index.htm,EX-99.1,EX-99.1,https://www.sec.gov/Archives/edgar/data/28385/000093634026000159/dtebusinessupdate92826fi.htm,False,
None,2026-09-28 00:00:00,https://www.sec.gov/Archives/edgar/data/28385/000093634026000159/0000936340-26-000159-index.htm,8-K,8-K,https://www.sec.gov/Archives/edgar/data/28385/000093634026000159/dte-20260928.htm,False,
None,2026-09-28 00:00:00,https://www.sec.gov/Archives/edgar/data/28385/000093634026000159/0000936340-26-000159-index.htm,EX-99.1,EX-99.1,https://www.sec.gov/Archives/edgar/data/28385/000093634026000159/dtebusinessupdate92826fi.htm,False,
EVTVD,2026-09-28 00:00:00,https://www.sec.gov/Archives/edgar/data/1563568/000143774926031349/0001437749-26-031349-index.htm,8-K,FORM 8-K,https://www.sec.gov/Archives/edgar/data/1563568/000143774926031349/adom20260928_8k.htm,True,
EVTVD,2026-09-28 00:00:00,https://www.sec.gov/Archives/edgar/data/1563568/000143774926031349/0001437749-26-031349-index.htm,EX-10.1,EXHIBIT 10.1,https://www.sec.gov/Archives/edgar/data/1563568/000143774926031349/ex_1020170.htm,False,
EVTVD,2026-09-28 00:00:00,https://www.sec.gov/Archives/edgar/data/1563568/000143774926031349/0001437749-26-031349-index.htm,EX-10.2,EXHIBIT 10.2,https://www.sec.gov/Archives/edgar/data/1563568/000143774926031349/ex_1020171.htm,True,
EVTV,2026-09-28 00:00:00,https://www.sec.gov/Archives/edgar/data/1563568/000143774926031349/0001437749-26-031349-index.htm,8-K,FORM 8-K,https://www.sec.gov/Archives/edgar/data/1563568/000143774926031349/adom20260928_8k.htm,True,
EVTV,2026-09-28 00:00:00,https://www.sec.gov/Archives/edgar/data/1563568/000143774926031349/0001437749-26-031349-index.htm,EX-10.1,EXHIBIT 10.1,https://www.sec.gov/Archives/edgar/data/1563568/000143774926031349/ex_1020170.htm,False,
EVTV,2026-09-28 00:00:00,https://www.sec.gov/Archives/edgar/data/1563568/000143774926031349/0001437749-26-031349-index.htm,EX-10.2,EXHIBIT 10.2,https://www.sec.gov/Archives/edgar/data/1563568/000143774926031349/ex_1020171.htm,True,
ADOM,2026-09-28 00:00:00,https://www.sec.gov/Archives/edgar/data/1563568/000143774926031349/0001437749-26-031349-index.htm,8-K,FORM 8-K,https://www.sec.gov/Archives/edgar/data/1563568/000143774926031349/adom20260928_8k.htm,True,
ADOM,2026-09-28 00:00:00,https://www.sec.gov/Archives/edgar/data/1563568/000143774926031349/0001437749-26-031349-index.htm,EX-10.1,EXHIBIT 10.1,https://www.sec.gov/Archives/edgar/data/1563568/000143774926031349/ex_1020170.htm,False,
ADOM,2026-09-28 00:00:00,https://www.sec.gov/Archives/edgar/data/1563568/000143774926031349/0001437749-26-031349-index.htm,EX-10.2,EXHIBIT 10.2,https://www.sec.gov/Archives/edgar/data/1563568/000143774926031349/ex_1020171.htm,True,
None,2026-09-28 00:00:00,https://www.sec.gov/Archives/edgar/data/1755755/000143774926031348/0001437749-26-031348-index.htm,8-K,FORM 8-K,https://www.sec.gov/Archives/edgar/data/1755755/000143774926031348/vhti20260928_8k.htm,True,
None,2026-09-28 00:00:00,https://www.sec.gov/Archives/edgar/data/1755755/000143774926031348/0001437749-26-031348-index.htm,EX-10.1,EXHIBIT 10.1,https://www.sec.gov/Archives/edgar/data/1755755/000143774926031348/ex_1020242.htm,True,
PBHC,2026-09-28 00:00:00,https://www.sec.gov/Archives/edgar/data/1609065/000119312526405354/0001193125-26-405354-index.htm,8-K,8-K,https://www.sec.gov/Archives/edgar/data/1609065/000119312526405354/pbhc-20260928.htm,False,
PBHC,2026-09-28 00:00:00,https://www.sec.gov/Archives/edgar/data/1609065/000119312526405354/0001193125-26-405354-index.htm,EX-99.1,EX-99.1,https://www.sec.gov/Archives/edgar/data/1609065/000119312526405354/pbhc-ex99_1.htm,False,
AMD,2026-09-28 00:00:00,https://www.sec.gov/Archives/edgar/data/2488/000000248826000182/0000002488-26-000182-index.htm,8-K,8-K,https://www.sec.gov/Archives/edgar/data/2488/000000248826000182/amd-20260926.htm,False,
ASAN,2026-09-28 00:00:00,https://www.sec.gov/Archives/edgar/data/1477720/000162828026063720/0001628280-26-063720-index.htm,8-K,8-K,https://www.sec.gov/Archives/edgar/data/1477720/000162828026063720/asan-20260925.htm,False,
ASAN,2026-09-28 00:00:00,https://www.sec.gov/Archives/edgar/data/1477720/000162828026063720/0001628280-26-063720-index.htm,EX-99.1,EX-99.1,https://www.sec.gov/Archives/edgar/data/1477720/000162828026063720/exhibit991pressrelease-asa.htm,False,
HAIN,2026-09-28 00:00:00,https://www.sec.gov/Archives/edgar/data/910406/000119312526405350/0001193125-26-405350-index.htm,8-K,8-K,https://www.sec.gov/Archives/edgar/data/910406/000119312526405350/hain-20260922.htm,False,
WKHS,2026-09-28 00:00:00,https://www.sec.gov/Archives/edgar/data/1425287/000162828026063719/0001628280-26-063719-index.htm,8-K,8-K,https://www.sec.gov/Archives/edgar/data/1425287/000162828026063719/wkhs-20260922.htm,False,
WKHS,2026-09-28 00:00:00,https://www.sec.gov/Archives/edgar/data/1425287/000162828026063719/0001628280-26-063719-index.htm,EX-10.1,EX-10.1,https://www.sec.gov/Archives/edgar/data/1425287/000162828026063719/ex101workhorse-valuecreati.htm,False,
WKHS,2026-09-28 00:00:00,https://www.sec.gov/Archives/edgar/data/1425287/000162828026063719/0001628280-26-063719-index.htm,EX-10.2,EX-10.2,https://www.sec.gov/Archives/edgar/data/1425287/000162828026063719/ex102workhorse-awardnotice.htm,False,
KAR,2026-09-28 00:00:00,https://www.sec.gov/Archives/edgar/data/1395942/000139594226000033/0001395942-26-000033-index.htm,8-K,FORM 8-K - SECURITIZATION AMENDMENTS,https://www.sec.gov/Archives/edgar/data/1395942/000139594226000033/opln-20260925.htm,True,
OPLN,2026-09-28 00:00:00,https://www.sec.gov/Archives/edgar/data/1395942/000139594226000033/0001395942-26-000033-index.htm,8-K,FORM 8-K - SECURITIZATION AMENDMENTS,https://www.sec.gov/Archives/edgar/data/1395942/000139594226000033/opln-20260925.htm,True,
PRKR,2026-09-28 00:00:00,https://www.sec.gov/Archives/edgar/data/914139/000143774926031339/0001437749-26-031339-index.htm,8-K,FORM 8-K,https://www.sec.gov/Archives/edgar/data/914139/000143774926031339/prkr20260925_8k.htm,False,
None,2026-09-28 00:00:00,https://www.sec.gov/Archives/edgar/data/2027033/000110465926111361/0001104659-26-111361-index.htm,8-K,FORM 8-K,https://www.sec.gov/Archives/edgar/data/2027033/000110465926111361/tm2626487d1_8k.htm,False,
PEBO,2026-09-28 00:00:00,https://www.sec.gov/Archives/edgar/data/318300/000031830026000202/0000318300-26-000202-index.htm,8-K,8-K,https://www.sec.gov/Archives/edgar/data/318300/000031830026000202/pebo-20260928.htm,False,
KMB,2026-09-28 00:00:00,https://www.sec.gov/Archives/edgar/data/55785/000110465926111354/0001104659-26-111354-index.htm,8-K,FORM 8-K,https://www.sec.gov/Archives/edgar/data/55785/000110465926111354/tm2625576d1_8k.htm,False,
KMB,2026-09-28 00:00:00,https://www.sec.gov/Archives/edgar/data/55785/000110465926111354/0001104659-26-111354-index.htm,EX-99.1,EXHIBIT 99.1,https://www.sec.gov/Archives/edgar/data/55785/000110465926111354/tm2625576d1_ex99-1.htm,False,
VOYG,2026-09-28 00:00:00,https://www.sec.gov/Archives/edgar/data/1788060/000162828026063717/0001628280-26-063717-index.htm,8-K,8-K,https://www.sec.gov/Archives/edgar/data/1788060/000162828026063717/voyg-20260922.htm,True,
VOYG,2026-09-28 00:00:00,https://www.sec.gov/Archives/edgar/data/1788060/000162828026063717/0001628280-26-063717-index.htm,EX-10.1,EX-10.1,https://www.sec.gov/Archives/edgar/data/1788060/000162828026063717/ex101-cappedcall.htm,False,
VOYG,2026-09-28 00:00:00,https://www.sec.gov/Archives/edgar/data/1788060/000162828026063717/0001628280-26-063717-index.htm,EX-10.2,EX-10.2,https://www.sec.gov/Archives/edgar/data/1788060/000162828026063717/ex102-fifthamendment.htm,True,
VOYG,2026-09-28 00:00:00,https://www.sec.gov/Archives/edgar/data/1788060/000162828026063717/0001628280-26-063717-index.htm,EX-99.1,EX-99.1,https://www.sec.gov/Archives/edgar/data/1788060/000162828026063717/ex991-pressrelease922.htm,False,
MTN,2026-09-28 00:00:00,https://www.sec.gov/Archives/edgar/data/812011/000081201126000048/0000812011-26-000048-index.htm,8-K,8-K,https://www.sec.gov/Archives/edgar/data/812011/000081201126000048/mtn-20260928.htm,False,
MTN,2026-09-28 00:00:00,https://www.sec.gov/Archives/edgar/data/812011/000081201126000048/0000812011-26-000048-index.htm,EX-99.1,"PRESS RELEASE, DATED SEPTEMBER 28, 2026",https://www.sec.gov/Archives/edgar/data/812011/000081201126000048/a20260731pressrelease.htm,False,
EMISR,2026-09-28 00:00:00,https://www.sec.gov/Archives/edgar/data/2075816/000121390026104036/0001213900-26-104036-index.htm,8-K,CURRENT REPORT,https://www.sec.gov/Archives/edgar/data/2075816/000121390026104036/ea0306884-8k_emmis.htm,False,
EMIS,2026-09-28 00:00:00,https://www.sec.gov/Archives/edgar/data/2075816/000121390026104036/0001213900-26-104036-index.htm,8-K,CURRENT REPORT,https://www.sec.gov/Archives/edgar/data/2075816/000121390026104036/ea0306884-8k_emmis.htm,False,
MNOV,2026-09-28 00:00:00,https://www.sec.gov/Archives/edgar/data/1226616/000119312526405318/0001193125-26-405318-index.htm,8-K,8-K,https://www.sec.gov/Archives/edgar/data/1226616/000119312526405318/d120345d8k.htm,True,
MLND,2026-09-28 00:00:00,https://www.sec.gov/Archives/edgar/data/1544227/000121390026104034/0001213900-26-104034-index.htm,8-K,CURRENT REPORT,https://www.sec.gov/Archives/edgar/data/1544227/000121390026104034/ea0306741-8k_tempest.htm,True,
MLND,2026-09-28 00:00:00,https://www.sec.gov/Archives/edgar/data/1544227/000121390026104034/0001213900-26-104034-index.htm,EX-10.1,"MASTER SERVICES AGREEMENT, DATED SEPTEMBER 22, 2026, BETWEEN FACTOR BIOSCIENCE I",https://www.sec.gov/Archives/edgar/data/1544227/000121390026104034/ea030674101ex10-1.htm,False,
MLND,2026-09-28 00:00:00,https://www.sec.gov/Archives/edgar/data/1544227/000121390026104034/0001213900-26-104034-index.htm,EX-99.1,"PRESS RELEASE, DATED SEPTEMBER 23, 2026, FURNISHED HEREWITH",https://www.sec.gov/Archives/edgar/data/1544227/000121390026104034/ea030674101ex99-1.htm,False,
TPST,2026-09-28 00:00:00,https://www.sec.gov/Archives/edgar/data/1544227/000121390026104034/0001213900-26-104034-index.htm,8-K,CURRENT REPORT,https://www.sec.gov/Archives/edgar/data/1544227/000121390026104034/ea0306741-8k_tempest.htm,True,
TPST,2026-09-28 00:00:00,https://www.sec.gov/Archives/edgar/data/1544227/000121390026104034/0001213900-26-104034-index.htm,EX-10.1,"MASTER SERVICES AGREEMENT, DATED SEPTEMBER 22, 2026, BETWEEN FACTOR BIOSCIENCE I",https://www.sec.gov/Archives/edgar/data/1544227/000121390026104034/ea030674101ex10-1.htm,False,
TPST,2026-09-28 00:00:00,https://www.sec.gov/Archives/edgar/data/1544227/000121390026104034/0001213900-26-104034-index.htm,EX-99.1,"PRESS RELEASE, DATED SEPTEMBER 23, 2026, FURNISHED HEREWITH",https://www.sec.gov/Archives/edgar/data/1544227/000121390026104034/ea030674101ex99-1.htm,False,
BZH,2026-09-28 00:00:00,https://www.sec.gov/Archives/edgar/data/915840/000110465926111345/0001104659-26-111345-index.htm,8-K,FORM 8-K,https://www.sec.gov/Archives/edgar/data/915840/000110465926111345/tm2622398d17_8k.htm,False,
SKIN,2026-09-28 00:00:00,https://www.sec.gov/Archives/edgar/data/1818093/000162828026063712/0001628280-26-063712-index.htm,8-K,8-K,https://www.sec.gov/Archives/edgar/data/1818093/000162828026063712/skin-20260922.htm,False,
AHACU,2026-09-28 00:00:00,https://www.sec.gov/Archives/edgar/data/1818382/000181838226000011/0001818382-26-000011-index.htm,8-K,8-K,https://www.sec.gov/Archives/edgar/data/1818382/000181838226000011/huma-20260922.htm,False,
AHACU,2026-09-28 00:00:00,https://www.sec.gov/Archives/edgar/data/1818382/000181838226000011/0001818382-26-000011-index.htm,EX-99.1,EX-99.1,https://www.sec.gov/Archives/edgar/data/1818382/000181838226000011/huma-ex99_1.htm,False,
HUMA,2026-09-28 00:00:00,https://www.sec.gov/Archives/edgar/data/1818382/000181838226000011/0001818382-26-000011-index.htm,8-K,8-K,https://www.sec.gov/Archives/edgar/data/1818382/000181838226000011/huma-20260922.htm,False,
HUMA,2026-09-28 00:00:00,https://www.sec.gov/Archives/edgar/data/1818382/000181838226000011/0001818382-26-000011-index.htm,EX-99.1,EX-99.1,https://www.sec.gov/Archives/edgar/data/1818382/000181838226000011/huma-ex99_1.htm,False,
ADEA,2026-09-28 00:00:00,https://www.sec.gov/Archives/edgar/data/1803696/000119312526405315/0001193125-26-405315-index.htm,8-K,8-K,https://www.sec.gov/Archives/edgar/data/1803696/000119312526405315/adea-20260928.htm,False,
ADEA,2026-09-28 00:00:00,https://www.sec.gov/Archives/edgar/data/1803696/000119312526405315/0001193125-26-405315-index.htm,EX-99.1,EX-99.1,https://www.sec.gov/Archives/edgar/data/1803696/000119312526405315/adea-ex99_1.htm,False,
XPER,2026-09-28 00:00:00,https://www.sec.gov/Archives/edgar/data/1803696/000119312526405315/0001193125-26-405315-index.htm,8-K,8-K,https://www.sec.gov/Archives/edgar/data/1803696/000119312526405315/adea-20260928.htm,False,
XPER,2026-09-28 00:00:00,https://www.sec.gov/Archives/edgar/data/1803696/000119312526405315/0001193125-26-405315-index.htm,EX-99.1,EX-99.1,https://www.sec.gov/Archives/edgar/data/1803696/000119312526405315/adea-ex99_1.htm,False,
AHAC,2026-09-28 00:00:00,https://www.sec.gov/Archives/edgar/data/1818382/000181838226000011/0001818382-26-000011-index.htm,8-K,8-K,https://www.sec.gov/Archives/edgar/data/1818382/000181838226000011/huma-20260922.htm,False,
AHAC,2026-09-28 00:00:00,https://www.sec.gov/Archives/edgar/data/1818382/000181838226000011/0001818382-26-000011-index.htm,EX-99.1,EX-99.1,https://www.sec.gov/Archives/edgar/data/1818382/000181838226000011/huma-ex99_1.htm,False,
HUMAW,2026-09-28 00:00:00,https://www.sec.gov/Archives/edgar/data/1818382/000181838226000011/0001818382-26-000011-index.htm,8-K,8-K,https://www.sec.gov/Archives/edgar/data/1818382/000181838226000011/huma-20260922.htm,False,
HUMAW,2026-09-28 00:00:00,https://www.sec.gov/Archives/edgar/data/1818382/000181838226000011/0001818382-26-000011-index.htm,EX-99.1,EX-99.1,https://www.sec.gov/Archives/edgar/data/1818382/000181838226000011/huma-ex99_1.htm,False,
GTAO,2026-09-28 00:00:00,https://www.sec.gov/Archives/edgar/data/2029297/000119312526405311/0001193125-26-405311-index.htm,8-K,8-K,https://www.sec.gov/Archives/edgar/data/2029297/000119312526405311/gtao-20260923.htm,False,
IQST,2026-09-28 00:00:00,https://www.sec.gov/Archives/edgar/data/1527702/000166357726000309/0001663577-26-000309-index.htm,8-K,FORM 8-K,https://www.sec.gov/Archives/edgar/data/1527702/000166357726000309/iqst8k092826.htm,True,
IQST,2026-09-28 00:00:00,https://www.sec.gov/Archives/edgar/data/1527702/000166357726000309/0001663577-26-000309-index.htm,EX-10.1,"FIRST AMENDMENT TO UNIT PURCHASE AGREEMENT AND SECURED PROMISSORY NOTE, DATED SE",https://www.sec.gov/Archives/edgar/data/1527702/000166357726000309/ex10_1.htm,False,
IQST,2026-09-28 00:00:00,https://www.sec.gov/Archives/edgar/data/1527702/000166357726000309/0001663577-26-000309-index.htm,EX-99.1,"PRESS RELEASE, DATED SEPTEMBER 18, 2026",https://www.sec.gov/Archives/edgar/data/1527702/000166357726000309/ex99_1.htm,False,
PHIO,2026-09-28 00:00:00,https://www.sec.gov/Archives/edgar/data/1533040/000143774926031337/0001437749-26-031337-index.htm,8-K,FORM 8-K,https://www.sec.gov/Archives/edgar/data/1533040/000143774926031337/phio20260916_8k.htm,False,
PHIO,2026-09-28 00:00:00,https://www.sec.gov/Archives/edgar/data/1533040/000143774926031337/0001437749-26-031337-index.htm,EX-10.1,EXHIBIT 10.1,https://www.sec.gov/Archives/edgar/data/1533040/000143774926031337/ex_1017795.htm,False,
PHIOW,2026-09-28 00:00:00,https://www.sec.gov/Archives/edgar/data/1533040/000143774926031337/0001437749-26-031337-index.htm,8-K,FORM 8-K,https://www.sec.gov/Archives/edgar/data/1533040/000143774926031337/phio20260916_8k.htm,False,
PHIOW,2026-09-28 00:00:00,https://www.sec.gov/Archives/edgar/data/1533040/000143774926031337/0001437749-26-031337-index.htm,EX-10.1,EXHIBIT 10.1,https://www.sec.gov/Archives/edgar/data/1533040/000143774926031337/ex_1017795.htm,False,
GOSS,2026-09-28 00:00:00,https://www.sec.gov/Archives/edgar/data/1728117/000172811726000106/0001728117-26-000106-index.htm,8-K,8-K,https://www.sec.gov/Archives/edgar/data/1728117/000172811726000106/goss-20260925.htm,False,
PARR,2026-09-28 00:00:00,https://www.sec.gov/Archives/edgar/data/821483/000143774926031335/0001437749-26-031335-index.htm,8-K,FORM 8-K,https://www.sec.gov/Archives/edgar/data/821483/000143774926031335/parr20260928_8k.htm,False,
PARR,2026-09-28 00:00:00,https://www.sec.gov/Archives/edgar/data/821483/000143774926031335/0001437749-26-031335-index.htm,EX-99.1,EXHIBIT 99.1,https://www.sec.gov/Archives/edgar/data/821483/000143774926031335/ex_1020279_source.htm,False,
None,2026-09-28 00:00:00,https://www.sec.gov/Archives/edgar/data/1802369/000119312526405297/0001193125-26-405297-index.htm,8-K,8-K,https://www.sec.gov/Archives/edgar/data/1802369/000119312526405297/d186630d8k.htm,False,
SCYX,2026-09-28 00:00:00,https://www.sec.gov/Archives/edgar/data/1178253/000117825326000037/0001178253-26-000037-index.htm,8-K,8-K,https://www.sec.gov/Archives/edgar/data/1178253/000117825326000037/scyx-20260925.htm,True,
SCYX,2026-09-28 00:00:00,https://www.sec.gov/Archives/edgar/data/1178253/000117825326000037/0001178253-26-000037-index.htm,EX-99.1,EX-99.1,https://www.sec.gov/Archives/edgar/data/1178253/000117825326000037/scyx-ex99_1.htm,False,
AROC,2026-09-28 00:00:00,https://www.sec.gov/Archives/edgar/data/1389050/000138905026000034/0001389050-26-000034-index.htm,8-K,8-K,https://www.sec.gov/Archives/edgar/data/1389050/000138905026000034/aroc-20260923x8k.htm,False,
FMBM,2026-09-28 00:00:00,https://www.sec.gov/Archives/edgar/data/740806/000165495426008611/0001654954-26-008611-index.htm,8-K,FORM 8-K,https://www.sec.gov/Archives/edgar/data/740806/000165495426008611/fmbm_8k.htm,False,
FMBM,2026-09-28 00:00:00,https://www.sec.gov/Archives/edgar/data/740806/000165495426008611/0001654954-26-008611-index.htm,EX-10.1,AMENDMENT NO. 2,https://www.sec.gov/Archives/edgar/data/740806/000165495426008611/fmbm_ex101.htm,False,
FMBM,2026-09-28 00:00:00,https://www.sec.gov/Archives/edgar/data/740806/000165495426008611/0001654954-26-008611-index.htm,EX-10.2,AMENDMENT NO. 1,https://www.sec.gov/Archives/edgar/data/740806/000165495426008611/fmbm_ex102.htm,False,
MTB,2026-09-28 00:00:00,https://www.sec.gov/Archives/edgar/data/36270/000003627026000054/0000036270-26-000054-index.htm,8-K,8-K,https://www.sec.gov/Archives/edgar/data/36270/000003627026000054/mbt-20260928.htm,False,
MTB,2026-09-28 00:00:00,https://www.sec.gov/Archives/edgar/data/36270/000003627026000054/0000036270-26-000054-index.htm,EX-99.1,EX-99.1,https://www.sec.gov/Archives/edgar/data/36270/000003627026000054/ex991historicalfinancialin.htm,False,
MTB-PJ,2026-09-28 00:00:00,https://www.sec.gov/Archives/edgar/data/36270/000003627026000054/0000036270-26-000054-index.htm,8-K,8-K,https://www.sec.gov/Archives/edgar/data/36270/000003627026000054/mbt-20260928.htm,False,
MTB-PJ,2026-09-28 00:00:00,https://www.sec.gov/Archives/edgar/data/36270/000003627026000054/0000036270-26-000054-index.htm,EX-99.1,EX-99.1,https://www.sec.gov/Archives/edgar/data/36270/000003627026000054/ex991historicalfinancialin.htm,False,
MTB-PH,2026-09-28 00:00:00,https://www.sec.gov/Archives/edgar/data/36270/000003627026000054/0000036270-26-000054-index.htm,8-K,8-K,https://www.sec.gov/Archives/edgar/data/36270/000003627026000054/mbt-20260928.htm,False,
MTB-PH,2026-09-28 00:00:00,https://www.sec.gov/Archives/edgar/data/36270/000003627026000054/0000036270-26-000054-index.htm,EX-99.1,EX-99.1,https://www.sec.gov/Archives/edgar/data/36270/000003627026000054/ex991historicalfinancialin.htm,False,
None,2026-09-28 00:00:00,https://www.sec.gov/Archives/edgar/data/2035713/000162828026063700/0001628280-26-063700-index.htm,8-K,8-K,https://www.sec.gov/Archives/edgar/data/2035713/000162828026063700/cls-20260925.htm,False,
None,2026-09-28 00:00:00,https://www.sec.gov/Archives/edgar/data/1129987/000110465926111289/0001104659-26-111289-index.htm,8-K,FORM 8-K,https://www.sec.gov/Archives/edgar/data/1129987/000110465926111289/tm2625316d10_8k.htm,False,
None,2026-09-28 00:00:00,https://www.sec.gov/Archives/edgar/data/2152109/000110465926111289/0001104659-26-111289-index.htm,8-K,FORM 8-K,https://www.sec.gov/Archives/edgar/data/1129987/000110465926111289/tm2625316d10_8k.htm,False,
None,2026-09-28 00:00:00,https://www.sec.gov/Archives/edgar/data/1128250/000092963826003645/0000929638-26-003645-index.htm,8-K,,https://www.sec.gov/Archives/edgar/data/936988/000092963826003645/a8k.htm,False,
None,2026-09-28 00:00:00,https://www.sec.gov/Archives/edgar/data/1128250/000092963826003645/0000929638-26-003645-index.htm,EX-99.1,ANNEX I: THE MASTER TRUST II PORTFOLIO,https://www.sec.gov/Archives/edgar/data/936988/000092963826003645/exhibit99-1.htm,False,
None,2026-09-28 00:00:00,https://www.sec.gov/Archives/edgar/data/1370238/000092963826003645/0000929638-26-003645-index.htm,8-K,,https://www.sec.gov/Archives/edgar/data/936988/000092963826003645/a8k.htm,False,
None,2026-09-28 00:00:00,https://www.sec.gov/Archives/edgar/data/1370238/000092963826003645/0000929638-26-003645-index.htm,EX-99.1,ANNEX I: THE MASTER TRUST II PORTFOLIO,https://www.sec.gov/Archives/edgar/data/936988/000092963826003645/exhibit99-1.htm,False,
None,2026-09-28 00:00:00,https://www.sec.gov/Archives/edgar/data/936988/000092963826003645/0000929638-26-003645-index.htm,8-K,,https://www.sec.gov/Archives/edgar/data/936988/000092963826003645/a8k.htm,False,
None,2026-09-28 00:00:00,https://www.sec.gov/Archives/edgar/data/936988/000092963826003645/0000929638-26-003645-index.htm,EX-99.1,ANNEX I: THE MASTER TRUST II PORTFOLIO,https://www.sec.gov/Archives/edgar/data/936988/000092963826003645/exhibit99-1.htm,False,
HEOL,2026-09-28 00:00:00,https://www.sec.gov/Archives/edgar/data/1371451/000162828026063690/0001628280-26-063690-index.htm,8-K,8-K,https://www.sec.gov/Archives/edgar/data/1371451/000162828026063690/highwater-20260923.htm,False,
HEOL,2026-09-28 00:00:00,https://www.sec.gov/Archives/edgar/data/1371451/000162828026063690/0001628280-26-063690-index.htm,EX-10.1,EX-10.1,https://www.sec.gov/Archives/edgar/data/1371451/000162828026063690/amendedandrestatedhighwa.htm,False,
MGLD,2026-09-28 00:00:00,https://www.sec.gov/Archives/edgar/data/1005101/000149315226044491/0001493152-26-044491-index.htm,8-K,8-K,https://www.sec.gov/Archives/edgar/data/1005101/000149315226044491/form8-k.htm,True,
MGLD,2026-09-28 00:00:00,https://www.sec.gov/Archives/edgar/data/1005101/000149315226044491/0001493152-26-044491-index.htm,EX-10.1,EX-10.1,https://www.sec.gov/Archives/edgar/data/1005101/000149315226044491/ex10-1.htm,False,
MGLD,2026-09-28 00:00:00,https://www.sec.gov/Archives/edgar/data/1005101/000149315226044491/0001493152-26-044491-index.htm,EX-99.1,EX-99.1,https://www.sec.gov/Archives/edgar/data/1005101/000149315226044491/ex99-1.htm,False,
FRD,2026-09-28 00:00:00,https://www.sec.gov/Archives/edgar/data/39092/000143774926031305/0001437749-26-031305-index.htm,8-K,FORM 8-K,https://www.sec.gov/Archives/edgar/data/39092/000143774926031305/frd20260928_8k.htm,False,
None,2026-09-28 00:00:00,https://www.sec.gov/Archives/edgar/data/2037804/000158064226006536/0001580642-26-006536-index.htm,8-K,8-K,https://www.sec.gov/Archives/edgar/data/2037804/000158064226006536/newcred8k.htm,False,
None,2026-09-28 00:00:00,https://www.sec.gov/Archives/edgar/data/1259380/000119312526404717/0001193125-26-404717-index.htm,8-K,8-K,https://www.sec.gov/Archives/edgar/data/1259380/000119312526404717/d337070d8k.htm,False,
None,2026-09-28 00:00:00,https://www.sec.gov/Archives/edgar/data/1259380/000119312526404717/0001193125-26-404717-index.htm,EX-99.1,EX-99.1,https://www.sec.gov/Archives/edgar/data/1259380/000119312526404717/d337070dex991.htm,False,
None,2026-09-28 00:00:00,https://www.sec.gov/Archives/edgar/data/2150707/000119312526404717/0001193125-26-404717-index.htm,8-K,8-K,https://www.sec.gov/Archives/edgar/data/1259380/000119312526404717/d337070d8k.htm,False,
None,2026-09-28 00:00:00,https://www.sec.gov/Archives/edgar/data/2150707/000119312526404717/0001193125-26-404717-index.htm,EX-99.1,EX-99.1,https://www.sec.gov/Archives/edgar/data/1259380/000119312526404717/d337070dex991.htm,False,
CCB,2026-09-28 00:00:00,https://www.sec.gov/Archives/edgar/data/1437958/000143795826000065/0001437958-26-000065-index.htm,8-K,8-K,https://www.sec.gov/Archives/edgar/data/1437958/000143795826000065/ck1437958-20260928.htm,False,
CV,2026-09-28 00:00:00,https://www.sec.gov/Archives/edgar/data/1378325/000137832526000045/0001378325-26-000045-index.htm,8-K,8-K,https://www.sec.gov/Archives/edgar/data/1378325/000137832526000045/cv-20260925.htm,False,
CV,2026-09-28 00:00:00,https://www.sec.gov/Archives/edgar/data/1378325/000137832526000045/0001378325-26-000045-index.htm,EX-99.1,EX-99.1,https://www.sec.gov/Archives/edgar/data/1378325/000137832526000045/cv-20260928xex991.htm,False,
GLD,2026-09-28 00:00:00,https://www.sec.gov/Archives/edgar/data/1222333/000143774926031296/0001437749-26-031296-index.htm,8-K,FORM 8-K,https://www.sec.gov/Archives/edgar/data/1222333/000143774926031296/gld20260911_8k.htm,False,
GLDM,2026-09-28 00:00:00,https://www.sec.gov/Archives/edgar/data/1618181/000143774926031293/0001437749-26-031293-index.htm,8-K,FORM 8-K,https://www.sec.gov/Archives/edgar/data/1618181/000143774926031293/gldm20260911_8k.htm,False,
GLDW,2026-09-28 00:00:00,https://www.sec.gov/Archives/edgar/data/1618181/000143774926031293/0001437749-26-031293-index.htm,8-K,FORM 8-K,https://www.sec.gov/Archives/edgar/data/1618181/000143774926031293/gldm20260911_8k.htm,False,
POR,2026-09-28 00:00:00,https://www.sec.gov/Archives/edgar/data/784977/000119312526404006/0001193125-26-404006-index.htm,8-K,8-K,https://www.sec.gov/Archives/edgar/data/784977/000119312526404006/por-20260925.htm,False,
None,2026-09-28 00:00:00,https://www.sec.gov/Archives/edgar/data/2153522/000092963826003642/0000929638-26-003642-index.htm,8-K,CURRENT REPORT,https://www.sec.gov/Archives/edgar/data/1654238/000092963826003642/esart2026-2_8k.htm,True,
None,2026-09-28 00:00:00,https://www.sec.gov/Archives/edgar/data/2153522/000092963826003642/0000929638-26-003642-index.htm,EX-10.1,PURCHASE AGREEMENT,https://www.sec.gov/Archives/edgar/data/1654238/000092963826003642/exhibit10-1.htm,True,
None,2026-09-28 00:00:00,https://www.sec.gov/Archives/edgar/data/2153522/000092963826003642/0000929638-26-003642-index.htm,EX-10.2,CONTRIBUTION AGREEMENT,https://www.sec.gov/Archives/edgar/data/1654238/000092963826003642/exhibit10-2.htm,True,
None,2026-09-28 00:00:00,https://www.sec.gov/Archives/edgar/data/1654238/000092963826003642/0000929638-26-003642-index.htm,8-K,CURRENT REPORT,https://www.sec.gov/Archives/edgar/data/1654238/000092963826003642/esart2026-2_8k.htm,True,
None,2026-09-28 00:00:00,https://www.sec.gov/Archives/edgar/data/1654238/000092963826003642/0000929638-26-003642-index.htm,EX-10.1,PURCHASE AGREEMENT,https://www.sec.gov/Archives/edgar/data/1654238/000092963826003642/exhibit10-1.htm,True,
None,2026-09-28 00:00:00,https://www.sec.gov/Archives/edgar/data/1654238/000092963826003642/0000929638-26-003642-index.htm,EX-10.2,CONTRIBUTION AGREEMENT,https://www.sec.gov/Archives/edgar/data/1654238/000092963826003642/exhibit10-2.htm,True,
None,2026-09-28 00:00:00,https://www.sec.gov/Archives/edgar/data/2153522/000092963826003641/0000929638-26-003641-index.htm,8-K,CURRENT REPORT,https://www.sec.gov/Archives/edgar/data/1654238/000092963826003641/esart2026-2_8k.htm,False,
None,2026-09-28 00:00:00,https://www.sec.gov/Archives/edgar/data/1654238/000092963826003641/0000929638-26-003641-index.htm,8-K,CURRENT REPORT,https://www.sec.gov/Archives/edgar/data/1654238/000092963826003641/esart2026-2_8k.htm,False,
CINF,2026-09-28 00:00:00,https://www.sec.gov/Archives/edgar/data/20286/000002028626000052/0000020286-26-000052-index.htm,8-K,8-K,https://www.sec.gov/Archives/edgar/data/20286/000002028626000052/cinf-20260925.htm,True,
CINF,2026-09-28 00:00:00,https://www.sec.gov/Archives/edgar/data/20286/000002028626000052/0000020286-26-000052-index.htm,EX-10.2,EX-10.2,https://www.sec.gov/Archives/edgar/data/20286/000002028626000052/expirationdateextensionl.htm,True,
PGIM,2026-09-28 00:00:00,https://www.sec.gov/Archives/edgar/data/1923622/000119312526403985/0001193125-26-403985-index.htm,8-K,8-K,https://www.sec.gov/Archives/edgar/data/1923622/000119312526403985/ck0001923622-20260928.htm,False,
CMT,2026-09-28 00:00:00,https://www.sec.gov/Archives/edgar/data/1026655/000102665526000062/0001026655-26-000062-index.htm,8-K,8-K,https://www.sec.gov/Archives/edgar/data/1026655/000102665526000062/cmt-20260928.htm,False,
CMT,2026-09-28 00:00:00,https://www.sec.gov/Archives/edgar/data/1026655/000102665526000062/0001026655-26-000062-index.htm,EX-99.1,EX-99.1,https://www.sec.gov/Archives/edgar/data/1026655/000102665526000062/coreinvestorday.htm,True,
ONCY,2026-09-28 00:00:00,https://www.sec.gov/Archives/edgar/data/1129928/000112992826000057/0001129928-26-000057-index.htm,8-K,8-K,https://www.sec.gov/Archives/edgar/data/1129928/000112992826000057/oncy-20260928.htm,False,
ONCY,2026-09-28 00:00:00,https://www.sec.gov/Archives/edgar/data/1129928/000112992826000057/0001129928-26-000057-index.htm,EX-99.1,EX-99.1,https://www.sec.gov/Archives/edgar/data/1129928/000112992826000057/oncolyticsreo033trialmomen.htm,False,
PAAC,2026-09-28 00:00:00,https://www.sec.gov/Archives/edgar/data/2087446/000121390026103789/0001213900-26-103789-index.htm,8-K,CURRENT REPORT,https://www.sec.gov/Archives/edgar/data/2087446/000121390026103789/ea0306731-8k425_proem1.htm,True,
PAAC,2026-09-28 00:00:00,https://www.sec.gov/Archives/edgar/data/2087446/000121390026103789/0001213900-26-103789-index.htm,EX-10.1,"COMPANY SUPPORT AGREEMENT, DATED AS OF SEPTEMBER 26, 2026, BY AND AMONG PROEM AC",https://www.sec.gov/Archives/edgar/data/2087446/000121390026103789/ea030673101ex10-1.htm,False,
PAAC,2026-09-28 00:00:00,https://www.sec.gov/Archives/edgar/data/2087446/000121390026103789/0001213900-26-103789-index.htm,EX-10.2,"PARENT SUPPORT AGREEMENT, DATED AS OF SEPTEMBER 26, 2026, BY AND AMONG PROEM ACQ",https://www.sec.gov/Archives/edgar/data/2087446/000121390026103789/ea030673101ex10-2.htm,False,
PAAC,2026-09-28 00:00:00,https://www.sec.gov/Archives/edgar/data/2087446/000121390026103789/0001213900-26-103789-index.htm,EX-99.1,"JOINT PRESS RELEASE, DATED SEPTEMBER 28, 2026",https://www.sec.gov/Archives/edgar/data/2087446/000121390026103789/ea030673101ex99-1.htm,False,
PAACU,2026-09-28 00:00:00,https://www.sec.gov/Archives/edgar/data/2087446/000121390026103789/0001213900-26-103789-index.htm,8-K,CURRENT REPORT,https://www.sec.gov/Archives/edgar/data/2087446/000121390026103789/ea0306731-8k425_proem1.htm,True,
PAACU,2026-09-28 00:00:00,https://www.sec.gov/Archives/edgar/data/2087446/000121390026103789/0001213900-26-103789-index.htm,EX-10.1,"COMPANY SUPPORT AGREEMENT, DATED AS OF SEPTEMBER 26, 2026, BY AND AMONG PROEM AC",https://www.sec.gov/Archives/edgar/data/2087446/000121390026103789/ea030673101ex10-1.htm,False,
PAACU,2026-09-28 00:00:00,https://www.sec.gov/Archives/edgar/data/2087446/000121390026103789/0001213900-26-103789-index.htm,EX-10.2,"PARENT SUPPORT AGREEMENT, DATED AS OF SEPTEMBER 26, 2026, BY AND AMONG PROEM ACQ",https://www.sec.gov/Archives/edgar/data/2087446/000121390026103789/ea030673101ex10-2.htm,False,
PAACU,2026-09-28 00:00:00,https://www.sec.gov/Archives/edgar/data/2087446/000121390026103789/0001213900-26-103789-index.htm,EX-99.1,"JOINT PRESS RELEASE, DATED SEPTEMBER 28, 2026",https://www.sec.gov/Archives/edgar/data/2087446/000121390026103789/ea030673101ex99-1.htm,False,
PAACW,2026-09-28 00:00:00,https://www.sec.gov/Archives/edgar/data/2087446/000121390026103789/0001213900-26-103789-index.htm,8-K,CURRENT REPORT,https://www.sec.gov/Archives/edgar/data/2087446/000121390026103789/ea0306731-8k425_proem1.htm,True,
PAACW,2026-09-28 00:00:00,https://www.sec.gov/Archives/edgar/data/2087446/000121390026103789/0001213900-26-103789-index.htm,EX-10.1,"COMPANY SUPPORT AGREEMENT, DATED AS OF SEPTEMBER 26, 2026, BY AND AMONG PROEM AC",https://www.sec.gov/Archives/edgar/data/2087446/000121390026103789/ea030673101ex10-1.htm,False,
PAACW,2026-09-28 00:00:00,https://www.sec.gov/Archives/edgar/data/2087446/000121390026103789/0001213900-26-103789-index.htm,EX-10.2,"PARENT SUPPORT AGREEMENT, DATED AS OF SEPTEMBER 26, 2026, BY AND AMONG PROEM ACQ",https://www.sec.gov/Archives/edgar/data/2087446/000121390026103789/ea030673101ex10-2.htm,False,
PAACW,2026-09-28 00:00:00,https://www.sec.gov/Archives/edgar/data/2087446/000121390026103789/0001213900-26-103789-index.htm,EX-99.1,"JOINT PRESS RELEASE, DATED SEPTEMBER 28, 2026",https://www.sec.gov/Archives/edgar/data/2087446/000121390026103789/ea030673101ex99-1.htm,False,
CHDN,2026-09-28 00:00:00,https://www.sec.gov/Archives/edgar/data/20212/000119312526403885/0001193125-26-403885-index.htm,8-K,8-K,https://www.sec.gov/Archives/edgar/data/20212/000119312526403885/d166307d8k.htm,True,
CHDN,2026-09-28 00:00:00,https://www.sec.gov/Archives/edgar/data/20212/000119312526403885/0001193125-26-403885-index.htm,EX-10.1,EX-10.1,https://www.sec.gov/Archives/edgar/data/20212/000119312526403885/d166307dex101.htm,True,
CHDN,2026-09-28 00:00:00,https://www.sec.gov/Archives/edgar/data/20212/000119312526403885/0001193125-26-403885-index.htm,EX-99.1,EX-99.1,https://www.sec.gov/Archives/edgar/data/20212/000119312526403885/d166307dex991.htm,True,
COLAR,2026-09-28 00:00:00,https://www.sec.gov/Archives/edgar/data/2028201/000121390026103784/0001213900-26-103784-index.htm,8-K,CURRENT REPORT,https://www.sec.gov/Archives/edgar/data/2028201/000121390026103784/ea0306809-8k_columbus.htm,False,
COLAR,2026-09-28 00:00:00,https://www.sec.gov/Archives/edgar/data/2028201/000121390026103784/0001213900-26-103784-index.htm,EX-99.1,"PRESS RELEASE DATED SEPTEMBER 28, 2026",https://www.sec.gov/Archives/edgar/data/2028201/000121390026103784/ea030680901ex99-1.htm,False,
COLAU,2026-09-28 00:00:00,https://www.sec.gov/Archives/edgar/data/2028201/000121390026103784/0001213900-26-103784-index.htm,8-K,CURRENT REPORT,https://www.sec.gov/Archives/edgar/data/2028201/000121390026103784/ea0306809-8k_columbus.htm,False,
COLAU,2026-09-28 00:00:00,https://www.sec.gov/Archives/edgar/data/2028201/000121390026103784/0001213900-26-103784-index.htm,EX-99.1,"PRESS RELEASE DATED SEPTEMBER 28, 2026",https://www.sec.gov/Archives/edgar/data/2028201/000121390026103784/ea030680901ex99-1.htm,False,
COLA,2026-09-28 00:00:00,https://www.sec.gov/Archives/edgar/data/2028201/000121390026103784/0001213900-26-103784-index.htm,8-K,CURRENT REPORT,https://www.sec.gov/Archives/edgar/data/2028201/000121390026103784/ea0306809-8k_columbus.htm,False,
COLA,2026-09-28 00:00:00,https://www.sec.gov/Archives/edgar/data/2028201/000121390026103784/0001213900-26-103784-index.htm,EX-99.1,"PRESS RELEASE DATED SEPTEMBER 28, 2026",https://www.sec.gov/Archives/edgar/data/2028201/000121390026103784/ea030680901ex99-1.htm,False,
CAG,2026-09-28 00:00:00,https://www.sec.gov/Archives/edgar/data/23217/000002321726000047/0000023217-26-000047-index.htm,8-K,8-K,https://www.sec.gov/Archives/edgar/data/23217/000002321726000047/tmb-20260923x8k.htm,False,
GRNQ,2026-09-28 00:00:00,https://www.sec.gov/Archives/edgar/data/1597846/000149315226044463/0001493152-26-044463-index.htm,8-K,8-K,https://www.sec.gov/Archives/edgar/data/1597846/000149315226044463/form8-k.htm,False,
RMBL,2026-09-28 00:00:00,https://www.sec.gov/Archives/edgar/data/1596961/000162828026063662/0001628280-26-063662-index.htm,8-K,8-K,https://www.sec.gov/Archives/edgar/data/1596961/000162828026063662/rmbl-20260925.htm,True,
RMBL,2026-09-28 00:00:00,https://www.sec.gov/Archives/edgar/data/1596961/000162828026063662/0001628280-26-063662-index.htm,EX-10.1,EX-10.1,https://www.sec.gov/Archives/edgar/data/1596961/000162828026063662/exhibit10_1-centerbridgexr.htm,True,
RMBL,2026-09-28 00:00:00,https://www.sec.gov/Archives/edgar/data/1596961/000162828026063662/0001628280-26-063662-index.htm,EX-10.2,EX-10.2,https://www.sec.gov/Archives/edgar/data/1596961/000162828026063662/exhibit10_2-ridenowxarsubo.htm,True,
RDNW,2026-09-28 00:00:00,https://www.sec.gov/Archives/edgar/data/1596961/000162828026063662/0001628280-26-063662-index.htm,8-K,8-K,https://www.sec.gov/Archives/edgar/data/1596961/000162828026063662/rmbl-20260925.htm,True,
RDNW,2026-09-28 00:00:00,https://www.sec.gov/Archives/edgar/data/1596961/000162828026063662/0001628280-26-063662-index.htm,EX-10.1,EX-10.1,https://www.sec.gov/Archives/edgar/data/1596961/000162828026063662/exhibit10_1-centerbridgexr.htm,True,
RDNW,2026-09-28 00:00:00,https://www.sec.gov/Archives/edgar/data/1596961/000162828026063662/0001628280-26-063662-index.htm,EX-10.2,EX-10.2,https://www.sec.gov/Archives/edgar/data/1596961/000162828026063662/exhibit10_2-ridenowxarsubo.htm,True,
BAM,2026-09-28 00:00:00,https://www.sec.gov/Archives/edgar/data/1937926/000110465926111209/0001104659-26-111209-index.htm,8-K,FORM 8-K,https://www.sec.gov/Archives/edgar/data/1937926/000110465926111209/tm2626124d1_8k.htm,False,
BAM,2026-09-28 00:00:00,https://www.sec.gov/Archives/edgar/data/1937926/000110465926111209/0001104659-26-111209-index.htm,EX-99.1,EXHIBIT 99.1,https://www.sec.gov/Archives/edgar/data/1937926/000110465926111209/tm2626124d1_ex99-1.htm,False,
BAM-WI,2026-09-28 00:00:00,https://www.sec.gov/Archives/edgar/data/1937926/000110465926111209/0001104659-26-111209-index.htm,8-K,FORM 8-K,https://www.sec.gov/Archives/edgar/data/1937926/000110465926111209/tm2626124d1_8k.htm,False,
BAM-WI,2026-09-28 00:00:00,https://www.sec.gov/Archives/edgar/data/1937926/000110465926111209/0001104659-26-111209-index.htm,EX-99.1,EXHIBIT 99.1,https://www.sec.gov/Archives/edgar/data/1937926/000110465926111209/tm2626124d1_ex99-1.htm,False,
GTY,2026-09-28 00:00:00,https://www.sec.gov/Archives/edgar/data/1052752/000119312526403487/0001193125-26-403487-index.htm,8-K,8-K,https://www.sec.gov/Archives/edgar/data/1052752/000119312526403487/gty-20260922.htm,True,
GTY,2026-09-28 00:00:00,https://www.sec.gov/Archives/edgar/data/1052752/000119312526403487/0001193125-26-403487-index.htm,EX-99.1,EX-99.1,https://www.sec.gov/Archives/edgar/data/1052752/000119312526403487/gty-ex99_1.htm,True,
KOD,2026-09-28 00:00:00,https://www.sec.gov/Archives/edgar/data/1468748/000119312526403481/0001193125-26-403481-index.htm,8-K,8-K,https://www.sec.gov/Archives/edgar/data/1468748/000119312526403481/d185059d8k.htm,False,
KOD,2026-09-28 00:00:00,https://www.sec.gov/Archives/edgar/data/1468748/000119312526403481/0001193125-26-403481-index.htm,EX-99.1,EX-99.1,https://www.sec.gov/Archives/edgar/data/1468748/000119312526403481/d185059dex991.htm,False,
LNDC,2026-09-28 00:00:00,https://www.sec.gov/Archives/edgar/data/1005286/000114036126037767/0001140361-26-037767-index.htm,8-K,8-K,https://www.sec.gov/Archives/edgar/data/1005286/000114036126037767/ef20082009_8k.htm,True,
LNDC,2026-09-28 00:00:00,https://www.sec.gov/Archives/edgar/data/1005286/000114036126037767/0001140361-26-037767-index.htm,EX-10.1,EXHIBIT 10.1,https://www.sec.gov/Archives/edgar/data/1005286/000114036126037767/ef20082009_ex10-1.htm,False,
LNDC,2026-09-28 00:00:00,https://www.sec.gov/Archives/edgar/data/1005286/000114036126037767/0001140361-26-037767-index.htm,EX-10.2,EXHIBIT 10.2,https://www.sec.gov/Archives/edgar/data/1005286/000114036126037767/ef20082009_ex10-2.htm,False,
LNDC,2026-09-28 00:00:00,https://www.sec.gov/Archives/edgar/data/1005286/000114036126037767/0001140361-26-037767-index.htm,EX-99.1,EXHIBIT 99.1,https://www.sec.gov/Archives/edgar/data/1005286/000114036126037767/ef20082009_ex99-1.htm,False,
LFCR,2026-09-28 00:00:00,https://www.sec.gov/Archives/edgar/data/1005286/000114036126037767/0001140361-26-037767-index.htm,8-K,8-K,https://www.sec.gov/Archives/edgar/data/1005286/000114036126037767/ef20082009_8k.htm,True,
LFCR,2026-09-28 00:00:00,https://www.sec.gov/Archives/edgar/data/1005286/000114036126037767/0001140361-26-037767-index.htm,EX-10.1,EXHIBIT 10.1,https://www.sec.gov/Archives/edgar/data/1005286/000114036126037767/ef20082009_ex10-1.htm,False,
LFCR,2026-09-28 00:00:00,https://www.sec.gov/Archives/edgar/data/1005286/000114036126037767/0001140361-26-037767-index.htm,EX-10.2,EXHIBIT 10.2,https://www.sec.gov/Archives/edgar/data/1005286/000114036126037767/ef20082009_ex10-2.htm,False,
LFCR,2026-09-28 00:00:00,https://www.sec.gov/Archives/edgar/data/1005286/000114036126037767/0001140361-26-037767-index.htm,EX-99.1,EXHIBIT 99.1,https://www.sec.gov/Archives/edgar/data/1005286/000114036126037767/ef20082009_ex99-1.htm,False,
CMT,2026-09-28 00:00:00,https://www.sec.gov/Archives/edgar/data/1026655/000102665526000059/0001026655-26-000059-index.htm,8-K,8-K,https://www.sec.gov/Archives/edgar/data/1026655/000102665526000059/cmt-20260928.htm,False,
CMT,2026-09-28 00:00:00,https://www.sec.gov/Archives/edgar/data/1026655/000102665526000059/0001026655-26-000059-index.htm,EX-99.1,EX-99.1,https://www.sec.gov/Archives/edgar/data/1026655/000102665526000059/coopromotionannouncement.htm,False,
QMCO,2026-09-28 00:00:00,https://www.sec.gov/Archives/edgar/data/709283/000162828026063661/0001628280-26-063661-index.htm,8-K,8-K,https://www.sec.gov/Archives/edgar/data/709283/000162828026063661/qtm-20260928.htm,False,
QMCO,2026-09-28 00:00:00,https://www.sec.gov/Archives/edgar/data/709283/000162828026063661/0001628280-26-063661-index.htm,EX-10.1,EX-10.1,https://www.sec.gov/Archives/edgar/data/709283/000162828026063661/offerletterclancy.htm,False,
QMCO,2026-09-28 00:00:00,https://www.sec.gov/Archives/edgar/data/709283/000162828026063661/0001628280-26-063661-index.htm,EX-99.1,EX-99.1,https://www.sec.gov/Archives/edgar/data/709283/000162828026063661/jamesclancycooquantumannou.htm,False,
PKE,2026-09-28 00:00:00,https://www.sec.gov/Archives/edgar/data/76267/000143774926031284/0001437749-26-031284-index.htm,8-K,FORM 8-K,https://www.sec.gov/Archives/edgar/data/76267/000143774926031284/pke20260925_8k.htm,False,
FUL,2026-09-28 00:00:00,https://www.sec.gov/Archives/edgar/data/39368/000143774926031283/0001437749-26-031283-index.htm,8-K,FORM 8-K,https://www.sec.gov/Archives/edgar/data/39368/000143774926031283/ful20260925_8k.htm,False,
FUL,2026-09-28 00:00:00,https://www.sec.gov/Archives/edgar/data/39368/000143774926031283/0001437749-26-031283-index.htm,EX-99.1,EXHIBIT 99.1,https://www.sec.gov/Archives/edgar/data/39368/000143774926031283/ex_1020089.htm,False,
SLXN,2026-09-28 00:00:00,https://www.sec.gov/Archives/edgar/data/2022416/000117891326004628/0001178913-26-004628-index.htm,8-K,8-K,https://www.sec.gov/Archives/edgar/data/2022416/000117891326004628/zk2636165.htm,False,
SLXN,2026-09-28 00:00:00,https://www.sec.gov/Archives/edgar/data/2022416/000117891326004628/0001178913-26-004628-index.htm,EX-99.1,EXHIBIT 99.1,https://www.sec.gov/Archives/edgar/data/2022416/000117891326004628/exhibit_99-1.htm,False,
SLXNW,2026-09-28 00:00:00,https://www.sec.gov/Archives/edgar/data/2022416/000117891326004628/0001178913-26-004628-index.htm,8-K,8-K,https://www.sec.gov/Archives/edgar/data/2022416/000117891326004628/zk2636165.htm,False,
SLXNW,2026-09-28 00:00:00,https://www.sec.gov/Archives/edgar/data/2022416/000117891326004628/0001178913-26-004628-index.htm,EX-99.1,EXHIBIT 99.1,https://www.sec.gov/Archives/edgar/data/2022416/000117891326004628/exhibit_99-1.htm,False,
BMNR,2026-09-28 00:00:00,https://www.sec.gov/Archives/edgar/data/1829311/000149315226044459/0001493152-26-044459-index.htm,8-K,8-K,https://www.sec.gov/Archives/edgar/data/1829311/000149315226044459/form8-k.htm,False,
BMNR,2026-09-28 00:00:00,https://www.sec.gov/Archives/edgar/data/1829311/000149315226044459/0001493152-26-044459-index.htm,EX-99.1,EX-99.1,https://www.sec.gov/Archives/edgar/data/1829311/000149315226044459/ex99-1.htm,False,
SSHI,2026-09-28 00:00:00,https://www.sec.gov/Archives/edgar/data/1829311/000149315226044459/0001493152-26-044459-index.htm,8-K,8-K,https://www.sec.gov/Archives/edgar/data/1829311/000149315226044459/form8-k.htm,False,
SSHI,2026-09-28 00:00:00,https://www.sec.gov/Archives/edgar/data/1829311/000149315226044459/0001493152-26-044459-index.htm,EX-99.1,EX-99.1,https://www.sec.gov/Archives/edgar/data/1829311/000149315226044459/ex99-1.htm,False,
GLNDW,2026-09-28 00:00:00,https://www.sec.gov/Archives/edgar/data/2093507/000182912626010444/0001829126-26-010444-index.htm,8-K,8-K,https://www.sec.gov/Archives/edgar/data/2093507/000182912626010444/greenlandenergyco_8-k.htm,False,
GLNDW,2026-09-28 00:00:00,https://www.sec.gov/Archives/edgar/data/2093507/000182912626010444/0001829126-26-010444-index.htm,EX-99.1,EXHIBIT 99.1,https://www.sec.gov/Archives/edgar/data/2093507/000182912626010444/greenlandenergyco_ex99-1.htm,False,
GLND,2026-09-28 00:00:00,https://www.sec.gov/Archives/edgar/data/2093507/000182912626010444/0001829126-26-010444-index.htm,8-K,8-K,https://www.sec.gov/Archives/edgar/data/2093507/000182912626010444/greenlandenergyco_8-k.htm,False,
GLND,2026-09-28 00:00:00,https://www.sec.gov/Archives/edgar/data/2093507/000182912626010444/0001829126-26-010444-index.htm,EX-99.1,EXHIBIT 99.1,https://www.sec.gov/Archives/edgar/data/2093507/000182912626010444/greenlandenergyco_ex99-1.htm,False,
BHRB,2026-09-28 00:00:00,https://www.sec.gov/Archives/edgar/data/1964333/000110465926111191/0001104659-26-111191-index.htm,8-K,FORM 8-K,https://www.sec.gov/Archives/edgar/data/1964333/000110465926111191/tm2626015d1_8k.htm,False,
BHRB,2026-09-28 00:00:00,https://www.sec.gov/Archives/edgar/data/1964333/000110465926111191/0001104659-26-111191-index.htm,EX-99.1,EXHIBIT 99.1,https://www.sec.gov/Archives/edgar/data/1964333/000110465926111191/tm2626015d1_ex99-1.htm,False,
SVAQU,2026-09-28 00:00:00,https://www.sec.gov/Archives/edgar/data/2085659/000121390026103766/0001213900-26-103766-index.htm,8-K,CURRENT REPORT,https://www.sec.gov/Archives/edgar/data/2085659/000121390026103766/ea0306724-8k425_silicon.htm,True,
SVAQ,2026-09-28 00:00:00,https://www.sec.gov/Archives/edgar/data/2085659/000121390026103766/0001213900-26-103766-index.htm,8-K,CURRENT REPORT,https://www.sec.gov/Archives/edgar/data/2085659/000121390026103766/ea0306724-8k425_silicon.htm,True,
SVAQW,2026-09-28 00:00:00,https://www.sec.gov/Archives/edgar/data/2085659/000121390026103766/0001213900-26-103766-index.htm,8-K,CURRENT REPORT,https://www.sec.gov/Archives/edgar/data/2085659/000121390026103766/ea0306724-8k425_silicon.htm,True,
MDB,2026-09-28 00:00:00,https://www.sec.gov/Archives/edgar/data/1441816/000162828026063657/0001628280-26-063657-index.htm,8-K,8-K,https://www.sec.gov/Archives/edgar/data/1441816/000162828026063657/mdb-20260924.htm,False,
MDB,2026-09-28 00:00:00,https://www.sec.gov/Archives/edgar/data/1441816/000162828026063657/0001628280-26-063657-index.htm,EX-99.1,EX-99.1,https://www.sec.gov/Archives/edgar/data/1441816/000162828026063657/pressreleasedatedseptemb.htm,False,
GPK,2026-09-28 00:00:00,https://www.sec.gov/Archives/edgar/data/1408075/000119312526403456/0001193125-26-403456-index.htm,8-K,8-K,https://www.sec.gov/Archives/edgar/data/1408075/000119312526403456/gpk-20260928.htm,False,
GPK,2026-09-28 00:00:00,https://www.sec.gov/Archives/edgar/data/1408075/000119312526403456/0001193125-26-403456-index.htm,EX-99.1,EX-99.1,https://www.sec.gov/Archives/edgar/data/1408075/000119312526403456/gpk-ex99_1.htm,False,
JNVR,2026-09-28 00:00:00,https://www.sec.gov/Archives/edgar/data/1805526/000180552626000119/0001805526-26-000119-index.htm,8-K,8-K,https://www.sec.gov/Archives/edgar/data/1805526/000180552626000119/dfdv-20260928.htm,False,
JNVR,2026-09-28 00:00:00,https://www.sec.gov/Archives/edgar/data/1805526/000180552626000119/0001805526-26-000119-index.htm,EX-99.1,EX-99.1,https://www.sec.gov/Archives/edgar/data/1805526/000180552626000119/dfdv-exx991_92826.htm,False,
DFDV,2026-09-28 00:00:00,https://www.sec.gov/Archives/edgar/data/1805526/000180552626000119/0001805526-26-000119-index.htm,8-K,8-K,https://www.sec.gov/Archives/edgar/data/1805526/000180552626000119/dfdv-20260928.htm,False,
DFDV,2026-09-28 00:00:00,https://www.sec.gov/Archives/edgar/data/1805526/000180552626000119/0001805526-26-000119-index.htm,EX-99.1,EX-99.1,https://www.sec.gov/Archives/edgar/data/1805526/000180552626000119/dfdv-exx991_92826.htm,False,
JNRV,2026-09-28 00:00:00,https://www.sec.gov/Archives/edgar/data/1805526/000180552626000119/0001805526-26-000119-index.htm,8-K,8-K,https://www.sec.gov/Archives/edgar/data/1805526/000180552626000119/dfdv-20260928.htm,False,
JNRV,2026-09-28 00:00:00,https://www.sec.gov/Archives/edgar/data/1805526/000180552626000119/0001805526-26-000119-index.htm,EX-99.1,EX-99.1,https://www.sec.gov/Archives/edgar/data/1805526/000180552626000119/dfdv-exx991_92826.htm,False,
PSKY,2026-09-28 00:00:00,https://www.sec.gov/Archives/edgar/data/2041610/000110465926111174/0001104659-26-111174-index.htm,8-K,FORM 8-K,https://www.sec.gov/Archives/edgar/data/2041610/000110465926111174/tm2610616d13_8k.htm,False,
PSKY,2026-09-28 00:00:00,https://www.sec.gov/Archives/edgar/data/2041610/000110465926111174/0001104659-26-111174-index.htm,EX-99.1,EXHIBIT 99.1,https://www.sec.gov/Archives/edgar/data/2041610/000110465926111174/tm2610616d13_ex99-1.htm,True,
WAVS,2026-09-28 00:00:00,https://www.sec.gov/Archives/edgar/data/1868419/000186841926000044/0001868419-26-000044-index.htm,8-K,8-K,https://www.sec.gov/Archives/edgar/data/1868419/000186841926000044/cycu-20260924.htm,False,
WAVS,2026-09-28 00:00:00,https://www.sec.gov/Archives/edgar/data/1868419/000186841926000044/0001868419-26-000044-index.htm,EX-99.1,EX-99.1,https://www.sec.gov/Archives/edgar/data/1868419/000186841926000044/exhibit991sep282026pressre.htm,False,
WAVSU,2026-09-28 00:00:00,https://www.sec.gov/Archives/edgar/data/1868419/000186841926000044/0001868419-26-000044-index.htm,8-K,8-K,https://www.sec.gov/Archives/edgar/data/1868419/000186841926000044/cycu-20260924.htm,False,
WAVSU,2026-09-28 00:00:00,https://www.sec.gov/Archives/edgar/data/1868419/000186841926000044/0001868419-26-000044-index.htm,EX-99.1,EX-99.1,https://www.sec.gov/Archives/edgar/data/1868419/000186841926000044/exhibit991sep282026pressre.htm,False,
WAVSW,2026-09-28 00:00:00,https://www.sec.gov/Archives/edgar/data/1868419/000186841926000044/0001868419-26-000044-index.htm,8-K,8-K,https://www.sec.gov/Archives/edgar/data/1868419/000186841926000044/cycu-20260924.htm,False,
WAVSW,2026-09-28 00:00:00,https://www.sec.gov/Archives/edgar/data/1868419/000186841926000044/0001868419-26-000044-index.htm,EX-99.1,EX-99.1,https://www.sec.gov/Archives/edgar/data/1868419/000186841926000044/exhibit991sep282026pressre.htm,False,
CYCUW,2026-09-28 00:00:00,https://www.sec.gov/Archives/edgar/data/1868419/000186841926000044/0001868419-26-000044-index.htm,8-K,8-K,https://www.sec.gov/Archives/edgar/data/1868419/000186841926000044/cycu-20260924.htm,False,
CYCUW,2026-09-28 00:00:00,https://www.sec.gov/Archives/edgar/data/1868419/000186841926000044/0001868419-26-000044-index.htm,EX-99.1,EX-99.1,https://www.sec.gov/Archives/edgar/data/1868419/000186841926000044/exhibit991sep282026pressre.htm,False,
CYCU,2026-09-28 00:00:00,https://www.sec.gov/Archives/edgar/data/1868419/000186841926000044/0001868419-26-000044-index.htm,8-K,8-K,https://www.sec.gov/Archives/edgar/data/1868419/000186841926000044/cycu-20260924.htm,False,
CYCU,2026-09-28 00:00:00,https://www.sec.gov/Archives/edgar/data/1868419/000186841926000044/0001868419-26-000044-index.htm,EX-99.1,EX-99.1,https://www.sec.gov/Archives/edgar/data/1868419/000186841926000044/exhibit991sep282026pressre.htm,False,
BEAGR,2026-09-28 00:00:00,https://www.sec.gov/Archives/edgar/data/1852207/000121390026103758/0001213900-26-103758-index.htm,8-K,CURRENT REPORT,https://www.sec.gov/Archives/edgar/data/1852207/000121390026103758/ea0305453-8k425_bold.htm,True,
BEAGR,2026-09-28 00:00:00,https://www.sec.gov/Archives/edgar/data/1852207/000121390026103758/0001213900-26-103758-index.htm,EX-10.1,FORM OF SUBSCRIPTION AGREEMENT,https://www.sec.gov/Archives/edgar/data/1852207/000121390026103758/ea030545301ex10-1.htm,True,
BEAGR,2026-09-28 00:00:00,https://www.sec.gov/Archives/edgar/data/1852207/000121390026103758/0001213900-26-103758-index.htm,EX-10.2,"SPONSOR SUPPORT AGREEMENT, DATED AS OF SEPTEMBER 25, 2026, BY AND AMONG BOLD EAG",https://www.sec.gov/Archives/edgar/data/1852207/000121390026103758/ea030545301ex10-2.htm,False,
BEAGR,2026-09-28 00:00:00,https://www.sec.gov/Archives/edgar/data/1852207/000121390026103758/0001213900-26-103758-index.htm,EX-99.1,"PRESS RELEASE, DATED SEPTEMBER 28, 2026",https://www.sec.gov/Archives/edgar/data/1852207/000121390026103758/ea030545301ex99-1.htm,False,
BEAG,2026-09-28 00:00:00,https://www.sec.gov/Archives/edgar/data/1852207/000121390026103758/0001213900-26-103758-index.htm,8-K,CURRENT REPORT,https://www.sec.gov/Archives/edgar/data/1852207/000121390026103758/ea0305453-8k425_bold.htm,True,
BEAG,2026-09-28 00:00:00,https://www.sec.gov/Archives/edgar/data/1852207/000121390026103758/0001213900-26-103758-index.htm,EX-10.1,FORM OF SUBSCRIPTION AGREEMENT,https://www.sec.gov/Archives/edgar/data/1852207/000121390026103758/ea030545301ex10-1.htm,True,
BEAG,2026-09-28 00:00:00,https://www.sec.gov/Archives/edgar/data/1852207/000121390026103758/0001213900-26-103758-index.htm,EX-10.2,"SPONSOR SUPPORT AGREEMENT, DATED AS OF SEPTEMBER 25, 2026, BY AND AMONG BOLD EAG",https://www.sec.gov/Archives/edgar/data/1852207/000121390026103758/ea030545301ex10-2.htm,False,
BEAG,2026-09-28 00:00:00,https://www.sec.gov/Archives/edgar/data/1852207/000121390026103758/0001213900-26-103758-index.htm,EX-99.1,"PRESS RELEASE, DATED SEPTEMBER 28, 2026",https://www.sec.gov/Archives/edgar/data/1852207/000121390026103758/ea030545301ex99-1.htm,False,
BEAGU,2026-09-28 00:00:00,https://www.sec.gov/Archives/edgar/data/1852207/000121390026103758/0001213900-26-103758-index.htm,8-K,CURRENT REPORT,https://www.sec.gov/Archives/edgar/data/1852207/000121390026103758/ea0305453-8k425_bold.htm,True,
BEAGU,2026-09-28 00:00:00,https://www.sec.gov/Archives/edgar/data/1852207/000121390026103758/0001213900-26-103758-index.htm,EX-10.1,FORM OF SUBSCRIPTION AGREEMENT,https://www.sec.gov/Archives/edgar/data/1852207/000121390026103758/ea030545301ex10-1.htm,True,
BEAGU,2026-09-28 00:00:00,https://www.sec.gov/Archives/edgar/data/1852207/000121390026103758/0001213900-26-103758-index.htm,EX-10.2,"SPONSOR SUPPORT AGREEMENT, DATED AS OF SEPTEMBER 25, 2026, BY AND AMONG BOLD EAG",https://www.sec.gov/Archives/edgar/data/1852207/000121390026103758/ea030545301ex10-2.htm,False,
BEAGU,2026-09-28 00:00:00,https://www.sec.gov/Archives/edgar/data/1852207/000121390026103758/0001213900-26-103758-index.htm,EX-99.1,"PRESS RELEASE, DATED SEPTEMBER 28, 2026",https://www.sec.gov/Archives/edgar/data/1852207/000121390026103758/ea030545301ex99-1.htm,False,
RNAZ,2026-09-28 00:00:00,https://www.sec.gov/Archives/edgar/data/1829635/000110465926111170/0001104659-26-111170-index.htm,8-K,FORM 8-K,https://www.sec.gov/Archives/edgar/data/1829635/000110465926111170/tm2626237d1_8k.htm,False,
RNAZ,2026-09-28 00:00:00,https://www.sec.gov/Archives/edgar/data/1829635/000110465926111170/0001104659-26-111170-index.htm,EX-99.1,EXHIBIT 99.1,https://www.sec.gov/Archives/edgar/data/1829635/000110465926111170/tm2626237d1_ex99-1.htm,False,
ACET,2026-09-28 00:00:00,https://www.sec.gov/Archives/edgar/data/1720580/000172058026000060/0001720580-26-000060-index.htm,8-K,8-K,https://www.sec.gov/Archives/edgar/data/1720580/000172058026000060/acet-20260928.htm,False,
ACET,2026-09-28 00:00:00,https://www.sec.gov/Archives/edgar/data/1720580/000172058026000060/0001720580-26-000060-index.htm,EX-99.1,EX-99.1,https://www.sec.gov/Archives/edgar/data/1720580/000172058026000060/acet-ex99_1.htm,False,
FATE,2026-09-28 00:00:00,https://www.sec.gov/Archives/edgar/data/1434316/000119312526403429/0001193125-26-403429-index.htm,8-K,8-K,https://www.sec.gov/Archives/edgar/data/1434316/000119312526403429/fate-20260925.htm,False,
FATE,2026-09-28 00:00:00,https://www.sec.gov/Archives/edgar/data/1434316/000119312526403429/0001193125-26-403429-index.htm,EX-99.1,EX-99.1,https://www.sec.gov/Archives/edgar/data/1434316/000119312526403429/fate-ex99_1.htm,False,
SOAR,2026-09-28 00:00:00,https://www.sec.gov/Archives/edgar/data/1853070/000149315226044456/0001493152-26-044456-index.htm,8-K,8-K,https://www.sec.gov/Archives/edgar/data/1853070/000149315226044456/form8-k.htm,True,
SOAR,2026-09-28 00:00:00,https://www.sec.gov/Archives/edgar/data/1853070/000149315226044456/0001493152-26-044456-index.htm,EX-99.1,EX-99.1,https://www.sec.gov/Archives/edgar/data/1853070/000149315226044456/ex99-1.htm,False,
PACI,2026-09-28 00:00:00,https://www.sec.gov/Archives/edgar/data/1853070/000149315226044456/0001493152-26-044456-index.htm,8-K,8-K,https://www.sec.gov/Archives/edgar/data/1853070/000149315226044456/form8-k.htm,True,
PACI,2026-09-28 00:00:00,https://www.sec.gov/Archives/edgar/data/1853070/000149315226044456/0001493152-26-044456-index.htm,EX-99.1,EX-99.1,https://www.sec.gov/Archives/edgar/data/1853070/000149315226044456/ex99-1.htm,False,
PACI-UN,2026-09-28 00:00:00,https://www.sec.gov/Archives/edgar/data/1853070/000149315226044456/0001493152-26-044456-index.htm,8-K,8-K,https://www.sec.gov/Archives/edgar/data/1853070/000149315226044456/form8-k.htm,True,
PACI-UN,2026-09-28 00:00:00,https://www.sec.gov/Archives/edgar/data/1853070/000149315226044456/0001493152-26-044456-index.htm,EX-99.1,EX-99.1,https://www.sec.gov/Archives/edgar/data/1853070/000149315226044456/ex99-1.htm,False,
PACI-WT,2026-09-28 00:00:00,https://www.sec.gov/Archives/edgar/data/1853070/000149315226044456/0001493152-26-044456-index.htm,8-K,8-K,https://www.sec.gov/Archives/edgar/data/1853070/000149315226044456/form8-k.htm,True,
PACI-WT,2026-09-28 00:00:00,https://www.sec.gov/Archives/edgar/data/1853070/000149315226044456/0001493152-26-044456-index.htm,EX-99.1,EX-99.1,https://www.sec.gov/Archives/edgar/data/1853070/000149315226044456/ex99-1.htm,False,
SOARW,2026-09-28 00:00:00,https://www.sec.gov/Archives/edgar/data/1853070/000149315226044456/0001493152-26-044456-index.htm,8-K,8-K,https://www.sec.gov/Archives/edgar/data/1853070/000149315226044456/form8-k.htm,True,
SOARW,2026-09-28 00:00:00,https://www.sec.gov/Archives/edgar/data/1853070/000149315226044456/0001493152-26-044456-index.htm,EX-99.1,EX-99.1,https://www.sec.gov/Archives/edgar/data/1853070/000149315226044456/ex99-1.htm,False,
FDMT,2026-09-28 00:00:00,https://www.sec.gov/Archives/edgar/data/1650648/000119312526403424/0001193125-26-403424-index.htm,8-K,8-K,https://www.sec.gov/Archives/edgar/data/1650648/000119312526403424/d147828d8k.htm,False,
BGC,2026-09-28 00:00:00,https://www.sec.gov/Archives/edgar/data/1094831/000162828026063655/0001628280-26-063655-index.htm,8-K,8-K,https://www.sec.gov/Archives/edgar/data/1094831/000162828026063655/bgcp-20260928.htm,False,
BGC,2026-09-28 00:00:00,https://www.sec.gov/Archives/edgar/data/1094831/000162828026063655/0001628280-26-063655-index.htm,EX-99.1,EX-99.1,https://www.sec.gov/Archives/edgar/data/1094831/000162828026063655/exhibit991q32026.htm,False,
BGCP,2026-09-28 00:00:00,https://www.sec.gov/Archives/edgar/data/1094831/000162828026063655/0001628280-26-063655-index.htm,8-K,8-K,https://www.sec.gov/Archives/edgar/data/1094831/000162828026063655/bgcp-20260928.htm,False,
BGCP,2026-09-28 00:00:00,https://www.sec.gov/Archives/edgar/data/1094831/000162828026063655/0001628280-26-063655-index.htm,EX-99.1,EX-99.1,https://www.sec.gov/Archives/edgar/data/1094831/000162828026063655/exhibit991q32026.htm,False,
MIRM,2026-09-28 00:00:00,https://www.sec.gov/Archives/edgar/data/1759425/000175942526000049/0001759425-26-000049-index.htm,8-K,8-K,https://www.sec.gov/Archives/edgar/data/1759425/000175942526000049/mirm-20260925.htm,False,
LCCCR,2026-09-28 00:00:00,https://www.sec.gov/Archives/edgar/data/2049248/000192998026000535/0001929980-26-000535-index.htm,8-K,FORM 8-K,https://www.sec.gov/Archives/edgar/data/2049248/000192998026000535/lccc_8k.htm,False,
LCCCU,2026-09-28 00:00:00,https://www.sec.gov/Archives/edgar/data/2049248/000192998026000535/0001929980-26-000535-index.htm,8-K,FORM 8-K,https://www.sec.gov/Archives/edgar/data/2049248/000192998026000535/lccc_8k.htm,False,
LCCC,2026-09-28 00:00:00,https://www.sec.gov/Archives/edgar/data/2049248/000192998026000535/0001929980-26-000535-index.htm,8-K,FORM 8-K,https://www.sec.gov/Archives/edgar/data/2049248/000192998026000535/lccc_8k.htm,False,
KROS,2026-09-28 00:00:00,https://www.sec.gov/Archives/edgar/data/1664710/000166471026000056/0001664710-26-000056-index.htm,8-K,8-K,https://www.sec.gov/Archives/edgar/data/1664710/000166471026000056/kros-20260928.htm,False,
KROS,2026-09-28 00:00:00,https://www.sec.gov/Archives/edgar/data/1664710/000166471026000056/0001664710-26-000056-index.htm,EX-99.1,EX-99.1,https://www.sec.gov/Archives/edgar/data/1664710/000166471026000056/exhibit99192826pr.htm,False,
AIMDW,2026-09-28 00:00:00,https://www.sec.gov/Archives/edgar/data/1014763/000149315226044454/0001493152-26-044454-index.htm,8-K,8-K,https://www.sec.gov/Archives/edgar/data/1014763/000149315226044454/form8-k.htm,True,
AIMDW,2026-09-28 00:00:00,https://www.sec.gov/Archives/edgar/data/1014763/000149315226044454/0001493152-26-044454-index.htm,EX-10.1,EX-10.1,https://www.sec.gov/Archives/edgar/data/1014763/000149315226044454/ex10-1.htm,False,
AIMDW,2026-09-28 00:00:00,https://www.sec.gov/Archives/edgar/data/1014763/000149315226044454/0001493152-26-044454-index.htm,EX-99.1,EX-99.1,https://www.sec.gov/Archives/edgar/data/1014763/000149315226044454/ex99-1.htm,False,
AIMD,2026-09-28 00:00:00,https://www.sec.gov/Archives/edgar/data/1014763/000149315226044454/0001493152-26-044454-index.htm,8-K,8-K,https://www.sec.gov/Archives/edgar/data/1014763/000149315226044454/form8-k.htm,True,
AIMD,2026-09-28 00:00:00,https://www.sec.gov/Archives/edgar/data/1014763/000149315226044454/0001493152-26-044454-index.htm,EX-10.1,EX-10.1,https://www.sec.gov/Archives/edgar/data/1014763/000149315226044454/ex10-1.htm,False,
AIMD,2026-09-28 00:00:00,https://www.sec.gov/Archives/edgar/data/1014763/000149315226044454/0001493152-26-044454-index.htm,EX-99.1,EX-99.1,https://www.sec.gov/Archives/edgar/data/1014763/000149315226044454/ex99-1.htm,False,
SHFS,2026-09-28 00:00:00,https://www.sec.gov/Archives/edgar/data/1854963/000149315226044453/0001493152-26-044453-index.htm,8-K,8-K,https://www.sec.gov/Archives/edgar/data/1854963/000149315226044453/form8-k.htm,False,
SHFS,2026-09-28 00:00:00,https://www.sec.gov/Archives/edgar/data/1854963/000149315226044453/0001493152-26-044453-index.htm,EX-99.1,EX-99.1,https://www.sec.gov/Archives/edgar/data/1854963/000149315226044453/ex99-1.htm,False,
SHFSW,2026-09-28 00:00:00,https://www.sec.gov/Archives/edgar/data/1854963/000149315226044453/0001493152-26-044453-index.htm,8-K,8-K,https://www.sec.gov/Archives/edgar/data/1854963/000149315226044453/form8-k.htm,False,
SHFSW,2026-09-28 00:00:00,https://www.sec.gov/Archives/edgar/data/1854963/000149315226044453/0001493152-26-044453-index.htm,EX-99.1,EX-99.1,https://www.sec.gov/Archives/edgar/data/1854963/000149315226044453/ex99-1.htm,False,
NLITU,2026-09-28 00:00:00,https://www.sec.gov/Archives/edgar/data/1854963/000149315226044453/0001493152-26-044453-index.htm,8-K,8-K,https://www.sec.gov/Archives/edgar/data/1854963/000149315226044453/form8-k.htm,False,
NLITU,2026-09-28 00:00:00,https://www.sec.gov/Archives/edgar/data/1854963/000149315226044453/0001493152-26-044453-index.htm,EX-99.1,EX-99.1,https://www.sec.gov/Archives/edgar/data/1854963/000149315226044453/ex99-1.htm,False,
NLITW,2026-09-28 00:00:00,https://www.sec.gov/Archives/edgar/data/1854963/000149315226044453/0001493152-26-044453-index.htm,8-K,8-K,https://www.sec.gov/Archives/edgar/data/1854963/000149315226044453/form8-k.htm,False,
NLITW,2026-09-28 00:00:00,https://www.sec.gov/Archives/edgar/data/1854963/000149315226044453/0001493152-26-044453-index.htm,EX-99.1,EX-99.1,https://www.sec.gov/Archives/edgar/data/1854963/000149315226044453/ex99-1.htm,False,
NLIT,2026-09-28 00:00:00,https://www.sec.gov/Archives/edgar/data/1854963/000149315226044453/0001493152-26-044453-index.htm,8-K,8-K,https://www.sec.gov/Archives/edgar/data/1854963/000149315226044453/form8-k.htm,False,
NLIT,2026-09-28 00:00:00,https://www.sec.gov/Archives/edgar/data/1854963/000149315226044453/0001493152-26-044453-index.htm,EX-99.1,EX-99.1,https://www.sec.gov/Archives/edgar/data/1854963/000149315226044453/ex99-1.htm,False,
MTNB,2026-09-28 00:00:00,https://www.sec.gov/Archives/edgar/data/1582554/000149315226044451/0001493152-26-044451-index.htm,8-K,8-K,https://www.sec.gov/Archives/edgar/data/1582554/000149315226044451/form8-k.htm,False,
STRD,2026-09-28 00:00:00,https://www.sec.gov/Archives/edgar/data/1050446/000119312526403417/0001193125-26-403417-index.htm,8-K,8-K,https://www.sec.gov/Archives/edgar/data/1050446/000119312526403417/mstr-20260914.htm,False,
STRF,2026-09-28 00:00:00,https://www.sec.gov/Archives/edgar/data/1050446/000119312526403417/0001193125-26-403417-index.htm,8-K,8-K,https://www.sec.gov/Archives/edgar/data/1050446/000119312526403417/mstr-20260914.htm,False,
STRK,2026-09-28 00:00:00,https://www.sec.gov/Archives/edgar/data/1050446/000119312526403417/0001193125-26-403417-index.htm,8-K,8-K,https://www.sec.gov/Archives/edgar/data/1050446/000119312526403417/mstr-20260914.htm,False,
STRC,2026-09-28 00:00:00,https://www.sec.gov/Archives/edgar/data/1050446/000119312526403417/0001193125-26-403417-index.htm,8-K,8-K,https://www.sec.gov/Archives/edgar/data/1050446/000119312526403417/mstr-20260914.htm,False,
MSTR,2026-09-28 00:00:00,https://www.sec.gov/Archives/edgar/data/1050446/000119312526403417/0001193125-26-403417-index.htm,8-K,8-K,https://www.sec.gov/Archives/edgar/data/1050446/000119312526403417/mstr-20260914.htm,False,
ASST,2026-09-28 00:00:00,https://www.sec.gov/Archives/edgar/data/1920406/000162828026063653/0001628280-26-063653-index.htm,8-K,8-K,https://www.sec.gov/Archives/edgar/data/1920406/000162828026063653/asst-20260928.htm,False,
SATA,2026-09-28 00:00:00,https://www.sec.gov/Archives/edgar/data/1920406/000162828026063653/0001628280-26-063653-index.htm,8-K,8-K,https://www.sec.gov/Archives/edgar/data/1920406/000162828026063653/asst-20260928.htm,False,
TDG,2026-09-28 00:00:00,https://www.sec.gov/Archives/edgar/data/1260221/000126022126000064/0001260221-26-000064-index.htm,8-K,8-K,https://www.sec.gov/Archives/edgar/data/1260221/000126022126000064/tdg-20260928.htm,False,
TDG,2026-09-28 00:00:00,https://www.sec.gov/Archives/edgar/data/1260221/000126022126000064/0001260221-26-000064-index.htm,EX-99.1,EX-99.1,https://www.sec.gov/Archives/edgar/data/1260221/000126022126000064/exhibit991pressreleaseprin.htm,False,
NWSA,2026-09-28 00:00:00,https://www.sec.gov/Archives/edgar/data/1564708/000156470826000210/0001564708-26-000210-index.htm,8-K,8-K,https://www.sec.gov/Archives/edgar/data/1564708/000156470826000210/nws-20260925.htm,False,
NWSA,2026-09-28 00:00:00,https://www.sec.gov/Archives/edgar/data/1564708/000156470826000210/0001564708-26-000210-index.htm,EX-99.1,EX-99.1,https://www.sec.gov/Archives/edgar/data/1564708/000156470826000210/appendix3cclassa20260925.htm,False,
NWS,2026-09-28 00:00:00,https://www.sec.gov/Archives/edgar/data/1564708/000156470826000210/0001564708-26-000210-index.htm,8-K,8-K,https://www.sec.gov/Archives/edgar/data/1564708/000156470826000210/nws-20260925.htm,False,
NWS,2026-09-28 00:00:00,https://www.sec.gov/Archives/edgar/data/1564708/000156470826000210/0001564708-26-000210-index.htm,EX-99.1,EX-99.1,https://www.sec.gov/Archives/edgar/data/1564708/000156470826000210/appendix3cclassa20260925.htm,False,
VLYPO,2026-09-28 00:00:00,https://www.sec.gov/Archives/edgar/data/714310/000119312526403391/0001193125-26-403391-index.htm,8-K,8-K,https://www.sec.gov/Archives/edgar/data/714310/000119312526403391/d31493d8k.htm,False,
VLYPO,2026-09-28 00:00:00,https://www.sec.gov/Archives/edgar/data/714310/000119312526403391/0001193125-26-403391-index.htm,EX-99.1,EX-99.1,https://www.sec.gov/Archives/edgar/data/714310/000119312526403391/d31493dex991.htm,False,
VLYPP,2026-09-28 00:00:00,https://www.sec.gov/Archives/edgar/data/714310/000119312526403391/0001193125-26-403391-index.htm,8-K,8-K,https://www.sec.gov/Archives/edgar/data/714310/000119312526403391/d31493d8k.htm,False,
VLYPP,2026-09-28 00:00:00,https://www.sec.gov/Archives/edgar/data/714310/000119312526403391/0001193125-26-403391-index.htm,EX-99.1,EX-99.1,https://www.sec.gov/Archives/edgar/data/714310/000119312526403391/d31493dex991.htm,False,
VLY,2026-09-28 00:00:00,https://www.sec.gov/Archives/edgar/data/714310/000119312526403391/0001193125-26-403391-index.htm,8-K,8-K,https://www.sec.gov/Archives/edgar/data/714310/000119312526403391/d31493d8k.htm,False,
VLY,2026-09-28 00:00:00,https://www.sec.gov/Archives/edgar/data/714310/000119312526403391/0001193125-26-403391-index.htm,EX-99.1,EX-99.1,https://www.sec.gov/Archives/edgar/data/714310/000119312526403391/d31493dex991.htm,False,
VLYPN,2026-09-28 00:00:00,https://www.sec.gov/Archives/edgar/data/714310/000119312526403391/0001193125-26-403391-index.htm,8-K,8-K,https://www.sec.gov/Archives/edgar/data/714310/000119312526403391/d31493d8k.htm,False,
VLYPN,2026-09-28 00:00:00,https://www.sec.gov/Archives/edgar/data/714310/000119312526403391/0001193125-26-403391-index.htm,EX-99.1,EX-99.1,https://www.sec.gov/Archives/edgar/data/714310/000119312526403391/d31493dex991.htm,False,
HUT,2026-09-28 00:00:00,https://www.sec.gov/Archives/edgar/data/1964789/000110465926111154/0001104659-26-111154-index.htm,8-K,FORM 8-K,https://www.sec.gov/Archives/edgar/data/1964789/000110465926111154/tm2625691d1_8k.htm,True,
HUT,2026-09-28 00:00:00,https://www.sec.gov/Archives/edgar/data/1964789/000110465926111154/0001104659-26-111154-index.htm,EX-10.1,EXHIBIT 10.1,https://www.sec.gov/Archives/edgar/data/1964789/000110465926111154/tm2625691d1_ex10-1.htm,True,
HUT,2026-09-28 00:00:00,https://www.sec.gov/Archives/edgar/data/1964789/000110465926111154/0001104659-26-111154-index.htm,EX-99.1,EXHIBIT 99.1,https://www.sec.gov/Archives/edgar/data/1964789/000110465926111154/tm2625691d1_ex99-1.htm,True,
MKTY,2026-09-28 00:00:00,https://www.sec.gov/Archives/edgar/data/64463/000149315226044444/0001493152-26-044444-index.htm,8-K,8-K,https://www.sec.gov/Archives/edgar/data/64463/000149315226044444/form8-k.htm,False,
MKTY,2026-09-28 00:00:00,https://www.sec.gov/Archives/edgar/data/64463/000149315226044444/0001493152-26-044444-index.htm,EX-99.1,EX-99.1,https://www.sec.gov/Archives/edgar/data/64463/000149315226044444/ex99-1.htm,False,
SLNH,2026-09-28 00:00:00,https://www.sec.gov/Archives/edgar/data/64463/000149315226044444/0001493152-26-044444-index.htm,8-K,8-K,https://www.sec.gov/Archives/edgar/data/64463/000149315226044444/form8-k.htm,False,
SLNH,2026-09-28 00:00:00,https://www.sec.gov/Archives/edgar/data/64463/000149315226044444/0001493152-26-044444-index.htm,EX-99.1,EX-99.1,https://www.sec.gov/Archives/edgar/data/64463/000149315226044444/ex99-1.htm,False,
SLNHP,2026-09-28 00:00:00,https://www.sec.gov/Archives/edgar/data/64463/000149315226044444/0001493152-26-044444-index.htm,8-K,8-K,https://www.sec.gov/Archives/edgar/data/64463/000149315226044444/form8-k.htm,False,
SLNHP,2026-09-28 00:00:00,https://www.sec.gov/Archives/edgar/data/64463/000149315226044444/0001493152-26-044444-index.htm,EX-99.1,EX-99.1,https://www.sec.gov/Archives/edgar/data/64463/000149315226044444/ex99-1.htm,False,
METC,2026-09-28 00:00:00,https://www.sec.gov/Archives/edgar/data/1687187/000121390026103743/0001213900-26-103743-index.htm,8-K,CURRENT REPORT,https://www.sec.gov/Archives/edgar/data/1687187/000121390026103743/ea0306775-8k_ramaco.htm,False,
METC,2026-09-28 00:00:00,https://www.sec.gov/Archives/edgar/data/1687187/000121390026103743/0001213900-26-103743-index.htm,EX-99.1,"PRESS RELEASE ISSUED BY RAMACO RESOURCES, INC. DATED SEPTEMBER 28, 2026",https://www.sec.gov/Archives/edgar/data/1687187/000121390026103743/ea030677501ex99-1.htm,False,
METCZ,2026-09-28 00:00:00,https://www.sec.gov/Archives/edgar/data/1687187/000121390026103743/0001213900-26-103743-index.htm,8-K,CURRENT REPORT,https://www.sec.gov/Archives/edgar/data/1687187/000121390026103743/ea0306775-8k_ramaco.htm,False,
METCZ,2026-09-28 00:00:00,https://www.sec.gov/Archives/edgar/data/1687187/000121390026103743/0001213900-26-103743-index.htm,EX-99.1,"PRESS RELEASE ISSUED BY RAMACO RESOURCES, INC. DATED SEPTEMBER 28, 2026",https://www.sec.gov/Archives/edgar/data/1687187/000121390026103743/ea030677501ex99-1.htm,False,
METCL,2026-09-28 00:00:00,https://www.sec.gov/Archives/edgar/data/1687187/000121390026103743/0001213900-26-103743-index.htm,8-K,CURRENT REPORT,https://www.sec.gov/Archives/edgar/data/1687187/000121390026103743/ea0306775-8k_ramaco.htm,False,
METCL,2026-09-28 00:00:00,https://www.sec.gov/Archives/edgar/data/1687187/000121390026103743/0001213900-26-103743-index.htm,EX-99.1,"PRESS RELEASE ISSUED BY RAMACO RESOURCES, INC. DATED SEPTEMBER 28, 2026",https://www.sec.gov/Archives/edgar/data/1687187/000121390026103743/ea030677501ex99-1.htm,False,
METCI,2026-09-28 00:00:00,https://www.sec.gov/Archives/edgar/data/1687187/000121390026103743/0001213900-26-103743-index.htm,8-K,CURRENT REPORT,https://www.sec.gov/Archives/edgar/data/1687187/000121390026103743/ea0306775-8k_ramaco.htm,False,
METCI,2026-09-28 00:00:00,https://www.sec.gov/Archives/edgar/data/1687187/000121390026103743/0001213900-26-103743-index.htm,EX-99.1,"PRESS RELEASE ISSUED BY RAMACO RESOURCES, INC. DATED SEPTEMBER 28, 2026",https://www.sec.gov/Archives/edgar/data/1687187/000121390026103743/ea030677501ex99-1.htm,False,
METCB,2026-09-28 00:00:00,https://www.sec.gov/Archives/edgar/data/1687187/000121390026103743/0001213900-26-103743-index.htm,8-K,CURRENT REPORT,https://www.sec.gov/Archives/edgar/data/1687187/000121390026103743/ea0306775-8k_ramaco.htm,False,
METCB,2026-09-28 00:00:00,https://www.sec.gov/Archives/edgar/data/1687187/000121390026103743/0001213900-26-103743-index.htm,EX-99.1,"PRESS RELEASE ISSUED BY RAMACO RESOURCES, INC. DATED SEPTEMBER 28, 2026",https://www.sec.gov/Archives/edgar/data/1687187/000121390026103743/ea030677501ex99-1.htm,False,
ETON,2026-09-28 00:00:00,https://www.sec.gov/Archives/edgar/data/1710340/000143774926031281/0001437749-26-031281-index.htm,8-K,FORM 8-K,https://www.sec.gov/Archives/edgar/data/1710340/000143774926031281/eton20260923c_8k.htm,False,
ETON,2026-09-28 00:00:00,https://www.sec.gov/Archives/edgar/data/1710340/000143774926031281/0001437749-26-031281-index.htm,EX-99.1,EXHIBIT 99.1 PRESS RELEASE IMPAVIDO LAUNCH,https://www.sec.gov/Archives/edgar/data/1710340/000143774926031281/ex_1019083.htm,False,
BRX,2026-09-28 00:00:00,https://www.sec.gov/Archives/edgar/data/1581068/000110465926111144/0001104659-26-111144-index.htm,8-K,FORM 8-K,https://www.sec.gov/Archives/edgar/data/1581068/000110465926111144/tm2626458d1_8k.htm,True,
BRX,2026-09-28 00:00:00,https://www.sec.gov/Archives/edgar/data/1581068/000110465926111144/0001104659-26-111144-index.htm,EX-99.1,EXHIBIT 99.1,https://www.sec.gov/Archives/edgar/data/1581068/000110465926111144/tm2626458d1_ex99-1.htm,False,
None,2026-09-28 00:00:00,https://www.sec.gov/Archives/edgar/data/1630031/000110465926111144/0001104659-26-111144-index.htm,8-K,FORM 8-K,https://www.sec.gov/Archives/edgar/data/1581068/000110465926111144/tm2626458d1_8k.htm,True,
None,2026-09-28 00:00:00,https://www.sec.gov/Archives/edgar/data/1630031/000110465926111144/0001104659-26-111144-index.htm,EX-99.1,EXHIBIT 99.1,https://www.sec.gov/Archives/edgar/data/1581068/000110465926111144/tm2626458d1_ex99-1.htm,False,
VSTS,2026-09-28 00:00:00,https://www.sec.gov/Archives/edgar/data/1967649/000110465926111138/0001104659-26-111138-index.htm,8-K,FORM 8-K,https://www.sec.gov/Archives/edgar/data/1967649/000110465926111138/tm2626111d1_8k.htm,False,
VSTS,2026-09-28 00:00:00,https://www.sec.gov/Archives/edgar/data/1967649/000110465926111138/0001104659-26-111138-index.htm,EX-10.1,EXHIBIT 10.1,https://www.sec.gov/Archives/edgar/data/1967649/000110465926111138/tm2626111d1_ex10-1.htm,False,
VSTS,2026-09-28 00:00:00,https://www.sec.gov/Archives/edgar/data/1967649/000110465926111138/0001104659-26-111138-index.htm,EX-99.1,EXHIBIT 99.1,https://www.sec.gov/Archives/edgar/data/1967649/000110465926111138/tm2626111d1_ex99-1.htm,True,
FLUT,2026-09-28 00:00:00,https://www.sec.gov/Archives/edgar/data/1635327/000119312526403357/0001193125-26-403357-index.htm,8-K,8-K,https://www.sec.gov/Archives/edgar/data/1635327/000119312526403357/d484581d8k.htm,False,
FLUT,2026-09-28 00:00:00,https://www.sec.gov/Archives/edgar/data/1635327/000119312526403357/0001193125-26-403357-index.htm,EX-99.1,EX-99.1,https://www.sec.gov/Archives/edgar/data/1635327/000119312526403357/d484581dex991.htm,False,
MBRX,2026-09-28 00:00:00,https://www.sec.gov/Archives/edgar/data/1659617/000143774926031280/0001437749-26-031280-index.htm,8-K,FORM 8-K,https://www.sec.gov/Archives/edgar/data/1659617/000143774926031280/mbrx20260925_8k.htm,False,
MBRX,2026-09-28 00:00:00,https://www.sec.gov/Archives/edgar/data/1659617/000143774926031280/0001437749-26-031280-index.htm,EX-99.1,EXHIBIT 99.1,https://www.sec.gov/Archives/edgar/data/1659617/000143774926031280/ex_1019749.htm,False,
JAGX,2026-09-28 00:00:00,https://www.sec.gov/Archives/edgar/data/1585608/000119312526403356/0001193125-26-403356-index.htm,8-K,8-K,https://www.sec.gov/Archives/edgar/data/1585608/000119312526403356/d187815d8k.htm,True,
JAGX,2026-09-28 00:00:00,https://www.sec.gov/Archives/edgar/data/1585608/000119312526403356/0001193125-26-403356-index.htm,EX-10.1,EX-10.1,https://www.sec.gov/Archives/edgar/data/1585608/000119312526403356/d187815dex101.htm,False,
CDE,2026-09-28 00:00:00,https://www.sec.gov/Archives/edgar/data/215466/000021546626000045/0000215466-26-000045-index.htm,8-K,8-K,https://www.sec.gov/Archives/edgar/data/215466/000021546626000045/cde-20260928.htm,False,
PPTA,2026-09-28 00:00:00,https://www.sec.gov/Archives/edgar/data/1526243/000110465926111136/0001104659-26-111136-index.htm,8-K,FORM 8-K,https://www.sec.gov/Archives/edgar/data/1526243/000110465926111136/tm2626363d1_8k.htm,False,
FIP,2026-09-28 00:00:00,https://www.sec.gov/Archives/edgar/data/1899883/000114036126037763/0001140361-26-037763-index.htm,8-K,8-K,https://www.sec.gov/Archives/edgar/data/1899883/000114036126037763/ef20082849_8k.htm,True,
FIP,2026-09-28 00:00:00,https://www.sec.gov/Archives/edgar/data/1899883/000114036126037763/0001140361-26-037763-index.htm,EX-10.1,EXHIBIT 10.1,https://www.sec.gov/Archives/edgar/data/1899883/000114036126037763/ef20082849_ex10-1.htm,True,
FIP,2026-09-28 00:00:00,https://www.sec.gov/Archives/edgar/data/1899883/000114036126037763/0001140361-26-037763-index.htm,EX-99.1,EXHIBIT 99.1,https://www.sec.gov/Archives/edgar/data/1899883/000114036126037763/ef20082849_ex99-1.htm,False,
FIPWV,2026-09-28 00:00:00,https://www.sec.gov/Archives/edgar/data/1899883/000114036126037763/0001140361-26-037763-index.htm,8-K,8-K,https://www.sec.gov/Archives/edgar/data/1899883/000114036126037763/ef20082849_8k.htm,True,
FIPWV,2026-09-28 00:00:00,https://www.sec.gov/Archives/edgar/data/1899883/000114036126037763/0001140361-26-037763-index.htm,EX-10.1,EXHIBIT 10.1,https://www.sec.gov/Archives/edgar/data/1899883/000114036126037763/ef20082849_ex10-1.htm,True,
FIPWV,2026-09-28 00:00:00,https://www.sec.gov/Archives/edgar/data/1899883/000114036126037763/0001140361-26-037763-index.htm,EX-99.1,EXHIBIT 99.1,https://www.sec.gov/Archives/edgar/data/1899883/000114036126037763/ef20082849_ex99-1.htm,False,
USGO,2026-09-28 00:00:00,https://www.sec.gov/Archives/edgar/data/1947244/000149315226044436/0001493152-26-044436-index.htm,8-K,8-K,https://www.sec.gov/Archives/edgar/data/1947244/000149315226044436/form8-k.htm,False,
USGO,2026-09-28 00:00:00,https://www.sec.gov/Archives/edgar/data/1947244/000149315226044436/0001493152-26-044436-index.htm,EX-99.1,EX-99.1,https://www.sec.gov/Archives/edgar/data/1947244/000149315226044436/ex99-1.htm,False,
USGOW,2026-09-28 00:00:00,https://www.sec.gov/Archives/edgar/data/1947244/000149315226044436/0001493152-26-044436-index.htm,8-K,8-K,https://www.sec.gov/Archives/edgar/data/1947244/000149315226044436/form8-k.htm,False,
USGOW,2026-09-28 00:00:00,https://www.sec.gov/Archives/edgar/data/1947244/000149315226044436/0001493152-26-044436-index.htm,EX-99.1,EX-99.1,https://www.sec.gov/Archives/edgar/data/1947244/000149315226044436/ex99-1.htm,False,
HEPA,2026-09-28 00:00:00,https://www.sec.gov/Archives/edgar/data/1583771/000149315226044432/0001493152-26-044432-index.htm,8-K,8-K,https://www.sec.gov/Archives/edgar/data/1583771/000149315226044432/form8-k.htm,False,
GTN-A,2026-09-28 00:00:00,https://www.sec.gov/Archives/edgar/data/43196/000143774926031279/0001437749-26-031279-index.htm,8-K,FORM 8-K,https://www.sec.gov/Archives/edgar/data/43196/000143774926031279/gtn20260925_8k.htm,False,
GTN-A,2026-09-28 00:00:00,https://www.sec.gov/Archives/edgar/data/43196/000143774926031279/0001437749-26-031279-index.htm,EX-99.1,EXHIBIT 99.1,https://www.sec.gov/Archives/edgar/data/43196/000143774926031279/ex_1019903.htm,True,
GTN,2026-09-28 00:00:00,https://www.sec.gov/Archives/edgar/data/43196/000143774926031279/0001437749-26-031279-index.htm,8-K,FORM 8-K,https://www.sec.gov/Archives/edgar/data/43196/000143774926031279/gtn20260925_8k.htm,False,
GTN,2026-09-28 00:00:00,https://www.sec.gov/Archives/edgar/data/43196/000143774926031279/0001437749-26-031279-index.htm,EX-99.1,EXHIBIT 99.1,https://www.sec.gov/Archives/edgar/data/43196/000143774926031279/ex_1019903.htm,True,
MBOT,2026-09-28 00:00:00,https://www.sec.gov/Archives/edgar/data/883975/000149315226044429/0001493152-26-044429-index.htm,8-K,8-K,https://www.sec.gov/Archives/edgar/data/883975/000149315226044429/form8-k.htm,False,
MBOT,2026-09-28 00:00:00,https://www.sec.gov/Archives/edgar/data/883975/000149315226044429/0001493152-26-044429-index.htm,EX-10.1,EX-10.1,https://www.sec.gov/Archives/edgar/data/883975/000149315226044429/ex10-1.htm,False,
BUR,2026-09-28 00:00:00,https://www.sec.gov/Archives/edgar/data/1714174/000171417426000106/0001714174-26-000106-index.htm,8-K,8-K,https://www.sec.gov/Archives/edgar/data/1714174/000171417426000106/bur-20260928.htm,False,
BUR,2026-09-28 00:00:00,https://www.sec.gov/Archives/edgar/data/1714174/000171417426000106/0001714174-26-000106-index.htm,EX-99.1,EX-99.1,https://www.sec.gov/Archives/edgar/data/1714174/000171417426000106/bur-20260928xex991.htm,False,
FLZH,2026-09-28 00:00:00,https://www.sec.gov/Archives/edgar/data/1706524/000121390026103692/0001213900-26-103692-index.htm,8-K,CURRENT REPORT,https://www.sec.gov/Archives/edgar/data/1706524/000121390026103692/ea0306693-8k_flash.htm,False,
FLZH,2026-09-28 00:00:00,https://www.sec.gov/Archives/edgar/data/1706524/000121390026103692/0001213900-26-103692-index.htm,EX-99.1,"PRESS RELEASE DATED SEPTEMBER 28, 2026",https://www.sec.gov/Archives/edgar/data/1706524/000121390026103692/ea030669301ex99-1.htm,False,
UGRO,2026-09-28 00:00:00,https://www.sec.gov/Archives/edgar/data/1706524/000121390026103692/0001213900-26-103692-index.htm,8-K,CURRENT REPORT,https://www.sec.gov/Archives/edgar/data/1706524/000121390026103692/ea0306693-8k_flash.htm,False,
UGRO,2026-09-28 00:00:00,https://www.sec.gov/Archives/edgar/data/1706524/000121390026103692/0001213900-26-103692-index.htm,EX-99.1,"PRESS RELEASE DATED SEPTEMBER 28, 2026",https://www.sec.gov/Archives/edgar/data/1706524/000121390026103692/ea030669301ex99-1.htm,False,
GXGX,2026-09-28 00:00:00,https://www.sec.gov/Archives/edgar/data/1752828/000149315226044421/0001493152-26-044421-index.htm,8-K,8-K,https://www.sec.gov/Archives/edgar/data/1752828/000149315226044421/form8-k.htm,True,
GXGX,2026-09-28 00:00:00,https://www.sec.gov/Archives/edgar/data/1752828/000149315226044421/0001493152-26-044421-index.htm,EX-10.1,EX-10.1,https://www.sec.gov/Archives/edgar/data/1752828/000149315226044421/ex10-1.htm,True,
GXGX,2026-09-28 00:00:00,https://www.sec.gov/Archives/edgar/data/1752828/000149315226044421/0001493152-26-044421-index.htm,EX-10.2,EX-10.2,https://www.sec.gov/Archives/edgar/data/1752828/000149315226044421/ex10-2.htm,False,
GXGXW,2026-09-28 00:00:00,https://www.sec.gov/Archives/edgar/data/1752828/000149315226044421/0001493152-26-044421-index.htm,8-K,8-K,https://www.sec.gov/Archives/edgar/data/1752828/000149315226044421/form8-k.htm,True,
GXGXW,2026-09-28 00:00:00,https://www.sec.gov/Archives/edgar/data/1752828/000149315226044421/0001493152-26-044421-index.htm,EX-10.1,EX-10.1,https://www.sec.gov/Archives/edgar/data/1752828/000149315226044421/ex10-1.htm,True,
GXGXW,2026-09-28 00:00:00,https://www.sec.gov/Archives/edgar/data/1752828/000149315226044421/0001493152-26-044421-index.htm,EX-10.2,EX-10.2,https://www.sec.gov/Archives/edgar/data/1752828/000149315226044421/ex10-2.htm,False,
GXGXU,2026-09-28 00:00:00,https://www.sec.gov/Archives/edgar/data/1752828/000149315226044421/0001493152-26-044421-index.htm,8-K,8-K,https://www.sec.gov/Archives/edgar/data/1752828/000149315226044421/form8-k.htm,True,
GXGXU,2026-09-28 00:00:00,https://www.sec.gov/Archives/edgar/data/1752828/000149315226044421/0001493152-26-044421-index.htm,EX-10.1,EX-10.1,https://www.sec.gov/Archives/edgar/data/1752828/000149315226044421/ex10-1.htm,True,
GXGXU,2026-09-28 00:00:00,https://www.sec.gov/Archives/edgar/data/1752828/000149315226044421/0001493152-26-044421-index.htm,EX-10.2,EX-10.2,https://www.sec.gov/Archives/edgar/data/1752828/000149315226044421/ex10-2.htm,False,
CELU,2026-09-28 00:00:00,https://www.sec.gov/Archives/edgar/data/1752828/000149315226044421/0001493152-26-044421-index.htm,8-K,8-K,https://www.sec.gov/Archives/edgar/data/1752828/000149315226044421/form8-k.htm,True,
CELU,2026-09-28 00:00:00,https://www.sec.gov/Archives/edgar/data/1752828/000149315226044421/0001493152-26-044421-index.htm,EX-10.1,EX-10.1,https://www.sec.gov/Archives/edgar/data/1752828/000149315226044421/ex10-1.htm,True,
CELU,2026-09-28 00:00:00,https://www.sec.gov/Archives/edgar/data/1752828/000149315226044421/0001493152-26-044421-index.htm,EX-10.2,EX-10.2,https://www.sec.gov/Archives/edgar/data/1752828/000149315226044421/ex10-2.htm,False,
CELUW,2026-09-28 00:00:00,https://www.sec.gov/Archives/edgar/data/1752828/000149315226044421/0001493152-26-044421-index.htm,8-K,8-K,https://www.sec.gov/Archives/edgar/data/1752828/000149315226044421/form8-k.htm,True,
CELUW,2026-09-28 00:00:00,https://www.sec.gov/Archives/edgar/data/1752828/000149315226044421/0001493152-26-044421-index.htm,EX-10.1,EX-10.1,https://www.sec.gov/Archives/edgar/data/1752828/000149315226044421/ex10-1.htm,True,
CELUW,2026-09-28 00:00:00,https://www.sec.gov/Archives/edgar/data/1752828/000149315226044421/0001493152-26-044421-index.htm,EX-10.2,EX-10.2,https://www.sec.gov/Archives/edgar/data/1752828/000149315226044421/ex10-2.htm,False,
SSRM,2026-09-28 00:00:00,https://www.sec.gov/Archives/edgar/data/921638/000162828026063643/0001628280-26-063643-index.htm,8-K,8-K,https://www.sec.gov/Archives/edgar/data/921638/000162828026063643/ssrm-20260928.htm,False,
SSRM,2026-09-28 00:00:00,https://www.sec.gov/Archives/edgar/data/921638/000162828026063643/0001628280-26-063643-index.htm,EX-99.1,EX-99.1,https://www.sec.gov/Archives/edgar/data/921638/000162828026063643/ssrmining-investorpresen.htm,True,
JOB,2026-09-28 00:00:00,https://www.sec.gov/Archives/edgar/data/40570/000147793226005813/0001477932-26-005813-index.htm,8-K,FORM 8-K,https://www.sec.gov/Archives/edgar/data/40570/000147793226005813/job_8k.htm,False,
