symbol,filingDate,filing_detail_url,document_type,document_description,document_url,matched,error
SPMC,2026-09-08 00:00:00,https://www.sec.gov/Archives/edgar/data/1930147/000182912626009903/0001829126-26-009903-index.htm,8-K,8-K,https://www.sec.gov/Archives/edgar/data/1930147/000182912626009903/soundpointmeridian_8k.htm,False,
EARN,2026-09-08 00:00:00,https://www.sec.gov/Archives/edgar/data/1560672/000162828026060947/0001628280-26-060947-index.htm,8-K,8-K,https://www.sec.gov/Archives/edgar/data/1560672/000162828026060947/earn-20260908.htm,False,
EARN,2026-09-08 00:00:00,https://www.sec.gov/Archives/edgar/data/1560672/000162828026060947/0001628280-26-060947-index.htm,EX-99.1,EX-99.1,https://www.sec.gov/Archives/edgar/data/1560672/000162828026060947/earn-exxseptember2026divid.htm,False,
ELLA,2026-09-08 00:00:00,https://www.sec.gov/Archives/edgar/data/1560672/000162828026060947/0001628280-26-060947-index.htm,8-K,8-K,https://www.sec.gov/Archives/edgar/data/1560672/000162828026060947/earn-20260908.htm,False,
ELLA,2026-09-08 00:00:00,https://www.sec.gov/Archives/edgar/data/1560672/000162828026060947/0001628280-26-060947-index.htm,EX-99.1,EX-99.1,https://www.sec.gov/Archives/edgar/data/1560672/000162828026060947/earn-exxseptember2026divid.htm,False,
CHYM,2026-09-08 00:00:00,https://www.sec.gov/Archives/edgar/data/1795586/000119312526385383/0001193125-26-385383-index.htm,8-K,8-K,https://www.sec.gov/Archives/edgar/data/1795586/000119312526385383/d948605d8k.htm,True,
CHYM,2026-09-08 00:00:00,https://www.sec.gov/Archives/edgar/data/1795586/000119312526385383/0001193125-26-385383-index.htm,EX-99.1,EX-99.1,https://www.sec.gov/Archives/edgar/data/1795586/000119312526385383/d948605dex991.htm,False,
EFC-PB,2026-09-08 00:00:00,https://www.sec.gov/Archives/edgar/data/1411342/000162828026060946/0001628280-26-060946-index.htm,8-K,8-K,https://www.sec.gov/Archives/edgar/data/1411342/000162828026060946/efc-20260908.htm,False,
EFC-PB,2026-09-08 00:00:00,https://www.sec.gov/Archives/edgar/data/1411342/000162828026060946/0001628280-26-060946-index.htm,EX-99.1,EX-99.1,https://www.sec.gov/Archives/edgar/data/1411342/000162828026060946/efc-exx926dividendrelease.htm,False,
EFC-PE,2026-09-08 00:00:00,https://www.sec.gov/Archives/edgar/data/1411342/000162828026060946/0001628280-26-060946-index.htm,8-K,8-K,https://www.sec.gov/Archives/edgar/data/1411342/000162828026060946/efc-20260908.htm,False,
EFC-PE,2026-09-08 00:00:00,https://www.sec.gov/Archives/edgar/data/1411342/000162828026060946/0001628280-26-060946-index.htm,EX-99.1,EX-99.1,https://www.sec.gov/Archives/edgar/data/1411342/000162828026060946/efc-exx926dividendrelease.htm,False,
EFC,2026-09-08 00:00:00,https://www.sec.gov/Archives/edgar/data/1411342/000162828026060946/0001628280-26-060946-index.htm,8-K,8-K,https://www.sec.gov/Archives/edgar/data/1411342/000162828026060946/efc-20260908.htm,False,
EFC,2026-09-08 00:00:00,https://www.sec.gov/Archives/edgar/data/1411342/000162828026060946/0001628280-26-060946-index.htm,EX-99.1,EX-99.1,https://www.sec.gov/Archives/edgar/data/1411342/000162828026060946/efc-exx926dividendrelease.htm,False,
EFC-PC,2026-09-08 00:00:00,https://www.sec.gov/Archives/edgar/data/1411342/000162828026060946/0001628280-26-060946-index.htm,8-K,8-K,https://www.sec.gov/Archives/edgar/data/1411342/000162828026060946/efc-20260908.htm,False,
EFC-PC,2026-09-08 00:00:00,https://www.sec.gov/Archives/edgar/data/1411342/000162828026060946/0001628280-26-060946-index.htm,EX-99.1,EX-99.1,https://www.sec.gov/Archives/edgar/data/1411342/000162828026060946/efc-exx926dividendrelease.htm,False,
EFC-PD,2026-09-08 00:00:00,https://www.sec.gov/Archives/edgar/data/1411342/000162828026060946/0001628280-26-060946-index.htm,8-K,8-K,https://www.sec.gov/Archives/edgar/data/1411342/000162828026060946/efc-20260908.htm,False,
EFC-PD,2026-09-08 00:00:00,https://www.sec.gov/Archives/edgar/data/1411342/000162828026060946/0001628280-26-060946-index.htm,EX-99.1,EX-99.1,https://www.sec.gov/Archives/edgar/data/1411342/000162828026060946/efc-exx926dividendrelease.htm,False,
EFC-PA,2026-09-08 00:00:00,https://www.sec.gov/Archives/edgar/data/1411342/000162828026060946/0001628280-26-060946-index.htm,8-K,8-K,https://www.sec.gov/Archives/edgar/data/1411342/000162828026060946/efc-20260908.htm,False,
EFC-PA,2026-09-08 00:00:00,https://www.sec.gov/Archives/edgar/data/1411342/000162828026060946/0001628280-26-060946-index.htm,EX-99.1,EX-99.1,https://www.sec.gov/Archives/edgar/data/1411342/000162828026060946/efc-exx926dividendrelease.htm,False,
MUR,2026-09-08 00:00:00,https://www.sec.gov/Archives/edgar/data/717423/000095010326013671/0000950103-26-013671-index.htm,8-K,FORM 8-K,https://www.sec.gov/Archives/edgar/data/717423/000095010326013671/dp253091_8k.htm,False,
MUR,2026-09-08 00:00:00,https://www.sec.gov/Archives/edgar/data/717423/000095010326013671/0000950103-26-013671-index.htm,EX-99.1,EXHIBIT 99.1,https://www.sec.gov/Archives/edgar/data/717423/000095010326013671/dp253091_ex9901.htm,False,
OCGN,2026-09-08 00:00:00,https://www.sec.gov/Archives/edgar/data/1372299/000110465926105968/0001104659-26-105968-index.htm,8-K,FORM 8-K,https://www.sec.gov/Archives/edgar/data/1372299/000110465926105968/tm2624985d1_8k.htm,False,
OCGN,2026-09-08 00:00:00,https://www.sec.gov/Archives/edgar/data/1372299/000110465926105968/0001104659-26-105968-index.htm,EX-99.1,EXHIBIT 99.1,https://www.sec.gov/Archives/edgar/data/1372299/000110465926105968/tm2624985d1_ex99-1.htm,False,
HSGX,2026-09-08 00:00:00,https://www.sec.gov/Archives/edgar/data/1372299/000110465926105968/0001104659-26-105968-index.htm,8-K,FORM 8-K,https://www.sec.gov/Archives/edgar/data/1372299/000110465926105968/tm2624985d1_8k.htm,False,
HSGX,2026-09-08 00:00:00,https://www.sec.gov/Archives/edgar/data/1372299/000110465926105968/0001104659-26-105968-index.htm,EX-99.1,EXHIBIT 99.1,https://www.sec.gov/Archives/edgar/data/1372299/000110465926105968/tm2624985d1_ex99-1.htm,False,
RGEN,2026-09-08 00:00:00,https://www.sec.gov/Archives/edgar/data/730272/000119312526385380/0001193125-26-385380-index.htm,8-K,8-K,https://www.sec.gov/Archives/edgar/data/730272/000119312526385380/d131600d8k.htm,False,
PACE,2026-09-08 00:00:00,https://www.sec.gov/Archives/edgar/data/1819404/000181940426000097/0001819404-26-000097-index.htm,8-K,8-K,https://www.sec.gov/Archives/edgar/data/1819404/000181940426000097/nrdy-20260901.htm,False,
NRDY,2026-09-08 00:00:00,https://www.sec.gov/Archives/edgar/data/1819404/000181940426000097/0001819404-26-000097-index.htm,8-K,8-K,https://www.sec.gov/Archives/edgar/data/1819404/000181940426000097/nrdy-20260901.htm,False,
NRDY-WT,2026-09-08 00:00:00,https://www.sec.gov/Archives/edgar/data/1819404/000181940426000097/0001819404-26-000097-index.htm,8-K,8-K,https://www.sec.gov/Archives/edgar/data/1819404/000181940426000097/nrdy-20260901.htm,False,
PACE-UN,2026-09-08 00:00:00,https://www.sec.gov/Archives/edgar/data/1819404/000181940426000097/0001819404-26-000097-index.htm,8-K,8-K,https://www.sec.gov/Archives/edgar/data/1819404/000181940426000097/nrdy-20260901.htm,False,
UPTD,2026-09-08 00:00:00,https://www.sec.gov/Archives/edgar/data/1844417/000121390026098123/0001213900-26-098123-index.htm,8-K,CURRENT REPORT,https://www.sec.gov/Archives/edgar/data/1844417/000121390026098123/ea030490301-8k_estrella.htm,False,
UPTDU,2026-09-08 00:00:00,https://www.sec.gov/Archives/edgar/data/1844417/000121390026098123/0001213900-26-098123-index.htm,8-K,CURRENT REPORT,https://www.sec.gov/Archives/edgar/data/1844417/000121390026098123/ea030490301-8k_estrella.htm,False,
UPTDW,2026-09-08 00:00:00,https://www.sec.gov/Archives/edgar/data/1844417/000121390026098123/0001213900-26-098123-index.htm,8-K,CURRENT REPORT,https://www.sec.gov/Archives/edgar/data/1844417/000121390026098123/ea030490301-8k_estrella.htm,False,
ESLA,2026-09-08 00:00:00,https://www.sec.gov/Archives/edgar/data/1844417/000121390026098123/0001213900-26-098123-index.htm,8-K,CURRENT REPORT,https://www.sec.gov/Archives/edgar/data/1844417/000121390026098123/ea030490301-8k_estrella.htm,False,
ESLAW,2026-09-08 00:00:00,https://www.sec.gov/Archives/edgar/data/1844417/000121390026098123/0001213900-26-098123-index.htm,8-K,CURRENT REPORT,https://www.sec.gov/Archives/edgar/data/1844417/000121390026098123/ea030490301-8k_estrella.htm,False,
HEPA,2026-09-08 00:00:00,https://www.sec.gov/Archives/edgar/data/1583771/000149315226041801/0001493152-26-041801-index.htm,8-K,8-K,https://www.sec.gov/Archives/edgar/data/1583771/000149315226041801/form8-k.htm,True,
HEPA,2026-09-08 00:00:00,https://www.sec.gov/Archives/edgar/data/1583771/000149315226041801/0001493152-26-041801-index.htm,EX-10.1,EX-10.1,https://www.sec.gov/Archives/edgar/data/1583771/000149315226041801/ex10-1.htm,True,
HEPA,2026-09-08 00:00:00,https://www.sec.gov/Archives/edgar/data/1583771/000149315226041801/0001493152-26-041801-index.htm,EX-10.2,EX-10.2,https://www.sec.gov/Archives/edgar/data/1583771/000149315226041801/ex10-2.htm,False,
STME,2026-09-08 00:00:00,https://www.sec.gov/Archives/edgar/data/1493712/000149371226000012/0001493712-26-000012-index.htm,8-K,CURRENT REPORT,https://www.sec.gov/Archives/edgar/data/1493712/000149371226000012/stme-20260824_8k.htm,True,
STME,2026-09-08 00:00:00,https://www.sec.gov/Archives/edgar/data/1493712/000149371226000012/0001493712-26-000012-index.htm,EX-10.1,ADVISORY SERVICES AGREEMENT,https://www.sec.gov/Archives/edgar/data/1493712/000149371226000012/stme_ex101.htm,False,
STME,2026-09-08 00:00:00,https://www.sec.gov/Archives/edgar/data/1493712/000149371226000012/0001493712-26-000012-index.htm,EX-99.1,"NEWS RELEASE DATED SEPTEMBER 8, 2026",https://www.sec.gov/Archives/edgar/data/1493712/000149371226000012/stme_ex991.htm,False,
CMXC,2026-09-08 00:00:00,https://www.sec.gov/Archives/edgar/data/1493712/000149371226000012/0001493712-26-000012-index.htm,8-K,CURRENT REPORT,https://www.sec.gov/Archives/edgar/data/1493712/000149371226000012/stme-20260824_8k.htm,True,
CMXC,2026-09-08 00:00:00,https://www.sec.gov/Archives/edgar/data/1493712/000149371226000012/0001493712-26-000012-index.htm,EX-10.1,ADVISORY SERVICES AGREEMENT,https://www.sec.gov/Archives/edgar/data/1493712/000149371226000012/stme_ex101.htm,False,
CMXC,2026-09-08 00:00:00,https://www.sec.gov/Archives/edgar/data/1493712/000149371226000012/0001493712-26-000012-index.htm,EX-99.1,"NEWS RELEASE DATED SEPTEMBER 8, 2026",https://www.sec.gov/Archives/edgar/data/1493712/000149371226000012/stme_ex991.htm,False,
WS,2026-09-08 00:00:00,https://www.sec.gov/Archives/edgar/data/1968487/000119312526385371/0001193125-26-385371-index.htm,8-K,8-K,https://www.sec.gov/Archives/edgar/data/1968487/000119312526385371/d104833d8k.htm,True,
WS,2026-09-08 00:00:00,https://www.sec.gov/Archives/edgar/data/1968487/000119312526385371/0001193125-26-385371-index.htm,EX-10.1,EX-10.1,https://www.sec.gov/Archives/edgar/data/1968487/000119312526385371/d104833dex101.htm,False,
WS,2026-09-08 00:00:00,https://www.sec.gov/Archives/edgar/data/1968487/000119312526385371/0001193125-26-385371-index.htm,EX-99.1,EX-99.1,https://www.sec.gov/Archives/edgar/data/1968487/000119312526385371/d104833dex991.htm,False,
STZ-B,2026-09-08 00:00:00,https://www.sec.gov/Archives/edgar/data/16918/000001691826000034/0000016918-26-000034-index.htm,8-K,8-K,https://www.sec.gov/Archives/edgar/data/16918/000001691826000034/stz-20260908.htm,False,
STZ-B,2026-09-08 00:00:00,https://www.sec.gov/Archives/edgar/data/16918/000001691826000034/0000016918-26-000034-index.htm,EX-99.1,EX-99.1,https://www.sec.gov/Archives/edgar/data/16918/000001691826000034/stzex991_90820268k.htm,False,
STZ,2026-09-08 00:00:00,https://www.sec.gov/Archives/edgar/data/16918/000001691826000034/0000016918-26-000034-index.htm,8-K,8-K,https://www.sec.gov/Archives/edgar/data/16918/000001691826000034/stz-20260908.htm,False,
STZ,2026-09-08 00:00:00,https://www.sec.gov/Archives/edgar/data/16918/000001691826000034/0000016918-26-000034-index.htm,EX-99.1,EX-99.1,https://www.sec.gov/Archives/edgar/data/16918/000001691826000034/stzex991_90820268k.htm,False,
None,2026-09-08 00:00:00,https://www.sec.gov/Archives/edgar/data/1998387/000093041326002858/0000930413-26-002858-index.htm,8-K,,https://www.sec.gov/Archives/edgar/data/1998387/000093041326002858/c117647_8k-ixbrl.htm,True,
None,2026-09-08 00:00:00,https://www.sec.gov/Archives/edgar/data/1998387/000093041326002858/0000930413-26-002858-index.htm,EX-10.1,,https://www.sec.gov/Archives/edgar/data/1998387/000093041326002858/c117647_ex10-1.htm,True,
FCX,2026-09-08 00:00:00,https://www.sec.gov/Archives/edgar/data/831259/000083125926000038/0000831259-26-000038-index.htm,8-K,8-K,https://www.sec.gov/Archives/edgar/data/831259/000083125926000038/fcx-20260901.htm,True,
ISR,2026-09-08 00:00:00,https://www.sec.gov/Archives/edgar/data/728387/000119312526385362/0001193125-26-385362-index.htm,8-K,8-K,https://www.sec.gov/Archives/edgar/data/728387/000119312526385362/catx-20260908.htm,False,
ISR,2026-09-08 00:00:00,https://www.sec.gov/Archives/edgar/data/728387/000119312526385362/0001193125-26-385362-index.htm,EX-99.1,EX-99.1,https://www.sec.gov/Archives/edgar/data/728387/000119312526385362/catx-ex99_1.htm,False,
CATX,2026-09-08 00:00:00,https://www.sec.gov/Archives/edgar/data/728387/000119312526385362/0001193125-26-385362-index.htm,8-K,8-K,https://www.sec.gov/Archives/edgar/data/728387/000119312526385362/catx-20260908.htm,False,
CATX,2026-09-08 00:00:00,https://www.sec.gov/Archives/edgar/data/728387/000119312526385362/0001193125-26-385362-index.htm,EX-99.1,EX-99.1,https://www.sec.gov/Archives/edgar/data/728387/000119312526385362/catx-ex99_1.htm,False,
JCS,2026-09-08 00:00:00,https://www.sec.gov/Archives/edgar/data/22701/000121390026098107/0001213900-26-098107-index.htm,8-K,CURRENT REPORT,https://www.sec.gov/Archives/edgar/data/22701/000121390026098107/ea030487602-8k425_sunation.htm,True,
PEGY,2026-09-08 00:00:00,https://www.sec.gov/Archives/edgar/data/22701/000121390026098107/0001213900-26-098107-index.htm,8-K,CURRENT REPORT,https://www.sec.gov/Archives/edgar/data/22701/000121390026098107/ea030487602-8k425_sunation.htm,True,
SUNE,2026-09-08 00:00:00,https://www.sec.gov/Archives/edgar/data/22701/000121390026098107/0001213900-26-098107-index.htm,8-K,CURRENT REPORT,https://www.sec.gov/Archives/edgar/data/22701/000121390026098107/ea030487602-8k425_sunation.htm,True,
UTHR,2026-09-08 00:00:00,https://www.sec.gov/Archives/edgar/data/1082554/000110465926105953/0001104659-26-105953-index.htm,8-K,FORM 8-K,https://www.sec.gov/Archives/edgar/data/1082554/000110465926105953/tm2624887d1_8k.htm,True,
UTHR,2026-09-08 00:00:00,https://www.sec.gov/Archives/edgar/data/1082554/000110465926105953/0001104659-26-105953-index.htm,EX-99.1,EXHIBIT 99.1,https://www.sec.gov/Archives/edgar/data/1082554/000110465926105953/tm2624887d1_ex99-1.htm,False,
JCS,2026-09-08 00:00:00,https://www.sec.gov/Archives/edgar/data/22701/000121390026098099/0001213900-26-098099-index.htm,8-K,CURRENT REPORT,https://www.sec.gov/Archives/edgar/data/22701/000121390026098099/ea030487601-8k425_sunation.htm,False,
JCS,2026-09-08 00:00:00,https://www.sec.gov/Archives/edgar/data/22701/000121390026098099/0001213900-26-098099-index.htm,EX-99.1,"PRESS RELEASE ISSUED ON SEPTEMBER 8, 2026",https://www.sec.gov/Archives/edgar/data/22701/000121390026098099/ea030487601ex99-1.htm,False,
PEGY,2026-09-08 00:00:00,https://www.sec.gov/Archives/edgar/data/22701/000121390026098099/0001213900-26-098099-index.htm,8-K,CURRENT REPORT,https://www.sec.gov/Archives/edgar/data/22701/000121390026098099/ea030487601-8k425_sunation.htm,False,
PEGY,2026-09-08 00:00:00,https://www.sec.gov/Archives/edgar/data/22701/000121390026098099/0001213900-26-098099-index.htm,EX-99.1,"PRESS RELEASE ISSUED ON SEPTEMBER 8, 2026",https://www.sec.gov/Archives/edgar/data/22701/000121390026098099/ea030487601ex99-1.htm,False,
SUNE,2026-09-08 00:00:00,https://www.sec.gov/Archives/edgar/data/22701/000121390026098099/0001213900-26-098099-index.htm,8-K,CURRENT REPORT,https://www.sec.gov/Archives/edgar/data/22701/000121390026098099/ea030487601-8k425_sunation.htm,False,
SUNE,2026-09-08 00:00:00,https://www.sec.gov/Archives/edgar/data/22701/000121390026098099/0001213900-26-098099-index.htm,EX-99.1,"PRESS RELEASE ISSUED ON SEPTEMBER 8, 2026",https://www.sec.gov/Archives/edgar/data/22701/000121390026098099/ea030487601ex99-1.htm,False,
None,2026-09-08 00:00:00,https://www.sec.gov/Archives/edgar/data/1745648/000119312526385355/0001193125-26-385355-index.htm,8-K,8-K,https://www.sec.gov/Archives/edgar/data/1745648/000119312526385355/apmd-20260908.htm,False,
None,2026-09-08 00:00:00,https://www.sec.gov/Archives/edgar/data/1745648/000119312526385355/0001193125-26-385355-index.htm,EX-99.1,EX-99.1,https://www.sec.gov/Archives/edgar/data/1745648/000119312526385355/apmd-ex99_1.htm,False,
None,2026-09-08 00:00:00,https://www.sec.gov/Archives/edgar/data/2081043/000114036126035939/0001140361-26-035939-index.htm,8-K,8-K,https://www.sec.gov/Archives/edgar/data/2081043/000114036126035939/ef20081508_8k.htm,False,
CURLF,2026-09-08 00:00:00,https://www.sec.gov/Archives/edgar/data/1756770/000175677026000095/0001756770-26-000095-index.htm,8-K,8-K,https://www.sec.gov/Archives/edgar/data/1756770/000175677026000095/curlf-20260908.htm,False,
CURLF,2026-09-08 00:00:00,https://www.sec.gov/Archives/edgar/data/1756770/000175677026000095/0001756770-26-000095-index.htm,EX-99.1,EX-99.1,https://www.sec.gov/Archives/edgar/data/1756770/000175677026000095/a2026-09x08xcuraleafxiss.htm,False,
BKYI,2026-09-08 00:00:00,https://www.sec.gov/Archives/edgar/data/1019034/000143774926029849/0001437749-26-029849-index.htm,8-K,FORM 8-K,https://www.sec.gov/Archives/edgar/data/1019034/000143774926029849/bkyi20260904_8k.htm,False,
WHD,2026-09-08 00:00:00,https://www.sec.gov/Archives/edgar/data/1699136/000162828026060938/0001628280-26-060938-index.htm,8-K,8-K,https://www.sec.gov/Archives/edgar/data/1699136/000162828026060938/whd-20260908.htm,False,
WHD,2026-09-08 00:00:00,https://www.sec.gov/Archives/edgar/data/1699136/000162828026060938/0001628280-26-060938-index.htm,EX-99.1,EX-99.1,https://www.sec.gov/Archives/edgar/data/1699136/000162828026060938/september2026investorpre.htm,True,
THC,2026-09-08 00:00:00,https://www.sec.gov/Archives/edgar/data/70318/000007031826000040/0000070318-26-000040-index.htm,8-K,8-K,https://www.sec.gov/Archives/edgar/data/70318/000007031826000040/thc-20260908.htm,False,
THC,2026-09-08 00:00:00,https://www.sec.gov/Archives/edgar/data/70318/000007031826000040/0000070318-26-000040-index.htm,EX-99.1,EX-99.1,https://www.sec.gov/Archives/edgar/data/70318/000007031826000040/thc-20260908ex991.htm,False,
BWNB,2026-09-08 00:00:00,https://www.sec.gov/Archives/edgar/data/1630805/000110465926105943/0001104659-26-105943-index.htm,8-K,FORM 8-K,https://www.sec.gov/Archives/edgar/data/1630805/000110465926105943/tm2624980d1_8k.htm,False,
BW-PA,2026-09-08 00:00:00,https://www.sec.gov/Archives/edgar/data/1630805/000110465926105943/0001104659-26-105943-index.htm,8-K,FORM 8-K,https://www.sec.gov/Archives/edgar/data/1630805/000110465926105943/tm2624980d1_8k.htm,False,
BW,2026-09-08 00:00:00,https://www.sec.gov/Archives/edgar/data/1630805/000110465926105943/0001104659-26-105943-index.htm,8-K,FORM 8-K,https://www.sec.gov/Archives/edgar/data/1630805/000110465926105943/tm2624980d1_8k.htm,False,
BWSN,2026-09-08 00:00:00,https://www.sec.gov/Archives/edgar/data/1630805/000110465926105943/0001104659-26-105943-index.htm,8-K,FORM 8-K,https://www.sec.gov/Archives/edgar/data/1630805/000110465926105943/tm2624980d1_8k.htm,False,
MNTN,2026-09-08 00:00:00,https://www.sec.gov/Archives/edgar/data/1891027/000189102726000089/0001891027-26-000089-index.htm,8-K,FORM 8-K,https://www.sec.gov/Archives/edgar/data/1891027/000189102726000089/mntn-20260903.htm,False,
NBY,2026-09-08 00:00:00,https://www.sec.gov/Archives/edgar/data/1389545/000143774926029847/0001437749-26-029847-index.htm,8-K,FORM 8-K,https://www.sec.gov/Archives/edgar/data/1389545/000143774926029847/sdev20260903_8k.htm,False,
NBY,2026-09-08 00:00:00,https://www.sec.gov/Archives/edgar/data/1389545/000143774926029847/0001437749-26-029847-index.htm,EX-10.1,EXHIBIT 10.1,https://www.sec.gov/Archives/edgar/data/1389545/000143774926029847/ex_1012723.htm,False,
AMLX,2026-09-08 00:00:00,https://www.sec.gov/Archives/edgar/data/1658551/000119312526385331/0001193125-26-385331-index.htm,8-K,8-K,https://www.sec.gov/Archives/edgar/data/1658551/000119312526385331/d160615d8k.htm,True,
PAYOW,2026-09-08 00:00:00,https://www.sec.gov/Archives/edgar/data/1845815/000095010326013665/0000950103-26-013665-index.htm,8-K,FORM 8-K,https://www.sec.gov/Archives/edgar/data/1845815/000095010326013665/dp253036_8k.htm,False,
PAYO,2026-09-08 00:00:00,https://www.sec.gov/Archives/edgar/data/1845815/000095010326013665/0000950103-26-013665-index.htm,8-K,FORM 8-K,https://www.sec.gov/Archives/edgar/data/1845815/000095010326013665/dp253036_8k.htm,False,
NTIP,2026-09-08 00:00:00,https://www.sec.gov/Archives/edgar/data/1065078/000107261326000755/0001072613-26-000755-index.htm,8-K,"FORM 8K DATED SEPTEMBER 3, 2026",https://www.sec.gov/Archives/edgar/data/1065078/000107261326000755/form8k.htm,False,
NTIP,2026-09-08 00:00:00,https://www.sec.gov/Archives/edgar/data/1065078/000107261326000755/0001072613-26-000755-index.htm,EX-99.1,"PRESS RELEASE DATED SEPTEMBER 3, 2026",https://www.sec.gov/Archives/edgar/data/1065078/000107261326000755/exh99-1.htm,False,
BJDX,2026-09-08 00:00:00,https://www.sec.gov/Archives/edgar/data/1704287/000121390026098071/0001213900-26-098071-index.htm,8-K,CURRENT REPORT,https://www.sec.gov/Archives/edgar/data/1704287/000121390026098071/ea0304864-8k_bluejay.htm,True,
BJDX,2026-09-08 00:00:00,https://www.sec.gov/Archives/edgar/data/1704287/000121390026098071/0001213900-26-098071-index.htm,EX-10.1,"DISTRIBUTION, CO-MARKETING & STRATEGIC PARTNERSHIP AGREEMENT DATED SEPTEMBER 1,",https://www.sec.gov/Archives/edgar/data/1704287/000121390026098071/ea030486401ex10-1.htm,False,
BJDX,2026-09-08 00:00:00,https://www.sec.gov/Archives/edgar/data/1704287/000121390026098071/0001213900-26-098071-index.htm,EX-99.1,"PRESS RELEASE, DATED SEPTEMBER 8, 2026",https://www.sec.gov/Archives/edgar/data/1704287/000121390026098071/ea030486401ex99-1.htm,False,
ZCSH,2026-09-08 00:00:00,https://www.sec.gov/Archives/edgar/data/1720265/000119312526385317/0001193125-26-385317-index.htm,8-K,8-K,https://www.sec.gov/Archives/edgar/data/1720265/000119312526385317/zcsh-20260908.htm,False,
ZCSH,2026-09-08 00:00:00,https://www.sec.gov/Archives/edgar/data/1720265/000119312526385317/0001193125-26-385317-index.htm,EX-99.1,EX-99.1,https://www.sec.gov/Archives/edgar/data/1720265/000119312526385317/zcsh-ex99_1.htm,False,
STEP,2026-09-08 00:00:00,https://www.sec.gov/Archives/edgar/data/1796022/000179602226000006/0001796022-26-000006-index.htm,8-K,8-K,https://www.sec.gov/Archives/edgar/data/1796022/000179602226000006/step-20260908.htm,False,
None,2026-09-08 00:00:00,https://www.sec.gov/Archives/edgar/data/2110105/000162828026060934/0001628280-26-060934-index.htm,8-K,8-K,https://www.sec.gov/Archives/edgar/data/2110105/000162828026060934/qnt-20260908.htm,True,
None,2026-09-08 00:00:00,https://www.sec.gov/Archives/edgar/data/2110105/000162828026060934/0001628280-26-060934-index.htm,EX-99.1,EX-99.1,https://www.sec.gov/Archives/edgar/data/2110105/000162828026060934/quantinuum-finalizesx100.htm,False,
AVEX,2026-09-08 00:00:00,https://www.sec.gov/Archives/edgar/data/2096300/000119312526385301/0001193125-26-385301-index.htm,8-K,8-K,https://www.sec.gov/Archives/edgar/data/2096300/000119312526385301/d930675d8k.htm,False,
AVEX,2026-09-08 00:00:00,https://www.sec.gov/Archives/edgar/data/2096300/000119312526385301/0001193125-26-385301-index.htm,EX-99.1,EX-99.1,https://www.sec.gov/Archives/edgar/data/2096300/000119312526385301/d930675dex991.htm,False,
CON,2026-09-08 00:00:00,https://www.sec.gov/Archives/edgar/data/2014596/000201459626000064/0002014596-26-000064-index.htm,8-K,8-K,https://www.sec.gov/Archives/edgar/data/2014596/000201459626000064/cghp-20260904.htm,False,
CON,2026-09-08 00:00:00,https://www.sec.gov/Archives/edgar/data/2014596/000201459626000064/0002014596-26-000064-index.htm,EX-99.1,EX-99.1,https://www.sec.gov/Archives/edgar/data/2014596/000201459626000064/exhibit991.htm,False,
IKT,2026-09-08 00:00:00,https://www.sec.gov/Archives/edgar/data/1750149/000119312526385293/0001193125-26-385293-index.htm,8-K,8-K,https://www.sec.gov/Archives/edgar/data/1750149/000119312526385293/d152999d8k.htm,False,
IKT,2026-09-08 00:00:00,https://www.sec.gov/Archives/edgar/data/1750149/000119312526385293/0001193125-26-385293-index.htm,EX-99.1,EX-99.1,https://www.sec.gov/Archives/edgar/data/1750149/000119312526385293/d152999dex991.htm,False,
None,2026-09-08 00:00:00,https://www.sec.gov/Archives/edgar/data/1637757/000110465926105931/0001104659-26-105931-index.htm,8-K,FORM 8-K,https://www.sec.gov/Archives/edgar/data/1637757/000110465926105931/tm2624939d1_8k.htm,False,
None,2026-09-08 00:00:00,https://www.sec.gov/Archives/edgar/data/1637757/000110465926105931/0001104659-26-105931-index.htm,EX-99.1,EXHIBIT 99.1,https://www.sec.gov/Archives/edgar/data/1637757/000110465926105931/tm2624939d1_ex99-1.htm,False,
IPGP,2026-09-08 00:00:00,https://www.sec.gov/Archives/edgar/data/1111928/000111192826000169/0001111928-26-000169-index.htm,8-K,8-K,https://www.sec.gov/Archives/edgar/data/1111928/000111192826000169/ipgp-20260908.htm,True,
CWEN,2026-09-08 00:00:00,https://www.sec.gov/Archives/edgar/data/1567683/000110465926105930/0001104659-26-105930-index.htm,8-K,FORM 8-K,https://www.sec.gov/Archives/edgar/data/1567683/000110465926105930/tm2624938d1_8k.htm,False,
CWEN,2026-09-08 00:00:00,https://www.sec.gov/Archives/edgar/data/1567683/000110465926105930/0001104659-26-105930-index.htm,EX-99.1,EXHIBIT 99.1,https://www.sec.gov/Archives/edgar/data/1567683/000110465926105930/tm2624938d1_ex99-1.htm,False,
CWEN-A,2026-09-08 00:00:00,https://www.sec.gov/Archives/edgar/data/1567683/000110465926105930/0001104659-26-105930-index.htm,8-K,FORM 8-K,https://www.sec.gov/Archives/edgar/data/1567683/000110465926105930/tm2624938d1_8k.htm,False,
CWEN-A,2026-09-08 00:00:00,https://www.sec.gov/Archives/edgar/data/1567683/000110465926105930/0001104659-26-105930-index.htm,EX-99.1,EXHIBIT 99.1,https://www.sec.gov/Archives/edgar/data/1567683/000110465926105930/tm2624938d1_ex99-1.htm,False,
GABC,2026-09-08 00:00:00,https://www.sec.gov/Archives/edgar/data/714395/000071439526000039/0000714395-26-000039-index.htm,8-K,8-K,https://www.sec.gov/Archives/edgar/data/714395/000071439526000039/gabc-20260908.htm,False,
GABC,2026-09-08 00:00:00,https://www.sec.gov/Archives/edgar/data/714395/000071439526000039/0000714395-26-000039-index.htm,EX-99.1,EX-99.1,https://www.sec.gov/Archives/edgar/data/714395/000071439526000039/investorpresentationrj09.htm,False,
ADBE,2026-09-08 00:00:00,https://www.sec.gov/Archives/edgar/data/796343/000079634326000144/0000796343-26-000144-index.htm,8-K,8-K,https://www.sec.gov/Archives/edgar/data/796343/000079634326000144/adbe-20260902.htm,False,
ADBE,2026-09-08 00:00:00,https://www.sec.gov/Archives/edgar/data/796343/000079634326000144/0000796343-26-000144-index.htm,EX-99.1,EX-99.1,https://www.sec.gov/Archives/edgar/data/796343/000079634326000144/adbeex9918-k9826.htm,False,
RES,2026-09-08 00:00:00,https://www.sec.gov/Archives/edgar/data/742278/000110465926105928/0001104659-26-105928-index.htm,8-K,8-K,https://www.sec.gov/Archives/edgar/data/742278/000110465926105928/res-20260903x8k.htm,False,
INDB,2026-09-08 00:00:00,https://www.sec.gov/Archives/edgar/data/776901/000077690126000140/0000776901-26-000140-index.htm,8-K,8-K RAYMOND JAMES INVESTOR PRESENTATION,https://www.sec.gov/Archives/edgar/data/776901/000077690126000140/indb-20260908.htm,False,
INDB,2026-09-08 00:00:00,https://www.sec.gov/Archives/edgar/data/776901/000077690126000140/0000776901-26-000140-index.htm,EX-99.1,EX-99.1 - RAYMOND JAMES INVESTOR PRESENTATION,https://www.sec.gov/Archives/edgar/data/776901/000077690126000140/investorpresentationslid.htm,False,
ETS,2026-09-08 00:00:00,https://www.sec.gov/Archives/edgar/data/2053641/000110465926105925/0001104659-26-105925-index.htm,8-K,FORM 8-K,https://www.sec.gov/Archives/edgar/data/2053641/000110465926105925/tm2624935d1_8k.htm,False,
None,2026-09-08 00:00:00,https://www.sec.gov/Archives/edgar/data/2027537/000119312526385271/0001193125-26-385271-index.htm,8-K,8-K,https://www.sec.gov/Archives/edgar/data/2027537/000119312526385271/d535517d8k.htm,False,
None,2026-09-08 00:00:00,https://www.sec.gov/Archives/edgar/data/2033695/000119312526385270/0001193125-26-385270-index.htm,8-K,8-K,https://www.sec.gov/Archives/edgar/data/2033695/000119312526385270/ck0002033695-20260901.htm,False,
KWR,2026-09-08 00:00:00,https://www.sec.gov/Archives/edgar/data/81362/000162828026060928/0001628280-26-060928-index.htm,8-K,8-K,https://www.sec.gov/Archives/edgar/data/81362/000162828026060928/kwr-20260904.htm,False,
KFY,2026-09-08 00:00:00,https://www.sec.gov/Archives/edgar/data/56679/000005667926000023/0000056679-26-000023-index.htm,8-K,8-K,https://www.sec.gov/Archives/edgar/data/56679/000005667926000023/kfy-20260908.htm,False,
KFY,2026-09-08 00:00:00,https://www.sec.gov/Archives/edgar/data/56679/000005667926000023/0000056679-26-000023-index.htm,EX-99.1,EX-99.1,https://www.sec.gov/Archives/edgar/data/56679/000005667926000023/kfy-20260731xex991q1fy27di.htm,False,
FLL,2026-09-08 00:00:00,https://www.sec.gov/Archives/edgar/data/891482/000089148226000040/0000891482-26-000040-index.htm,8-K,8-K,https://www.sec.gov/Archives/edgar/data/891482/000089148226000040/fll-20260902x8k.htm,True,
FLL,2026-09-08 00:00:00,https://www.sec.gov/Archives/edgar/data/891482/000089148226000040/0000891482-26-000040-index.htm,EX-10.1,EX-10.1,https://www.sec.gov/Archives/edgar/data/891482/000089148226000040/fll-20260902xex10d1.htm,False,
BFH,2026-09-08 00:00:00,https://www.sec.gov/Archives/edgar/data/1101215/000110121526000081/0001101215-26-000081-index.htm,8-K,8-K,https://www.sec.gov/Archives/edgar/data/1101215/000110121526000081/bfh-20260903.htm,True,
BFH,2026-09-08 00:00:00,https://www.sec.gov/Archives/edgar/data/1101215/000110121526000081/0001101215-26-000081-index.htm,EX-10.1,EX-10.1,https://www.sec.gov/Archives/edgar/data/1101215/000110121526000081/breadfinancial-amendment.htm,True,
ADS,2026-09-08 00:00:00,https://www.sec.gov/Archives/edgar/data/1101215/000110121526000081/0001101215-26-000081-index.htm,8-K,8-K,https://www.sec.gov/Archives/edgar/data/1101215/000110121526000081/bfh-20260903.htm,True,
ADS,2026-09-08 00:00:00,https://www.sec.gov/Archives/edgar/data/1101215/000110121526000081/0001101215-26-000081-index.htm,EX-10.1,EX-10.1,https://www.sec.gov/Archives/edgar/data/1101215/000110121526000081/breadfinancial-amendment.htm,True,
None,2026-09-08 00:00:00,https://www.sec.gov/Archives/edgar/data/2050260/000205026026000051/0002050260-26-000051-index.htm,8-K,8-K,https://www.sec.gov/Archives/edgar/data/2050260/000205026026000051/tpop-20260906.htm,False,
ALG,2026-09-08 00:00:00,https://www.sec.gov/Archives/edgar/data/897077/000089707726000101/0000897077-26-000101-index.htm,8-K,8-K,https://www.sec.gov/Archives/edgar/data/897077/000089707726000101/alg-20260908.htm,False,
AURCW,2026-09-08 00:00:00,https://www.sec.gov/Archives/edgar/data/1835856/000183585626000034/0001835856-26-000034-index.htm,8-K,8-K,https://www.sec.gov/Archives/edgar/data/1835856/000183585626000034/betr-20260901.htm,False,
AURCU,2026-09-08 00:00:00,https://www.sec.gov/Archives/edgar/data/1835856/000183585626000034/0001835856-26-000034-index.htm,8-K,8-K,https://www.sec.gov/Archives/edgar/data/1835856/000183585626000034/betr-20260901.htm,False,
AURC,2026-09-08 00:00:00,https://www.sec.gov/Archives/edgar/data/1835856/000183585626000034/0001835856-26-000034-index.htm,8-K,8-K,https://www.sec.gov/Archives/edgar/data/1835856/000183585626000034/betr-20260901.htm,False,
MINDP,2026-09-08 00:00:00,https://www.sec.gov/Archives/edgar/data/926423/000143774926029839/0001437749-26-029839-index.htm,8-K,FORM 8-K,https://www.sec.gov/Archives/edgar/data/926423/000143774926029839/mind20260619_8k.htm,False,
MINDP,2026-09-08 00:00:00,https://www.sec.gov/Archives/edgar/data/926423/000143774926029839/0001437749-26-029839-index.htm,EX-99.1,EXHIBIT 99.1,https://www.sec.gov/Archives/edgar/data/926423/000143774926029839/ex_979220.htm,False,
MIND,2026-09-08 00:00:00,https://www.sec.gov/Archives/edgar/data/926423/000143774926029839/0001437749-26-029839-index.htm,8-K,FORM 8-K,https://www.sec.gov/Archives/edgar/data/926423/000143774926029839/mind20260619_8k.htm,False,
MIND,2026-09-08 00:00:00,https://www.sec.gov/Archives/edgar/data/926423/000143774926029839/0001437749-26-029839-index.htm,EX-99.1,EXHIBIT 99.1,https://www.sec.gov/Archives/edgar/data/926423/000143774926029839/ex_979220.htm,False,
SOI,2026-09-08 00:00:00,https://www.sec.gov/Archives/edgar/data/1697500/000119312526385257/0001193125-26-385257-index.htm,8-K,8-K,https://www.sec.gov/Archives/edgar/data/1697500/000119312526385257/d441137d8k.htm,True,
SOI,2026-09-08 00:00:00,https://www.sec.gov/Archives/edgar/data/1697500/000119312526385257/0001193125-26-385257-index.htm,EX-99.1,EX-99.1,https://www.sec.gov/Archives/edgar/data/1697500/000119312526385257/d441137dex991.htm,False,
ALLE,2026-09-08 00:00:00,https://www.sec.gov/Archives/edgar/data/1579241/000110465926105920/0001104659-26-105920-index.htm,8-K,FORM 8-K,https://www.sec.gov/Archives/edgar/data/1579241/000110465926105920/tm2624796d1_8k.htm,False,
ALLE,2026-09-08 00:00:00,https://www.sec.gov/Archives/edgar/data/1579241/000110465926105920/0001104659-26-105920-index.htm,EX-99.1,EXHIBIT 99.1,https://www.sec.gov/Archives/edgar/data/1579241/000110465926105920/tm2624796d1_ex99-1.htm,False,
TPG,2026-09-08 00:00:00,https://www.sec.gov/Archives/edgar/data/1880661/000188066126000051/0001880661-26-000051-index.htm,8-K,8-K,https://www.sec.gov/Archives/edgar/data/1880661/000188066126000051/tpg-20260906.htm,False,
TPGXL,2026-09-08 00:00:00,https://www.sec.gov/Archives/edgar/data/1880661/000188066126000051/0001880661-26-000051-index.htm,8-K,8-K,https://www.sec.gov/Archives/edgar/data/1880661/000188066126000051/tpg-20260906.htm,False,
ZBH,2026-09-08 00:00:00,https://www.sec.gov/Archives/edgar/data/1136869/000119312526385256/0001193125-26-385256-index.htm,8-K,8-K,https://www.sec.gov/Archives/edgar/data/1136869/000119312526385256/d304716d8k.htm,False,
ZBH,2026-09-08 00:00:00,https://www.sec.gov/Archives/edgar/data/1136869/000119312526385256/0001193125-26-385256-index.htm,EX-99.1,EX-99.1,https://www.sec.gov/Archives/edgar/data/1136869/000119312526385256/d304716dex991.htm,False,
NBTB,2026-09-08 00:00:00,https://www.sec.gov/Archives/edgar/data/790359/000114036126035922/0001140361-26-035922-index.htm,8-K,8-K,https://www.sec.gov/Archives/edgar/data/790359/000114036126035922/ef20081737_8k.htm,False,
HWKE,2026-09-08 00:00:00,https://www.sec.gov/Archives/edgar/data/1750777/000168316826007012/0001683168-26-007012-index.htm,8-K,CURRENT REPORT,https://www.sec.gov/Archives/edgar/data/1750777/000168316826007012/hawkeye_8k.htm,False,
HWKE,2026-09-08 00:00:00,https://www.sec.gov/Archives/edgar/data/1750777/000168316826007012/0001683168-26-007012-index.htm,EX-10.1,OFFER LETTER - DAVID WACHSMAN,https://www.sec.gov/Archives/edgar/data/1750777/000168316826007012/hawkeye_ex1001.htm,False,
HWKE,2026-09-08 00:00:00,https://www.sec.gov/Archives/edgar/data/1750777/000168316826007012/0001683168-26-007012-index.htm,EX-10.2,OFFER LETTER - BYRON HAMLETT,https://www.sec.gov/Archives/edgar/data/1750777/000168316826007012/hawkeye_ex1002.htm,False,
CASY,2026-09-08 00:00:00,https://www.sec.gov/Archives/edgar/data/726958/000072695826000084/0000726958-26-000084-index.htm,8-K,8-K,https://www.sec.gov/Archives/edgar/data/726958/000072695826000084/casy-20260902.htm,False,
CASY,2026-09-08 00:00:00,https://www.sec.gov/Archives/edgar/data/726958/000072695826000084/0000726958-26-000084-index.htm,EX-99.1,EX-99.1,https://www.sec.gov/Archives/edgar/data/726958/000072695826000084/q1fy2027earningspressrelea.htm,False,
MDRX,2026-09-08 00:00:00,https://www.sec.gov/Archives/edgar/data/1124804/000119312526385249/0001193125-26-385249-index.htm,8-K,8-K,https://www.sec.gov/Archives/edgar/data/1124804/000119312526385249/mdrx-20260908.htm,False,
OGS,2026-09-08 00:00:00,https://www.sec.gov/Archives/edgar/data/1587732/000158773226000039/0001587732-26-000039-index.htm,8-K,8-K,https://www.sec.gov/Archives/edgar/data/1587732/000158773226000039/ogs-20260908.htm,False,
OGS,2026-09-08 00:00:00,https://www.sec.gov/Archives/edgar/data/1587732/000158773226000039/0001587732-26-000039-index.htm,EX-99.1,EX-99.1,https://www.sec.gov/Archives/edgar/data/1587732/000158773226000039/ogs2026agabostonmini-forum.htm,False,
SXTP,2026-09-08 00:00:00,https://www.sec.gov/Archives/edgar/data/1946563/000121390026098056/0001213900-26-098056-index.htm,8-K,CURRENT REPORT,https://www.sec.gov/Archives/edgar/data/1946563/000121390026098056/ea0304862-8k_60degrees.htm,False,
SXTP,2026-09-08 00:00:00,https://www.sec.gov/Archives/edgar/data/1946563/000121390026098056/0001213900-26-098056-index.htm,EX-99.1,"60 DEGREES PHARMACEUTICALS, INC. INVESTOR PRESENTATION, DATED SEPTEMBER 8, 2026",https://www.sec.gov/Archives/edgar/data/1946563/000121390026098056/ea030486201ex99-1.htm,False,
SXTPW,2026-09-08 00:00:00,https://www.sec.gov/Archives/edgar/data/1946563/000121390026098056/0001213900-26-098056-index.htm,8-K,CURRENT REPORT,https://www.sec.gov/Archives/edgar/data/1946563/000121390026098056/ea0304862-8k_60degrees.htm,False,
SXTPW,2026-09-08 00:00:00,https://www.sec.gov/Archives/edgar/data/1946563/000121390026098056/0001213900-26-098056-index.htm,EX-99.1,"60 DEGREES PHARMACEUTICALS, INC. INVESTOR PRESENTATION, DATED SEPTEMBER 8, 2026",https://www.sec.gov/Archives/edgar/data/1946563/000121390026098056/ea030486201ex99-1.htm,False,
ATER,2026-09-08 00:00:00,https://www.sec.gov/Archives/edgar/data/1757715/000143774926029837/0001437749-26-029837-index.htm,8-K,FORM 8-K,https://www.sec.gov/Archives/edgar/data/1757715/000143774926029837/ater20260902_8k.htm,False,
VRSK,2026-09-08 00:00:00,https://www.sec.gov/Archives/edgar/data/1442145/000119312526385242/0001193125-26-385242-index.htm,8-K,8-K,https://www.sec.gov/Archives/edgar/data/1442145/000119312526385242/d133172d8k.htm,False,
AMTB,2026-09-08 00:00:00,https://www.sec.gov/Archives/edgar/data/1734342/000173434226000081/0001734342-26-000081-index.htm,8-K,8-K,https://www.sec.gov/Archives/edgar/data/1734342/000173434226000081/amtb-20260904.htm,False,
AMTB,2026-09-08 00:00:00,https://www.sec.gov/Archives/edgar/data/1734342/000173434226000081/0001734342-26-000081-index.htm,EX-10.1,EX-10.1,https://www.sec.gov/Archives/edgar/data/1734342/000173434226000081/ciafigliolaemploymentagr.htm,False,
AMTBB,2026-09-08 00:00:00,https://www.sec.gov/Archives/edgar/data/1734342/000173434226000081/0001734342-26-000081-index.htm,8-K,8-K,https://www.sec.gov/Archives/edgar/data/1734342/000173434226000081/amtb-20260904.htm,False,
AMTBB,2026-09-08 00:00:00,https://www.sec.gov/Archives/edgar/data/1734342/000173434226000081/0001734342-26-000081-index.htm,EX-10.1,EX-10.1,https://www.sec.gov/Archives/edgar/data/1734342/000173434226000081/ciafigliolaemploymentagr.htm,False,
ESP,2026-09-08 00:00:00,https://www.sec.gov/Archives/edgar/data/33533/000117494726000848/0001174947-26-000848-index.htm,8-K,8-K,https://www.sec.gov/Archives/edgar/data/33533/000117494726000848/form8k-36314_esp.htm,False,
ESP,2026-09-08 00:00:00,https://www.sec.gov/Archives/edgar/data/33533/000117494726000848/0001174947-26-000848-index.htm,EX-99.1,EX-99.1,https://www.sec.gov/Archives/edgar/data/33533/000117494726000848/ex99-1.htm,False,
URI,2026-09-08 00:00:00,https://www.sec.gov/Archives/edgar/data/1067701/000119312526385238/0001193125-26-385238-index.htm,8-K,8-K,https://www.sec.gov/Archives/edgar/data/1047166/000119312526385238/uri-20260908.htm,False,
URI,2026-09-08 00:00:00,https://www.sec.gov/Archives/edgar/data/1067701/000119312526385238/0001193125-26-385238-index.htm,EX-99.1,EX-99.1,https://www.sec.gov/Archives/edgar/data/1047166/000119312526385238/uri-ex99_1.htm,False,
None,2026-09-08 00:00:00,https://www.sec.gov/Archives/edgar/data/1047166/000119312526385238/0001193125-26-385238-index.htm,8-K,8-K,https://www.sec.gov/Archives/edgar/data/1047166/000119312526385238/uri-20260908.htm,False,
None,2026-09-08 00:00:00,https://www.sec.gov/Archives/edgar/data/1047166/000119312526385238/0001193125-26-385238-index.htm,EX-99.1,EX-99.1,https://www.sec.gov/Archives/edgar/data/1047166/000119312526385238/uri-ex99_1.htm,False,
BHE,2026-09-08 00:00:00,https://www.sec.gov/Archives/edgar/data/863436/000119312526385235/0001193125-26-385235-index.htm,8-K,8-K,https://www.sec.gov/Archives/edgar/data/863436/000119312526385235/bhe-20260908.htm,False,
BHE,2026-09-08 00:00:00,https://www.sec.gov/Archives/edgar/data/863436/000119312526385235/0001193125-26-385235-index.htm,EX-99.1,EX-99.1,https://www.sec.gov/Archives/edgar/data/863436/000119312526385235/bhe-ex99_1.htm,False,
BBBY,2026-09-08 00:00:00,https://www.sec.gov/Archives/edgar/data/1130713/000114036126035920/0001140361-26-035920-index.htm,8-K,8-K,https://www.sec.gov/Archives/edgar/data/1130713/000114036126035920/ef20081710_8k.htm,False,
BBBY,2026-09-08 00:00:00,https://www.sec.gov/Archives/edgar/data/1130713/000114036126035920/0001140361-26-035920-index.htm,EX-99.1,EXHIBIT 99.1,https://www.sec.gov/Archives/edgar/data/1130713/000114036126035920/ef20081710_ex99-1.htm,False,
BYON,2026-09-08 00:00:00,https://www.sec.gov/Archives/edgar/data/1130713/000114036126035920/0001140361-26-035920-index.htm,8-K,8-K,https://www.sec.gov/Archives/edgar/data/1130713/000114036126035920/ef20081710_8k.htm,False,
BYON,2026-09-08 00:00:00,https://www.sec.gov/Archives/edgar/data/1130713/000114036126035920/0001140361-26-035920-index.htm,EX-99.1,EXHIBIT 99.1,https://www.sec.gov/Archives/edgar/data/1130713/000114036126035920/ef20081710_ex99-1.htm,False,
NXH,2026-09-08 00:00:00,https://www.sec.gov/Archives/edgar/data/1130713/000114036126035920/0001140361-26-035920-index.htm,8-K,8-K,https://www.sec.gov/Archives/edgar/data/1130713/000114036126035920/ef20081710_8k.htm,False,
NXH,2026-09-08 00:00:00,https://www.sec.gov/Archives/edgar/data/1130713/000114036126035920/0001140361-26-035920-index.htm,EX-99.1,EXHIBIT 99.1,https://www.sec.gov/Archives/edgar/data/1130713/000114036126035920/ef20081710_ex99-1.htm,False,
OSTKO,2026-09-08 00:00:00,https://www.sec.gov/Archives/edgar/data/1130713/000114036126035920/0001140361-26-035920-index.htm,8-K,8-K,https://www.sec.gov/Archives/edgar/data/1130713/000114036126035920/ef20081710_8k.htm,False,
OSTKO,2026-09-08 00:00:00,https://www.sec.gov/Archives/edgar/data/1130713/000114036126035920/0001140361-26-035920-index.htm,EX-99.1,EXHIBIT 99.1,https://www.sec.gov/Archives/edgar/data/1130713/000114036126035920/ef20081710_ex99-1.htm,False,
OSTK,2026-09-08 00:00:00,https://www.sec.gov/Archives/edgar/data/1130713/000114036126035920/0001140361-26-035920-index.htm,8-K,8-K,https://www.sec.gov/Archives/edgar/data/1130713/000114036126035920/ef20081710_8k.htm,False,
OSTK,2026-09-08 00:00:00,https://www.sec.gov/Archives/edgar/data/1130713/000114036126035920/0001140361-26-035920-index.htm,EX-99.1,EXHIBIT 99.1,https://www.sec.gov/Archives/edgar/data/1130713/000114036126035920/ef20081710_ex99-1.htm,False,
OSTBP,2026-09-08 00:00:00,https://www.sec.gov/Archives/edgar/data/1130713/000114036126035920/0001140361-26-035920-index.htm,8-K,8-K,https://www.sec.gov/Archives/edgar/data/1130713/000114036126035920/ef20081710_8k.htm,False,
OSTBP,2026-09-08 00:00:00,https://www.sec.gov/Archives/edgar/data/1130713/000114036126035920/0001140361-26-035920-index.htm,EX-99.1,EXHIBIT 99.1,https://www.sec.gov/Archives/edgar/data/1130713/000114036126035920/ef20081710_ex99-1.htm,False,
SFD,2026-09-08 00:00:00,https://www.sec.gov/Archives/edgar/data/91388/000009138826000056/0000091388-26-000056-index.htm,8-K,8-K,https://www.sec.gov/Archives/edgar/data/91388/000009138826000056/sfd-20260908.htm,False,
SFD,2026-09-08 00:00:00,https://www.sec.gov/Archives/edgar/data/91388/000009138826000056/0000091388-26-000056-index.htm,EX-99.1,EX-99.1,https://www.sec.gov/Archives/edgar/data/91388/000009138826000056/smithfieldformxpressreleas.htm,False,
EPRT,2026-09-08 00:00:00,https://www.sec.gov/Archives/edgar/data/1728951/000172895126000054/0001728951-26-000054-index.htm,8-K,8-K,https://www.sec.gov/Archives/edgar/data/1728951/000172895126000054/eprt-20260904.htm,False,
EPRT,2026-09-08 00:00:00,https://www.sec.gov/Archives/edgar/data/1728951/000172895126000054/0001728951-26-000054-index.htm,EX-99.1,EX-99.1,https://www.sec.gov/Archives/edgar/data/1728951/000172895126000054/ex991-dividendq32026.htm,False,
None,2026-09-08 00:00:00,https://www.sec.gov/Archives/edgar/data/1329842/000165495426008185/0001654954-26-008185-index.htm,8-K,FORM 8-K,https://www.sec.gov/Archives/edgar/data/1329842/000165495426008185/fhlbny_8k.htm,False,
None,2026-09-08 00:00:00,https://www.sec.gov/Archives/edgar/data/1329842/000165495426008185/0001654954-26-008185-index.htm,EX-99.1,SCHEDULE A,https://www.sec.gov/Archives/edgar/data/1329842/000165495426008185/fhlbny_ex991.htm,False,
BBOT,2026-09-08 00:00:00,https://www.sec.gov/Archives/edgar/data/1869105/000119312526385225/0001193125-26-385225-index.htm,8-K,8-K,https://www.sec.gov/Archives/edgar/data/1869105/000119312526385225/d97546d8k.htm,False,
BBOT,2026-09-08 00:00:00,https://www.sec.gov/Archives/edgar/data/1869105/000119312526385225/0001193125-26-385225-index.htm,EX-99.1,EX-99.1,https://www.sec.gov/Archives/edgar/data/1869105/000119312526385225/d97546dex991.htm,False,
HLXB,2026-09-08 00:00:00,https://www.sec.gov/Archives/edgar/data/1869105/000119312526385225/0001193125-26-385225-index.htm,8-K,8-K,https://www.sec.gov/Archives/edgar/data/1869105/000119312526385225/d97546d8k.htm,False,
HLXB,2026-09-08 00:00:00,https://www.sec.gov/Archives/edgar/data/1869105/000119312526385225/0001193125-26-385225-index.htm,EX-99.1,EX-99.1,https://www.sec.gov/Archives/edgar/data/1869105/000119312526385225/d97546dex991.htm,False,
EL,2026-09-08 00:00:00,https://www.sec.gov/Archives/edgar/data/1001250/000100125026000045/0001001250-26-000045-index.htm,8-K,8-K,https://www.sec.gov/Archives/edgar/data/1001250/000100125026000045/el-20260908.htm,False,
CPPTL,2026-09-08 00:00:00,https://www.sec.gov/Archives/edgar/data/1837671/000183767126000075/0001837671-26-000075-index.htm,8-K,8-K,https://www.sec.gov/Archives/edgar/data/1837671/000183767126000075/cpt-20260908.htm,False,
CPPTL,2026-09-08 00:00:00,https://www.sec.gov/Archives/edgar/data/1837671/000183767126000075/0001837671-26-000075-index.htm,EX-99.1,EX-99.1,https://www.sec.gov/Archives/edgar/data/1837671/000183767126000075/cptexhibit991sep268-kpr.htm,False,
SATL,2026-09-08 00:00:00,https://www.sec.gov/Archives/edgar/data/1874315/000187431526000042/0001874315-26-000042-index.htm,8-K,8-K,https://www.sec.gov/Archives/edgar/data/1874315/000187431526000042/satl-20260904.htm,False,
SATLW,2026-09-08 00:00:00,https://www.sec.gov/Archives/edgar/data/1874315/000187431526000042/0001874315-26-000042-index.htm,8-K,8-K,https://www.sec.gov/Archives/edgar/data/1874315/000187431526000042/satl-20260904.htm,False,
SSTK,2026-09-08 00:00:00,https://www.sec.gov/Archives/edgar/data/1549346/000114036126035918/0001140361-26-035918-index.htm,8-K,8-K,https://www.sec.gov/Archives/edgar/data/1549346/000114036126035918/ef20081694_8k.htm,False,
SSTK,2026-09-08 00:00:00,https://www.sec.gov/Archives/edgar/data/1549346/000114036126035918/0001140361-26-035918-index.htm,EX-99.1,EXHIBIT 99.1,https://www.sec.gov/Archives/edgar/data/1549346/000114036126035918/ef20081694_ex99-1.htm,False,
AVO,2026-09-08 00:00:00,https://www.sec.gov/Archives/edgar/data/1802974/000180297426000042/0001802974-26-000042-index.htm,8-K,8-K,https://www.sec.gov/Archives/edgar/data/1802974/000180297426000042/avo-20260908.htm,False,
AVO,2026-09-08 00:00:00,https://www.sec.gov/Archives/edgar/data/1802974/000180297426000042/0001802974-26-000042-index.htm,EX-99.1,EX-99.1,https://www.sec.gov/Archives/edgar/data/1802974/000180297426000042/exh991avoq32026earningsrel.htm,True,
None,2026-09-08 00:00:00,https://www.sec.gov/Archives/edgar/data/1976927/000197692726000069/0001976927-26-000069-index.htm,8-K,8-K,https://www.sec.gov/Archives/edgar/data/1976927/000197692726000069/incref-20260901.htm,False,
ACET,2026-09-08 00:00:00,https://www.sec.gov/Archives/edgar/data/1720580/000172058026000056/0001720580-26-000056-index.htm,8-K,8-K,https://www.sec.gov/Archives/edgar/data/1720580/000172058026000056/acet-20260908.htm,False,
ACET,2026-09-08 00:00:00,https://www.sec.gov/Archives/edgar/data/1720580/000172058026000056/0001720580-26-000056-index.htm,EX-99.1,EX-99.1,https://www.sec.gov/Archives/edgar/data/1720580/000172058026000056/acet-ex99_1.htm,False,
IGR,2026-09-08 00:00:00,https://www.sec.gov/Archives/edgar/data/1268884/000119312526385219/0001193125-26-385219-index.htm,8-K,8-K,https://www.sec.gov/Archives/edgar/data/1268884/000119312526385219/d157984d8k.htm,False,
IGR,2026-09-08 00:00:00,https://www.sec.gov/Archives/edgar/data/1268884/000119312526385219/0001193125-26-385219-index.htm,EX-99.1,EX-99.1,https://www.sec.gov/Archives/edgar/data/1268884/000119312526385219/d157984dex991.htm,False,
CVI,2026-09-08 00:00:00,https://www.sec.gov/Archives/edgar/data/1376139/000137613926000041/0001376139-26-000041-index.htm,8-K,8-K,https://www.sec.gov/Archives/edgar/data/1376139/000137613926000041/cvi-20260908.htm,False,
CVI,2026-09-08 00:00:00,https://www.sec.gov/Archives/edgar/data/1376139/000137613926000041/0001376139-26-000041-index.htm,EX-99.1,EX-99.1,https://www.sec.gov/Archives/edgar/data/1376139/000137613926000041/exhibit991-investorprese.htm,False,
None,2026-09-08 00:00:00,https://www.sec.gov/Archives/edgar/data/28385/000093634026000156/0000936340-26-000156-index.htm,8-K,8-K,https://www.sec.gov/Archives/edgar/data/28385/000093634026000156/dte-20260908.htm,False,
DTP,2026-09-08 00:00:00,https://www.sec.gov/Archives/edgar/data/936340/000093634026000156/0000936340-26-000156-index.htm,8-K,8-K,https://www.sec.gov/Archives/edgar/data/28385/000093634026000156/dte-20260908.htm,False,
DTW,2026-09-08 00:00:00,https://www.sec.gov/Archives/edgar/data/936340/000093634026000156/0000936340-26-000156-index.htm,8-K,8-K,https://www.sec.gov/Archives/edgar/data/28385/000093634026000156/dte-20260908.htm,False,
DTE,2026-09-08 00:00:00,https://www.sec.gov/Archives/edgar/data/936340/000093634026000156/0000936340-26-000156-index.htm,8-K,8-K,https://www.sec.gov/Archives/edgar/data/28385/000093634026000156/dte-20260908.htm,False,
DTJ,2026-09-08 00:00:00,https://www.sec.gov/Archives/edgar/data/936340/000093634026000156/0000936340-26-000156-index.htm,8-K,8-K,https://www.sec.gov/Archives/edgar/data/28385/000093634026000156/dte-20260908.htm,False,
DTG,2026-09-08 00:00:00,https://www.sec.gov/Archives/edgar/data/936340/000093634026000156/0000936340-26-000156-index.htm,8-K,8-K,https://www.sec.gov/Archives/edgar/data/28385/000093634026000156/dte-20260908.htm,False,
DTB,2026-09-08 00:00:00,https://www.sec.gov/Archives/edgar/data/936340/000093634026000156/0000936340-26-000156-index.htm,8-K,8-K,https://www.sec.gov/Archives/edgar/data/28385/000093634026000156/dte-20260908.htm,False,
AII,2026-09-08 00:00:00,https://www.sec.gov/Archives/edgar/data/2007587/000200758726000106/0002007587-26-000106-index.htm,8-K,8-K,https://www.sec.gov/Archives/edgar/data/2007587/000200758726000106/aii-20260908.htm,False,
AII,2026-09-08 00:00:00,https://www.sec.gov/Archives/edgar/data/2007587/000200758726000106/0002007587-26-000106-index.htm,EX-99.1,EX-99.1,https://www.sec.gov/Archives/edgar/data/2007587/000200758726000106/q2investordeck982026pdfv.htm,False,
AHCO,2026-09-08 00:00:00,https://www.sec.gov/Archives/edgar/data/1725255/000110465926105912/0001104659-26-105912-index.htm,8-K,FORM 8-K,https://www.sec.gov/Archives/edgar/data/1725255/000110465926105912/tm2624956d1_8k.htm,False,
AHCO,2026-09-08 00:00:00,https://www.sec.gov/Archives/edgar/data/1725255/000110465926105912/0001104659-26-105912-index.htm,EX-10.1,EXHIBIT 10.1,https://www.sec.gov/Archives/edgar/data/1725255/000110465926105912/tm2624956d1_ex10-1.htm,False,
AHCO,2026-09-08 00:00:00,https://www.sec.gov/Archives/edgar/data/1725255/000110465926105912/0001104659-26-105912-index.htm,EX-99.1,EXHIBIT 99.1,https://www.sec.gov/Archives/edgar/data/1725255/000110465926105912/tm2624956d1_ex99-1.htm,False,
CPPTL,2026-09-08 00:00:00,https://www.sec.gov/Archives/edgar/data/1837671/000183767126000073/0001837671-26-000073-index.htm,8-K,8-K,https://www.sec.gov/Archives/edgar/data/1837671/000183767126000073/cpt-20260908.htm,False,
CPPTL,2026-09-08 00:00:00,https://www.sec.gov/Archives/edgar/data/1837671/000183767126000073/0001837671-26-000073-index.htm,EX-99.1,EX-99.1,https://www.sec.gov/Archives/edgar/data/1837671/000183767126000073/cptexhibit991aug26.htm,False,
LTBR,2026-09-08 00:00:00,https://www.sec.gov/Archives/edgar/data/1084554/000147793226005448/0001477932-26-005448-index.htm,8-K,FORM 8-K,https://www.sec.gov/Archives/edgar/data/1084554/000147793226005448/ltbr_8k.htm,False,
LTBR,2026-09-08 00:00:00,https://www.sec.gov/Archives/edgar/data/1084554/000147793226005448/0001477932-26-005448-index.htm,EX-99.1,LETTER TO SHAREHOLDERS,https://www.sec.gov/Archives/edgar/data/1084554/000147793226005448/ltbr_ex991.htm,False,
None,2026-09-08 00:00:00,https://www.sec.gov/Archives/edgar/data/2131350/000119312526385209/0001193125-26-385209-index.htm,8-K,8-K,https://www.sec.gov/Archives/edgar/data/2131350/000119312526385209/d102609d8k.htm,False,
None,2026-09-08 00:00:00,https://www.sec.gov/Archives/edgar/data/2131350/000119312526385209/0001193125-26-385209-index.htm,EX-99.1,EX-99.1,https://www.sec.gov/Archives/edgar/data/2131350/000119312526385209/d102609dex991.htm,False,
ORCC,2026-09-08 00:00:00,https://www.sec.gov/Archives/edgar/data/1655888/000119312526385210/0001193125-26-385210-index.htm,8-K,8-K,https://www.sec.gov/Archives/edgar/data/1655888/000119312526385210/d168192d8k.htm,True,
ORCC,2026-09-08 00:00:00,https://www.sec.gov/Archives/edgar/data/1655888/000119312526385210/0001193125-26-385210-index.htm,EX-10.1,EX-10.1,https://www.sec.gov/Archives/edgar/data/1655888/000119312526385210/d168192dex101.htm,True,
ORCC,2026-09-08 00:00:00,https://www.sec.gov/Archives/edgar/data/1655888/000119312526385210/0001193125-26-385210-index.htm,EX-10.2,EX-10.2,https://www.sec.gov/Archives/edgar/data/1655888/000119312526385210/d168192dex102.htm,True,
OBDC,2026-09-08 00:00:00,https://www.sec.gov/Archives/edgar/data/1655888/000119312526385210/0001193125-26-385210-index.htm,8-K,8-K,https://www.sec.gov/Archives/edgar/data/1655888/000119312526385210/d168192d8k.htm,True,
OBDC,2026-09-08 00:00:00,https://www.sec.gov/Archives/edgar/data/1655888/000119312526385210/0001193125-26-385210-index.htm,EX-10.1,EX-10.1,https://www.sec.gov/Archives/edgar/data/1655888/000119312526385210/d168192dex101.htm,True,
OBDC,2026-09-08 00:00:00,https://www.sec.gov/Archives/edgar/data/1655888/000119312526385210/0001193125-26-385210-index.htm,EX-10.2,EX-10.2,https://www.sec.gov/Archives/edgar/data/1655888/000119312526385210/d168192dex102.htm,True,
IMG,2026-09-08 00:00:00,https://www.sec.gov/Archives/edgar/data/1527613/000149315226041774/0001493152-26-041774-index.htm,8-K,8-K,https://www.sec.gov/Archives/edgar/data/1527613/000149315226041774/form8-k.htm,False,
NUZE,2026-09-08 00:00:00,https://www.sec.gov/Archives/edgar/data/1527613/000149315226041774/0001493152-26-041774-index.htm,8-K,8-K,https://www.sec.gov/Archives/edgar/data/1527613/000149315226041774/form8-k.htm,False,
GIG,2026-09-08 00:00:00,https://www.sec.gov/Archives/edgar/data/2023730/000119312526385208/0001193125-26-385208-index.htm,8-K,8-K,https://www.sec.gov/Archives/edgar/data/2023730/000119312526385208/d126485d8k.htm,False,
GIG,2026-09-08 00:00:00,https://www.sec.gov/Archives/edgar/data/2023730/000119312526385208/0001193125-26-385208-index.htm,EX-10.1,EX-10.1,https://www.sec.gov/Archives/edgar/data/2023730/000119312526385208/d126485dex101.htm,False,
GIG,2026-09-08 00:00:00,https://www.sec.gov/Archives/edgar/data/2023730/000119312526385208/0001193125-26-385208-index.htm,EX-10.2,EX-10.2,https://www.sec.gov/Archives/edgar/data/2023730/000119312526385208/d126485dex102.htm,False,
HDRN,2026-09-08 00:00:00,https://www.sec.gov/Archives/edgar/data/2023730/000119312526385208/0001193125-26-385208-index.htm,8-K,8-K,https://www.sec.gov/Archives/edgar/data/2023730/000119312526385208/d126485d8k.htm,False,
HDRN,2026-09-08 00:00:00,https://www.sec.gov/Archives/edgar/data/2023730/000119312526385208/0001193125-26-385208-index.htm,EX-10.1,EX-10.1,https://www.sec.gov/Archives/edgar/data/2023730/000119312526385208/d126485dex101.htm,False,
HDRN,2026-09-08 00:00:00,https://www.sec.gov/Archives/edgar/data/2023730/000119312526385208/0001193125-26-385208-index.htm,EX-10.2,EX-10.2,https://www.sec.gov/Archives/edgar/data/2023730/000119312526385208/d126485dex102.htm,False,
APPS,2026-09-08 00:00:00,https://www.sec.gov/Archives/edgar/data/317788/000162828026060913/0001628280-26-060913-index.htm,8-K,8-K,https://www.sec.gov/Archives/edgar/data/317788/000162828026060913/apps-20260901.htm,False,
XPOF,2026-09-08 00:00:00,https://www.sec.gov/Archives/edgar/data/1802156/000119312526385205/0001193125-26-385205-index.htm,8-K,8-K,https://www.sec.gov/Archives/edgar/data/1802156/000119312526385205/d535618d8k.htm,False,
XPOF,2026-09-08 00:00:00,https://www.sec.gov/Archives/edgar/data/1802156/000119312526385205/0001193125-26-385205-index.htm,EX-10.1,EX-10.1,https://www.sec.gov/Archives/edgar/data/1802156/000119312526385205/d535618dex101.htm,False,
XPOF,2026-09-08 00:00:00,https://www.sec.gov/Archives/edgar/data/1802156/000119312526385205/0001193125-26-385205-index.htm,EX-99.1,EX-99.1,https://www.sec.gov/Archives/edgar/data/1802156/000119312526385205/d535618dex991.htm,False,
LOOP,2026-09-08 00:00:00,https://www.sec.gov/Archives/edgar/data/1504678/000143774926029827/0001437749-26-029827-index.htm,8-K,FORM 8-K,https://www.sec.gov/Archives/edgar/data/1504678/000143774926029827/loop20260908_8k.htm,False,
LOOP,2026-09-08 00:00:00,https://www.sec.gov/Archives/edgar/data/1504678/000143774926029827/0001437749-26-029827-index.htm,EX-99.1,EXHIBIT 99.1,https://www.sec.gov/Archives/edgar/data/1504678/000143774926029827/ex_1013607.htm,False,
INNV,2026-09-08 00:00:00,https://www.sec.gov/Archives/edgar/data/1834376/000183437626000047/0001834376-26-000047-index.htm,8-K,8-K,https://www.sec.gov/Archives/edgar/data/1834376/000183437626000047/innv-20260908.htm,False,
INNV,2026-09-08 00:00:00,https://www.sec.gov/Archives/edgar/data/1834376/000183437626000047/0001834376-26-000047-index.htm,EX-99.1,EX-99.1,https://www.sec.gov/Archives/edgar/data/1834376/000183437626000047/innv-20260908xexx991.htm,False,
BNED,2026-09-08 00:00:00,https://www.sec.gov/Archives/edgar/data/1634117/000163411726000090/0001634117-26-000090-index.htm,8-K,8-K,https://www.sec.gov/Archives/edgar/data/1634117/000163411726000090/bned-20260908.htm,False,
BNED,2026-09-08 00:00:00,https://www.sec.gov/Archives/edgar/data/1634117/000163411726000090/0001634117-26-000090-index.htm,EX-99.1,EX-99.1,https://www.sec.gov/Archives/edgar/data/1634117/000163411726000090/exhibit991-fy27ytdq1earnin.htm,True,
NWBI,2026-09-08 00:00:00,https://www.sec.gov/Archives/edgar/data/1471265/000147126526000040/0001471265-26-000040-index.htm,8-K,8-K,https://www.sec.gov/Archives/edgar/data/1471265/000147126526000040/nwbi-20260908.htm,False,
NWBI,2026-09-08 00:00:00,https://www.sec.gov/Archives/edgar/data/1471265/000147126526000040/0001471265-26-000040-index.htm,EX-99.1,EX-99.1,https://www.sec.gov/Archives/edgar/data/1471265/000147126526000040/irndrq226.htm,False,
ANY,2026-09-08 00:00:00,https://www.sec.gov/Archives/edgar/data/1591956/000121390026098043/0001213900-26-098043-index.htm,8-K,CURRENT REPORT,https://www.sec.gov/Archives/edgar/data/1591956/000121390026098043/ea0304863-8k_sphere.htm,True,
NKTR,2026-09-08 00:00:00,https://www.sec.gov/Archives/edgar/data/906709/000121390026098042/0001213900-26-098042-index.htm,8-K,CURRENT REPORT,https://www.sec.gov/Archives/edgar/data/906709/000121390026098042/ea0304798-8k_nektar.htm,False,
SNAP,2026-09-08 00:00:00,https://www.sec.gov/Archives/edgar/data/1564408/000119312526385199/0001193125-26-385199-index.htm,8-K,8-K,https://www.sec.gov/Archives/edgar/data/1564408/000119312526385199/d129201d8k.htm,False,
ECG,2026-09-08 00:00:00,https://www.sec.gov/Archives/edgar/data/2015845/000201584526000056/0002015845-26-000056-index.htm,8-K,8-K,https://www.sec.gov/Archives/edgar/data/2015845/000201584526000056/ecg-20260901.htm,True,
BRZE,2026-09-08 00:00:00,https://www.sec.gov/Archives/edgar/data/1676238/000167623826000039/0001676238-26-000039-index.htm,8-K,8-K,https://www.sec.gov/Archives/edgar/data/1676238/000167623826000039/brz-20260908.htm,False,
BRZE,2026-09-08 00:00:00,https://www.sec.gov/Archives/edgar/data/1676238/000167623826000039/0001676238-26-000039-index.htm,EX-99.1,EX-99.1,https://www.sec.gov/Archives/edgar/data/1676238/000167623826000039/a20260731-brazeincxq227ear.htm,False,
BRVE,2026-09-08 00:00:00,https://www.sec.gov/Archives/edgar/data/2131524/000162828026060904/0001628280-26-060904-index.htm,8-K,8-K,https://www.sec.gov/Archives/edgar/data/2131524/000162828026060904/bhb-20260908.htm,False,
BRVE,2026-09-08 00:00:00,https://www.sec.gov/Archives/edgar/data/2131524/000162828026060904/0001628280-26-060904-index.htm,EX-99.1,EX-99.1,https://www.sec.gov/Archives/edgar/data/2131524/000162828026060904/brve-q2268xkex991xearnings.htm,False,
WHLRP,2026-09-08 00:00:00,https://www.sec.gov/Archives/edgar/data/1527541/000152754126000331/0001527541-26-000331-index.htm,8-K,8-K,https://www.sec.gov/Archives/edgar/data/1527541/000152754126000331/whlr-20260902.htm,False,
WHLRL,2026-09-08 00:00:00,https://www.sec.gov/Archives/edgar/data/1527541/000152754126000331/0001527541-26-000331-index.htm,8-K,8-K,https://www.sec.gov/Archives/edgar/data/1527541/000152754126000331/whlr-20260902.htm,False,
WHLRD,2026-09-08 00:00:00,https://www.sec.gov/Archives/edgar/data/1527541/000152754126000331/0001527541-26-000331-index.htm,8-K,8-K,https://www.sec.gov/Archives/edgar/data/1527541/000152754126000331/whlr-20260902.htm,False,
WHLR,2026-09-08 00:00:00,https://www.sec.gov/Archives/edgar/data/1527541/000152754126000331/0001527541-26-000331-index.htm,8-K,8-K,https://www.sec.gov/Archives/edgar/data/1527541/000152754126000331/whlr-20260902.htm,False,
WHLRW,2026-09-08 00:00:00,https://www.sec.gov/Archives/edgar/data/1527541/000152754126000331/0001527541-26-000331-index.htm,8-K,8-K,https://www.sec.gov/Archives/edgar/data/1527541/000152754126000331/whlr-20260902.htm,False,
TTAN,2026-09-08 00:00:00,https://www.sec.gov/Archives/edgar/data/1638826/000163882626000093/0001638826-26-000093-index.htm,8-K,8-K,https://www.sec.gov/Archives/edgar/data/1638826/000163882626000093/ttan-20260908.htm,False,
TTAN,2026-09-08 00:00:00,https://www.sec.gov/Archives/edgar/data/1638826/000163882626000093/0001638826-26-000093-index.htm,EX-99.1,EX-99.1,https://www.sec.gov/Archives/edgar/data/1638826/000163882626000093/ttan-ex99_1.htm,False,
BJ,2026-09-08 00:00:00,https://www.sec.gov/Archives/edgar/data/1531152/000110465926105906/0001104659-26-105906-index.htm,8-K,FORM 8-K,https://www.sec.gov/Archives/edgar/data/1531152/000110465926105906/tm2624998d1_8k.htm,False,
CARL,2026-09-08 00:00:00,https://www.sec.gov/Archives/edgar/data/1794546/000179454626000018/0001794546-26-000018-index.htm,8-K,8-K,https://www.sec.gov/Archives/edgar/data/1794546/000179454626000018/carl-20260904.htm,False,
CARL,2026-09-08 00:00:00,https://www.sec.gov/Archives/edgar/data/1794546/000179454626000018/0001794546-26-000018-index.htm,EX-99.1,EX-99.1,https://www.sec.gov/Archives/edgar/data/1794546/000179454626000018/carl-ex99_1.htm,False,
SGMOQ,2026-09-08 00:00:00,https://www.sec.gov/Archives/edgar/data/1001233/000110465926105905/0001104659-26-105905-index.htm,8-K,FORM 8-K,https://www.sec.gov/Archives/edgar/data/1001233/000110465926105905/tm2624942d1_8k.htm,False,
SGMOQ,2026-09-08 00:00:00,https://www.sec.gov/Archives/edgar/data/1001233/000110465926105905/0001104659-26-105905-index.htm,EX-99.1,EXHIBIT 99.1,https://www.sec.gov/Archives/edgar/data/1001233/000110465926105905/tm2624942d1_ex99-1.htm,True,
SGMO,2026-09-08 00:00:00,https://www.sec.gov/Archives/edgar/data/1001233/000110465926105905/0001104659-26-105905-index.htm,8-K,FORM 8-K,https://www.sec.gov/Archives/edgar/data/1001233/000110465926105905/tm2624942d1_8k.htm,False,
SGMO,2026-09-08 00:00:00,https://www.sec.gov/Archives/edgar/data/1001233/000110465926105905/0001104659-26-105905-index.htm,EX-99.1,EXHIBIT 99.1,https://www.sec.gov/Archives/edgar/data/1001233/000110465926105905/tm2624942d1_ex99-1.htm,True,
FCCO,2026-09-08 00:00:00,https://www.sec.gov/Archives/edgar/data/932781/000155278126000475/0001552781-26-000475-index.htm,8-K,,https://www.sec.gov/Archives/edgar/data/932781/000155278126000475/e26377_fcco-8k.htm,False,
FCCO,2026-09-08 00:00:00,https://www.sec.gov/Archives/edgar/data/932781/000155278126000475/0001552781-26-000475-index.htm,EX-99.1,,https://www.sec.gov/Archives/edgar/data/932781/000155278126000475/e26377_ex99-1.htm,False,
SAFX,2026-09-08 00:00:00,https://www.sec.gov/Archives/edgar/data/2019793/000149315226041766/0001493152-26-041766-index.htm,8-K,8-K,https://www.sec.gov/Archives/edgar/data/2019793/000149315226041766/form8-k.htm,True,
SAFX,2026-09-08 00:00:00,https://www.sec.gov/Archives/edgar/data/2019793/000149315226041766/0001493152-26-041766-index.htm,EX-10.1,EX-10.1,https://www.sec.gov/Archives/edgar/data/2019793/000149315226041766/ex10-1.htm,False,
SAFX,2026-09-08 00:00:00,https://www.sec.gov/Archives/edgar/data/2019793/000149315226041766/0001493152-26-041766-index.htm,EX-10.2,EX-10.2,https://www.sec.gov/Archives/edgar/data/2019793/000149315226041766/ex10-2.htm,False,
MDRR,2026-09-08 00:00:00,https://www.sec.gov/Archives/edgar/data/1654595/000110465926105902/0001104659-26-105902-index.htm,8-K,8-K,https://www.sec.gov/Archives/edgar/data/1654595/000110465926105902/mdrr-20260901x8k.htm,True,
MDRR,2026-09-08 00:00:00,https://www.sec.gov/Archives/edgar/data/1654595/000110465926105902/0001104659-26-105902-index.htm,EX-10.1,EX-10.1,https://www.sec.gov/Archives/edgar/data/1654595/000110465926105902/mdrr-20260901xex10d1.htm,True,
MDRR,2026-09-08 00:00:00,https://www.sec.gov/Archives/edgar/data/1654595/000110465926105902/0001104659-26-105902-index.htm,EX-10.2,EX-10.2,https://www.sec.gov/Archives/edgar/data/1654595/000110465926105902/mdrr-20260901xex10d2.htm,False,
MDRR,2026-09-08 00:00:00,https://www.sec.gov/Archives/edgar/data/1654595/000110465926105902/0001104659-26-105902-index.htm,EX-99.1,EX-99.1,https://www.sec.gov/Archives/edgar/data/1654595/000110465926105902/mdrr-20260901xex99d1.htm,False,
MDRRP,2026-09-08 00:00:00,https://www.sec.gov/Archives/edgar/data/1654595/000110465926105902/0001104659-26-105902-index.htm,8-K,8-K,https://www.sec.gov/Archives/edgar/data/1654595/000110465926105902/mdrr-20260901x8k.htm,True,
MDRRP,2026-09-08 00:00:00,https://www.sec.gov/Archives/edgar/data/1654595/000110465926105902/0001104659-26-105902-index.htm,EX-10.1,EX-10.1,https://www.sec.gov/Archives/edgar/data/1654595/000110465926105902/mdrr-20260901xex10d1.htm,True,
MDRRP,2026-09-08 00:00:00,https://www.sec.gov/Archives/edgar/data/1654595/000110465926105902/0001104659-26-105902-index.htm,EX-10.2,EX-10.2,https://www.sec.gov/Archives/edgar/data/1654595/000110465926105902/mdrr-20260901xex10d2.htm,False,
MDRRP,2026-09-08 00:00:00,https://www.sec.gov/Archives/edgar/data/1654595/000110465926105902/0001104659-26-105902-index.htm,EX-99.1,EX-99.1,https://www.sec.gov/Archives/edgar/data/1654595/000110465926105902/mdrr-20260901xex99d1.htm,False,
CTSO,2026-09-08 00:00:00,https://www.sec.gov/Archives/edgar/data/1175151/000110465926105901/0001104659-26-105901-index.htm,8-K,FORM 8-K,https://www.sec.gov/Archives/edgar/data/1175151/000110465926105901/tm2624941d1_8k.htm,False,
NTLA,2026-09-08 00:00:00,https://www.sec.gov/Archives/edgar/data/1652130/000119312526385194/0001193125-26-385194-index.htm,8-K,8-K,https://www.sec.gov/Archives/edgar/data/1652130/000119312526385194/ntla-20260908.htm,False,
NTLA,2026-09-08 00:00:00,https://www.sec.gov/Archives/edgar/data/1652130/000119312526385194/0001193125-26-385194-index.htm,EX-99.1,EX-99.1,https://www.sec.gov/Archives/edgar/data/1652130/000119312526385194/ntla-ex99_1.htm,False,
FIISO,2026-09-08 00:00:00,https://www.sec.gov/Archives/edgar/data/862831/000119312526385193/0001193125-26-385193-index.htm,8-K,8-K,https://www.sec.gov/Archives/edgar/data/862831/000119312526385193/fisi-20260908.htm,False,
FISI,2026-09-08 00:00:00,https://www.sec.gov/Archives/edgar/data/862831/000119312526385193/0001193125-26-385193-index.htm,8-K,8-K,https://www.sec.gov/Archives/edgar/data/862831/000119312526385193/fisi-20260908.htm,False,
ARCB,2026-09-08 00:00:00,https://www.sec.gov/Archives/edgar/data/894405/000110465926105900/0001104659-26-105900-index.htm,8-K,8-K,https://www.sec.gov/Archives/edgar/data/894405/000110465926105900/arcb-20260908x8k.htm,False,
UNH,2026-09-08 00:00:00,https://www.sec.gov/Archives/edgar/data/731766/000073176626000205/0000731766-26-000205-index.htm,8-K,8-K,https://www.sec.gov/Archives/edgar/data/731766/000073176626000205/unh-20260908.htm,False,
ENBA,2026-09-08 00:00:00,https://www.sec.gov/Archives/edgar/data/895728/000110465926105899/0001104659-26-105899-index.htm,8-K,FORM 8-K,https://www.sec.gov/Archives/edgar/data/895728/000110465926105899/tm2624881d2_8k.htm,False,
ENBA,2026-09-08 00:00:00,https://www.sec.gov/Archives/edgar/data/895728/000110465926105899/0001104659-26-105899-index.htm,EX-99.1,EXHIBIT 99.1,https://www.sec.gov/Archives/edgar/data/895728/000110465926105899/tm2624881d2_ex99-1.htm,False,
ENBNF,2026-09-08 00:00:00,https://www.sec.gov/Archives/edgar/data/895728/000110465926105899/0001104659-26-105899-index.htm,8-K,FORM 8-K,https://www.sec.gov/Archives/edgar/data/895728/000110465926105899/tm2624881d2_8k.htm,False,
ENBNF,2026-09-08 00:00:00,https://www.sec.gov/Archives/edgar/data/895728/000110465926105899/0001104659-26-105899-index.htm,EX-99.1,EXHIBIT 99.1,https://www.sec.gov/Archives/edgar/data/895728/000110465926105899/tm2624881d2_ex99-1.htm,False,
ENBFF,2026-09-08 00:00:00,https://www.sec.gov/Archives/edgar/data/895728/000110465926105899/0001104659-26-105899-index.htm,8-K,FORM 8-K,https://www.sec.gov/Archives/edgar/data/895728/000110465926105899/tm2624881d2_8k.htm,False,
ENBFF,2026-09-08 00:00:00,https://www.sec.gov/Archives/edgar/data/895728/000110465926105899/0001104659-26-105899-index.htm,EX-99.1,EXHIBIT 99.1,https://www.sec.gov/Archives/edgar/data/895728/000110465926105899/tm2624881d2_ex99-1.htm,False,
ENBHF,2026-09-08 00:00:00,https://www.sec.gov/Archives/edgar/data/895728/000110465926105899/0001104659-26-105899-index.htm,8-K,FORM 8-K,https://www.sec.gov/Archives/edgar/data/895728/000110465926105899/tm2624881d2_8k.htm,False,
ENBHF,2026-09-08 00:00:00,https://www.sec.gov/Archives/edgar/data/895728/000110465926105899/0001104659-26-105899-index.htm,EX-99.1,EXHIBIT 99.1,https://www.sec.gov/Archives/edgar/data/895728/000110465926105899/tm2624881d2_ex99-1.htm,False,
EBBNF,2026-09-08 00:00:00,https://www.sec.gov/Archives/edgar/data/895728/000110465926105899/0001104659-26-105899-index.htm,8-K,FORM 8-K,https://www.sec.gov/Archives/edgar/data/895728/000110465926105899/tm2624881d2_8k.htm,False,
EBBNF,2026-09-08 00:00:00,https://www.sec.gov/Archives/edgar/data/895728/000110465926105899/0001104659-26-105899-index.htm,EX-99.1,EXHIBIT 99.1,https://www.sec.gov/Archives/edgar/data/895728/000110465926105899/tm2624881d2_ex99-1.htm,False,
EBGEF,2026-09-08 00:00:00,https://www.sec.gov/Archives/edgar/data/895728/000110465926105899/0001104659-26-105899-index.htm,8-K,FORM 8-K,https://www.sec.gov/Archives/edgar/data/895728/000110465926105899/tm2624881d2_8k.htm,False,
EBGEF,2026-09-08 00:00:00,https://www.sec.gov/Archives/edgar/data/895728/000110465926105899/0001104659-26-105899-index.htm,EX-99.1,EXHIBIT 99.1,https://www.sec.gov/Archives/edgar/data/895728/000110465926105899/tm2624881d2_ex99-1.htm,False,
ENBGF,2026-09-08 00:00:00,https://www.sec.gov/Archives/edgar/data/895728/000110465926105899/0001104659-26-105899-index.htm,8-K,FORM 8-K,https://www.sec.gov/Archives/edgar/data/895728/000110465926105899/tm2624881d2_8k.htm,False,
ENBGF,2026-09-08 00:00:00,https://www.sec.gov/Archives/edgar/data/895728/000110465926105899/0001104659-26-105899-index.htm,EX-99.1,EXHIBIT 99.1,https://www.sec.gov/Archives/edgar/data/895728/000110465926105899/tm2624881d2_ex99-1.htm,False,
ENBOF,2026-09-08 00:00:00,https://www.sec.gov/Archives/edgar/data/895728/000110465926105899/0001104659-26-105899-index.htm,8-K,FORM 8-K,https://www.sec.gov/Archives/edgar/data/895728/000110465926105899/tm2624881d2_8k.htm,False,
ENBOF,2026-09-08 00:00:00,https://www.sec.gov/Archives/edgar/data/895728/000110465926105899/0001104659-26-105899-index.htm,EX-99.1,EXHIBIT 99.1,https://www.sec.gov/Archives/edgar/data/895728/000110465926105899/tm2624881d2_ex99-1.htm,False,
EBBGF,2026-09-08 00:00:00,https://www.sec.gov/Archives/edgar/data/895728/000110465926105899/0001104659-26-105899-index.htm,8-K,FORM 8-K,https://www.sec.gov/Archives/edgar/data/895728/000110465926105899/tm2624881d2_8k.htm,False,
EBBGF,2026-09-08 00:00:00,https://www.sec.gov/Archives/edgar/data/895728/000110465926105899/0001104659-26-105899-index.htm,EX-99.1,EXHIBIT 99.1,https://www.sec.gov/Archives/edgar/data/895728/000110465926105899/tm2624881d2_ex99-1.htm,False,
ENBBF,2026-09-08 00:00:00,https://www.sec.gov/Archives/edgar/data/895728/000110465926105899/0001104659-26-105899-index.htm,8-K,FORM 8-K,https://www.sec.gov/Archives/edgar/data/895728/000110465926105899/tm2624881d2_8k.htm,False,
ENBBF,2026-09-08 00:00:00,https://www.sec.gov/Archives/edgar/data/895728/000110465926105899/0001104659-26-105899-index.htm,EX-99.1,EXHIBIT 99.1,https://www.sec.gov/Archives/edgar/data/895728/000110465926105899/tm2624881d2_ex99-1.htm,False,
EBRGF,2026-09-08 00:00:00,https://www.sec.gov/Archives/edgar/data/895728/000110465926105899/0001104659-26-105899-index.htm,8-K,FORM 8-K,https://www.sec.gov/Archives/edgar/data/895728/000110465926105899/tm2624881d2_8k.htm,False,
EBRGF,2026-09-08 00:00:00,https://www.sec.gov/Archives/edgar/data/895728/000110465926105899/0001104659-26-105899-index.htm,EX-99.1,EXHIBIT 99.1,https://www.sec.gov/Archives/edgar/data/895728/000110465926105899/tm2624881d2_ex99-1.htm,False,
ENB,2026-09-08 00:00:00,https://www.sec.gov/Archives/edgar/data/895728/000110465926105899/0001104659-26-105899-index.htm,8-K,FORM 8-K,https://www.sec.gov/Archives/edgar/data/895728/000110465926105899/tm2624881d2_8k.htm,False,
ENB,2026-09-08 00:00:00,https://www.sec.gov/Archives/edgar/data/895728/000110465926105899/0001104659-26-105899-index.htm,EX-99.1,EXHIBIT 99.1,https://www.sec.gov/Archives/edgar/data/895728/000110465926105899/tm2624881d2_ex99-1.htm,False,
ENBRF,2026-09-08 00:00:00,https://www.sec.gov/Archives/edgar/data/895728/000110465926105899/0001104659-26-105899-index.htm,8-K,FORM 8-K,https://www.sec.gov/Archives/edgar/data/895728/000110465926105899/tm2624881d2_8k.htm,False,
ENBRF,2026-09-08 00:00:00,https://www.sec.gov/Archives/edgar/data/895728/000110465926105899/0001104659-26-105899-index.htm,EX-99.1,EXHIBIT 99.1,https://www.sec.gov/Archives/edgar/data/895728/000110465926105899/tm2624881d2_ex99-1.htm,False,
ENNPF,2026-09-08 00:00:00,https://www.sec.gov/Archives/edgar/data/895728/000110465926105899/0001104659-26-105899-index.htm,8-K,FORM 8-K,https://www.sec.gov/Archives/edgar/data/895728/000110465926105899/tm2624881d2_8k.htm,False,
ENNPF,2026-09-08 00:00:00,https://www.sec.gov/Archives/edgar/data/895728/000110465926105899/0001104659-26-105899-index.htm,EX-99.1,EXHIBIT 99.1,https://www.sec.gov/Archives/edgar/data/895728/000110465926105899/tm2624881d2_ex99-1.htm,False,
EBRZF,2026-09-08 00:00:00,https://www.sec.gov/Archives/edgar/data/895728/000110465926105899/0001104659-26-105899-index.htm,8-K,FORM 8-K,https://www.sec.gov/Archives/edgar/data/895728/000110465926105899/tm2624881d2_8k.htm,False,
EBRZF,2026-09-08 00:00:00,https://www.sec.gov/Archives/edgar/data/895728/000110465926105899/0001104659-26-105899-index.htm,EX-99.1,EXHIBIT 99.1,https://www.sec.gov/Archives/edgar/data/895728/000110465926105899/tm2624881d2_ex99-1.htm,False,
ENBMF,2026-09-08 00:00:00,https://www.sec.gov/Archives/edgar/data/895728/000110465926105899/0001104659-26-105899-index.htm,8-K,FORM 8-K,https://www.sec.gov/Archives/edgar/data/895728/000110465926105899/tm2624881d2_8k.htm,False,
ENBMF,2026-09-08 00:00:00,https://www.sec.gov/Archives/edgar/data/895728/000110465926105899/0001104659-26-105899-index.htm,EX-99.1,EXHIBIT 99.1,https://www.sec.gov/Archives/edgar/data/895728/000110465926105899/tm2624881d2_ex99-1.htm,False,
ENBSF,2026-09-08 00:00:00,https://www.sec.gov/Archives/edgar/data/895728/000110465926105899/0001104659-26-105899-index.htm,8-K,FORM 8-K,https://www.sec.gov/Archives/edgar/data/895728/000110465926105899/tm2624881d2_8k.htm,False,
ENBSF,2026-09-08 00:00:00,https://www.sec.gov/Archives/edgar/data/895728/000110465926105899/0001104659-26-105899-index.htm,EX-99.1,EXHIBIT 99.1,https://www.sec.gov/Archives/edgar/data/895728/000110465926105899/tm2624881d2_ex99-1.htm,False,
AQMS,2026-09-08 00:00:00,https://www.sec.gov/Archives/edgar/data/1621832/000143774926029824/0001437749-26-029824-index.htm,8-K,FORM 8-K,https://www.sec.gov/Archives/edgar/data/1621832/000143774926029824/aqms20260907_8k.htm,False,
LIQT,2026-09-08 00:00:00,https://www.sec.gov/Archives/edgar/data/1307579/000143774926029823/0001437749-26-029823-index.htm,8-K,FORM 8-K,https://www.sec.gov/Archives/edgar/data/1307579/000143774926029823/liqt20260904_8k.htm,False,
FCUV,2026-09-08 00:00:00,https://www.sec.gov/Archives/edgar/data/1590418/000168316826007008/0001683168-26-007008-index.htm,8-K,FORM 8-K,https://www.sec.gov/Archives/edgar/data/1590418/000168316826007008/focus_8k.htm,False,
FCUV,2026-09-08 00:00:00,https://www.sec.gov/Archives/edgar/data/1590418/000168316826007008/0001683168-26-007008-index.htm,EX-99.1,"PRESS RELEASE DATED SEPTEMBER 5, 2026",https://www.sec.gov/Archives/edgar/data/1590418/000168316826007008/focus_ex9901.htm,False,
ISCO,2026-09-08 00:00:00,https://www.sec.gov/Archives/edgar/data/1355790/000168316826007007/0001683168-26-007007-index.htm,8-K,FORM 8-K,https://www.sec.gov/Archives/edgar/data/1355790/000168316826007007/intlstemcell_8k.htm,False,
ISCO,2026-09-08 00:00:00,https://www.sec.gov/Archives/edgar/data/1355790/000168316826007007/0001683168-26-007007-index.htm,EX-99.1,UNAUDITED PRO FORMA CONDENSED CONSOLIDATED FINANCIAL INFORMATION.,https://www.sec.gov/Archives/edgar/data/1355790/000168316826007007/intlstemcell_ex9901.htm,False,
KROS,2026-09-08 00:00:00,https://www.sec.gov/Archives/edgar/data/1664710/000166471026000053/0001664710-26-000053-index.htm,8-K,8-K,https://www.sec.gov/Archives/edgar/data/1664710/000166471026000053/kros-20260908.htm,False,
KROS,2026-09-08 00:00:00,https://www.sec.gov/Archives/edgar/data/1664710/000166471026000053/0001664710-26-000053-index.htm,EX-99.1,EX-99.1,https://www.sec.gov/Archives/edgar/data/1664710/000166471026000053/exhibit9919826pr.htm,False,
None,2026-09-08 00:00:00,https://www.sec.gov/Archives/edgar/data/2072421/000094337426000401/0000943374-26-000401-index.htm,8-K,CURRENT REPORT FILING,https://www.sec.gov/Archives/edgar/data/2072421/000094337426000401/none-20260904.htm,False,
INBX,2026-09-08 00:00:00,https://www.sec.gov/Archives/edgar/data/2007919/000200791926000047/0002007919-26-000047-index.htm,8-K,8-K,https://www.sec.gov/Archives/edgar/data/2007919/000200791926000047/inhibrx-20260908.htm,False,
INBX,2026-09-08 00:00:00,https://www.sec.gov/Archives/edgar/data/2007919/000200791926000047/0002007919-26-000047-index.htm,EX-99.1,EX-99.1,https://www.sec.gov/Archives/edgar/data/2007919/000200791926000047/exhibit991-pressreleasesep.htm,False,
JFIL,2026-09-08 00:00:00,https://www.sec.gov/Archives/edgar/data/1517389/000147793226005447/0001477932-26-005447-index.htm,8-K,FORM 8-K,https://www.sec.gov/Archives/edgar/data/1517389/000147793226005447/jfil_8k.htm,False,
HLI,2026-09-08 00:00:00,https://www.sec.gov/Archives/edgar/data/1302215/000119312526385184/0001193125-26-385184-index.htm,8-K,8-K,https://www.sec.gov/Archives/edgar/data/1302215/000119312526385184/d71889d8k.htm,False,
None,2026-09-08 00:00:00,https://www.sec.gov/Archives/edgar/data/2074176/000110465926105890/0001104659-26-105890-index.htm,8-K,FORM 8-K,https://www.sec.gov/Archives/edgar/data/2074176/000110465926105890/tm2624863d1_8k.htm,False,
NTIC,2026-09-08 00:00:00,https://www.sec.gov/Archives/edgar/data/875582/000117184326005919/0001171843-26-005919-index.htm,8-K,FORM 8-K,https://www.sec.gov/Archives/edgar/data/875582/000117184326005919/f8k_090826.htm,False,
NTIC,2026-09-08 00:00:00,https://www.sec.gov/Archives/edgar/data/875582/000117184326005919/0001171843-26-005919-index.htm,EX-99.1,EXHIBIT 99.1,https://www.sec.gov/Archives/edgar/data/875582/000117184326005919/exh_991.htm,False,
None,2026-09-08 00:00:00,https://www.sec.gov/Archives/edgar/data/1999784/000199978426000068/0001999784-26-000068-index.htm,8-K,8-K,https://www.sec.gov/Archives/edgar/data/1999784/000199978426000068/ck0001999784-20260901.htm,False,
EXPI,2026-09-08 00:00:00,https://www.sec.gov/Archives/edgar/data/1495932/000110465926105889/0001104659-26-105889-index.htm,8-K,8-K,https://www.sec.gov/Archives/edgar/data/1495932/000110465926105889/agnt-20260903x8k.htm,True,
EXPI,2026-09-08 00:00:00,https://www.sec.gov/Archives/edgar/data/1495932/000110465926105889/0001104659-26-105889-index.htm,EX-10.1,EX-10.1,https://www.sec.gov/Archives/edgar/data/1495932/000110465926105889/agnt-20260903xex10d1.htm,False,
None,2026-09-08 00:00:00,https://www.sec.gov/Archives/edgar/data/1666244/000119312526385181/0001193125-26-385181-index.htm,8-K,8-K,https://www.sec.gov/Archives/edgar/data/1666244/000119312526385181/cfit-20260908.htm,False,
None,2026-09-08 00:00:00,https://www.sec.gov/Archives/edgar/data/2031750/000203175026000071/0002031750-26-000071-index.htm,8-K,8-K,https://www.sec.gov/Archives/edgar/data/2031750/000203175026000071/aci-20260908.htm,False,
MLAB,2026-09-08 00:00:00,https://www.sec.gov/Archives/edgar/data/724004/000143774926029813/0001437749-26-029813-index.htm,8-K,FORM 8-K,https://www.sec.gov/Archives/edgar/data/724004/000143774926029813/mlab20260901_8k.htm,False,
WAVSW,2026-09-08 00:00:00,https://www.sec.gov/Archives/edgar/data/1868419/000162828026060880/0001628280-26-060880-index.htm,8-K,8-K,https://www.sec.gov/Archives/edgar/data/1868419/000162828026060880/cycu-20260903.htm,False,
WAVSW,2026-09-08 00:00:00,https://www.sec.gov/Archives/edgar/data/1868419/000162828026060880/0001628280-26-060880-index.htm,EX-99.1,EX-99.1,https://www.sec.gov/Archives/edgar/data/1868419/000162828026060880/exhibit991sep32026pressrel.htm,False,
WAVSU,2026-09-08 00:00:00,https://www.sec.gov/Archives/edgar/data/1868419/000162828026060880/0001628280-26-060880-index.htm,8-K,8-K,https://www.sec.gov/Archives/edgar/data/1868419/000162828026060880/cycu-20260903.htm,False,
WAVSU,2026-09-08 00:00:00,https://www.sec.gov/Archives/edgar/data/1868419/000162828026060880/0001628280-26-060880-index.htm,EX-99.1,EX-99.1,https://www.sec.gov/Archives/edgar/data/1868419/000162828026060880/exhibit991sep32026pressrel.htm,False,
WAVS,2026-09-08 00:00:00,https://www.sec.gov/Archives/edgar/data/1868419/000162828026060880/0001628280-26-060880-index.htm,8-K,8-K,https://www.sec.gov/Archives/edgar/data/1868419/000162828026060880/cycu-20260903.htm,False,
WAVS,2026-09-08 00:00:00,https://www.sec.gov/Archives/edgar/data/1868419/000162828026060880/0001628280-26-060880-index.htm,EX-99.1,EX-99.1,https://www.sec.gov/Archives/edgar/data/1868419/000162828026060880/exhibit991sep32026pressrel.htm,False,
CYCU,2026-09-08 00:00:00,https://www.sec.gov/Archives/edgar/data/1868419/000162828026060880/0001628280-26-060880-index.htm,8-K,8-K,https://www.sec.gov/Archives/edgar/data/1868419/000162828026060880/cycu-20260903.htm,False,
CYCU,2026-09-08 00:00:00,https://www.sec.gov/Archives/edgar/data/1868419/000162828026060880/0001628280-26-060880-index.htm,EX-99.1,EX-99.1,https://www.sec.gov/Archives/edgar/data/1868419/000162828026060880/exhibit991sep32026pressrel.htm,False,
CYCUW,2026-09-08 00:00:00,https://www.sec.gov/Archives/edgar/data/1868419/000162828026060880/0001628280-26-060880-index.htm,8-K,8-K,https://www.sec.gov/Archives/edgar/data/1868419/000162828026060880/cycu-20260903.htm,False,
CYCUW,2026-09-08 00:00:00,https://www.sec.gov/Archives/edgar/data/1868419/000162828026060880/0001628280-26-060880-index.htm,EX-99.1,EX-99.1,https://www.sec.gov/Archives/edgar/data/1868419/000162828026060880/exhibit991sep32026pressrel.htm,False,
None,2026-09-08 00:00:00,https://www.sec.gov/Archives/edgar/data/1316944/000131694426000148/0001316944-26-000148-index.htm,8-K,"CURRENT REPORT, ITEM 2.03",https://www.sec.gov/Archives/edgar/data/1316944/000131694426000148/fhlbsf-20260902.htm,False,
UCBIO,2026-09-08 00:00:00,https://www.sec.gov/Archives/edgar/data/857855/000110465926105855/0001104659-26-105855-index.htm,8-K,FORM 8-K,https://www.sec.gov/Archives/edgar/data/857855/000110465926105855/tm2624990d1_8k.htm,False,
UCBIO,2026-09-08 00:00:00,https://www.sec.gov/Archives/edgar/data/857855/000110465926105855/0001104659-26-105855-index.htm,EX-99.1,EXHIBIT 99.1,https://www.sec.gov/Archives/edgar/data/857855/000110465926105855/tm2624990d1_ex99-1.htm,False,
UCB,2026-09-08 00:00:00,https://www.sec.gov/Archives/edgar/data/857855/000110465926105855/0001104659-26-105855-index.htm,8-K,FORM 8-K,https://www.sec.gov/Archives/edgar/data/857855/000110465926105855/tm2624990d1_8k.htm,False,
UCB,2026-09-08 00:00:00,https://www.sec.gov/Archives/edgar/data/857855/000110465926105855/0001104659-26-105855-index.htm,EX-99.1,EXHIBIT 99.1,https://www.sec.gov/Archives/edgar/data/857855/000110465926105855/tm2624990d1_ex99-1.htm,False,
UCBI,2026-09-08 00:00:00,https://www.sec.gov/Archives/edgar/data/857855/000110465926105855/0001104659-26-105855-index.htm,8-K,FORM 8-K,https://www.sec.gov/Archives/edgar/data/857855/000110465926105855/tm2624990d1_8k.htm,False,
UCBI,2026-09-08 00:00:00,https://www.sec.gov/Archives/edgar/data/857855/000110465926105855/0001104659-26-105855-index.htm,EX-99.1,EXHIBIT 99.1,https://www.sec.gov/Archives/edgar/data/857855/000110465926105855/tm2624990d1_ex99-1.htm,False,
UCB-PI,2026-09-08 00:00:00,https://www.sec.gov/Archives/edgar/data/857855/000110465926105855/0001104659-26-105855-index.htm,8-K,FORM 8-K,https://www.sec.gov/Archives/edgar/data/857855/000110465926105855/tm2624990d1_8k.htm,False,
UCB-PI,2026-09-08 00:00:00,https://www.sec.gov/Archives/edgar/data/857855/000110465926105855/0001104659-26-105855-index.htm,EX-99.1,EXHIBIT 99.1,https://www.sec.gov/Archives/edgar/data/857855/000110465926105855/tm2624990d1_ex99-1.htm,False,
None,2026-09-08 00:00:00,https://www.sec.gov/Archives/edgar/data/1327978/000162828026060857/0001628280-26-060857-index.htm,8-K,8-K,https://www.sec.gov/Archives/edgar/data/1327978/000162828026060857/are-20260901.htm,False,
DPLS,2026-09-08 00:00:00,https://www.sec.gov/Archives/edgar/data/866439/000168316826006998/0001683168-26-006998-index.htm,8-K,CURRENT REPORT,https://www.sec.gov/Archives/edgar/data/866439/000168316826006998/darkpulse_8k.htm,False,
None,2026-09-08 00:00:00,https://www.sec.gov/Archives/edgar/data/1331757/000133175726000163/0001331757-26-000163-index.htm,8-K,8-K,https://www.sec.gov/Archives/edgar/data/1331757/000133175726000163/fhlbd-20260902.htm,False,
HCTI,2026-09-08 00:00:00,https://www.sec.gov/Archives/edgar/data/1839285/000121390026097953/0001213900-26-097953-index.htm,8-K,CURRENT REPORT,https://www.sec.gov/Archives/edgar/data/1839285/000121390026097953/ea0304854-8k_healthcare.htm,True,
HCTI,2026-09-08 00:00:00,https://www.sec.gov/Archives/edgar/data/1839285/000121390026097953/0001213900-26-097953-index.htm,EX-10.1,"TRANSITION SERVICES AGREEMENT, DATED AS OF SEPTEMBER 2, 2026, BY AND BETWEEN HEA",https://www.sec.gov/Archives/edgar/data/1839285/000121390026097953/ea030485401ex10-1.htm,False,
None,2026-09-08 00:00:00,https://www.sec.gov/Archives/edgar/data/1326771/000132677126000147/0001326771-26-000147-index.htm,8-K,8-K,https://www.sec.gov/Archives/edgar/data/1326771/000132677126000147/fhlbcin-20260902.htm,False,
None,2026-09-08 00:00:00,https://www.sec.gov/Archives/edgar/data/1331463/000133146326000174/0001331463-26-000174-index.htm,8-K,CURRENT REPORT ITEM 2.03,https://www.sec.gov/Archives/edgar/data/1331463/000133146326000174/fhlbbost-20260902.htm,False,
None,2026-09-08 00:00:00,https://www.sec.gov/Archives/edgar/data/1639694/000185362026000211/0001853620-26-000211-index.htm,8-K,FORM 8-K,https://www.sec.gov/Archives/edgar/data/1639694/000185362026000211/gsms2015gc30_8k_92026.htm,False,
None,2026-09-08 00:00:00,https://www.sec.gov/Archives/edgar/data/1946997/000119312526384901/0001193125-26-384901-index.htm,8-K,8-K,https://www.sec.gov/Archives/edgar/data/1946997/000119312526384901/ck0001946997-20260810.htm,False,
FELE,2026-09-08 00:00:00,https://www.sec.gov/Archives/edgar/data/38725/000003872526000062/0000038725-26-000062-index.htm,8-K,8-K,https://www.sec.gov/Archives/edgar/data/38725/000003872526000062/fele-20260904.htm,True,
FELE,2026-09-08 00:00:00,https://www.sec.gov/Archives/edgar/data/38725/000003872526000062/0000038725-26-000062-index.htm,EX-99.1,EX-99.1,https://www.sec.gov/Archives/edgar/data/38725/000003872526000062/a09042026ex991catpumpscorp.htm,False,
None,2026-09-08 00:00:00,https://www.sec.gov/Archives/edgar/data/2109869/000182912626009860/0001829126-26-009860-index.htm,8-K,8-K,https://www.sec.gov/Archives/edgar/data/2109869/000182912626009860/exascalelabs_8k.htm,False,
LASE,2026-09-08 00:00:00,https://www.sec.gov/Archives/edgar/data/1807887/000149315226041734/0001493152-26-041734-index.htm,8-K,8-K,https://www.sec.gov/Archives/edgar/data/1807887/000149315226041734/form8-k.htm,False,
None,2026-09-08 00:00:00,https://www.sec.gov/Archives/edgar/data/1326771/000132677126000145/0001326771-26-000145-index.htm,8-K,8-K,https://www.sec.gov/Archives/edgar/data/1326771/000132677126000145/fhlbcin-20260904.htm,False,
None,2026-09-08 00:00:00,https://www.sec.gov/Archives/edgar/data/1326771/000132677126000145/0001326771-26-000145-index.htm,EX-99.1,EX-99.1,https://www.sec.gov/Archives/edgar/data/1326771/000132677126000145/ex991directorelectionnewsl.htm,False,
IQST,2026-09-08 00:00:00,https://www.sec.gov/Archives/edgar/data/1527702/000166357726000262/0001663577-26-000262-index.htm,8-K,FORM 8-K,https://www.sec.gov/Archives/edgar/data/1527702/000166357726000262/iqst8k090826.htm,False,
IQST,2026-09-08 00:00:00,https://www.sec.gov/Archives/edgar/data/1527702/000166357726000262/0001663577-26-000262-index.htm,EX-99.1,"PRESS RELEASE OF IQSTEL INC., DATED SEPTEMBER 3, 2026",https://www.sec.gov/Archives/edgar/data/1527702/000166357726000262/ex99_1.htm,False,
None,2026-09-08 00:00:00,https://www.sec.gov/Archives/edgar/data/2097887/000119312526384647/0001193125-26-384647-index.htm,8-K,8-K,https://www.sec.gov/Archives/edgar/data/2097887/000119312526384647/d111373d8k.htm,False,
None,2026-09-08 00:00:00,https://www.sec.gov/Archives/edgar/data/2117580/000119312526384645/0001193125-26-384645-index.htm,8-K,8-K,https://www.sec.gov/Archives/edgar/data/2117580/000119312526384645/d109535d8k.htm,False,
None,2026-09-08 00:00:00,https://www.sec.gov/Archives/edgar/data/1325878/000132587826000178/0001325878-26-000178-index.htm,8-K,8-K,https://www.sec.gov/Archives/edgar/data/1325878/000132587826000178/fhlbt-20260903.htm,False,
None,2026-09-08 00:00:00,https://www.sec.gov/Archives/edgar/data/1004155/000100415526000016/0001004155-26-000016-index.htm,8-K,8-K,https://www.sec.gov/Archives/edgar/data/1004155/000100415526000016/so-20260908.htm,False,
None,2026-09-08 00:00:00,https://www.sec.gov/Archives/edgar/data/1331754/000133175426000177/0001331754-26-000177-index.htm,8-K,8-K,https://www.sec.gov/Archives/edgar/data/1331754/000133175426000177/fhlbi-20260902.htm,False,
PWUP,2026-09-08 00:00:00,https://www.sec.gov/Archives/edgar/data/1847345/000149315226041725/0001493152-26-041725-index.htm,8-K,8-K,https://www.sec.gov/Archives/edgar/data/1847345/000149315226041725/form8-k.htm,False,
PWUP,2026-09-08 00:00:00,https://www.sec.gov/Archives/edgar/data/1847345/000149315226041725/0001493152-26-041725-index.htm,EX-99.1,EX-99.1,https://www.sec.gov/Archives/edgar/data/1847345/000149315226041725/ex99-1.htm,False,
PWUPW,2026-09-08 00:00:00,https://www.sec.gov/Archives/edgar/data/1847345/000149315226041725/0001493152-26-041725-index.htm,8-K,8-K,https://www.sec.gov/Archives/edgar/data/1847345/000149315226041725/form8-k.htm,False,
PWUPW,2026-09-08 00:00:00,https://www.sec.gov/Archives/edgar/data/1847345/000149315226041725/0001493152-26-041725-index.htm,EX-99.1,EX-99.1,https://www.sec.gov/Archives/edgar/data/1847345/000149315226041725/ex99-1.htm,False,
PWUPU,2026-09-08 00:00:00,https://www.sec.gov/Archives/edgar/data/1847345/000149315226041725/0001493152-26-041725-index.htm,8-K,8-K,https://www.sec.gov/Archives/edgar/data/1847345/000149315226041725/form8-k.htm,False,
PWUPU,2026-09-08 00:00:00,https://www.sec.gov/Archives/edgar/data/1847345/000149315226041725/0001493152-26-041725-index.htm,EX-99.1,EX-99.1,https://www.sec.gov/Archives/edgar/data/1847345/000149315226041725/ex99-1.htm,False,
ASBP,2026-09-08 00:00:00,https://www.sec.gov/Archives/edgar/data/1847345/000149315226041725/0001493152-26-041725-index.htm,8-K,8-K,https://www.sec.gov/Archives/edgar/data/1847345/000149315226041725/form8-k.htm,False,
ASBP,2026-09-08 00:00:00,https://www.sec.gov/Archives/edgar/data/1847345/000149315226041725/0001493152-26-041725-index.htm,EX-99.1,EX-99.1,https://www.sec.gov/Archives/edgar/data/1847345/000149315226041725/ex99-1.htm,False,
SBMT,2026-09-08 00:00:00,https://www.sec.gov/Archives/edgar/data/2067674/000153949726002458/0001539497-26-002458-index.htm,8-K,8-K,https://www.sec.gov/Archives/edgar/data/2067674/000153949726002458/n5138_x34-8k.htm,False,
SBMT,2026-09-08 00:00:00,https://www.sec.gov/Archives/edgar/data/2067674/000153949726002458/0001539497-26-002458-index.htm,EX-99.1,"SILVER BOW MINING PRESS RELEASE DATED SEPTEMBER 8, 2026",https://www.sec.gov/Archives/edgar/data/2067674/000153949726002458/n5138_exh99-1.htm,False,
MXF,2026-09-08 00:00:00,https://www.sec.gov/Archives/edgar/data/65433/000165495426008174/0001654954-26-008174-index.htm,8-K,FORM 8-K,https://www.sec.gov/Archives/edgar/data/65433/000165495426008174/mxf_8k.htm,False,
JNRV,2026-09-08 00:00:00,https://www.sec.gov/Archives/edgar/data/1805526/000180552626000098/0001805526-26-000098-index.htm,8-K,8-K,https://www.sec.gov/Archives/edgar/data/1805526/000180552626000098/dfdv-20260903.htm,True,
JNRV,2026-09-08 00:00:00,https://www.sec.gov/Archives/edgar/data/1805526/000180552626000098/0001805526-26-000098-index.htm,EX-99.1,EX-99.1,https://www.sec.gov/Archives/edgar/data/1805526/000180552626000098/dfdv-exx991_9426.htm,False,
JNVR,2026-09-08 00:00:00,https://www.sec.gov/Archives/edgar/data/1805526/000180552626000098/0001805526-26-000098-index.htm,8-K,8-K,https://www.sec.gov/Archives/edgar/data/1805526/000180552626000098/dfdv-20260903.htm,True,
JNVR,2026-09-08 00:00:00,https://www.sec.gov/Archives/edgar/data/1805526/000180552626000098/0001805526-26-000098-index.htm,EX-99.1,EX-99.1,https://www.sec.gov/Archives/edgar/data/1805526/000180552626000098/dfdv-exx991_9426.htm,False,
DFDV,2026-09-08 00:00:00,https://www.sec.gov/Archives/edgar/data/1805526/000180552626000098/0001805526-26-000098-index.htm,8-K,8-K,https://www.sec.gov/Archives/edgar/data/1805526/000180552626000098/dfdv-20260903.htm,True,
DFDV,2026-09-08 00:00:00,https://www.sec.gov/Archives/edgar/data/1805526/000180552626000098/0001805526-26-000098-index.htm,EX-99.1,EX-99.1,https://www.sec.gov/Archives/edgar/data/1805526/000180552626000098/dfdv-exx991_9426.htm,False,
MESHW,2026-09-08 00:00:00,https://www.sec.gov/Archives/edgar/data/2081468/000121390026097901/0001213900-26-097901-index.htm,8-K,CURRENT REPORT,https://www.sec.gov/Archives/edgar/data/2081468/000121390026097901/ea0304759-8k425_meshflow.htm,True,
MESHW,2026-09-08 00:00:00,https://www.sec.gov/Archives/edgar/data/2081468/000121390026097901/0001213900-26-097901-index.htm,EX-10.1,"SPONSOR SUPPORT AGREEMENT, DATED SEPTEMBER 5, 2026, BY AND AMONG MESHFLOW ACQUIS",https://www.sec.gov/Archives/edgar/data/2081468/000121390026097901/ea030475901ex10-1.htm,False,
MESHW,2026-09-08 00:00:00,https://www.sec.gov/Archives/edgar/data/2081468/000121390026097901/0001213900-26-097901-index.htm,EX-10.2,"TRANSACTION SUPPORT AGREEMENT, DATED SEPTEMBER 5, 2026, BY AND AMONG MESHFLOW AC",https://www.sec.gov/Archives/edgar/data/2081468/000121390026097901/ea030475901ex10-2.htm,False,
MESHW,2026-09-08 00:00:00,https://www.sec.gov/Archives/edgar/data/2081468/000121390026097901/0001213900-26-097901-index.htm,EX-99.1,"PRESS RELEASE, DATED SEPTEMBER 8, 2026",https://www.sec.gov/Archives/edgar/data/2081468/000121390026097901/ea030475901ex99-1.htm,False,
MESHU,2026-09-08 00:00:00,https://www.sec.gov/Archives/edgar/data/2081468/000121390026097901/0001213900-26-097901-index.htm,8-K,CURRENT REPORT,https://www.sec.gov/Archives/edgar/data/2081468/000121390026097901/ea0304759-8k425_meshflow.htm,True,
MESHU,2026-09-08 00:00:00,https://www.sec.gov/Archives/edgar/data/2081468/000121390026097901/0001213900-26-097901-index.htm,EX-10.1,"SPONSOR SUPPORT AGREEMENT, DATED SEPTEMBER 5, 2026, BY AND AMONG MESHFLOW ACQUIS",https://www.sec.gov/Archives/edgar/data/2081468/000121390026097901/ea030475901ex10-1.htm,False,
MESHU,2026-09-08 00:00:00,https://www.sec.gov/Archives/edgar/data/2081468/000121390026097901/0001213900-26-097901-index.htm,EX-10.2,"TRANSACTION SUPPORT AGREEMENT, DATED SEPTEMBER 5, 2026, BY AND AMONG MESHFLOW AC",https://www.sec.gov/Archives/edgar/data/2081468/000121390026097901/ea030475901ex10-2.htm,False,
MESHU,2026-09-08 00:00:00,https://www.sec.gov/Archives/edgar/data/2081468/000121390026097901/0001213900-26-097901-index.htm,EX-99.1,"PRESS RELEASE, DATED SEPTEMBER 8, 2026",https://www.sec.gov/Archives/edgar/data/2081468/000121390026097901/ea030475901ex99-1.htm,False,
MESH,2026-09-08 00:00:00,https://www.sec.gov/Archives/edgar/data/2081468/000121390026097901/0001213900-26-097901-index.htm,8-K,CURRENT REPORT,https://www.sec.gov/Archives/edgar/data/2081468/000121390026097901/ea0304759-8k425_meshflow.htm,True,
MESH,2026-09-08 00:00:00,https://www.sec.gov/Archives/edgar/data/2081468/000121390026097901/0001213900-26-097901-index.htm,EX-10.1,"SPONSOR SUPPORT AGREEMENT, DATED SEPTEMBER 5, 2026, BY AND AMONG MESHFLOW ACQUIS",https://www.sec.gov/Archives/edgar/data/2081468/000121390026097901/ea030475901ex10-1.htm,False,
MESH,2026-09-08 00:00:00,https://www.sec.gov/Archives/edgar/data/2081468/000121390026097901/0001213900-26-097901-index.htm,EX-10.2,"TRANSACTION SUPPORT AGREEMENT, DATED SEPTEMBER 5, 2026, BY AND AMONG MESHFLOW AC",https://www.sec.gov/Archives/edgar/data/2081468/000121390026097901/ea030475901ex10-2.htm,False,
MESH,2026-09-08 00:00:00,https://www.sec.gov/Archives/edgar/data/2081468/000121390026097901/0001213900-26-097901-index.htm,EX-99.1,"PRESS RELEASE, DATED SEPTEMBER 8, 2026",https://www.sec.gov/Archives/edgar/data/2081468/000121390026097901/ea030475901ex99-1.htm,False,
None,2026-09-08 00:00:00,https://www.sec.gov/Archives/edgar/data/2086716/000162828026060827/0001628280-26-060827-index.htm,8-K,8-K,https://www.sec.gov/Archives/edgar/data/2086716/000162828026060827/stdn-20260908.htm,False,
None,2026-09-08 00:00:00,https://www.sec.gov/Archives/edgar/data/1330399/000133039926000113/0001330399-26-000113-index.htm,8-K,8-K,https://www.sec.gov/Archives/edgar/data/1330399/000133039926000113/ck0001330399-20260902.htm,False,
None,2026-09-08 00:00:00,https://www.sec.gov/Archives/edgar/data/1330399/000133039926000113/0001330399-26-000113-index.htm,EX-99.1,EX-99.1,https://www.sec.gov/Archives/edgar/data/1330399/000133039926000113/ck0001330399-ex99_1.htm,False,
PM,2026-09-08 00:00:00,https://www.sec.gov/Archives/edgar/data/1413329/000162828026060822/0001628280-26-060822-index.htm,8-K,8-K,https://www.sec.gov/Archives/edgar/data/1413329/000162828026060822/pm-20260908.htm,False,
PM,2026-09-08 00:00:00,https://www.sec.gov/Archives/edgar/data/1413329/000162828026060822/0001628280-26-060822-index.htm,EX-99.1,EX-99.1,https://www.sec.gov/Archives/edgar/data/1413329/000162828026060822/a2026barclays-slides.htm,False,
QNBC,2026-09-08 00:00:00,https://www.sec.gov/Archives/edgar/data/750558/000119312526384550/0001193125-26-384550-index.htm,8-K,8-K,https://www.sec.gov/Archives/edgar/data/750558/000119312526384550/qnbc-20260908.htm,False,
QNBC,2026-09-08 00:00:00,https://www.sec.gov/Archives/edgar/data/750558/000119312526384550/0001193125-26-384550-index.htm,EX-99.1,EX-99.1,https://www.sec.gov/Archives/edgar/data/750558/000119312526384550/qnbc-ex99_1.htm,False,
HSAQ,2026-09-08 00:00:00,https://www.sec.gov/Archives/edgar/data/1814114/000110465926105733/0001104659-26-105733-index.htm,8-K,FORM 8-K,https://www.sec.gov/Archives/edgar/data/1814114/000110465926105733/tm2624943d1_8k.htm,False,
HSAQ,2026-09-08 00:00:00,https://www.sec.gov/Archives/edgar/data/1814114/000110465926105733/0001104659-26-105733-index.htm,EX-99.1,EXHIBIT 99.1,https://www.sec.gov/Archives/edgar/data/1814114/000110465926105733/tm2624943d1_ex99-1.htm,False,
OBIO,2026-09-08 00:00:00,https://www.sec.gov/Archives/edgar/data/1814114/000110465926105733/0001104659-26-105733-index.htm,8-K,FORM 8-K,https://www.sec.gov/Archives/edgar/data/1814114/000110465926105733/tm2624943d1_8k.htm,False,
OBIO,2026-09-08 00:00:00,https://www.sec.gov/Archives/edgar/data/1814114/000110465926105733/0001104659-26-105733-index.htm,EX-99.1,EXHIBIT 99.1,https://www.sec.gov/Archives/edgar/data/1814114/000110465926105733/tm2624943d1_ex99-1.htm,False,
None,2026-09-08 00:00:00,https://www.sec.gov/Archives/edgar/data/2080215/000121390026097877/0001213900-26-097877-index.htm,8-K,CURRENT REPORT,https://www.sec.gov/Archives/edgar/data/2080215/000121390026097877/ea0304764-8k_stablecoinx.htm,False,
None,2026-09-08 00:00:00,https://www.sec.gov/Archives/edgar/data/2080215/000121390026097877/0001213900-26-097877-index.htm,EX-10.1,"EMPLOYMENT AGREEMENT, DATED SEPTEMBER 7, 2026 BETWEEN STABLECOINX INC. AND CHRIS",https://www.sec.gov/Archives/edgar/data/2080215/000121390026097877/ea030476401ex10-1.htm,False,
None,2026-09-08 00:00:00,https://www.sec.gov/Archives/edgar/data/2080215/000121390026097877/0001213900-26-097877-index.htm,EX-10.2,"EMPLOYMENT AGREEMENT, DATED SEPTEMBER 7, 2026 BETWEEN STABLECOINX INC. AND YOUNG",https://www.sec.gov/Archives/edgar/data/2080215/000121390026097877/ea030476401ex10-2.htm,False,
None,2026-09-08 00:00:00,https://www.sec.gov/Archives/edgar/data/2080215/000121390026097877/0001213900-26-097877-index.htm,EX-99.1,"PRESS RELEASE DATED SEPTEMBER 8, 2026",https://www.sec.gov/Archives/edgar/data/2080215/000121390026097877/ea030476401ex99-1.htm,False,
ASPI,2026-09-08 00:00:00,https://www.sec.gov/Archives/edgar/data/1921865/000119312526384527/0001193125-26-384527-index.htm,8-K,8-K,https://www.sec.gov/Archives/edgar/data/1921865/000119312526384527/aspi-20260908.htm,False,
ASPI,2026-09-08 00:00:00,https://www.sec.gov/Archives/edgar/data/1921865/000119312526384527/0001193125-26-384527-index.htm,EX-99.1,EX-99.1,https://www.sec.gov/Archives/edgar/data/1921865/000119312526384527/aspi-ex99_1.htm,False,
ROIVW,2026-09-08 00:00:00,https://www.sec.gov/Archives/edgar/data/1635088/000114036126035859/0001140361-26-035859-index.htm,8-K,8-K,https://www.sec.gov/Archives/edgar/data/1635088/000114036126035859/ef20081686_8k.htm,False,
ROIVW,2026-09-08 00:00:00,https://www.sec.gov/Archives/edgar/data/1635088/000114036126035859/0001140361-26-035859-index.htm,EX-99.1,EXHIBIT 99.1,https://www.sec.gov/Archives/edgar/data/1635088/000114036126035859/ef20081686_ex99-1.htm,False,
ROIV,2026-09-08 00:00:00,https://www.sec.gov/Archives/edgar/data/1635088/000114036126035859/0001140361-26-035859-index.htm,8-K,8-K,https://www.sec.gov/Archives/edgar/data/1635088/000114036126035859/ef20081686_8k.htm,False,
ROIV,2026-09-08 00:00:00,https://www.sec.gov/Archives/edgar/data/1635088/000114036126035859/0001140361-26-035859-index.htm,EX-99.1,EXHIBIT 99.1,https://www.sec.gov/Archives/edgar/data/1635088/000114036126035859/ef20081686_ex99-1.htm,False,
HITC,2026-09-08 00:00:00,https://www.sec.gov/Archives/edgar/data/1584693/000149315226041722/0001493152-26-041722-index.htm,8-K,8-K,https://www.sec.gov/Archives/edgar/data/1584693/000149315226041722/form8-k.htm,False,
HITC,2026-09-08 00:00:00,https://www.sec.gov/Archives/edgar/data/1584693/000149315226041722/0001493152-26-041722-index.htm,EX-99.1,EX-99.1,https://www.sec.gov/Archives/edgar/data/1584693/000149315226041722/ex99-1.htm,False,
SSGC,2026-09-08 00:00:00,https://www.sec.gov/Archives/edgar/data/1584693/000149315226041722/0001493152-26-041722-index.htm,8-K,8-K,https://www.sec.gov/Archives/edgar/data/1584693/000149315226041722/form8-k.htm,False,
SSGC,2026-09-08 00:00:00,https://www.sec.gov/Archives/edgar/data/1584693/000149315226041722/0001493152-26-041722-index.htm,EX-99.1,EX-99.1,https://www.sec.gov/Archives/edgar/data/1584693/000149315226041722/ex99-1.htm,False,
OPAD-WT,2026-09-08 00:00:00,https://www.sec.gov/Archives/edgar/data/1825024/000119312526384508/0001193125-26-384508-index.htm,8-K,8-K,https://www.sec.gov/Archives/edgar/data/1825024/000119312526384508/opad-20260903.htm,False,
SPNV,2026-09-08 00:00:00,https://www.sec.gov/Archives/edgar/data/1825024/000119312526384508/0001193125-26-384508-index.htm,8-K,8-K,https://www.sec.gov/Archives/edgar/data/1825024/000119312526384508/opad-20260903.htm,False,
OPAD,2026-09-08 00:00:00,https://www.sec.gov/Archives/edgar/data/1825024/000119312526384508/0001193125-26-384508-index.htm,8-K,8-K,https://www.sec.gov/Archives/edgar/data/1825024/000119312526384508/opad-20260903.htm,False,
SPNV-UN,2026-09-08 00:00:00,https://www.sec.gov/Archives/edgar/data/1825024/000119312526384508/0001193125-26-384508-index.htm,8-K,8-K,https://www.sec.gov/Archives/edgar/data/1825024/000119312526384508/opad-20260903.htm,False,
NMPAU,2026-09-08 00:00:00,https://www.sec.gov/Archives/edgar/data/2054876/000121390026097868/0001213900-26-097868-index.htm,8-K,CURRENT REPORT,https://www.sec.gov/Archives/edgar/data/2054876/000121390026097868/ea0304672-8k425_nmpacq.htm,True,
NMPAU,2026-09-08 00:00:00,https://www.sec.gov/Archives/edgar/data/2054876/000121390026097868/0001213900-26-097868-index.htm,EX-10.1,"FORM OF MANAGEMENT LOCK-UP AGREEMENT, BY AND AMONG GTS HOLDINGS, INC., NMP ACQUI",https://www.sec.gov/Archives/edgar/data/2054876/000121390026097868/ea030467201ex10-1.htm,False,
NMPAU,2026-09-08 00:00:00,https://www.sec.gov/Archives/edgar/data/2054876/000121390026097868/0001213900-26-097868-index.htm,EX-10.2,"FORM OF IPO UNDERWRITERS LOCK-UP AGREEMENT, BY AND AMONG GTS HOLDINGS, INC., NMP",https://www.sec.gov/Archives/edgar/data/2054876/000121390026097868/ea030467201ex10-2.htm,False,
NMPAU,2026-09-08 00:00:00,https://www.sec.gov/Archives/edgar/data/2054876/000121390026097868/0001213900-26-097868-index.htm,EX-99.1,"PRESS RELEASE, DATED AS OF SEPTEMBER 8, 2026",https://www.sec.gov/Archives/edgar/data/2054876/000121390026097868/ea030467201ex99-1.htm,False,
NMPA,2026-09-08 00:00:00,https://www.sec.gov/Archives/edgar/data/2054876/000121390026097868/0001213900-26-097868-index.htm,8-K,CURRENT REPORT,https://www.sec.gov/Archives/edgar/data/2054876/000121390026097868/ea0304672-8k425_nmpacq.htm,True,
NMPA,2026-09-08 00:00:00,https://www.sec.gov/Archives/edgar/data/2054876/000121390026097868/0001213900-26-097868-index.htm,EX-10.1,"FORM OF MANAGEMENT LOCK-UP AGREEMENT, BY AND AMONG GTS HOLDINGS, INC., NMP ACQUI",https://www.sec.gov/Archives/edgar/data/2054876/000121390026097868/ea030467201ex10-1.htm,False,
NMPA,2026-09-08 00:00:00,https://www.sec.gov/Archives/edgar/data/2054876/000121390026097868/0001213900-26-097868-index.htm,EX-10.2,"FORM OF IPO UNDERWRITERS LOCK-UP AGREEMENT, BY AND AMONG GTS HOLDINGS, INC., NMP",https://www.sec.gov/Archives/edgar/data/2054876/000121390026097868/ea030467201ex10-2.htm,False,
NMPA,2026-09-08 00:00:00,https://www.sec.gov/Archives/edgar/data/2054876/000121390026097868/0001213900-26-097868-index.htm,EX-99.1,"PRESS RELEASE, DATED AS OF SEPTEMBER 8, 2026",https://www.sec.gov/Archives/edgar/data/2054876/000121390026097868/ea030467201ex99-1.htm,False,
NMP,2026-09-08 00:00:00,https://www.sec.gov/Archives/edgar/data/2054876/000121390026097868/0001213900-26-097868-index.htm,8-K,CURRENT REPORT,https://www.sec.gov/Archives/edgar/data/2054876/000121390026097868/ea0304672-8k425_nmpacq.htm,True,
NMP,2026-09-08 00:00:00,https://www.sec.gov/Archives/edgar/data/2054876/000121390026097868/0001213900-26-097868-index.htm,EX-10.1,"FORM OF MANAGEMENT LOCK-UP AGREEMENT, BY AND AMONG GTS HOLDINGS, INC., NMP ACQUI",https://www.sec.gov/Archives/edgar/data/2054876/000121390026097868/ea030467201ex10-1.htm,False,
NMP,2026-09-08 00:00:00,https://www.sec.gov/Archives/edgar/data/2054876/000121390026097868/0001213900-26-097868-index.htm,EX-10.2,"FORM OF IPO UNDERWRITERS LOCK-UP AGREEMENT, BY AND AMONG GTS HOLDINGS, INC., NMP",https://www.sec.gov/Archives/edgar/data/2054876/000121390026097868/ea030467201ex10-2.htm,False,
NMP,2026-09-08 00:00:00,https://www.sec.gov/Archives/edgar/data/2054876/000121390026097868/0001213900-26-097868-index.htm,EX-99.1,"PRESS RELEASE, DATED AS OF SEPTEMBER 8, 2026",https://www.sec.gov/Archives/edgar/data/2054876/000121390026097868/ea030467201ex99-1.htm,False,
NWS,2026-09-08 00:00:00,https://www.sec.gov/Archives/edgar/data/1564708/000156470826000196/0001564708-26-000196-index.htm,8-K,8-K,https://www.sec.gov/Archives/edgar/data/1564708/000156470826000196/nws-20260904.htm,False,
NWS,2026-09-08 00:00:00,https://www.sec.gov/Archives/edgar/data/1564708/000156470826000196/0001564708-26-000196-index.htm,EX-99.1,EX-99.1,https://www.sec.gov/Archives/edgar/data/1564708/000156470826000196/appendix3cclassa20260904.htm,False,
NWSA,2026-09-08 00:00:00,https://www.sec.gov/Archives/edgar/data/1564708/000156470826000196/0001564708-26-000196-index.htm,8-K,8-K,https://www.sec.gov/Archives/edgar/data/1564708/000156470826000196/nws-20260904.htm,False,
NWSA,2026-09-08 00:00:00,https://www.sec.gov/Archives/edgar/data/1564708/000156470826000196/0001564708-26-000196-index.htm,EX-99.1,EX-99.1,https://www.sec.gov/Archives/edgar/data/1564708/000156470826000196/appendix3cclassa20260904.htm,False,
None,2026-09-08 00:00:00,https://www.sec.gov/Archives/edgar/data/1953520/000119312526384481/0001193125-26-384481-index.htm,8-K,8-K,https://www.sec.gov/Archives/edgar/data/1953520/000119312526384481/ck0001953520-20260908.htm,False,
None,2026-09-08 00:00:00,https://www.sec.gov/Archives/edgar/data/1953520/000119312526384481/0001193125-26-384481-index.htm,EX-99.1,EX-99.1,https://www.sec.gov/Archives/edgar/data/1953520/000119312526384481/ck0001953520-ex99_1.htm,False,
GME,2026-09-08 00:00:00,https://www.sec.gov/Archives/edgar/data/1326380/000132638026000050/0001326380-26-000050-index.htm,8-K,8-K,https://www.sec.gov/Archives/edgar/data/1326380/000132638026000050/gme-20260908.htm,False,
GME,2026-09-08 00:00:00,https://www.sec.gov/Archives/edgar/data/1326380/000132638026000050/0001326380-26-000050-index.htm,EX-99.1,EX-99.1,https://www.sec.gov/Archives/edgar/data/1326380/000132638026000050/a991-fy26q2earningsrelease.htm,True,
G,2026-09-08 00:00:00,https://www.sec.gov/Archives/edgar/data/1398659/000110465926105722/0001104659-26-105722-index.htm,8-K,FORM 8-K,https://www.sec.gov/Archives/edgar/data/1398659/000110465926105722/tm2624899d1_8k.htm,False,
G,2026-09-08 00:00:00,https://www.sec.gov/Archives/edgar/data/1398659/000110465926105722/0001104659-26-105722-index.htm,EX-10.1,EXHIBIT 10.1,https://www.sec.gov/Archives/edgar/data/1398659/000110465926105722/tm2624899d1_ex10-1.htm,False,
HCWB,2026-09-08 00:00:00,https://www.sec.gov/Archives/edgar/data/1828673/000149315226041716/0001493152-26-041716-index.htm,8-K,8-K,https://www.sec.gov/Archives/edgar/data/1828673/000149315226041716/form8-k.htm,True,
HCWB,2026-09-08 00:00:00,https://www.sec.gov/Archives/edgar/data/1828673/000149315226041716/0001493152-26-041716-index.htm,EX-99.1,EX-99.1,https://www.sec.gov/Archives/edgar/data/1828673/000149315226041716/ex99-1.htm,False,
BSRR,2026-09-08 00:00:00,https://www.sec.gov/Archives/edgar/data/1130144/000110465926105719/0001104659-26-105719-index.htm,8-K,FORM 8-K,https://www.sec.gov/Archives/edgar/data/1130144/000110465926105719/tm2624883d1_8k.htm,False,
QCOM,2026-09-08 00:00:00,https://www.sec.gov/Archives/edgar/data/804328/000110465926105718/0001104659-26-105718-index.htm,8-K,FORM 8-K,https://www.sec.gov/Archives/edgar/data/804328/000110465926105718/tm2623289d1_8k.htm,False,
MDRX,2026-09-08 00:00:00,https://www.sec.gov/Archives/edgar/data/1124804/000119312526384471/0001193125-26-384471-index.htm,8-K,8-K,https://www.sec.gov/Archives/edgar/data/1124804/000119312526384471/mdrx-20260908.htm,False,
MDRX,2026-09-08 00:00:00,https://www.sec.gov/Archives/edgar/data/1124804/000119312526384471/0001193125-26-384471-index.htm,EX-99.1,EX-99.1,https://www.sec.gov/Archives/edgar/data/1124804/000119312526384471/mdrx-ex99_1.htm,False,
EVI,2026-09-08 00:00:00,https://www.sec.gov/Archives/edgar/data/65312/000143774926029760/0001437749-26-029760-index.htm,8-K,FORM 8-K,https://www.sec.gov/Archives/edgar/data/65312/000143774926029760/evi20260327_8k.htm,False,
EVI,2026-09-08 00:00:00,https://www.sec.gov/Archives/edgar/data/65312/000143774926029760/0001437749-26-029760-index.htm,EX-99.1,EXHIBIT 99.1,https://www.sec.gov/Archives/edgar/data/65312/000143774926029760/ex_938150.htm,False,
BMNR,2026-09-08 00:00:00,https://www.sec.gov/Archives/edgar/data/1829311/000149315226041713/0001493152-26-041713-index.htm,8-K,8-K,https://www.sec.gov/Archives/edgar/data/1829311/000149315226041713/form8-k.htm,False,
BMNR,2026-09-08 00:00:00,https://www.sec.gov/Archives/edgar/data/1829311/000149315226041713/0001493152-26-041713-index.htm,EX-10.1,EX-10.1,https://www.sec.gov/Archives/edgar/data/1829311/000149315226041713/ex10-1.htm,False,
BMNR,2026-09-08 00:00:00,https://www.sec.gov/Archives/edgar/data/1829311/000149315226041713/0001493152-26-041713-index.htm,EX-99.1,EX-99.1,https://www.sec.gov/Archives/edgar/data/1829311/000149315226041713/ex99-1.htm,False,
SSHI,2026-09-08 00:00:00,https://www.sec.gov/Archives/edgar/data/1829311/000149315226041713/0001493152-26-041713-index.htm,8-K,8-K,https://www.sec.gov/Archives/edgar/data/1829311/000149315226041713/form8-k.htm,False,
SSHI,2026-09-08 00:00:00,https://www.sec.gov/Archives/edgar/data/1829311/000149315226041713/0001493152-26-041713-index.htm,EX-10.1,EX-10.1,https://www.sec.gov/Archives/edgar/data/1829311/000149315226041713/ex10-1.htm,False,
SSHI,2026-09-08 00:00:00,https://www.sec.gov/Archives/edgar/data/1829311/000149315226041713/0001493152-26-041713-index.htm,EX-99.1,EX-99.1,https://www.sec.gov/Archives/edgar/data/1829311/000149315226041713/ex99-1.htm,False,
EFSI,2026-09-08 00:00:00,https://www.sec.gov/Archives/edgar/data/880641/000119312526384457/0001193125-26-384457-index.htm,8-K,8-K,https://www.sec.gov/Archives/edgar/data/880641/000119312526384457/d436411d8k.htm,True,
EFSI,2026-09-08 00:00:00,https://www.sec.gov/Archives/edgar/data/880641/000119312526384457/0001193125-26-384457-index.htm,EX-10.1,EX-10.1,https://www.sec.gov/Archives/edgar/data/880641/000119312526384457/d436411dex101.htm,False,
EFSI,2026-09-08 00:00:00,https://www.sec.gov/Archives/edgar/data/880641/000119312526384457/0001193125-26-384457-index.htm,EX-10.2,EX-10.2,https://www.sec.gov/Archives/edgar/data/880641/000119312526384457/d436411dex102.htm,False,
EFSI,2026-09-08 00:00:00,https://www.sec.gov/Archives/edgar/data/880641/000119312526384457/0001193125-26-384457-index.htm,EX-99.1,EX-99.1,https://www.sec.gov/Archives/edgar/data/880641/000119312526384457/d436411dex991.htm,False,
JMSB,2026-09-08 00:00:00,https://www.sec.gov/Archives/edgar/data/1710482/000155278126000472/0001552781-26-000472-index.htm,8-K,,https://www.sec.gov/Archives/edgar/data/1710482/000155278126000472/e26378_jmsb-8k.htm,True,
JMSB,2026-09-08 00:00:00,https://www.sec.gov/Archives/edgar/data/1710482/000155278126000472/0001552781-26-000472-index.htm,EX-10.1,,https://www.sec.gov/Archives/edgar/data/1710482/000155278126000472/e26378_ex10-1.htm,False,
JMSB,2026-09-08 00:00:00,https://www.sec.gov/Archives/edgar/data/1710482/000155278126000472/0001552781-26-000472-index.htm,EX-10.2,,https://www.sec.gov/Archives/edgar/data/1710482/000155278126000472/e26378_ex10-2.htm,False,
JMSB,2026-09-08 00:00:00,https://www.sec.gov/Archives/edgar/data/1710482/000155278126000472/0001552781-26-000472-index.htm,EX-99.1,,https://www.sec.gov/Archives/edgar/data/1710482/000155278126000472/e26378_ex99-1.htm,False,
GPRO,2026-09-08 00:00:00,https://www.sec.gov/Archives/edgar/data/1500435/000150043526000040/0001500435-26-000040-index.htm,8-K,8-K,https://www.sec.gov/Archives/edgar/data/1500435/000150043526000040/gpro-20260908.htm,True,
MSM,2026-09-08 00:00:00,https://www.sec.gov/Archives/edgar/data/1003078/000100307826000094/0001003078-26-000094-index.htm,8-K,8-K,https://www.sec.gov/Archives/edgar/data/1003078/000100307826000094/msm-20260908.htm,False,
MSM,2026-09-08 00:00:00,https://www.sec.gov/Archives/edgar/data/1003078/000100307826000094/0001003078-26-000094-index.htm,EX-10.1,EX-10.1,https://www.sec.gov/Archives/edgar/data/1003078/000100307826000094/exhibit101robertkuhnsoffer.htm,False,
MSM,2026-09-08 00:00:00,https://www.sec.gov/Archives/edgar/data/1003078/000100307826000094/0001003078-26-000094-index.htm,EX-99.1,EX-99.1,https://www.sec.gov/Archives/edgar/data/1003078/000100307826000094/exhibit991pressreleasedate.htm,False,
ELMT,2026-09-08 00:00:00,https://www.sec.gov/Archives/edgar/data/2101698/000121390026097862/0001213900-26-097862-index.htm,8-K,CURRENT REPORT,https://www.sec.gov/Archives/edgar/data/2101698/000121390026097862/ea0304152-8k_elmet.htm,True,
ELMT,2026-09-08 00:00:00,https://www.sec.gov/Archives/edgar/data/2101698/000121390026097862/0001213900-26-097862-index.htm,EX-99.1,"PRESS RELEASE, DATED SEPTEMBER 8, 2026",https://www.sec.gov/Archives/edgar/data/2101698/000121390026097862/ea030415201ex99-1.htm,False,
PDSB,2026-09-08 00:00:00,https://www.sec.gov/Archives/edgar/data/1472091/000114036126035853/0001140361-26-035853-index.htm,8-K,8-K,https://www.sec.gov/Archives/edgar/data/1472091/000114036126035853/ef20081705_8k.htm,True,
PDSB,2026-09-08 00:00:00,https://www.sec.gov/Archives/edgar/data/1472091/000114036126035853/0001140361-26-035853-index.htm,EX-10.1,EXHIBIT 10.1,https://www.sec.gov/Archives/edgar/data/1472091/000114036126035853/ef20081705_ex10-1.htm,True,
PDSB,2026-09-08 00:00:00,https://www.sec.gov/Archives/edgar/data/1472091/000114036126035853/0001140361-26-035853-index.htm,EX-10.2,EXHIBIT 10.2,https://www.sec.gov/Archives/edgar/data/1472091/000114036126035853/ef20081705_ex10-2.htm,False,
PDSB,2026-09-08 00:00:00,https://www.sec.gov/Archives/edgar/data/1472091/000114036126035853/0001140361-26-035853-index.htm,EX-99.1,EXHIBIT 99.1,https://www.sec.gov/Archives/edgar/data/1472091/000114036126035853/ef20081705_ex99-1.htm,False,
EDGE,2026-09-08 00:00:00,https://www.sec.gov/Archives/edgar/data/1472091/000114036126035853/0001140361-26-035853-index.htm,8-K,8-K,https://www.sec.gov/Archives/edgar/data/1472091/000114036126035853/ef20081705_8k.htm,True,
EDGE,2026-09-08 00:00:00,https://www.sec.gov/Archives/edgar/data/1472091/000114036126035853/0001140361-26-035853-index.htm,EX-10.1,EXHIBIT 10.1,https://www.sec.gov/Archives/edgar/data/1472091/000114036126035853/ef20081705_ex10-1.htm,True,
EDGE,2026-09-08 00:00:00,https://www.sec.gov/Archives/edgar/data/1472091/000114036126035853/0001140361-26-035853-index.htm,EX-10.2,EXHIBIT 10.2,https://www.sec.gov/Archives/edgar/data/1472091/000114036126035853/ef20081705_ex10-2.htm,False,
EDGE,2026-09-08 00:00:00,https://www.sec.gov/Archives/edgar/data/1472091/000114036126035853/0001140361-26-035853-index.htm,EX-99.1,EXHIBIT 99.1,https://www.sec.gov/Archives/edgar/data/1472091/000114036126035853/ef20081705_ex99-1.htm,False,
RWLK,2026-09-08 00:00:00,https://www.sec.gov/Archives/edgar/data/1607962/000117891326004440/0001178913-26-004440-index.htm,8-K,8-K,https://www.sec.gov/Archives/edgar/data/1607962/000117891326004440/zk2636084.htm,False,
RWLK,2026-09-08 00:00:00,https://www.sec.gov/Archives/edgar/data/1607962/000117891326004440/0001178913-26-004440-index.htm,EX-99.1,EXHIBIT 99.1,https://www.sec.gov/Archives/edgar/data/1607962/000117891326004440/exhibit_99-1.htm,False,
LFWD,2026-09-08 00:00:00,https://www.sec.gov/Archives/edgar/data/1607962/000117891326004440/0001178913-26-004440-index.htm,8-K,8-K,https://www.sec.gov/Archives/edgar/data/1607962/000117891326004440/zk2636084.htm,False,
LFWD,2026-09-08 00:00:00,https://www.sec.gov/Archives/edgar/data/1607962/000117891326004440/0001178913-26-004440-index.htm,EX-99.1,EXHIBIT 99.1,https://www.sec.gov/Archives/edgar/data/1607962/000117891326004440/exhibit_99-1.htm,False,
None,2026-09-08 00:00:00,https://www.sec.gov/Archives/edgar/data/1920791/000170569626000092/0001705696-26-000092-index.htm,8-K,8-K,https://www.sec.gov/Archives/edgar/data/1705696/000170569626000092/vici-20260904.htm,False,
None,2026-09-08 00:00:00,https://www.sec.gov/Archives/edgar/data/1920791/000170569626000092/0001705696-26-000092-index.htm,EX-99.1,EX-99.1,https://www.sec.gov/Archives/edgar/data/1705696/000170569626000092/pressreleasedirectorcandid.htm,False,
VICI,2026-09-08 00:00:00,https://www.sec.gov/Archives/edgar/data/1705696/000170569626000092/0001705696-26-000092-index.htm,8-K,8-K,https://www.sec.gov/Archives/edgar/data/1705696/000170569626000092/vici-20260904.htm,False,
VICI,2026-09-08 00:00:00,https://www.sec.gov/Archives/edgar/data/1705696/000170569626000092/0001705696-26-000092-index.htm,EX-99.1,EX-99.1,https://www.sec.gov/Archives/edgar/data/1705696/000170569626000092/pressreleasedirectorcandid.htm,False,
MIRM,2026-09-08 00:00:00,https://www.sec.gov/Archives/edgar/data/1759425/000175942526000047/0001759425-26-000047-index.htm,8-K,8-K,https://www.sec.gov/Archives/edgar/data/1759425/000175942526000047/mirm-20260902.htm,False,
MKL,2026-09-08 00:00:00,https://www.sec.gov/Archives/edgar/data/1096343/000109634326000074/0001096343-26-000074-index.htm,8-K,8-K,https://www.sec.gov/Archives/edgar/data/1096343/000109634326000074/mkl-20260903.htm,False,
MKL,2026-09-08 00:00:00,https://www.sec.gov/Archives/edgar/data/1096343/000109634326000074/0001096343-26-000074-index.htm,EX-99.1,EX-99.1,https://www.sec.gov/Archives/edgar/data/1096343/000109634326000074/mklex991-form8xk_502and801.htm,False,
LRHC,2026-09-08 00:00:00,https://www.sec.gov/Archives/edgar/data/1879403/000121390026097860/0001213900-26-097860-index.htm,8-K,CURRENT REPORT,https://www.sec.gov/Archives/edgar/data/1879403/000121390026097860/ea0304577-8k_larosa.htm,False,
LRHC,2026-09-08 00:00:00,https://www.sec.gov/Archives/edgar/data/1879403/000121390026097860/0001213900-26-097860-index.htm,EX-99.1,"PRESS RELEASE OF THE COMPANY ISSUED ON SEPTEMBER 3, 2026",https://www.sec.gov/Archives/edgar/data/1879403/000121390026097860/ea030457701ex99-1.htm,False,
RMNI,2026-09-08 00:00:00,https://www.sec.gov/Archives/edgar/data/1635282/000163528226000062/0001635282-26-000062-index.htm,8-K,8-K,https://www.sec.gov/Archives/edgar/data/1635282/000163528226000062/rmni-20260908.htm,False,
RMNIW,2026-09-08 00:00:00,https://www.sec.gov/Archives/edgar/data/1635282/000163528226000062/0001635282-26-000062-index.htm,8-K,8-K,https://www.sec.gov/Archives/edgar/data/1635282/000163528226000062/rmni-20260908.htm,False,
FCNCB,2026-09-08 00:00:00,https://www.sec.gov/Archives/edgar/data/798941/000079894126000034/0000798941-26-000034-index.htm,8-K,8-K,https://www.sec.gov/Archives/edgar/data/798941/000079894126000034/fcnca-20260908.htm,False,
FCNCB,2026-09-08 00:00:00,https://www.sec.gov/Archives/edgar/data/798941/000079894126000034/0000798941-26-000034-index.htm,EX-99.1,EX-99.1,https://www.sec.gov/Archives/edgar/data/798941/000079894126000034/fv-fcbpressreleasexbmocl.htm,False,
FCNCP,2026-09-08 00:00:00,https://www.sec.gov/Archives/edgar/data/798941/000079894126000034/0000798941-26-000034-index.htm,8-K,8-K,https://www.sec.gov/Archives/edgar/data/798941/000079894126000034/fcnca-20260908.htm,False,
FCNCP,2026-09-08 00:00:00,https://www.sec.gov/Archives/edgar/data/798941/000079894126000034/0000798941-26-000034-index.htm,EX-99.1,EX-99.1,https://www.sec.gov/Archives/edgar/data/798941/000079894126000034/fv-fcbpressreleasexbmocl.htm,False,
FCNCA,2026-09-08 00:00:00,https://www.sec.gov/Archives/edgar/data/798941/000079894126000034/0000798941-26-000034-index.htm,8-K,8-K,https://www.sec.gov/Archives/edgar/data/798941/000079894126000034/fcnca-20260908.htm,False,
FCNCA,2026-09-08 00:00:00,https://www.sec.gov/Archives/edgar/data/798941/000079894126000034/0000798941-26-000034-index.htm,EX-99.1,EX-99.1,https://www.sec.gov/Archives/edgar/data/798941/000079894126000034/fv-fcbpressreleasexbmocl.htm,False,
FCNCO,2026-09-08 00:00:00,https://www.sec.gov/Archives/edgar/data/798941/000079894126000034/0000798941-26-000034-index.htm,8-K,8-K,https://www.sec.gov/Archives/edgar/data/798941/000079894126000034/fcnca-20260908.htm,False,
FCNCO,2026-09-08 00:00:00,https://www.sec.gov/Archives/edgar/data/798941/000079894126000034/0000798941-26-000034-index.htm,EX-99.1,EX-99.1,https://www.sec.gov/Archives/edgar/data/798941/000079894126000034/fv-fcbpressreleasexbmocl.htm,False,
VERU,2026-09-08 00:00:00,https://www.sec.gov/Archives/edgar/data/863894/000119312526384430/0001193125-26-384430-index.htm,8-K,8-K,https://www.sec.gov/Archives/edgar/data/863894/000119312526384430/d543118d8k.htm,False,
VERU,2026-09-08 00:00:00,https://www.sec.gov/Archives/edgar/data/863894/000119312526384430/0001193125-26-384430-index.htm,EX-99.1,EX-99.1,https://www.sec.gov/Archives/edgar/data/863894/000119312526384430/d543118dex991.htm,False,
VLON,2026-09-08 00:00:00,https://www.sec.gov/Archives/edgar/data/1824293/000182429326000057/0001824293-26-000057-index.htm,8-K,8-K,https://www.sec.gov/Archives/edgar/data/1824293/000182429326000057/val-20260908.htm,False,
VLON,2026-09-08 00:00:00,https://www.sec.gov/Archives/edgar/data/1824293/000182429326000057/0001824293-26-000057-index.htm,EX-99.1,EX-99.1,https://www.sec.gov/Archives/edgar/data/1824293/000182429326000057/gribio_deckx082526.htm,False,
GRI,2026-09-08 00:00:00,https://www.sec.gov/Archives/edgar/data/1824293/000182429326000057/0001824293-26-000057-index.htm,8-K,8-K,https://www.sec.gov/Archives/edgar/data/1824293/000182429326000057/val-20260908.htm,False,
GRI,2026-09-08 00:00:00,https://www.sec.gov/Archives/edgar/data/1824293/000182429326000057/0001824293-26-000057-index.htm,EX-99.1,EX-99.1,https://www.sec.gov/Archives/edgar/data/1824293/000182429326000057/gribio_deckx082526.htm,False,
PH,2026-09-08 00:00:00,https://www.sec.gov/Archives/edgar/data/76334/000119312526384428/0001193125-26-384428-index.htm,8-K,8-K,https://www.sec.gov/Archives/edgar/data/76334/000119312526384428/d31416d8k.htm,True,
A,2026-09-08 00:00:00,https://www.sec.gov/Archives/edgar/data/1090872/000119312526384426/0001193125-26-384426-index.htm,8-K,8-K,https://www.sec.gov/Archives/edgar/data/1090872/000119312526384426/a-20260902.htm,False,
A,2026-09-08 00:00:00,https://www.sec.gov/Archives/edgar/data/1090872/000119312526384426/0001193125-26-384426-index.htm,EX-99.1,EX-99.1,https://www.sec.gov/Archives/edgar/data/1090872/000119312526384426/a-ex99_1.htm,False,
HCAT,2026-09-08 00:00:00,https://www.sec.gov/Archives/edgar/data/1636422/000163642226000104/0001636422-26-000104-index.htm,8-K,8-K,https://www.sec.gov/Archives/edgar/data/1636422/000163642226000104/hcat-20260904.htm,False,
HCAT,2026-09-08 00:00:00,https://www.sec.gov/Archives/edgar/data/1636422/000163642226000104/0001636422-26-000104-index.htm,EX-10.1,EX-10.1,https://www.sec.gov/Archives/edgar/data/1636422/000163642226000104/exhibit101-offerletterdate.htm,False,
HCAT,2026-09-08 00:00:00,https://www.sec.gov/Archives/edgar/data/1636422/000163642226000104/0001636422-26-000104-index.htm,EX-10.2,EX-10.2,https://www.sec.gov/Archives/edgar/data/1636422/000163642226000104/exhibit102-offerletterdate.htm,False,
HCAT,2026-09-08 00:00:00,https://www.sec.gov/Archives/edgar/data/1636422/000163642226000104/0001636422-26-000104-index.htm,EX-99.1,EX-99.1,https://www.sec.gov/Archives/edgar/data/1636422/000163642226000104/exhibit991-pressreleasefor.htm,False,
OII,2026-09-08 00:00:00,https://www.sec.gov/Archives/edgar/data/73756/000007375626000147/0000073756-26-000147-index.htm,8-K,8-K OCEANEERING INTERNATIONAL INC. INVESTOR PRESENTATION SEPT 2026,https://www.sec.gov/Archives/edgar/data/73756/000007375626000147/oii-20260908.htm,False,
GPCR,2026-09-08 00:00:00,https://www.sec.gov/Archives/edgar/data/1888886/000110465926105688/0001104659-26-105688-index.htm,8-K,FORM 8-K,https://www.sec.gov/Archives/edgar/data/1888886/000110465926105688/tm2624945d1_8k.htm,False,
GPCR,2026-09-08 00:00:00,https://www.sec.gov/Archives/edgar/data/1888886/000110465926105688/0001104659-26-105688-index.htm,EX-99.1,EXHIBIT 99.1,https://www.sec.gov/Archives/edgar/data/1888886/000110465926105688/tm2624945d1_ex99-1.htm,False,
PTEN,2026-09-08 00:00:00,https://www.sec.gov/Archives/edgar/data/889900/000088990026000065/0000889900-26-000065-index.htm,8-K,8-K,https://www.sec.gov/Archives/edgar/data/889900/000088990026000065/pten-20260908.htm,False,
PTEN,2026-09-08 00:00:00,https://www.sec.gov/Archives/edgar/data/889900/000088990026000065/0000889900-26-000065-index.htm,EX-99.1,EX-99.1,https://www.sec.gov/Archives/edgar/data/889900/000088990026000065/september2026_ptenxinves.htm,False,
None,2026-09-08 00:00:00,https://www.sec.gov/Archives/edgar/data/2107018/000110465926105687/0001104659-26-105687-index.htm,8-K,FORM 8-K,https://www.sec.gov/Archives/edgar/data/2107018/000110465926105687/tm2624842d1_8k.htm,True,
None,2026-09-08 00:00:00,https://www.sec.gov/Archives/edgar/data/2107018/000110465926105687/0001104659-26-105687-index.htm,EX-10.1,EXHIBIT 10.1,https://www.sec.gov/Archives/edgar/data/2107018/000110465926105687/tm2624842d1_ex10-1.htm,True,
None,2026-09-08 00:00:00,https://www.sec.gov/Archives/edgar/data/2107018/000110465926105687/0001104659-26-105687-index.htm,EX-10.2,EXHIBIT 10.2,https://www.sec.gov/Archives/edgar/data/2107018/000110465926105687/tm2624842d1_ex10-2.htm,True,
None,2026-09-08 00:00:00,https://www.sec.gov/Archives/edgar/data/2107018/000110465926105687/0001104659-26-105687-index.htm,EX-99.1,EXHIBIT 99.1,https://www.sec.gov/Archives/edgar/data/2107018/000110465926105687/tm2624842d1_ex99-1.htm,True,
AZTR,2026-09-08 00:00:00,https://www.sec.gov/Archives/edgar/data/1701478/000149315226041706/0001493152-26-041706-index.htm,8-K,8-K,https://www.sec.gov/Archives/edgar/data/1701478/000149315226041706/form8-k.htm,False,
AZTR,2026-09-08 00:00:00,https://www.sec.gov/Archives/edgar/data/1701478/000149315226041706/0001493152-26-041706-index.htm,EX-99.1,EX-99.1,https://www.sec.gov/Archives/edgar/data/1701478/000149315226041706/ex99-1.htm,False,
SYRE,2026-09-08 00:00:00,https://www.sec.gov/Archives/edgar/data/1636282/000163628226000113/0001636282-26-000113-index.htm,8-K,8-K,https://www.sec.gov/Archives/edgar/data/1636282/000163628226000113/syre-20260908.htm,False,
SYRE,2026-09-08 00:00:00,https://www.sec.gov/Archives/edgar/data/1636282/000163628226000113/0001636282-26-000113-index.htm,EX-99.1,EX-99.1,https://www.sec.gov/Archives/edgar/data/1636282/000163628226000113/spyre-spyre003releasexexx9.htm,False,
AGLE,2026-09-08 00:00:00,https://www.sec.gov/Archives/edgar/data/1636282/000163628226000113/0001636282-26-000113-index.htm,8-K,8-K,https://www.sec.gov/Archives/edgar/data/1636282/000163628226000113/syre-20260908.htm,False,
AGLE,2026-09-08 00:00:00,https://www.sec.gov/Archives/edgar/data/1636282/000163628226000113/0001636282-26-000113-index.htm,EX-99.1,EX-99.1,https://www.sec.gov/Archives/edgar/data/1636282/000163628226000113/spyre-spyre003releasexexx9.htm,False,
CBDW,2026-09-08 00:00:00,https://www.sec.gov/Archives/edgar/data/1877461/000147793226005436/0001477932-26-005436-index.htm,8-K,FORM 8-K,https://www.sec.gov/Archives/edgar/data/1877461/000147793226005436/cbdw_8k.htm,False,
ARAI,2026-09-08 00:00:00,https://www.sec.gov/Archives/edgar/data/1818274/000149315226041704/0001493152-26-041704-index.htm,8-K,8-K,https://www.sec.gov/Archives/edgar/data/1818274/000149315226041704/form8-k.htm,False,
ARAI,2026-09-08 00:00:00,https://www.sec.gov/Archives/edgar/data/1818274/000149315226041704/0001493152-26-041704-index.htm,EX-99.1,EX-99.1,https://www.sec.gov/Archives/edgar/data/1818274/000149315226041704/ex99-1.htm,False,
RLMD,2026-09-08 00:00:00,https://www.sec.gov/Archives/edgar/data/1553643/000121390026097851/0001213900-26-097851-index.htm,8-K,CURRENT REPORT,https://www.sec.gov/Archives/edgar/data/1553643/000121390026097851/ea0304768-8k_relmada.htm,False,
ALPA,2026-09-08 00:00:00,https://www.sec.gov/Archives/edgar/data/1842939/000143774926029755/0001437749-26-029755-index.htm,8-K,FORM 8-K,https://www.sec.gov/Archives/edgar/data/1842939/000143774926029755/xage20260903_8k.htm,False,
ALPA,2026-09-08 00:00:00,https://www.sec.gov/Archives/edgar/data/1842939/000143774926029755/0001437749-26-029755-index.htm,EX-99.1,EXHIBIT 99.1,https://www.sec.gov/Archives/edgar/data/1842939/000143774926029755/ex_1012633.htm,False,
CTCX,2026-09-08 00:00:00,https://www.sec.gov/Archives/edgar/data/1842939/000143774926029755/0001437749-26-029755-index.htm,8-K,FORM 8-K,https://www.sec.gov/Archives/edgar/data/1842939/000143774926029755/xage20260903_8k.htm,False,
CTCX,2026-09-08 00:00:00,https://www.sec.gov/Archives/edgar/data/1842939/000143774926029755/0001437749-26-029755-index.htm,EX-99.1,EXHIBIT 99.1,https://www.sec.gov/Archives/edgar/data/1842939/000143774926029755/ex_1012633.htm,False,
ALPAW,2026-09-08 00:00:00,https://www.sec.gov/Archives/edgar/data/1842939/000143774926029755/0001437749-26-029755-index.htm,8-K,FORM 8-K,https://www.sec.gov/Archives/edgar/data/1842939/000143774926029755/xage20260903_8k.htm,False,
ALPAW,2026-09-08 00:00:00,https://www.sec.gov/Archives/edgar/data/1842939/000143774926029755/0001437749-26-029755-index.htm,EX-99.1,EXHIBIT 99.1,https://www.sec.gov/Archives/edgar/data/1842939/000143774926029755/ex_1012633.htm,False,
ALPAU,2026-09-08 00:00:00,https://www.sec.gov/Archives/edgar/data/1842939/000143774926029755/0001437749-26-029755-index.htm,8-K,FORM 8-K,https://www.sec.gov/Archives/edgar/data/1842939/000143774926029755/xage20260903_8k.htm,False,
ALPAU,2026-09-08 00:00:00,https://www.sec.gov/Archives/edgar/data/1842939/000143774926029755/0001437749-26-029755-index.htm,EX-99.1,EXHIBIT 99.1,https://www.sec.gov/Archives/edgar/data/1842939/000143774926029755/ex_1012633.htm,False,
CTCXW,2026-09-08 00:00:00,https://www.sec.gov/Archives/edgar/data/1842939/000143774926029755/0001437749-26-029755-index.htm,8-K,FORM 8-K,https://www.sec.gov/Archives/edgar/data/1842939/000143774926029755/xage20260903_8k.htm,False,
CTCXW,2026-09-08 00:00:00,https://www.sec.gov/Archives/edgar/data/1842939/000143774926029755/0001437749-26-029755-index.htm,EX-99.1,EXHIBIT 99.1,https://www.sec.gov/Archives/edgar/data/1842939/000143774926029755/ex_1012633.htm,False,
MMCWF,2026-09-08 00:00:00,https://www.sec.gov/Archives/edgar/data/1813814/000119312526384403/0001193125-26-384403-index.htm,8-K,8-K,https://www.sec.gov/Archives/edgar/data/1813814/000119312526384403/dftx-20260908.htm,False,
MMCWF,2026-09-08 00:00:00,https://www.sec.gov/Archives/edgar/data/1813814/000119312526384403/0001193125-26-384403-index.htm,EX-99.1,EX-99.1,https://www.sec.gov/Archives/edgar/data/1813814/000119312526384403/dftx-ex99_1.htm,False,
DFTX,2026-09-08 00:00:00,https://www.sec.gov/Archives/edgar/data/1813814/000119312526384403/0001193125-26-384403-index.htm,8-K,8-K,https://www.sec.gov/Archives/edgar/data/1813814/000119312526384403/dftx-20260908.htm,False,
DFTX,2026-09-08 00:00:00,https://www.sec.gov/Archives/edgar/data/1813814/000119312526384403/0001193125-26-384403-index.htm,EX-99.1,EX-99.1,https://www.sec.gov/Archives/edgar/data/1813814/000119312526384403/dftx-ex99_1.htm,False,
MMDCF,2026-09-08 00:00:00,https://www.sec.gov/Archives/edgar/data/1813814/000119312526384403/0001193125-26-384403-index.htm,8-K,8-K,https://www.sec.gov/Archives/edgar/data/1813814/000119312526384403/dftx-20260908.htm,False,
MMDCF,2026-09-08 00:00:00,https://www.sec.gov/Archives/edgar/data/1813814/000119312526384403/0001193125-26-384403-index.htm,EX-99.1,EX-99.1,https://www.sec.gov/Archives/edgar/data/1813814/000119312526384403/dftx-ex99_1.htm,False,
MNMD,2026-09-08 00:00:00,https://www.sec.gov/Archives/edgar/data/1813814/000119312526384403/0001193125-26-384403-index.htm,8-K,8-K,https://www.sec.gov/Archives/edgar/data/1813814/000119312526384403/dftx-20260908.htm,False,
MNMD,2026-09-08 00:00:00,https://www.sec.gov/Archives/edgar/data/1813814/000119312526384403/0001193125-26-384403-index.htm,EX-99.1,EX-99.1,https://www.sec.gov/Archives/edgar/data/1813814/000119312526384403/dftx-ex99_1.htm,False,
STRD,2026-09-08 00:00:00,https://www.sec.gov/Archives/edgar/data/1050446/000119312526384402/0001193125-26-384402-index.htm,8-K,8-K,https://www.sec.gov/Archives/edgar/data/1050446/000119312526384402/mstr-20260831.htm,False,
STRC,2026-09-08 00:00:00,https://www.sec.gov/Archives/edgar/data/1050446/000119312526384402/0001193125-26-384402-index.htm,8-K,8-K,https://www.sec.gov/Archives/edgar/data/1050446/000119312526384402/mstr-20260831.htm,False,
STRK,2026-09-08 00:00:00,https://www.sec.gov/Archives/edgar/data/1050446/000119312526384402/0001193125-26-384402-index.htm,8-K,8-K,https://www.sec.gov/Archives/edgar/data/1050446/000119312526384402/mstr-20260831.htm,False,
STRF,2026-09-08 00:00:00,https://www.sec.gov/Archives/edgar/data/1050446/000119312526384402/0001193125-26-384402-index.htm,8-K,8-K,https://www.sec.gov/Archives/edgar/data/1050446/000119312526384402/mstr-20260831.htm,False,
MSTR,2026-09-08 00:00:00,https://www.sec.gov/Archives/edgar/data/1050446/000119312526384402/0001193125-26-384402-index.htm,8-K,8-K,https://www.sec.gov/Archives/edgar/data/1050446/000119312526384402/mstr-20260831.htm,False,
SANA,2026-09-08 00:00:00,https://www.sec.gov/Archives/edgar/data/1770121/000119312526384405/0001193125-26-384405-index.htm,8-K,8-K,https://www.sec.gov/Archives/edgar/data/1770121/000119312526384405/d170343d8k.htm,False,
SANA,2026-09-08 00:00:00,https://www.sec.gov/Archives/edgar/data/1770121/000119312526384405/0001193125-26-384405-index.htm,EX-99.1,EX-99.1,https://www.sec.gov/Archives/edgar/data/1770121/000119312526384405/d170343dex991.htm,False,
SATA,2026-09-08 00:00:00,https://www.sec.gov/Archives/edgar/data/1920406/000162828026060809/0001628280-26-060809-index.htm,8-K,8-K,https://www.sec.gov/Archives/edgar/data/1920406/000162828026060809/asst-20260908.htm,False,
ASST,2026-09-08 00:00:00,https://www.sec.gov/Archives/edgar/data/1920406/000162828026060809/0001628280-26-060809-index.htm,8-K,8-K,https://www.sec.gov/Archives/edgar/data/1920406/000162828026060809/asst-20260908.htm,False,
GE,2026-09-08 00:00:00,https://www.sec.gov/Archives/edgar/data/40545/000095014226002501/0000950142-26-002501-index.htm,8-K,FORM 8-K,https://www.sec.gov/Archives/edgar/data/40545/000095014226002501/eh260827362_8k.htm,False,
GE,2026-09-08 00:00:00,https://www.sec.gov/Archives/edgar/data/40545/000095014226002501/0000950142-26-002501-index.htm,EX-99.1,EXHIBIT 99.1,https://www.sec.gov/Archives/edgar/data/40545/000095014226002501/eh260827362_ex9901.htm,False,
GPI,2026-09-08 00:00:00,https://www.sec.gov/Archives/edgar/data/1031203/000119312526384390/0001193125-26-384390-index.htm,8-K,8-K,https://www.sec.gov/Archives/edgar/data/1031203/000119312526384390/d123895d8k.htm,False,
GPI,2026-09-08 00:00:00,https://www.sec.gov/Archives/edgar/data/1031203/000119312526384390/0001193125-26-384390-index.htm,EX-99.1,EX-99.1,https://www.sec.gov/Archives/edgar/data/1031203/000119312526384390/d123895dex991.htm,True,
IONQ-WT,2026-09-08 00:00:00,https://www.sec.gov/Archives/edgar/data/1824920/000119312526384388/0001193125-26-384388-index.htm,8-K,8-K,https://www.sec.gov/Archives/edgar/data/1824920/000119312526384388/ionq-20260908.htm,False,
IONQ-WT,2026-09-08 00:00:00,https://www.sec.gov/Archives/edgar/data/1824920/000119312526384388/0001193125-26-384388-index.htm,EX-99.1,EX-99.1,https://www.sec.gov/Archives/edgar/data/1824920/000119312526384388/ionq-ex99_1.htm,False,
IONQ,2026-09-08 00:00:00,https://www.sec.gov/Archives/edgar/data/1824920/000119312526384388/0001193125-26-384388-index.htm,8-K,8-K,https://www.sec.gov/Archives/edgar/data/1824920/000119312526384388/ionq-20260908.htm,False,
IONQ,2026-09-08 00:00:00,https://www.sec.gov/Archives/edgar/data/1824920/000119312526384388/0001193125-26-384388-index.htm,EX-99.1,EX-99.1,https://www.sec.gov/Archives/edgar/data/1824920/000119312526384388/ionq-ex99_1.htm,False,
DMYI,2026-09-08 00:00:00,https://www.sec.gov/Archives/edgar/data/1824920/000119312526384388/0001193125-26-384388-index.htm,8-K,8-K,https://www.sec.gov/Archives/edgar/data/1824920/000119312526384388/ionq-20260908.htm,False,
DMYI,2026-09-08 00:00:00,https://www.sec.gov/Archives/edgar/data/1824920/000119312526384388/0001193125-26-384388-index.htm,EX-99.1,EX-99.1,https://www.sec.gov/Archives/edgar/data/1824920/000119312526384388/ionq-ex99_1.htm,False,
DMYI-UN,2026-09-08 00:00:00,https://www.sec.gov/Archives/edgar/data/1824920/000119312526384388/0001193125-26-384388-index.htm,8-K,8-K,https://www.sec.gov/Archives/edgar/data/1824920/000119312526384388/ionq-20260908.htm,False,
DMYI-UN,2026-09-08 00:00:00,https://www.sec.gov/Archives/edgar/data/1824920/000119312526384388/0001193125-26-384388-index.htm,EX-99.1,EX-99.1,https://www.sec.gov/Archives/edgar/data/1824920/000119312526384388/ionq-ex99_1.htm,False,
PYXS,2026-09-08 00:00:00,https://www.sec.gov/Archives/edgar/data/1782223/000119312526384386/0001193125-26-384386-index.htm,8-K,8-K,https://www.sec.gov/Archives/edgar/data/1782223/000119312526384386/pyxs-20260903.htm,False,
PYXS,2026-09-08 00:00:00,https://www.sec.gov/Archives/edgar/data/1782223/000119312526384386/0001193125-26-384386-index.htm,EX-99.1,EX-99.1,https://www.sec.gov/Archives/edgar/data/1782223/000119312526384386/pyxs-ex99_1.htm,False,
NBRWF,2026-09-08 00:00:00,https://www.sec.gov/Archives/edgar/data/1163739/000110465926105673/0001104659-26-105673-index.htm,8-K,FORM 8-K,https://www.sec.gov/Archives/edgar/data/1163739/000110465926105673/tm2624844d1_8k.htm,False,
NBRWF,2026-09-08 00:00:00,https://www.sec.gov/Archives/edgar/data/1163739/000110465926105673/0001104659-26-105673-index.htm,EX-99.1,EXHIBIT 99.1,https://www.sec.gov/Archives/edgar/data/1163739/000110465926105673/tm2624844d1_ex99-1.htm,True,
NBR,2026-09-08 00:00:00,https://www.sec.gov/Archives/edgar/data/1163739/000110465926105673/0001104659-26-105673-index.htm,8-K,FORM 8-K,https://www.sec.gov/Archives/edgar/data/1163739/000110465926105673/tm2624844d1_8k.htm,False,
NBR,2026-09-08 00:00:00,https://www.sec.gov/Archives/edgar/data/1163739/000110465926105673/0001104659-26-105673-index.htm,EX-99.1,EXHIBIT 99.1,https://www.sec.gov/Archives/edgar/data/1163739/000110465926105673/tm2624844d1_ex99-1.htm,True,
PM,2026-09-08 00:00:00,https://www.sec.gov/Archives/edgar/data/1413329/000162828026060806/0001628280-26-060806-index.htm,8-K,8-K,https://www.sec.gov/Archives/edgar/data/1413329/000162828026060806/pm-20260908.htm,False,
PM,2026-09-08 00:00:00,https://www.sec.gov/Archives/edgar/data/1413329/000162828026060806/0001628280-26-060806-index.htm,EX-99.1,EX-99.1,https://www.sec.gov/Archives/edgar/data/1413329/000162828026060806/a2026barclaysrelease.htm,False,
ENGNW,2026-09-08 00:00:00,https://www.sec.gov/Archives/edgar/data/1980845/000119312526384380/0001193125-26-384380-index.htm,8-K,8-K,https://www.sec.gov/Archives/edgar/data/1980845/000119312526384380/engn-20260908.htm,False,
ENGNW,2026-09-08 00:00:00,https://www.sec.gov/Archives/edgar/data/1980845/000119312526384380/0001193125-26-384380-index.htm,EX-99.1,EX-99.1,https://www.sec.gov/Archives/edgar/data/1980845/000119312526384380/engn-ex99_1.htm,False,
ENGN,2026-09-08 00:00:00,https://www.sec.gov/Archives/edgar/data/1980845/000119312526384380/0001193125-26-384380-index.htm,8-K,8-K,https://www.sec.gov/Archives/edgar/data/1980845/000119312526384380/engn-20260908.htm,False,
ENGN,2026-09-08 00:00:00,https://www.sec.gov/Archives/edgar/data/1980845/000119312526384380/0001193125-26-384380-index.htm,EX-99.1,EX-99.1,https://www.sec.gov/Archives/edgar/data/1980845/000119312526384380/engn-ex99_1.htm,False,
UCB-PI,2026-09-08 00:00:00,https://www.sec.gov/Archives/edgar/data/857855/000110465926105666/0001104659-26-105666-index.htm,8-K,FORM 8-K,https://www.sec.gov/Archives/edgar/data/857855/000110465926105666/tm2624931d1_8k.htm,False,
UCB-PI,2026-09-08 00:00:00,https://www.sec.gov/Archives/edgar/data/857855/000110465926105666/0001104659-26-105666-index.htm,EX-99.1,EXHIBIT 99.1,https://www.sec.gov/Archives/edgar/data/857855/000110465926105666/tm2624931d1_ex99-1.htm,False,
UCB,2026-09-08 00:00:00,https://www.sec.gov/Archives/edgar/data/857855/000110465926105666/0001104659-26-105666-index.htm,8-K,FORM 8-K,https://www.sec.gov/Archives/edgar/data/857855/000110465926105666/tm2624931d1_8k.htm,False,
UCB,2026-09-08 00:00:00,https://www.sec.gov/Archives/edgar/data/857855/000110465926105666/0001104659-26-105666-index.htm,EX-99.1,EXHIBIT 99.1,https://www.sec.gov/Archives/edgar/data/857855/000110465926105666/tm2624931d1_ex99-1.htm,False,
UCBI,2026-09-08 00:00:00,https://www.sec.gov/Archives/edgar/data/857855/000110465926105666/0001104659-26-105666-index.htm,8-K,FORM 8-K,https://www.sec.gov/Archives/edgar/data/857855/000110465926105666/tm2624931d1_8k.htm,False,
UCBI,2026-09-08 00:00:00,https://www.sec.gov/Archives/edgar/data/857855/000110465926105666/0001104659-26-105666-index.htm,EX-99.1,EXHIBIT 99.1,https://www.sec.gov/Archives/edgar/data/857855/000110465926105666/tm2624931d1_ex99-1.htm,False,
UCBIO,2026-09-08 00:00:00,https://www.sec.gov/Archives/edgar/data/857855/000110465926105666/0001104659-26-105666-index.htm,8-K,FORM 8-K,https://www.sec.gov/Archives/edgar/data/857855/000110465926105666/tm2624931d1_8k.htm,False,
UCBIO,2026-09-08 00:00:00,https://www.sec.gov/Archives/edgar/data/857855/000110465926105666/0001104659-26-105666-index.htm,EX-99.1,EXHIBIT 99.1,https://www.sec.gov/Archives/edgar/data/857855/000110465926105666/tm2624931d1_ex99-1.htm,False,
SLNHP,2026-09-08 00:00:00,https://www.sec.gov/Archives/edgar/data/64463/000149315226041699/0001493152-26-041699-index.htm,8-K,8-K,https://www.sec.gov/Archives/edgar/data/64463/000149315226041699/form8-k.htm,False,
SLNHP,2026-09-08 00:00:00,https://www.sec.gov/Archives/edgar/data/64463/000149315226041699/0001493152-26-041699-index.htm,EX-99.1,EX-99.1,https://www.sec.gov/Archives/edgar/data/64463/000149315226041699/ex99-1.htm,False,
SLNH,2026-09-08 00:00:00,https://www.sec.gov/Archives/edgar/data/64463/000149315226041699/0001493152-26-041699-index.htm,8-K,8-K,https://www.sec.gov/Archives/edgar/data/64463/000149315226041699/form8-k.htm,False,
SLNH,2026-09-08 00:00:00,https://www.sec.gov/Archives/edgar/data/64463/000149315226041699/0001493152-26-041699-index.htm,EX-99.1,EX-99.1,https://www.sec.gov/Archives/edgar/data/64463/000149315226041699/ex99-1.htm,False,
MKTY,2026-09-08 00:00:00,https://www.sec.gov/Archives/edgar/data/64463/000149315226041699/0001493152-26-041699-index.htm,8-K,8-K,https://www.sec.gov/Archives/edgar/data/64463/000149315226041699/form8-k.htm,False,
MKTY,2026-09-08 00:00:00,https://www.sec.gov/Archives/edgar/data/64463/000149315226041699/0001493152-26-041699-index.htm,EX-99.1,EX-99.1,https://www.sec.gov/Archives/edgar/data/64463/000149315226041699/ex99-1.htm,False,
RGTI,2026-09-08 00:00:00,https://www.sec.gov/Archives/edgar/data/1838359/000110465926105662/0001104659-26-105662-index.htm,8-K,FORM 8-K,https://www.sec.gov/Archives/edgar/data/1838359/000110465926105662/tm2624940d1_8k.htm,True,
RGTI,2026-09-08 00:00:00,https://www.sec.gov/Archives/edgar/data/1838359/000110465926105662/0001104659-26-105662-index.htm,EX-10.1,EXHIBIT 10.1,https://www.sec.gov/Archives/edgar/data/1838359/000110465926105662/tm2624940d1_ex10-1.htm,False,
RGTI,2026-09-08 00:00:00,https://www.sec.gov/Archives/edgar/data/1838359/000110465926105662/0001104659-26-105662-index.htm,EX-10.2,EXHIBIT 10.2,https://www.sec.gov/Archives/edgar/data/1838359/000110465926105662/tm2624940d1_ex10-2.htm,False,
RGTI,2026-09-08 00:00:00,https://www.sec.gov/Archives/edgar/data/1838359/000110465926105662/0001104659-26-105662-index.htm,EX-99.1,EXHIBIT 99.1,https://www.sec.gov/Archives/edgar/data/1838359/000110465926105662/tm2624940d1_ex99-1.htm,False,
RGTIW,2026-09-08 00:00:00,https://www.sec.gov/Archives/edgar/data/1838359/000110465926105662/0001104659-26-105662-index.htm,8-K,FORM 8-K,https://www.sec.gov/Archives/edgar/data/1838359/000110465926105662/tm2624940d1_8k.htm,True,
RGTIW,2026-09-08 00:00:00,https://www.sec.gov/Archives/edgar/data/1838359/000110465926105662/0001104659-26-105662-index.htm,EX-10.1,EXHIBIT 10.1,https://www.sec.gov/Archives/edgar/data/1838359/000110465926105662/tm2624940d1_ex10-1.htm,False,
RGTIW,2026-09-08 00:00:00,https://www.sec.gov/Archives/edgar/data/1838359/000110465926105662/0001104659-26-105662-index.htm,EX-10.2,EXHIBIT 10.2,https://www.sec.gov/Archives/edgar/data/1838359/000110465926105662/tm2624940d1_ex10-2.htm,False,
RGTIW,2026-09-08 00:00:00,https://www.sec.gov/Archives/edgar/data/1838359/000110465926105662/0001104659-26-105662-index.htm,EX-99.1,EXHIBIT 99.1,https://www.sec.gov/Archives/edgar/data/1838359/000110465926105662/tm2624940d1_ex99-1.htm,False,
XFOR,2026-09-08 00:00:00,https://www.sec.gov/Archives/edgar/data/1501697/000150169726000072/0001501697-26-000072-index.htm,8-K,8-K,https://www.sec.gov/Archives/edgar/data/1501697/000150169726000072/xfor-20260908.htm,False,
XFOR,2026-09-08 00:00:00,https://www.sec.gov/Archives/edgar/data/1501697/000150169726000072/0001501697-26-000072-index.htm,EX-99.1,EX-99.1,https://www.sec.gov/Archives/edgar/data/1501697/000150169726000072/a991_x4typecoutcome.htm,False,
TNXP,2026-09-08 00:00:00,https://www.sec.gov/Archives/edgar/data/1430306/000149315226041689/0001493152-26-041689-index.htm,8-K,8-K,https://www.sec.gov/Archives/edgar/data/1430306/000149315226041689/form8-k.htm,False,
ABM,2026-09-08 00:00:00,https://www.sec.gov/Archives/edgar/data/771497/000119312526384364/0001193125-26-384364-index.htm,8-K,8-K,https://www.sec.gov/Archives/edgar/data/771497/000119312526384364/abm-20260908.htm,False,
ABM,2026-09-08 00:00:00,https://www.sec.gov/Archives/edgar/data/771497/000119312526384364/0001193125-26-384364-index.htm,EX-99.1,EX-99.1,https://www.sec.gov/Archives/edgar/data/771497/000119312526384364/abm-ex99_1.htm,True,
EYEG,2026-09-08 00:00:00,https://www.sec.gov/Archives/edgar/data/1372514/000137251426000079/0001372514-26-000079-index.htm,8-K,8-K,https://www.sec.gov/Archives/edgar/data/1372514/000137251426000079/kprx-20260908.htm,False,
EYEG,2026-09-08 00:00:00,https://www.sec.gov/Archives/edgar/data/1372514/000137251426000079/0001372514-26-000079-index.htm,EX-10.1,EX-10.1,https://www.sec.gov/Archives/edgar/data/1372514/000137251426000079/exhibit-101xkeithlane.htm,False,
EYEG,2026-09-08 00:00:00,https://www.sec.gov/Archives/edgar/data/1372514/000137251426000079/0001372514-26-000079-index.htm,EX-99.1,EX-99.1,https://www.sec.gov/Archives/edgar/data/1372514/000137251426000079/ex991-pressreleasekeithlan.htm,False,
KPRX,2026-09-08 00:00:00,https://www.sec.gov/Archives/edgar/data/1372514/000137251426000079/0001372514-26-000079-index.htm,8-K,8-K,https://www.sec.gov/Archives/edgar/data/1372514/000137251426000079/kprx-20260908.htm,False,
KPRX,2026-09-08 00:00:00,https://www.sec.gov/Archives/edgar/data/1372514/000137251426000079/0001372514-26-000079-index.htm,EX-10.1,EX-10.1,https://www.sec.gov/Archives/edgar/data/1372514/000137251426000079/exhibit-101xkeithlane.htm,False,
KPRX,2026-09-08 00:00:00,https://www.sec.gov/Archives/edgar/data/1372514/000137251426000079/0001372514-26-000079-index.htm,EX-99.1,EX-99.1,https://www.sec.gov/Archives/edgar/data/1372514/000137251426000079/ex991-pressreleasekeithlan.htm,False,
KPHMW,2026-09-08 00:00:00,https://www.sec.gov/Archives/edgar/data/1372514/000137251426000079/0001372514-26-000079-index.htm,8-K,8-K,https://www.sec.gov/Archives/edgar/data/1372514/000137251426000079/kprx-20260908.htm,False,
KPHMW,2026-09-08 00:00:00,https://www.sec.gov/Archives/edgar/data/1372514/000137251426000079/0001372514-26-000079-index.htm,EX-10.1,EX-10.1,https://www.sec.gov/Archives/edgar/data/1372514/000137251426000079/exhibit-101xkeithlane.htm,False,
KPHMW,2026-09-08 00:00:00,https://www.sec.gov/Archives/edgar/data/1372514/000137251426000079/0001372514-26-000079-index.htm,EX-99.1,EX-99.1,https://www.sec.gov/Archives/edgar/data/1372514/000137251426000079/ex991-pressreleasekeithlan.htm,False,
KPHCW,2026-09-08 00:00:00,https://www.sec.gov/Archives/edgar/data/1372514/000137251426000079/0001372514-26-000079-index.htm,8-K,8-K,https://www.sec.gov/Archives/edgar/data/1372514/000137251426000079/kprx-20260908.htm,False,
KPHCW,2026-09-08 00:00:00,https://www.sec.gov/Archives/edgar/data/1372514/000137251426000079/0001372514-26-000079-index.htm,EX-10.1,EX-10.1,https://www.sec.gov/Archives/edgar/data/1372514/000137251426000079/exhibit-101xkeithlane.htm,False,
KPHCW,2026-09-08 00:00:00,https://www.sec.gov/Archives/edgar/data/1372514/000137251426000079/0001372514-26-000079-index.htm,EX-99.1,EX-99.1,https://www.sec.gov/Archives/edgar/data/1372514/000137251426000079/ex991-pressreleasekeithlan.htm,False,
KURA,2026-09-08 00:00:00,https://www.sec.gov/Archives/edgar/data/1422143/000119312526384363/0001193125-26-384363-index.htm,8-K,8-K,https://www.sec.gov/Archives/edgar/data/1422143/000119312526384363/d458603d8k.htm,False,
ONEW,2026-09-08 00:00:00,https://www.sec.gov/Archives/edgar/data/1772921/000177292126000046/0001772921-26-000046-index.htm,8-K,8-K,https://www.sec.gov/Archives/edgar/data/1772921/000177292126000046/onew-20260901.htm,False,
ONEW,2026-09-08 00:00:00,https://www.sec.gov/Archives/edgar/data/1772921/000177292126000046/0001772921-26-000046-index.htm,EX-99.1,EX-99.1,https://www.sec.gov/Archives/edgar/data/1772921/000177292126000046/onew-directorresignationle.htm,False,
WLFC,2026-09-08 00:00:00,https://www.sec.gov/Archives/edgar/data/1018164/000101816426000074/0001018164-26-000074-index.htm,8-K,8-K,https://www.sec.gov/Archives/edgar/data/1018164/000101816426000074/wlfc-20260908.htm,False,
WLFC,2026-09-08 00:00:00,https://www.sec.gov/Archives/edgar/data/1018164/000101816426000074/0001018164-26-000074-index.htm,EX-99.1,EX-99.1,https://www.sec.gov/Archives/edgar/data/1018164/000101816426000074/deutschedeckfinal9-4x26f.htm,False,
WLFCP,2026-09-08 00:00:00,https://www.sec.gov/Archives/edgar/data/1018164/000101816426000074/0001018164-26-000074-index.htm,8-K,8-K,https://www.sec.gov/Archives/edgar/data/1018164/000101816426000074/wlfc-20260908.htm,False,
WLFCP,2026-09-08 00:00:00,https://www.sec.gov/Archives/edgar/data/1018164/000101816426000074/0001018164-26-000074-index.htm,EX-99.1,EX-99.1,https://www.sec.gov/Archives/edgar/data/1018164/000101816426000074/deutschedeckfinal9-4x26f.htm,False,
VWAV,2026-09-08 00:00:00,https://www.sec.gov/Archives/edgar/data/2038439/000173112226001205/0001731122-26-001205-index.htm,8-K,FORM 8-K,https://www.sec.gov/Archives/edgar/data/2038439/000173112226001205/e7921_8k.htm,False,
VWAV,2026-09-08 00:00:00,https://www.sec.gov/Archives/edgar/data/2038439/000173112226001205/0001731122-26-001205-index.htm,EX-99.1,EXHIBIT 99.1,https://www.sec.gov/Archives/edgar/data/2038439/000173112226001205/e7921_ex99-1.htm,False,
VWAVW,2026-09-08 00:00:00,https://www.sec.gov/Archives/edgar/data/2038439/000173112226001205/0001731122-26-001205-index.htm,8-K,FORM 8-K,https://www.sec.gov/Archives/edgar/data/2038439/000173112226001205/e7921_8k.htm,False,
VWAVW,2026-09-08 00:00:00,https://www.sec.gov/Archives/edgar/data/2038439/000173112226001205/0001731122-26-001205-index.htm,EX-99.1,EXHIBIT 99.1,https://www.sec.gov/Archives/edgar/data/2038439/000173112226001205/e7921_ex99-1.htm,False,
GLUE,2026-09-08 00:00:00,https://www.sec.gov/Archives/edgar/data/1826457/000119312526384360/0001193125-26-384360-index.htm,8-K,8-K,https://www.sec.gov/Archives/edgar/data/1826457/000119312526384360/glue-20260908.htm,False,
GLUE,2026-09-08 00:00:00,https://www.sec.gov/Archives/edgar/data/1826457/000119312526384360/0001193125-26-384360-index.htm,EX-99.1,EX-99.1,https://www.sec.gov/Archives/edgar/data/1826457/000119312526384360/glue-ex99_1.htm,False,
UNFI,2026-09-08 00:00:00,https://www.sec.gov/Archives/edgar/data/1020859/000102085926000022/0001020859-26-000022-index.htm,8-K,8-K,https://www.sec.gov/Archives/edgar/data/1020859/000102085926000022/unfi-20260903.htm,False,
UNFI,2026-09-08 00:00:00,https://www.sec.gov/Archives/edgar/data/1020859/000102085926000022/0001020859-26-000022-index.htm,EX-99.1,EX-99.1,https://www.sec.gov/Archives/edgar/data/1020859/000102085926000022/f26q4earningsrelease.htm,False,
QBTS-WT,2026-09-08 00:00:00,https://www.sec.gov/Archives/edgar/data/1907982/000190798226000141/0001907982-26-000141-index.htm,8-K,8-K,https://www.sec.gov/Archives/edgar/data/1907982/000190798226000141/qbts-20260904.htm,True,
QBTS-WT,2026-09-08 00:00:00,https://www.sec.gov/Archives/edgar/data/1907982/000190798226000141/0001907982-26-000141-index.htm,EX-10.1,EX-10.1,https://www.sec.gov/Archives/edgar/data/1907982/000190798226000141/exhibit101ota.htm,False,
QBTS-WT,2026-09-08 00:00:00,https://www.sec.gov/Archives/edgar/data/1907982/000190798226000141/0001907982-26-000141-index.htm,EX-99.1,EX-99.1,https://www.sec.gov/Archives/edgar/data/1907982/000190798226000141/chipsactpressrelease.htm,False,
QBTS,2026-09-08 00:00:00,https://www.sec.gov/Archives/edgar/data/1907982/000190798226000141/0001907982-26-000141-index.htm,8-K,8-K,https://www.sec.gov/Archives/edgar/data/1907982/000190798226000141/qbts-20260904.htm,True,
QBTS,2026-09-08 00:00:00,https://www.sec.gov/Archives/edgar/data/1907982/000190798226000141/0001907982-26-000141-index.htm,EX-10.1,EX-10.1,https://www.sec.gov/Archives/edgar/data/1907982/000190798226000141/exhibit101ota.htm,False,
QBTS,2026-09-08 00:00:00,https://www.sec.gov/Archives/edgar/data/1907982/000190798226000141/0001907982-26-000141-index.htm,EX-99.1,EX-99.1,https://www.sec.gov/Archives/edgar/data/1907982/000190798226000141/chipsactpressrelease.htm,False,
AVR,2026-09-08 00:00:00,https://www.sec.gov/Archives/edgar/data/2011514/000114036126035840/0001140361-26-035840-index.htm,8-K,8-K,https://www.sec.gov/Archives/edgar/data/2011514/000114036126035840/ef20081659_8k.htm,False,
AVR,2026-09-08 00:00:00,https://www.sec.gov/Archives/edgar/data/2011514/000114036126035840/0001140361-26-035840-index.htm,EX-10.1,EXHIBIT 10.1,https://www.sec.gov/Archives/edgar/data/2011514/000114036126035840/ef20081659_ex10-1.htm,False,
POLEU,2026-09-08 00:00:00,https://www.sec.gov/Archives/edgar/data/2025341/000121390026097832/0001213900-26-097832-index.htm,8-K,CURRENT REPORT,https://www.sec.gov/Archives/edgar/data/2025341/000121390026097832/ea0304783-8k_andretti2.htm,True,
POLEU,2026-09-08 00:00:00,https://www.sec.gov/Archives/edgar/data/2025341/000121390026097832/0001213900-26-097832-index.htm,EX-10.1,FORM OF NON-REDEMPTION AGREEMENT,https://www.sec.gov/Archives/edgar/data/2025341/000121390026097832/ea030478301ex10-1.htm,False,
POLEW,2026-09-08 00:00:00,https://www.sec.gov/Archives/edgar/data/2025341/000121390026097832/0001213900-26-097832-index.htm,8-K,CURRENT REPORT,https://www.sec.gov/Archives/edgar/data/2025341/000121390026097832/ea0304783-8k_andretti2.htm,True,
POLEW,2026-09-08 00:00:00,https://www.sec.gov/Archives/edgar/data/2025341/000121390026097832/0001213900-26-097832-index.htm,EX-10.1,FORM OF NON-REDEMPTION AGREEMENT,https://www.sec.gov/Archives/edgar/data/2025341/000121390026097832/ea030478301ex10-1.htm,False,
POLE,2026-09-08 00:00:00,https://www.sec.gov/Archives/edgar/data/2025341/000121390026097832/0001213900-26-097832-index.htm,8-K,CURRENT REPORT,https://www.sec.gov/Archives/edgar/data/2025341/000121390026097832/ea0304783-8k_andretti2.htm,True,
POLE,2026-09-08 00:00:00,https://www.sec.gov/Archives/edgar/data/2025341/000121390026097832/0001213900-26-097832-index.htm,EX-10.1,FORM OF NON-REDEMPTION AGREEMENT,https://www.sec.gov/Archives/edgar/data/2025341/000121390026097832/ea030478301ex10-1.htm,False,
NVAWW,2026-09-08 00:00:00,https://www.sec.gov/Archives/edgar/data/1852551/000149315226041682/0001493152-26-041682-index.htm,8-K,8-K,https://www.sec.gov/Archives/edgar/data/1852551/000149315226041682/form8-k.htm,False,
NVAWW,2026-09-08 00:00:00,https://www.sec.gov/Archives/edgar/data/1852551/000149315226041682/0001493152-26-041682-index.htm,EX-99.1,EX-99.1,https://www.sec.gov/Archives/edgar/data/1852551/000149315226041682/ex99-1.htm,False,
NVA,2026-09-08 00:00:00,https://www.sec.gov/Archives/edgar/data/1852551/000149315226041682/0001493152-26-041682-index.htm,8-K,8-K,https://www.sec.gov/Archives/edgar/data/1852551/000149315226041682/form8-k.htm,False,
NVA,2026-09-08 00:00:00,https://www.sec.gov/Archives/edgar/data/1852551/000149315226041682/0001493152-26-041682-index.htm,EX-99.1,EX-99.1,https://www.sec.gov/Archives/edgar/data/1852551/000149315226041682/ex99-1.htm,False,
NVAAF,2026-09-08 00:00:00,https://www.sec.gov/Archives/edgar/data/1852551/000149315226041682/0001493152-26-041682-index.htm,8-K,8-K,https://www.sec.gov/Archives/edgar/data/1852551/000149315226041682/form8-k.htm,False,
NVAAF,2026-09-08 00:00:00,https://www.sec.gov/Archives/edgar/data/1852551/000149315226041682/0001493152-26-041682-index.htm,EX-99.1,EX-99.1,https://www.sec.gov/Archives/edgar/data/1852551/000149315226041682/ex99-1.htm,False,
IART,2026-09-08 00:00:00,https://www.sec.gov/Archives/edgar/data/917520/000091752026000061/0000917520-26-000061-index.htm,8-K,8-K,https://www.sec.gov/Archives/edgar/data/917520/000091752026000061/iart-20260908.htm,False,
IART,2026-09-08 00:00:00,https://www.sec.gov/Archives/edgar/data/917520/000091752026000061/0000917520-26-000061-index.htm,EX-99.1,EX-99.1,https://www.sec.gov/Archives/edgar/data/917520/000091752026000061/integrainvestorpresentat.htm,True,
KOS,2026-09-08 00:00:00,https://www.sec.gov/Archives/edgar/data/1509991/000150999126000051/0001509991-26-000051-index.htm,8-K,8-K,https://www.sec.gov/Archives/edgar/data/1509991/000150999126000051/kos-20260908.htm,False,
BSX,2026-09-08 00:00:00,https://www.sec.gov/Archives/edgar/data/885725/000088572526000059/0000885725-26-000059-index.htm,8-K,8-K,https://www.sec.gov/Archives/edgar/data/885725/000088572526000059/bsx-20260907.htm,False,
BSX-PA,2026-09-08 00:00:00,https://www.sec.gov/Archives/edgar/data/885725/000088572526000059/0000885725-26-000059-index.htm,8-K,8-K,https://www.sec.gov/Archives/edgar/data/885725/000088572526000059/bsx-20260907.htm,False,
EMLD,2026-09-08 00:00:00,https://www.sec.gov/Archives/edgar/data/1889123/000119312526384299/0001193125-26-384299-index.htm,8-K,8-K,https://www.sec.gov/Archives/edgar/data/1889123/000119312526384299/fld-20260904.htm,True,
EMLD,2026-09-08 00:00:00,https://www.sec.gov/Archives/edgar/data/1889123/000119312526384299/0001193125-26-384299-index.htm,EX-10.1,EX-10.1,https://www.sec.gov/Archives/edgar/data/1889123/000119312526384299/fld-ex10_1.htm,True,
EMLD,2026-09-08 00:00:00,https://www.sec.gov/Archives/edgar/data/1889123/000119312526384299/0001193125-26-384299-index.htm,EX-10.2,EX-10.2,https://www.sec.gov/Archives/edgar/data/1889123/000119312526384299/fld-ex10_2.htm,False,
EMLDW,2026-09-08 00:00:00,https://www.sec.gov/Archives/edgar/data/1889123/000119312526384299/0001193125-26-384299-index.htm,8-K,8-K,https://www.sec.gov/Archives/edgar/data/1889123/000119312526384299/fld-20260904.htm,True,
EMLDW,2026-09-08 00:00:00,https://www.sec.gov/Archives/edgar/data/1889123/000119312526384299/0001193125-26-384299-index.htm,EX-10.1,EX-10.1,https://www.sec.gov/Archives/edgar/data/1889123/000119312526384299/fld-ex10_1.htm,True,
EMLDW,2026-09-08 00:00:00,https://www.sec.gov/Archives/edgar/data/1889123/000119312526384299/0001193125-26-384299-index.htm,EX-10.2,EX-10.2,https://www.sec.gov/Archives/edgar/data/1889123/000119312526384299/fld-ex10_2.htm,False,
EMLDU,2026-09-08 00:00:00,https://www.sec.gov/Archives/edgar/data/1889123/000119312526384299/0001193125-26-384299-index.htm,8-K,8-K,https://www.sec.gov/Archives/edgar/data/1889123/000119312526384299/fld-20260904.htm,True,
EMLDU,2026-09-08 00:00:00,https://www.sec.gov/Archives/edgar/data/1889123/000119312526384299/0001193125-26-384299-index.htm,EX-10.1,EX-10.1,https://www.sec.gov/Archives/edgar/data/1889123/000119312526384299/fld-ex10_1.htm,True,
EMLDU,2026-09-08 00:00:00,https://www.sec.gov/Archives/edgar/data/1889123/000119312526384299/0001193125-26-384299-index.htm,EX-10.2,EX-10.2,https://www.sec.gov/Archives/edgar/data/1889123/000119312526384299/fld-ex10_2.htm,False,
FLDDW,2026-09-08 00:00:00,https://www.sec.gov/Archives/edgar/data/1889123/000119312526384299/0001193125-26-384299-index.htm,8-K,8-K,https://www.sec.gov/Archives/edgar/data/1889123/000119312526384299/fld-20260904.htm,True,
FLDDW,2026-09-08 00:00:00,https://www.sec.gov/Archives/edgar/data/1889123/000119312526384299/0001193125-26-384299-index.htm,EX-10.1,EX-10.1,https://www.sec.gov/Archives/edgar/data/1889123/000119312526384299/fld-ex10_1.htm,True,
FLDDW,2026-09-08 00:00:00,https://www.sec.gov/Archives/edgar/data/1889123/000119312526384299/0001193125-26-384299-index.htm,EX-10.2,EX-10.2,https://www.sec.gov/Archives/edgar/data/1889123/000119312526384299/fld-ex10_2.htm,False,
FLDDU,2026-09-08 00:00:00,https://www.sec.gov/Archives/edgar/data/1889123/000119312526384299/0001193125-26-384299-index.htm,8-K,8-K,https://www.sec.gov/Archives/edgar/data/1889123/000119312526384299/fld-20260904.htm,True,
FLDDU,2026-09-08 00:00:00,https://www.sec.gov/Archives/edgar/data/1889123/000119312526384299/0001193125-26-384299-index.htm,EX-10.1,EX-10.1,https://www.sec.gov/Archives/edgar/data/1889123/000119312526384299/fld-ex10_1.htm,True,
FLDDU,2026-09-08 00:00:00,https://www.sec.gov/Archives/edgar/data/1889123/000119312526384299/0001193125-26-384299-index.htm,EX-10.2,EX-10.2,https://www.sec.gov/Archives/edgar/data/1889123/000119312526384299/fld-ex10_2.htm,False,
FLD,2026-09-08 00:00:00,https://www.sec.gov/Archives/edgar/data/1889123/000119312526384299/0001193125-26-384299-index.htm,8-K,8-K,https://www.sec.gov/Archives/edgar/data/1889123/000119312526384299/fld-20260904.htm,True,
FLD,2026-09-08 00:00:00,https://www.sec.gov/Archives/edgar/data/1889123/000119312526384299/0001193125-26-384299-index.htm,EX-10.1,EX-10.1,https://www.sec.gov/Archives/edgar/data/1889123/000119312526384299/fld-ex10_1.htm,True,
FLD,2026-09-08 00:00:00,https://www.sec.gov/Archives/edgar/data/1889123/000119312526384299/0001193125-26-384299-index.htm,EX-10.2,EX-10.2,https://www.sec.gov/Archives/edgar/data/1889123/000119312526384299/fld-ex10_2.htm,False,
CAPNU,2026-09-08 00:00:00,https://www.sec.gov/Archives/edgar/data/2024203/000149315226041659/0001493152-26-041659-index.htm,8-K,8-K,https://www.sec.gov/Archives/edgar/data/2024203/000149315226041659/form8-k.htm,False,
CAPN,2026-09-08 00:00:00,https://www.sec.gov/Archives/edgar/data/2024203/000149315226041659/0001493152-26-041659-index.htm,8-K,8-K,https://www.sec.gov/Archives/edgar/data/2024203/000149315226041659/form8-k.htm,False,
CAPNR,2026-09-08 00:00:00,https://www.sec.gov/Archives/edgar/data/2024203/000149315226041659/0001493152-26-041659-index.htm,8-K,8-K,https://www.sec.gov/Archives/edgar/data/2024203/000149315226041659/form8-k.htm,False,
WAFD,2026-09-08 00:00:00,https://www.sec.gov/Archives/edgar/data/936528/000114036126035826/0001140361-26-035826-index.htm,8-K,8-K,https://www.sec.gov/Archives/edgar/data/936528/000114036126035826/ef20081702_8k.htm,True,
WAFD,2026-09-08 00:00:00,https://www.sec.gov/Archives/edgar/data/936528/000114036126035826/0001140361-26-035826-index.htm,EX-10.1,EXHIBIT 10.1,https://www.sec.gov/Archives/edgar/data/936528/000114036126035826/ef20081702_ex10-1.htm,False,
WAFD,2026-09-08 00:00:00,https://www.sec.gov/Archives/edgar/data/936528/000114036126035826/0001140361-26-035826-index.htm,EX-10.2,EXHIBIT 10.2,https://www.sec.gov/Archives/edgar/data/936528/000114036126035826/ef20081702_ex10-2.htm,False,
WAFD,2026-09-08 00:00:00,https://www.sec.gov/Archives/edgar/data/936528/000114036126035826/0001140361-26-035826-index.htm,EX-99.1,EXHIBIT 99.1,https://www.sec.gov/Archives/edgar/data/936528/000114036126035826/ef20081702_ex99-1.htm,False,
WAFDP,2026-09-08 00:00:00,https://www.sec.gov/Archives/edgar/data/936528/000114036126035826/0001140361-26-035826-index.htm,8-K,8-K,https://www.sec.gov/Archives/edgar/data/936528/000114036126035826/ef20081702_8k.htm,True,
WAFDP,2026-09-08 00:00:00,https://www.sec.gov/Archives/edgar/data/936528/000114036126035826/0001140361-26-035826-index.htm,EX-10.1,EXHIBIT 10.1,https://www.sec.gov/Archives/edgar/data/936528/000114036126035826/ef20081702_ex10-1.htm,False,
WAFDP,2026-09-08 00:00:00,https://www.sec.gov/Archives/edgar/data/936528/000114036126035826/0001140361-26-035826-index.htm,EX-10.2,EXHIBIT 10.2,https://www.sec.gov/Archives/edgar/data/936528/000114036126035826/ef20081702_ex10-2.htm,False,
WAFDP,2026-09-08 00:00:00,https://www.sec.gov/Archives/edgar/data/936528/000114036126035826/0001140361-26-035826-index.htm,EX-99.1,EXHIBIT 99.1,https://www.sec.gov/Archives/edgar/data/936528/000114036126035826/ef20081702_ex99-1.htm,False,
None,2026-09-08 00:00:00,https://www.sec.gov/Archives/edgar/data/2093507/000182912626009787/0001829126-26-009787-index.htm,8-K,8-K,https://www.sec.gov/Archives/edgar/data/2093507/000182912626009787/greenlandenergy_8k.htm,False,
None,2026-09-08 00:00:00,https://www.sec.gov/Archives/edgar/data/2093507/000182912626009787/0001829126-26-009787-index.htm,EX-99.1,EXHIBIT 99.1,https://www.sec.gov/Archives/edgar/data/2093507/000182912626009787/greenlandenergy_ex99-1.htm,False,
AITX,2026-09-08 00:00:00,https://www.sec.gov/Archives/edgar/data/1498148/000149315226041651/0001493152-26-041651-index.htm,8-K,8-K,https://www.sec.gov/Archives/edgar/data/1498148/000149315226041651/form8-k.htm,False,
AITX,2026-09-08 00:00:00,https://www.sec.gov/Archives/edgar/data/1498148/000149315226041651/0001493152-26-041651-index.htm,EX-99.1,EX-99.1,https://www.sec.gov/Archives/edgar/data/1498148/000149315226041651/ex99-1.htm,False,
AITXD,2026-09-08 00:00:00,https://www.sec.gov/Archives/edgar/data/1498148/000149315226041651/0001493152-26-041651-index.htm,8-K,8-K,https://www.sec.gov/Archives/edgar/data/1498148/000149315226041651/form8-k.htm,False,
AITXD,2026-09-08 00:00:00,https://www.sec.gov/Archives/edgar/data/1498148/000149315226041651/0001493152-26-041651-index.htm,EX-99.1,EX-99.1,https://www.sec.gov/Archives/edgar/data/1498148/000149315226041651/ex99-1.htm,False,
MSRT,2026-09-08 00:00:00,https://www.sec.gov/Archives/edgar/data/1589149/000149315226041650/0001493152-26-041650-index.htm,8-K,8-K,https://www.sec.gov/Archives/edgar/data/1589149/000149315226041650/form8-k.htm,True,
MSRT,2026-09-08 00:00:00,https://www.sec.gov/Archives/edgar/data/1589149/000149315226041650/0001493152-26-041650-index.htm,EX-10.1,EX-10.1,https://www.sec.gov/Archives/edgar/data/1589149/000149315226041650/ex10-1.htm,True,
MSRT,2026-09-08 00:00:00,https://www.sec.gov/Archives/edgar/data/1589149/000149315226041650/0001493152-26-041650-index.htm,EX-10.2,EX-10.2,https://www.sec.gov/Archives/edgar/data/1589149/000149315226041650/ex10-2.htm,False,
GWAV,2026-09-08 00:00:00,https://www.sec.gov/Archives/edgar/data/1589149/000149315226041650/0001493152-26-041650-index.htm,8-K,8-K,https://www.sec.gov/Archives/edgar/data/1589149/000149315226041650/form8-k.htm,True,
GWAV,2026-09-08 00:00:00,https://www.sec.gov/Archives/edgar/data/1589149/000149315226041650/0001493152-26-041650-index.htm,EX-10.1,EX-10.1,https://www.sec.gov/Archives/edgar/data/1589149/000149315226041650/ex10-1.htm,True,
GWAV,2026-09-08 00:00:00,https://www.sec.gov/Archives/edgar/data/1589149/000149315226041650/0001493152-26-041650-index.htm,EX-10.2,EX-10.2,https://www.sec.gov/Archives/edgar/data/1589149/000149315226041650/ex10-2.htm,False,
CRCL,2026-09-08 00:00:00,https://www.sec.gov/Archives/edgar/data/1876042/000187604226000267/0001876042-26-000267-index.htm,8-K,8-K,https://www.sec.gov/Archives/edgar/data/1876042/000187604226000267/crcl-20260904.htm,True,
CRCL,2026-09-08 00:00:00,https://www.sec.gov/Archives/edgar/data/1876042/000187604226000267/0001876042-26-000267-index.htm,EX-99.1,EX-99.1,https://www.sec.gov/Archives/edgar/data/1876042/000187604226000267/final_sept82026announcem.htm,False,
BAM,2026-09-08 00:00:00,https://www.sec.gov/Archives/edgar/data/1937926/000117184326005900/0001171843-26-005900-index.htm,8-K,FORM 8-K,https://www.sec.gov/Archives/edgar/data/1937926/000117184326005900/f8k_090826.htm,False,
BAM,2026-09-08 00:00:00,https://www.sec.gov/Archives/edgar/data/1937926/000117184326005900/0001171843-26-005900-index.htm,EX-99.1,PRESS RELEASE,https://www.sec.gov/Archives/edgar/data/1937926/000117184326005900/exh_991.htm,False,
BAM-WI,2026-09-08 00:00:00,https://www.sec.gov/Archives/edgar/data/1937926/000117184326005900/0001171843-26-005900-index.htm,8-K,FORM 8-K,https://www.sec.gov/Archives/edgar/data/1937926/000117184326005900/f8k_090826.htm,False,
BAM-WI,2026-09-08 00:00:00,https://www.sec.gov/Archives/edgar/data/1937926/000117184326005900/0001171843-26-005900-index.htm,EX-99.1,PRESS RELEASE,https://www.sec.gov/Archives/edgar/data/1937926/000117184326005900/exh_991.htm,False,
