symbol,filingDate,filing_detail_url,document_type,document_description,document_url,matched,error
NLITU,2026-08-05 00:00:00,https://www.sec.gov/Archives/edgar/data/1854963/000149315226036225/0001493152-26-036225-index.htm,8-K,8-K,https://www.sec.gov/Archives/edgar/data/1854963/000149315226036225/form8-k.htm,False,
NLITU,2026-08-05 00:00:00,https://www.sec.gov/Archives/edgar/data/1854963/000149315226036225/0001493152-26-036225-index.htm,EX-99.1,EX-99.1,https://www.sec.gov/Archives/edgar/data/1854963/000149315226036225/ex99-1.htm,False,
NLIT,2026-08-05 00:00:00,https://www.sec.gov/Archives/edgar/data/1854963/000149315226036225/0001493152-26-036225-index.htm,8-K,8-K,https://www.sec.gov/Archives/edgar/data/1854963/000149315226036225/form8-k.htm,False,
NLIT,2026-08-05 00:00:00,https://www.sec.gov/Archives/edgar/data/1854963/000149315226036225/0001493152-26-036225-index.htm,EX-99.1,EX-99.1,https://www.sec.gov/Archives/edgar/data/1854963/000149315226036225/ex99-1.htm,False,
NLITW,2026-08-05 00:00:00,https://www.sec.gov/Archives/edgar/data/1854963/000149315226036225/0001493152-26-036225-index.htm,8-K,8-K,https://www.sec.gov/Archives/edgar/data/1854963/000149315226036225/form8-k.htm,False,
NLITW,2026-08-05 00:00:00,https://www.sec.gov/Archives/edgar/data/1854963/000149315226036225/0001493152-26-036225-index.htm,EX-99.1,EX-99.1,https://www.sec.gov/Archives/edgar/data/1854963/000149315226036225/ex99-1.htm,False,
SHFS,2026-08-05 00:00:00,https://www.sec.gov/Archives/edgar/data/1854963/000149315226036225/0001493152-26-036225-index.htm,8-K,8-K,https://www.sec.gov/Archives/edgar/data/1854963/000149315226036225/form8-k.htm,False,
SHFS,2026-08-05 00:00:00,https://www.sec.gov/Archives/edgar/data/1854963/000149315226036225/0001493152-26-036225-index.htm,EX-99.1,EX-99.1,https://www.sec.gov/Archives/edgar/data/1854963/000149315226036225/ex99-1.htm,False,
SHFSW,2026-08-05 00:00:00,https://www.sec.gov/Archives/edgar/data/1854963/000149315226036225/0001493152-26-036225-index.htm,8-K,8-K,https://www.sec.gov/Archives/edgar/data/1854963/000149315226036225/form8-k.htm,False,
SHFSW,2026-08-05 00:00:00,https://www.sec.gov/Archives/edgar/data/1854963/000149315226036225/0001493152-26-036225-index.htm,EX-99.1,EX-99.1,https://www.sec.gov/Archives/edgar/data/1854963/000149315226036225/ex99-1.htm,False,
EZRA,2026-08-05 00:00:00,https://www.sec.gov/Archives/edgar/data/1812727/000149315226036223/0001493152-26-036223-index.htm,8-K,8-K,https://www.sec.gov/Archives/edgar/data/1812727/000149315226036223/form8-k.htm,False,
EZRA,2026-08-05 00:00:00,https://www.sec.gov/Archives/edgar/data/1812727/000149315226036223/0001493152-26-036223-index.htm,EX-99.1,EX-99.1,https://www.sec.gov/Archives/edgar/data/1812727/000149315226036223/ex99-1.htm,True,
RELIW,2026-08-05 00:00:00,https://www.sec.gov/Archives/edgar/data/1812727/000149315226036223/0001493152-26-036223-index.htm,8-K,8-K,https://www.sec.gov/Archives/edgar/data/1812727/000149315226036223/form8-k.htm,False,
RELIW,2026-08-05 00:00:00,https://www.sec.gov/Archives/edgar/data/1812727/000149315226036223/0001493152-26-036223-index.htm,EX-99.1,EX-99.1,https://www.sec.gov/Archives/edgar/data/1812727/000149315226036223/ex99-1.htm,True,
RELI,2026-08-05 00:00:00,https://www.sec.gov/Archives/edgar/data/1812727/000149315226036223/0001493152-26-036223-index.htm,8-K,8-K,https://www.sec.gov/Archives/edgar/data/1812727/000149315226036223/form8-k.htm,False,
RELI,2026-08-05 00:00:00,https://www.sec.gov/Archives/edgar/data/1812727/000149315226036223/0001493152-26-036223-index.htm,EX-99.1,EX-99.1,https://www.sec.gov/Archives/edgar/data/1812727/000149315226036223/ex99-1.htm,True,
APOG,2026-08-05 00:00:00,https://www.sec.gov/Archives/edgar/data/6845/000000684526000070/0000006845-26-000070-index.htm,8-K,8-K,https://www.sec.gov/Archives/edgar/data/6845/000000684526000070/apog-20260805.htm,False,
TWST,2026-08-05 00:00:00,https://www.sec.gov/Archives/edgar/data/1581280/000110465926091280/0001104659-26-091280-index.htm,8-K,FORM 8-K,https://www.sec.gov/Archives/edgar/data/1581280/000110465926091280/tm2622018d2_8k.htm,True,
TWST,2026-08-05 00:00:00,https://www.sec.gov/Archives/edgar/data/1581280/000110465926091280/0001104659-26-091280-index.htm,EX-99.1,EXHIBIT 99.1,https://www.sec.gov/Archives/edgar/data/1581280/000110465926091280/tm2622018d2_ex99-1.htm,False,
NWL,2026-08-05 00:00:00,https://www.sec.gov/Archives/edgar/data/814453/000119312526335521/0001193125-26-335521-index.htm,8-K,8-K,https://www.sec.gov/Archives/edgar/data/814453/000119312526335521/d122853d8k.htm,True,
NWL,2026-08-05 00:00:00,https://www.sec.gov/Archives/edgar/data/814453/000119312526335521/0001193125-26-335521-index.htm,EX-99.1,EX-99.1,https://www.sec.gov/Archives/edgar/data/814453/000119312526335521/d122853dex991.htm,False,
NLCP,2026-08-05 00:00:00,https://www.sec.gov/Archives/edgar/data/1854964/000185496426000025/0001854964-26-000025-index.htm,8-K,8-K,https://www.sec.gov/Archives/edgar/data/1854964/000185496426000025/nlcp-20260805.htm,False,
NLCP,2026-08-05 00:00:00,https://www.sec.gov/Archives/edgar/data/1854964/000185496426000025/0001854964-26-000025-index.htm,EX-99.1,EX-99.1,https://www.sec.gov/Archives/edgar/data/1854964/000185496426000025/a991earningsrelease063026.htm,True,
HTIBP,2026-08-05 00:00:00,https://www.sec.gov/Archives/edgar/data/1561032/000156103226000052/0001561032-26-000052-index.htm,8-K,8-K,https://www.sec.gov/Archives/edgar/data/1561032/000156103226000052/hct-20260803.htm,True,
HTIBP,2026-08-05 00:00:00,https://www.sec.gov/Archives/edgar/data/1561032/000156103226000052/0001561032-26-000052-index.htm,EX-99.1,EX-99.1,https://www.sec.gov/Archives/edgar/data/1561032/000156103226000052/q22026earningspressrelease.htm,True,
HTIBP,2026-08-05 00:00:00,https://www.sec.gov/Archives/edgar/data/1561032/000156103226000052/0001561032-26-000052-index.htm,EX-10.1,EX-10.1,https://www.sec.gov/Archives/edgar/data/1561032/000156103226000052/amendedandrestatedcreditag.htm,True,
HTIA,2026-08-05 00:00:00,https://www.sec.gov/Archives/edgar/data/1561032/000156103226000052/0001561032-26-000052-index.htm,8-K,8-K,https://www.sec.gov/Archives/edgar/data/1561032/000156103226000052/hct-20260803.htm,True,
HTIA,2026-08-05 00:00:00,https://www.sec.gov/Archives/edgar/data/1561032/000156103226000052/0001561032-26-000052-index.htm,EX-99.1,EX-99.1,https://www.sec.gov/Archives/edgar/data/1561032/000156103226000052/q22026earningspressrelease.htm,True,
HTIA,2026-08-05 00:00:00,https://www.sec.gov/Archives/edgar/data/1561032/000156103226000052/0001561032-26-000052-index.htm,EX-10.1,EX-10.1,https://www.sec.gov/Archives/edgar/data/1561032/000156103226000052/amendedandrestatedcreditag.htm,True,
HLTC,2026-08-05 00:00:00,https://www.sec.gov/Archives/edgar/data/1561032/000156103226000052/0001561032-26-000052-index.htm,8-K,8-K,https://www.sec.gov/Archives/edgar/data/1561032/000156103226000052/hct-20260803.htm,True,
HLTC,2026-08-05 00:00:00,https://www.sec.gov/Archives/edgar/data/1561032/000156103226000052/0001561032-26-000052-index.htm,EX-99.1,EX-99.1,https://www.sec.gov/Archives/edgar/data/1561032/000156103226000052/q22026earningspressrelease.htm,True,
HLTC,2026-08-05 00:00:00,https://www.sec.gov/Archives/edgar/data/1561032/000156103226000052/0001561032-26-000052-index.htm,EX-10.1,EX-10.1,https://www.sec.gov/Archives/edgar/data/1561032/000156103226000052/amendedandrestatedcreditag.htm,True,
NUCLW,2026-08-05 00:00:00,https://www.sec.gov/Archives/edgar/data/2089283/000110465926091278/0001104659-26-091278-index.htm,8-K,FORM 8-K,https://www.sec.gov/Archives/edgar/data/2089283/000110465926091278/tm2622345d1_8k.htm,False,
NUCLW,2026-08-05 00:00:00,https://www.sec.gov/Archives/edgar/data/2089283/000110465926091278/0001104659-26-091278-index.htm,EX-99.1,EXHIBIT 99.1,https://www.sec.gov/Archives/edgar/data/2089283/000110465926091278/tm2622345d1_ex99-1.htm,False,
NUCL,2026-08-05 00:00:00,https://www.sec.gov/Archives/edgar/data/2089283/000110465926091278/0001104659-26-091278-index.htm,8-K,FORM 8-K,https://www.sec.gov/Archives/edgar/data/2089283/000110465926091278/tm2622345d1_8k.htm,False,
NUCL,2026-08-05 00:00:00,https://www.sec.gov/Archives/edgar/data/2089283/000110465926091278/0001104659-26-091278-index.htm,EX-99.1,EXHIBIT 99.1,https://www.sec.gov/Archives/edgar/data/2089283/000110465926091278/tm2622345d1_ex99-1.htm,False,
SDRWW,2026-08-05 00:00:00,https://www.sec.gov/Archives/edgar/data/1349436/000162828026053557/0001628280-26-053557-index.htm,8-K,8-K,https://www.sec.gov/Archives/edgar/data/1349436/000162828026053557/sd-20260804.htm,False,
SDRWW,2026-08-05 00:00:00,https://www.sec.gov/Archives/edgar/data/1349436/000162828026053557/0001628280-26-053557-index.htm,EX-99.1,EX-99.1,https://www.sec.gov/Archives/edgar/data/1349436/000162828026053557/sd6302026-ex991earningsrel.htm,False,
SDRDW,2026-08-05 00:00:00,https://www.sec.gov/Archives/edgar/data/1349436/000162828026053557/0001628280-26-053557-index.htm,8-K,8-K,https://www.sec.gov/Archives/edgar/data/1349436/000162828026053557/sd-20260804.htm,False,
SDRDW,2026-08-05 00:00:00,https://www.sec.gov/Archives/edgar/data/1349436/000162828026053557/0001628280-26-053557-index.htm,EX-99.1,EX-99.1,https://www.sec.gov/Archives/edgar/data/1349436/000162828026053557/sd6302026-ex991earningsrel.htm,False,
SD,2026-08-05 00:00:00,https://www.sec.gov/Archives/edgar/data/1349436/000162828026053557/0001628280-26-053557-index.htm,8-K,8-K,https://www.sec.gov/Archives/edgar/data/1349436/000162828026053557/sd-20260804.htm,False,
SD,2026-08-05 00:00:00,https://www.sec.gov/Archives/edgar/data/1349436/000162828026053557/0001628280-26-053557-index.htm,EX-99.1,EX-99.1,https://www.sec.gov/Archives/edgar/data/1349436/000162828026053557/sd6302026-ex991earningsrel.htm,False,
CF,2026-08-05 00:00:00,https://www.sec.gov/Archives/edgar/data/1324404/000110465926091275/0001104659-26-091275-index.htm,8-K,FORM 8-K,https://www.sec.gov/Archives/edgar/data/1324404/000110465926091275/tm2622111d1_8k.htm,False,
CF,2026-08-05 00:00:00,https://www.sec.gov/Archives/edgar/data/1324404/000110465926091275/0001104659-26-091275-index.htm,EX-99.1,EXHIBIT 99.1,https://www.sec.gov/Archives/edgar/data/1324404/000110465926091275/tm2622111d1_ex99-1.htm,False,
None,2026-08-05 00:00:00,https://www.sec.gov/Archives/edgar/data/1851491/000157587226000551/0001575872-26-000551-index.htm,8-K,FORM 8-K,https://www.sec.gov/Archives/edgar/data/1851491/000157587226000551/amass038_8k.htm,True,
None,2026-08-05 00:00:00,https://www.sec.gov/Archives/edgar/data/1851491/000157587226000551/0001575872-26-000551-index.htm,EX-10.1,EXHIBIT 10.1,https://www.sec.gov/Archives/edgar/data/1851491/000157587226000551/amass038_ex10-1.htm,False,
OPITS,2026-08-05 00:00:00,https://www.sec.gov/Archives/edgar/data/1456772/000145677226000034/0001456772-26-000034-index.htm,8-K,8-K,https://www.sec.gov/Archives/edgar/data/1456772/000145677226000034/opi-20260805.htm,False,
OPITS,2026-08-05 00:00:00,https://www.sec.gov/Archives/edgar/data/1456772/000145677226000034/0001456772-26-000034-index.htm,EX-99.1,EX-99.1,https://www.sec.gov/Archives/edgar/data/1456772/000145677226000034/opi_exhibitx991x06302026.htm,False,
OPI,2026-08-05 00:00:00,https://www.sec.gov/Archives/edgar/data/1456772/000145677226000034/0001456772-26-000034-index.htm,8-K,8-K,https://www.sec.gov/Archives/edgar/data/1456772/000145677226000034/opi-20260805.htm,False,
OPI,2026-08-05 00:00:00,https://www.sec.gov/Archives/edgar/data/1456772/000145677226000034/0001456772-26-000034-index.htm,EX-99.1,EX-99.1,https://www.sec.gov/Archives/edgar/data/1456772/000145677226000034/opi_exhibitx991x06302026.htm,False,
OPINL,2026-08-05 00:00:00,https://www.sec.gov/Archives/edgar/data/1456772/000145677226000034/0001456772-26-000034-index.htm,8-K,8-K,https://www.sec.gov/Archives/edgar/data/1456772/000145677226000034/opi-20260805.htm,False,
OPINL,2026-08-05 00:00:00,https://www.sec.gov/Archives/edgar/data/1456772/000145677226000034/0001456772-26-000034-index.htm,EX-99.1,EX-99.1,https://www.sec.gov/Archives/edgar/data/1456772/000145677226000034/opi_exhibitx991x06302026.htm,False,
IGAP,2026-08-05 00:00:00,https://www.sec.gov/Archives/edgar/data/1506983/000149315226036218/0001493152-26-036218-index.htm,8-K,8-K,https://www.sec.gov/Archives/edgar/data/1506983/000149315226036218/form8-k.htm,True,
IGAP,2026-08-05 00:00:00,https://www.sec.gov/Archives/edgar/data/1506983/000149315226036218/0001493152-26-036218-index.htm,EX-10.1,EX-10.1,https://www.sec.gov/Archives/edgar/data/1506983/000149315226036218/ex10-1.htm,False,
IGAP,2026-08-05 00:00:00,https://www.sec.gov/Archives/edgar/data/1506983/000149315226036218/0001493152-26-036218-index.htm,EX-10.2,EX-10.2,https://www.sec.gov/Archives/edgar/data/1506983/000149315226036218/ex10-2.htm,False,
IGAP,2026-08-05 00:00:00,https://www.sec.gov/Archives/edgar/data/1506983/000149315226036218/0001493152-26-036218-index.htm,EX-99.1,EX-99.1,https://www.sec.gov/Archives/edgar/data/1506983/000149315226036218/ex99-1.htm,False,
GCTK,2026-08-05 00:00:00,https://www.sec.gov/Archives/edgar/data/1506983/000149315226036218/0001493152-26-036218-index.htm,8-K,8-K,https://www.sec.gov/Archives/edgar/data/1506983/000149315226036218/form8-k.htm,True,
GCTK,2026-08-05 00:00:00,https://www.sec.gov/Archives/edgar/data/1506983/000149315226036218/0001493152-26-036218-index.htm,EX-10.1,EX-10.1,https://www.sec.gov/Archives/edgar/data/1506983/000149315226036218/ex10-1.htm,False,
GCTK,2026-08-05 00:00:00,https://www.sec.gov/Archives/edgar/data/1506983/000149315226036218/0001493152-26-036218-index.htm,EX-10.2,EX-10.2,https://www.sec.gov/Archives/edgar/data/1506983/000149315226036218/ex10-2.htm,False,
GCTK,2026-08-05 00:00:00,https://www.sec.gov/Archives/edgar/data/1506983/000149315226036218/0001493152-26-036218-index.htm,EX-99.1,EX-99.1,https://www.sec.gov/Archives/edgar/data/1506983/000149315226036218/ex99-1.htm,False,
LGCY,2026-08-05 00:00:00,https://www.sec.gov/Archives/edgar/data/1836754/000149315226036214/0001493152-26-036214-index.htm,8-K,8-K,https://www.sec.gov/Archives/edgar/data/1836754/000149315226036214/form8-k.htm,False,
LGCY,2026-08-05 00:00:00,https://www.sec.gov/Archives/edgar/data/1836754/000149315226036214/0001493152-26-036214-index.htm,EX-99.1,EX-99.1,https://www.sec.gov/Archives/edgar/data/1836754/000149315226036214/ex99-1.htm,False,
CMP,2026-08-05 00:00:00,https://www.sec.gov/Archives/edgar/data/1227654/000122765426000051/0001227654-26-000051-index.htm,8-K,8-K,https://www.sec.gov/Archives/edgar/data/1227654/000122765426000051/cmp-20260803.htm,False,
CMP,2026-08-05 00:00:00,https://www.sec.gov/Archives/edgar/data/1227654/000122765426000051/0001227654-26-000051-index.htm,EX-10.1,EX-10.1,https://www.sec.gov/Archives/edgar/data/1227654/000122765426000051/cmp-risnerex101.htm,False,
CMP,2026-08-05 00:00:00,https://www.sec.gov/Archives/edgar/data/1227654/000122765426000051/0001227654-26-000051-index.htm,EX-99.1,EX-99.1,https://www.sec.gov/Archives/edgar/data/1227654/000122765426000051/cmp-risnerex991.htm,False,
CMP,2026-08-05 00:00:00,https://www.sec.gov/Archives/edgar/data/1227654/000122765426000050/0001227654-26-000050-index.htm,8-K,8-K,https://www.sec.gov/Archives/edgar/data/1227654/000122765426000050/cmp-20260805.htm,False,
CMP,2026-08-05 00:00:00,https://www.sec.gov/Archives/edgar/data/1227654/000122765426000050/0001227654-26-000050-index.htm,EX-99.1,EX-99.1,https://www.sec.gov/Archives/edgar/data/1227654/000122765426000050/cmp-q32026earningsreleasee.htm,True,
ABBV,2026-08-05 00:00:00,https://www.sec.gov/Archives/edgar/data/1551152/000110465926091269/0001104659-26-091269-index.htm,8-K,FORM 8-K,https://www.sec.gov/Archives/edgar/data/1551152/000110465926091269/tm2621452d4_8k.htm,True,
GDNSF,2026-08-05 00:00:00,https://www.sec.gov/Archives/edgar/data/1771706/000110465926091266/0001104659-26-091266-index.htm,8-K,FORM 8-K,https://www.sec.gov/Archives/edgar/data/1771706/000110465926091266/tm2621363d5_8k.htm,True,
GDNSF,2026-08-05 00:00:00,https://www.sec.gov/Archives/edgar/data/1771706/000110465926091266/0001104659-26-091266-index.htm,EX-10.1,EXHIBIT 10.1,https://www.sec.gov/Archives/edgar/data/1771706/000110465926091266/tm2621363d5_10-1.htm,True,
GDNSF,2026-08-05 00:00:00,https://www.sec.gov/Archives/edgar/data/1771706/000110465926091266/0001104659-26-091266-index.htm,EX-10.2,EXHIBIT 10.2,https://www.sec.gov/Archives/edgar/data/1771706/000110465926091266/tm2621363d5_10-2.htm,False,
GDNSF,2026-08-05 00:00:00,https://www.sec.gov/Archives/edgar/data/1771706/000110465926091266/0001104659-26-091266-index.htm,EX-99.1,EXHIBIT 99.1,https://www.sec.gov/Archives/edgar/data/1771706/000110465926091266/tm2621363d5_ex99-1.htm,False,
VREOF,2026-08-05 00:00:00,https://www.sec.gov/Archives/edgar/data/1771706/000110465926091266/0001104659-26-091266-index.htm,8-K,FORM 8-K,https://www.sec.gov/Archives/edgar/data/1771706/000110465926091266/tm2621363d5_8k.htm,True,
VREOF,2026-08-05 00:00:00,https://www.sec.gov/Archives/edgar/data/1771706/000110465926091266/0001104659-26-091266-index.htm,EX-10.1,EXHIBIT 10.1,https://www.sec.gov/Archives/edgar/data/1771706/000110465926091266/tm2621363d5_10-1.htm,True,
VREOF,2026-08-05 00:00:00,https://www.sec.gov/Archives/edgar/data/1771706/000110465926091266/0001104659-26-091266-index.htm,EX-10.2,EXHIBIT 10.2,https://www.sec.gov/Archives/edgar/data/1771706/000110465926091266/tm2621363d5_10-2.htm,False,
VREOF,2026-08-05 00:00:00,https://www.sec.gov/Archives/edgar/data/1771706/000110465926091266/0001104659-26-091266-index.htm,EX-99.1,EXHIBIT 99.1,https://www.sec.gov/Archives/edgar/data/1771706/000110465926091266/tm2621363d5_ex99-1.htm,False,
IPCX,2026-08-05 00:00:00,https://www.sec.gov/Archives/edgar/data/2012318/000121390026085796/0001213900-26-085796-index.htm,8-K,CURRENT REPORT,https://www.sec.gov/Archives/edgar/data/2012318/000121390026085796/ea0299535-8k425_inflect3.htm,False,
IPCXU,2026-08-05 00:00:00,https://www.sec.gov/Archives/edgar/data/2012318/000121390026085796/0001213900-26-085796-index.htm,8-K,CURRENT REPORT,https://www.sec.gov/Archives/edgar/data/2012318/000121390026085796/ea0299535-8k425_inflect3.htm,False,
IPCXR,2026-08-05 00:00:00,https://www.sec.gov/Archives/edgar/data/2012318/000121390026085796/0001213900-26-085796-index.htm,8-K,CURRENT REPORT,https://www.sec.gov/Archives/edgar/data/2012318/000121390026085796/ea0299535-8k425_inflect3.htm,False,
MYSZ,2026-08-05 00:00:00,https://www.sec.gov/Archives/edgar/data/1211805/000149315226036211/0001493152-26-036211-index.htm,8-K,8-K,https://www.sec.gov/Archives/edgar/data/1211805/000149315226036211/form8-k.htm,True,
MYSZ,2026-08-05 00:00:00,https://www.sec.gov/Archives/edgar/data/1211805/000149315226036211/0001493152-26-036211-index.htm,EX-10.1,EX-10.1,https://www.sec.gov/Archives/edgar/data/1211805/000149315226036211/ex10-1.htm,True,
MYSZ,2026-08-05 00:00:00,https://www.sec.gov/Archives/edgar/data/1211805/000149315226036211/0001493152-26-036211-index.htm,EX-10.2,EX-10.2,https://www.sec.gov/Archives/edgar/data/1211805/000149315226036211/ex10-2.htm,False,
NINEQ,2026-08-05 00:00:00,https://www.sec.gov/Archives/edgar/data/1532286/000121390026085795/0001213900-26-085795-index.htm,8-K,CURRENT REPORT,https://www.sec.gov/Archives/edgar/data/1532286/000121390026085795/ea0300649-8k_nine.htm,False,
NINEQ,2026-08-05 00:00:00,https://www.sec.gov/Archives/edgar/data/1532286/000121390026085795/0001213900-26-085795-index.htm,EX-99.1,"NINE ENERGY SERVICE, INC. PRESS RELEASE DATED JUNE 30, 2026",https://www.sec.gov/Archives/edgar/data/1532286/000121390026085795/ea030064901ex99-1.htm,True,
RGLD,2026-08-05 00:00:00,https://www.sec.gov/Archives/edgar/data/85535/000008553526000038/0000085535-26-000038-index.htm,8-K,8-K,https://www.sec.gov/Archives/edgar/data/85535/000008553526000038/rgld-20260805.htm,False,
RGLD,2026-08-05 00:00:00,https://www.sec.gov/Archives/edgar/data/85535/000008553526000038/0000085535-26-000038-index.htm,EX-99.1,EX-99.1,https://www.sec.gov/Archives/edgar/data/85535/000008553526000038/rgld-20260805xexx991.htm,True,
MLM,2026-08-05 00:00:00,https://www.sec.gov/Archives/edgar/data/916076/000095015726000850/0000950157-26-000850-index.htm,8-K,CURRENT REPORT,https://www.sec.gov/Archives/edgar/data/916076/000095015726000850/form8-k.htm,False,
MLM,2026-08-05 00:00:00,https://www.sec.gov/Archives/edgar/data/916076/000095015726000850/0000950157-26-000850-index.htm,EX-99.1,PRESS RELEASE,https://www.sec.gov/Archives/edgar/data/916076/000095015726000850/ex99-1.htm,False,
ORA,2026-08-05 00:00:00,https://www.sec.gov/Archives/edgar/data/1296445/000143774926025961/0001437749-26-025961-index.htm,8-K,FORM 8-K,https://www.sec.gov/Archives/edgar/data/1296445/000143774926025961/ora20260805_8k.htm,False,
ORA,2026-08-05 00:00:00,https://www.sec.gov/Archives/edgar/data/1296445/000143774926025961/0001437749-26-025961-index.htm,EX-99.1,EXHIBIT 99.1,https://www.sec.gov/Archives/edgar/data/1296445/000143774926025961/ex_999557.htm,False,
BYND,2026-08-05 00:00:00,https://www.sec.gov/Archives/edgar/data/1655210/000165521026000053/0001655210-26-000053-index.htm,8-K,8-K Q2 2026 EARNINGS,https://www.sec.gov/Archives/edgar/data/1655210/000165521026000053/bynd-20260805.htm,False,
BYND,2026-08-05 00:00:00,https://www.sec.gov/Archives/edgar/data/1655210/000165521026000053/0001655210-26-000053-index.htm,EX-99.1,"EX-99.1 BEYOND MEAT EARNINGS RELEASE DATED AUGUST 5, 2026",https://www.sec.gov/Archives/edgar/data/1655210/000165521026000053/ex991pressrelease-q22026ea.htm,True,
ONBPP,2026-08-05 00:00:00,https://www.sec.gov/Archives/edgar/data/707179/000162828026053527/0001628280-26-053527-index.htm,8-K,8-K,https://www.sec.gov/Archives/edgar/data/707179/000162828026053527/onb-20260805.htm,False,
ONBPP,2026-08-05 00:00:00,https://www.sec.gov/Archives/edgar/data/707179/000162828026053527/0001628280-26-053527-index.htm,EX-99.1,EX-99.1,https://www.sec.gov/Archives/edgar/data/707179/000162828026053527/onbinvestmentthesis2q26.htm,False,
ONBPO,2026-08-05 00:00:00,https://www.sec.gov/Archives/edgar/data/707179/000162828026053527/0001628280-26-053527-index.htm,8-K,8-K,https://www.sec.gov/Archives/edgar/data/707179/000162828026053527/onb-20260805.htm,False,
ONBPO,2026-08-05 00:00:00,https://www.sec.gov/Archives/edgar/data/707179/000162828026053527/0001628280-26-053527-index.htm,EX-99.1,EX-99.1,https://www.sec.gov/Archives/edgar/data/707179/000162828026053527/onbinvestmentthesis2q26.htm,False,
ONB,2026-08-05 00:00:00,https://www.sec.gov/Archives/edgar/data/707179/000162828026053527/0001628280-26-053527-index.htm,8-K,8-K,https://www.sec.gov/Archives/edgar/data/707179/000162828026053527/onb-20260805.htm,False,
ONB,2026-08-05 00:00:00,https://www.sec.gov/Archives/edgar/data/707179/000162828026053527/0001628280-26-053527-index.htm,EX-99.1,EX-99.1,https://www.sec.gov/Archives/edgar/data/707179/000162828026053527/onbinvestmentthesis2q26.htm,False,
AXTA,2026-08-05 00:00:00,https://www.sec.gov/Archives/edgar/data/1616862/000119312526335470/0001193125-26-335470-index.htm,8-K,8-K,https://www.sec.gov/Archives/edgar/data/1616862/000119312526335470/d108157d8k.htm,False,
AXTA,2026-08-05 00:00:00,https://www.sec.gov/Archives/edgar/data/1616862/000119312526335470/0001193125-26-335470-index.htm,EX-99.1,EX-99.1,https://www.sec.gov/Archives/edgar/data/1616862/000119312526335470/d108157dex991.htm,False,
BHR,2026-08-05 00:00:00,https://www.sec.gov/Archives/edgar/data/1574085/000157408526000125/0001574085-26-000125-index.htm,8-K,8-K,https://www.sec.gov/Archives/edgar/data/1574085/000157408526000125/bhr-20260805.htm,False,
BHR,2026-08-05 00:00:00,https://www.sec.gov/Archives/edgar/data/1574085/000157408526000125/0001574085-26-000125-index.htm,EX-99.1,EX-99.1,https://www.sec.gov/Archives/edgar/data/1574085/000157408526000125/bhr-investorpresentation.htm,False,
BHR-PB,2026-08-05 00:00:00,https://www.sec.gov/Archives/edgar/data/1574085/000157408526000125/0001574085-26-000125-index.htm,8-K,8-K,https://www.sec.gov/Archives/edgar/data/1574085/000157408526000125/bhr-20260805.htm,False,
BHR-PB,2026-08-05 00:00:00,https://www.sec.gov/Archives/edgar/data/1574085/000157408526000125/0001574085-26-000125-index.htm,EX-99.1,EX-99.1,https://www.sec.gov/Archives/edgar/data/1574085/000157408526000125/bhr-investorpresentation.htm,False,
BHR-PD,2026-08-05 00:00:00,https://www.sec.gov/Archives/edgar/data/1574085/000157408526000125/0001574085-26-000125-index.htm,8-K,8-K,https://www.sec.gov/Archives/edgar/data/1574085/000157408526000125/bhr-20260805.htm,False,
BHR-PD,2026-08-05 00:00:00,https://www.sec.gov/Archives/edgar/data/1574085/000157408526000125/0001574085-26-000125-index.htm,EX-99.1,EX-99.1,https://www.sec.gov/Archives/edgar/data/1574085/000157408526000125/bhr-investorpresentation.htm,False,
XRN,2026-08-05 00:00:00,https://www.sec.gov/Archives/edgar/data/1533615/000110465926091251/0001104659-26-091251-index.htm,8-K,FORM 8-K,https://www.sec.gov/Archives/edgar/data/1533615/000110465926091251/tm2622344d1_8k.htm,False,
XRN,2026-08-05 00:00:00,https://www.sec.gov/Archives/edgar/data/1533615/000110465926091251/0001104659-26-091251-index.htm,EX-99.1,EXHIBIT 99.1,https://www.sec.gov/Archives/edgar/data/1533615/000110465926091251/tm2622344d1_ex99-1.htm,True,
GMRE-PA,2026-08-05 00:00:00,https://www.sec.gov/Archives/edgar/data/1533615/000110465926091251/0001104659-26-091251-index.htm,8-K,FORM 8-K,https://www.sec.gov/Archives/edgar/data/1533615/000110465926091251/tm2622344d1_8k.htm,False,
GMRE-PA,2026-08-05 00:00:00,https://www.sec.gov/Archives/edgar/data/1533615/000110465926091251/0001104659-26-091251-index.htm,EX-99.1,EXHIBIT 99.1,https://www.sec.gov/Archives/edgar/data/1533615/000110465926091251/tm2622344d1_ex99-1.htm,True,
GMRE-PB,2026-08-05 00:00:00,https://www.sec.gov/Archives/edgar/data/1533615/000110465926091251/0001104659-26-091251-index.htm,8-K,FORM 8-K,https://www.sec.gov/Archives/edgar/data/1533615/000110465926091251/tm2622344d1_8k.htm,False,
GMRE-PB,2026-08-05 00:00:00,https://www.sec.gov/Archives/edgar/data/1533615/000110465926091251/0001104659-26-091251-index.htm,EX-99.1,EXHIBIT 99.1,https://www.sec.gov/Archives/edgar/data/1533615/000110465926091251/tm2622344d1_ex99-1.htm,True,
GMRE,2026-08-05 00:00:00,https://www.sec.gov/Archives/edgar/data/1533615/000110465926091251/0001104659-26-091251-index.htm,8-K,FORM 8-K,https://www.sec.gov/Archives/edgar/data/1533615/000110465926091251/tm2622344d1_8k.htm,False,
GMRE,2026-08-05 00:00:00,https://www.sec.gov/Archives/edgar/data/1533615/000110465926091251/0001104659-26-091251-index.htm,EX-99.1,EXHIBIT 99.1,https://www.sec.gov/Archives/edgar/data/1533615/000110465926091251/tm2622344d1_ex99-1.htm,True,
CODQL,2026-08-05 00:00:00,https://www.sec.gov/Archives/edgar/data/1770561/000110465926091248/0001104659-26-091248-index.htm,8-K,FORM 8-K,https://www.sec.gov/Archives/edgar/data/1770561/000110465926091248/tm2622330d1_8k.htm,False,
CODQL,2026-08-05 00:00:00,https://www.sec.gov/Archives/edgar/data/1770561/000110465926091248/0001104659-26-091248-index.htm,EX-99.1,EXHIBIT 99.1,https://www.sec.gov/Archives/edgar/data/1770561/000110465926091248/tm2622330d1_ex99-1.htm,False,
RIG,2026-08-05 00:00:00,https://www.sec.gov/Archives/edgar/data/1451505/000145150526000058/0001451505-26-000058-index.htm,8-K,8-K,https://www.sec.gov/Archives/edgar/data/1451505/000145150526000058/rig-20260805x8k.htm,False,
RIG,2026-08-05 00:00:00,https://www.sec.gov/Archives/edgar/data/1451505/000145150526000058/0001451505-26-000058-index.htm,EX-99.1,EX-99.1,https://www.sec.gov/Archives/edgar/data/1451505/000145150526000058/rig-20260805xex99d1.htm,True,
SPB,2026-08-05 00:00:00,https://www.sec.gov/Archives/edgar/data/109177/000010917726000035/0000109177-26-000035-index.htm,8-K,8-K,https://www.sec.gov/Archives/edgar/data/109177/000010917726000035/spb-20260805.htm,False,
BGSF,2026-08-05 00:00:00,https://www.sec.gov/Archives/edgar/data/1474903/000147490326000071/0001474903-26-000071-index.htm,8-K,8-K,https://www.sec.gov/Archives/edgar/data/1474903/000147490326000071/bgsf-20260805.htm,False,
BGSF,2026-08-05 00:00:00,https://www.sec.gov/Archives/edgar/data/1474903/000147490326000071/0001474903-26-000071-index.htm,EX-99.1,EX-99.1,https://www.sec.gov/Archives/edgar/data/1474903/000147490326000071/ex991q22026earnings.htm,False,
SCTH,2026-08-05 00:00:00,https://www.sec.gov/Archives/edgar/data/1703157/000101738626000096/0001017386-26-000096-index.htm,8-K,CURRENT REPORT,https://www.sec.gov/Archives/edgar/data/1703157/000101738626000096/scth_form8k08052026.htm,False,
SCTH,2026-08-05 00:00:00,https://www.sec.gov/Archives/edgar/data/1703157/000101738626000096/0001017386-26-000096-index.htm,EX-99.1,PRESS RELEASE,https://www.sec.gov/Archives/edgar/data/1703157/000101738626000096/ex991.htm,False,
DXLG,2026-08-05 00:00:00,https://www.sec.gov/Archives/edgar/data/813298/000119312526335458/0001193125-26-335458-index.htm,8-K,8-K,https://www.sec.gov/Archives/edgar/data/813298/000119312526335458/dxlg-20260804.htm,False,
SRI,2026-08-05 00:00:00,https://www.sec.gov/Archives/edgar/data/1043337/000104333726000072/0001043337-26-000072-index.htm,8-K,8-K,https://www.sec.gov/Archives/edgar/data/1043337/000104333726000072/sri-20260805.htm,False,
SRI,2026-08-05 00:00:00,https://www.sec.gov/Archives/edgar/data/1043337/000104333726000072/0001043337-26-000072-index.htm,EX-99.1,EX-99.1,https://www.sec.gov/Archives/edgar/data/1043337/000104333726000072/sri-20260805xexx991earning.htm,True,
INVE,2026-08-05 00:00:00,https://www.sec.gov/Archives/edgar/data/1036044/000119312526335440/0001193125-26-335440-index.htm,8-K,8-K,https://www.sec.gov/Archives/edgar/data/1036044/000119312526335440/d171720d8k.htm,False,
GNK,2026-08-05 00:00:00,https://www.sec.gov/Archives/edgar/data/1326200/000114036126031442/0001140361-26-031442-index.htm,8-K,8-K,https://www.sec.gov/Archives/edgar/data/1326200/000114036126031442/ef20079211_8k.htm,False,
GNK,2026-08-05 00:00:00,https://www.sec.gov/Archives/edgar/data/1326200/000114036126031442/0001140361-26-031442-index.htm,EX-99.1,EXHIBIT 99.1,https://www.sec.gov/Archives/edgar/data/1326200/000114036126031442/ef20079211_ex99-1.htm,True,
None,2026-08-05 00:00:00,https://www.sec.gov/Archives/edgar/data/2101470/000121390026085764/0001213900-26-085764-index.htm,8-K,CURRENT REPORT,https://www.sec.gov/Archives/edgar/data/2101470/000121390026085764/ea0300734-8k_wilco.htm,False,
None,2026-08-05 00:00:00,https://www.sec.gov/Archives/edgar/data/2101470/000121390026085764/0001213900-26-085764-index.htm,EX-99.1,"PRESS RELEASE DATED AUGUST 5, 2026",https://www.sec.gov/Archives/edgar/data/2101470/000121390026085764/ea030073401ex99-1.htm,False,
CLRO,2026-08-05 00:00:00,https://www.sec.gov/Archives/edgar/data/840715/000175392626001341/0001753926-26-001341-index.htm,8-K,8-K,https://www.sec.gov/Archives/edgar/data/840715/000175392626001341/clro-20260731.htm,True,
CLRO,2026-08-05 00:00:00,https://www.sec.gov/Archives/edgar/data/840715/000175392626001341/0001753926-26-001341-index.htm,EX-10.1,EXHIBIT 10.1,https://www.sec.gov/Archives/edgar/data/840715/000175392626001341/ex101_1.htm,True,
CLRO,2026-08-05 00:00:00,https://www.sec.gov/Archives/edgar/data/840715/000175392626001341/0001753926-26-001341-index.htm,EX-10.2,EXHIBIT 10.2,https://www.sec.gov/Archives/edgar/data/840715/000175392626001341/ex102_2.htm,False,
VAL,2026-08-05 00:00:00,https://www.sec.gov/Archives/edgar/data/314808/000031480826000139/0000314808-26-000139-index.htm,8-K,8-K,https://www.sec.gov/Archives/edgar/data/314808/000031480826000139/val-20260805.htm,False,
VAL,2026-08-05 00:00:00,https://www.sec.gov/Archives/edgar/data/314808/000031480826000139/0000314808-26-000139-index.htm,EX-99.1,EX-99.1,https://www.sec.gov/Archives/edgar/data/314808/000031480826000139/fsrex99_1august2026.htm,False,
VAL-WT,2026-08-05 00:00:00,https://www.sec.gov/Archives/edgar/data/314808/000031480826000139/0000314808-26-000139-index.htm,8-K,8-K,https://www.sec.gov/Archives/edgar/data/314808/000031480826000139/val-20260805.htm,False,
VAL-WT,2026-08-05 00:00:00,https://www.sec.gov/Archives/edgar/data/314808/000031480826000139/0000314808-26-000139-index.htm,EX-99.1,EX-99.1,https://www.sec.gov/Archives/edgar/data/314808/000031480826000139/fsrex99_1august2026.htm,False,
GLXY,2026-08-05 00:00:00,https://www.sec.gov/Archives/edgar/data/1859392/000185939226000086/0001859392-26-000086-index.htm,8-K,8-K,https://www.sec.gov/Archives/edgar/data/1859392/000185939226000086/glxy-20260805.htm,False,
GHC,2026-08-05 00:00:00,https://www.sec.gov/Archives/edgar/data/104889/000162828026053479/0001628280-26-053479-index.htm,8-K,FORM 8-K,https://www.sec.gov/Archives/edgar/data/104889/000162828026053479/ghc-20260805.htm,False,
GHC,2026-08-05 00:00:00,https://www.sec.gov/Archives/edgar/data/104889/000162828026053479/0001628280-26-053479-index.htm,EX-99.1,EXHIBIT 99.1,https://www.sec.gov/Archives/edgar/data/104889/000162828026053479/a2026-08x05form8xkex991.htm,False,
DIOD,2026-08-05 00:00:00,https://www.sec.gov/Archives/edgar/data/29002/000119312526335408/0001193125-26-335408-index.htm,8-K,8-K,https://www.sec.gov/Archives/edgar/data/29002/000119312526335408/diod-20260805.htm,False,
DIOD,2026-08-05 00:00:00,https://www.sec.gov/Archives/edgar/data/29002/000119312526335408/0001193125-26-335408-index.htm,EX-99.1,EX-99.1,https://www.sec.gov/Archives/edgar/data/29002/000119312526335408/diod-ex99_1.htm,False,
PLMIW,2026-08-05 00:00:00,https://www.sec.gov/Archives/edgar/data/1840317/000121390026085763/0001213900-26-085763-index.htm,8-K,CURRENT REPORT,https://www.sec.gov/Archives/edgar/data/1840317/000121390026085763/ea0300722-8k_veeainc.htm,True,
PLMIW,2026-08-05 00:00:00,https://www.sec.gov/Archives/edgar/data/1840317/000121390026085763/0001213900-26-085763-index.htm,EX-10.1,"DEMAND PROMISSORY NOTE - JULY 30, 2026 ($500,000)",https://www.sec.gov/Archives/edgar/data/1840317/000121390026085763/ea030072201ex10-1.htm,False,
PLMIW,2026-08-05 00:00:00,https://www.sec.gov/Archives/edgar/data/1840317/000121390026085763/0001213900-26-085763-index.htm,EX-10.2,"DEMAND PROMISSORY NOTE - JULY 31, 2026 ($100,000)",https://www.sec.gov/Archives/edgar/data/1840317/000121390026085763/ea030072201ex10-2.htm,False,
PLMI,2026-08-05 00:00:00,https://www.sec.gov/Archives/edgar/data/1840317/000121390026085763/0001213900-26-085763-index.htm,8-K,CURRENT REPORT,https://www.sec.gov/Archives/edgar/data/1840317/000121390026085763/ea0300722-8k_veeainc.htm,True,
PLMI,2026-08-05 00:00:00,https://www.sec.gov/Archives/edgar/data/1840317/000121390026085763/0001213900-26-085763-index.htm,EX-10.1,"DEMAND PROMISSORY NOTE - JULY 30, 2026 ($500,000)",https://www.sec.gov/Archives/edgar/data/1840317/000121390026085763/ea030072201ex10-1.htm,False,
PLMI,2026-08-05 00:00:00,https://www.sec.gov/Archives/edgar/data/1840317/000121390026085763/0001213900-26-085763-index.htm,EX-10.2,"DEMAND PROMISSORY NOTE - JULY 31, 2026 ($100,000)",https://www.sec.gov/Archives/edgar/data/1840317/000121390026085763/ea030072201ex10-2.htm,False,
PLMIU,2026-08-05 00:00:00,https://www.sec.gov/Archives/edgar/data/1840317/000121390026085763/0001213900-26-085763-index.htm,8-K,CURRENT REPORT,https://www.sec.gov/Archives/edgar/data/1840317/000121390026085763/ea0300722-8k_veeainc.htm,True,
PLMIU,2026-08-05 00:00:00,https://www.sec.gov/Archives/edgar/data/1840317/000121390026085763/0001213900-26-085763-index.htm,EX-10.1,"DEMAND PROMISSORY NOTE - JULY 30, 2026 ($500,000)",https://www.sec.gov/Archives/edgar/data/1840317/000121390026085763/ea030072201ex10-1.htm,False,
PLMIU,2026-08-05 00:00:00,https://www.sec.gov/Archives/edgar/data/1840317/000121390026085763/0001213900-26-085763-index.htm,EX-10.2,"DEMAND PROMISSORY NOTE - JULY 31, 2026 ($100,000)",https://www.sec.gov/Archives/edgar/data/1840317/000121390026085763/ea030072201ex10-2.htm,False,
VAL-WT,2026-08-05 00:00:00,https://www.sec.gov/Archives/edgar/data/314808/000031480826000138/0000314808-26-000138-index.htm,8-K,8-K,https://www.sec.gov/Archives/edgar/data/314808/000031480826000138/val-20260805.htm,False,
VAL-WT,2026-08-05 00:00:00,https://www.sec.gov/Archives/edgar/data/314808/000031480826000138/0000314808-26-000138-index.htm,EX-99.1,EX-99.1,https://www.sec.gov/Archives/edgar/data/314808/000031480826000138/a06302026ex991pressrelease.htm,False,
VAL,2026-08-05 00:00:00,https://www.sec.gov/Archives/edgar/data/314808/000031480826000138/0000314808-26-000138-index.htm,8-K,8-K,https://www.sec.gov/Archives/edgar/data/314808/000031480826000138/val-20260805.htm,False,
VAL,2026-08-05 00:00:00,https://www.sec.gov/Archives/edgar/data/314808/000031480826000138/0000314808-26-000138-index.htm,EX-99.1,EX-99.1,https://www.sec.gov/Archives/edgar/data/314808/000031480826000138/a06302026ex991pressrelease.htm,False,
NXGLW,2026-08-05 00:00:00,https://www.sec.gov/Archives/edgar/data/1468929/000149315226036206/0001493152-26-036206-index.htm,8-K,8-K,https://www.sec.gov/Archives/edgar/data/1468929/000149315226036206/form8-k.htm,False,
NXGL,2026-08-05 00:00:00,https://www.sec.gov/Archives/edgar/data/1468929/000149315226036206/0001493152-26-036206-index.htm,8-K,8-K,https://www.sec.gov/Archives/edgar/data/1468929/000149315226036206/form8-k.htm,False,
TREB,2026-08-05 00:00:00,https://www.sec.gov/Archives/edgar/data/1805833/000180583326000051/0001805833-26-000051-index.htm,8-K,8-K,https://www.sec.gov/Archives/edgar/data/1805833/000180583326000051/sst-20260805.htm,False,
TREB,2026-08-05 00:00:00,https://www.sec.gov/Archives/edgar/data/1805833/000180583326000051/0001805833-26-000051-index.htm,EX-99.1,EX-99.1,https://www.sec.gov/Archives/edgar/data/1805833/000180583326000051/q226supplementalfinancia.htm,False,
SST-WT,2026-08-05 00:00:00,https://www.sec.gov/Archives/edgar/data/1805833/000180583326000051/0001805833-26-000051-index.htm,8-K,8-K,https://www.sec.gov/Archives/edgar/data/1805833/000180583326000051/sst-20260805.htm,False,
SST-WT,2026-08-05 00:00:00,https://www.sec.gov/Archives/edgar/data/1805833/000180583326000051/0001805833-26-000051-index.htm,EX-99.1,EX-99.1,https://www.sec.gov/Archives/edgar/data/1805833/000180583326000051/q226supplementalfinancia.htm,False,
SST,2026-08-05 00:00:00,https://www.sec.gov/Archives/edgar/data/1805833/000180583326000051/0001805833-26-000051-index.htm,8-K,8-K,https://www.sec.gov/Archives/edgar/data/1805833/000180583326000051/sst-20260805.htm,False,
SST,2026-08-05 00:00:00,https://www.sec.gov/Archives/edgar/data/1805833/000180583326000051/0001805833-26-000051-index.htm,EX-99.1,EX-99.1,https://www.sec.gov/Archives/edgar/data/1805833/000180583326000051/q226supplementalfinancia.htm,False,
BIOA,2026-08-05 00:00:00,https://www.sec.gov/Archives/edgar/data/1709941/000119312526335368/0001193125-26-335368-index.htm,8-K,8-K,https://www.sec.gov/Archives/edgar/data/1709941/000119312526335368/bioa-20260805.htm,False,
BIOA,2026-08-05 00:00:00,https://www.sec.gov/Archives/edgar/data/1709941/000119312526335368/0001193125-26-335368-index.htm,EX-99.1,EX-99.1,https://www.sec.gov/Archives/edgar/data/1709941/000119312526335368/bioa-ex99_1.htm,True,
OPTT,2026-08-05 00:00:00,https://www.sec.gov/Archives/edgar/data/1378140/000149315226036203/0001493152-26-036203-index.htm,8-K,8-K,https://www.sec.gov/Archives/edgar/data/1378140/000149315226036203/form8-k.htm,False,
OPTT,2026-08-05 00:00:00,https://www.sec.gov/Archives/edgar/data/1378140/000149315226036203/0001493152-26-036203-index.htm,EX-99.1,EX-99.1,https://www.sec.gov/Archives/edgar/data/1378140/000149315226036203/ex99-1.htm,False,
OAS,2026-08-05 00:00:00,https://www.sec.gov/Archives/edgar/data/1486159/000148615926000029/0001486159-26-000029-index.htm,8-K,8-K,https://www.sec.gov/Archives/edgar/data/1486159/000148615926000029/oas-20260805.htm,False,
OAS,2026-08-05 00:00:00,https://www.sec.gov/Archives/edgar/data/1486159/000148615926000029/0001486159-26-000029-index.htm,EX-99.1,EX-99.1,https://www.sec.gov/Archives/edgar/data/1486159/000148615926000029/chrd-q22026earningsrelease.htm,True,
OASPW,2026-08-05 00:00:00,https://www.sec.gov/Archives/edgar/data/1486159/000148615926000029/0001486159-26-000029-index.htm,8-K,8-K,https://www.sec.gov/Archives/edgar/data/1486159/000148615926000029/oas-20260805.htm,False,
OASPW,2026-08-05 00:00:00,https://www.sec.gov/Archives/edgar/data/1486159/000148615926000029/0001486159-26-000029-index.htm,EX-99.1,EX-99.1,https://www.sec.gov/Archives/edgar/data/1486159/000148615926000029/chrd-q22026earningsrelease.htm,True,
CHRD,2026-08-05 00:00:00,https://www.sec.gov/Archives/edgar/data/1486159/000148615926000029/0001486159-26-000029-index.htm,8-K,8-K,https://www.sec.gov/Archives/edgar/data/1486159/000148615926000029/oas-20260805.htm,False,
CHRD,2026-08-05 00:00:00,https://www.sec.gov/Archives/edgar/data/1486159/000148615926000029/0001486159-26-000029-index.htm,EX-99.1,EX-99.1,https://www.sec.gov/Archives/edgar/data/1486159/000148615926000029/chrd-q22026earningsrelease.htm,True,
WTI,2026-08-05 00:00:00,https://www.sec.gov/Archives/edgar/data/1288403/000110465926091211/0001104659-26-091211-index.htm,8-K,8-K,https://www.sec.gov/Archives/edgar/data/1288403/000110465926091211/wti-20260805x8k.htm,False,
WTI,2026-08-05 00:00:00,https://www.sec.gov/Archives/edgar/data/1288403/000110465926091211/0001104659-26-091211-index.htm,EX-99.1,EX-99.1,https://www.sec.gov/Archives/edgar/data/1288403/000110465926091211/wti-20260805xex99d1.htm,True,
DAR,2026-08-05 00:00:00,https://www.sec.gov/Archives/edgar/data/916540/000091654026000021/0000916540-26-000021-index.htm,8-K,8-K,https://www.sec.gov/Archives/edgar/data/916540/000091654026000021/dar-20260805.htm,False,
DAR,2026-08-05 00:00:00,https://www.sec.gov/Archives/edgar/data/916540/000091654026000021/0000916540-26-000021-index.htm,EX-99.1,EX-99.1,https://www.sec.gov/Archives/edgar/data/916540/000091654026000021/exh991-pressrelease08052026.htm,False,
AVX,2026-08-05 00:00:00,https://www.sec.gov/Archives/edgar/data/1826397/000149315226036201/0001493152-26-036201-index.htm,8-K,8-K,https://www.sec.gov/Archives/edgar/data/1826397/000149315226036201/form8-k.htm,True,
AVX,2026-08-05 00:00:00,https://www.sec.gov/Archives/edgar/data/1826397/000149315226036201/0001493152-26-036201-index.htm,EX-10.1,EX-10.1,https://www.sec.gov/Archives/edgar/data/1826397/000149315226036201/ex10-1.htm,False,
AVX,2026-08-05 00:00:00,https://www.sec.gov/Archives/edgar/data/1826397/000149315226036201/0001493152-26-036201-index.htm,EX-10.2,EX-10.2,https://www.sec.gov/Archives/edgar/data/1826397/000149315226036201/ex10-2.htm,True,
AVX,2026-08-05 00:00:00,https://www.sec.gov/Archives/edgar/data/1826397/000149315226036201/0001493152-26-036201-index.htm,EX-99.1,EX-99.1,https://www.sec.gov/Archives/edgar/data/1826397/000149315226036201/ex99-1.htm,False,
AGRI,2026-08-05 00:00:00,https://www.sec.gov/Archives/edgar/data/1826397/000149315226036201/0001493152-26-036201-index.htm,8-K,8-K,https://www.sec.gov/Archives/edgar/data/1826397/000149315226036201/form8-k.htm,True,
AGRI,2026-08-05 00:00:00,https://www.sec.gov/Archives/edgar/data/1826397/000149315226036201/0001493152-26-036201-index.htm,EX-10.1,EX-10.1,https://www.sec.gov/Archives/edgar/data/1826397/000149315226036201/ex10-1.htm,False,
AGRI,2026-08-05 00:00:00,https://www.sec.gov/Archives/edgar/data/1826397/000149315226036201/0001493152-26-036201-index.htm,EX-10.2,EX-10.2,https://www.sec.gov/Archives/edgar/data/1826397/000149315226036201/ex10-2.htm,True,
AGRI,2026-08-05 00:00:00,https://www.sec.gov/Archives/edgar/data/1826397/000149315226036201/0001493152-26-036201-index.htm,EX-99.1,EX-99.1,https://www.sec.gov/Archives/edgar/data/1826397/000149315226036201/ex99-1.htm,False,
AGRIW,2026-08-05 00:00:00,https://www.sec.gov/Archives/edgar/data/1826397/000149315226036201/0001493152-26-036201-index.htm,8-K,8-K,https://www.sec.gov/Archives/edgar/data/1826397/000149315226036201/form8-k.htm,True,
AGRIW,2026-08-05 00:00:00,https://www.sec.gov/Archives/edgar/data/1826397/000149315226036201/0001493152-26-036201-index.htm,EX-10.1,EX-10.1,https://www.sec.gov/Archives/edgar/data/1826397/000149315226036201/ex10-1.htm,False,
AGRIW,2026-08-05 00:00:00,https://www.sec.gov/Archives/edgar/data/1826397/000149315226036201/0001493152-26-036201-index.htm,EX-10.2,EX-10.2,https://www.sec.gov/Archives/edgar/data/1826397/000149315226036201/ex10-2.htm,True,
AGRIW,2026-08-05 00:00:00,https://www.sec.gov/Archives/edgar/data/1826397/000149315226036201/0001493152-26-036201-index.htm,EX-99.1,EX-99.1,https://www.sec.gov/Archives/edgar/data/1826397/000149315226036201/ex99-1.htm,False,
HNNAZ,2026-08-05 00:00:00,https://www.sec.gov/Archives/edgar/data/1145255/000143774926025953/0001437749-26-025953-index.htm,8-K,FORM 8-K,https://www.sec.gov/Archives/edgar/data/1145255/000143774926025953/hnna20260803c_8k.htm,False,
HNNAZ,2026-08-05 00:00:00,https://www.sec.gov/Archives/edgar/data/1145255/000143774926025953/0001437749-26-025953-index.htm,EX-99.1,EXHIBIT 99.1,https://www.sec.gov/Archives/edgar/data/1145255/000143774926025953/ex_997559.htm,False,
HNNA,2026-08-05 00:00:00,https://www.sec.gov/Archives/edgar/data/1145255/000143774926025953/0001437749-26-025953-index.htm,8-K,FORM 8-K,https://www.sec.gov/Archives/edgar/data/1145255/000143774926025953/hnna20260803c_8k.htm,False,
HNNA,2026-08-05 00:00:00,https://www.sec.gov/Archives/edgar/data/1145255/000143774926025953/0001437749-26-025953-index.htm,EX-99.1,EXHIBIT 99.1,https://www.sec.gov/Archives/edgar/data/1145255/000143774926025953/ex_997559.htm,False,
NOVT,2026-08-05 00:00:00,https://www.sec.gov/Archives/edgar/data/1076930/000119312526335356/0001193125-26-335356-index.htm,8-K,8-K,https://www.sec.gov/Archives/edgar/data/1076930/000119312526335356/novt-20260805.htm,False,
NOVT,2026-08-05 00:00:00,https://www.sec.gov/Archives/edgar/data/1076930/000119312526335356/0001193125-26-335356-index.htm,EX-99.1,EX-99.1,https://www.sec.gov/Archives/edgar/data/1076930/000119312526335356/novt-ex99_1.htm,False,
XHR,2026-08-05 00:00:00,https://www.sec.gov/Archives/edgar/data/1616000/000119312526335352/0001193125-26-335352-index.htm,8-K,8-K,https://www.sec.gov/Archives/edgar/data/1616000/000119312526335352/d282867d8k.htm,True,
NNBR,2026-08-05 00:00:00,https://www.sec.gov/Archives/edgar/data/918541/000091854126000065/0000918541-26-000065-index.htm,8-K,8-K,https://www.sec.gov/Archives/edgar/data/918541/000091854126000065/nnbr-20260805.htm,False,
NNBR,2026-08-05 00:00:00,https://www.sec.gov/Archives/edgar/data/918541/000091854126000065/0000918541-26-000065-index.htm,EX-99.1,EX-99.1 PRESS RELEASE,https://www.sec.gov/Archives/edgar/data/918541/000091854126000065/pressrelease2026-q2.htm,True,
SVC,2026-08-05 00:00:00,https://www.sec.gov/Archives/edgar/data/945394/000094539426000048/0000945394-26-000048-index.htm,8-K,8-K,https://www.sec.gov/Archives/edgar/data/945394/000094539426000048/svc-20260805.htm,False,
SVC,2026-08-05 00:00:00,https://www.sec.gov/Archives/edgar/data/945394/000094539426000048/0000945394-26-000048-index.htm,EX-99.1,EX-99.1,https://www.sec.gov/Archives/edgar/data/945394/000094539426000048/svc_063026xexhibitx991.htm,False,
ATO,2026-08-05 00:00:00,https://www.sec.gov/Archives/edgar/data/731802/000073180226000100/0000731802-26-000100-index.htm,8-K,8-K,https://www.sec.gov/Archives/edgar/data/731802/000073180226000100/ato-20260805.htm,False,
ATO,2026-08-05 00:00:00,https://www.sec.gov/Archives/edgar/data/731802/000073180226000100/0000731802-26-000100-index.htm,EX-99.1,EX-99.1,https://www.sec.gov/Archives/edgar/data/731802/000073180226000100/ato20260805exhibit991.htm,False,
PRG,2026-08-05 00:00:00,https://www.sec.gov/Archives/edgar/data/1808834/000180883426000118/0001808834-26-000118-index.htm,8-K,8-K,https://www.sec.gov/Archives/edgar/data/1808834/000180883426000118/prg-20260805.htm,False,
PRG,2026-08-05 00:00:00,https://www.sec.gov/Archives/edgar/data/1808834/000180883426000118/0001808834-26-000118-index.htm,EX-99.1,EX-99.1,https://www.sec.gov/Archives/edgar/data/1808834/000180883426000118/exhibit991-dividendpressre.htm,False,
SEG,2026-08-05 00:00:00,https://www.sec.gov/Archives/edgar/data/2009684/000110465926091195/0001104659-26-091195-index.htm,8-K,8-K,https://www.sec.gov/Archives/edgar/data/2009684/000110465926091195/seg-20260805x8k.htm,False,
SEG,2026-08-05 00:00:00,https://www.sec.gov/Archives/edgar/data/2009684/000110465926091195/0001104659-26-091195-index.htm,EX-99.1,EX-99.1,https://www.sec.gov/Archives/edgar/data/2009684/000110465926091195/seg-20260805xex99d1.htm,False,
TPVG,2026-08-05 00:00:00,https://www.sec.gov/Archives/edgar/data/1580345/000158034526000024/0001580345-26-000024-index.htm,8-K,8-K,https://www.sec.gov/Archives/edgar/data/1580345/000158034526000024/tvpg-20260805.htm,False,
TPVG,2026-08-05 00:00:00,https://www.sec.gov/Archives/edgar/data/1580345/000158034526000024/0001580345-26-000024-index.htm,EX-99.1,EX-99.1,https://www.sec.gov/Archives/edgar/data/1580345/000158034526000024/tpvgq22026earningsrelease.htm,True,
UMH-PC,2026-08-05 00:00:00,https://www.sec.gov/Archives/edgar/data/752642/000149315226036197/0001493152-26-036197-index.htm,8-K,8-K,https://www.sec.gov/Archives/edgar/data/752642/000149315226036197/form8-k.htm,False,
UMH-PC,2026-08-05 00:00:00,https://www.sec.gov/Archives/edgar/data/752642/000149315226036197/0001493152-26-036197-index.htm,EX-99.1,EX-99.1,https://www.sec.gov/Archives/edgar/data/752642/000149315226036197/ex99-1.htm,True,
UMH-PD,2026-08-05 00:00:00,https://www.sec.gov/Archives/edgar/data/752642/000149315226036197/0001493152-26-036197-index.htm,8-K,8-K,https://www.sec.gov/Archives/edgar/data/752642/000149315226036197/form8-k.htm,False,
UMH-PD,2026-08-05 00:00:00,https://www.sec.gov/Archives/edgar/data/752642/000149315226036197/0001493152-26-036197-index.htm,EX-99.1,EX-99.1,https://www.sec.gov/Archives/edgar/data/752642/000149315226036197/ex99-1.htm,True,
UMH,2026-08-05 00:00:00,https://www.sec.gov/Archives/edgar/data/752642/000149315226036197/0001493152-26-036197-index.htm,8-K,8-K,https://www.sec.gov/Archives/edgar/data/752642/000149315226036197/form8-k.htm,False,
UMH,2026-08-05 00:00:00,https://www.sec.gov/Archives/edgar/data/752642/000149315226036197/0001493152-26-036197-index.htm,EX-99.1,EX-99.1,https://www.sec.gov/Archives/edgar/data/752642/000149315226036197/ex99-1.htm,True,
HRTG,2026-08-05 00:00:00,https://www.sec.gov/Archives/edgar/data/1598665/000119312526335334/0001193125-26-335334-index.htm,8-K,8-K,https://www.sec.gov/Archives/edgar/data/1598665/000119312526335334/hrtg-20260805.htm,False,
HRTG,2026-08-05 00:00:00,https://www.sec.gov/Archives/edgar/data/1598665/000119312526335334/0001193125-26-335334-index.htm,EX-99.1,EX-99.1,https://www.sec.gov/Archives/edgar/data/1598665/000119312526335334/hrtg-ex99_1.htm,False,
USAC,2026-08-05 00:00:00,https://www.sec.gov/Archives/edgar/data/1522727/000152272726000060/0001522727-26-000060-index.htm,8-K,8-K,https://www.sec.gov/Archives/edgar/data/1522727/000152272726000060/usac-20260805.htm,False,
CAPL,2026-08-05 00:00:00,https://www.sec.gov/Archives/edgar/data/1538849/000119312526335332/0001193125-26-335332-index.htm,8-K,8-K,https://www.sec.gov/Archives/edgar/data/1538849/000119312526335332/capl-20260805.htm,False,
CAPL,2026-08-05 00:00:00,https://www.sec.gov/Archives/edgar/data/1538849/000119312526335332/0001193125-26-335332-index.htm,EX-99.1,EX-99.1 EARNINGS RELEASE Q2-26,https://www.sec.gov/Archives/edgar/data/1538849/000119312526335332/capl-ex99_1.htm,False,
CACI,2026-08-05 00:00:00,https://www.sec.gov/Archives/edgar/data/16058/000162828026053448/0001628280-26-053448-index.htm,8-K,8-K,https://www.sec.gov/Archives/edgar/data/16058/000162828026053448/caci-20260805.htm,False,
CACI,2026-08-05 00:00:00,https://www.sec.gov/Archives/edgar/data/16058/000162828026053448/0001628280-26-053448-index.htm,EX-99.1,EX-99.1,https://www.sec.gov/Archives/edgar/data/16058/000162828026053448/fy26-q4caci20260805ex991.htm,False,
CDE,2026-08-05 00:00:00,https://www.sec.gov/Archives/edgar/data/215466/000021546626000038/0000215466-26-000038-index.htm,8-K,8-K,https://www.sec.gov/Archives/edgar/data/215466/000021546626000038/cde-20260805.htm,False,
CDE,2026-08-05 00:00:00,https://www.sec.gov/Archives/edgar/data/215466/000021546626000038/0000215466-26-000038-index.htm,EX-99.1,EX-99.1,https://www.sec.gov/Archives/edgar/data/215466/000021546626000038/a2q26earningsreleaseex-991.htm,True,
CHRS,2026-08-05 00:00:00,https://www.sec.gov/Archives/edgar/data/1512762/000110465926091188/0001104659-26-091188-index.htm,8-K,8-K,https://www.sec.gov/Archives/edgar/data/1512762/000110465926091188/chrs-20260805x8k.htm,False,
CHRS,2026-08-05 00:00:00,https://www.sec.gov/Archives/edgar/data/1512762/000110465926091188/0001104659-26-091188-index.htm,EX-99.1,EX-99.1,https://www.sec.gov/Archives/edgar/data/1512762/000110465926091188/chrs-20260805xex99d1.htm,True,
None,2026-08-05 00:00:00,https://www.sec.gov/Archives/edgar/data/2011498/000119312526335322/0001193125-26-335322-index.htm,8-K,8-K,https://www.sec.gov/Archives/edgar/data/2011498/000119312526335322/ck0002011498-20260805.htm,False,
None,2026-08-05 00:00:00,https://www.sec.gov/Archives/edgar/data/2011498/000119312526335322/0001193125-26-335322-index.htm,EX-99.1,EX-99.1,https://www.sec.gov/Archives/edgar/data/2011498/000119312526335322/ck0002011498-ex99_1.htm,False,
CF,2026-08-05 00:00:00,https://www.sec.gov/Archives/edgar/data/1324404/000132440426000017/0001324404-26-000017-index.htm,8-K,8-K,https://www.sec.gov/Archives/edgar/data/1324404/000132440426000017/cf-20260805.htm,False,
CF,2026-08-05 00:00:00,https://www.sec.gov/Archives/edgar/data/1324404/000132440426000017/0001324404-26-000017-index.htm,EX-99.1,EX-99.1,https://www.sec.gov/Archives/edgar/data/1324404/000132440426000017/cf-08052026_ex991xearnings.htm,False,
NC,2026-08-05 00:00:00,https://www.sec.gov/Archives/edgar/data/789933/000078993326000143/0000789933-26-000143-index.htm,8-K,8-K,https://www.sec.gov/Archives/edgar/data/789933/000078993326000143/nacco-20260805.htm,False,
RGCO,2026-08-05 00:00:00,https://www.sec.gov/Archives/edgar/data/1069533/000143774926025946/0001437749-26-025946-index.htm,8-K,FORM 8-K,https://www.sec.gov/Archives/edgar/data/1069533/000143774926025946/rgco20260609_8k.htm,False,
RGCO,2026-08-05 00:00:00,https://www.sec.gov/Archives/edgar/data/1069533/000143774926025946/0001437749-26-025946-index.htm,EX-99.1,EXHIBIT 99.1,https://www.sec.gov/Archives/edgar/data/1069533/000143774926025946/ex_974885.htm,False,
VCTR,2026-08-05 00:00:00,https://www.sec.gov/Archives/edgar/data/1570827/000119312526335319/0001193125-26-335319-index.htm,8-K,8-K,https://www.sec.gov/Archives/edgar/data/1570827/000119312526335319/vctr-20260805.htm,False,
VCTR,2026-08-05 00:00:00,https://www.sec.gov/Archives/edgar/data/1570827/000119312526335319/0001193125-26-335319-index.htm,EX-99.1,EX-99.1,https://www.sec.gov/Archives/edgar/data/1570827/000119312526335319/vctr-ex99_1.htm,False,
VSECU,2026-08-05 00:00:00,https://www.sec.gov/Archives/edgar/data/102752/000010275226000055/0000102752-26-000055-index.htm,8-K,"VSE CORPORATION FORM 8-K - AUGUST 5, 2026",https://www.sec.gov/Archives/edgar/data/102752/000010275226000055/vsec-20260805.htm,False,
VSECU,2026-08-05 00:00:00,https://www.sec.gov/Archives/edgar/data/102752/000010275226000055/0000102752-26-000055-index.htm,EX-99.1,"VSE CORPORATION EX 99.1 - PRESS RELEASE DATED AUGUST 5, 2026",https://www.sec.gov/Archives/edgar/data/102752/000010275226000055/vse-prxq2x2026earningsrele.htm,True,
VSEC,2026-08-05 00:00:00,https://www.sec.gov/Archives/edgar/data/102752/000010275226000055/0000102752-26-000055-index.htm,8-K,"VSE CORPORATION FORM 8-K - AUGUST 5, 2026",https://www.sec.gov/Archives/edgar/data/102752/000010275226000055/vsec-20260805.htm,False,
VSEC,2026-08-05 00:00:00,https://www.sec.gov/Archives/edgar/data/102752/000010275226000055/0000102752-26-000055-index.htm,EX-99.1,"VSE CORPORATION EX 99.1 - PRESS RELEASE DATED AUGUST 5, 2026",https://www.sec.gov/Archives/edgar/data/102752/000010275226000055/vse-prxq2x2026earningsrele.htm,True,
UPLD,2026-08-05 00:00:00,https://www.sec.gov/Archives/edgar/data/1505155/000150515526000062/0001505155-26-000062-index.htm,8-K,8-K,https://www.sec.gov/Archives/edgar/data/1505155/000150515526000062/upld-20260731.htm,False,
MTDR,2026-08-05 00:00:00,https://www.sec.gov/Archives/edgar/data/1520006/000152000626000036/0001520006-26-000036-index.htm,8-K,8-K,https://www.sec.gov/Archives/edgar/data/1520006/000152000626000036/mtdr-20260805.htm,False,
MTDR,2026-08-05 00:00:00,https://www.sec.gov/Archives/edgar/data/1520006/000152000626000036/0001520006-26-000036-index.htm,EX-99.1,EX-99.1,https://www.sec.gov/Archives/edgar/data/1520006/000152000626000036/a20260630mtdr8ker-ex991.htm,True,
SPIR,2026-08-05 00:00:00,https://www.sec.gov/Archives/edgar/data/1816017/000119312526335313/0001193125-26-335313-index.htm,8-K,8-K,https://www.sec.gov/Archives/edgar/data/1816017/000119312526335313/spir-20260731.htm,False,
NSH-UN,2026-08-05 00:00:00,https://www.sec.gov/Archives/edgar/data/1816017/000119312526335313/0001193125-26-335313-index.htm,8-K,8-K,https://www.sec.gov/Archives/edgar/data/1816017/000119312526335313/spir-20260731.htm,False,
NSH,2026-08-05 00:00:00,https://www.sec.gov/Archives/edgar/data/1816017/000119312526335313/0001193125-26-335313-index.htm,8-K,8-K,https://www.sec.gov/Archives/edgar/data/1816017/000119312526335313/spir-20260731.htm,False,
SPIR-WT,2026-08-05 00:00:00,https://www.sec.gov/Archives/edgar/data/1816017/000119312526335313/0001193125-26-335313-index.htm,8-K,8-K,https://www.sec.gov/Archives/edgar/data/1816017/000119312526335313/spir-20260731.htm,False,
III,2026-08-05 00:00:00,https://www.sec.gov/Archives/edgar/data/1371489/000110465926091178/0001104659-26-091178-index.htm,8-K,8-K,https://www.sec.gov/Archives/edgar/data/1371489/000110465926091178/iii-20260805x8k.htm,False,
III,2026-08-05 00:00:00,https://www.sec.gov/Archives/edgar/data/1371489/000110465926091178/0001104659-26-091178-index.htm,EX-99.1,EX-99.1,https://www.sec.gov/Archives/edgar/data/1371489/000110465926091178/iii-20260805xex99d1.htm,False,
LILAB,2026-08-05 00:00:00,https://www.sec.gov/Archives/edgar/data/1712184/000171218426000129/0001712184-26-000129-index.htm,8-K,LIBERTY LATIN AMERICA Q2 2026 EARNINGS RELEASE 8-K,https://www.sec.gov/Archives/edgar/data/1712184/000171218426000129/lila-20260805.htm,False,
LILAB,2026-08-05 00:00:00,https://www.sec.gov/Archives/edgar/data/1712184/000171218426000129/0001712184-26-000129-index.htm,EX-99.1,EX-99.1 LIBERTY LATIN AMERICA Q2 2026 EARNINGS RELEASE,https://www.sec.gov/Archives/edgar/data/1712184/000171218426000129/ex991toform_llaq22026earni.htm,True,
LILAK,2026-08-05 00:00:00,https://www.sec.gov/Archives/edgar/data/1712184/000171218426000129/0001712184-26-000129-index.htm,8-K,LIBERTY LATIN AMERICA Q2 2026 EARNINGS RELEASE 8-K,https://www.sec.gov/Archives/edgar/data/1712184/000171218426000129/lila-20260805.htm,False,
LILAK,2026-08-05 00:00:00,https://www.sec.gov/Archives/edgar/data/1712184/000171218426000129/0001712184-26-000129-index.htm,EX-99.1,EX-99.1 LIBERTY LATIN AMERICA Q2 2026 EARNINGS RELEASE,https://www.sec.gov/Archives/edgar/data/1712184/000171218426000129/ex991toform_llaq22026earni.htm,True,
LILA,2026-08-05 00:00:00,https://www.sec.gov/Archives/edgar/data/1712184/000171218426000129/0001712184-26-000129-index.htm,8-K,LIBERTY LATIN AMERICA Q2 2026 EARNINGS RELEASE 8-K,https://www.sec.gov/Archives/edgar/data/1712184/000171218426000129/lila-20260805.htm,False,
LILA,2026-08-05 00:00:00,https://www.sec.gov/Archives/edgar/data/1712184/000171218426000129/0001712184-26-000129-index.htm,EX-99.1,EX-99.1 LIBERTY LATIN AMERICA Q2 2026 EARNINGS RELEASE,https://www.sec.gov/Archives/edgar/data/1712184/000171218426000129/ex991toform_llaq22026earni.htm,True,
AMPL,2026-08-05 00:00:00,https://www.sec.gov/Archives/edgar/data/1866692/000119312526335305/0001193125-26-335305-index.htm,8-K,8-K,https://www.sec.gov/Archives/edgar/data/1866692/000119312526335305/ampl-20260805.htm,False,
AMPL,2026-08-05 00:00:00,https://www.sec.gov/Archives/edgar/data/1866692/000119312526335305/0001193125-26-335305-index.htm,EX-99.1,EX-99.1,https://www.sec.gov/Archives/edgar/data/1866692/000119312526335305/ampl-ex99_1.htm,False,
HST,2026-08-05 00:00:00,https://www.sec.gov/Archives/edgar/data/1070750/000107075026000122/0001070750-26-000122-index.htm,8-K,8-K,https://www.sec.gov/Archives/edgar/data/1070750/000107075026000122/hst-20260805.htm,False,
HST,2026-08-05 00:00:00,https://www.sec.gov/Archives/edgar/data/1070750/000107075026000122/0001070750-26-000122-index.htm,EX-99.1,EX-99.1,https://www.sec.gov/Archives/edgar/data/1070750/000107075026000122/hst-ex991.htm,True,
LEU,2026-08-05 00:00:00,https://www.sec.gov/Archives/edgar/data/1065059/000162828026053433/0001628280-26-053433-index.htm,8-K,8-K,https://www.sec.gov/Archives/edgar/data/1065059/000162828026053433/leu-20260805.htm,False,
LEU,2026-08-05 00:00:00,https://www.sec.gov/Archives/edgar/data/1065059/000162828026053433/0001628280-26-053433-index.htm,EX-99.1,EX-99.1,https://www.sec.gov/Archives/edgar/data/1065059/000162828026053433/ex991-10q2026_08x05.htm,False,
WBI,2026-08-05 00:00:00,https://www.sec.gov/Archives/edgar/data/2064947/000119312526335301/0001193125-26-335301-index.htm,8-K,8-K,https://www.sec.gov/Archives/edgar/data/2064947/000119312526335301/wbi-20260805.htm,False,
WBI,2026-08-05 00:00:00,https://www.sec.gov/Archives/edgar/data/2064947/000119312526335301/0001193125-26-335301-index.htm,EX-99.1,EX-99.1,https://www.sec.gov/Archives/edgar/data/2064947/000119312526335301/wbi-ex99_1.htm,True,
ALBT,2026-08-05 00:00:00,https://www.sec.gov/Archives/edgar/data/1630212/000121390026085714/0001213900-26-085714-index.htm,8-K,CURRENT REPORT,https://www.sec.gov/Archives/edgar/data/1630212/000121390026085714/ea0300751-8k_change.htm,False,
AVCO,2026-08-05 00:00:00,https://www.sec.gov/Archives/edgar/data/1630212/000121390026085714/0001213900-26-085714-index.htm,8-K,CURRENT REPORT,https://www.sec.gov/Archives/edgar/data/1630212/000121390026085714/ea0300751-8k_change.htm,False,
INN-PF,2026-08-05 00:00:00,https://www.sec.gov/Archives/edgar/data/1497645/000149764526000066/0001497645-26-000066-index.htm,8-K,8-K,https://www.sec.gov/Archives/edgar/data/1497645/000149764526000066/inn-20260805.htm,False,
INN-PF,2026-08-05 00:00:00,https://www.sec.gov/Archives/edgar/data/1497645/000149764526000066/0001497645-26-000066-index.htm,EX-99.1,EX-99.1,https://www.sec.gov/Archives/edgar/data/1497645/000149764526000066/exhibit99106302026.htm,True,
INN-PE,2026-08-05 00:00:00,https://www.sec.gov/Archives/edgar/data/1497645/000149764526000066/0001497645-26-000066-index.htm,8-K,8-K,https://www.sec.gov/Archives/edgar/data/1497645/000149764526000066/inn-20260805.htm,False,
INN-PE,2026-08-05 00:00:00,https://www.sec.gov/Archives/edgar/data/1497645/000149764526000066/0001497645-26-000066-index.htm,EX-99.1,EX-99.1,https://www.sec.gov/Archives/edgar/data/1497645/000149764526000066/exhibit99106302026.htm,True,
INN,2026-08-05 00:00:00,https://www.sec.gov/Archives/edgar/data/1497645/000149764526000066/0001497645-26-000066-index.htm,8-K,8-K,https://www.sec.gov/Archives/edgar/data/1497645/000149764526000066/inn-20260805.htm,False,
INN,2026-08-05 00:00:00,https://www.sec.gov/Archives/edgar/data/1497645/000149764526000066/0001497645-26-000066-index.htm,EX-99.1,EX-99.1,https://www.sec.gov/Archives/edgar/data/1497645/000149764526000066/exhibit99106302026.htm,True,
MUR,2026-08-05 00:00:00,https://www.sec.gov/Archives/edgar/data/717423/000162828026053431/0001628280-26-053431-index.htm,8-K,8-K,https://www.sec.gov/Archives/edgar/data/717423/000162828026053431/mur-20260805.htm,False,
MUR,2026-08-05 00:00:00,https://www.sec.gov/Archives/edgar/data/717423/000162828026053431/0001628280-26-053431-index.htm,EX-99.1,EX-99.1,https://www.sec.gov/Archives/edgar/data/717423/000162828026053431/mur-2026q2xex991.htm,True,
CRM,2026-08-05 00:00:00,https://www.sec.gov/Archives/edgar/data/1108524/000110852426000160/0001108524-26-000160-index.htm,8-K,8-K,https://www.sec.gov/Archives/edgar/data/1108524/000110852426000160/crm-20260805.htm,False,
STKS,2026-08-05 00:00:00,https://www.sec.gov/Archives/edgar/data/1399520/000110465926091169/0001104659-26-091169-index.htm,8-K,8-K,https://www.sec.gov/Archives/edgar/data/1399520/000110465926091169/stks-20260805x8k.htm,False,
STKS,2026-08-05 00:00:00,https://www.sec.gov/Archives/edgar/data/1399520/000110465926091169/0001104659-26-091169-index.htm,EX-99.1,EX-99.1,https://www.sec.gov/Archives/edgar/data/1399520/000110465926091169/stks-20260805xex99d1.htm,True,
LB,2026-08-05 00:00:00,https://www.sec.gov/Archives/edgar/data/1995807/000119312526335296/0001193125-26-335296-index.htm,8-K,8-K,https://www.sec.gov/Archives/edgar/data/1995807/000119312526335296/lb-20260805.htm,False,
LB,2026-08-05 00:00:00,https://www.sec.gov/Archives/edgar/data/1995807/000119312526335296/0001193125-26-335296-index.htm,EX-99.1,EX-99.1,https://www.sec.gov/Archives/edgar/data/1995807/000119312526335296/lb-ex99_1.htm,True,
DEC,2026-08-05 00:00:00,https://www.sec.gov/Archives/edgar/data/1922446/000192244626000070/0001922446-26-000070-index.htm,8-K,8-K,https://www.sec.gov/Archives/edgar/data/1922446/000192244626000070/dec-20260805.htm,False,
DEC,2026-08-05 00:00:00,https://www.sec.gov/Archives/edgar/data/1922446/000192244626000070/0001922446-26-000070-index.htm,EX-99.1,EX-99.1,https://www.sec.gov/Archives/edgar/data/1922446/000192244626000070/a2q26earningspr.htm,False,
MNTK,2026-08-05 00:00:00,https://www.sec.gov/Archives/edgar/data/1826600/000119312526335293/0001193125-26-335293-index.htm,8-K,8-K,https://www.sec.gov/Archives/edgar/data/1826600/000119312526335293/mntk-20260805.htm,False,
MNTK,2026-08-05 00:00:00,https://www.sec.gov/Archives/edgar/data/1826600/000119312526335293/0001193125-26-335293-index.htm,EX-99.1,EX-99.1,https://www.sec.gov/Archives/edgar/data/1826600/000119312526335293/mntk-ex99_1.htm,False,
WTS,2026-08-05 00:00:00,https://www.sec.gov/Archives/edgar/data/795403/000110465926091165/0001104659-26-091165-index.htm,8-K,8-K,https://www.sec.gov/Archives/edgar/data/795403/000110465926091165/wts-20260805x8k.htm,False,
WTS,2026-08-05 00:00:00,https://www.sec.gov/Archives/edgar/data/795403/000110465926091165/0001104659-26-091165-index.htm,EX-99.1,EX-99.1,https://www.sec.gov/Archives/edgar/data/795403/000110465926091165/wts-20260805xex99d1.htm,False,
CRTO,2026-08-05 00:00:00,https://www.sec.gov/Archives/edgar/data/1576427/000162828026053414/0001628280-26-053414-index.htm,8-K,8-K,https://www.sec.gov/Archives/edgar/data/1576427/000162828026053414/crto-20260805.htm,True,
HY,2026-08-05 00:00:00,https://www.sec.gov/Archives/edgar/data/1173514/000117351426000209/0001173514-26-000209-index.htm,8-K,8-K,https://www.sec.gov/Archives/edgar/data/1173514/000117351426000209/hy-20260805.htm,False,
MUSA,2026-08-05 00:00:00,https://www.sec.gov/Archives/edgar/data/1573516/000157351626000164/0001573516-26-000164-index.htm,8-K,8-K,https://www.sec.gov/Archives/edgar/data/1573516/000157351626000164/musa-20260805.htm,False,
MUSA,2026-08-05 00:00:00,https://www.sec.gov/Archives/edgar/data/1573516/000157351626000164/0001573516-26-000164-index.htm,EX-99.1,EX-99.1,https://www.sec.gov/Archives/edgar/data/1573516/000157351626000164/exh991_06302026er.htm,True,
APA,2026-08-05 00:00:00,https://www.sec.gov/Archives/edgar/data/1841666/000184166626000050/0001841666-26-000050-index.htm,8-K,8-K,https://www.sec.gov/Archives/edgar/data/1841666/000184166626000050/apa8k-20260805.htm,False,
APA,2026-08-05 00:00:00,https://www.sec.gov/Archives/edgar/data/1841666/000184166626000050/0001841666-26-000050-index.htm,EX-99.1,EX-99.1,https://www.sec.gov/Archives/edgar/data/1841666/000184166626000050/exhibit9912q26earningsrele.htm,True,
CSV,2026-08-05 00:00:00,https://www.sec.gov/Archives/edgar/data/1016281/000101628126000051/0001016281-26-000051-index.htm,8-K,8-K,https://www.sec.gov/Archives/edgar/data/1016281/000101628126000051/csv-20260805.htm,False,
CSV,2026-08-05 00:00:00,https://www.sec.gov/Archives/edgar/data/1016281/000101628126000051/0001016281-26-000051-index.htm,EX-99.1,EX-99.1,https://www.sec.gov/Archives/edgar/data/1016281/000101628126000051/pressrelease-q22026.htm,False,
OEC,2026-08-05 00:00:00,https://www.sec.gov/Archives/edgar/data/1609804/000162828026053413/0001628280-26-053413-index.htm,8-K,8-K,https://www.sec.gov/Archives/edgar/data/1609804/000162828026053413/oec-20260805.htm,False,
OEC,2026-08-05 00:00:00,https://www.sec.gov/Archives/edgar/data/1609804/000162828026053413/0001628280-26-053413-index.htm,EX-99.1,EX-99.1,https://www.sec.gov/Archives/edgar/data/1609804/000162828026053413/a2026q2earningsrelease.htm,True,
STE,2026-08-05 00:00:00,https://www.sec.gov/Archives/edgar/data/1757898/000162828026053412/0001628280-26-053412-index.htm,8-K,8-K,https://www.sec.gov/Archives/edgar/data/1757898/000162828026053412/ste-20260805.htm,False,
STE,2026-08-05 00:00:00,https://www.sec.gov/Archives/edgar/data/1757898/000162828026053412/0001628280-26-053412-index.htm,EX-99.1,EX-99.1,https://www.sec.gov/Archives/edgar/data/1757898/000162828026053412/ste6302026ex991.htm,False,
REPX,2026-08-05 00:00:00,https://www.sec.gov/Archives/edgar/data/1001614/000100161426000049/0001001614-26-000049-index.htm,8-K,8-K,https://www.sec.gov/Archives/edgar/data/1001614/000100161426000049/repx-20260805.htm,False,
REPX,2026-08-05 00:00:00,https://www.sec.gov/Archives/edgar/data/1001614/000100161426000049/0001001614-26-000049-index.htm,EX-99.1,EX-99.1,https://www.sec.gov/Archives/edgar/data/1001614/000100161426000049/q22026earningsrelease.htm,False,
None,2026-08-05 00:00:00,https://www.sec.gov/Archives/edgar/data/1662972/000166297226000103/0001662972-26-000103-index.htm,8-K,8-K,https://www.sec.gov/Archives/edgar/data/1662972/000166297226000103/breit-20260801.htm,False,
CGNX,2026-08-05 00:00:00,https://www.sec.gov/Archives/edgar/data/851205/000085120526000061/0000851205-26-000061-index.htm,8-K,8-K,https://www.sec.gov/Archives/edgar/data/851205/000085120526000061/cgnx-20260805.htm,False,
CGNX,2026-08-05 00:00:00,https://www.sec.gov/Archives/edgar/data/851205/000085120526000061/0000851205-26-000061-index.htm,EX-99.1,EX-99.1,https://www.sec.gov/Archives/edgar/data/851205/000085120526000061/a07052026-xex991xq22026ear.htm,False,
EE,2026-08-05 00:00:00,https://www.sec.gov/Archives/edgar/data/1888447/000119312526335279/0001193125-26-335279-index.htm,8-K,8-K,https://www.sec.gov/Archives/edgar/data/1888447/000119312526335279/ee-20260805.htm,False,
EE,2026-08-05 00:00:00,https://www.sec.gov/Archives/edgar/data/1888447/000119312526335279/0001193125-26-335279-index.htm,EX-99.1,EX-99.1,https://www.sec.gov/Archives/edgar/data/1888447/000119312526335279/ee-ex99_1.htm,True,
TWFG,2026-08-05 00:00:00,https://www.sec.gov/Archives/edgar/data/2007596/000200759626000011/0002007596-26-000011-index.htm,8-K,8-K,https://www.sec.gov/Archives/edgar/data/2007596/000200759626000011/twfg-20260805.htm,False,
TWFG,2026-08-05 00:00:00,https://www.sec.gov/Archives/edgar/data/2007596/000200759626000011/0002007596-26-000011-index.htm,EX-99.1,EX-99.1,https://www.sec.gov/Archives/edgar/data/2007596/000200759626000011/a991pressreleasedatedaugus.htm,True,
SATL,2026-08-05 00:00:00,https://www.sec.gov/Archives/edgar/data/1874315/000143774926025939/0001437749-26-025939-index.htm,8-K,FORM 8-K,https://www.sec.gov/Archives/edgar/data/1874315/000143774926025939/satl20260805_8k.htm,False,
SATL,2026-08-05 00:00:00,https://www.sec.gov/Archives/edgar/data/1874315/000143774926025939/0001437749-26-025939-index.htm,EX-99.1,EXHIBIT 99.1,https://www.sec.gov/Archives/edgar/data/1874315/000143774926025939/ex_999295.htm,False,
SATLW,2026-08-05 00:00:00,https://www.sec.gov/Archives/edgar/data/1874315/000143774926025939/0001437749-26-025939-index.htm,8-K,FORM 8-K,https://www.sec.gov/Archives/edgar/data/1874315/000143774926025939/satl20260805_8k.htm,False,
SATLW,2026-08-05 00:00:00,https://www.sec.gov/Archives/edgar/data/1874315/000143774926025939/0001437749-26-025939-index.htm,EX-99.1,EXHIBIT 99.1,https://www.sec.gov/Archives/edgar/data/1874315/000143774926025939/ex_999295.htm,False,
WHLR,2026-08-05 00:00:00,https://www.sec.gov/Archives/edgar/data/1527541/000152754126000240/0001527541-26-000240-index.htm,8-K,8-K,https://www.sec.gov/Archives/edgar/data/1527541/000152754126000240/whlr-20260730.htm,False,
WHLRW,2026-08-05 00:00:00,https://www.sec.gov/Archives/edgar/data/1527541/000152754126000240/0001527541-26-000240-index.htm,8-K,8-K,https://www.sec.gov/Archives/edgar/data/1527541/000152754126000240/whlr-20260730.htm,False,
WHLRD,2026-08-05 00:00:00,https://www.sec.gov/Archives/edgar/data/1527541/000152754126000240/0001527541-26-000240-index.htm,8-K,8-K,https://www.sec.gov/Archives/edgar/data/1527541/000152754126000240/whlr-20260730.htm,False,
WHLRL,2026-08-05 00:00:00,https://www.sec.gov/Archives/edgar/data/1527541/000152754126000240/0001527541-26-000240-index.htm,8-K,8-K,https://www.sec.gov/Archives/edgar/data/1527541/000152754126000240/whlr-20260730.htm,False,
WHLRP,2026-08-05 00:00:00,https://www.sec.gov/Archives/edgar/data/1527541/000152754126000240/0001527541-26-000240-index.htm,8-K,8-K,https://www.sec.gov/Archives/edgar/data/1527541/000152754126000240/whlr-20260730.htm,False,
GNPX,2026-08-05 00:00:00,https://www.sec.gov/Archives/edgar/data/1595248/000143774926025938/0001437749-26-025938-index.htm,8-K,FORM 8-K,https://www.sec.gov/Archives/edgar/data/1595248/000143774926025938/gnpx20260805_8k.htm,False,
MET,2026-08-05 00:00:00,https://www.sec.gov/Archives/edgar/data/1099219/000109921926000048/0001099219-26-000048-index.htm,8-K,8-K,https://www.sec.gov/Archives/edgar/data/1099219/000109921926000048/met-20260805.htm,False,
MET,2026-08-05 00:00:00,https://www.sec.gov/Archives/edgar/data/1099219/000109921926000048/0001099219-26-000048-index.htm,EX-99.1,EX-99.1,https://www.sec.gov/Archives/edgar/data/1099219/000109921926000048/ex991earningsreleasetables.htm,False,
MET-PA,2026-08-05 00:00:00,https://www.sec.gov/Archives/edgar/data/1099219/000109921926000048/0001099219-26-000048-index.htm,8-K,8-K,https://www.sec.gov/Archives/edgar/data/1099219/000109921926000048/met-20260805.htm,False,
MET-PA,2026-08-05 00:00:00,https://www.sec.gov/Archives/edgar/data/1099219/000109921926000048/0001099219-26-000048-index.htm,EX-99.1,EX-99.1,https://www.sec.gov/Archives/edgar/data/1099219/000109921926000048/ex991earningsreleasetables.htm,False,
MET-PE,2026-08-05 00:00:00,https://www.sec.gov/Archives/edgar/data/1099219/000109921926000048/0001099219-26-000048-index.htm,8-K,8-K,https://www.sec.gov/Archives/edgar/data/1099219/000109921926000048/met-20260805.htm,False,
MET-PE,2026-08-05 00:00:00,https://www.sec.gov/Archives/edgar/data/1099219/000109921926000048/0001099219-26-000048-index.htm,EX-99.1,EX-99.1,https://www.sec.gov/Archives/edgar/data/1099219/000109921926000048/ex991earningsreleasetables.htm,False,
MET-PF,2026-08-05 00:00:00,https://www.sec.gov/Archives/edgar/data/1099219/000109921926000048/0001099219-26-000048-index.htm,8-K,8-K,https://www.sec.gov/Archives/edgar/data/1099219/000109921926000048/met-20260805.htm,False,
MET-PF,2026-08-05 00:00:00,https://www.sec.gov/Archives/edgar/data/1099219/000109921926000048/0001099219-26-000048-index.htm,EX-99.1,EX-99.1,https://www.sec.gov/Archives/edgar/data/1099219/000109921926000048/ex991earningsreleasetables.htm,False,
MKSI,2026-08-05 00:00:00,https://www.sec.gov/Archives/edgar/data/1049502/000119312526335274/0001193125-26-335274-index.htm,8-K,8-K,https://www.sec.gov/Archives/edgar/data/1049502/000119312526335274/mksi-20260805.htm,False,
MKSI,2026-08-05 00:00:00,https://www.sec.gov/Archives/edgar/data/1049502/000119312526335274/0001193125-26-335274-index.htm,EX-99.1,EX-99.1,https://www.sec.gov/Archives/edgar/data/1049502/000119312526335274/mksi-ex99_1.htm,True,
DUKB,2026-08-05 00:00:00,https://www.sec.gov/Archives/edgar/data/1326160/000110465926091159/0001104659-26-091159-index.htm,8-K,FORM 8-K,https://www.sec.gov/Archives/edgar/data/17797/000110465926091159/tm2622337d1_8k.htm,False,
DUKB,2026-08-05 00:00:00,https://www.sec.gov/Archives/edgar/data/1326160/000110465926091159/0001104659-26-091159-index.htm,EX-99.1,EXHIBIT 99.1,https://www.sec.gov/Archives/edgar/data/17797/000110465926091159/tm2622337d1_ex99-1.htm,False,
DUK-PA,2026-08-05 00:00:00,https://www.sec.gov/Archives/edgar/data/1326160/000110465926091159/0001104659-26-091159-index.htm,8-K,FORM 8-K,https://www.sec.gov/Archives/edgar/data/17797/000110465926091159/tm2622337d1_8k.htm,False,
DUK-PA,2026-08-05 00:00:00,https://www.sec.gov/Archives/edgar/data/1326160/000110465926091159/0001104659-26-091159-index.htm,EX-99.1,EXHIBIT 99.1,https://www.sec.gov/Archives/edgar/data/17797/000110465926091159/tm2622337d1_ex99-1.htm,False,
None,2026-08-05 00:00:00,https://www.sec.gov/Archives/edgar/data/17797/000110465926091159/0001104659-26-091159-index.htm,8-K,FORM 8-K,https://www.sec.gov/Archives/edgar/data/17797/000110465926091159/tm2622337d1_8k.htm,False,
None,2026-08-05 00:00:00,https://www.sec.gov/Archives/edgar/data/17797/000110465926091159/0001104659-26-091159-index.htm,EX-99.1,EXHIBIT 99.1,https://www.sec.gov/Archives/edgar/data/17797/000110465926091159/tm2622337d1_ex99-1.htm,False,
DUK,2026-08-05 00:00:00,https://www.sec.gov/Archives/edgar/data/1326160/000110465926091159/0001104659-26-091159-index.htm,8-K,FORM 8-K,https://www.sec.gov/Archives/edgar/data/17797/000110465926091159/tm2622337d1_8k.htm,False,
DUK,2026-08-05 00:00:00,https://www.sec.gov/Archives/edgar/data/1326160/000110465926091159/0001104659-26-091159-index.htm,EX-99.1,EXHIBIT 99.1,https://www.sec.gov/Archives/edgar/data/17797/000110465926091159/tm2622337d1_ex99-1.htm,False,
DUKH,2026-08-05 00:00:00,https://www.sec.gov/Archives/edgar/data/1326160/000110465926091159/0001104659-26-091159-index.htm,8-K,FORM 8-K,https://www.sec.gov/Archives/edgar/data/17797/000110465926091159/tm2622337d1_8k.htm,False,
DUKH,2026-08-05 00:00:00,https://www.sec.gov/Archives/edgar/data/1326160/000110465926091159/0001104659-26-091159-index.htm,EX-99.1,EXHIBIT 99.1,https://www.sec.gov/Archives/edgar/data/17797/000110465926091159/tm2622337d1_ex99-1.htm,False,
SLMBP,2026-08-05 00:00:00,https://www.sec.gov/Archives/edgar/data/1032033/000103203326000046/0001032033-26-000046-index.htm,8-K,8-K,https://www.sec.gov/Archives/edgar/data/1032033/000103203326000046/slm-20260805.htm,False,
SLMBP,2026-08-05 00:00:00,https://www.sec.gov/Archives/edgar/data/1032033/000103203326000046/0001032033-26-000046-index.htm,EX-99.1,EX-99.1,https://www.sec.gov/Archives/edgar/data/1032033/000103203326000046/slm080526991.htm,False,
SLM,2026-08-05 00:00:00,https://www.sec.gov/Archives/edgar/data/1032033/000103203326000046/0001032033-26-000046-index.htm,8-K,8-K,https://www.sec.gov/Archives/edgar/data/1032033/000103203326000046/slm-20260805.htm,False,
SLM,2026-08-05 00:00:00,https://www.sec.gov/Archives/edgar/data/1032033/000103203326000046/0001032033-26-000046-index.htm,EX-99.1,EX-99.1,https://www.sec.gov/Archives/edgar/data/1032033/000103203326000046/slm080526991.htm,False,
CAPC,2026-08-05 00:00:00,https://www.sec.gov/Archives/edgar/data/814926/000149315226036185/0001493152-26-036185-index.htm,8-K,8-K,https://www.sec.gov/Archives/edgar/data/814926/000149315226036185/form8-k.htm,True,
None,2026-08-05 00:00:00,https://www.sec.gov/Archives/edgar/data/2070542/000121390026085711/0001213900-26-085711-index.htm,8-K,CURRENT REPORT,https://www.sec.gov/Archives/edgar/data/2070542/000121390026085711/ea0300567-8k_aibdata.htm,False,
None,2026-08-05 00:00:00,https://www.sec.gov/Archives/edgar/data/2070542/000121390026085711/0001213900-26-085711-index.htm,EX-10.1,"EMPLOYMENT AGREEMENT, DATED AS OF JULY 1, 2026, BETWEEN AIB DATA CENTERS INC. AN",https://www.sec.gov/Archives/edgar/data/2070542/000121390026085711/ea030056701ex10-1.htm,False,
None,2026-08-05 00:00:00,https://www.sec.gov/Archives/edgar/data/81100/000119312526335273/0001193125-26-335273-index.htm,8-K,8-K,https://www.sec.gov/Archives/edgar/data/81100/000119312526335273/d158889d8k.htm,False,
None,2026-08-05 00:00:00,https://www.sec.gov/Archives/edgar/data/1085392/000119312526335273/0001193125-26-335273-index.htm,8-K,8-K,https://www.sec.gov/Archives/edgar/data/81100/000119312526335273/d158889d8k.htm,False,
SMXT,2026-08-05 00:00:00,https://www.sec.gov/Archives/edgar/data/1519472/000164033426001279/0001640334-26-001279-index.htm,8-K,FORM 8-K,https://www.sec.gov/Archives/edgar/data/1519472/000164033426001279/solarmax_8k.htm,False,
SMXT,2026-08-05 00:00:00,https://www.sec.gov/Archives/edgar/data/1519472/000164033426001279/0001640334-26-001279-index.htm,EX-99.1,CERTIFICATE OF CHANGE,https://www.sec.gov/Archives/edgar/data/1519472/000164033426001279/solarmax_ex991.htm,False,
ZOM,2026-08-05 00:00:00,https://www.sec.gov/Archives/edgar/data/1684144/000165495426007306/0001654954-26-007306-index.htm,8-K,FORM 8-K,https://www.sec.gov/Archives/edgar/data/1684144/000165495426007306/zom_8k.htm,False,
ZOM,2026-08-05 00:00:00,https://www.sec.gov/Archives/edgar/data/1684144/000165495426007306/0001654954-26-007306-index.htm,EX-99.1,PRESS RELEASE,https://www.sec.gov/Archives/edgar/data/1684144/000165495426007306/zom_ex991.htm,False,
LTBR,2026-08-05 00:00:00,https://www.sec.gov/Archives/edgar/data/1084554/000147793226004726/0001477932-26-004726-index.htm,8-K,FORM 8-K,https://www.sec.gov/Archives/edgar/data/1084554/000147793226004726/ltbr_8k.htm,False,
LTBR,2026-08-05 00:00:00,https://www.sec.gov/Archives/edgar/data/1084554/000147793226004726/0001477932-26-004726-index.htm,EX-99.1,PRESS RELEASE,https://www.sec.gov/Archives/edgar/data/1084554/000147793226004726/ltbr_ex991.htm,False,
AULT,2026-08-05 00:00:00,https://www.sec.gov/Archives/edgar/data/896493/000121465926009663/0001214659-26-009663-index.htm,8-K,,https://www.sec.gov/Archives/edgar/data/896493/000121465926009663/x842618k.htm,False,
GPUS-PD,2026-08-05 00:00:00,https://www.sec.gov/Archives/edgar/data/896493/000121465926009663/0001214659-26-009663-index.htm,8-K,,https://www.sec.gov/Archives/edgar/data/896493/000121465926009663/x842618k.htm,False,
NILE-PD,2026-08-05 00:00:00,https://www.sec.gov/Archives/edgar/data/896493/000121465926009663/0001214659-26-009663-index.htm,8-K,,https://www.sec.gov/Archives/edgar/data/896493/000121465926009663/x842618k.htm,False,
NILE,2026-08-05 00:00:00,https://www.sec.gov/Archives/edgar/data/896493/000121465926009663/0001214659-26-009663-index.htm,8-K,,https://www.sec.gov/Archives/edgar/data/896493/000121465926009663/x842618k.htm,False,
GPUS,2026-08-05 00:00:00,https://www.sec.gov/Archives/edgar/data/896493/000121465926009663/0001214659-26-009663-index.htm,8-K,,https://www.sec.gov/Archives/edgar/data/896493/000121465926009663/x842618k.htm,False,
DPW,2026-08-05 00:00:00,https://www.sec.gov/Archives/edgar/data/896493/000121465926009663/0001214659-26-009663-index.htm,8-K,,https://www.sec.gov/Archives/edgar/data/896493/000121465926009663/x842618k.htm,False,
TLSS,2026-08-05 00:00:00,https://www.sec.gov/Archives/edgar/data/1463208/000149315226036183/0001493152-26-036183-index.htm,8-K,8-K,https://www.sec.gov/Archives/edgar/data/1463208/000149315226036183/form8-k.htm,False,
None,2026-08-05 00:00:00,https://www.sec.gov/Archives/edgar/data/2089126/000119312526335268/0001193125-26-335268-index.htm,8-K,8-K,https://www.sec.gov/Archives/edgar/data/2089126/000119312526335268/ck0002089126-20260805.htm,False,
SGU,2026-08-05 00:00:00,https://www.sec.gov/Archives/edgar/data/1002590/000117184326005249/0001171843-26-005249-index.htm,8-K,FORM 8-K,https://www.sec.gov/Archives/edgar/data/1002590/000117184326005249/f8k_080526.htm,False,
SGU,2026-08-05 00:00:00,https://www.sec.gov/Archives/edgar/data/1002590/000117184326005249/0001171843-26-005249-index.htm,EX-99.1,EXHIBIT 99.1,https://www.sec.gov/Archives/edgar/data/1002590/000117184326005249/exh_991.htm,False,
EQBK,2026-08-05 00:00:00,https://www.sec.gov/Archives/edgar/data/1227500/000119312526335263/0001193125-26-335263-index.htm,8-K,8-K,https://www.sec.gov/Archives/edgar/data/1227500/000119312526335263/eqbk-20260805.htm,False,
PRI,2026-08-05 00:00:00,https://www.sec.gov/Archives/edgar/data/1475922/000119312526335260/0001193125-26-335260-index.htm,8-K,8-K,https://www.sec.gov/Archives/edgar/data/1475922/000119312526335260/pri-20260805.htm,False,
PRI,2026-08-05 00:00:00,https://www.sec.gov/Archives/edgar/data/1475922/000119312526335260/0001193125-26-335260-index.htm,EX-99.1,EX-99.1,https://www.sec.gov/Archives/edgar/data/1475922/000119312526335260/pri-ex99_1.htm,False,
BKH,2026-08-05 00:00:00,https://www.sec.gov/Archives/edgar/data/1130464/000119312526335259/0001193125-26-335259-index.htm,8-K,8-K,https://www.sec.gov/Archives/edgar/data/1130464/000119312526335259/bkh-20260805.htm,False,
None,2026-08-05 00:00:00,https://www.sec.gov/Archives/edgar/data/1944366/000194436626000061/0001944366-26-000061-index.htm,8-K,8-K,https://www.sec.gov/Archives/edgar/data/1944366/000194436626000061/osnl-20260727.htm,False,
GNPK-UN,2026-08-05 00:00:00,https://www.sec.gov/Archives/edgar/data/1819810/000181981026000121/0001819810-26-000121-index.htm,8-K,8-K,https://www.sec.gov/Archives/edgar/data/1819810/000181981026000121/rdw-20260805.htm,False,
GNPK-UN,2026-08-05 00:00:00,https://www.sec.gov/Archives/edgar/data/1819810/000181981026000121/0001819810-26-000121-index.htm,EX-99.1,EX-99.1,https://www.sec.gov/Archives/edgar/data/1819810/000181981026000121/exhibit991redwire06302026e.htm,True,
RDW-WT,2026-08-05 00:00:00,https://www.sec.gov/Archives/edgar/data/1819810/000181981026000121/0001819810-26-000121-index.htm,8-K,8-K,https://www.sec.gov/Archives/edgar/data/1819810/000181981026000121/rdw-20260805.htm,False,
RDW-WT,2026-08-05 00:00:00,https://www.sec.gov/Archives/edgar/data/1819810/000181981026000121/0001819810-26-000121-index.htm,EX-99.1,EX-99.1,https://www.sec.gov/Archives/edgar/data/1819810/000181981026000121/exhibit991redwire06302026e.htm,True,
RDW,2026-08-05 00:00:00,https://www.sec.gov/Archives/edgar/data/1819810/000181981026000121/0001819810-26-000121-index.htm,8-K,8-K,https://www.sec.gov/Archives/edgar/data/1819810/000181981026000121/rdw-20260805.htm,False,
RDW,2026-08-05 00:00:00,https://www.sec.gov/Archives/edgar/data/1819810/000181981026000121/0001819810-26-000121-index.htm,EX-99.1,EX-99.1,https://www.sec.gov/Archives/edgar/data/1819810/000181981026000121/exhibit991redwire06302026e.htm,True,
NWAX-UN,2026-08-05 00:00:00,https://www.sec.gov/Archives/edgar/data/2074878/000149315226036181/0001493152-26-036181-index.htm,8-K,8-K,https://www.sec.gov/Archives/edgar/data/2074878/000149315226036181/form8-k.htm,False,
NWAX-UN,2026-08-05 00:00:00,https://www.sec.gov/Archives/edgar/data/2074878/000149315226036181/0001493152-26-036181-index.htm,EX-99.1,EX-99.1,https://www.sec.gov/Archives/edgar/data/2074878/000149315226036181/ex99-1.htm,False,
NWAX-WT,2026-08-05 00:00:00,https://www.sec.gov/Archives/edgar/data/2074878/000149315226036181/0001493152-26-036181-index.htm,8-K,8-K,https://www.sec.gov/Archives/edgar/data/2074878/000149315226036181/form8-k.htm,False,
NWAX-WT,2026-08-05 00:00:00,https://www.sec.gov/Archives/edgar/data/2074878/000149315226036181/0001493152-26-036181-index.htm,EX-99.1,EX-99.1,https://www.sec.gov/Archives/edgar/data/2074878/000149315226036181/ex99-1.htm,False,
NWAX,2026-08-05 00:00:00,https://www.sec.gov/Archives/edgar/data/2074878/000149315226036181/0001493152-26-036181-index.htm,8-K,8-K,https://www.sec.gov/Archives/edgar/data/2074878/000149315226036181/form8-k.htm,False,
NWAX,2026-08-05 00:00:00,https://www.sec.gov/Archives/edgar/data/2074878/000149315226036181/0001493152-26-036181-index.htm,EX-99.1,EX-99.1,https://www.sec.gov/Archives/edgar/data/2074878/000149315226036181/ex99-1.htm,False,
MAC,2026-08-05 00:00:00,https://www.sec.gov/Archives/edgar/data/912242/000119312526335240/0001193125-26-335240-index.htm,8-K,8-K,https://www.sec.gov/Archives/edgar/data/912242/000119312526335240/d169476d8k.htm,False,
MSIF,2026-08-05 00:00:00,https://www.sec.gov/Archives/edgar/data/1535778/000153577826000077/0001535778-26-000077-index.htm,8-K,8-K,https://www.sec.gov/Archives/edgar/data/1535778/000153577826000077/msif-20260805.htm,False,
AWR,2026-08-05 00:00:00,https://www.sec.gov/Archives/edgar/data/1056903/000162828026053403/0001628280-26-053403-index.htm,8-K,8-K,https://www.sec.gov/Archives/edgar/data/1056903/000162828026053403/awr-20260805.htm,False,
AWR,2026-08-05 00:00:00,https://www.sec.gov/Archives/edgar/data/1056903/000162828026053403/0001628280-26-053403-index.htm,EX-99.1,EX-99.1,https://www.sec.gov/Archives/edgar/data/1056903/000162828026053403/exhibit991pressrelease2026.htm,False,
HMN,2026-08-05 00:00:00,https://www.sec.gov/Archives/edgar/data/850141/000085014126000030/0000850141-26-000030-index.htm,8-K,8-K,https://www.sec.gov/Archives/edgar/data/850141/000085014126000030/hmn-20260805.htm,False,
HMN,2026-08-05 00:00:00,https://www.sec.gov/Archives/edgar/data/850141/000085014126000030/0000850141-26-000030-index.htm,EX-99.1,EX-99.1,https://www.sec.gov/Archives/edgar/data/850141/000085014126000030/q22026ex991-glossaryofterms.htm,False,
SOUN,2026-08-05 00:00:00,https://www.sec.gov/Archives/edgar/data/1840856/000184085626000019/0001840856-26-000019-index.htm,8-K,8-K,https://www.sec.gov/Archives/edgar/data/1840856/000184085626000019/soun-20260805.htm,False,
SOUN,2026-08-05 00:00:00,https://www.sec.gov/Archives/edgar/data/1840856/000184085626000019/0001840856-26-000019-index.htm,EX-99.1,EX-99.1,https://www.sec.gov/Archives/edgar/data/1840856/000184085626000019/soun-20260806ex991earnings.htm,False,
SOUNW,2026-08-05 00:00:00,https://www.sec.gov/Archives/edgar/data/1840856/000184085626000019/0001840856-26-000019-index.htm,8-K,8-K,https://www.sec.gov/Archives/edgar/data/1840856/000184085626000019/soun-20260805.htm,False,
SOUNW,2026-08-05 00:00:00,https://www.sec.gov/Archives/edgar/data/1840856/000184085626000019/0001840856-26-000019-index.htm,EX-99.1,EX-99.1,https://www.sec.gov/Archives/edgar/data/1840856/000184085626000019/soun-20260806ex991earnings.htm,False,
ATSPW,2026-08-05 00:00:00,https://www.sec.gov/Archives/edgar/data/1840856/000184085626000019/0001840856-26-000019-index.htm,8-K,8-K,https://www.sec.gov/Archives/edgar/data/1840856/000184085626000019/soun-20260805.htm,False,
ATSPW,2026-08-05 00:00:00,https://www.sec.gov/Archives/edgar/data/1840856/000184085626000019/0001840856-26-000019-index.htm,EX-99.1,EX-99.1,https://www.sec.gov/Archives/edgar/data/1840856/000184085626000019/soun-20260806ex991earnings.htm,False,
ATSPT,2026-08-05 00:00:00,https://www.sec.gov/Archives/edgar/data/1840856/000184085626000019/0001840856-26-000019-index.htm,8-K,8-K,https://www.sec.gov/Archives/edgar/data/1840856/000184085626000019/soun-20260805.htm,False,
ATSPT,2026-08-05 00:00:00,https://www.sec.gov/Archives/edgar/data/1840856/000184085626000019/0001840856-26-000019-index.htm,EX-99.1,EX-99.1,https://www.sec.gov/Archives/edgar/data/1840856/000184085626000019/soun-20260806ex991earnings.htm,False,
ATSPU,2026-08-05 00:00:00,https://www.sec.gov/Archives/edgar/data/1840856/000184085626000019/0001840856-26-000019-index.htm,8-K,8-K,https://www.sec.gov/Archives/edgar/data/1840856/000184085626000019/soun-20260805.htm,False,
ATSPU,2026-08-05 00:00:00,https://www.sec.gov/Archives/edgar/data/1840856/000184085626000019/0001840856-26-000019-index.htm,EX-99.1,EX-99.1,https://www.sec.gov/Archives/edgar/data/1840856/000184085626000019/soun-20260806ex991earnings.htm,False,
CDRE,2026-08-05 00:00:00,https://www.sec.gov/Archives/edgar/data/1860543/000110465926091143/0001104659-26-091143-index.htm,8-K,8-K,https://www.sec.gov/Archives/edgar/data/1860543/000110465926091143/cdre-20260805x8k.htm,False,
CDRE,2026-08-05 00:00:00,https://www.sec.gov/Archives/edgar/data/1860543/000110465926091143/0001104659-26-091143-index.htm,EX-99.1,EX-99.1,https://www.sec.gov/Archives/edgar/data/1860543/000110465926091143/cdre-20260805xex99d1.htm,True,
None,2026-08-05 00:00:00,https://www.sec.gov/Archives/edgar/data/2070849/000207084926000048/0002070849-26-000048-index.htm,8-K,8-K,https://www.sec.gov/Archives/edgar/data/2070849/000207084926000048/blln-20260805.htm,False,
None,2026-08-05 00:00:00,https://www.sec.gov/Archives/edgar/data/2070849/000207084926000048/0002070849-26-000048-index.htm,EX-99.1,EX-99.1,https://www.sec.gov/Archives/edgar/data/2070849/000207084926000048/a991blln-earningspressrele.htm,True,
WES,2026-08-05 00:00:00,https://www.sec.gov/Archives/edgar/data/1423902/000142390226000092/0001423902-26-000092-index.htm,8-K,8-K,https://www.sec.gov/Archives/edgar/data/1423902/000142390226000092/wes-20260805.htm,False,
WES,2026-08-05 00:00:00,https://www.sec.gov/Archives/edgar/data/1423902/000142390226000092/0001423902-26-000092-index.htm,EX-99.1,EX-99.1,https://www.sec.gov/Archives/edgar/data/1423902/000142390226000092/wes2026q2xex991xearningsre.htm,True,
None,2026-08-05 00:00:00,https://www.sec.gov/Archives/edgar/data/1939433/000193943326000132/0001939433-26-000132-index.htm,8-K,8-K,https://www.sec.gov/Archives/edgar/data/1939433/000193943326000132/cnsreit-20260803.htm,False,
HLF,2026-08-05 00:00:00,https://www.sec.gov/Archives/edgar/data/1180262/000121390026085702/0001213900-26-085702-index.htm,8-K,CURRENT REPORT,https://www.sec.gov/Archives/edgar/data/1180262/000121390026085702/ea0300593-8k_herbalife.htm,False,
HLF,2026-08-05 00:00:00,https://www.sec.gov/Archives/edgar/data/1180262/000121390026085702/0001213900-26-085702-index.htm,EX-99.1,"PRESS RELEASE ISSUED BY HERBALIFE LTD. ON AUGUST 5, 2026",https://www.sec.gov/Archives/edgar/data/1180262/000121390026085702/ea030059301ex99-1.htm,True,
OTF,2026-08-05 00:00:00,https://www.sec.gov/Archives/edgar/data/1747777/000174777726000027/0001747777-26-000027-index.htm,8-K,8-K,https://www.sec.gov/Archives/edgar/data/1747777/000174777726000027/ortf-20260805.htm,False,
OTF,2026-08-05 00:00:00,https://www.sec.gov/Archives/edgar/data/1747777/000174777726000027/0001747777-26-000027-index.htm,EX-99.1,EX-99.1,https://www.sec.gov/Archives/edgar/data/1747777/000174777726000027/exhibit991-otfxpressrelease.htm,True,
PACB,2026-08-05 00:00:00,https://www.sec.gov/Archives/edgar/data/1299130/000129913026000117/0001299130-26-000117-index.htm,8-K,8-K,https://www.sec.gov/Archives/edgar/data/1299130/000129913026000117/pacb-20260730.htm,False,
PACB,2026-08-05 00:00:00,https://www.sec.gov/Archives/edgar/data/1299130/000129913026000117/0001299130-26-000117-index.htm,EX-10.1,EX-10.1,https://www.sec.gov/Archives/edgar/data/1299130/000129913026000117/exhibit101-ceopromotionlet.htm,False,
PACB,2026-08-05 00:00:00,https://www.sec.gov/Archives/edgar/data/1299130/000129913026000117/0001299130-26-000117-index.htm,EX-10.2,EX-10.2,https://www.sec.gov/Archives/edgar/data/1299130/000129913026000117/exhibit102-secondamendedan.htm,False,
PACB,2026-08-05 00:00:00,https://www.sec.gov/Archives/edgar/data/1299130/000129913026000117/0001299130-26-000117-index.htm,EX-99.1,EX-99.1,https://www.sec.gov/Archives/edgar/data/1299130/000129913026000117/exhibit991-earningsrelease.htm,False,
ORCC,2026-08-05 00:00:00,https://www.sec.gov/Archives/edgar/data/1655888/000165588826000055/0001655888-26-000055-index.htm,8-K,8-K,https://www.sec.gov/Archives/edgar/data/1655888/000165588826000055/obdc-20260805.htm,False,
ORCC,2026-08-05 00:00:00,https://www.sec.gov/Archives/edgar/data/1655888/000165588826000055/0001655888-26-000055-index.htm,EX-99.1,EX-99.1,https://www.sec.gov/Archives/edgar/data/1655888/000165588826000055/exhibit991-obdcxpressrelea.htm,True,
OBDC,2026-08-05 00:00:00,https://www.sec.gov/Archives/edgar/data/1655888/000165588826000055/0001655888-26-000055-index.htm,8-K,8-K,https://www.sec.gov/Archives/edgar/data/1655888/000165588826000055/obdc-20260805.htm,False,
OBDC,2026-08-05 00:00:00,https://www.sec.gov/Archives/edgar/data/1655888/000165588826000055/0001655888-26-000055-index.htm,EX-99.1,EX-99.1,https://www.sec.gov/Archives/edgar/data/1655888/000165588826000055/exhibit991-obdcxpressrelea.htm,True,
EHC,2026-08-05 00:00:00,https://www.sec.gov/Archives/edgar/data/785161/000078516126000183/0000785161-26-000183-index.htm,8-K,8-K,https://www.sec.gov/Archives/edgar/data/785161/000078516126000183/ehc-20260805.htm,True,
EHC,2026-08-05 00:00:00,https://www.sec.gov/Archives/edgar/data/785161/000078516126000183/0000785161-26-000183-index.htm,EX-99.1,EX-99.1,https://www.sec.gov/Archives/edgar/data/785161/000078516126000183/ehcearningsrelease63026.htm,True,
CCI,2026-08-05 00:00:00,https://www.sec.gov/Archives/edgar/data/1051470/000105147026000076/0001051470-26-000076-index.htm,8-K,8-K,https://www.sec.gov/Archives/edgar/data/1051470/000105147026000076/cci-20260805.htm,False,
CCI,2026-08-05 00:00:00,https://www.sec.gov/Archives/edgar/data/1051470/000105147026000076/0001051470-26-000076-index.htm,EX-99.1,EX-99.1,https://www.sec.gov/Archives/edgar/data/1051470/000105147026000076/exhibit991-pressreleasedat.htm,False,
ACT,2026-08-05 00:00:00,https://www.sec.gov/Archives/edgar/data/1823529/000182352926000186/0001823529-26-000186-index.htm,8-K,8-K,https://www.sec.gov/Archives/edgar/data/1823529/000182352926000186/act-20260805.htm,False,
ACT,2026-08-05 00:00:00,https://www.sec.gov/Archives/edgar/data/1823529/000182352926000186/0001823529-26-000186-index.htm,EX-99.1,EX-99.1,https://www.sec.gov/Archives/edgar/data/1823529/000182352926000186/a2q26earningsrelease.htm,False,
LTC,2026-08-05 00:00:00,https://www.sec.gov/Archives/edgar/data/887905/000110465926091138/0001104659-26-091138-index.htm,8-K,8-K,https://www.sec.gov/Archives/edgar/data/887905/000110465926091138/ltc-20260805x8k.htm,False,
LTC,2026-08-05 00:00:00,https://www.sec.gov/Archives/edgar/data/887905/000110465926091138/0001104659-26-091138-index.htm,EX-99.1,EX-99.1,https://www.sec.gov/Archives/edgar/data/887905/000110465926091138/ltc-20260805xex99d1.htm,True,
CXT,2026-08-05 00:00:00,https://www.sec.gov/Archives/edgar/data/25445/000002544526000032/0000025445-26-000032-index.htm,8-K,8-K,https://www.sec.gov/Archives/edgar/data/25445/000002544526000032/cxt-20260805.htm,False,
CXT,2026-08-05 00:00:00,https://www.sec.gov/Archives/edgar/data/25445/000002544526000032/0000025445-26-000032-index.htm,EX-99.1,EX-99.1,https://www.sec.gov/Archives/edgar/data/25445/000002544526000032/exhibit991-pressreleasexq2.htm,True,
CR,2026-08-05 00:00:00,https://www.sec.gov/Archives/edgar/data/25445/000002544526000032/0000025445-26-000032-index.htm,8-K,8-K,https://www.sec.gov/Archives/edgar/data/25445/000002544526000032/cxt-20260805.htm,False,
CR,2026-08-05 00:00:00,https://www.sec.gov/Archives/edgar/data/25445/000002544526000032/0000025445-26-000032-index.htm,EX-99.1,EX-99.1,https://www.sec.gov/Archives/edgar/data/25445/000002544526000032/exhibit991-pressreleasexq2.htm,True,
RAIL,2026-08-05 00:00:00,https://www.sec.gov/Archives/edgar/data/1320854/000121390026085699/0001213900-26-085699-index.htm,8-K,CURRENT REPORT,https://www.sec.gov/Archives/edgar/data/1320854/000121390026085699/ea0300615-8k_freightcar.htm,True,
RAIL,2026-08-05 00:00:00,https://www.sec.gov/Archives/edgar/data/1320854/000121390026085699/0001213900-26-085699-index.htm,EX-99.1,"PRESS RELEASE, DATED AUGUST 5, 2026",https://www.sec.gov/Archives/edgar/data/1320854/000121390026085699/ea030061501ex99-1.htm,False,
ALB,2026-08-05 00:00:00,https://www.sec.gov/Archives/edgar/data/915913/000091591326000101/0000915913-26-000101-index.htm,8-K,8-K,https://www.sec.gov/Archives/edgar/data/915913/000091591326000101/alb-20260805.htm,False,
ALB,2026-08-05 00:00:00,https://www.sec.gov/Archives/edgar/data/915913/000091591326000101/0000915913-26-000101-index.htm,EX-99.1,EX-99.1,https://www.sec.gov/Archives/edgar/data/915913/000091591326000101/a2q26earningsreleaseex991.htm,True,
NL,2026-08-05 00:00:00,https://www.sec.gov/Archives/edgar/data/72162/000007216226000039/0000072162-26-000039-index.htm,8-K,8-K,https://www.sec.gov/Archives/edgar/data/72162/000007216226000039/nl-20260805x8k.htm,False,
NL,2026-08-05 00:00:00,https://www.sec.gov/Archives/edgar/data/72162/000007216226000039/0000072162-26-000039-index.htm,EX-99.1,EX-99.1,https://www.sec.gov/Archives/edgar/data/72162/000007216226000039/nl-20260805xex99d1.htm,False,
CTKB,2026-08-05 00:00:00,https://www.sec.gov/Archives/edgar/data/1831915/000119312526335212/0001193125-26-335212-index.htm,8-K,8-K,https://www.sec.gov/Archives/edgar/data/1831915/000119312526335212/d118986d8k.htm,False,
CTKB,2026-08-05 00:00:00,https://www.sec.gov/Archives/edgar/data/1831915/000119312526335212/0001193125-26-335212-index.htm,EX-99.1,EX-99.1,https://www.sec.gov/Archives/edgar/data/1831915/000119312526335212/d118986dex991.htm,False,
BHFAO,2026-08-05 00:00:00,https://www.sec.gov/Archives/edgar/data/1685040/000168504026000026/0001685040-26-000026-index.htm,8-K,8-K,https://www.sec.gov/Archives/edgar/data/1685040/000168504026000026/bhf-20260805.htm,False,
BHFAO,2026-08-05 00:00:00,https://www.sec.gov/Archives/edgar/data/1685040/000168504026000026/0001685040-26-000026-index.htm,EX-99.1,EX-99.1,https://www.sec.gov/Archives/edgar/data/1685040/000168504026000026/q22026bhfearningspressrele.htm,False,
BHFAM,2026-08-05 00:00:00,https://www.sec.gov/Archives/edgar/data/1685040/000168504026000026/0001685040-26-000026-index.htm,8-K,8-K,https://www.sec.gov/Archives/edgar/data/1685040/000168504026000026/bhf-20260805.htm,False,
BHFAM,2026-08-05 00:00:00,https://www.sec.gov/Archives/edgar/data/1685040/000168504026000026/0001685040-26-000026-index.htm,EX-99.1,EX-99.1,https://www.sec.gov/Archives/edgar/data/1685040/000168504026000026/q22026bhfearningspressrele.htm,False,
BHFAN,2026-08-05 00:00:00,https://www.sec.gov/Archives/edgar/data/1685040/000168504026000026/0001685040-26-000026-index.htm,8-K,8-K,https://www.sec.gov/Archives/edgar/data/1685040/000168504026000026/bhf-20260805.htm,False,
BHFAN,2026-08-05 00:00:00,https://www.sec.gov/Archives/edgar/data/1685040/000168504026000026/0001685040-26-000026-index.htm,EX-99.1,EX-99.1,https://www.sec.gov/Archives/edgar/data/1685040/000168504026000026/q22026bhfearningspressrele.htm,False,
BHFAP,2026-08-05 00:00:00,https://www.sec.gov/Archives/edgar/data/1685040/000168504026000026/0001685040-26-000026-index.htm,8-K,8-K,https://www.sec.gov/Archives/edgar/data/1685040/000168504026000026/bhf-20260805.htm,False,
BHFAP,2026-08-05 00:00:00,https://www.sec.gov/Archives/edgar/data/1685040/000168504026000026/0001685040-26-000026-index.htm,EX-99.1,EX-99.1,https://www.sec.gov/Archives/edgar/data/1685040/000168504026000026/q22026bhfearningspressrele.htm,False,
BHF,2026-08-05 00:00:00,https://www.sec.gov/Archives/edgar/data/1685040/000168504026000026/0001685040-26-000026-index.htm,8-K,8-K,https://www.sec.gov/Archives/edgar/data/1685040/000168504026000026/bhf-20260805.htm,False,
BHF,2026-08-05 00:00:00,https://www.sec.gov/Archives/edgar/data/1685040/000168504026000026/0001685040-26-000026-index.htm,EX-99.1,EX-99.1,https://www.sec.gov/Archives/edgar/data/1685040/000168504026000026/q22026bhfearningspressrele.htm,False,
BHFAL,2026-08-05 00:00:00,https://www.sec.gov/Archives/edgar/data/1685040/000168504026000026/0001685040-26-000026-index.htm,8-K,8-K,https://www.sec.gov/Archives/edgar/data/1685040/000168504026000026/bhf-20260805.htm,False,
BHFAL,2026-08-05 00:00:00,https://www.sec.gov/Archives/edgar/data/1685040/000168504026000026/0001685040-26-000026-index.htm,EX-99.1,EX-99.1,https://www.sec.gov/Archives/edgar/data/1685040/000168504026000026/q22026bhfearningspressrele.htm,False,
MLR,2026-08-05 00:00:00,https://www.sec.gov/Archives/edgar/data/924822/000110465926091137/0001104659-26-091137-index.htm,8-K,8-K,https://www.sec.gov/Archives/edgar/data/924822/000110465926091137/mlr-20260805x8k.htm,False,
MLR,2026-08-05 00:00:00,https://www.sec.gov/Archives/edgar/data/924822/000110465926091137/0001104659-26-091137-index.htm,EX-99.1,EX-99.1,https://www.sec.gov/Archives/edgar/data/924822/000110465926091137/mlr-20260805xex99d1.htm,False,
HP,2026-08-05 00:00:00,https://www.sec.gov/Archives/edgar/data/46765/000004676526000039/0000046765-26-000039-index.htm,8-K,8-K,https://www.sec.gov/Archives/edgar/data/46765/000004676526000039/hp-20260805.htm,False,
HP,2026-08-05 00:00:00,https://www.sec.gov/Archives/edgar/data/46765/000004676526000039/0000046765-26-000039-index.htm,EX-99.1,EX-99.1,https://www.sec.gov/Archives/edgar/data/46765/000004676526000039/q3fy26earningsrelease.htm,False,
BHR-PB,2026-08-05 00:00:00,https://www.sec.gov/Archives/edgar/data/1574085/000157408526000123/0001574085-26-000123-index.htm,8-K,8-K,https://www.sec.gov/Archives/edgar/data/1574085/000157408526000123/bhr-20260805.htm,False,
BHR-PB,2026-08-05 00:00:00,https://www.sec.gov/Archives/edgar/data/1574085/000157408526000123/0001574085-26-000123-index.htm,EX-99.1,EX-99.1,https://www.sec.gov/Archives/edgar/data/1574085/000157408526000123/bhr2026q2earningsrelease.htm,False,
BHR-PD,2026-08-05 00:00:00,https://www.sec.gov/Archives/edgar/data/1574085/000157408526000123/0001574085-26-000123-index.htm,8-K,8-K,https://www.sec.gov/Archives/edgar/data/1574085/000157408526000123/bhr-20260805.htm,False,
BHR-PD,2026-08-05 00:00:00,https://www.sec.gov/Archives/edgar/data/1574085/000157408526000123/0001574085-26-000123-index.htm,EX-99.1,EX-99.1,https://www.sec.gov/Archives/edgar/data/1574085/000157408526000123/bhr2026q2earningsrelease.htm,False,
BHR,2026-08-05 00:00:00,https://www.sec.gov/Archives/edgar/data/1574085/000157408526000123/0001574085-26-000123-index.htm,8-K,8-K,https://www.sec.gov/Archives/edgar/data/1574085/000157408526000123/bhr-20260805.htm,False,
BHR,2026-08-05 00:00:00,https://www.sec.gov/Archives/edgar/data/1574085/000157408526000123/0001574085-26-000123-index.htm,EX-99.1,EX-99.1,https://www.sec.gov/Archives/edgar/data/1574085/000157408526000123/bhr2026q2earningsrelease.htm,False,
AAME,2026-08-05 00:00:00,https://www.sec.gov/Archives/edgar/data/8177/000114036126031431/0001140361-26-031431-index.htm,8-K,8-K,https://www.sec.gov/Archives/edgar/data/8177/000114036126031431/ef20079464_8k.htm,True,
AAME,2026-08-05 00:00:00,https://www.sec.gov/Archives/edgar/data/8177/000114036126031431/0001140361-26-031431-index.htm,EX-10.1,EXHIBIT 10.1,https://www.sec.gov/Archives/edgar/data/8177/000114036126031431/ef20079464_ex10-1.htm,True,
GNL-PA,2026-08-05 00:00:00,https://www.sec.gov/Archives/edgar/data/1526113/000110465926091131/0001104659-26-091131-index.htm,8-K,FORM 8-K,https://www.sec.gov/Archives/edgar/data/1526113/000110465926091131/tm2622247d1_8k.htm,False,
GNL-PA,2026-08-05 00:00:00,https://www.sec.gov/Archives/edgar/data/1526113/000110465926091131/0001104659-26-091131-index.htm,EX-99.1,EXHIBIT 99.1,https://www.sec.gov/Archives/edgar/data/1526113/000110465926091131/tm2622247d1_ex99-1.htm,True,
GNL-PD,2026-08-05 00:00:00,https://www.sec.gov/Archives/edgar/data/1526113/000110465926091131/0001104659-26-091131-index.htm,8-K,FORM 8-K,https://www.sec.gov/Archives/edgar/data/1526113/000110465926091131/tm2622247d1_8k.htm,False,
GNL-PD,2026-08-05 00:00:00,https://www.sec.gov/Archives/edgar/data/1526113/000110465926091131/0001104659-26-091131-index.htm,EX-99.1,EXHIBIT 99.1,https://www.sec.gov/Archives/edgar/data/1526113/000110465926091131/tm2622247d1_ex99-1.htm,True,
GNL,2026-08-05 00:00:00,https://www.sec.gov/Archives/edgar/data/1526113/000110465926091131/0001104659-26-091131-index.htm,8-K,FORM 8-K,https://www.sec.gov/Archives/edgar/data/1526113/000110465926091131/tm2622247d1_8k.htm,False,
GNL,2026-08-05 00:00:00,https://www.sec.gov/Archives/edgar/data/1526113/000110465926091131/0001104659-26-091131-index.htm,EX-99.1,EXHIBIT 99.1,https://www.sec.gov/Archives/edgar/data/1526113/000110465926091131/tm2622247d1_ex99-1.htm,True,
GNL-PB,2026-08-05 00:00:00,https://www.sec.gov/Archives/edgar/data/1526113/000110465926091131/0001104659-26-091131-index.htm,8-K,FORM 8-K,https://www.sec.gov/Archives/edgar/data/1526113/000110465926091131/tm2622247d1_8k.htm,False,
GNL-PB,2026-08-05 00:00:00,https://www.sec.gov/Archives/edgar/data/1526113/000110465926091131/0001104659-26-091131-index.htm,EX-99.1,EXHIBIT 99.1,https://www.sec.gov/Archives/edgar/data/1526113/000110465926091131/tm2622247d1_ex99-1.htm,True,
GNL-PE,2026-08-05 00:00:00,https://www.sec.gov/Archives/edgar/data/1526113/000110465926091131/0001104659-26-091131-index.htm,8-K,FORM 8-K,https://www.sec.gov/Archives/edgar/data/1526113/000110465926091131/tm2622247d1_8k.htm,False,
GNL-PE,2026-08-05 00:00:00,https://www.sec.gov/Archives/edgar/data/1526113/000110465926091131/0001104659-26-091131-index.htm,EX-99.1,EXHIBIT 99.1,https://www.sec.gov/Archives/edgar/data/1526113/000110465926091131/tm2622247d1_ex99-1.htm,True,
PVH,2026-08-05 00:00:00,https://www.sec.gov/Archives/edgar/data/78239/000121390026085690/0001213900-26-085690-index.htm,8-K,CURRENT REPORT,https://www.sec.gov/Archives/edgar/data/78239/000121390026085690/ea0300370-8k_pvhcorp.htm,False,
PVH,2026-08-05 00:00:00,https://www.sec.gov/Archives/edgar/data/78239/000121390026085690/0001213900-26-085690-index.htm,EX-99.1,"PRESS RELEASE DATED AUGUST 5, 2026",https://www.sec.gov/Archives/edgar/data/78239/000121390026085690/ea030037001ex99-1.htm,False,
HYACW,2026-08-05 00:00:00,https://www.sec.gov/Archives/edgar/data/1819253/000119312526335200/0001193125-26-335200-index.htm,8-K,8-K,https://www.sec.gov/Archives/edgar/data/1819253/000119312526335200/btmd-20260805.htm,False,
HYACW,2026-08-05 00:00:00,https://www.sec.gov/Archives/edgar/data/1819253/000119312526335200/0001193125-26-335200-index.htm,EX-99.1,EX-99.1,https://www.sec.gov/Archives/edgar/data/1819253/000119312526335200/btmd-ex99_1.htm,True,
BTMDW,2026-08-05 00:00:00,https://www.sec.gov/Archives/edgar/data/1819253/000119312526335200/0001193125-26-335200-index.htm,8-K,8-K,https://www.sec.gov/Archives/edgar/data/1819253/000119312526335200/btmd-20260805.htm,False,
BTMDW,2026-08-05 00:00:00,https://www.sec.gov/Archives/edgar/data/1819253/000119312526335200/0001193125-26-335200-index.htm,EX-99.1,EX-99.1,https://www.sec.gov/Archives/edgar/data/1819253/000119312526335200/btmd-ex99_1.htm,True,
BTMD,2026-08-05 00:00:00,https://www.sec.gov/Archives/edgar/data/1819253/000119312526335200/0001193125-26-335200-index.htm,8-K,8-K,https://www.sec.gov/Archives/edgar/data/1819253/000119312526335200/btmd-20260805.htm,False,
BTMD,2026-08-05 00:00:00,https://www.sec.gov/Archives/edgar/data/1819253/000119312526335200/0001193125-26-335200-index.htm,EX-99.1,EX-99.1,https://www.sec.gov/Archives/edgar/data/1819253/000119312526335200/btmd-ex99_1.htm,True,
HYAC-UN,2026-08-05 00:00:00,https://www.sec.gov/Archives/edgar/data/1819253/000119312526335200/0001193125-26-335200-index.htm,8-K,8-K,https://www.sec.gov/Archives/edgar/data/1819253/000119312526335200/btmd-20260805.htm,False,
HYAC-UN,2026-08-05 00:00:00,https://www.sec.gov/Archives/edgar/data/1819253/000119312526335200/0001193125-26-335200-index.htm,EX-99.1,EX-99.1,https://www.sec.gov/Archives/edgar/data/1819253/000119312526335200/btmd-ex99_1.htm,True,
HYAC,2026-08-05 00:00:00,https://www.sec.gov/Archives/edgar/data/1819253/000119312526335200/0001193125-26-335200-index.htm,8-K,8-K,https://www.sec.gov/Archives/edgar/data/1819253/000119312526335200/btmd-20260805.htm,False,
HYAC,2026-08-05 00:00:00,https://www.sec.gov/Archives/edgar/data/1819253/000119312526335200/0001193125-26-335200-index.htm,EX-99.1,EX-99.1,https://www.sec.gov/Archives/edgar/data/1819253/000119312526335200/btmd-ex99_1.htm,True,
RMR,2026-08-05 00:00:00,https://www.sec.gov/Archives/edgar/data/1644378/000164437826000019/0001644378-26-000019-index.htm,8-K,8-K,https://www.sec.gov/Archives/edgar/data/1644378/000164437826000019/rmr-20260805.htm,False,
RMR,2026-08-05 00:00:00,https://www.sec.gov/Archives/edgar/data/1644378/000164437826000019/0001644378-26-000019-index.htm,EX-99.1,EX-99.1,https://www.sec.gov/Archives/edgar/data/1644378/000164437826000019/rmr_6302026x8-kxexhibit991.htm,False,
FNF,2026-08-05 00:00:00,https://www.sec.gov/Archives/edgar/data/1331875/000133187526000068/0001331875-26-000068-index.htm,8-K,8-K,https://www.sec.gov/Archives/edgar/data/1331875/000133187526000068/fnf-20260805.htm,False,
FNF,2026-08-05 00:00:00,https://www.sec.gov/Archives/edgar/data/1331875/000133187526000068/0001331875-26-000068-index.htm,EX-99.1,EX-99.1,https://www.sec.gov/Archives/edgar/data/1331875/000133187526000068/fnfpressreleaseq22026.htm,False,
INVA,2026-08-05 00:00:00,https://www.sec.gov/Archives/edgar/data/1080014/000119312526335192/0001193125-26-335192-index.htm,8-K,8-K,https://www.sec.gov/Archives/edgar/data/1080014/000119312526335192/d228097d8k.htm,False,
INVA,2026-08-05 00:00:00,https://www.sec.gov/Archives/edgar/data/1080014/000119312526335192/0001193125-26-335192-index.htm,EX-99.1,EX-99.1,https://www.sec.gov/Archives/edgar/data/1080014/000119312526335192/d228097dex991.htm,False,
OPRT,2026-08-05 00:00:00,https://www.sec.gov/Archives/edgar/data/1538716/000153871626000065/0001538716-26-000065-index.htm,8-K,8-K,https://www.sec.gov/Archives/edgar/data/1538716/000153871626000065/oprt-20260805.htm,False,
OPRT,2026-08-05 00:00:00,https://www.sec.gov/Archives/edgar/data/1538716/000153871626000065/0001538716-26-000065-index.htm,EX-99.1,EX-99.1,https://www.sec.gov/Archives/edgar/data/1538716/000153871626000065/earningsrelease2q2026.htm,True,
ACA,2026-08-05 00:00:00,https://www.sec.gov/Archives/edgar/data/1739445/000173944526000124/0001739445-26-000124-index.htm,8-K,8-K,https://www.sec.gov/Archives/edgar/data/1739445/000173944526000124/aca-20260805.htm,False,
ACA,2026-08-05 00:00:00,https://www.sec.gov/Archives/edgar/data/1739445/000173944526000124/0001739445-26-000124-index.htm,EX-99.1,EX-99.1,https://www.sec.gov/Archives/edgar/data/1739445/000173944526000124/exh991earningsrelease63020.htm,True,
FIPWV,2026-08-05 00:00:00,https://www.sec.gov/Archives/edgar/data/1899883/000189988326000031/0001899883-26-000031-index.htm,8-K,8-K,https://www.sec.gov/Archives/edgar/data/1899883/000189988326000031/ftai-20260805.htm,False,
FIPWV,2026-08-05 00:00:00,https://www.sec.gov/Archives/edgar/data/1899883/000189988326000031/0001899883-26-000031-index.htm,EX-99.1,EX-99.1,https://www.sec.gov/Archives/edgar/data/1899883/000189988326000031/fip63020268-kxexhibit991.htm,False,
FIP,2026-08-05 00:00:00,https://www.sec.gov/Archives/edgar/data/1899883/000189988326000031/0001899883-26-000031-index.htm,8-K,8-K,https://www.sec.gov/Archives/edgar/data/1899883/000189988326000031/ftai-20260805.htm,False,
FIP,2026-08-05 00:00:00,https://www.sec.gov/Archives/edgar/data/1899883/000189988326000031/0001899883-26-000031-index.htm,EX-99.1,EX-99.1,https://www.sec.gov/Archives/edgar/data/1899883/000189988326000031/fip63020268-kxexhibit991.htm,False,
OUT,2026-08-05 00:00:00,https://www.sec.gov/Archives/edgar/data/1579877/000157987726000035/0001579877-26-000035-index.htm,8-K,8-K,https://www.sec.gov/Archives/edgar/data/1579877/000157987726000035/out-20260805.htm,False,
OUT,2026-08-05 00:00:00,https://www.sec.gov/Archives/edgar/data/1579877/000157987726000035/0001579877-26-000035-index.htm,EX-99.1,EX-99.1,https://www.sec.gov/Archives/edgar/data/1579877/000157987726000035/ex9912q26earningsrelease.htm,True,
UVV,2026-08-05 00:00:00,https://www.sec.gov/Archives/edgar/data/102037/000162828026053392/0001628280-26-053392-index.htm,8-K,8-K,https://www.sec.gov/Archives/edgar/data/102037/000162828026053392/xbrl-20260804.htm,False,
UVV,2026-08-05 00:00:00,https://www.sec.gov/Archives/edgar/data/102037/000162828026053392/0001628280-26-053392-index.htm,EX-99.1,EX-99.1,https://www.sec.gov/Archives/edgar/data/102037/000162828026053392/uvv-ex991x20260630xpressre.htm,False,
DIT,2026-08-05 00:00:00,https://www.sec.gov/Archives/edgar/data/928465/000110465926091127/0001104659-26-091127-index.htm,8-K,FORM 8-K,https://www.sec.gov/Archives/edgar/data/928465/000110465926091127/tm2622223d1_8k.htm,False,
DIT,2026-08-05 00:00:00,https://www.sec.gov/Archives/edgar/data/928465/000110465926091127/0001104659-26-091127-index.htm,EX-99.1,EXHIBIT 99.1,https://www.sec.gov/Archives/edgar/data/928465/000110465926091127/tm2622223d1_ex99-1.htm,False,
ACET,2026-08-05 00:00:00,https://www.sec.gov/Archives/edgar/data/1720580/000172058026000049/0001720580-26-000049-index.htm,8-K,8-K,https://www.sec.gov/Archives/edgar/data/1720580/000172058026000049/acet-20260805.htm,False,
ACET,2026-08-05 00:00:00,https://www.sec.gov/Archives/edgar/data/1720580/000172058026000049/0001720580-26-000049-index.htm,EX-99.1,EX-99.1,https://www.sec.gov/Archives/edgar/data/1720580/000172058026000049/acet-ex99_1.htm,False,
ALTO,2026-08-05 00:00:00,https://www.sec.gov/Archives/edgar/data/778164/000121390026085686/0001213900-26-085686-index.htm,8-K,CURRENT REPORT,https://www.sec.gov/Archives/edgar/data/778164/000121390026085686/ea0300669-8k_alto.htm,False,
ALTO,2026-08-05 00:00:00,https://www.sec.gov/Archives/edgar/data/778164/000121390026085686/0001213900-26-085686-index.htm,EX-99.1,"PRESS RELEASE DATED AUGUST 5, 2026",https://www.sec.gov/Archives/edgar/data/778164/000121390026085686/ea030066901ex99-1.htm,True,
SM,2026-08-05 00:00:00,https://www.sec.gov/Archives/edgar/data/893538/000089353826000119/0000893538-26-000119-index.htm,8-K,8-K,https://www.sec.gov/Archives/edgar/data/893538/000089353826000119/sm-20260805.htm,False,
SM,2026-08-05 00:00:00,https://www.sec.gov/Archives/edgar/data/893538/000089353826000119/0000893538-26-000119-index.htm,EX-99.1,EX-99.1,https://www.sec.gov/Archives/edgar/data/893538/000089353826000119/exhibit99108052026er.htm,True,
ABCL,2026-08-05 00:00:00,https://www.sec.gov/Archives/edgar/data/1703057/000170305726000044/0001703057-26-000044-index.htm,8-K,8-K,https://www.sec.gov/Archives/edgar/data/1703057/000170305726000044/abcl-20260805.htm,False,
ABCL,2026-08-05 00:00:00,https://www.sec.gov/Archives/edgar/data/1703057/000170305726000044/0001703057-26-000044-index.htm,EX-99.1,EX-99.1,https://www.sec.gov/Archives/edgar/data/1703057/000170305726000044/q22026earningspressrelease.htm,False,
GNW,2026-08-05 00:00:00,https://www.sec.gov/Archives/edgar/data/1276520/000162828026053389/0001628280-26-053389-index.htm,8-K,8-K,https://www.sec.gov/Archives/edgar/data/1276520/000162828026053389/gnw-20260805.htm,False,
GNW,2026-08-05 00:00:00,https://www.sec.gov/Archives/edgar/data/1276520/000162828026053389/0001628280-26-053389-index.htm,EX-99.1,EX-99.1,https://www.sec.gov/Archives/edgar/data/1276520/000162828026053389/quarterlyearningsrelease.htm,False,
GNL-PD,2026-08-05 00:00:00,https://www.sec.gov/Archives/edgar/data/1526113/000162828026053386/0001628280-26-053386-index.htm,8-K,8-K,https://www.sec.gov/Archives/edgar/data/1526113/000162828026053386/gnl-20260805.htm,False,
GNL-PD,2026-08-05 00:00:00,https://www.sec.gov/Archives/edgar/data/1526113/000162828026053386/0001628280-26-053386-index.htm,EX-99.1,EX-99.1 EARNINGS RELEASE 6.30.26,https://www.sec.gov/Archives/edgar/data/1526113/000162828026053386/ex991gnlearningsrelease630.htm,True,
GNL-PA,2026-08-05 00:00:00,https://www.sec.gov/Archives/edgar/data/1526113/000162828026053386/0001628280-26-053386-index.htm,8-K,8-K,https://www.sec.gov/Archives/edgar/data/1526113/000162828026053386/gnl-20260805.htm,False,
GNL-PA,2026-08-05 00:00:00,https://www.sec.gov/Archives/edgar/data/1526113/000162828026053386/0001628280-26-053386-index.htm,EX-99.1,EX-99.1 EARNINGS RELEASE 6.30.26,https://www.sec.gov/Archives/edgar/data/1526113/000162828026053386/ex991gnlearningsrelease630.htm,True,
GNL-PB,2026-08-05 00:00:00,https://www.sec.gov/Archives/edgar/data/1526113/000162828026053386/0001628280-26-053386-index.htm,8-K,8-K,https://www.sec.gov/Archives/edgar/data/1526113/000162828026053386/gnl-20260805.htm,False,
GNL-PB,2026-08-05 00:00:00,https://www.sec.gov/Archives/edgar/data/1526113/000162828026053386/0001628280-26-053386-index.htm,EX-99.1,EX-99.1 EARNINGS RELEASE 6.30.26,https://www.sec.gov/Archives/edgar/data/1526113/000162828026053386/ex991gnlearningsrelease630.htm,True,
GNL-PE,2026-08-05 00:00:00,https://www.sec.gov/Archives/edgar/data/1526113/000162828026053386/0001628280-26-053386-index.htm,8-K,8-K,https://www.sec.gov/Archives/edgar/data/1526113/000162828026053386/gnl-20260805.htm,False,
GNL-PE,2026-08-05 00:00:00,https://www.sec.gov/Archives/edgar/data/1526113/000162828026053386/0001628280-26-053386-index.htm,EX-99.1,EX-99.1 EARNINGS RELEASE 6.30.26,https://www.sec.gov/Archives/edgar/data/1526113/000162828026053386/ex991gnlearningsrelease630.htm,True,
GNL,2026-08-05 00:00:00,https://www.sec.gov/Archives/edgar/data/1526113/000162828026053386/0001628280-26-053386-index.htm,8-K,8-K,https://www.sec.gov/Archives/edgar/data/1526113/000162828026053386/gnl-20260805.htm,False,
GNL,2026-08-05 00:00:00,https://www.sec.gov/Archives/edgar/data/1526113/000162828026053386/0001628280-26-053386-index.htm,EX-99.1,EX-99.1 EARNINGS RELEASE 6.30.26,https://www.sec.gov/Archives/edgar/data/1526113/000162828026053386/ex991gnlearningsrelease630.htm,True,
None,2026-08-05 00:00:00,https://www.sec.gov/Archives/edgar/data/1806931/000005282726000094/0000052827-26-000094-index.htm,8-K,8-K,https://www.sec.gov/Archives/edgar/data/52827/000005282726000094/ryn-20260805.htm,False,
None,2026-08-05 00:00:00,https://www.sec.gov/Archives/edgar/data/1806931/000005282726000094/0000052827-26-000094-index.htm,EX-99.1,EX-99.1,https://www.sec.gov/Archives/edgar/data/52827/000005282726000094/exhibit9912q2026.htm,False,
RYN,2026-08-05 00:00:00,https://www.sec.gov/Archives/edgar/data/52827/000005282726000094/0000052827-26-000094-index.htm,8-K,8-K,https://www.sec.gov/Archives/edgar/data/52827/000005282726000094/ryn-20260805.htm,False,
RYN,2026-08-05 00:00:00,https://www.sec.gov/Archives/edgar/data/52827/000005282726000094/0000052827-26-000094-index.htm,EX-99.1,EX-99.1,https://www.sec.gov/Archives/edgar/data/52827/000005282726000094/exhibit9912q2026.htm,False,
TPC,2026-08-05 00:00:00,https://www.sec.gov/Archives/edgar/data/77543/000007754326000184/0000077543-26-000184-index.htm,8-K,8-K,https://www.sec.gov/Archives/edgar/data/77543/000007754326000184/tpc-20260805.htm,False,
TPC,2026-08-05 00:00:00,https://www.sec.gov/Archives/edgar/data/77543/000007754326000184/0000077543-26-000184-index.htm,EX-99.1,EX-99.1,https://www.sec.gov/Archives/edgar/data/77543/000007754326000184/tpc20260805ex991.htm,True,
NWSA,2026-08-05 00:00:00,https://www.sec.gov/Archives/edgar/data/1564708/000156470826000171/0001564708-26-000171-index.htm,8-K,8-K,https://www.sec.gov/Archives/edgar/data/1564708/000156470826000171/nws-20260805.htm,False,
NWSA,2026-08-05 00:00:00,https://www.sec.gov/Archives/edgar/data/1564708/000156470826000171/0001564708-26-000171-index.htm,EX-99.1,EX-99.1,https://www.sec.gov/Archives/edgar/data/1564708/000156470826000171/release-q4fy2026.htm,False,
NWS,2026-08-05 00:00:00,https://www.sec.gov/Archives/edgar/data/1564708/000156470826000171/0001564708-26-000171-index.htm,8-K,8-K,https://www.sec.gov/Archives/edgar/data/1564708/000156470826000171/nws-20260805.htm,False,
NWS,2026-08-05 00:00:00,https://www.sec.gov/Archives/edgar/data/1564708/000156470826000171/0001564708-26-000171-index.htm,EX-99.1,EX-99.1,https://www.sec.gov/Archives/edgar/data/1564708/000156470826000171/release-q4fy2026.htm,False,
SOLV,2026-08-05 00:00:00,https://www.sec.gov/Archives/edgar/data/1964738/000196473826000045/0001964738-26-000045-index.htm,8-K,8-K,https://www.sec.gov/Archives/edgar/data/1964738/000196473826000045/solv-20260805.htm,False,
SOLV,2026-08-05 00:00:00,https://www.sec.gov/Archives/edgar/data/1964738/000196473826000045/0001964738-26-000045-index.htm,EX-99.1,EX-99.1,https://www.sec.gov/Archives/edgar/data/1964738/000196473826000045/q22026-8kerexx991.htm,False,
FGN,2026-08-05 00:00:00,https://www.sec.gov/Archives/edgar/data/1934850/000193485026000081/0001934850-26-000081-index.htm,8-K,8-K,https://www.sec.gov/Archives/edgar/data/1934850/000193485026000081/fg-20260805.htm,False,
FGN,2026-08-05 00:00:00,https://www.sec.gov/Archives/edgar/data/1934850/000193485026000081/0001934850-26-000081-index.htm,EX-99.1,EX-99.1,https://www.sec.gov/Archives/edgar/data/1934850/000193485026000081/a2q26fgearningsrelease_f.htm,False,
FG,2026-08-05 00:00:00,https://www.sec.gov/Archives/edgar/data/1934850/000193485026000081/0001934850-26-000081-index.htm,8-K,8-K,https://www.sec.gov/Archives/edgar/data/1934850/000193485026000081/fg-20260805.htm,False,
FG,2026-08-05 00:00:00,https://www.sec.gov/Archives/edgar/data/1934850/000193485026000081/0001934850-26-000081-index.htm,EX-99.1,EX-99.1,https://www.sec.gov/Archives/edgar/data/1934850/000193485026000081/a2q26fgearningsrelease_f.htm,False,
SNEX,2026-08-05 00:00:00,https://www.sec.gov/Archives/edgar/data/913760/000091376026000037/0000913760-26-000037-index.htm,8-K,8-K,https://www.sec.gov/Archives/edgar/data/913760/000091376026000037/intl-20260805.htm,False,
SNEX,2026-08-05 00:00:00,https://www.sec.gov/Archives/edgar/data/913760/000091376026000037/0000913760-26-000037-index.htm,EX-99.1,EX-99.1,https://www.sec.gov/Archives/edgar/data/913760/000091376026000037/snex2026er_exhq3roll.htm,True,
GDLC,2026-08-05 00:00:00,https://www.sec.gov/Archives/edgar/data/1729997/000119312526335171/0001193125-26-335171-index.htm,8-K,8-K,https://www.sec.gov/Archives/edgar/data/1729997/000119312526335171/gdlc-20260731.htm,False,
EOLS,2026-08-05 00:00:00,https://www.sec.gov/Archives/edgar/data/1570562/000162828026053384/0001628280-26-053384-index.htm,8-K,8-K,https://www.sec.gov/Archives/edgar/data/1570562/000162828026053384/eols-20260805.htm,False,
EOLS,2026-08-05 00:00:00,https://www.sec.gov/Archives/edgar/data/1570562/000162828026053384/0001628280-26-053384-index.htm,EX-99.1,EX-99.1,https://www.sec.gov/Archives/edgar/data/1570562/000162828026053384/q22026eolsex991.htm,False,
SOI,2026-08-05 00:00:00,https://www.sec.gov/Archives/edgar/data/1697500/000162828026053383/0001628280-26-053383-index.htm,8-K,8-K,https://www.sec.gov/Archives/edgar/data/1697500/000162828026053383/sei-20260805.htm,False,
SOI,2026-08-05 00:00:00,https://www.sec.gov/Archives/edgar/data/1697500/000162828026053383/0001628280-26-053383-index.htm,EX-99.1,EX-99.1,https://www.sec.gov/Archives/edgar/data/1697500/000162828026053383/sei-ex99x6302026.htm,True,
SCKT,2026-08-05 00:00:00,https://www.sec.gov/Archives/edgar/data/944075/000094407526000053/0000944075-26-000053-index.htm,8-K,FORM 8-K,https://www.sec.gov/Archives/edgar/data/944075/000094407526000053/form-8k0803.htm,False,
MWA,2026-08-05 00:00:00,https://www.sec.gov/Archives/edgar/data/1350593/000135059326000034/0001350593-26-000034-index.htm,8-K,8-K,https://www.sec.gov/Archives/edgar/data/1350593/000135059326000034/mwa-20260805.htm,False,
MWA,2026-08-05 00:00:00,https://www.sec.gov/Archives/edgar/data/1350593/000135059326000034/0001350593-26-000034-index.htm,EX-99.1,EX-99.1,https://www.sec.gov/Archives/edgar/data/1350593/000135059326000034/exhibit991pressreleasefy26.htm,False,
KRO,2026-08-05 00:00:00,https://www.sec.gov/Archives/edgar/data/1257640/000125764026000029/0001257640-26-000029-index.htm,8-K,8-K,https://www.sec.gov/Archives/edgar/data/1257640/000125764026000029/kro-20260805x8k.htm,False,
KRO,2026-08-05 00:00:00,https://www.sec.gov/Archives/edgar/data/1257640/000125764026000029/0001257640-26-000029-index.htm,EX-99.1,EX-99.1,https://www.sec.gov/Archives/edgar/data/1257640/000125764026000029/kro-20260805xex99d1.htm,False,
TPL,2026-08-05 00:00:00,https://www.sec.gov/Archives/edgar/data/1811074/000181107426000056/0001811074-26-000056-index.htm,8-K,8-K,https://www.sec.gov/Archives/edgar/data/1811074/000181107426000056/tpl-20260805.htm,False,
TPL,2026-08-05 00:00:00,https://www.sec.gov/Archives/edgar/data/1811074/000181107426000056/0001811074-26-000056-index.htm,EX-99.1,EX-99.1,https://www.sec.gov/Archives/edgar/data/1811074/000181107426000056/exhibit991q22026earningsre.htm,False,
VIAV,2026-08-05 00:00:00,https://www.sec.gov/Archives/edgar/data/912093/000162828026053381/0001628280-26-053381-index.htm,8-K,8-K,https://www.sec.gov/Archives/edgar/data/912093/000162828026053381/viav-20260805.htm,False,
VIAV,2026-08-05 00:00:00,https://www.sec.gov/Archives/edgar/data/912093/000162828026053381/0001628280-26-053381-index.htm,EX-99.1,EX-99.1,https://www.sec.gov/Archives/edgar/data/912093/000162828026053381/viavq4fy268-kex991.htm,True,
FSCO,2026-08-05 00:00:00,https://www.sec.gov/Archives/edgar/data/1568194/000110465926091122/0001104659-26-091122-index.htm,8-K,FORM 8-K,https://www.sec.gov/Archives/edgar/data/1568194/000110465926091122/tm2622225d1_8k.htm,False,
FSCO,2026-08-05 00:00:00,https://www.sec.gov/Archives/edgar/data/1568194/000110465926091122/0001104659-26-091122-index.htm,EX-99.1,EXHIBIT 99.1,https://www.sec.gov/Archives/edgar/data/1568194/000110465926091122/tm2622225d1_ex99-1.htm,False,
CNTX,2026-08-05 00:00:00,https://www.sec.gov/Archives/edgar/data/1842952/000162828026053378/0001628280-26-053378-index.htm,8-K,8-K,https://www.sec.gov/Archives/edgar/data/1842952/000162828026053378/cntx-20260805.htm,False,
CNTX,2026-08-05 00:00:00,https://www.sec.gov/Archives/edgar/data/1842952/000162828026053378/0001628280-26-053378-index.htm,EX-99.1,EX-99.1,https://www.sec.gov/Archives/edgar/data/1842952/000162828026053378/a2026aug-contextxcorpdec.htm,False,
GTPPP,2026-08-05 00:00:00,https://www.sec.gov/Archives/edgar/data/42582/000162828026053379/0001628280-26-053379-index.htm,8-K,8-K,https://www.sec.gov/Archives/edgar/data/42582/000162828026053379/gt-20260805.htm,False,
GTPPP,2026-08-05 00:00:00,https://www.sec.gov/Archives/edgar/data/42582/000162828026053379/0001628280-26-053379-index.htm,EX-99.1,EX-99.1,https://www.sec.gov/Archives/edgar/data/42582/000162828026053379/q22026nrearningsrelease_dr.htm,False,
GT,2026-08-05 00:00:00,https://www.sec.gov/Archives/edgar/data/42582/000162828026053379/0001628280-26-053379-index.htm,8-K,8-K,https://www.sec.gov/Archives/edgar/data/42582/000162828026053379/gt-20260805.htm,False,
GT,2026-08-05 00:00:00,https://www.sec.gov/Archives/edgar/data/42582/000162828026053379/0001628280-26-053379-index.htm,EX-99.1,EX-99.1,https://www.sec.gov/Archives/edgar/data/42582/000162828026053379/q22026nrearningsrelease_dr.htm,False,
OXY,2026-08-05 00:00:00,https://www.sec.gov/Archives/edgar/data/797468/000162828026053377/0001628280-26-053377-index.htm,8-K,8-K,https://www.sec.gov/Archives/edgar/data/797468/000162828026053377/oxy-20260805.htm,False,
OXY,2026-08-05 00:00:00,https://www.sec.gov/Archives/edgar/data/797468/000162828026053377/0001628280-26-053377-index.htm,EX-99.1,EX-99.1,https://www.sec.gov/Archives/edgar/data/797468/000162828026053377/oxyex9916-30x26earningsrel.htm,False,
OXY-WT,2026-08-05 00:00:00,https://www.sec.gov/Archives/edgar/data/797468/000162828026053377/0001628280-26-053377-index.htm,8-K,8-K,https://www.sec.gov/Archives/edgar/data/797468/000162828026053377/oxy-20260805.htm,False,
OXY-WT,2026-08-05 00:00:00,https://www.sec.gov/Archives/edgar/data/797468/000162828026053377/0001628280-26-053377-index.htm,EX-99.1,EX-99.1,https://www.sec.gov/Archives/edgar/data/797468/000162828026053377/oxyex9916-30x26earningsrel.htm,False,
PNTG,2026-08-05 00:00:00,https://www.sec.gov/Archives/edgar/data/1766400/000176640026000064/0001766400-26-000064-index.htm,8-K,8-K,https://www.sec.gov/Archives/edgar/data/1766400/000176640026000064/pntg-20260805.htm,False,
PNTG,2026-08-05 00:00:00,https://www.sec.gov/Archives/edgar/data/1766400/000176640026000064/0001766400-26-000064-index.htm,EX-99.1,EX-99.1,https://www.sec.gov/Archives/edgar/data/1766400/000176640026000064/q22026earningspressrelease.htm,False,
VWAVW,2026-08-05 00:00:00,https://www.sec.gov/Archives/edgar/data/2038439/000173112226001022/0001731122-26-001022-index.htm,8-K,FORM 8-K,https://www.sec.gov/Archives/edgar/data/2038439/000173112226001022/e7830_8-k.htm,True,
VWAVW,2026-08-05 00:00:00,https://www.sec.gov/Archives/edgar/data/2038439/000173112226001022/0001731122-26-001022-index.htm,EX-99.1,EXHIBIT 99.1,https://www.sec.gov/Archives/edgar/data/2038439/000173112226001022/e7830_ex99-1.htm,False,
VWAV,2026-08-05 00:00:00,https://www.sec.gov/Archives/edgar/data/2038439/000173112226001022/0001731122-26-001022-index.htm,8-K,FORM 8-K,https://www.sec.gov/Archives/edgar/data/2038439/000173112226001022/e7830_8-k.htm,True,
VWAV,2026-08-05 00:00:00,https://www.sec.gov/Archives/edgar/data/2038439/000173112226001022/0001731122-26-001022-index.htm,EX-99.1,EXHIBIT 99.1,https://www.sec.gov/Archives/edgar/data/2038439/000173112226001022/e7830_ex99-1.htm,False,
MRAM,2026-08-05 00:00:00,https://www.sec.gov/Archives/edgar/data/1438423/000162828026053376/0001628280-26-053376-index.htm,8-K,8-K,https://www.sec.gov/Archives/edgar/data/1438423/000162828026053376/mram-20260805.htm,False,
MRAM,2026-08-05 00:00:00,https://www.sec.gov/Archives/edgar/data/1438423/000162828026053376/0001628280-26-053376-index.htm,EX-99.1,EX-99.1,https://www.sec.gov/Archives/edgar/data/1438423/000162828026053376/mram-20260630xexx991.htm,False,
ALL-PI,2026-08-05 00:00:00,https://www.sec.gov/Archives/edgar/data/899051/000089905126000117/0000899051-26-000117-index.htm,8-K,8-K,https://www.sec.gov/Archives/edgar/data/899051/000089905126000117/all-20260805.htm,False,
ALL-PI,2026-08-05 00:00:00,https://www.sec.gov/Archives/edgar/data/899051/000089905126000117/0000899051-26-000117-index.htm,EX-99.1,EX-99.1,https://www.sec.gov/Archives/edgar/data/899051/000089905126000117/allcorp63026earningsreleas.htm,False,
ALL-PJ,2026-08-05 00:00:00,https://www.sec.gov/Archives/edgar/data/899051/000089905126000117/0000899051-26-000117-index.htm,8-K,8-K,https://www.sec.gov/Archives/edgar/data/899051/000089905126000117/all-20260805.htm,False,
ALL-PJ,2026-08-05 00:00:00,https://www.sec.gov/Archives/edgar/data/899051/000089905126000117/0000899051-26-000117-index.htm,EX-99.1,EX-99.1,https://www.sec.gov/Archives/edgar/data/899051/000089905126000117/allcorp63026earningsreleas.htm,False,
ALL-PB,2026-08-05 00:00:00,https://www.sec.gov/Archives/edgar/data/899051/000089905126000117/0000899051-26-000117-index.htm,8-K,8-K,https://www.sec.gov/Archives/edgar/data/899051/000089905126000117/all-20260805.htm,False,
ALL-PB,2026-08-05 00:00:00,https://www.sec.gov/Archives/edgar/data/899051/000089905126000117/0000899051-26-000117-index.htm,EX-99.1,EX-99.1,https://www.sec.gov/Archives/edgar/data/899051/000089905126000117/allcorp63026earningsreleas.htm,False,
ALL-PG,2026-08-05 00:00:00,https://www.sec.gov/Archives/edgar/data/899051/000089905126000117/0000899051-26-000117-index.htm,8-K,8-K,https://www.sec.gov/Archives/edgar/data/899051/000089905126000117/all-20260805.htm,False,
ALL-PG,2026-08-05 00:00:00,https://www.sec.gov/Archives/edgar/data/899051/000089905126000117/0000899051-26-000117-index.htm,EX-99.1,EX-99.1,https://www.sec.gov/Archives/edgar/data/899051/000089905126000117/allcorp63026earningsreleas.htm,False,
ALL-PH,2026-08-05 00:00:00,https://www.sec.gov/Archives/edgar/data/899051/000089905126000117/0000899051-26-000117-index.htm,8-K,8-K,https://www.sec.gov/Archives/edgar/data/899051/000089905126000117/all-20260805.htm,False,
ALL-PH,2026-08-05 00:00:00,https://www.sec.gov/Archives/edgar/data/899051/000089905126000117/0000899051-26-000117-index.htm,EX-99.1,EX-99.1,https://www.sec.gov/Archives/edgar/data/899051/000089905126000117/allcorp63026earningsreleas.htm,False,
ALL,2026-08-05 00:00:00,https://www.sec.gov/Archives/edgar/data/899051/000089905126000117/0000899051-26-000117-index.htm,8-K,8-K,https://www.sec.gov/Archives/edgar/data/899051/000089905126000117/all-20260805.htm,False,
ALL,2026-08-05 00:00:00,https://www.sec.gov/Archives/edgar/data/899051/000089905126000117/0000899051-26-000117-index.htm,EX-99.1,EX-99.1,https://www.sec.gov/Archives/edgar/data/899051/000089905126000117/allcorp63026earningsreleas.htm,False,
BBDC,2026-08-05 00:00:00,https://www.sec.gov/Archives/edgar/data/1379785/000137978526000031/0001379785-26-000031-index.htm,8-K,8-K,https://www.sec.gov/Archives/edgar/data/1379785/000137978526000031/bbdc-20260805.htm,False,
BBDC,2026-08-05 00:00:00,https://www.sec.gov/Archives/edgar/data/1379785/000137978526000031/0001379785-26-000031-index.htm,EX-99.1,EX-99.1,https://www.sec.gov/Archives/edgar/data/1379785/000137978526000031/exhibit99120260805earnings.htm,True,
VECO,2026-08-05 00:00:00,https://www.sec.gov/Archives/edgar/data/103145/000110465926091118/0001104659-26-091118-index.htm,8-K,8-K,https://www.sec.gov/Archives/edgar/data/103145/000110465926091118/veco-20260805x8k.htm,False,
VECO,2026-08-05 00:00:00,https://www.sec.gov/Archives/edgar/data/103145/000110465926091118/0001104659-26-091118-index.htm,EX-99.1,EX-99.1,https://www.sec.gov/Archives/edgar/data/103145/000110465926091118/veco-20260805xex99d1.htm,False,
SMR,2026-08-05 00:00:00,https://www.sec.gov/Archives/edgar/data/1822966/000182296626000086/0001822966-26-000086-index.htm,8-K,8-K,https://www.sec.gov/Archives/edgar/data/1822966/000182296626000086/smr-20260805.htm,False,
SMR,2026-08-05 00:00:00,https://www.sec.gov/Archives/edgar/data/1822966/000182296626000086/0001822966-26-000086-index.htm,EX-99.1,EX-99.1,https://www.sec.gov/Archives/edgar/data/1822966/000182296626000086/a2026-08x05xnuscaleq2202.htm,False,
SMR-WT,2026-08-05 00:00:00,https://www.sec.gov/Archives/edgar/data/1822966/000182296626000086/0001822966-26-000086-index.htm,8-K,8-K,https://www.sec.gov/Archives/edgar/data/1822966/000182296626000086/smr-20260805.htm,False,
SMR-WT,2026-08-05 00:00:00,https://www.sec.gov/Archives/edgar/data/1822966/000182296626000086/0001822966-26-000086-index.htm,EX-99.1,EX-99.1,https://www.sec.gov/Archives/edgar/data/1822966/000182296626000086/a2026-08x05xnuscaleq2202.htm,False,
SV,2026-08-05 00:00:00,https://www.sec.gov/Archives/edgar/data/1822966/000182296626000086/0001822966-26-000086-index.htm,8-K,8-K,https://www.sec.gov/Archives/edgar/data/1822966/000182296626000086/smr-20260805.htm,False,
SV,2026-08-05 00:00:00,https://www.sec.gov/Archives/edgar/data/1822966/000182296626000086/0001822966-26-000086-index.htm,EX-99.1,EX-99.1,https://www.sec.gov/Archives/edgar/data/1822966/000182296626000086/a2026-08x05xnuscaleq2202.htm,False,
SVSVU,2026-08-05 00:00:00,https://www.sec.gov/Archives/edgar/data/1822966/000182296626000086/0001822966-26-000086-index.htm,8-K,8-K,https://www.sec.gov/Archives/edgar/data/1822966/000182296626000086/smr-20260805.htm,False,
SVSVU,2026-08-05 00:00:00,https://www.sec.gov/Archives/edgar/data/1822966/000182296626000086/0001822966-26-000086-index.htm,EX-99.1,EX-99.1,https://www.sec.gov/Archives/edgar/data/1822966/000182296626000086/a2026-08x05xnuscaleq2202.htm,False,
MMED,2026-08-05 00:00:00,https://www.sec.gov/Archives/edgar/data/2062583/000110465926091115/0001104659-26-091115-index.htm,8-K,FORM 8-K,https://www.sec.gov/Archives/edgar/data/2062583/000110465926091115/tm2622265d1_8k.htm,False,
CENTA,2026-08-05 00:00:00,https://www.sec.gov/Archives/edgar/data/887733/000088773326000019/0000887733-26-000019-index.htm,8-K,8-K,https://www.sec.gov/Archives/edgar/data/887733/000088773326000019/cent-20260805.htm,False,
CENTA,2026-08-05 00:00:00,https://www.sec.gov/Archives/edgar/data/887733/000088773326000019/0000887733-26-000019-index.htm,EX-99.1,EX-99.1,https://www.sec.gov/Archives/edgar/data/887733/000088773326000019/q32026pressrelease.htm,True,
CENT,2026-08-05 00:00:00,https://www.sec.gov/Archives/edgar/data/887733/000088773326000019/0000887733-26-000019-index.htm,8-K,8-K,https://www.sec.gov/Archives/edgar/data/887733/000088773326000019/cent-20260805.htm,False,
CENT,2026-08-05 00:00:00,https://www.sec.gov/Archives/edgar/data/887733/000088773326000019/0000887733-26-000019-index.htm,EX-99.1,EX-99.1,https://www.sec.gov/Archives/edgar/data/887733/000088773326000019/q32026pressrelease.htm,True,
AURA,2026-08-05 00:00:00,https://www.sec.gov/Archives/edgar/data/1501796/000119312526335157/0001193125-26-335157-index.htm,8-K,8-K,https://www.sec.gov/Archives/edgar/data/1501796/000119312526335157/aura-20260805.htm,False,
ASYS,2026-08-05 00:00:00,https://www.sec.gov/Archives/edgar/data/720500/000072050026000011/0000720500-26-000011-index.htm,8-K,8-K,https://www.sec.gov/Archives/edgar/data/720500/000072050026000011/asys-20260804.htm,False,
ASYS,2026-08-05 00:00:00,https://www.sec.gov/Archives/edgar/data/720500/000072050026000011/0000720500-26-000011-index.htm,EX-10.1,EX-10.1,https://www.sec.gov/Archives/edgar/data/720500/000072050026000011/asys-ex10_1.htm,False,
FLS,2026-08-05 00:00:00,https://www.sec.gov/Archives/edgar/data/30625/000162828026053369/0001628280-26-053369-index.htm,8-K,8-K,https://www.sec.gov/Archives/edgar/data/30625/000162828026053369/fls-20260804.htm,False,
FLS,2026-08-05 00:00:00,https://www.sec.gov/Archives/edgar/data/30625/000162828026053369/0001628280-26-053369-index.htm,EX-99.1,EX-99.1,https://www.sec.gov/Archives/edgar/data/30625/000162828026053369/pressrelease-bodappt_ajaya.htm,False,
RXST,2026-08-05 00:00:00,https://www.sec.gov/Archives/edgar/data/1111485/000119312526335150/0001193125-26-335150-index.htm,8-K,8-K,https://www.sec.gov/Archives/edgar/data/1111485/000119312526335150/rxst-20260805.htm,False,
RXST,2026-08-05 00:00:00,https://www.sec.gov/Archives/edgar/data/1111485/000119312526335150/0001193125-26-335150-index.htm,EX-99.1,EX-99.1,https://www.sec.gov/Archives/edgar/data/1111485/000119312526335150/rxst-ex99_1.htm,False,
HUBS,2026-08-05 00:00:00,https://www.sec.gov/Archives/edgar/data/1404655/000119312526335148/0001193125-26-335148-index.htm,8-K,8-K,https://www.sec.gov/Archives/edgar/data/1404655/000119312526335148/hubs-20260803.htm,False,
HUBS,2026-08-05 00:00:00,https://www.sec.gov/Archives/edgar/data/1404655/000119312526335148/0001193125-26-335148-index.htm,EX-99.1,EX-99.1,https://www.sec.gov/Archives/edgar/data/1404655/000119312526335148/hubs-ex99_1.htm,False,
FEIM,2026-08-05 00:00:00,https://www.sec.gov/Archives/edgar/data/39020/000118518526003285/0001185185-26-003285-index.htm,8-K,FORM 8-K,https://www.sec.gov/Archives/edgar/data/39020/000118518526003285/feim8k080526.htm,False,
PSBD,2026-08-05 00:00:00,https://www.sec.gov/Archives/edgar/data/1794776/000119312526335145/0001193125-26-335145-index.htm,8-K,8-K,https://www.sec.gov/Archives/edgar/data/1794776/000119312526335145/psbd-20260805.htm,False,
PSBD,2026-08-05 00:00:00,https://www.sec.gov/Archives/edgar/data/1794776/000119312526335145/0001193125-26-335145-index.htm,EX-99.1,EX-99.1,https://www.sec.gov/Archives/edgar/data/1794776/000119312526335145/psbd-ex99_1.htm,True,
APLE,2026-08-05 00:00:00,https://www.sec.gov/Archives/edgar/data/1418121/000119312526335144/0001193125-26-335144-index.htm,8-K,8-K,https://www.sec.gov/Archives/edgar/data/1418121/000119312526335144/aple-20260805.htm,False,
APLE,2026-08-05 00:00:00,https://www.sec.gov/Archives/edgar/data/1418121/000119312526335144/0001193125-26-335144-index.htm,EX-99.1,EX-99.1,https://www.sec.gov/Archives/edgar/data/1418121/000119312526335144/aple-ex99_1.htm,True,
GPMT-PA,2026-08-05 00:00:00,https://www.sec.gov/Archives/edgar/data/1703644/000170364426000033/0001703644-26-000033-index.htm,8-K,8-K,https://www.sec.gov/Archives/edgar/data/1703644/000170364426000033/gpmt-20260805.htm,False,
GPMT-PA,2026-08-05 00:00:00,https://www.sec.gov/Archives/edgar/data/1703644/000170364426000033/0001703644-26-000033-index.htm,EX-99.1,EX-99.1,https://www.sec.gov/Archives/edgar/data/1703644/000170364426000033/q22026earningsrelease.htm,False,
GPMT,2026-08-05 00:00:00,https://www.sec.gov/Archives/edgar/data/1703644/000170364426000033/0001703644-26-000033-index.htm,8-K,8-K,https://www.sec.gov/Archives/edgar/data/1703644/000170364426000033/gpmt-20260805.htm,False,
GPMT,2026-08-05 00:00:00,https://www.sec.gov/Archives/edgar/data/1703644/000170364426000033/0001703644-26-000033-index.htm,EX-99.1,EX-99.1,https://www.sec.gov/Archives/edgar/data/1703644/000170364426000033/q22026earningsrelease.htm,False,
MIAX,2026-08-05 00:00:00,https://www.sec.gov/Archives/edgar/data/1438472/000143847226000040/0001438472-26-000040-index.htm,8-K,8-K,https://www.sec.gov/Archives/edgar/data/1438472/000143847226000040/miax-20260805.htm,False,
MIAX,2026-08-05 00:00:00,https://www.sec.gov/Archives/edgar/data/1438472/000143847226000040/0001438472-26-000040-index.htm,EX-99.1,EX-99.1,https://www.sec.gov/Archives/edgar/data/1438472/000143847226000040/miaxq22026earningsreleas.htm,True,
ALOT,2026-08-05 00:00:00,https://www.sec.gov/Archives/edgar/data/8146/000119312526335139/0001193125-26-335139-index.htm,8-K,8-K,https://www.sec.gov/Archives/edgar/data/8146/000119312526335139/d20284d8k.htm,False,
ELF,2026-08-05 00:00:00,https://www.sec.gov/Archives/edgar/data/1600033/000160003326000036/0001600033-26-000036-index.htm,8-K,8-K,https://www.sec.gov/Archives/edgar/data/1600033/000160003326000036/elf-20260805.htm,False,
ELF,2026-08-05 00:00:00,https://www.sec.gov/Archives/edgar/data/1600033/000160003326000036/0001600033-26-000036-index.htm,EX-99.1,EX-99.1,https://www.sec.gov/Archives/edgar/data/1600033/000160003326000036/q12027er-991.htm,False,
ARQT,2026-08-05 00:00:00,https://www.sec.gov/Archives/edgar/data/1787306/000178730626000049/0001787306-26-000049-index.htm,8-K,8-K,https://www.sec.gov/Archives/edgar/data/1787306/000178730626000049/arqt-20260731.htm,False,
ARQT,2026-08-05 00:00:00,https://www.sec.gov/Archives/edgar/data/1787306/000178730626000049/0001787306-26-000049-index.htm,EX-99.1,EX-99.1,https://www.sec.gov/Archives/edgar/data/1787306/000178730626000049/pressreleaseex991q22026.htm,False,
COKE,2026-08-05 00:00:00,https://www.sec.gov/Archives/edgar/data/317540/000162828026053365/0001628280-26-053365-index.htm,8-K,8-K,https://www.sec.gov/Archives/edgar/data/317540/000162828026053365/coke-20260805.htm,False,
COKE,2026-08-05 00:00:00,https://www.sec.gov/Archives/edgar/data/317540/000162828026053365/0001628280-26-053365-index.htm,EX-99.1,EX-99.1,https://www.sec.gov/Archives/edgar/data/317540/000162828026053365/cokeq22026ex-991.htm,True,
ZVRA,2026-08-05 00:00:00,https://www.sec.gov/Archives/edgar/data/1434647/000143464726000067/0001434647-26-000067-index.htm,8-K,8-K,https://www.sec.gov/Archives/edgar/data/1434647/000143464726000067/zvra-20260805.htm,False,
ZVRA,2026-08-05 00:00:00,https://www.sec.gov/Archives/edgar/data/1434647/000143464726000067/0001434647-26-000067-index.htm,EX-99.1,EX-99.1,https://www.sec.gov/Archives/edgar/data/1434647/000143464726000067/zvra-20260805xex991earnings.htm,False,
KMPH,2026-08-05 00:00:00,https://www.sec.gov/Archives/edgar/data/1434647/000143464726000067/0001434647-26-000067-index.htm,8-K,8-K,https://www.sec.gov/Archives/edgar/data/1434647/000143464726000067/zvra-20260805.htm,False,
KMPH,2026-08-05 00:00:00,https://www.sec.gov/Archives/edgar/data/1434647/000143464726000067/0001434647-26-000067-index.htm,EX-99.1,EX-99.1,https://www.sec.gov/Archives/edgar/data/1434647/000143464726000067/zvra-20260805xex991earnings.htm,False,
SAIA,2026-08-05 00:00:00,https://www.sec.gov/Archives/edgar/data/1177702/000119312526335131/0001193125-26-335131-index.htm,8-K,8-K,https://www.sec.gov/Archives/edgar/data/1177702/000119312526335131/saia-20260730.htm,False,
SAIA,2026-08-05 00:00:00,https://www.sec.gov/Archives/edgar/data/1177702/000119312526335131/0001193125-26-335131-index.htm,EX-99.1,EX-99.1,https://www.sec.gov/Archives/edgar/data/1177702/000119312526335131/saia-ex99_1.htm,False,
ATEN,2026-08-05 00:00:00,https://www.sec.gov/Archives/edgar/data/1580808/000158080826000042/0001580808-26-000042-index.htm,8-K,8-K,https://www.sec.gov/Archives/edgar/data/1580808/000158080826000042/aten-20260805.htm,False,
ATEN,2026-08-05 00:00:00,https://www.sec.gov/Archives/edgar/data/1580808/000158080826000042/0001580808-26-000042-index.htm,EX-99.1,EX-99.1,https://www.sec.gov/Archives/edgar/data/1580808/000158080826000042/q2-26exx9918052026earnings.htm,False,
TRLV,2026-08-05 00:00:00,https://www.sec.gov/Archives/edgar/data/1754195/000175419526000062/0001754195-26-000062-index.htm,8-K,8-K,https://www.sec.gov/Archives/edgar/data/1754195/000175419526000062/tcnnf-20260805.htm,False,
TCNNF,2026-08-05 00:00:00,https://www.sec.gov/Archives/edgar/data/1754195/000175419526000062/0001754195-26-000062-index.htm,8-K,8-K,https://www.sec.gov/Archives/edgar/data/1754195/000175419526000062/tcnnf-20260805.htm,False,
FLT,2026-08-05 00:00:00,https://www.sec.gov/Archives/edgar/data/1175454/000117545426000045/0001175454-26-000045-index.htm,8-K,8-K,https://www.sec.gov/Archives/edgar/data/1175454/000117545426000045/flt-20260805.htm,False,
FLT,2026-08-05 00:00:00,https://www.sec.gov/Archives/edgar/data/1175454/000117545426000045/0001175454-26-000045-index.htm,EX-99.1,EX-99.1,https://www.sec.gov/Archives/edgar/data/1175454/000117545426000045/ex991q2_2026.htm,True,
CPAY,2026-08-05 00:00:00,https://www.sec.gov/Archives/edgar/data/1175454/000117545426000045/0001175454-26-000045-index.htm,8-K,8-K,https://www.sec.gov/Archives/edgar/data/1175454/000117545426000045/flt-20260805.htm,False,
CPAY,2026-08-05 00:00:00,https://www.sec.gov/Archives/edgar/data/1175454/000117545426000045/0001175454-26-000045-index.htm,EX-99.1,EX-99.1,https://www.sec.gov/Archives/edgar/data/1175454/000117545426000045/ex991q2_2026.htm,True,
NVST,2026-08-05 00:00:00,https://www.sec.gov/Archives/edgar/data/1757073/000175707326000063/0001757073-26-000063-index.htm,8-K,8-K,https://www.sec.gov/Archives/edgar/data/1757073/000175707326000063/nvst-20260805.htm,False,
NVST,2026-08-05 00:00:00,https://www.sec.gov/Archives/edgar/data/1757073/000175707326000063/0001757073-26-000063-index.htm,EX-99.1,EX-99.1,https://www.sec.gov/Archives/edgar/data/1757073/000175707326000063/nvst-ex991x7326xworkingfil.htm,False,
MSI,2026-08-05 00:00:00,https://www.sec.gov/Archives/edgar/data/68505/000006850526000027/0000068505-26-000027-index.htm,8-K,8-K,https://www.sec.gov/Archives/edgar/data/68505/000006850526000027/msi-20260805.htm,False,
MSI,2026-08-05 00:00:00,https://www.sec.gov/Archives/edgar/data/68505/000006850526000027/0000068505-26-000027-index.htm,EX-99.1,EX-99.1,https://www.sec.gov/Archives/edgar/data/68505/000006850526000027/msiq22026pressrelease.htm,True,
AXON,2026-08-05 00:00:00,https://www.sec.gov/Archives/edgar/data/1069183/000162828026053363/0001628280-26-053363-index.htm,8-K,8-K,https://www.sec.gov/Archives/edgar/data/1069183/000162828026053363/axon-20260805.htm,False,
AXON,2026-08-05 00:00:00,https://www.sec.gov/Archives/edgar/data/1069183/000162828026053363/0001628280-26-053363-index.htm,EX-99.1,EX-99.1,https://www.sec.gov/Archives/edgar/data/1069183/000162828026053363/axon-20260805xex991.htm,True,
DASH,2026-08-05 00:00:00,https://www.sec.gov/Archives/edgar/data/1792789/000179278926000048/0001792789-26-000048-index.htm,8-K,8-K,https://www.sec.gov/Archives/edgar/data/1792789/000179278926000048/dash-20260805.htm,False,
DASH,2026-08-05 00:00:00,https://www.sec.gov/Archives/edgar/data/1792789/000179278926000048/0001792789-26-000048-index.htm,EX-99.1,EX-99.1,https://www.sec.gov/Archives/edgar/data/1792789/000179278926000048/proddashex991-pressrelease.htm,False,
CAI,2026-08-05 00:00:00,https://www.sec.gov/Archives/edgar/data/2019410/000201941026000053/0002019410-26-000053-index.htm,8-K,8-K,https://www.sec.gov/Archives/edgar/data/2019410/000201941026000053/cai-20260805.htm,False,
CAI,2026-08-05 00:00:00,https://www.sec.gov/Archives/edgar/data/2019410/000201941026000053/0002019410-26-000053-index.htm,EX-99.1,EX-99.1,https://www.sec.gov/Archives/edgar/data/2019410/000201941026000053/cai_ex99-1.htm,True,
EZPW,2026-08-05 00:00:00,https://www.sec.gov/Archives/edgar/data/876523/000087652326000064/0000876523-26-000064-index.htm,8-K,8-K,https://www.sec.gov/Archives/edgar/data/876523/000087652326000064/ezpw-20260805.htm,False,
EZPW,2026-08-05 00:00:00,https://www.sec.gov/Archives/edgar/data/876523/000087652326000064/0000876523-26-000064-index.htm,EX-99.1,EX-99.1,https://www.sec.gov/Archives/edgar/data/876523/000087652326000064/a2026-q3pressreleaseex991.htm,False,
SOLV,2026-08-05 00:00:00,https://www.sec.gov/Archives/edgar/data/1964738/000196473826000043/0001964738-26-000043-index.htm,8-K,8-K,https://www.sec.gov/Archives/edgar/data/1964738/000196473826000043/solv-20260805.htm,False,
SOLV,2026-08-05 00:00:00,https://www.sec.gov/Archives/edgar/data/1964738/000196473826000043/0001964738-26-000043-index.htm,EX-99.1,EX-99.1,https://www.sec.gov/Archives/edgar/data/1964738/000196473826000043/solv_prxhisseparationannou.htm,False,
VVI,2026-08-05 00:00:00,https://www.sec.gov/Archives/edgar/data/884219/000119312526335125/0001193125-26-335125-index.htm,8-K,8-K,https://www.sec.gov/Archives/edgar/data/884219/000119312526335125/prsu-20260805.htm,False,
VVI,2026-08-05 00:00:00,https://www.sec.gov/Archives/edgar/data/884219/000119312526335125/0001193125-26-335125-index.htm,EX-99.1,EX-99.1,https://www.sec.gov/Archives/edgar/data/884219/000119312526335125/prsu-ex99_1.htm,True,
PRSU,2026-08-05 00:00:00,https://www.sec.gov/Archives/edgar/data/884219/000119312526335125/0001193125-26-335125-index.htm,8-K,8-K,https://www.sec.gov/Archives/edgar/data/884219/000119312526335125/prsu-20260805.htm,False,
PRSU,2026-08-05 00:00:00,https://www.sec.gov/Archives/edgar/data/884219/000119312526335125/0001193125-26-335125-index.htm,EX-99.1,EX-99.1,https://www.sec.gov/Archives/edgar/data/884219/000119312526335125/prsu-ex99_1.htm,True,
SITM,2026-08-05 00:00:00,https://www.sec.gov/Archives/edgar/data/1451809/000145180926000059/0001451809-26-000059-index.htm,8-K,8-K,https://www.sec.gov/Archives/edgar/data/1451809/000145180926000059/sitm-20260805.htm,False,
SITM,2026-08-05 00:00:00,https://www.sec.gov/Archives/edgar/data/1451809/000145180926000059/0001451809-26-000059-index.htm,EX-99.1,EX-99.1,https://www.sec.gov/Archives/edgar/data/1451809/000145180926000059/sitm-q226x8kxexx991.htm,False,
RELY,2026-08-05 00:00:00,https://www.sec.gov/Archives/edgar/data/1782170/000162828026053361/0001628280-26-053361-index.htm,8-K,8-K,https://www.sec.gov/Archives/edgar/data/1782170/000162828026053361/rely-20260805.htm,False,
RELY,2026-08-05 00:00:00,https://www.sec.gov/Archives/edgar/data/1782170/000162828026053361/0001628280-26-053361-index.htm,EX-99.1,EX-99.1,https://www.sec.gov/Archives/edgar/data/1782170/000162828026053361/rely2q26-earningspr.htm,True,
MEG,2026-08-05 00:00:00,https://www.sec.gov/Archives/edgar/data/1643615/000119312526335121/0001193125-26-335121-index.htm,8-K,8-K,https://www.sec.gov/Archives/edgar/data/1643615/000119312526335121/ont-20260805.htm,True,
None,2026-08-05 00:00:00,https://www.sec.gov/Archives/edgar/data/2080216/000119312526335120/0001193125-26-335120-index.htm,8-K,8-K,https://www.sec.gov/Archives/edgar/data/2080216/000119312526335120/d77489d8k.htm,True,
None,2026-08-05 00:00:00,https://www.sec.gov/Archives/edgar/data/2080216/000119312526335120/0001193125-26-335120-index.htm,EX-10.1,EX-10.1,https://www.sec.gov/Archives/edgar/data/2080216/000119312526335120/d77489dex101.htm,False,
None,2026-08-05 00:00:00,https://www.sec.gov/Archives/edgar/data/2080216/000119312526335120/0001193125-26-335120-index.htm,EX-10.2,EX-10.2,https://www.sec.gov/Archives/edgar/data/2080216/000119312526335120/d77489dex102.htm,False,
None,2026-08-05 00:00:00,https://www.sec.gov/Archives/edgar/data/2080216/000119312526335120/0001193125-26-335120-index.htm,EX-99.1,EX-99.1,https://www.sec.gov/Archives/edgar/data/2080216/000119312526335120/d77489dex991.htm,False,
DAVEW,2026-08-05 00:00:00,https://www.sec.gov/Archives/edgar/data/1841408/000119312526335119/0001193125-26-335119-index.htm,8-K,8-K,https://www.sec.gov/Archives/edgar/data/1841408/000119312526335119/dave-20260805.htm,False,
DAVEW,2026-08-05 00:00:00,https://www.sec.gov/Archives/edgar/data/1841408/000119312526335119/0001193125-26-335119-index.htm,EX-99.1,EX-99.1,https://www.sec.gov/Archives/edgar/data/1841408/000119312526335119/dave-ex99_1.htm,False,
DAVE,2026-08-05 00:00:00,https://www.sec.gov/Archives/edgar/data/1841408/000119312526335119/0001193125-26-335119-index.htm,8-K,8-K,https://www.sec.gov/Archives/edgar/data/1841408/000119312526335119/dave-20260805.htm,False,
DAVE,2026-08-05 00:00:00,https://www.sec.gov/Archives/edgar/data/1841408/000119312526335119/0001193125-26-335119-index.htm,EX-99.1,EX-99.1,https://www.sec.gov/Archives/edgar/data/1841408/000119312526335119/dave-ex99_1.htm,False,
CWEN-A,2026-08-05 00:00:00,https://www.sec.gov/Archives/edgar/data/1567683/000162828026053357/0001628280-26-053357-index.htm,8-K,8-K,https://www.sec.gov/Archives/edgar/data/1567683/000162828026053357/cwen-20260805.htm,False,
CWEN-A,2026-08-05 00:00:00,https://www.sec.gov/Archives/edgar/data/1567683/000162828026053357/0001628280-26-053357-index.htm,EX-99.1,EX-99.1,https://www.sec.gov/Archives/edgar/data/1567683/000162828026053357/exhibit991-clearwayenergyi.htm,True,
CWEN,2026-08-05 00:00:00,https://www.sec.gov/Archives/edgar/data/1567683/000162828026053357/0001628280-26-053357-index.htm,8-K,8-K,https://www.sec.gov/Archives/edgar/data/1567683/000162828026053357/cwen-20260805.htm,False,
CWEN,2026-08-05 00:00:00,https://www.sec.gov/Archives/edgar/data/1567683/000162828026053357/0001628280-26-053357-index.htm,EX-99.1,EX-99.1,https://www.sec.gov/Archives/edgar/data/1567683/000162828026053357/exhibit991-clearwayenergyi.htm,True,
PTGX,2026-08-05 00:00:00,https://www.sec.gov/Archives/edgar/data/1377121/000110465926091099/0001104659-26-091099-index.htm,8-K,FORM 8-K,https://www.sec.gov/Archives/edgar/data/1377121/000110465926091099/tm2622272d1_8k.htm,False,
PTGX,2026-08-05 00:00:00,https://www.sec.gov/Archives/edgar/data/1377121/000110465926091099/0001104659-26-091099-index.htm,EX-99.1,EXHIBIT 99.1,https://www.sec.gov/Archives/edgar/data/1377121/000110465926091099/tm2622272d1_ex99-1.htm,False,
XYZ,2026-08-05 00:00:00,https://www.sec.gov/Archives/edgar/data/1512673/000119312526335117/0001193125-26-335117-index.htm,8-K,8-K,https://www.sec.gov/Archives/edgar/data/1512673/000119312526335117/d91486d8k.htm,False,
XYZ,2026-08-05 00:00:00,https://www.sec.gov/Archives/edgar/data/1512673/000119312526335117/0001193125-26-335117-index.htm,EX-99.1,EX-99.1,https://www.sec.gov/Archives/edgar/data/1512673/000119312526335117/d91486dex991.htm,True,
SQ,2026-08-05 00:00:00,https://www.sec.gov/Archives/edgar/data/1512673/000119312526335117/0001193125-26-335117-index.htm,8-K,8-K,https://www.sec.gov/Archives/edgar/data/1512673/000119312526335117/d91486d8k.htm,False,
SQ,2026-08-05 00:00:00,https://www.sec.gov/Archives/edgar/data/1512673/000119312526335117/0001193125-26-335117-index.htm,EX-99.1,EX-99.1,https://www.sec.gov/Archives/edgar/data/1512673/000119312526335117/d91486dex991.htm,True,
BSQKZ,2026-08-05 00:00:00,https://www.sec.gov/Archives/edgar/data/1512673/000119312526335117/0001193125-26-335117-index.htm,8-K,8-K,https://www.sec.gov/Archives/edgar/data/1512673/000119312526335117/d91486d8k.htm,False,
BSQKZ,2026-08-05 00:00:00,https://www.sec.gov/Archives/edgar/data/1512673/000119312526335117/0001193125-26-335117-index.htm,EX-99.1,EX-99.1,https://www.sec.gov/Archives/edgar/data/1512673/000119312526335117/d91486dex991.htm,True,
ZBH,2026-08-05 00:00:00,https://www.sec.gov/Archives/edgar/data/1136869/000119312526335108/0001193125-26-335108-index.htm,8-K,8-K,https://www.sec.gov/Archives/edgar/data/1136869/000119312526335108/zbh-20260805.htm,False,
ZBH,2026-08-05 00:00:00,https://www.sec.gov/Archives/edgar/data/1136869/000119312526335108/0001193125-26-335108-index.htm,EX-99.1,EX-99.1,https://www.sec.gov/Archives/edgar/data/1136869/000119312526335108/zbh-ex99_1.htm,True,
WERN,2026-08-05 00:00:00,https://www.sec.gov/Archives/edgar/data/793074/000079307426000132/0000793074-26-000132-index.htm,8-K,8-K,https://www.sec.gov/Archives/edgar/data/793074/000079307426000132/wern-20260805.htm,False,
WERN,2026-08-05 00:00:00,https://www.sec.gov/Archives/edgar/data/793074/000079307426000132/0000793074-26-000132-index.htm,EX-99.1,EX-99.1,https://www.sec.gov/Archives/edgar/data/793074/000079307426000132/wern-8xk80526exhibit.htm,False,
LFMDP,2026-08-05 00:00:00,https://www.sec.gov/Archives/edgar/data/948320/000149315226036170/0001493152-26-036170-index.htm,8-K,8-K,https://www.sec.gov/Archives/edgar/data/948320/000149315226036170/form8-k.htm,False,
LFMDP,2026-08-05 00:00:00,https://www.sec.gov/Archives/edgar/data/948320/000149315226036170/0001493152-26-036170-index.htm,EX-99.1,EX-99.1,https://www.sec.gov/Archives/edgar/data/948320/000149315226036170/ex99-1.htm,True,
LFMD,2026-08-05 00:00:00,https://www.sec.gov/Archives/edgar/data/948320/000149315226036170/0001493152-26-036170-index.htm,8-K,8-K,https://www.sec.gov/Archives/edgar/data/948320/000149315226036170/form8-k.htm,False,
LFMD,2026-08-05 00:00:00,https://www.sec.gov/Archives/edgar/data/948320/000149315226036170/0001493152-26-036170-index.htm,EX-99.1,EX-99.1,https://www.sec.gov/Archives/edgar/data/948320/000149315226036170/ex99-1.htm,True,
ADMA,2026-08-05 00:00:00,https://www.sec.gov/Archives/edgar/data/1368514/000114036126031423/0001140361-26-031423-index.htm,8-K,8-K,https://www.sec.gov/Archives/edgar/data/1368514/000114036126031423/ef20079311_8k.htm,False,
ADMA,2026-08-05 00:00:00,https://www.sec.gov/Archives/edgar/data/1368514/000114036126031423/0001140361-26-031423-index.htm,EX-99.1,EXHIBIT 99.1,https://www.sec.gov/Archives/edgar/data/1368514/000114036126031423/ef20079311_ex99-1.htm,True,
APEI,2026-08-05 00:00:00,https://www.sec.gov/Archives/edgar/data/1201792/000110465926091094/0001104659-26-091094-index.htm,8-K,FORM 8-K,https://www.sec.gov/Archives/edgar/data/1201792/000110465926091094/tm2622340d1_8k.htm,False,
CHYM,2026-08-05 00:00:00,https://www.sec.gov/Archives/edgar/data/1795586/000179558626000046/0001795586-26-000046-index.htm,8-K,8-K,https://www.sec.gov/Archives/edgar/data/1795586/000179558626000046/chym-20260731.htm,False,
CHYM,2026-08-05 00:00:00,https://www.sec.gov/Archives/edgar/data/1795586/000179558626000046/0001795586-26-000046-index.htm,EX-10.1,EX-10.1,https://www.sec.gov/Archives/edgar/data/1795586/000179558626000046/ex101-transitionagreement.htm,False,
CHYM,2026-08-05 00:00:00,https://www.sec.gov/Archives/edgar/data/1795586/000179558626000046/0001795586-26-000046-index.htm,EX-99.1,EX-99.1,https://www.sec.gov/Archives/edgar/data/1795586/000179558626000046/ex991q226.htm,False,
TDUP,2026-08-05 00:00:00,https://www.sec.gov/Archives/edgar/data/1484778/000148477826000024/0001484778-26-000024-index.htm,8-K,8-K,https://www.sec.gov/Archives/edgar/data/1484778/000148477826000024/tdup-20260805.htm,False,
TDUP,2026-08-05 00:00:00,https://www.sec.gov/Archives/edgar/data/1484778/000148477826000024/0001484778-26-000024-index.htm,EX-99.1,EX-99.1,https://www.sec.gov/Archives/edgar/data/1484778/000148477826000024/exhibit991earningsreleaseq.htm,False,
PR,2026-08-05 00:00:00,https://www.sec.gov/Archives/edgar/data/1658566/000165856626000094/0001658566-26-000094-index.htm,8-K,8-K,https://www.sec.gov/Archives/edgar/data/1658566/000165856626000094/pr-20260805.htm,False,
PR,2026-08-05 00:00:00,https://www.sec.gov/Archives/edgar/data/1658566/000165856626000094/0001658566-26-000094-index.htm,EX-99.1,EX-99.1,https://www.sec.gov/Archives/edgar/data/1658566/000165856626000094/ex991prq22026earningsrelea.htm,True,
CDEV,2026-08-05 00:00:00,https://www.sec.gov/Archives/edgar/data/1658566/000165856626000094/0001658566-26-000094-index.htm,8-K,8-K,https://www.sec.gov/Archives/edgar/data/1658566/000165856626000094/pr-20260805.htm,False,
CDEV,2026-08-05 00:00:00,https://www.sec.gov/Archives/edgar/data/1658566/000165856626000094/0001658566-26-000094-index.htm,EX-99.1,EX-99.1,https://www.sec.gov/Archives/edgar/data/1658566/000165856626000094/ex991prq22026earningsrelea.htm,True,
VRRMW,2026-08-05 00:00:00,https://www.sec.gov/Archives/edgar/data/1682745/000119312526335111/0001193125-26-335111-index.htm,8-K,8-K,https://www.sec.gov/Archives/edgar/data/1682745/000119312526335111/vrrm-20260805.htm,False,
VRRMW,2026-08-05 00:00:00,https://www.sec.gov/Archives/edgar/data/1682745/000119312526335111/0001193125-26-335111-index.htm,EX-99.1,EX-99.1,https://www.sec.gov/Archives/edgar/data/1682745/000119312526335111/vrrm-ex99_1.htm,True,
VRRM,2026-08-05 00:00:00,https://www.sec.gov/Archives/edgar/data/1682745/000119312526335111/0001193125-26-335111-index.htm,8-K,8-K,https://www.sec.gov/Archives/edgar/data/1682745/000119312526335111/vrrm-20260805.htm,False,
VRRM,2026-08-05 00:00:00,https://www.sec.gov/Archives/edgar/data/1682745/000119312526335111/0001193125-26-335111-index.htm,EX-99.1,EX-99.1,https://www.sec.gov/Archives/edgar/data/1682745/000119312526335111/vrrm-ex99_1.htm,True,
HDSN,2026-08-05 00:00:00,https://www.sec.gov/Archives/edgar/data/925528/000110465926091092/0001104659-26-091092-index.htm,8-K,FORM 8-K,https://www.sec.gov/Archives/edgar/data/925528/000110465926091092/tm2622080d1_8k.htm,False,
HDSN,2026-08-05 00:00:00,https://www.sec.gov/Archives/edgar/data/925528/000110465926091092/0001104659-26-091092-index.htm,EX-99.1,EXHIBIT 99.1,https://www.sec.gov/Archives/edgar/data/925528/000110465926091092/tm2622080d1_ex99-1.htm,False,
MGY,2026-08-05 00:00:00,https://www.sec.gov/Archives/edgar/data/1698990/000110465926091091/0001104659-26-091091-index.htm,8-K,FORM 8-K,https://www.sec.gov/Archives/edgar/data/1698990/000110465926091091/tm2622270d1_8k.htm,True,
MYO,2026-08-05 00:00:00,https://www.sec.gov/Archives/edgar/data/1369290/000119312526335109/0001193125-26-335109-index.htm,8-K,8-K,https://www.sec.gov/Archives/edgar/data/1369290/000119312526335109/myo-20260805.htm,False,
MYO,2026-08-05 00:00:00,https://www.sec.gov/Archives/edgar/data/1369290/000119312526335109/0001193125-26-335109-index.htm,EX-99.1,EX-99.1,https://www.sec.gov/Archives/edgar/data/1369290/000119312526335109/myo-ex99_1.htm,False,
LAB,2026-08-05 00:00:00,https://www.sec.gov/Archives/edgar/data/1162194/000119312526335106/0001193125-26-335106-index.htm,8-K,8-K,https://www.sec.gov/Archives/edgar/data/1162194/000119312526335106/lab-20260805.htm,False,
LAB,2026-08-05 00:00:00,https://www.sec.gov/Archives/edgar/data/1162194/000119312526335106/0001193125-26-335106-index.htm,EX-99.1,EX-99.1,https://www.sec.gov/Archives/edgar/data/1162194/000119312526335106/lab-ex99_1.htm,False,
FLDM,2026-08-05 00:00:00,https://www.sec.gov/Archives/edgar/data/1162194/000119312526335106/0001193125-26-335106-index.htm,8-K,8-K,https://www.sec.gov/Archives/edgar/data/1162194/000119312526335106/lab-20260805.htm,False,
FLDM,2026-08-05 00:00:00,https://www.sec.gov/Archives/edgar/data/1162194/000119312526335106/0001193125-26-335106-index.htm,EX-99.1,EX-99.1,https://www.sec.gov/Archives/edgar/data/1162194/000119312526335106/lab-ex99_1.htm,False,
PKOH,2026-08-05 00:00:00,https://www.sec.gov/Archives/edgar/data/76282/000007628226000025/0000076282-26-000025-index.htm,8-K,8-K,https://www.sec.gov/Archives/edgar/data/76282/000007628226000025/pkoh-20260805.htm,False,
PKOH,2026-08-05 00:00:00,https://www.sec.gov/Archives/edgar/data/76282/000007628226000025/0000076282-26-000025-index.htm,EX-99.1,EX-99.1,https://www.sec.gov/Archives/edgar/data/76282/000007628226000025/pkoh20260630-ex991earnings.htm,True,
PAYC,2026-08-05 00:00:00,https://www.sec.gov/Archives/edgar/data/1590955/000119312526335105/0001193125-26-335105-index.htm,8-K,8-K,https://www.sec.gov/Archives/edgar/data/1590955/000119312526335105/payc-20260805.htm,False,
PAYC,2026-08-05 00:00:00,https://www.sec.gov/Archives/edgar/data/1590955/000119312526335105/0001193125-26-335105-index.htm,EX-99.1,EX-99.1,https://www.sec.gov/Archives/edgar/data/1590955/000119312526335105/payc-ex99_1.htm,True,
AEVAW,2026-08-05 00:00:00,https://www.sec.gov/Archives/edgar/data/1789029/000119312526335102/0001193125-26-335102-index.htm,8-K,8-K,https://www.sec.gov/Archives/edgar/data/1789029/000119312526335102/aeva-20260730.htm,False,
AEVAW,2026-08-05 00:00:00,https://www.sec.gov/Archives/edgar/data/1789029/000119312526335102/0001193125-26-335102-index.htm,EX-99.1,EX-99.1,https://www.sec.gov/Archives/edgar/data/1789029/000119312526335102/aeva-ex99_1.htm,False,
AEVA-WT,2026-08-05 00:00:00,https://www.sec.gov/Archives/edgar/data/1789029/000119312526335102/0001193125-26-335102-index.htm,8-K,8-K,https://www.sec.gov/Archives/edgar/data/1789029/000119312526335102/aeva-20260730.htm,False,
AEVA-WT,2026-08-05 00:00:00,https://www.sec.gov/Archives/edgar/data/1789029/000119312526335102/0001193125-26-335102-index.htm,EX-99.1,EX-99.1,https://www.sec.gov/Archives/edgar/data/1789029/000119312526335102/aeva-ex99_1.htm,False,
AEVA,2026-08-05 00:00:00,https://www.sec.gov/Archives/edgar/data/1789029/000119312526335102/0001193125-26-335102-index.htm,8-K,8-K,https://www.sec.gov/Archives/edgar/data/1789029/000119312526335102/aeva-20260730.htm,False,
AEVA,2026-08-05 00:00:00,https://www.sec.gov/Archives/edgar/data/1789029/000119312526335102/0001193125-26-335102-index.htm,EX-99.1,EX-99.1,https://www.sec.gov/Archives/edgar/data/1789029/000119312526335102/aeva-ex99_1.htm,False,
IMRA,2026-08-05 00:00:00,https://www.sec.gov/Archives/edgar/data/1672619/000119312526335101/0001193125-26-335101-index.htm,8-K,8-K,https://www.sec.gov/Archives/edgar/data/1672619/000119312526335101/elvn-20260805.htm,False,
IMRA,2026-08-05 00:00:00,https://www.sec.gov/Archives/edgar/data/1672619/000119312526335101/0001193125-26-335101-index.htm,EX-99.1,EX-99.1,https://www.sec.gov/Archives/edgar/data/1672619/000119312526335101/elvn-ex99_1.htm,False,
ELVN,2026-08-05 00:00:00,https://www.sec.gov/Archives/edgar/data/1672619/000119312526335101/0001193125-26-335101-index.htm,8-K,8-K,https://www.sec.gov/Archives/edgar/data/1672619/000119312526335101/elvn-20260805.htm,False,
ELVN,2026-08-05 00:00:00,https://www.sec.gov/Archives/edgar/data/1672619/000119312526335101/0001193125-26-335101-index.htm,EX-99.1,EX-99.1,https://www.sec.gov/Archives/edgar/data/1672619/000119312526335101/elvn-ex99_1.htm,False,
OLP,2026-08-05 00:00:00,https://www.sec.gov/Archives/edgar/data/712770/000121390026085673/0001213900-26-085673-index.htm,8-K,CURRENT REPORT,https://www.sec.gov/Archives/edgar/data/712770/000121390026085673/ea0300648-8k_oneliberty.htm,False,
OLP,2026-08-05 00:00:00,https://www.sec.gov/Archives/edgar/data/712770/000121390026085673/0001213900-26-085673-index.htm,EX-99.1,"PRESS RELEASE DATED AUGUST 5, 2026",https://www.sec.gov/Archives/edgar/data/712770/000121390026085673/ea030064801ex99-1.htm,True,
RAMP,2026-08-05 00:00:00,https://www.sec.gov/Archives/edgar/data/733269/000073326926000045/0000733269-26-000045-index.htm,8-K,8-K,https://www.sec.gov/Archives/edgar/data/733269/000073326926000045/ramp-20260805.htm,False,
RAMP,2026-08-05 00:00:00,https://www.sec.gov/Archives/edgar/data/733269/000073326926000045/0000733269-26-000045-index.htm,EX-99.1,EX-99.1 EARNINGS RELEASE,https://www.sec.gov/Archives/edgar/data/733269/000073326926000045/a2027q1pressreleaseforedgar.htm,False,
TNYA,2026-08-05 00:00:00,https://www.sec.gov/Archives/edgar/data/1858848/000119312526335098/0001193125-26-335098-index.htm,8-K,8-K,https://www.sec.gov/Archives/edgar/data/1858848/000119312526335098/tnya-20260805.htm,False,
TNYA,2026-08-05 00:00:00,https://www.sec.gov/Archives/edgar/data/1858848/000119312526335098/0001193125-26-335098-index.htm,EX-99.1,EX-99.1,https://www.sec.gov/Archives/edgar/data/1858848/000119312526335098/tnya-ex99_1.htm,True,
VIR,2026-08-05 00:00:00,https://www.sec.gov/Archives/edgar/data/1706431/000162828026053351/0001628280-26-053351-index.htm,8-K,8-K,https://www.sec.gov/Archives/edgar/data/1706431/000162828026053351/vir-20260805.htm,False,
VIR,2026-08-05 00:00:00,https://www.sec.gov/Archives/edgar/data/1706431/000162828026053351/0001628280-26-053351-index.htm,EX-99.1,EX-99.1,https://www.sec.gov/Archives/edgar/data/1706431/000162828026053351/a20260805-q2ex991earningsr.htm,False,
GDRX,2026-08-05 00:00:00,https://www.sec.gov/Archives/edgar/data/1809519/000180951926000153/0001809519-26-000153-index.htm,8-K,8-K,https://www.sec.gov/Archives/edgar/data/1809519/000180951926000153/gdrx-20260731.htm,False,
AESC,2026-08-05 00:00:00,https://www.sec.gov/Archives/edgar/data/874761/000095010326011951/0000950103-26-011951-index.htm,8-K,FORM 8-K,https://www.sec.gov/Archives/edgar/data/874761/000095010326011951/dp251078_8k.htm,True,
AESC,2026-08-05 00:00:00,https://www.sec.gov/Archives/edgar/data/874761/000095010326011951/0000950103-26-011951-index.htm,EX-10.1,EXHIBIT10.1,https://www.sec.gov/Archives/edgar/data/874761/000095010326011951/dp251078_ex1001.htm,True,
AESC,2026-08-05 00:00:00,https://www.sec.gov/Archives/edgar/data/874761/000095010326011951/0000950103-26-011951-index.htm,EX-10.2,EXHIBIT 10.2,https://www.sec.gov/Archives/edgar/data/874761/000095010326011951/dp251078_ex1002.htm,True,
IPWLP,2026-08-05 00:00:00,https://www.sec.gov/Archives/edgar/data/874761/000095010326011951/0000950103-26-011951-index.htm,8-K,FORM 8-K,https://www.sec.gov/Archives/edgar/data/874761/000095010326011951/dp251078_8k.htm,True,
IPWLP,2026-08-05 00:00:00,https://www.sec.gov/Archives/edgar/data/874761/000095010326011951/0000950103-26-011951-index.htm,EX-10.1,EXHIBIT10.1,https://www.sec.gov/Archives/edgar/data/874761/000095010326011951/dp251078_ex1001.htm,True,
IPWLP,2026-08-05 00:00:00,https://www.sec.gov/Archives/edgar/data/874761/000095010326011951/0000950103-26-011951-index.htm,EX-10.2,EXHIBIT 10.2,https://www.sec.gov/Archives/edgar/data/874761/000095010326011951/dp251078_ex1002.htm,True,
IPWLK,2026-08-05 00:00:00,https://www.sec.gov/Archives/edgar/data/874761/000095010326011951/0000950103-26-011951-index.htm,8-K,FORM 8-K,https://www.sec.gov/Archives/edgar/data/874761/000095010326011951/dp251078_8k.htm,True,
IPWLK,2026-08-05 00:00:00,https://www.sec.gov/Archives/edgar/data/874761/000095010326011951/0000950103-26-011951-index.htm,EX-10.1,EXHIBIT10.1,https://www.sec.gov/Archives/edgar/data/874761/000095010326011951/dp251078_ex1001.htm,True,
IPWLK,2026-08-05 00:00:00,https://www.sec.gov/Archives/edgar/data/874761/000095010326011951/0000950103-26-011951-index.htm,EX-10.2,EXHIBIT 10.2,https://www.sec.gov/Archives/edgar/data/874761/000095010326011951/dp251078_ex1002.htm,True,
AES,2026-08-05 00:00:00,https://www.sec.gov/Archives/edgar/data/874761/000095010326011951/0000950103-26-011951-index.htm,8-K,FORM 8-K,https://www.sec.gov/Archives/edgar/data/874761/000095010326011951/dp251078_8k.htm,True,
AES,2026-08-05 00:00:00,https://www.sec.gov/Archives/edgar/data/874761/000095010326011951/0000950103-26-011951-index.htm,EX-10.1,EXHIBIT10.1,https://www.sec.gov/Archives/edgar/data/874761/000095010326011951/dp251078_ex1001.htm,True,
AES,2026-08-05 00:00:00,https://www.sec.gov/Archives/edgar/data/874761/000095010326011951/0000950103-26-011951-index.htm,EX-10.2,EXHIBIT 10.2,https://www.sec.gov/Archives/edgar/data/874761/000095010326011951/dp251078_ex1002.htm,True,
SGHT,2026-08-05 00:00:00,https://www.sec.gov/Archives/edgar/data/1531177/000119312526335092/0001193125-26-335092-index.htm,8-K,8-K,https://www.sec.gov/Archives/edgar/data/1531177/000119312526335092/sght-20260805.htm,False,
SGHT,2026-08-05 00:00:00,https://www.sec.gov/Archives/edgar/data/1531177/000119312526335092/0001193125-26-335092-index.htm,EX-99.1,EX-99.1,https://www.sec.gov/Archives/edgar/data/1531177/000119312526335092/sght-ex99_1.htm,False,
RUN,2026-08-05 00:00:00,https://www.sec.gov/Archives/edgar/data/1469367/000162828026053349/0001628280-26-053349-index.htm,8-K,8-K,https://www.sec.gov/Archives/edgar/data/1469367/000162828026053349/run-20260805.htm,False,
RUN,2026-08-05 00:00:00,https://www.sec.gov/Archives/edgar/data/1469367/000162828026053349/0001628280-26-053349-index.htm,EX-99.1,EX-99.1,https://www.sec.gov/Archives/edgar/data/1469367/000162828026053349/exhibit991q226.htm,False,
EXEL,2026-08-05 00:00:00,https://www.sec.gov/Archives/edgar/data/939767/000093976726000096/0000939767-26-000096-index.htm,8-K,8-K,https://www.sec.gov/Archives/edgar/data/939767/000093976726000096/exel-20260805.htm,False,
EXEL,2026-08-05 00:00:00,https://www.sec.gov/Archives/edgar/data/939767/000093976726000096/0000939767-26-000096-index.htm,EX-99.1,EX-99.1,https://www.sec.gov/Archives/edgar/data/939767/000093976726000096/exel20260630exhibit991.htm,False,
AKBA,2026-08-05 00:00:00,https://www.sec.gov/Archives/edgar/data/1517022/000151702226000050/0001517022-26-000050-index.htm,8-K,8-K,https://www.sec.gov/Archives/edgar/data/1517022/000151702226000050/akba-20260805.htm,False,
AKBA,2026-08-05 00:00:00,https://www.sec.gov/Archives/edgar/data/1517022/000151702226000050/0001517022-26-000050-index.htm,EX-99.1,EX-99.1,https://www.sec.gov/Archives/edgar/data/1517022/000151702226000050/q22026pr.htm,True,
XPER-WI,2026-08-05 00:00:00,https://www.sec.gov/Archives/edgar/data/1788999/000178899926000015/0001788999-26-000015-index.htm,8-K,8-K,https://www.sec.gov/Archives/edgar/data/1788999/000178899926000015/xper-20260805.htm,False,
XPER-WI,2026-08-05 00:00:00,https://www.sec.gov/Archives/edgar/data/1788999/000178899926000015/0001788999-26-000015-index.htm,EX-99.1,EX-99.1,https://www.sec.gov/Archives/edgar/data/1788999/000178899926000015/xper-ex99_1.htm,False,
XPER,2026-08-05 00:00:00,https://www.sec.gov/Archives/edgar/data/1788999/000178899926000015/0001788999-26-000015-index.htm,8-K,8-K,https://www.sec.gov/Archives/edgar/data/1788999/000178899926000015/xper-20260805.htm,False,
XPER,2026-08-05 00:00:00,https://www.sec.gov/Archives/edgar/data/1788999/000178899926000015/0001788999-26-000015-index.htm,EX-99.1,EX-99.1,https://www.sec.gov/Archives/edgar/data/1788999/000178899926000015/xper-ex99_1.htm,False,
ECPG,2026-08-05 00:00:00,https://www.sec.gov/Archives/edgar/data/1084961/000108496126000057/0001084961-26-000057-index.htm,8-K,8-K,https://www.sec.gov/Archives/edgar/data/1084961/000108496126000057/ecpg-20260805.htm,False,
ECPG,2026-08-05 00:00:00,https://www.sec.gov/Archives/edgar/data/1084961/000108496126000057/0001084961-26-000057-index.htm,EX-99.1,EX-99.1,https://www.sec.gov/Archives/edgar/data/1084961/000108496126000057/exhibit991ecpgq22026earnin.htm,False,
BLBD,2026-08-05 00:00:00,https://www.sec.gov/Archives/edgar/data/1589526/000158952626000046/0001589526-26-000046-index.htm,8-K,8-K,https://www.sec.gov/Archives/edgar/data/1589526/000158952626000046/blbd-20260805.htm,False,
BLBD,2026-08-05 00:00:00,https://www.sec.gov/Archives/edgar/data/1589526/000158952626000046/0001589526-26-000046-index.htm,EX-99.1,EX-99.1,https://www.sec.gov/Archives/edgar/data/1589526/000158952626000046/a2026q3resultsreleaseex991.htm,True,
DGII,2026-08-05 00:00:00,https://www.sec.gov/Archives/edgar/data/854775/000085477526000025/0000854775-26-000025-index.htm,8-K,8-K,https://www.sec.gov/Archives/edgar/data/854775/000085477526000025/dgii-20260805.htm,False,
DGII,2026-08-05 00:00:00,https://www.sec.gov/Archives/edgar/data/854775/000085477526000025/0000854775-26-000025-index.htm,EX-99.1,EX-99.1,https://www.sec.gov/Archives/edgar/data/854775/000085477526000025/dgii-ex991_20260805.htm,False,
KVYO,2026-08-05 00:00:00,https://www.sec.gov/Archives/edgar/data/1835830/000183583026000039/0001835830-26-000039-index.htm,8-K,8-K,https://www.sec.gov/Archives/edgar/data/1835830/000183583026000039/kvyo-20260805.htm,False,
KVYO,2026-08-05 00:00:00,https://www.sec.gov/Archives/edgar/data/1835830/000183583026000039/0001835830-26-000039-index.htm,EX-99.1,EX-99.1,https://www.sec.gov/Archives/edgar/data/1835830/000183583026000039/confidentialfiscalq22026ea.htm,False,
SNDKV,2026-08-05 00:00:00,https://www.sec.gov/Archives/edgar/data/2023554/000162828026053346/0001628280-26-053346-index.htm,8-K,8-K,https://www.sec.gov/Archives/edgar/data/2023554/000162828026053346/sndk-20260805.htm,False,
SNDKV,2026-08-05 00:00:00,https://www.sec.gov/Archives/edgar/data/2023554/000162828026053346/0001628280-26-053346-index.htm,EX-99.1,EX-99.1,https://www.sec.gov/Archives/edgar/data/2023554/000162828026053346/sndkq4-26ex991xpressrelease.htm,False,
DHX,2026-08-05 00:00:00,https://www.sec.gov/Archives/edgar/data/1393883/000139388326000106/0001393883-26-000106-index.htm,8-K,8-K,https://www.sec.gov/Archives/edgar/data/1393883/000139388326000106/dhx-20260805.htm,False,
DHX,2026-08-05 00:00:00,https://www.sec.gov/Archives/edgar/data/1393883/000139388326000106/0001393883-26-000106-index.htm,EX-99.1,EX-99.1 EARNINGS RELEASE,https://www.sec.gov/Archives/edgar/data/1393883/000139388326000106/a991-earningsrelease2026q2.htm,True,
SNDK,2026-08-05 00:00:00,https://www.sec.gov/Archives/edgar/data/2023554/000162828026053346/0001628280-26-053346-index.htm,8-K,8-K,https://www.sec.gov/Archives/edgar/data/2023554/000162828026053346/sndk-20260805.htm,False,
SNDK,2026-08-05 00:00:00,https://www.sec.gov/Archives/edgar/data/2023554/000162828026053346/0001628280-26-053346-index.htm,EX-99.1,EX-99.1,https://www.sec.gov/Archives/edgar/data/2023554/000162828026053346/sndkq4-26ex991xpressrelease.htm,False,
FLNC,2026-08-05 00:00:00,https://www.sec.gov/Archives/edgar/data/1868941/000186894126000028/0001868941-26-000028-index.htm,8-K,8-K,https://www.sec.gov/Archives/edgar/data/1868941/000186894126000028/flnc-20260805.htm,False,
FLNC,2026-08-05 00:00:00,https://www.sec.gov/Archives/edgar/data/1868941/000186894126000028/0001868941-26-000028-index.htm,EX-99.1,EX-99.1,https://www.sec.gov/Archives/edgar/data/1868941/000186894126000028/flncq3fy26earningspressrel.htm,True,
SMST,2026-08-05 00:00:00,https://www.sec.gov/Archives/edgar/data/1585389/000158538926000011/0001585389-26-000011-index.htm,8-K,8-K,https://www.sec.gov/Archives/edgar/data/1585389/000158538926000011/ck0001585389-20260805.htm,False,
SMA,2026-08-05 00:00:00,https://www.sec.gov/Archives/edgar/data/1585389/000158538926000011/0001585389-26-000011-index.htm,8-K,8-K,https://www.sec.gov/Archives/edgar/data/1585389/000158538926000011/ck0001585389-20260805.htm,False,
STSFF,2026-08-05 00:00:00,https://www.sec.gov/Archives/edgar/data/1585389/000158538926000011/0001585389-26-000011-index.htm,8-K,8-K,https://www.sec.gov/Archives/edgar/data/1585389/000158538926000011/ck0001585389-20260805.htm,False,
FSLY,2026-08-05 00:00:00,https://www.sec.gov/Archives/edgar/data/1517413/000151741326000212/0001517413-26-000212-index.htm,8-K,8-K,https://www.sec.gov/Archives/edgar/data/1517413/000151741326000212/fsly-20260805.htm,False,
FSLY,2026-08-05 00:00:00,https://www.sec.gov/Archives/edgar/data/1517413/000151741326000212/0001517413-26-000212-index.htm,EX-99.1,EX-99.1,https://www.sec.gov/Archives/edgar/data/1517413/000151741326000212/ex991-fslypressrelease63026.htm,False,
ARRY,2026-08-05 00:00:00,https://www.sec.gov/Archives/edgar/data/1820721/000162828026053342/0001628280-26-053342-index.htm,8-K,8-K,https://www.sec.gov/Archives/edgar/data/1820721/000162828026053342/arry-20260805.htm,False,
ARRY,2026-08-05 00:00:00,https://www.sec.gov/Archives/edgar/data/1820721/000162828026053342/0001628280-26-053342-index.htm,EX-99.1,EX-99.1,https://www.sec.gov/Archives/edgar/data/1820721/000162828026053342/exhibit9912026q2pressrelea.htm,True,
GRAL,2026-08-05 00:00:00,https://www.sec.gov/Archives/edgar/data/1699031/000162828026053341/0001628280-26-053341-index.htm,8-K,8-K,https://www.sec.gov/Archives/edgar/data/1699031/000162828026053341/gral-20260805.htm,False,
GRAL,2026-08-05 00:00:00,https://www.sec.gov/Archives/edgar/data/1699031/000162828026053341/0001628280-26-053341-index.htm,EX-99.1,EX-99.1,https://www.sec.gov/Archives/edgar/data/1699031/000162828026053341/ex9912026q2earningspressre.htm,False,
HMHW,2026-08-05 00:00:00,https://www.sec.gov/Archives/edgar/data/2021880/000162828026053339/0001628280-26-053339-index.htm,8-K,8-K,https://www.sec.gov/Archives/edgar/data/2021880/000162828026053339/hmh-20260805.htm,False,
HMHW,2026-08-05 00:00:00,https://www.sec.gov/Archives/edgar/data/2021880/000162828026053339/0001628280-26-053339-index.htm,EX-99.1,EX-99.1,https://www.sec.gov/Archives/edgar/data/2021880/000162828026053339/q22026exhibit991.htm,True,
KMPR,2026-08-05 00:00:00,https://www.sec.gov/Archives/edgar/data/860748/000086074826000082/0000860748-26-000082-index.htm,8-K,8-K,https://www.sec.gov/Archives/edgar/data/860748/000086074826000082/kmpr-20260805.htm,False,
KMPR,2026-08-05 00:00:00,https://www.sec.gov/Archives/edgar/data/860748/000086074826000082/0000860748-26-000082-index.htm,EX-99.1,EX-99.1,https://www.sec.gov/Archives/edgar/data/860748/000086074826000082/kmpr20266302026ex991release.htm,True,
KMPB,2026-08-05 00:00:00,https://www.sec.gov/Archives/edgar/data/860748/000086074826000082/0000860748-26-000082-index.htm,8-K,8-K,https://www.sec.gov/Archives/edgar/data/860748/000086074826000082/kmpr-20260805.htm,False,
KMPB,2026-08-05 00:00:00,https://www.sec.gov/Archives/edgar/data/860748/000086074826000082/0000860748-26-000082-index.htm,EX-99.1,EX-99.1,https://www.sec.gov/Archives/edgar/data/860748/000086074826000082/kmpr20266302026ex991release.htm,True,
O,2026-08-05 00:00:00,https://www.sec.gov/Archives/edgar/data/726728/000072672826000044/0000726728-26-000044-index.htm,8-K,8-K,https://www.sec.gov/Archives/edgar/data/726728/000072672826000044/o-20260805.htm,False,
O,2026-08-05 00:00:00,https://www.sec.gov/Archives/edgar/data/726728/000072672826000044/0000726728-26-000044-index.htm,EX-99.1,EX-99.1,https://www.sec.gov/Archives/edgar/data/726728/000072672826000044/o-991q22026.htm,True,
PCVX,2026-08-05 00:00:00,https://www.sec.gov/Archives/edgar/data/1649094/000164909426000041/0001649094-26-000041-index.htm,8-K,8-K,https://www.sec.gov/Archives/edgar/data/1649094/000164909426000041/pcvx-20260805.htm,False,
PCVX,2026-08-05 00:00:00,https://www.sec.gov/Archives/edgar/data/1649094/000164909426000041/0001649094-26-000041-index.htm,EX-99.1,EX-99.1,https://www.sec.gov/Archives/edgar/data/1649094/000164909426000041/pcvx-20260805xexx991.htm,False,
UHALB,2026-08-05 00:00:00,https://www.sec.gov/Archives/edgar/data/4457/000119312526335076/0001193125-26-335076-index.htm,8-K,8-K,https://www.sec.gov/Archives/edgar/data/4457/000119312526335076/uhal-20260805.htm,False,
UHALB,2026-08-05 00:00:00,https://www.sec.gov/Archives/edgar/data/4457/000119312526335076/0001193125-26-335076-index.htm,EX-99.1,EX-99.1,https://www.sec.gov/Archives/edgar/data/4457/000119312526335076/uhal-ex99_1.htm,False,
UHAL-B,2026-08-05 00:00:00,https://www.sec.gov/Archives/edgar/data/4457/000119312526335076/0001193125-26-335076-index.htm,8-K,8-K,https://www.sec.gov/Archives/edgar/data/4457/000119312526335076/uhal-20260805.htm,False,
UHAL-B,2026-08-05 00:00:00,https://www.sec.gov/Archives/edgar/data/4457/000119312526335076/0001193125-26-335076-index.htm,EX-99.1,EX-99.1,https://www.sec.gov/Archives/edgar/data/4457/000119312526335076/uhal-ex99_1.htm,False,
UHAL,2026-08-05 00:00:00,https://www.sec.gov/Archives/edgar/data/4457/000119312526335076/0001193125-26-335076-index.htm,8-K,8-K,https://www.sec.gov/Archives/edgar/data/4457/000119312526335076/uhal-20260805.htm,False,
UHAL,2026-08-05 00:00:00,https://www.sec.gov/Archives/edgar/data/4457/000119312526335076/0001193125-26-335076-index.htm,EX-99.1,EX-99.1,https://www.sec.gov/Archives/edgar/data/4457/000119312526335076/uhal-ex99_1.htm,False,
BBSI,2026-08-05 00:00:00,https://www.sec.gov/Archives/edgar/data/902791/000119312526335077/0001193125-26-335077-index.htm,8-K,8-K,https://www.sec.gov/Archives/edgar/data/902791/000119312526335077/bbsi-20260805.htm,False,
BBSI,2026-08-05 00:00:00,https://www.sec.gov/Archives/edgar/data/902791/000119312526335077/0001193125-26-335077-index.htm,EX-99.1,EX-99.1,https://www.sec.gov/Archives/edgar/data/902791/000119312526335077/bbsi-ex99_1.htm,True,
SSSSL,2026-08-05 00:00:00,https://www.sec.gov/Archives/edgar/data/1509470/000149315226036167/0001493152-26-036167-index.htm,8-K,8-K,https://www.sec.gov/Archives/edgar/data/1509470/000149315226036167/form8-k.htm,False,
SSSSL,2026-08-05 00:00:00,https://www.sec.gov/Archives/edgar/data/1509470/000149315226036167/0001493152-26-036167-index.htm,EX-99.1,EX-99.1,https://www.sec.gov/Archives/edgar/data/1509470/000149315226036167/ex99-1.htm,False,
NSLR,2026-08-05 00:00:00,https://www.sec.gov/Archives/edgar/data/1509470/000149315226036167/0001493152-26-036167-index.htm,8-K,8-K,https://www.sec.gov/Archives/edgar/data/1509470/000149315226036167/form8-k.htm,False,
NSLR,2026-08-05 00:00:00,https://www.sec.gov/Archives/edgar/data/1509470/000149315226036167/0001493152-26-036167-index.htm,EX-99.1,EX-99.1,https://www.sec.gov/Archives/edgar/data/1509470/000149315226036167/ex99-1.htm,False,
SSSS,2026-08-05 00:00:00,https://www.sec.gov/Archives/edgar/data/1509470/000149315226036167/0001493152-26-036167-index.htm,8-K,8-K,https://www.sec.gov/Archives/edgar/data/1509470/000149315226036167/form8-k.htm,False,
SSSS,2026-08-05 00:00:00,https://www.sec.gov/Archives/edgar/data/1509470/000149315226036167/0001493152-26-036167-index.htm,EX-99.1,EX-99.1,https://www.sec.gov/Archives/edgar/data/1509470/000149315226036167/ex99-1.htm,False,
TLN,2026-08-05 00:00:00,https://www.sec.gov/Archives/edgar/data/1622536/000162253626000065/0001622536-26-000065-index.htm,8-K,8-K,https://www.sec.gov/Archives/edgar/data/1622536/000162253626000065/tln-20260805.htm,False,
TLN,2026-08-05 00:00:00,https://www.sec.gov/Archives/edgar/data/1622536/000162253626000065/0001622536-26-000065-index.htm,EX-99.1,EX-99.1,https://www.sec.gov/Archives/edgar/data/1622536/000162253626000065/a20260805q22026earningsrel.htm,True,
RCUS,2026-08-05 00:00:00,https://www.sec.gov/Archives/edgar/data/1724521/000172452126000042/0001724521-26-000042-index.htm,8-K,8-K,https://www.sec.gov/Archives/edgar/data/1724521/000172452126000042/rcus-20260805.htm,False,
RCUS,2026-08-05 00:00:00,https://www.sec.gov/Archives/edgar/data/1724521/000172452126000042/0001724521-26-000042-index.htm,EX-99.1,EX-99.1,https://www.sec.gov/Archives/edgar/data/1724521/000172452126000042/a2026q28kexhibit991.htm,False,
OSUR,2026-08-05 00:00:00,https://www.sec.gov/Archives/edgar/data/1116463/000111646326000048/0001116463-26-000048-index.htm,8-K,8-K,https://www.sec.gov/Archives/edgar/data/1116463/000111646326000048/osur-20260805.htm,False,
OSUR,2026-08-05 00:00:00,https://www.sec.gov/Archives/edgar/data/1116463/000111646326000048/0001116463-26-000048-index.htm,EX-99.1,EX-99.1,https://www.sec.gov/Archives/edgar/data/1116463/000111646326000048/osur-pressreleaseq22026.htm,False,
SDGR,2026-08-05 00:00:00,https://www.sec.gov/Archives/edgar/data/1490978/000149097826000067/0001490978-26-000067-index.htm,8-K,8-K,https://www.sec.gov/Archives/edgar/data/1490978/000149097826000067/sdgr-20260805.htm,False,
SDGR,2026-08-05 00:00:00,https://www.sec.gov/Archives/edgar/data/1490978/000149097826000067/0001490978-26-000067-index.htm,EX-99.1,EX-99.1,https://www.sec.gov/Archives/edgar/data/1490978/000149097826000067/sdgr-20260630x8kxexx991.htm,False,
BMEA,2026-08-05 00:00:00,https://www.sec.gov/Archives/edgar/data/1840439/000119312526335073/0001193125-26-335073-index.htm,8-K,8-K,https://www.sec.gov/Archives/edgar/data/1840439/000119312526335073/bmea-20260805.htm,False,
BMEA,2026-08-05 00:00:00,https://www.sec.gov/Archives/edgar/data/1840439/000119312526335073/0001193125-26-335073-index.htm,EX-99.1,EX-99.1,https://www.sec.gov/Archives/edgar/data/1840439/000119312526335073/bmea-ex99_1.htm,False,
EBAY,2026-08-05 00:00:00,https://www.sec.gov/Archives/edgar/data/1065088/000106508826000174/0001065088-26-000174-index.htm,8-K,8-K,https://www.sec.gov/Archives/edgar/data/1065088/000106508826000174/ebay-20260805.htm,False,
EBAY,2026-08-05 00:00:00,https://www.sec.gov/Archives/edgar/data/1065088/000106508826000174/0001065088-26-000174-index.htm,EX-99.1,EX-99.1,https://www.sec.gov/Archives/edgar/data/1065088/000106508826000174/exhibit991erebayq22026.htm,False,
AIRG,2026-08-05 00:00:00,https://www.sec.gov/Archives/edgar/data/1272842/000119312526335072/0001193125-26-335072-index.htm,8-K,8-K,https://www.sec.gov/Archives/edgar/data/1272842/000119312526335072/airg-20260805.htm,False,
AIRG,2026-08-05 00:00:00,https://www.sec.gov/Archives/edgar/data/1272842/000119312526335072/0001193125-26-335072-index.htm,EX-99.1,EX-99.1,https://www.sec.gov/Archives/edgar/data/1272842/000119312526335072/airg-ex99_1.htm,False,
UTI,2026-08-05 00:00:00,https://www.sec.gov/Archives/edgar/data/1261654/000126165426000015/0001261654-26-000015-index.htm,8-K,8-K,https://www.sec.gov/Archives/edgar/data/1261654/000126165426000015/uti-20260805.htm,False,
UTI,2026-08-05 00:00:00,https://www.sec.gov/Archives/edgar/data/1261654/000126165426000015/0001261654-26-000015-index.htm,EX-99.1,EX-99.1,https://www.sec.gov/Archives/edgar/data/1261654/000126165426000015/exhibit991-q32026earningsp.htm,True,
COOK,2026-08-05 00:00:00,https://www.sec.gov/Archives/edgar/data/1857853/000162828026053336/0001628280-26-053336-index.htm,8-K,8-K,https://www.sec.gov/Archives/edgar/data/1857853/000162828026053336/tra-20260805.htm,False,
COOK,2026-08-05 00:00:00,https://www.sec.gov/Archives/edgar/data/1857853/000162828026053336/0001628280-26-053336-index.htm,EX-99.1,EX-99.1,https://www.sec.gov/Archives/edgar/data/1857853/000162828026053336/q2-26earningspressrelease.htm,False,
CLOV,2026-08-05 00:00:00,https://www.sec.gov/Archives/edgar/data/1801170/000180117026000196/0001801170-26-000196-index.htm,8-K,8-K,https://www.sec.gov/Archives/edgar/data/1801170/000180117026000196/clov-20260805.htm,False,
CLOV,2026-08-05 00:00:00,https://www.sec.gov/Archives/edgar/data/1801170/000180117026000196/0001801170-26-000196-index.htm,EX-99.1,EX-99.1,https://www.sec.gov/Archives/edgar/data/1801170/000180117026000196/a2q26exx991xearningsrelease.htm,False,
GDRX,2026-08-05 00:00:00,https://www.sec.gov/Archives/edgar/data/1809519/000180951926000151/0001809519-26-000151-index.htm,8-K,8-K,https://www.sec.gov/Archives/edgar/data/1809519/000180951926000151/gdrx-20260805.htm,False,
GDRX,2026-08-05 00:00:00,https://www.sec.gov/Archives/edgar/data/1809519/000180951926000151/0001809519-26-000151-index.htm,EX-99.1,EX-99.1,https://www.sec.gov/Archives/edgar/data/1809519/000180951926000151/gdrxq226-exx991pressrelease.htm,False,
MGNI,2026-08-05 00:00:00,https://www.sec.gov/Archives/edgar/data/1595974/000162828026053334/0001628280-26-053334-index.htm,8-K,8-K,https://www.sec.gov/Archives/edgar/data/1595974/000162828026053334/mgni-20260805.htm,False,
MGNI,2026-08-05 00:00:00,https://www.sec.gov/Archives/edgar/data/1595974/000162828026053334/0001628280-26-053334-index.htm,EX-99.1,EX-99.1,https://www.sec.gov/Archives/edgar/data/1595974/000162828026053334/a991-earningsq22026.htm,True,
Z,2026-08-05 00:00:00,https://www.sec.gov/Archives/edgar/data/1617640/000161764026000050/0001617640-26-000050-index.htm,8-K,8-K,https://www.sec.gov/Archives/edgar/data/1617640/000161764026000050/z-20260804.htm,False,
Z,2026-08-05 00:00:00,https://www.sec.gov/Archives/edgar/data/1617640/000161764026000050/0001617640-26-000050-index.htm,EX-99.1,EX-99.1,https://www.sec.gov/Archives/edgar/data/1617640/000161764026000050/q22026991.htm,False,
ZG,2026-08-05 00:00:00,https://www.sec.gov/Archives/edgar/data/1617640/000161764026000050/0001617640-26-000050-index.htm,8-K,8-K,https://www.sec.gov/Archives/edgar/data/1617640/000161764026000050/z-20260804.htm,False,
ZG,2026-08-05 00:00:00,https://www.sec.gov/Archives/edgar/data/1617640/000161764026000050/0001617640-26-000050-index.htm,EX-99.1,EX-99.1,https://www.sec.gov/Archives/edgar/data/1617640/000161764026000050/q22026991.htm,False,
EVCM,2026-08-05 00:00:00,https://www.sec.gov/Archives/edgar/data/1853145/000185314526000028/0001853145-26-000028-index.htm,8-K,8-K,https://www.sec.gov/Archives/edgar/data/1853145/000185314526000028/evcm-20260805.htm,False,
EVCM,2026-08-05 00:00:00,https://www.sec.gov/Archives/edgar/data/1853145/000185314526000028/0001853145-26-000028-index.htm,EX-10.1,EX-10.1,https://www.sec.gov/Archives/edgar/data/1853145/000185314526000028/ex101transitionagreement.htm,False,
EVCM,2026-08-05 00:00:00,https://www.sec.gov/Archives/edgar/data/1853145/000185314526000028/0001853145-26-000028-index.htm,EX-10.2,EX-10.2,https://www.sec.gov/Archives/edgar/data/1853145/000185314526000028/ex102employmentagreement.htm,False,
EVCM,2026-08-05 00:00:00,https://www.sec.gov/Archives/edgar/data/1853145/000185314526000028/0001853145-26-000028-index.htm,EX-99.1,EX-99.1,https://www.sec.gov/Archives/edgar/data/1853145/000185314526000028/evcmq226earningsrelease.htm,False,
ZI,2026-08-05 00:00:00,https://www.sec.gov/Archives/edgar/data/1794515/000179451526000054/0001794515-26-000054-index.htm,8-K,8-K,https://www.sec.gov/Archives/edgar/data/1794515/000179451526000054/zi-20260805.htm,False,
ZI,2026-08-05 00:00:00,https://www.sec.gov/Archives/edgar/data/1794515/000179451526000054/0001794515-26-000054-index.htm,EX-99.1,EX-99.1,https://www.sec.gov/Archives/edgar/data/1794515/000179451526000054/gtm-8kex991x20260805.htm,False,
GTM,2026-08-05 00:00:00,https://www.sec.gov/Archives/edgar/data/1794515/000179451526000054/0001794515-26-000054-index.htm,8-K,8-K,https://www.sec.gov/Archives/edgar/data/1794515/000179451526000054/zi-20260805.htm,False,
GTM,2026-08-05 00:00:00,https://www.sec.gov/Archives/edgar/data/1794515/000179451526000054/0001794515-26-000054-index.htm,EX-99.1,EX-99.1,https://www.sec.gov/Archives/edgar/data/1794515/000179451526000054/gtm-8kex991x20260805.htm,False,
HONA,2026-08-05 00:00:00,https://www.sec.gov/Archives/edgar/data/2089271/000208927126000020/0002089271-26-000020-index.htm,8-K,8-K,https://www.sec.gov/Archives/edgar/data/2089271/000208927126000020/hona-20260723.htm,False,
HONA,2026-08-05 00:00:00,https://www.sec.gov/Archives/edgar/data/2089271/000208927126000020/0002089271-26-000020-index.htm,EX-99.1,EX-99.1,https://www.sec.gov/Archives/edgar/data/2089271/000208927126000020/exhibit991q22026earningsre.htm,False,
HONAV,2026-08-05 00:00:00,https://www.sec.gov/Archives/edgar/data/2089271/000208927126000020/0002089271-26-000020-index.htm,8-K,8-K,https://www.sec.gov/Archives/edgar/data/2089271/000208927126000020/hona-20260723.htm,False,
HONAV,2026-08-05 00:00:00,https://www.sec.gov/Archives/edgar/data/2089271/000208927126000020/0002089271-26-000020-index.htm,EX-99.1,EX-99.1,https://www.sec.gov/Archives/edgar/data/2089271/000208927126000020/exhibit991q22026earningsre.htm,False,
FIG,2026-08-05 00:00:00,https://www.sec.gov/Archives/edgar/data/1579878/000162828026053331/0001628280-26-053331-index.htm,8-K,8-K,https://www.sec.gov/Archives/edgar/data/1579878/000162828026053331/fig-20260805.htm,False,
FIG,2026-08-05 00:00:00,https://www.sec.gov/Archives/edgar/data/1579878/000162828026053331/0001628280-26-053331-index.htm,EX-99.1,EX-99.1,https://www.sec.gov/Archives/edgar/data/1579878/000162828026053331/q226pressrelease.htm,True,
BROS,2026-08-05 00:00:00,https://www.sec.gov/Archives/edgar/data/1866581/000186658126000131/0001866581-26-000131-index.htm,8-K,8-K,https://www.sec.gov/Archives/edgar/data/1866581/000186658126000131/bros-20260805.htm,False,
BROS,2026-08-05 00:00:00,https://www.sec.gov/Archives/edgar/data/1866581/000186658126000131/0001866581-26-000131-index.htm,EX-99.1,EX-99.1,https://www.sec.gov/Archives/edgar/data/1866581/000186658126000131/a2026-q2_ex991.htm,False,
AMSC,2026-08-05 00:00:00,https://www.sec.gov/Archives/edgar/data/880807/000143774926025921/0001437749-26-025921-index.htm,8-K,FORM 8-K,https://www.sec.gov/Archives/edgar/data/880807/000143774926025921/amsc20260617_8k.htm,False,
AMSC,2026-08-05 00:00:00,https://www.sec.gov/Archives/edgar/data/880807/000143774926025921/0001437749-26-025921-index.htm,EX-99.1,EXHIBIT 99.1,https://www.sec.gov/Archives/edgar/data/880807/000143774926025921/ex_978081.htm,False,
ZIP,2026-08-05 00:00:00,https://www.sec.gov/Archives/edgar/data/1617553/000161755326000045/0001617553-26-000045-index.htm,8-K,8-K,https://www.sec.gov/Archives/edgar/data/1617553/000161755326000045/zip-20260805.htm,False,
ZIP,2026-08-05 00:00:00,https://www.sec.gov/Archives/edgar/data/1617553/000161755326000045/0001617553-26-000045-index.htm,EX-99.1,EX-99.1,https://www.sec.gov/Archives/edgar/data/1617553/000161755326000045/q22026earningsrelease.htm,False,
PECO,2026-08-05 00:00:00,https://www.sec.gov/Archives/edgar/data/1476204/000147620426000034/0001476204-26-000034-index.htm,8-K,8-K,https://www.sec.gov/Archives/edgar/data/1476204/000147620426000034/cik0001476204-20260805.htm,False,
PECO,2026-08-05 00:00:00,https://www.sec.gov/Archives/edgar/data/1476204/000147620426000034/0001476204-26-000034-index.htm,EX-99.1,EX-99.1,https://www.sec.gov/Archives/edgar/data/1476204/000147620426000034/august2026distributionex991.htm,False,
AGL,2026-08-05 00:00:00,https://www.sec.gov/Archives/edgar/data/1831097/000162828026053328/0001628280-26-053328-index.htm,8-K,8-K,https://www.sec.gov/Archives/edgar/data/1831097/000162828026053328/agl-20260805.htm,False,
AGL,2026-08-05 00:00:00,https://www.sec.gov/Archives/edgar/data/1831097/000162828026053328/0001628280-26-053328-index.htm,EX-99.1,EX-99.1,https://www.sec.gov/Archives/edgar/data/1831097/000162828026053328/agl-20260630xexx991.htm,False,
KLIC,2026-08-05 00:00:00,https://www.sec.gov/Archives/edgar/data/56978/000005697826000030/0000056978-26-000030-index.htm,8-K,8-K,https://www.sec.gov/Archives/edgar/data/56978/000005697826000030/klic-20260805.htm,False,
KLIC,2026-08-05 00:00:00,https://www.sec.gov/Archives/edgar/data/56978/000005697826000030/0000056978-26-000030-index.htm,EX-99.1,EX-99.1,https://www.sec.gov/Archives/edgar/data/56978/000005697826000030/ex991liveq32026.htm,False,
CXW,2026-08-05 00:00:00,https://www.sec.gov/Archives/edgar/data/1070985/000119312526335068/0001193125-26-335068-index.htm,8-K,8-K,https://www.sec.gov/Archives/edgar/data/1070985/000119312526335068/d174637d8k.htm,True,
CXW,2026-08-05 00:00:00,https://www.sec.gov/Archives/edgar/data/1070985/000119312526335068/0001193125-26-335068-index.htm,EX-10.1,EX-10.1,https://www.sec.gov/Archives/edgar/data/1070985/000119312526335068/d174637dex101.htm,False,
CXW,2026-08-05 00:00:00,https://www.sec.gov/Archives/edgar/data/1070985/000119312526335068/0001193125-26-335068-index.htm,EX-10.2,EX-10.2,https://www.sec.gov/Archives/edgar/data/1070985/000119312526335068/d174637dex102.htm,False,
CXW,2026-08-05 00:00:00,https://www.sec.gov/Archives/edgar/data/1070985/000119312526335068/0001193125-26-335068-index.htm,EX-99.1,EX-99.1,https://www.sec.gov/Archives/edgar/data/1070985/000119312526335068/d174637dex991.htm,False,
ETSY,2026-08-05 00:00:00,https://www.sec.gov/Archives/edgar/data/1370637/000137063726000079/0001370637-26-000079-index.htm,8-K,8-K,https://www.sec.gov/Archives/edgar/data/1370637/000137063726000079/etsy-20260803.htm,False,
ETSY,2026-08-05 00:00:00,https://www.sec.gov/Archives/edgar/data/1370637/000137063726000079/0001370637-26-000079-index.htm,EX-99.1,EX-99.1,https://www.sec.gov/Archives/edgar/data/1370637/000137063726000079/q226shareholderletter.htm,False,
GECCH,2026-08-05 00:00:00,https://www.sec.gov/Archives/edgar/data/1675033/000119312526335061/0001193125-26-335061-index.htm,8-K,8-K,https://www.sec.gov/Archives/edgar/data/1675033/000119312526335061/gecc-20260805.htm,False,
GECCH,2026-08-05 00:00:00,https://www.sec.gov/Archives/edgar/data/1675033/000119312526335061/0001193125-26-335061-index.htm,EX-99.1,EX-99.1,https://www.sec.gov/Archives/edgar/data/1675033/000119312526335061/gecc-ex99_1.htm,True,
GECC,2026-08-05 00:00:00,https://www.sec.gov/Archives/edgar/data/1675033/000119312526335061/0001193125-26-335061-index.htm,8-K,8-K,https://www.sec.gov/Archives/edgar/data/1675033/000119312526335061/gecc-20260805.htm,False,
GECC,2026-08-05 00:00:00,https://www.sec.gov/Archives/edgar/data/1675033/000119312526335061/0001193125-26-335061-index.htm,EX-99.1,EX-99.1,https://www.sec.gov/Archives/edgar/data/1675033/000119312526335061/gecc-ex99_1.htm,True,
GECCZ,2026-08-05 00:00:00,https://www.sec.gov/Archives/edgar/data/1675033/000119312526335061/0001193125-26-335061-index.htm,8-K,8-K,https://www.sec.gov/Archives/edgar/data/1675033/000119312526335061/gecc-20260805.htm,False,
GECCZ,2026-08-05 00:00:00,https://www.sec.gov/Archives/edgar/data/1675033/000119312526335061/0001193125-26-335061-index.htm,EX-99.1,EX-99.1,https://www.sec.gov/Archives/edgar/data/1675033/000119312526335061/gecc-ex99_1.htm,True,
GECCO,2026-08-05 00:00:00,https://www.sec.gov/Archives/edgar/data/1675033/000119312526335061/0001193125-26-335061-index.htm,8-K,8-K,https://www.sec.gov/Archives/edgar/data/1675033/000119312526335061/gecc-20260805.htm,False,
GECCO,2026-08-05 00:00:00,https://www.sec.gov/Archives/edgar/data/1675033/000119312526335061/0001193125-26-335061-index.htm,EX-99.1,EX-99.1,https://www.sec.gov/Archives/edgar/data/1675033/000119312526335061/gecc-ex99_1.htm,True,
GECCN,2026-08-05 00:00:00,https://www.sec.gov/Archives/edgar/data/1675033/000119312526335061/0001193125-26-335061-index.htm,8-K,8-K,https://www.sec.gov/Archives/edgar/data/1675033/000119312526335061/gecc-20260805.htm,False,
GECCN,2026-08-05 00:00:00,https://www.sec.gov/Archives/edgar/data/1675033/000119312526335061/0001193125-26-335061-index.htm,EX-99.1,EX-99.1,https://www.sec.gov/Archives/edgar/data/1675033/000119312526335061/gecc-ex99_1.htm,True,
GECCM,2026-08-05 00:00:00,https://www.sec.gov/Archives/edgar/data/1675033/000119312526335061/0001193125-26-335061-index.htm,8-K,8-K,https://www.sec.gov/Archives/edgar/data/1675033/000119312526335061/gecc-20260805.htm,False,
GECCM,2026-08-05 00:00:00,https://www.sec.gov/Archives/edgar/data/1675033/000119312526335061/0001193125-26-335061-index.htm,EX-99.1,EX-99.1,https://www.sec.gov/Archives/edgar/data/1675033/000119312526335061/gecc-ex99_1.htm,True,
GECCI,2026-08-05 00:00:00,https://www.sec.gov/Archives/edgar/data/1675033/000119312526335061/0001193125-26-335061-index.htm,8-K,8-K,https://www.sec.gov/Archives/edgar/data/1675033/000119312526335061/gecc-20260805.htm,False,
GECCI,2026-08-05 00:00:00,https://www.sec.gov/Archives/edgar/data/1675033/000119312526335061/0001193125-26-335061-index.htm,EX-99.1,EX-99.1,https://www.sec.gov/Archives/edgar/data/1675033/000119312526335061/gecc-ex99_1.htm,True,
ZVIA,2026-08-05 00:00:00,https://www.sec.gov/Archives/edgar/data/1854139/000143774926025920/0001437749-26-025920-index.htm,8-K,FORM 8-K,https://www.sec.gov/Archives/edgar/data/1854139/000143774926025920/zvia20260609_8k.htm,False,
ZVIA,2026-08-05 00:00:00,https://www.sec.gov/Archives/edgar/data/1854139/000143774926025920/0001437749-26-025920-index.htm,EX-99.1,EXHIBIT 99.1,https://www.sec.gov/Archives/edgar/data/1854139/000143774926025920/ex_974482.htm,False,
TASK,2026-08-05 00:00:00,https://www.sec.gov/Archives/edgar/data/1829864/000182986426000147/0001829864-26-000147-index.htm,8-K,8-K,https://www.sec.gov/Archives/edgar/data/1829864/000182986426000147/task-20260805.htm,False,
TASK,2026-08-05 00:00:00,https://www.sec.gov/Archives/edgar/data/1829864/000182986426000147/0001829864-26-000147-index.htm,EX-99.1,EX-99.1,https://www.sec.gov/Archives/edgar/data/1829864/000182986426000147/earningsreleaseex991q22026.htm,True,
ERII,2026-08-05 00:00:00,https://www.sec.gov/Archives/edgar/data/1421517/000142151726000082/0001421517-26-000082-index.htm,8-K,8-K,https://www.sec.gov/Archives/edgar/data/1421517/000142151726000082/erii-20260805.htm,False,
ERII,2026-08-05 00:00:00,https://www.sec.gov/Archives/edgar/data/1421517/000142151726000082/0001421517-26-000082-index.htm,EX-99.1,EX-99.1,https://www.sec.gov/Archives/edgar/data/1421517/000142151726000082/ex991earningsrelease2026-q2.htm,False,
TKNO,2026-08-05 00:00:00,https://www.sec.gov/Archives/edgar/data/1850902/000119312526335059/0001193125-26-335059-index.htm,8-K,8-K,https://www.sec.gov/Archives/edgar/data/1850902/000119312526335059/tkno-20260805.htm,False,
TKNO,2026-08-05 00:00:00,https://www.sec.gov/Archives/edgar/data/1850902/000119312526335059/0001193125-26-335059-index.htm,EX-99.1,EX-99.1,https://www.sec.gov/Archives/edgar/data/1850902/000119312526335059/tkno-ex99_1.htm,False,
SRNGU,2026-08-05 00:00:00,https://www.sec.gov/Archives/edgar/data/1830214/000162828026053319/0001628280-26-053319-index.htm,8-K,8-K,https://www.sec.gov/Archives/edgar/data/1830214/000162828026053319/dna-20260805.htm,False,
SRNGU,2026-08-05 00:00:00,https://www.sec.gov/Archives/edgar/data/1830214/000162828026053319/0001628280-26-053319-index.htm,EX-99.1,EX-99.1,https://www.sec.gov/Archives/edgar/data/1830214/000162828026053319/ex991earningspr.htm,False,
SRNGW,2026-08-05 00:00:00,https://www.sec.gov/Archives/edgar/data/1830214/000162828026053319/0001628280-26-053319-index.htm,8-K,8-K,https://www.sec.gov/Archives/edgar/data/1830214/000162828026053319/dna-20260805.htm,False,
SRNGW,2026-08-05 00:00:00,https://www.sec.gov/Archives/edgar/data/1830214/000162828026053319/0001628280-26-053319-index.htm,EX-99.1,EX-99.1,https://www.sec.gov/Archives/edgar/data/1830214/000162828026053319/ex991earningspr.htm,False,
SRNG,2026-08-05 00:00:00,https://www.sec.gov/Archives/edgar/data/1830214/000162828026053319/0001628280-26-053319-index.htm,8-K,8-K,https://www.sec.gov/Archives/edgar/data/1830214/000162828026053319/dna-20260805.htm,False,
SRNG,2026-08-05 00:00:00,https://www.sec.gov/Archives/edgar/data/1830214/000162828026053319/0001628280-26-053319-index.htm,EX-99.1,EX-99.1,https://www.sec.gov/Archives/edgar/data/1830214/000162828026053319/ex991earningspr.htm,False,
DNA-WT,2026-08-05 00:00:00,https://www.sec.gov/Archives/edgar/data/1830214/000162828026053319/0001628280-26-053319-index.htm,8-K,8-K,https://www.sec.gov/Archives/edgar/data/1830214/000162828026053319/dna-20260805.htm,False,
DNA-WT,2026-08-05 00:00:00,https://www.sec.gov/Archives/edgar/data/1830214/000162828026053319/0001628280-26-053319-index.htm,EX-99.1,EX-99.1,https://www.sec.gov/Archives/edgar/data/1830214/000162828026053319/ex991earningspr.htm,False,
DNABW,2026-08-05 00:00:00,https://www.sec.gov/Archives/edgar/data/1830214/000162828026053319/0001628280-26-053319-index.htm,8-K,8-K,https://www.sec.gov/Archives/edgar/data/1830214/000162828026053319/dna-20260805.htm,False,
DNABW,2026-08-05 00:00:00,https://www.sec.gov/Archives/edgar/data/1830214/000162828026053319/0001628280-26-053319-index.htm,EX-99.1,EX-99.1,https://www.sec.gov/Archives/edgar/data/1830214/000162828026053319/ex991earningspr.htm,False,
DNA,2026-08-05 00:00:00,https://www.sec.gov/Archives/edgar/data/1830214/000162828026053319/0001628280-26-053319-index.htm,8-K,8-K,https://www.sec.gov/Archives/edgar/data/1830214/000162828026053319/dna-20260805.htm,False,
DNA,2026-08-05 00:00:00,https://www.sec.gov/Archives/edgar/data/1830214/000162828026053319/0001628280-26-053319-index.htm,EX-99.1,EX-99.1,https://www.sec.gov/Archives/edgar/data/1830214/000162828026053319/ex991earningspr.htm,False,
SRPT,2026-08-05 00:00:00,https://www.sec.gov/Archives/edgar/data/873303/000119312526335056/0001193125-26-335056-index.htm,8-K,8-K,https://www.sec.gov/Archives/edgar/data/873303/000119312526335056/srpt-20260805.htm,False,
SRPT,2026-08-05 00:00:00,https://www.sec.gov/Archives/edgar/data/873303/000119312526335056/0001193125-26-335056-index.htm,EX-99.1,EX-99.1,https://www.sec.gov/Archives/edgar/data/873303/000119312526335056/srpt-ex99_1.htm,False,
DLX,2026-08-05 00:00:00,https://www.sec.gov/Archives/edgar/data/27996/000002799626000109/0000027996-26-000109-index.htm,8-K,DELUXE CORPORATION 8-K 08.05.2026,https://www.sec.gov/Archives/edgar/data/27996/000002799626000109/dlx-20260805.htm,False,
DLX,2026-08-05 00:00:00,https://www.sec.gov/Archives/edgar/data/27996/000002799626000109/0000027996-26-000109-index.htm,EX-99.1,EX-99.1,https://www.sec.gov/Archives/edgar/data/27996/000002799626000109/exhibit991080520268-k.htm,False,
APP,2026-08-05 00:00:00,https://www.sec.gov/Archives/edgar/data/1751008/000175100826000057/0001751008-26-000057-index.htm,8-K,8-K,https://www.sec.gov/Archives/edgar/data/1751008/000175100826000057/app-20260805.htm,False,
APP,2026-08-05 00:00:00,https://www.sec.gov/Archives/edgar/data/1751008/000175100826000057/0001751008-26-000057-index.htm,EX-99.1,"PRESS RELEASE, DATED AUGUST 5, 2026",https://www.sec.gov/Archives/edgar/data/1751008/000175100826000057/exhibit991-2q26earningspre.htm,False,
SNES,2026-08-05 00:00:00,https://www.sec.gov/Archives/edgar/data/1680378/000162828026053316/0001628280-26-053316-index.htm,8-K,8-K,https://www.sec.gov/Archives/edgar/data/1680378/000162828026053316/snes-20260805.htm,False,
SNES,2026-08-05 00:00:00,https://www.sec.gov/Archives/edgar/data/1680378/000162828026053316/0001628280-26-053316-index.htm,EX-99.1,EX-99.1,https://www.sec.gov/Archives/edgar/data/1680378/000162828026053316/snes-20260805xexx991.htm,False,
EBS,2026-08-05 00:00:00,https://www.sec.gov/Archives/edgar/data/1367644/000136764426000080/0001367644-26-000080-index.htm,8-K,8-K,https://www.sec.gov/Archives/edgar/data/1367644/000136764426000080/ebs-20260805.htm,False,
EBS,2026-08-05 00:00:00,https://www.sec.gov/Archives/edgar/data/1367644/000136764426000080/0001367644-26-000080-index.htm,EX-99.1,EX-99.1,https://www.sec.gov/Archives/edgar/data/1367644/000136764426000080/ebs202606-30ex99er.htm,True,
HNST,2026-08-05 00:00:00,https://www.sec.gov/Archives/edgar/data/1530979/000162828026053315/0001628280-26-053315-index.htm,8-K,8-K,https://www.sec.gov/Archives/edgar/data/1530979/000162828026053315/hnst-20260805.htm,False,
HNST,2026-08-05 00:00:00,https://www.sec.gov/Archives/edgar/data/1530979/000162828026053315/0001628280-26-053315-index.htm,EX-99.1,EX-99.1,https://www.sec.gov/Archives/edgar/data/1530979/000162828026053315/honestcoq2-26exhibit991.htm,False,
AKA,2026-08-05 00:00:00,https://www.sec.gov/Archives/edgar/data/1865107/000186510726000043/0001865107-26-000043-index.htm,8-K,8-K,https://www.sec.gov/Archives/edgar/data/1865107/000186510726000043/aka-20260805.htm,False,
AKA,2026-08-05 00:00:00,https://www.sec.gov/Archives/edgar/data/1865107/000186510726000043/0001865107-26-000043-index.htm,EX-99.1,EX-99.1,https://www.sec.gov/Archives/edgar/data/1865107/000186510726000043/exhibit991-q22026earningsr.htm,False,
LZ,2026-08-05 00:00:00,https://www.sec.gov/Archives/edgar/data/1286139/000128613926000029/0001286139-26-000029-index.htm,8-K,8-K,https://www.sec.gov/Archives/edgar/data/1286139/000128613926000029/lz-20260805.htm,False,
LZ,2026-08-05 00:00:00,https://www.sec.gov/Archives/edgar/data/1286139/000128613926000029/0001286139-26-000029-index.htm,EX-99.1,EX-99.1,https://www.sec.gov/Archives/edgar/data/1286139/000128613926000029/lz-q22026earningsxexx991.htm,False,
INSG,2026-08-05 00:00:00,https://www.sec.gov/Archives/edgar/data/1022652/000168316826005989/0001683168-26-005989-index.htm,8-K,FORM 8-K,https://www.sec.gov/Archives/edgar/data/1022652/000168316826005989/inseego_8k.htm,False,
INSG,2026-08-05 00:00:00,https://www.sec.gov/Archives/edgar/data/1022652/000168316826005989/0001683168-26-005989-index.htm,EX-99.1,PRESS RELEASE,https://www.sec.gov/Archives/edgar/data/1022652/000168316826005989/inseego_ex9901.htm,False,
YSS,2026-08-05 00:00:00,https://www.sec.gov/Archives/edgar/data/2086587/000162828026053314/0001628280-26-053314-index.htm,8-K,8-K,https://www.sec.gov/Archives/edgar/data/2086587/000162828026053314/yss-20260730.htm,False,
YSS,2026-08-05 00:00:00,https://www.sec.gov/Archives/edgar/data/2086587/000162828026053314/0001628280-26-053314-index.htm,EX-99.1,EX-99.1,https://www.sec.gov/Archives/edgar/data/2086587/000162828026053314/pressreleasekm.htm,False,
NLOP,2026-08-05 00:00:00,https://www.sec.gov/Archives/edgar/data/1952976/000195297626000058/0001952976-26-000058-index.htm,8-K,8-K,https://www.sec.gov/Archives/edgar/data/1952976/000195297626000058/nlop-20260805.htm,False,
NLOP,2026-08-05 00:00:00,https://www.sec.gov/Archives/edgar/data/1952976/000195297626000058/0001952976-26-000058-index.htm,EX-99.1,EX-99.1,https://www.sec.gov/Archives/edgar/data/1952976/000195297626000058/nlop2026q2supplementalexh9.htm,False,
CNET,2026-08-05 00:00:00,https://www.sec.gov/Archives/edgar/data/1376321/000117184326005242/0001171843-26-005242-index.htm,8-K,FORM 8-K,https://www.sec.gov/Archives/edgar/data/1376321/000117184326005242/f8k_080526.htm,True,
CNET,2026-08-05 00:00:00,https://www.sec.gov/Archives/edgar/data/1376321/000117184326005242/0001171843-26-005242-index.htm,EX-10.1,EXHIBIT 10.1,https://www.sec.gov/Archives/edgar/data/1376321/000117184326005242/exh_101.htm,False,
CNET,2026-08-05 00:00:00,https://www.sec.gov/Archives/edgar/data/1376321/000117184326005242/0001171843-26-005242-index.htm,EX-10.2,EXHIBIT 10.2,https://www.sec.gov/Archives/edgar/data/1376321/000117184326005242/exh_102.htm,False,
MCK,2026-08-05 00:00:00,https://www.sec.gov/Archives/edgar/data/927653/000092765326000232/0000927653-26-000232-index.htm,8-K,8-K,https://www.sec.gov/Archives/edgar/data/927653/000092765326000232/mck-20260805.htm,False,
MCK,2026-08-05 00:00:00,https://www.sec.gov/Archives/edgar/data/927653/000092765326000232/0000927653-26-000232-index.htm,EX-99.1,EX-99.1,https://www.sec.gov/Archives/edgar/data/927653/000092765326000232/mck_exhibit991x6302026.htm,True,
KRT,2026-08-05 00:00:00,https://www.sec.gov/Archives/edgar/data/1758021/000175802126000024/0001758021-26-000024-index.htm,8-K,8-K,https://www.sec.gov/Archives/edgar/data/1758021/000175802126000024/krt-20260804.htm,False,
KRT,2026-08-05 00:00:00,https://www.sec.gov/Archives/edgar/data/1758021/000175802126000024/0001758021-26-000024-index.htm,EX-99.1,EX-99.1,https://www.sec.gov/Archives/edgar/data/1758021/000175802126000024/krt-20260805xdividendrelea.htm,False,
INSE,2026-08-05 00:00:00,https://www.sec.gov/Archives/edgar/data/1615063/000149315226036165/0001493152-26-036165-index.htm,8-K,8-K,https://www.sec.gov/Archives/edgar/data/1615063/000149315226036165/form8-k.htm,False,
INSE,2026-08-05 00:00:00,https://www.sec.gov/Archives/edgar/data/1615063/000149315226036165/0001493152-26-036165-index.htm,EX-99.1,EX-99.1,https://www.sec.gov/Archives/edgar/data/1615063/000149315226036165/ex99-1.htm,False,
WW,2026-08-05 00:00:00,https://www.sec.gov/Archives/edgar/data/105319/000119312526335047/0001193125-26-335047-index.htm,8-K,8-K,https://www.sec.gov/Archives/edgar/data/105319/000119312526335047/d15116d8k.htm,False,
WW,2026-08-05 00:00:00,https://www.sec.gov/Archives/edgar/data/105319/000119312526335047/0001193125-26-335047-index.htm,EX-99.1,EX-99.1,https://www.sec.gov/Archives/edgar/data/105319/000119312526335047/d15116dex991.htm,True,
ROOT,2026-08-05 00:00:00,https://www.sec.gov/Archives/edgar/data/1788882/000178888226000060/0001788882-26-000060-index.htm,8-K,8-K,https://www.sec.gov/Archives/edgar/data/1788882/000178888226000060/root-20260805.htm,False,
ROOT,2026-08-05 00:00:00,https://www.sec.gov/Archives/edgar/data/1788882/000178888226000060/0001788882-26-000060-index.htm,EX-99.1,EX-99.1,https://www.sec.gov/Archives/edgar/data/1788882/000178888226000060/q22026shareholderletter.htm,True,
MKLY,2026-08-05 00:00:00,https://www.sec.gov/Archives/edgar/data/2067592/000121390026085663/0001213900-26-085663-index.htm,8-K,CURRENT REPORT,https://www.sec.gov/Archives/edgar/data/2067592/000121390026085663/ea0299662-8k425_mckinley.htm,True,
MKLY,2026-08-05 00:00:00,https://www.sec.gov/Archives/edgar/data/2067592/000121390026085663/0001213900-26-085663-index.htm,EX-10.1,STOCKHOLDER SUPPORT AGREEMENT BY AND AMONG MCKINLEY ACQUISITION CORPORATION AND,https://www.sec.gov/Archives/edgar/data/2067592/000121390026085663/ea029966201ex10-1.htm,False,
MKLY,2026-08-05 00:00:00,https://www.sec.gov/Archives/edgar/data/2067592/000121390026085663/0001213900-26-085663-index.htm,EX-10.2,"SPONSOR SUPPORT AGREEMENT BY AND AMONG MCKINLEY PARTNERS LLC, MCKINLEY ACQUISITI",https://www.sec.gov/Archives/edgar/data/2067592/000121390026085663/ea029966201ex10-2.htm,False,
MKLY,2026-08-05 00:00:00,https://www.sec.gov/Archives/edgar/data/2067592/000121390026085663/0001213900-26-085663-index.htm,EX-99.1,"JOINT PRESS RELEASE, DATED JULY 31, 2026",https://www.sec.gov/Archives/edgar/data/2067592/000121390026085663/ea029966201ex99-1.htm,False,
MKLYU,2026-08-05 00:00:00,https://www.sec.gov/Archives/edgar/data/2067592/000121390026085663/0001213900-26-085663-index.htm,8-K,CURRENT REPORT,https://www.sec.gov/Archives/edgar/data/2067592/000121390026085663/ea0299662-8k425_mckinley.htm,True,
MKLYU,2026-08-05 00:00:00,https://www.sec.gov/Archives/edgar/data/2067592/000121390026085663/0001213900-26-085663-index.htm,EX-10.1,STOCKHOLDER SUPPORT AGREEMENT BY AND AMONG MCKINLEY ACQUISITION CORPORATION AND,https://www.sec.gov/Archives/edgar/data/2067592/000121390026085663/ea029966201ex10-1.htm,False,
MKLYU,2026-08-05 00:00:00,https://www.sec.gov/Archives/edgar/data/2067592/000121390026085663/0001213900-26-085663-index.htm,EX-10.2,"SPONSOR SUPPORT AGREEMENT BY AND AMONG MCKINLEY PARTNERS LLC, MCKINLEY ACQUISITI",https://www.sec.gov/Archives/edgar/data/2067592/000121390026085663/ea029966201ex10-2.htm,False,
MKLYU,2026-08-05 00:00:00,https://www.sec.gov/Archives/edgar/data/2067592/000121390026085663/0001213900-26-085663-index.htm,EX-99.1,"JOINT PRESS RELEASE, DATED JULY 31, 2026",https://www.sec.gov/Archives/edgar/data/2067592/000121390026085663/ea029966201ex99-1.htm,False,
SURGW,2026-08-05 00:00:00,https://www.sec.gov/Archives/edgar/data/1392694/000149315226036162/0001493152-26-036162-index.htm,8-K,8-K,https://www.sec.gov/Archives/edgar/data/1392694/000149315226036162/form8-k.htm,False,
SURGW,2026-08-05 00:00:00,https://www.sec.gov/Archives/edgar/data/1392694/000149315226036162/0001493152-26-036162-index.htm,EX-99.1,EX-99.1,https://www.sec.gov/Archives/edgar/data/1392694/000149315226036162/ex99-1.htm,False,
SURG,2026-08-05 00:00:00,https://www.sec.gov/Archives/edgar/data/1392694/000149315226036162/0001493152-26-036162-index.htm,8-K,8-K,https://www.sec.gov/Archives/edgar/data/1392694/000149315226036162/form8-k.htm,False,
SURG,2026-08-05 00:00:00,https://www.sec.gov/Archives/edgar/data/1392694/000149315226036162/0001493152-26-036162-index.htm,EX-99.1,EX-99.1,https://www.sec.gov/Archives/edgar/data/1392694/000149315226036162/ex99-1.htm,False,
BYON,2026-08-05 00:00:00,https://www.sec.gov/Archives/edgar/data/1130713/000114036126031414/0001140361-26-031414-index.htm,8-K,8-K,https://www.sec.gov/Archives/edgar/data/1130713/000114036126031414/ef20079516_8k.htm,False,
BYON,2026-08-05 00:00:00,https://www.sec.gov/Archives/edgar/data/1130713/000114036126031414/0001140361-26-031414-index.htm,EX-10.1,EXHIBIT 10.1,https://www.sec.gov/Archives/edgar/data/1130713/000114036126031414/ef20079516_ex10-1.htm,False,
BYON,2026-08-05 00:00:00,https://www.sec.gov/Archives/edgar/data/1130713/000114036126031414/0001140361-26-031414-index.htm,EX-10.2,EXHIBIT 10.2,https://www.sec.gov/Archives/edgar/data/1130713/000114036126031414/ef20079516_ex10-2.htm,False,
BBBY,2026-08-05 00:00:00,https://www.sec.gov/Archives/edgar/data/1130713/000114036126031414/0001140361-26-031414-index.htm,8-K,8-K,https://www.sec.gov/Archives/edgar/data/1130713/000114036126031414/ef20079516_8k.htm,False,
BBBY,2026-08-05 00:00:00,https://www.sec.gov/Archives/edgar/data/1130713/000114036126031414/0001140361-26-031414-index.htm,EX-10.1,EXHIBIT 10.1,https://www.sec.gov/Archives/edgar/data/1130713/000114036126031414/ef20079516_ex10-1.htm,False,
BBBY,2026-08-05 00:00:00,https://www.sec.gov/Archives/edgar/data/1130713/000114036126031414/0001140361-26-031414-index.htm,EX-10.2,EXHIBIT 10.2,https://www.sec.gov/Archives/edgar/data/1130713/000114036126031414/ef20079516_ex10-2.htm,False,
OSTK,2026-08-05 00:00:00,https://www.sec.gov/Archives/edgar/data/1130713/000114036126031414/0001140361-26-031414-index.htm,8-K,8-K,https://www.sec.gov/Archives/edgar/data/1130713/000114036126031414/ef20079516_8k.htm,False,
OSTK,2026-08-05 00:00:00,https://www.sec.gov/Archives/edgar/data/1130713/000114036126031414/0001140361-26-031414-index.htm,EX-10.1,EXHIBIT 10.1,https://www.sec.gov/Archives/edgar/data/1130713/000114036126031414/ef20079516_ex10-1.htm,False,
OSTK,2026-08-05 00:00:00,https://www.sec.gov/Archives/edgar/data/1130713/000114036126031414/0001140361-26-031414-index.htm,EX-10.2,EXHIBIT 10.2,https://www.sec.gov/Archives/edgar/data/1130713/000114036126031414/ef20079516_ex10-2.htm,False,
OSTBP,2026-08-05 00:00:00,https://www.sec.gov/Archives/edgar/data/1130713/000114036126031414/0001140361-26-031414-index.htm,8-K,8-K,https://www.sec.gov/Archives/edgar/data/1130713/000114036126031414/ef20079516_8k.htm,False,
OSTBP,2026-08-05 00:00:00,https://www.sec.gov/Archives/edgar/data/1130713/000114036126031414/0001140361-26-031414-index.htm,EX-10.1,EXHIBIT 10.1,https://www.sec.gov/Archives/edgar/data/1130713/000114036126031414/ef20079516_ex10-1.htm,False,
OSTBP,2026-08-05 00:00:00,https://www.sec.gov/Archives/edgar/data/1130713/000114036126031414/0001140361-26-031414-index.htm,EX-10.2,EXHIBIT 10.2,https://www.sec.gov/Archives/edgar/data/1130713/000114036126031414/ef20079516_ex10-2.htm,False,
OSTKO,2026-08-05 00:00:00,https://www.sec.gov/Archives/edgar/data/1130713/000114036126031414/0001140361-26-031414-index.htm,8-K,8-K,https://www.sec.gov/Archives/edgar/data/1130713/000114036126031414/ef20079516_8k.htm,False,
OSTKO,2026-08-05 00:00:00,https://www.sec.gov/Archives/edgar/data/1130713/000114036126031414/0001140361-26-031414-index.htm,EX-10.1,EXHIBIT 10.1,https://www.sec.gov/Archives/edgar/data/1130713/000114036126031414/ef20079516_ex10-1.htm,False,
OSTKO,2026-08-05 00:00:00,https://www.sec.gov/Archives/edgar/data/1130713/000114036126031414/0001140361-26-031414-index.htm,EX-10.2,EXHIBIT 10.2,https://www.sec.gov/Archives/edgar/data/1130713/000114036126031414/ef20079516_ex10-2.htm,False,
SMCI,2026-08-05 00:00:00,https://www.sec.gov/Archives/edgar/data/1375365/000137536526000020/0001375365-26-000020-index.htm,8-K,8-K,https://www.sec.gov/Archives/edgar/data/1375365/000137536526000020/smci-20260805.htm,False,
PAYS,2026-08-05 00:00:00,https://www.sec.gov/Archives/edgar/data/1496443/000168316826005988/0001683168-26-005988-index.htm,8-K,FORM 8-K,https://www.sec.gov/Archives/edgar/data/1496443/000168316826005988/paysign_8k.htm,False,
PAYS,2026-08-05 00:00:00,https://www.sec.gov/Archives/edgar/data/1496443/000168316826005988/0001683168-26-005988-index.htm,EX-99.1,EARNINGS RELEASE,https://www.sec.gov/Archives/edgar/data/1496443/000168316826005988/paysign_ex9901.htm,False,
PFXNL,2026-08-05 00:00:00,https://www.sec.gov/Archives/edgar/data/1490349/000121390026085661/0001213900-26-085661-index.htm,8-K,CURRENT REPORT,https://www.sec.gov/Archives/edgar/data/1490349/000121390026085661/ea0300258-8k_phenixfin.htm,False,
PFXNL,2026-08-05 00:00:00,https://www.sec.gov/Archives/edgar/data/1490349/000121390026085661/0001213900-26-085661-index.htm,EX-99.1,"PRESS RELEASE DATED AUGUST 5, 2026",https://www.sec.gov/Archives/edgar/data/1490349/000121390026085661/ea030025801ex99-1.htm,False,
PFXNZ,2026-08-05 00:00:00,https://www.sec.gov/Archives/edgar/data/1490349/000121390026085661/0001213900-26-085661-index.htm,8-K,CURRENT REPORT,https://www.sec.gov/Archives/edgar/data/1490349/000121390026085661/ea0300258-8k_phenixfin.htm,False,
PFXNZ,2026-08-05 00:00:00,https://www.sec.gov/Archives/edgar/data/1490349/000121390026085661/0001213900-26-085661-index.htm,EX-99.1,"PRESS RELEASE DATED AUGUST 5, 2026",https://www.sec.gov/Archives/edgar/data/1490349/000121390026085661/ea030025801ex99-1.htm,False,
PFX,2026-08-05 00:00:00,https://www.sec.gov/Archives/edgar/data/1490349/000121390026085661/0001213900-26-085661-index.htm,8-K,CURRENT REPORT,https://www.sec.gov/Archives/edgar/data/1490349/000121390026085661/ea0300258-8k_phenixfin.htm,False,
PFX,2026-08-05 00:00:00,https://www.sec.gov/Archives/edgar/data/1490349/000121390026085661/0001213900-26-085661-index.htm,EX-99.1,"PRESS RELEASE DATED AUGUST 5, 2026",https://www.sec.gov/Archives/edgar/data/1490349/000121390026085661/ea030025801ex99-1.htm,False,
RDVT,2026-08-05 00:00:00,https://www.sec.gov/Archives/edgar/data/1720116/000119312526335043/0001193125-26-335043-index.htm,8-K,8-K,https://www.sec.gov/Archives/edgar/data/1720116/000119312526335043/rdvt-20260805.htm,False,
BMBL,2026-08-05 00:00:00,https://www.sec.gov/Archives/edgar/data/1830043/000183004326000099/0001830043-26-000099-index.htm,8-K,8-K,https://www.sec.gov/Archives/edgar/data/1830043/000183004326000099/bmbl-20260805.htm,False,
BMBL,2026-08-05 00:00:00,https://www.sec.gov/Archives/edgar/data/1830043/000183004326000099/0001830043-26-000099-index.htm,EX-99.1,EX-99.1,https://www.sec.gov/Archives/edgar/data/1830043/000183004326000099/bmbl-ex991prxq22026.htm,True,
BLBD,2026-08-05 00:00:00,https://www.sec.gov/Archives/edgar/data/1589526/000158952626000044/0001589526-26-000044-index.htm,8-K,8-K,https://www.sec.gov/Archives/edgar/data/1589526/000158952626000044/blbd-20260731.htm,True,
BLBD,2026-08-05 00:00:00,https://www.sec.gov/Archives/edgar/data/1589526/000158952626000044/0001589526-26-000044-index.htm,EX-10.1,EX-10.1,https://www.sec.gov/Archives/edgar/data/1589526/000158952626000044/ex101-mastercollaborationa.htm,False,
BLBD,2026-08-05 00:00:00,https://www.sec.gov/Archives/edgar/data/1589526/000158952626000044/0001589526-26-000044-index.htm,EX-99.1,EX-99.1,https://www.sec.gov/Archives/edgar/data/1589526/000158952626000044/ex991-blbdfordchassisannou.htm,False,
APMC,2026-08-05 00:00:00,https://www.sec.gov/Archives/edgar/data/2101393/000118518526003284/0001185185-26-003284-index.htm,8-K,FORM 8-K,https://www.sec.gov/Archives/edgar/data/2101393/000118518526003284/acac8k080426.htm,True,
APMC,2026-08-05 00:00:00,https://www.sec.gov/Archives/edgar/data/2101393/000118518526003284/0001185185-26-003284-index.htm,EX-10.1,EXHIBIT 10.1,https://www.sec.gov/Archives/edgar/data/2101393/000118518526003284/acacex10-1.htm,False,
APMCU,2026-08-05 00:00:00,https://www.sec.gov/Archives/edgar/data/2101393/000118518526003284/0001185185-26-003284-index.htm,8-K,FORM 8-K,https://www.sec.gov/Archives/edgar/data/2101393/000118518526003284/acac8k080426.htm,True,
APMCU,2026-08-05 00:00:00,https://www.sec.gov/Archives/edgar/data/2101393/000118518526003284/0001185185-26-003284-index.htm,EX-10.1,EXHIBIT 10.1,https://www.sec.gov/Archives/edgar/data/2101393/000118518526003284/acacex10-1.htm,False,
IONQ,2026-08-05 00:00:00,https://www.sec.gov/Archives/edgar/data/1824920/000119312526335040/0001193125-26-335040-index.htm,8-K,8-K,https://www.sec.gov/Archives/edgar/data/1824920/000119312526335040/ionq-20260805.htm,False,
IONQ,2026-08-05 00:00:00,https://www.sec.gov/Archives/edgar/data/1824920/000119312526335040/0001193125-26-335040-index.htm,EX-99.1,EX-99.1,https://www.sec.gov/Archives/edgar/data/1824920/000119312526335040/ionq-ex99_1.htm,False,
IONQ-WT,2026-08-05 00:00:00,https://www.sec.gov/Archives/edgar/data/1824920/000119312526335040/0001193125-26-335040-index.htm,8-K,8-K,https://www.sec.gov/Archives/edgar/data/1824920/000119312526335040/ionq-20260805.htm,False,
IONQ-WT,2026-08-05 00:00:00,https://www.sec.gov/Archives/edgar/data/1824920/000119312526335040/0001193125-26-335040-index.htm,EX-99.1,EX-99.1,https://www.sec.gov/Archives/edgar/data/1824920/000119312526335040/ionq-ex99_1.htm,False,
DMYI-UN,2026-08-05 00:00:00,https://www.sec.gov/Archives/edgar/data/1824920/000119312526335040/0001193125-26-335040-index.htm,8-K,8-K,https://www.sec.gov/Archives/edgar/data/1824920/000119312526335040/ionq-20260805.htm,False,
DMYI-UN,2026-08-05 00:00:00,https://www.sec.gov/Archives/edgar/data/1824920/000119312526335040/0001193125-26-335040-index.htm,EX-99.1,EX-99.1,https://www.sec.gov/Archives/edgar/data/1824920/000119312526335040/ionq-ex99_1.htm,False,
DMYI,2026-08-05 00:00:00,https://www.sec.gov/Archives/edgar/data/1824920/000119312526335040/0001193125-26-335040-index.htm,8-K,8-K,https://www.sec.gov/Archives/edgar/data/1824920/000119312526335040/ionq-20260805.htm,False,
DMYI,2026-08-05 00:00:00,https://www.sec.gov/Archives/edgar/data/1824920/000119312526335040/0001193125-26-335040-index.htm,EX-99.1,EX-99.1,https://www.sec.gov/Archives/edgar/data/1824920/000119312526335040/ionq-ex99_1.htm,False,
RVMDW,2026-08-05 00:00:00,https://www.sec.gov/Archives/edgar/data/1628171/000119312526335039/0001193125-26-335039-index.htm,8-K,8-K,https://www.sec.gov/Archives/edgar/data/1628171/000119312526335039/rvmd-20260805.htm,False,
RVMDW,2026-08-05 00:00:00,https://www.sec.gov/Archives/edgar/data/1628171/000119312526335039/0001193125-26-335039-index.htm,EX-99.1,EX-99.1,https://www.sec.gov/Archives/edgar/data/1628171/000119312526335039/rvmd-ex99_1.htm,False,
RVMD,2026-08-05 00:00:00,https://www.sec.gov/Archives/edgar/data/1628171/000119312526335039/0001193125-26-335039-index.htm,8-K,8-K,https://www.sec.gov/Archives/edgar/data/1628171/000119312526335039/rvmd-20260805.htm,False,
RVMD,2026-08-05 00:00:00,https://www.sec.gov/Archives/edgar/data/1628171/000119312526335039/0001193125-26-335039-index.htm,EX-99.1,EX-99.1,https://www.sec.gov/Archives/edgar/data/1628171/000119312526335039/rvmd-ex99_1.htm,False,
RWAYL,2026-08-05 00:00:00,https://www.sec.gov/Archives/edgar/data/1653384/000119312526335031/0001193125-26-335031-index.htm,8-K,8-K,https://www.sec.gov/Archives/edgar/data/1653384/000119312526335031/rway-20260805.htm,False,
RWAYL,2026-08-05 00:00:00,https://www.sec.gov/Archives/edgar/data/1653384/000119312526335031/0001193125-26-335031-index.htm,EX-99.1,EX-99.1,https://www.sec.gov/Archives/edgar/data/1653384/000119312526335031/rway-ex99_1.htm,False,
RWAYZ,2026-08-05 00:00:00,https://www.sec.gov/Archives/edgar/data/1653384/000119312526335031/0001193125-26-335031-index.htm,8-K,8-K,https://www.sec.gov/Archives/edgar/data/1653384/000119312526335031/rway-20260805.htm,False,
RWAYZ,2026-08-05 00:00:00,https://www.sec.gov/Archives/edgar/data/1653384/000119312526335031/0001193125-26-335031-index.htm,EX-99.1,EX-99.1,https://www.sec.gov/Archives/edgar/data/1653384/000119312526335031/rway-ex99_1.htm,False,
RWAY,2026-08-05 00:00:00,https://www.sec.gov/Archives/edgar/data/1653384/000119312526335031/0001193125-26-335031-index.htm,8-K,8-K,https://www.sec.gov/Archives/edgar/data/1653384/000119312526335031/rway-20260805.htm,False,
RWAY,2026-08-05 00:00:00,https://www.sec.gov/Archives/edgar/data/1653384/000119312526335031/0001193125-26-335031-index.htm,EX-99.1,EX-99.1,https://www.sec.gov/Archives/edgar/data/1653384/000119312526335031/rway-ex99_1.htm,False,
CARL,2026-08-05 00:00:00,https://www.sec.gov/Archives/edgar/data/1794546/000179454626000015/0001794546-26-000015-index.htm,8-K,8-K,https://www.sec.gov/Archives/edgar/data/1794546/000179454626000015/carl-20260805.htm,False,
CARL,2026-08-05 00:00:00,https://www.sec.gov/Archives/edgar/data/1794546/000179454626000015/0001794546-26-000015-index.htm,EX-99.1,EX-99.1,https://www.sec.gov/Archives/edgar/data/1794546/000179454626000015/carl-ex99_1.htm,True,
STSFF,2026-08-05 00:00:00,https://www.sec.gov/Archives/edgar/data/1585389/000158538926000010/0001585389-26-000010-index.htm,8-K,8-K,https://www.sec.gov/Archives/edgar/data/1585389/000158538926000010/ck0001585389-20260805.htm,False,
STSFF,2026-08-05 00:00:00,https://www.sec.gov/Archives/edgar/data/1585389/000158538926000010/0001585389-26-000010-index.htm,EX-99.1,EX-99.1,https://www.sec.gov/Archives/edgar/data/1585389/000158538926000010/ck0001585389-ex99_1.htm,False,
SMST,2026-08-05 00:00:00,https://www.sec.gov/Archives/edgar/data/1585389/000158538926000010/0001585389-26-000010-index.htm,8-K,8-K,https://www.sec.gov/Archives/edgar/data/1585389/000158538926000010/ck0001585389-20260805.htm,False,
SMST,2026-08-05 00:00:00,https://www.sec.gov/Archives/edgar/data/1585389/000158538926000010/0001585389-26-000010-index.htm,EX-99.1,EX-99.1,https://www.sec.gov/Archives/edgar/data/1585389/000158538926000010/ck0001585389-ex99_1.htm,False,
SMA,2026-08-05 00:00:00,https://www.sec.gov/Archives/edgar/data/1585389/000158538926000010/0001585389-26-000010-index.htm,8-K,8-K,https://www.sec.gov/Archives/edgar/data/1585389/000158538926000010/ck0001585389-20260805.htm,False,
SMA,2026-08-05 00:00:00,https://www.sec.gov/Archives/edgar/data/1585389/000158538926000010/0001585389-26-000010-index.htm,EX-99.1,EX-99.1,https://www.sec.gov/Archives/edgar/data/1585389/000158538926000010/ck0001585389-ex99_1.htm,False,
None,2026-08-05 00:00:00,https://www.sec.gov/Archives/edgar/data/2059924/000121390026085659/0001213900-26-085659-index.htm,8-K,CURRENT REPORT,https://www.sec.gov/Archives/edgar/data/2059924/000121390026085659/ea0300653-8k_isq.htm,False,
None,2026-08-05 00:00:00,https://www.sec.gov/Archives/edgar/data/2059924/000121390026085659/0001213900-26-085659-index.htm,EX-99.1,"NET ASSET VALUE AS OF JUNE 30, 2026",https://www.sec.gov/Archives/edgar/data/2059924/000121390026085659/ea030065301ex99-1.htm,False,
TREB,2026-08-05 00:00:00,https://www.sec.gov/Archives/edgar/data/1805833/000180583326000049/0001805833-26-000049-index.htm,8-K,8-K,https://www.sec.gov/Archives/edgar/data/1805833/000180583326000049/sst-20260805.htm,False,
TREB,2026-08-05 00:00:00,https://www.sec.gov/Archives/edgar/data/1805833/000180583326000049/0001805833-26-000049-index.htm,EX-99.1,EX-99.1,https://www.sec.gov/Archives/edgar/data/1805833/000180583326000049/q22026-ex991pressrelease.htm,False,
SST-WT,2026-08-05 00:00:00,https://www.sec.gov/Archives/edgar/data/1805833/000180583326000049/0001805833-26-000049-index.htm,8-K,8-K,https://www.sec.gov/Archives/edgar/data/1805833/000180583326000049/sst-20260805.htm,False,
SST-WT,2026-08-05 00:00:00,https://www.sec.gov/Archives/edgar/data/1805833/000180583326000049/0001805833-26-000049-index.htm,EX-99.1,EX-99.1,https://www.sec.gov/Archives/edgar/data/1805833/000180583326000049/q22026-ex991pressrelease.htm,False,
SST,2026-08-05 00:00:00,https://www.sec.gov/Archives/edgar/data/1805833/000180583326000049/0001805833-26-000049-index.htm,8-K,8-K,https://www.sec.gov/Archives/edgar/data/1805833/000180583326000049/sst-20260805.htm,False,
SST,2026-08-05 00:00:00,https://www.sec.gov/Archives/edgar/data/1805833/000180583326000049/0001805833-26-000049-index.htm,EX-99.1,EX-99.1,https://www.sec.gov/Archives/edgar/data/1805833/000180583326000049/q22026-ex991pressrelease.htm,False,
VNDA,2026-08-05 00:00:00,https://www.sec.gov/Archives/edgar/data/1347178/000162828026053308/0001628280-26-053308-index.htm,8-K,8-K,https://www.sec.gov/Archives/edgar/data/1347178/000162828026053308/vnda-20260805.htm,False,
VNDA,2026-08-05 00:00:00,https://www.sec.gov/Archives/edgar/data/1347178/000162828026053308/0001628280-26-053308-index.htm,EX-99.1,EX-99.1,https://www.sec.gov/Archives/edgar/data/1347178/000162828026053308/vnda8-k852026exhibit991.htm,False,
HBB,2026-08-05 00:00:00,https://www.sec.gov/Archives/edgar/data/1709164/000170916426000157/0001709164-26-000157-index.htm,8-K,8-K,https://www.sec.gov/Archives/edgar/data/1709164/000170916426000157/hbb-20260805.htm,False,
CXW,2026-08-05 00:00:00,https://www.sec.gov/Archives/edgar/data/1070985/000119312526335025/0001193125-26-335025-index.htm,8-K,8-K,https://www.sec.gov/Archives/edgar/data/1070985/000119312526335025/d173726d8k.htm,False,
CXW,2026-08-05 00:00:00,https://www.sec.gov/Archives/edgar/data/1070985/000119312526335025/0001193125-26-335025-index.htm,EX-99.1,EX-99.1,https://www.sec.gov/Archives/edgar/data/1070985/000119312526335025/d173726dex991.htm,True,
WDC,2026-08-05 00:00:00,https://www.sec.gov/Archives/edgar/data/106040/000162828026053305/0001628280-26-053305-index.htm,8-K,8-K,https://www.sec.gov/Archives/edgar/data/106040/000162828026053305/wdc-20260805.htm,False,
WDC,2026-08-05 00:00:00,https://www.sec.gov/Archives/edgar/data/106040/000162828026053305/0001628280-26-053305-index.htm,EX-99.1,EX-99.1,https://www.sec.gov/Archives/edgar/data/106040/000162828026053305/a4ex991-pressreleaseq426.htm,False,
KRMD,2026-08-05 00:00:00,https://www.sec.gov/Archives/edgar/data/704440/000116169726000188/0001161697-26-000188-index.htm,8-K,FORM 8-K CURRENT REPORT FOR 08-05-2026,https://www.sec.gov/Archives/edgar/data/704440/000116169726000188/form_8-k.htm,False,
VTGN,2026-08-05 00:00:00,https://www.sec.gov/Archives/edgar/data/1411685/000162828026053304/0001628280-26-053304-index.htm,8-K,8-K,https://www.sec.gov/Archives/edgar/data/1411685/000162828026053304/vtgn-20260804.htm,False,
HHH,2026-08-05 00:00:00,https://www.sec.gov/Archives/edgar/data/1981792/000162828026053303/0001628280-26-053303-index.htm,8-K,8-K,https://www.sec.gov/Archives/edgar/data/1981792/000162828026053303/hhh-20260805.htm,False,
HHH,2026-08-05 00:00:00,https://www.sec.gov/Archives/edgar/data/1981792/000162828026053303/0001628280-26-053303-index.htm,EX-99.1,EX-99.1,https://www.sec.gov/Archives/edgar/data/1981792/000162828026053303/hhhearningsreleaseq22026.htm,False,
MEG,2026-08-05 00:00:00,https://www.sec.gov/Archives/edgar/data/1643615/000119312526335022/0001193125-26-335022-index.htm,8-K,8-K,https://www.sec.gov/Archives/edgar/data/1643615/000119312526335022/ont-20260805.htm,False,
MEG,2026-08-05 00:00:00,https://www.sec.gov/Archives/edgar/data/1643615/000119312526335022/0001193125-26-335022-index.htm,EX-99.1,EX-99.1,https://www.sec.gov/Archives/edgar/data/1643615/000119312526335022/ont-ex99_1.htm,True,
None,2026-08-05 00:00:00,https://www.sec.gov/Archives/edgar/data/1811935/000181193526000051/0001811935-26-000051-index.htm,8-K,8-K,https://www.sec.gov/Archives/edgar/data/1811935/000181193526000051/ptrn-20260805.htm,False,
None,2026-08-05 00:00:00,https://www.sec.gov/Archives/edgar/data/1811935/000181193526000051/0001811935-26-000051-index.htm,EX-99.1,EX-99.1,https://www.sec.gov/Archives/edgar/data/1811935/000181193526000051/ptrn-20260630xearningsrele.htm,False,
DUOL,2026-08-05 00:00:00,https://www.sec.gov/Archives/edgar/data/1562088/000162828026053299/0001628280-26-053299-index.htm,8-K,8-K,https://www.sec.gov/Archives/edgar/data/1562088/000162828026053299/duol-20260805.htm,False,
DUOL,2026-08-05 00:00:00,https://www.sec.gov/Archives/edgar/data/1562088/000162828026053299/0001628280-26-053299-index.htm,EX-99.1,EX-99.1,https://www.sec.gov/Archives/edgar/data/1562088/000162828026053299/q2fy26duolingo6-30x26xpres.htm,False,
SYM,2026-08-05 00:00:00,https://www.sec.gov/Archives/edgar/data/1837240/000183724026000042/0001837240-26-000042-index.htm,8-K,8-K,https://www.sec.gov/Archives/edgar/data/1837240/000183724026000042/sym-20260803.htm,False,
SYM,2026-08-05 00:00:00,https://www.sec.gov/Archives/edgar/data/1837240/000183724026000042/0001837240-26-000042-index.htm,EX-99.1,EX-99.1,https://www.sec.gov/Archives/edgar/data/1837240/000183724026000042/q3268-k_ex991.htm,False,
SVFC,2026-08-05 00:00:00,https://www.sec.gov/Archives/edgar/data/1837240/000183724026000042/0001837240-26-000042-index.htm,8-K,8-K,https://www.sec.gov/Archives/edgar/data/1837240/000183724026000042/sym-20260803.htm,False,
SVFC,2026-08-05 00:00:00,https://www.sec.gov/Archives/edgar/data/1837240/000183724026000042/0001837240-26-000042-index.htm,EX-99.1,EX-99.1,https://www.sec.gov/Archives/edgar/data/1837240/000183724026000042/q3268-k_ex991.htm,False,
SWM,2026-08-05 00:00:00,https://www.sec.gov/Archives/edgar/data/1000623/000100062326000064/0001000623-26-000064-index.htm,8-K,8-K,https://www.sec.gov/Archives/edgar/data/1000623/000100062326000064/matv-20260805.htm,False,
SWM,2026-08-05 00:00:00,https://www.sec.gov/Archives/edgar/data/1000623/000100062326000064/0001000623-26-000064-index.htm,EX-99.1,EX-99.1,https://www.sec.gov/Archives/edgar/data/1000623/000100062326000064/ex991earningsrelease2026q2.htm,False,
MATV,2026-08-05 00:00:00,https://www.sec.gov/Archives/edgar/data/1000623/000100062326000064/0001000623-26-000064-index.htm,8-K,8-K,https://www.sec.gov/Archives/edgar/data/1000623/000100062326000064/matv-20260805.htm,False,
MATV,2026-08-05 00:00:00,https://www.sec.gov/Archives/edgar/data/1000623/000100062326000064/0001000623-26-000064-index.htm,EX-99.1,EX-99.1,https://www.sec.gov/Archives/edgar/data/1000623/000100062326000064/ex991earningsrelease2026q2.htm,False,
HCC,2026-08-05 00:00:00,https://www.sec.gov/Archives/edgar/data/1691303/000119312526335017/0001193125-26-335017-index.htm,8-K,8-K,https://www.sec.gov/Archives/edgar/data/1691303/000119312526335017/hcc-20260805.htm,False,
HCC,2026-08-05 00:00:00,https://www.sec.gov/Archives/edgar/data/1691303/000119312526335017/0001193125-26-335017-index.htm,EX-99.1,EX-99.1,https://www.sec.gov/Archives/edgar/data/1691303/000119312526335017/hcc-ex99_1.htm,False,
JOBY-WT,2026-08-05 00:00:00,https://www.sec.gov/Archives/edgar/data/1819848/000181984826000432/0001819848-26-000432-index.htm,8-K,8-K,https://www.sec.gov/Archives/edgar/data/1819848/000181984826000432/joby-20260805.htm,False,
JOBY-WT,2026-08-05 00:00:00,https://www.sec.gov/Archives/edgar/data/1819848/000181984826000432/0001819848-26-000432-index.htm,EX-99.1,EX-99.1,https://www.sec.gov/Archives/edgar/data/1819848/000181984826000432/joby-8kx20260805xexx99_1.htm,False,
JOBY,2026-08-05 00:00:00,https://www.sec.gov/Archives/edgar/data/1819848/000181984826000432/0001819848-26-000432-index.htm,8-K,8-K,https://www.sec.gov/Archives/edgar/data/1819848/000181984826000432/joby-20260805.htm,False,
JOBY,2026-08-05 00:00:00,https://www.sec.gov/Archives/edgar/data/1819848/000181984826000432/0001819848-26-000432-index.htm,EX-99.1,EX-99.1,https://www.sec.gov/Archives/edgar/data/1819848/000181984826000432/joby-8kx20260805xexx99_1.htm,False,
RTP,2026-08-05 00:00:00,https://www.sec.gov/Archives/edgar/data/1819848/000181984826000432/0001819848-26-000432-index.htm,8-K,8-K,https://www.sec.gov/Archives/edgar/data/1819848/000181984826000432/joby-20260805.htm,False,
RTP,2026-08-05 00:00:00,https://www.sec.gov/Archives/edgar/data/1819848/000181984826000432/0001819848-26-000432-index.htm,EX-99.1,EX-99.1,https://www.sec.gov/Archives/edgar/data/1819848/000181984826000432/joby-8kx20260805xexx99_1.htm,False,
ATEN,2026-08-05 00:00:00,https://www.sec.gov/Archives/edgar/data/1580808/000158080826000041/0001580808-26-000041-index.htm,8-K,8-K,https://www.sec.gov/Archives/edgar/data/1580808/000158080826000041/aten-20260803.htm,True,
LTCHW,2026-08-05 00:00:00,https://www.sec.gov/Archives/edgar/data/1826000/000110465926091071/0001104659-26-091071-index.htm,8-K,FORM 8-K,https://www.sec.gov/Archives/edgar/data/1826000/000110465926091071/tm2622239d1_8k.htm,False,
LTCHW,2026-08-05 00:00:00,https://www.sec.gov/Archives/edgar/data/1826000/000110465926091071/0001104659-26-091071-index.htm,EX-99.1,EXHIBIT 99.1,https://www.sec.gov/Archives/edgar/data/1826000/000110465926091071/tm2622239d1_ex99-1.htm,False,
LTCH,2026-08-05 00:00:00,https://www.sec.gov/Archives/edgar/data/1826000/000110465926091071/0001104659-26-091071-index.htm,8-K,FORM 8-K,https://www.sec.gov/Archives/edgar/data/1826000/000110465926091071/tm2622239d1_8k.htm,False,
LTCH,2026-08-05 00:00:00,https://www.sec.gov/Archives/edgar/data/1826000/000110465926091071/0001104659-26-091071-index.htm,EX-99.1,EXHIBIT 99.1,https://www.sec.gov/Archives/edgar/data/1826000/000110465926091071/tm2622239d1_ex99-1.htm,False,
TRUP,2026-08-05 00:00:00,https://www.sec.gov/Archives/edgar/data/1371285/000137128526000171/0001371285-26-000171-index.htm,8-K,8-K,https://www.sec.gov/Archives/edgar/data/1371285/000137128526000171/trup-20260805.htm,False,
TRUP,2026-08-05 00:00:00,https://www.sec.gov/Archives/edgar/data/1371285/000137128526000171/0001371285-26-000171-index.htm,EX-99.1,EX-99.1,https://www.sec.gov/Archives/edgar/data/1371285/000137128526000171/ex991q22026.htm,False,
MNKD,2026-08-05 00:00:00,https://www.sec.gov/Archives/edgar/data/899460/000119312526335016/0001193125-26-335016-index.htm,8-K,8-K,https://www.sec.gov/Archives/edgar/data/899460/000119312526335016/mnkd-20260805.htm,False,
MNKD,2026-08-05 00:00:00,https://www.sec.gov/Archives/edgar/data/899460/000119312526335016/0001193125-26-335016-index.htm,EX-99.1,EX-99.1,https://www.sec.gov/Archives/edgar/data/899460/000119312526335016/mnkd-ex99_1.htm,True,
WETG,2026-08-05 00:00:00,https://www.sec.gov/Archives/edgar/data/1784970/000121390026085658/0001213900-26-085658-index.htm,8-K,CURRENT REPORT,https://www.sec.gov/Archives/edgar/data/1784970/000121390026085658/ea0300559-8k_next.htm,False,
WETG,2026-08-05 00:00:00,https://www.sec.gov/Archives/edgar/data/1784970/000121390026085658/0001213900-26-085658-index.htm,EX-99.1,NEXT TECHNOLOGY HOLDING INC. ANNOUNCES REVERSE STOCK SPLIT,https://www.sec.gov/Archives/edgar/data/1784970/000121390026085658/ea030055901ex99-1.htm,False,
NXTT,2026-08-05 00:00:00,https://www.sec.gov/Archives/edgar/data/1784970/000121390026085658/0001213900-26-085658-index.htm,8-K,CURRENT REPORT,https://www.sec.gov/Archives/edgar/data/1784970/000121390026085658/ea0300559-8k_next.htm,False,
NXTT,2026-08-05 00:00:00,https://www.sec.gov/Archives/edgar/data/1784970/000121390026085658/0001213900-26-085658-index.htm,EX-99.1,NEXT TECHNOLOGY HOLDING INC. ANNOUNCES REVERSE STOCK SPLIT,https://www.sec.gov/Archives/edgar/data/1784970/000121390026085658/ea030055901ex99-1.htm,False,
PTLO,2026-08-05 00:00:00,https://www.sec.gov/Archives/edgar/data/1871509/000187150926000055/0001871509-26-000055-index.htm,8-K,8-K,https://www.sec.gov/Archives/edgar/data/1871509/000187150926000055/ptlo-20260805.htm,False,
PTLO,2026-08-05 00:00:00,https://www.sec.gov/Archives/edgar/data/1871509/000187150926000055/0001871509-26-000055-index.htm,EX-99.1,EX-99.1,https://www.sec.gov/Archives/edgar/data/1871509/000187150926000055/exhibit991earningsrelease6.htm,False,
GOOD,2026-08-05 00:00:00,https://www.sec.gov/Archives/edgar/data/1234006/000123400626000019/0001234006-26-000019-index.htm,8-K,8-K,https://www.sec.gov/Archives/edgar/data/1234006/000123400626000019/good-20260805.htm,False,
GOOD,2026-08-05 00:00:00,https://www.sec.gov/Archives/edgar/data/1234006/000123400626000019/0001234006-26-000019-index.htm,EX-99.1,EX-99.1,https://www.sec.gov/Archives/edgar/data/1234006/000123400626000019/q22026pressrelease6302026.htm,True,
GOODM,2026-08-05 00:00:00,https://www.sec.gov/Archives/edgar/data/1234006/000123400626000019/0001234006-26-000019-index.htm,8-K,8-K,https://www.sec.gov/Archives/edgar/data/1234006/000123400626000019/good-20260805.htm,False,
GOODM,2026-08-05 00:00:00,https://www.sec.gov/Archives/edgar/data/1234006/000123400626000019/0001234006-26-000019-index.htm,EX-99.1,EX-99.1,https://www.sec.gov/Archives/edgar/data/1234006/000123400626000019/q22026pressrelease6302026.htm,True,
GOODO,2026-08-05 00:00:00,https://www.sec.gov/Archives/edgar/data/1234006/000123400626000019/0001234006-26-000019-index.htm,8-K,8-K,https://www.sec.gov/Archives/edgar/data/1234006/000123400626000019/good-20260805.htm,False,
GOODO,2026-08-05 00:00:00,https://www.sec.gov/Archives/edgar/data/1234006/000123400626000019/0001234006-26-000019-index.htm,EX-99.1,EX-99.1,https://www.sec.gov/Archives/edgar/data/1234006/000123400626000019/q22026pressrelease6302026.htm,True,
GOODN,2026-08-05 00:00:00,https://www.sec.gov/Archives/edgar/data/1234006/000123400626000019/0001234006-26-000019-index.htm,8-K,8-K,https://www.sec.gov/Archives/edgar/data/1234006/000123400626000019/good-20260805.htm,False,
GOODN,2026-08-05 00:00:00,https://www.sec.gov/Archives/edgar/data/1234006/000123400626000019/0001234006-26-000019-index.htm,EX-99.1,EX-99.1,https://www.sec.gov/Archives/edgar/data/1234006/000123400626000019/q22026pressrelease6302026.htm,True,
WMG,2026-08-05 00:00:00,https://www.sec.gov/Archives/edgar/data/1319161/000131916126000031/0001319161-26-000031-index.htm,8-K,8-K,https://www.sec.gov/Archives/edgar/data/1319161/000131916126000031/wmg-20260805.htm,False,
WMG,2026-08-05 00:00:00,https://www.sec.gov/Archives/edgar/data/1319161/000131916126000031/0001319161-26-000031-index.htm,EX-99.1,EX-99.1,https://www.sec.gov/Archives/edgar/data/1319161/000131916126000031/q32026ex991.htm,False,
EDIT,2026-08-05 00:00:00,https://www.sec.gov/Archives/edgar/data/1650664/000165066426000082/0001650664-26-000082-index.htm,8-K,8-K,https://www.sec.gov/Archives/edgar/data/1650664/000165066426000082/edit-20260803.htm,False,
SAFT,2026-08-05 00:00:00,https://www.sec.gov/Archives/edgar/data/1172052/000117205226000021/0001172052-26-000021-index.htm,8-K,8-K,https://www.sec.gov/Archives/edgar/data/1172052/000117205226000021/saft-20260805x8k.htm,False,
SAFT,2026-08-05 00:00:00,https://www.sec.gov/Archives/edgar/data/1172052/000117205226000021/0001172052-26-000021-index.htm,EX-99.1,EX-99.1,https://www.sec.gov/Archives/edgar/data/1172052/000117205226000021/saft-20260805xex99d1.htm,False,
POWI,2026-08-05 00:00:00,https://www.sec.gov/Archives/edgar/data/833640/000083364026000141/0000833640-26-000141-index.htm,8-K,8-K,https://www.sec.gov/Archives/edgar/data/833640/000083364026000141/powi-20260805.htm,False,
POWI,2026-08-05 00:00:00,https://www.sec.gov/Archives/edgar/data/833640/000083364026000141/0000833640-26-000141-index.htm,EX-99.1,EX-99.1,https://www.sec.gov/Archives/edgar/data/833640/000083364026000141/powi-20260805xexx991.htm,False,
MIRM,2026-08-05 00:00:00,https://www.sec.gov/Archives/edgar/data/1759425/000175942526000044/0001759425-26-000044-index.htm,8-K,8-K,https://www.sec.gov/Archives/edgar/data/1759425/000175942526000044/mirm-20260805.htm,False,
MIRM,2026-08-05 00:00:00,https://www.sec.gov/Archives/edgar/data/1759425/000175942526000044/0001759425-26-000044-index.htm,EX-99.1,EX-99.1,https://www.sec.gov/Archives/edgar/data/1759425/000175942526000044/mirm-20260805xexx991.htm,False,
BDTX,2026-08-05 00:00:00,https://www.sec.gov/Archives/edgar/data/1701541/000170154126000023/0001701541-26-000023-index.htm,8-K,8-K,https://www.sec.gov/Archives/edgar/data/1701541/000170154126000023/bdtx-20260805.htm,False,
BDTX,2026-08-05 00:00:00,https://www.sec.gov/Archives/edgar/data/1701541/000170154126000023/0001701541-26-000023-index.htm,EX-99.1,EX-99.1,https://www.sec.gov/Archives/edgar/data/1701541/000170154126000023/bdtx-exhibit991_q22026.htm,False,
BDSX,2026-08-05 00:00:00,https://www.sec.gov/Archives/edgar/data/1439725/000119312526335010/0001193125-26-335010-index.htm,8-K,8-K,https://www.sec.gov/Archives/edgar/data/1439725/000119312526335010/bdsx-20260805.htm,False,
BDSX,2026-08-05 00:00:00,https://www.sec.gov/Archives/edgar/data/1439725/000119312526335010/0001193125-26-335010-index.htm,EX-99.1,EX-99.1,https://www.sec.gov/Archives/edgar/data/1439725/000119312526335010/bdsx-ex99_1.htm,False,
CDLX,2026-08-05 00:00:00,https://www.sec.gov/Archives/edgar/data/1666071/000162828026053285/0001628280-26-053285-index.htm,8-K,8-K,https://www.sec.gov/Archives/edgar/data/1666071/000162828026053285/cdlx-20260805.htm,False,
CDLX,2026-08-05 00:00:00,https://www.sec.gov/Archives/edgar/data/1666071/000162828026053285/0001628280-26-053285-index.htm,EX-99.1,EX-99.1,https://www.sec.gov/Archives/edgar/data/1666071/000162828026053285/cdlx_form8-kx2026q2xex991.htm,False,
UIHC,2026-08-05 00:00:00,https://www.sec.gov/Archives/edgar/data/1401521/000140152126000035/0001401521-26-000035-index.htm,8-K,8-K,https://www.sec.gov/Archives/edgar/data/1401521/000140152126000035/acic-20260805.htm,False,
UIHC,2026-08-05 00:00:00,https://www.sec.gov/Archives/edgar/data/1401521/000140152126000035/0001401521-26-000035-index.htm,EX-99.1,EX-99.1,https://www.sec.gov/Archives/edgar/data/1401521/000140152126000035/acic-ex99_1.htm,False,
XNCR,2026-08-05 00:00:00,https://www.sec.gov/Archives/edgar/data/1326732/000132673226000055/0001326732-26-000055-index.htm,8-K,8-K,https://www.sec.gov/Archives/edgar/data/1326732/000132673226000055/xncr-20260805.htm,False,
XNCR,2026-08-05 00:00:00,https://www.sec.gov/Archives/edgar/data/1326732/000132673226000055/0001326732-26-000055-index.htm,EX-99.1,EX-99.1,https://www.sec.gov/Archives/edgar/data/1326732/000132673226000055/xncr-20260805xexx991.htm,False,
SBGI,2026-08-05 00:00:00,https://www.sec.gov/Archives/edgar/data/1971213/000197121326000037/0001971213-26-000037-index.htm,8-K,8-K,https://www.sec.gov/Archives/edgar/data/1971213/000197121326000037/sbgi-20260805.htm,False,
MRP,2026-08-05 00:00:00,https://www.sec.gov/Archives/edgar/data/2017206/000119312526335005/0001193125-26-335005-index.htm,8-K,8-K,https://www.sec.gov/Archives/edgar/data/2017206/000119312526335005/d177605d8k.htm,True,
MRP,2026-08-05 00:00:00,https://www.sec.gov/Archives/edgar/data/2017206/000119312526335005/0001193125-26-335005-index.htm,EX-10.1,EX-10.1,https://www.sec.gov/Archives/edgar/data/2017206/000119312526335005/d177605dex101.htm,True,
CRUS,2026-08-05 00:00:00,https://www.sec.gov/Archives/edgar/data/772406/000077240626000036/0000772406-26-000036-index.htm,8-K,8-K,https://www.sec.gov/Archives/edgar/data/772406/000077240626000036/crus-20260805.htm,False,
CRUS,2026-08-05 00:00:00,https://www.sec.gov/Archives/edgar/data/772406/000077240626000036/0000772406-26-000036-index.htm,EX-99.1,EX-99.1,https://www.sec.gov/Archives/edgar/data/772406/000077240626000036/pressrelease.htm,False,
MGY,2026-08-05 00:00:00,https://www.sec.gov/Archives/edgar/data/1698990/000169899026000016/0001698990-26-000016-index.htm,8-K,8-K,https://www.sec.gov/Archives/edgar/data/1698990/000169899026000016/mgy-20260805.htm,False,
MGY,2026-08-05 00:00:00,https://www.sec.gov/Archives/edgar/data/1698990/000169899026000016/0001698990-26-000016-index.htm,EX-99.1,EX-99.1,https://www.sec.gov/Archives/edgar/data/1698990/000169899026000016/q22026pressrelease.htm,True,
MELI,2026-08-05 00:00:00,https://www.sec.gov/Archives/edgar/data/1099590/000109959026000021/0001099590-26-000021-index.htm,8-K,8-K,https://www.sec.gov/Archives/edgar/data/1099590/000109959026000021/meli-20260805.htm,False,
MELI,2026-08-05 00:00:00,https://www.sec.gov/Archives/edgar/data/1099590/000109959026000021/0001099590-26-000021-index.htm,EX-99.1,EX-99.1,https://www.sec.gov/Archives/edgar/data/1099590/000109959026000021/meli-20260805xex991.htm,False,
ASYS,2026-08-05 00:00:00,https://www.sec.gov/Archives/edgar/data/720500/000072050026000009/0000720500-26-000009-index.htm,8-K,8-K,https://www.sec.gov/Archives/edgar/data/720500/000072050026000009/asys-20260805.htm,False,
ASYS,2026-08-05 00:00:00,https://www.sec.gov/Archives/edgar/data/720500/000072050026000009/0000720500-26-000009-index.htm,EX-99.1,EX-99.1,https://www.sec.gov/Archives/edgar/data/720500/000072050026000009/asys-ex99_1.htm,False,
None,2026-08-05 00:00:00,https://www.sec.gov/Archives/edgar/data/2108359/000121390026085653/0001213900-26-085653-index.htm,8-K,CURRENT REPORT,https://www.sec.gov/Archives/edgar/data/2108359/000121390026085653/ea0300506-8k_biokey.htm,False,
VEL,2026-08-05 00:00:00,https://www.sec.gov/Archives/edgar/data/1692376/000119312526334993/0001193125-26-334993-index.htm,8-K,8-K,https://www.sec.gov/Archives/edgar/data/1692376/000119312526334993/vel-20260805.htm,False,
None,2026-08-05 00:00:00,https://www.sec.gov/Archives/edgar/data/2087450/000182912626008388/0001829126-26-008388-index.htm,8-K,8-K,https://www.sec.gov/Archives/edgar/data/2087450/000182912626008388/legatomerger4_8k.htm,False,
FWRD,2026-08-05 00:00:00,https://www.sec.gov/Archives/edgar/data/912728/000162828026053272/0001628280-26-053272-index.htm,8-K,8-K,https://www.sec.gov/Archives/edgar/data/912728/000162828026053272/fwrd-20260805.htm,False,
FWRD,2026-08-05 00:00:00,https://www.sec.gov/Archives/edgar/data/912728/000162828026053272/0001628280-26-053272-index.htm,EX-99.1,EX-99.1,https://www.sec.gov/Archives/edgar/data/912728/000162828026053272/exhibit991q22026pressrelea.htm,True,
CLFD,2026-08-05 00:00:00,https://www.sec.gov/Archives/edgar/data/796505/000117184326005241/0001171843-26-005241-index.htm,8-K,FORM 8-K,https://www.sec.gov/Archives/edgar/data/796505/000117184326005241/f8k_080526.htm,False,
CLFD,2026-08-05 00:00:00,https://www.sec.gov/Archives/edgar/data/796505/000117184326005241/0001171843-26-005241-index.htm,EX-99.1,PRESS RELEASE,https://www.sec.gov/Archives/edgar/data/796505/000117184326005241/exh_991.htm,False,
VEL,2026-08-05 00:00:00,https://www.sec.gov/Archives/edgar/data/1692376/000119312526334991/0001193125-26-334991-index.htm,8-K,8-K,https://www.sec.gov/Archives/edgar/data/1692376/000119312526334991/vel-20260805.htm,False,
VEL,2026-08-05 00:00:00,https://www.sec.gov/Archives/edgar/data/1692376/000119312526334991/0001193125-26-334991-index.htm,EX-99.1,EX-99.1,https://www.sec.gov/Archives/edgar/data/1692376/000119312526334991/vel-ex99_1.htm,False,
EXPE,2026-08-05 00:00:00,https://www.sec.gov/Archives/edgar/data/1324424/000132442426000051/0001324424-26-000051-index.htm,8-K,8-K,https://www.sec.gov/Archives/edgar/data/1324424/000132442426000051/expe-20260805.htm,False,
EXPE,2026-08-05 00:00:00,https://www.sec.gov/Archives/edgar/data/1324424/000132442426000051/0001324424-26-000051-index.htm,EX-99.1,EX-99.1,https://www.sec.gov/Archives/edgar/data/1324424/000132442426000051/earningsrelease-q22026.htm,False,
None,2026-08-05 00:00:00,https://www.sec.gov/Archives/edgar/data/1043951/000114036126031405/0001140361-26-031405-index.htm,8-K,8-K,https://www.sec.gov/Archives/edgar/data/1043951/000114036126031405/ef20079566_8k.htm,False,
ZPTA,2026-08-05 00:00:00,https://www.sec.gov/Archives/edgar/data/1843714/000168316826005982/0001683168-26-005982-index.htm,8-K,FORM 8-K,https://www.sec.gov/Archives/edgar/data/1843714/000168316826005982/zapata_8k.htm,True,
WNNR-UN,2026-08-05 00:00:00,https://www.sec.gov/Archives/edgar/data/1843714/000168316826005982/0001683168-26-005982-index.htm,8-K,FORM 8-K,https://www.sec.gov/Archives/edgar/data/1843714/000168316826005982/zapata_8k.htm,True,
WNNR,2026-08-05 00:00:00,https://www.sec.gov/Archives/edgar/data/1843714/000168316826005982/0001683168-26-005982-index.htm,8-K,FORM 8-K,https://www.sec.gov/Archives/edgar/data/1843714/000168316826005982/zapata_8k.htm,True,
ZPTAW,2026-08-05 00:00:00,https://www.sec.gov/Archives/edgar/data/1843714/000168316826005982/0001683168-26-005982-index.htm,8-K,FORM 8-K,https://www.sec.gov/Archives/edgar/data/1843714/000168316826005982/zapata_8k.htm,True,
WNNR-WT,2026-08-05 00:00:00,https://www.sec.gov/Archives/edgar/data/1843714/000168316826005982/0001683168-26-005982-index.htm,8-K,FORM 8-K,https://www.sec.gov/Archives/edgar/data/1843714/000168316826005982/zapata_8k.htm,True,
FGBIP,2026-08-05 00:00:00,https://www.sec.gov/Archives/edgar/data/1408534/000140853426000062/0001408534-26-000062-index.htm,8-K,8-K,https://www.sec.gov/Archives/edgar/data/1408534/000140853426000062/fgbi-20260805.htm,False,
FGBI,2026-08-05 00:00:00,https://www.sec.gov/Archives/edgar/data/1408534/000140853426000062/0001408534-26-000062-index.htm,8-K,8-K,https://www.sec.gov/Archives/edgar/data/1408534/000140853426000062/fgbi-20260805.htm,False,
None,2026-08-05 00:00:00,https://www.sec.gov/Archives/edgar/data/1771514/000119312526334743/0001193125-26-334743-index.htm,8-K,8-K,https://www.sec.gov/Archives/edgar/data/1771514/000119312526334743/none-20260715.htm,False,
USNU,2026-08-05 00:00:00,https://www.sec.gov/Archives/edgar/data/1089815/000143774926025897/0001437749-26-025897-index.htm,8-K,FORM 8-K,https://www.sec.gov/Archives/edgar/data/1089815/000143774926025897/ehsi20260804_8k.htm,True,
USNU,2026-08-05 00:00:00,https://www.sec.gov/Archives/edgar/data/1089815/000143774926025897/0001437749-26-025897-index.htm,EX-10.1,EXHIBIT 10.1,https://www.sec.gov/Archives/edgar/data/1089815/000143774926025897/ex_999455.htm,False,
USNU,2026-08-05 00:00:00,https://www.sec.gov/Archives/edgar/data/1089815/000143774926025897/0001437749-26-025897-index.htm,EX-10.2,EXHIBIT 10.2,https://www.sec.gov/Archives/edgar/data/1089815/000143774926025897/ex_999456.htm,False,
XXII,2026-08-05 00:00:00,https://www.sec.gov/Archives/edgar/data/1347858/000149315226036144/0001493152-26-036144-index.htm,8-K,8-K,https://www.sec.gov/Archives/edgar/data/1347858/000149315226036144/form8-k.htm,False,
CEG,2026-08-05 00:00:00,https://www.sec.gov/Archives/edgar/data/1868275/000186827526000089/0001868275-26-000089-index.htm,8-K,8-K,https://www.sec.gov/Archives/edgar/data/1868275/000186827526000089/ceg-20260804.htm,False,
CEG,2026-08-05 00:00:00,https://www.sec.gov/Archives/edgar/data/1868275/000186827526000089/0001868275-26-000089-index.htm,EX-99.1,EX-99.1,https://www.sec.gov/Archives/edgar/data/1868275/000186827526000089/ceg-202608058kexh991.htm,False,
CLIN,2026-08-05 00:00:00,https://www.sec.gov/Archives/edgar/data/1883984/000143774926025888/0001437749-26-025888-index.htm,8-K,FORM 8-K,https://www.sec.gov/Archives/edgar/data/1883984/000143774926025888/alce20260805_8k.htm,True,
CLIN,2026-08-05 00:00:00,https://www.sec.gov/Archives/edgar/data/1883984/000143774926025888/0001437749-26-025888-index.htm,EX-10.1,EXHIBIT 10.1,https://www.sec.gov/Archives/edgar/data/1883984/000143774926025888/ex_999232.htm,False,
CLINR,2026-08-05 00:00:00,https://www.sec.gov/Archives/edgar/data/1883984/000143774926025888/0001437749-26-025888-index.htm,8-K,FORM 8-K,https://www.sec.gov/Archives/edgar/data/1883984/000143774926025888/alce20260805_8k.htm,True,
CLINR,2026-08-05 00:00:00,https://www.sec.gov/Archives/edgar/data/1883984/000143774926025888/0001437749-26-025888-index.htm,EX-10.1,EXHIBIT 10.1,https://www.sec.gov/Archives/edgar/data/1883984/000143774926025888/ex_999232.htm,False,
CLINU,2026-08-05 00:00:00,https://www.sec.gov/Archives/edgar/data/1883984/000143774926025888/0001437749-26-025888-index.htm,8-K,FORM 8-K,https://www.sec.gov/Archives/edgar/data/1883984/000143774926025888/alce20260805_8k.htm,True,
CLINU,2026-08-05 00:00:00,https://www.sec.gov/Archives/edgar/data/1883984/000143774926025888/0001437749-26-025888-index.htm,EX-10.1,EXHIBIT 10.1,https://www.sec.gov/Archives/edgar/data/1883984/000143774926025888/ex_999232.htm,False,
ALCE,2026-08-05 00:00:00,https://www.sec.gov/Archives/edgar/data/1883984/000143774926025888/0001437749-26-025888-index.htm,8-K,FORM 8-K,https://www.sec.gov/Archives/edgar/data/1883984/000143774926025888/alce20260805_8k.htm,True,
ALCE,2026-08-05 00:00:00,https://www.sec.gov/Archives/edgar/data/1883984/000143774926025888/0001437749-26-025888-index.htm,EX-10.1,EXHIBIT 10.1,https://www.sec.gov/Archives/edgar/data/1883984/000143774926025888/ex_999232.htm,False,
CLINW,2026-08-05 00:00:00,https://www.sec.gov/Archives/edgar/data/1883984/000143774926025888/0001437749-26-025888-index.htm,8-K,FORM 8-K,https://www.sec.gov/Archives/edgar/data/1883984/000143774926025888/alce20260805_8k.htm,True,
CLINW,2026-08-05 00:00:00,https://www.sec.gov/Archives/edgar/data/1883984/000143774926025888/0001437749-26-025888-index.htm,EX-10.1,EXHIBIT 10.1,https://www.sec.gov/Archives/edgar/data/1883984/000143774926025888/ex_999232.htm,False,
LSH,2026-08-05 00:00:00,https://www.sec.gov/Archives/edgar/data/1996192/000121390026085554/0001213900-26-085554-index.htm,8-K,CURRENT REPORT,https://www.sec.gov/Archives/edgar/data/1996192/000121390026085554/ea0300504-8k_quanome.htm,False,
LSH,2026-08-05 00:00:00,https://www.sec.gov/Archives/edgar/data/1996192/000121390026085554/0001213900-26-085554-index.htm,EX-99.1,"PRESS RELEASE, ISSUED ON AUGUST 5, 2026",https://www.sec.gov/Archives/edgar/data/1996192/000121390026085554/ea030050401ex99-1.htm,False,
None,2026-08-05 00:00:00,https://www.sec.gov/Archives/edgar/data/1919369/000119312526334549/0001193125-26-334549-index.htm,8-K,8-K,https://www.sec.gov/Archives/edgar/data/1919369/000119312526334549/ck0001919369-20260731.htm,False,
MDC,2026-08-05 00:00:00,https://www.sec.gov/Archives/edgar/data/773141/000077314126000015/0000773141-26-000015-index.htm,8-K,8-K,https://www.sec.gov/Archives/edgar/data/773141/000077314126000015/mdc-20260801.htm,False,
OSS,2026-08-05 00:00:00,https://www.sec.gov/Archives/edgar/data/1394056/000119312526334453/0001193125-26-334453-index.htm,8-K,8-K,https://www.sec.gov/Archives/edgar/data/1394056/000119312526334453/oss-20260731.htm,True,
OSS,2026-08-05 00:00:00,https://www.sec.gov/Archives/edgar/data/1394056/000119312526334453/0001193125-26-334453-index.htm,EX-10.1,EX-10.1,https://www.sec.gov/Archives/edgar/data/1394056/000119312526334453/oss-ex10_1.htm,False,
OSS,2026-08-05 00:00:00,https://www.sec.gov/Archives/edgar/data/1394056/000119312526334453/0001193125-26-334453-index.htm,EX-10.2,EX-10.2,https://www.sec.gov/Archives/edgar/data/1394056/000119312526334453/oss-ex10_2.htm,False,
SCI,2026-08-05 00:00:00,https://www.sec.gov/Archives/edgar/data/89089/000008908926000085/0000089089-26-000085-index.htm,8-K,8-K,https://www.sec.gov/Archives/edgar/data/89089/000008908926000085/sci-20260805.htm,False,
SCI,2026-08-05 00:00:00,https://www.sec.gov/Archives/edgar/data/89089/000008908926000085/0000089089-26-000085-index.htm,EX-99.1,EX-99.1,https://www.sec.gov/Archives/edgar/data/89089/000008908926000085/exhibit991august2026divide.htm,True,
None,2026-08-05 00:00:00,https://www.sec.gov/Archives/edgar/data/1986395/000119312526334384/0001193125-26-334384-index.htm,8-K,8-K,https://www.sec.gov/Archives/edgar/data/1986395/000119312526334384/ck0001986395-20260803.htm,False,
STBA,2026-08-05 00:00:00,https://www.sec.gov/Archives/edgar/data/719220/000071922026000095/0000719220-26-000095-index.htm,8-K,8-K,https://www.sec.gov/Archives/edgar/data/719220/000071922026000095/stba-20260805.htm,False,
STBA,2026-08-05 00:00:00,https://www.sec.gov/Archives/edgar/data/719220/000071922026000095/0000719220-26-000095-index.htm,EX-99.1,EX-99.1,https://www.sec.gov/Archives/edgar/data/719220/000071922026000095/stbadividendpressrelease.htm,False,
AIDX,2026-08-05 00:00:00,https://www.sec.gov/Archives/edgar/data/1139685/000121390026085514/0001213900-26-085514-index.htm,8-K,CURRENT REPORT,https://www.sec.gov/Archives/edgar/data/1139685/000121390026085514/ea0300726-8k_2020bio.htm,False,
AIDX,2026-08-05 00:00:00,https://www.sec.gov/Archives/edgar/data/1139685/000121390026085514/0001213900-26-085514-index.htm,EX-99.1,"INVESTOR PRESENTATION, AUGUST 2026",https://www.sec.gov/Archives/edgar/data/1139685/000121390026085514/ea030072601ex99-1.htm,False,
IPW,2026-08-05 00:00:00,https://www.sec.gov/Archives/edgar/data/1830072/000168316826005967/0001683168-26-005967-index.htm,8-K,FORM 8-K,https://www.sec.gov/Archives/edgar/data/1830072/000168316826005967/ipower_8k.htm,False,
IPW,2026-08-05 00:00:00,https://www.sec.gov/Archives/edgar/data/1830072/000168316826005967/0001683168-26-005967-index.htm,EX-99.1,"PRESS RELEASE OF THE COMPANY ISSUED ON AUGUST 5, 2026",https://www.sec.gov/Archives/edgar/data/1830072/000168316826005967/ipower_ex9901.htm,False,
None,2026-08-05 00:00:00,https://www.sec.gov/Archives/edgar/data/1542447/000154244726000094/0001542447-26-000094-index.htm,8-K,8-K,https://www.sec.gov/Archives/edgar/data/1542447/000154244726000094/rpt-20260804.htm,False,
SRCE,2026-08-05 00:00:00,https://www.sec.gov/Archives/edgar/data/34782/000003478226000048/0000034782-26-000048-index.htm,8-K,8-K 2ND QTR 2026 INVESTOR PRESENTATION,https://www.sec.gov/Archives/edgar/data/34782/000003478226000048/source-20260805.htm,False,
SRCE,2026-08-05 00:00:00,https://www.sec.gov/Archives/edgar/data/34782/000003478226000048/0000034782-26-000048-index.htm,EX-99.1,EX-99.1,https://www.sec.gov/Archives/edgar/data/34782/000003478226000048/sceinvestorpresentation0.htm,False,
LVPA,2026-08-05 00:00:00,https://www.sec.gov/Archives/edgar/data/831378/000147793226004721/0001477932-26-004721-index.htm,8-K,FORM 8-K,https://www.sec.gov/Archives/edgar/data/831378/000147793226004721/lvpa_8k.htm,False,
LVPA,2026-08-05 00:00:00,https://www.sec.gov/Archives/edgar/data/831378/000147793226004721/0001477932-26-004721-index.htm,EX-99.1,DIRECTORS RESOLUTIONS,https://www.sec.gov/Archives/edgar/data/831378/000147793226004721/lvpa_ex991.htm,False,
None,2026-08-05 00:00:00,https://www.sec.gov/Archives/edgar/data/1938569/000149315226036127/0001493152-26-036127-index.htm,8-K,8-K,https://www.sec.gov/Archives/edgar/data/1938569/000149315226036127/form8-k.htm,True,
None,2026-08-05 00:00:00,https://www.sec.gov/Archives/edgar/data/1938569/000149315226036127/0001493152-26-036127-index.htm,EX-99.1,EX-99.1,https://www.sec.gov/Archives/edgar/data/1938569/000149315226036127/ex99-1.htm,False,
None,2026-08-05 00:00:00,https://www.sec.gov/Archives/edgar/data/2045370/000143774926025825/0001437749-26-025825-index.htm,8-K,FORM 8-K,https://www.sec.gov/Archives/edgar/data/2045370/000143774926025825/remc20260804_8k.htm,False,
QBTS-WT,2026-08-05 00:00:00,https://www.sec.gov/Archives/edgar/data/1907982/000190798226000123/0001907982-26-000123-index.htm,8-K,8-K,https://www.sec.gov/Archives/edgar/data/1907982/000190798226000123/qbts-20260805.htm,False,
QBTS-WT,2026-08-05 00:00:00,https://www.sec.gov/Archives/edgar/data/1907982/000190798226000123/0001907982-26-000123-index.htm,EX-99.1,EX-99.1,https://www.sec.gov/Archives/edgar/data/1907982/000190798226000123/d-wavedemonstratesmajorhar.htm,False,
QBTS,2026-08-05 00:00:00,https://www.sec.gov/Archives/edgar/data/1907982/000190798226000123/0001907982-26-000123-index.htm,8-K,8-K,https://www.sec.gov/Archives/edgar/data/1907982/000190798226000123/qbts-20260805.htm,False,
QBTS,2026-08-05 00:00:00,https://www.sec.gov/Archives/edgar/data/1907982/000190798226000123/0001907982-26-000123-index.htm,EX-99.1,EX-99.1,https://www.sec.gov/Archives/edgar/data/1907982/000190798226000123/d-wavedemonstratesmajorhar.htm,False,
WTRG,2026-08-05 00:00:00,https://www.sec.gov/Archives/edgar/data/78128/000155278126000404/0001552781-26-000404-index.htm,8-K,8-K,https://www.sec.gov/Archives/edgar/data/78128/000155278126000404/e26327_wtrg-8k.htm,False,
WTRG,2026-08-05 00:00:00,https://www.sec.gov/Archives/edgar/data/78128/000155278126000404/0001552781-26-000404-index.htm,EX-99.1,EX-99.1,https://www.sec.gov/Archives/edgar/data/78128/000155278126000404/e26327_ex99-1.htm,False,
WTRU,2026-08-05 00:00:00,https://www.sec.gov/Archives/edgar/data/78128/000155278126000404/0001552781-26-000404-index.htm,8-K,8-K,https://www.sec.gov/Archives/edgar/data/78128/000155278126000404/e26327_wtrg-8k.htm,False,
WTRU,2026-08-05 00:00:00,https://www.sec.gov/Archives/edgar/data/78128/000155278126000404/0001552781-26-000404-index.htm,EX-99.1,EX-99.1,https://www.sec.gov/Archives/edgar/data/78128/000155278126000404/e26327_ex99-1.htm,False,
HTLD,2026-08-05 00:00:00,https://www.sec.gov/Archives/edgar/data/799233/000079923326000037/0000799233-26-000037-index.htm,8-K,8-K,https://www.sec.gov/Archives/edgar/data/799233/000079923326000037/htld-20260730.htm,False,
HTLD,2026-08-05 00:00:00,https://www.sec.gov/Archives/edgar/data/799233/000079923326000037/0000799233-26-000037-index.htm,EX-99.1,EX-99.1,https://www.sec.gov/Archives/edgar/data/799233/000079923326000037/htld2026q2earningsrelease.htm,False,
None,2026-08-05 00:00:00,https://www.sec.gov/Archives/edgar/data/1838126/000119312526334161/0001193125-26-334161-index.htm,8-K,8-K,https://www.sec.gov/Archives/edgar/data/1838126/000119312526334161/d151018d8k.htm,True,
None,2026-08-05 00:00:00,https://www.sec.gov/Archives/edgar/data/1838126/000119312526334161/0001193125-26-334161-index.htm,EX-10.1,EX-10.1,https://www.sec.gov/Archives/edgar/data/1838126/000119312526334161/d151018dex101.htm,True,
PSX,2026-08-05 00:00:00,https://www.sec.gov/Archives/edgar/data/1534701/000153470126000030/0001534701-26-000030-index.htm,8-K,8-K,https://www.sec.gov/Archives/edgar/data/1534701/000153470126000030/psx-20260805.htm,False,
PSX,2026-08-05 00:00:00,https://www.sec.gov/Archives/edgar/data/1534701/000153470126000030/0001534701-26-000030-index.htm,EX-99.1,EX-99.1,https://www.sec.gov/Archives/edgar/data/1534701/000153470126000030/psx-2026630_ex991.htm,False,
CCL,2026-08-05 00:00:00,https://www.sec.gov/Archives/edgar/data/815097/000095014226002267/0000950142-26-002267-index.htm,8-K,FORM 8-K,https://www.sec.gov/Archives/edgar/data/815097/000095014226002267/eh260815320_8k.htm,False,
TENKU,2026-08-05 00:00:00,https://www.sec.gov/Archives/edgar/data/1851484/000121390026085434/0001213900-26-085434-index.htm,8-K,CURRENT REPORT,https://www.sec.gov/Archives/edgar/data/1851484/000121390026085434/ea0300371-8k_citius.htm,False,
TENKU,2026-08-05 00:00:00,https://www.sec.gov/Archives/edgar/data/1851484/000121390026085434/0001213900-26-085434-index.htm,EX-99.1,"PRESS RELEASE, DATED AUGUST 5, 2026",https://www.sec.gov/Archives/edgar/data/1851484/000121390026085434/ea030037101ex99-1.htm,False,
TENK,2026-08-05 00:00:00,https://www.sec.gov/Archives/edgar/data/1851484/000121390026085434/0001213900-26-085434-index.htm,8-K,CURRENT REPORT,https://www.sec.gov/Archives/edgar/data/1851484/000121390026085434/ea0300371-8k_citius.htm,False,
TENK,2026-08-05 00:00:00,https://www.sec.gov/Archives/edgar/data/1851484/000121390026085434/0001213900-26-085434-index.htm,EX-99.1,"PRESS RELEASE, DATED AUGUST 5, 2026",https://www.sec.gov/Archives/edgar/data/1851484/000121390026085434/ea030037101ex99-1.htm,False,
TENKR,2026-08-05 00:00:00,https://www.sec.gov/Archives/edgar/data/1851484/000121390026085434/0001213900-26-085434-index.htm,8-K,CURRENT REPORT,https://www.sec.gov/Archives/edgar/data/1851484/000121390026085434/ea0300371-8k_citius.htm,False,
TENKR,2026-08-05 00:00:00,https://www.sec.gov/Archives/edgar/data/1851484/000121390026085434/0001213900-26-085434-index.htm,EX-99.1,"PRESS RELEASE, DATED AUGUST 5, 2026",https://www.sec.gov/Archives/edgar/data/1851484/000121390026085434/ea030037101ex99-1.htm,False,
CTXR,2026-08-05 00:00:00,https://www.sec.gov/Archives/edgar/data/1506251/000121390026085432/0001213900-26-085432-index.htm,8-K,CURRENT REPORT,https://www.sec.gov/Archives/edgar/data/1506251/000121390026085432/ea0300373-8k_citius.htm,False,
CTXR,2026-08-05 00:00:00,https://www.sec.gov/Archives/edgar/data/1506251/000121390026085432/0001213900-26-085432-index.htm,EX-99.1,"PRESS RELEASE, DATED AUGUST 5, 2026",https://www.sec.gov/Archives/edgar/data/1506251/000121390026085432/ea030037301ex99-1.htm,False,
CTXRW,2026-08-05 00:00:00,https://www.sec.gov/Archives/edgar/data/1506251/000121390026085432/0001213900-26-085432-index.htm,8-K,CURRENT REPORT,https://www.sec.gov/Archives/edgar/data/1506251/000121390026085432/ea0300373-8k_citius.htm,False,
CTXRW,2026-08-05 00:00:00,https://www.sec.gov/Archives/edgar/data/1506251/000121390026085432/0001213900-26-085432-index.htm,EX-99.1,"PRESS RELEASE, DATED AUGUST 5, 2026",https://www.sec.gov/Archives/edgar/data/1506251/000121390026085432/ea030037301ex99-1.htm,False,
COPRD,2026-08-05 00:00:00,https://www.sec.gov/Archives/edgar/data/1263364/000149315226036123/0001493152-26-036123-index.htm,8-K,8-K,https://www.sec.gov/Archives/edgar/data/1263364/000149315226036123/form8-k.htm,True,
COPRD,2026-08-05 00:00:00,https://www.sec.gov/Archives/edgar/data/1263364/000149315226036123/0001493152-26-036123-index.htm,EX-10.1,EX-10.1,https://www.sec.gov/Archives/edgar/data/1263364/000149315226036123/ex10-1.htm,False,
COPRD,2026-08-05 00:00:00,https://www.sec.gov/Archives/edgar/data/1263364/000149315226036123/0001493152-26-036123-index.htm,EX-10.2,EX-10.2,https://www.sec.gov/Archives/edgar/data/1263364/000149315226036123/ex10-2.htm,False,
COPRD,2026-08-05 00:00:00,https://www.sec.gov/Archives/edgar/data/1263364/000149315226036123/0001493152-26-036123-index.htm,EX-99.1,EX-99.1,https://www.sec.gov/Archives/edgar/data/1263364/000149315226036123/ex99-1.htm,False,
GTVI,2026-08-05 00:00:00,https://www.sec.gov/Archives/edgar/data/1263364/000149315226036123/0001493152-26-036123-index.htm,8-K,8-K,https://www.sec.gov/Archives/edgar/data/1263364/000149315226036123/form8-k.htm,True,
GTVI,2026-08-05 00:00:00,https://www.sec.gov/Archives/edgar/data/1263364/000149315226036123/0001493152-26-036123-index.htm,EX-10.1,EX-10.1,https://www.sec.gov/Archives/edgar/data/1263364/000149315226036123/ex10-1.htm,False,
GTVI,2026-08-05 00:00:00,https://www.sec.gov/Archives/edgar/data/1263364/000149315226036123/0001493152-26-036123-index.htm,EX-10.2,EX-10.2,https://www.sec.gov/Archives/edgar/data/1263364/000149315226036123/ex10-2.htm,False,
GTVI,2026-08-05 00:00:00,https://www.sec.gov/Archives/edgar/data/1263364/000149315226036123/0001493152-26-036123-index.htm,EX-99.1,EX-99.1,https://www.sec.gov/Archives/edgar/data/1263364/000149315226036123/ex99-1.htm,False,
AXP,2026-08-05 00:00:00,https://www.sec.gov/Archives/edgar/data/4962/000000496226000327/0000004962-26-000327-index.htm,8-K,8-K,https://www.sec.gov/Archives/edgar/data/4962/000000496226000327/axp-20260805.htm,False,
DJT,2026-08-05 00:00:00,https://www.sec.gov/Archives/edgar/data/1849635/000143774926025800/0001437749-26-025800-index.htm,8-K,FORM 8-K,https://www.sec.gov/Archives/edgar/data/1849635/000143774926025800/djt20260805_8k.htm,False,
DJT,2026-08-05 00:00:00,https://www.sec.gov/Archives/edgar/data/1849635/000143774926025800/0001437749-26-025800-index.htm,EX-99.1,EXHIBIT 99.1,https://www.sec.gov/Archives/edgar/data/1849635/000143774926025800/ex_999015.htm,False,
DWACW,2026-08-05 00:00:00,https://www.sec.gov/Archives/edgar/data/1849635/000143774926025800/0001437749-26-025800-index.htm,8-K,FORM 8-K,https://www.sec.gov/Archives/edgar/data/1849635/000143774926025800/djt20260805_8k.htm,False,
DWACW,2026-08-05 00:00:00,https://www.sec.gov/Archives/edgar/data/1849635/000143774926025800/0001437749-26-025800-index.htm,EX-99.1,EXHIBIT 99.1,https://www.sec.gov/Archives/edgar/data/1849635/000143774926025800/ex_999015.htm,False,
DWACU,2026-08-05 00:00:00,https://www.sec.gov/Archives/edgar/data/1849635/000143774926025800/0001437749-26-025800-index.htm,8-K,FORM 8-K,https://www.sec.gov/Archives/edgar/data/1849635/000143774926025800/djt20260805_8k.htm,False,
DWACU,2026-08-05 00:00:00,https://www.sec.gov/Archives/edgar/data/1849635/000143774926025800/0001437749-26-025800-index.htm,EX-99.1,EXHIBIT 99.1,https://www.sec.gov/Archives/edgar/data/1849635/000143774926025800/ex_999015.htm,False,
DWAC,2026-08-05 00:00:00,https://www.sec.gov/Archives/edgar/data/1849635/000143774926025800/0001437749-26-025800-index.htm,8-K,FORM 8-K,https://www.sec.gov/Archives/edgar/data/1849635/000143774926025800/djt20260805_8k.htm,False,
DWAC,2026-08-05 00:00:00,https://www.sec.gov/Archives/edgar/data/1849635/000143774926025800/0001437749-26-025800-index.htm,EX-99.1,EXHIBIT 99.1,https://www.sec.gov/Archives/edgar/data/1849635/000143774926025800/ex_999015.htm,False,
DJTWW,2026-08-05 00:00:00,https://www.sec.gov/Archives/edgar/data/1849635/000143774926025800/0001437749-26-025800-index.htm,8-K,FORM 8-K,https://www.sec.gov/Archives/edgar/data/1849635/000143774926025800/djt20260805_8k.htm,False,
DJTWW,2026-08-05 00:00:00,https://www.sec.gov/Archives/edgar/data/1849635/000143774926025800/0001437749-26-025800-index.htm,EX-99.1,EXHIBIT 99.1,https://www.sec.gov/Archives/edgar/data/1849635/000143774926025800/ex_999015.htm,False,
HPP-PC,2026-08-05 00:00:00,https://www.sec.gov/Archives/edgar/data/1482512/000148251226000064/0001482512-26-000064-index.htm,8-K,8-K,https://www.sec.gov/Archives/edgar/data/1482512/000148251226000064/hpp-20260805.htm,False,
HPP-PC,2026-08-05 00:00:00,https://www.sec.gov/Archives/edgar/data/1482512/000148251226000064/0001482512-26-000064-index.htm,EX-99.1,EX-99.1,https://www.sec.gov/Archives/edgar/data/1482512/000148251226000064/q22026ex991.htm,True,
WBS-PG,2026-08-05 00:00:00,https://www.sec.gov/Archives/edgar/data/801337/000080133726000025/0000801337-26-000025-index.htm,8-K,8-K,https://www.sec.gov/Archives/edgar/data/801337/000080133726000025/wbs-20260804.htm,False,
WBS-PG,2026-08-05 00:00:00,https://www.sec.gov/Archives/edgar/data/801337/000080133726000025/0000801337-26-000025-index.htm,EX-99.1,EX-99.1,https://www.sec.gov/Archives/edgar/data/801337/000080133726000025/ex991jointpressreleaseofba.htm,False,
WBS-PF,2026-08-05 00:00:00,https://www.sec.gov/Archives/edgar/data/801337/000080133726000025/0000801337-26-000025-index.htm,8-K,8-K,https://www.sec.gov/Archives/edgar/data/801337/000080133726000025/wbs-20260804.htm,False,
WBS-PF,2026-08-05 00:00:00,https://www.sec.gov/Archives/edgar/data/801337/000080133726000025/0000801337-26-000025-index.htm,EX-99.1,EX-99.1,https://www.sec.gov/Archives/edgar/data/801337/000080133726000025/ex991jointpressreleaseofba.htm,False,
WBS,2026-08-05 00:00:00,https://www.sec.gov/Archives/edgar/data/801337/000080133726000025/0000801337-26-000025-index.htm,8-K,8-K,https://www.sec.gov/Archives/edgar/data/801337/000080133726000025/wbs-20260804.htm,False,
WBS,2026-08-05 00:00:00,https://www.sec.gov/Archives/edgar/data/801337/000080133726000025/0000801337-26-000025-index.htm,EX-99.1,EX-99.1,https://www.sec.gov/Archives/edgar/data/801337/000080133726000025/ex991jointpressreleaseofba.htm,False,
HPP,2026-08-05 00:00:00,https://www.sec.gov/Archives/edgar/data/1482512/000148251226000064/0001482512-26-000064-index.htm,8-K,8-K,https://www.sec.gov/Archives/edgar/data/1482512/000148251226000064/hpp-20260805.htm,False,
HPP,2026-08-05 00:00:00,https://www.sec.gov/Archives/edgar/data/1482512/000148251226000064/0001482512-26-000064-index.htm,EX-99.1,EX-99.1,https://www.sec.gov/Archives/edgar/data/1482512/000148251226000064/q22026ex991.htm,True,
MGEE,2026-08-05 00:00:00,https://www.sec.gov/Archives/edgar/data/1161728/000119312526334011/0001193125-26-334011-index.htm,8-K,8-K,https://www.sec.gov/Archives/edgar/data/61339/000119312526334011/mgee-20260805.htm,False,
MGEE,2026-08-05 00:00:00,https://www.sec.gov/Archives/edgar/data/1161728/000119312526334011/0001193125-26-334011-index.htm,EX-99.1,EX-99.1,https://www.sec.gov/Archives/edgar/data/61339/000119312526334011/mgee-ex99_1.htm,False,
None,2026-08-05 00:00:00,https://www.sec.gov/Archives/edgar/data/61339/000119312526334011/0001193125-26-334011-index.htm,8-K,8-K,https://www.sec.gov/Archives/edgar/data/61339/000119312526334011/mgee-20260805.htm,False,
None,2026-08-05 00:00:00,https://www.sec.gov/Archives/edgar/data/61339/000119312526334011/0001193125-26-334011-index.htm,EX-99.1,EX-99.1,https://www.sec.gov/Archives/edgar/data/61339/000119312526334011/mgee-ex99_1.htm,False,
CMG,2026-08-05 00:00:00,https://www.sec.gov/Archives/edgar/data/1058090/000105809026000069/0001058090-26-000069-index.htm,8-K,8-K,https://www.sec.gov/Archives/edgar/data/1058090/000105809026000069/cmg-20260804.htm,False,
GBS,2026-08-05 00:00:00,https://www.sec.gov/Archives/edgar/data/1725430/000149315226036112/0001493152-26-036112-index.htm,8-K,8-K,https://www.sec.gov/Archives/edgar/data/1725430/000149315226036112/form8-k.htm,False,
GBS,2026-08-05 00:00:00,https://www.sec.gov/Archives/edgar/data/1725430/000149315226036112/0001493152-26-036112-index.htm,EX-99.1,EX-99.1,https://www.sec.gov/Archives/edgar/data/1725430/000149315226036112/ex99-1.htm,False,
INBS,2026-08-05 00:00:00,https://www.sec.gov/Archives/edgar/data/1725430/000149315226036112/0001493152-26-036112-index.htm,8-K,8-K,https://www.sec.gov/Archives/edgar/data/1725430/000149315226036112/form8-k.htm,False,
INBS,2026-08-05 00:00:00,https://www.sec.gov/Archives/edgar/data/1725430/000149315226036112/0001493152-26-036112-index.htm,EX-99.1,EX-99.1,https://www.sec.gov/Archives/edgar/data/1725430/000149315226036112/ex99-1.htm,False,
MFAN,2026-08-05 00:00:00,https://www.sec.gov/Archives/edgar/data/1055160/000105516026000013/0001055160-26-000013-index.htm,8-K,8-K,https://www.sec.gov/Archives/edgar/data/1055160/000105516026000013/mfa-20260805.htm,False,
MFAN,2026-08-05 00:00:00,https://www.sec.gov/Archives/edgar/data/1055160/000105516026000013/0001055160-26-000013-index.htm,EX-99.1,EX-99.1,https://www.sec.gov/Archives/edgar/data/1055160/000105516026000013/mfa6302026pressreleaseex99.htm,False,
MFA-PC,2026-08-05 00:00:00,https://www.sec.gov/Archives/edgar/data/1055160/000105516026000013/0001055160-26-000013-index.htm,8-K,8-K,https://www.sec.gov/Archives/edgar/data/1055160/000105516026000013/mfa-20260805.htm,False,
MFA-PC,2026-08-05 00:00:00,https://www.sec.gov/Archives/edgar/data/1055160/000105516026000013/0001055160-26-000013-index.htm,EX-99.1,EX-99.1,https://www.sec.gov/Archives/edgar/data/1055160/000105516026000013/mfa6302026pressreleaseex99.htm,False,
MFAO,2026-08-05 00:00:00,https://www.sec.gov/Archives/edgar/data/1055160/000105516026000013/0001055160-26-000013-index.htm,8-K,8-K,https://www.sec.gov/Archives/edgar/data/1055160/000105516026000013/mfa-20260805.htm,False,
MFAO,2026-08-05 00:00:00,https://www.sec.gov/Archives/edgar/data/1055160/000105516026000013/0001055160-26-000013-index.htm,EX-99.1,EX-99.1,https://www.sec.gov/Archives/edgar/data/1055160/000105516026000013/mfa6302026pressreleaseex99.htm,False,
MFA-PB,2026-08-05 00:00:00,https://www.sec.gov/Archives/edgar/data/1055160/000105516026000013/0001055160-26-000013-index.htm,8-K,8-K,https://www.sec.gov/Archives/edgar/data/1055160/000105516026000013/mfa-20260805.htm,False,
MFA-PB,2026-08-05 00:00:00,https://www.sec.gov/Archives/edgar/data/1055160/000105516026000013/0001055160-26-000013-index.htm,EX-99.1,EX-99.1,https://www.sec.gov/Archives/edgar/data/1055160/000105516026000013/mfa6302026pressreleaseex99.htm,False,
MFA,2026-08-05 00:00:00,https://www.sec.gov/Archives/edgar/data/1055160/000105516026000013/0001055160-26-000013-index.htm,8-K,8-K,https://www.sec.gov/Archives/edgar/data/1055160/000105516026000013/mfa-20260805.htm,False,
MFA,2026-08-05 00:00:00,https://www.sec.gov/Archives/edgar/data/1055160/000105516026000013/0001055160-26-000013-index.htm,EX-99.1,EX-99.1,https://www.sec.gov/Archives/edgar/data/1055160/000105516026000013/mfa6302026pressreleaseex99.htm,False,
UGRO,2026-08-05 00:00:00,https://www.sec.gov/Archives/edgar/data/1706524/000121390026085414/0001213900-26-085414-index.htm,8-K,CURRENT REPORT,https://www.sec.gov/Archives/edgar/data/1706524/000121390026085414/ea0300599-8k_flash.htm,False,
UGRO,2026-08-05 00:00:00,https://www.sec.gov/Archives/edgar/data/1706524/000121390026085414/0001213900-26-085414-index.htm,EX-10.1,"TERM SHEET BY AND BETWEEN FLASH SPORTS & MEDIA HOLDINGS, INC. AND BONGO HOLDINGS",https://www.sec.gov/Archives/edgar/data/1706524/000121390026085414/ea030059901ex10-1.htm,False,
UGRO,2026-08-05 00:00:00,https://www.sec.gov/Archives/edgar/data/1706524/000121390026085414/0001213900-26-085414-index.htm,EX-99.1,"PRESS RELEASE DATED AUGUST 5, 2026",https://www.sec.gov/Archives/edgar/data/1706524/000121390026085414/ea030059901ex99-1.htm,False,
FLZH,2026-08-05 00:00:00,https://www.sec.gov/Archives/edgar/data/1706524/000121390026085414/0001213900-26-085414-index.htm,8-K,CURRENT REPORT,https://www.sec.gov/Archives/edgar/data/1706524/000121390026085414/ea0300599-8k_flash.htm,False,
FLZH,2026-08-05 00:00:00,https://www.sec.gov/Archives/edgar/data/1706524/000121390026085414/0001213900-26-085414-index.htm,EX-10.1,"TERM SHEET BY AND BETWEEN FLASH SPORTS & MEDIA HOLDINGS, INC. AND BONGO HOLDINGS",https://www.sec.gov/Archives/edgar/data/1706524/000121390026085414/ea030059901ex10-1.htm,False,
FLZH,2026-08-05 00:00:00,https://www.sec.gov/Archives/edgar/data/1706524/000121390026085414/0001213900-26-085414-index.htm,EX-99.1,"PRESS RELEASE DATED AUGUST 5, 2026",https://www.sec.gov/Archives/edgar/data/1706524/000121390026085414/ea030059901ex99-1.htm,False,
ATHLV,2026-08-05 00:00:00,https://www.sec.gov/Archives/edgar/data/1527469/000119312526333977/0001193125-26-333977-index.htm,8-K,8-K,https://www.sec.gov/Archives/edgar/data/1527469/000119312526333977/d114269d8k.htm,False,
ATHLV,2026-08-05 00:00:00,https://www.sec.gov/Archives/edgar/data/1527469/000119312526333977/0001193125-26-333977-index.htm,EX-99.1,EX-99.1,https://www.sec.gov/Archives/edgar/data/1527469/000119312526333977/d114269dex991.htm,False,
ATHLL,2026-08-05 00:00:00,https://www.sec.gov/Archives/edgar/data/1527469/000119312526333977/0001193125-26-333977-index.htm,8-K,8-K,https://www.sec.gov/Archives/edgar/data/1527469/000119312526333977/d114269d8k.htm,False,
ATHLL,2026-08-05 00:00:00,https://www.sec.gov/Archives/edgar/data/1527469/000119312526333977/0001193125-26-333977-index.htm,EX-99.1,EX-99.1,https://www.sec.gov/Archives/edgar/data/1527469/000119312526333977/d114269dex991.htm,False,
ATH-PD,2026-08-05 00:00:00,https://www.sec.gov/Archives/edgar/data/1527469/000119312526333977/0001193125-26-333977-index.htm,8-K,8-K,https://www.sec.gov/Archives/edgar/data/1527469/000119312526333977/d114269d8k.htm,False,
ATH-PD,2026-08-05 00:00:00,https://www.sec.gov/Archives/edgar/data/1527469/000119312526333977/0001193125-26-333977-index.htm,EX-99.1,EX-99.1,https://www.sec.gov/Archives/edgar/data/1527469/000119312526333977/d114269dex991.htm,False,
ATH-PC,2026-08-05 00:00:00,https://www.sec.gov/Archives/edgar/data/1527469/000119312526333977/0001193125-26-333977-index.htm,8-K,8-K,https://www.sec.gov/Archives/edgar/data/1527469/000119312526333977/d114269d8k.htm,False,
ATH-PC,2026-08-05 00:00:00,https://www.sec.gov/Archives/edgar/data/1527469/000119312526333977/0001193125-26-333977-index.htm,EX-99.1,EX-99.1,https://www.sec.gov/Archives/edgar/data/1527469/000119312526333977/d114269dex991.htm,False,
ATHS,2026-08-05 00:00:00,https://www.sec.gov/Archives/edgar/data/1527469/000119312526333977/0001193125-26-333977-index.htm,8-K,8-K,https://www.sec.gov/Archives/edgar/data/1527469/000119312526333977/d114269d8k.htm,False,
ATHS,2026-08-05 00:00:00,https://www.sec.gov/Archives/edgar/data/1527469/000119312526333977/0001193125-26-333977-index.htm,EX-99.1,EX-99.1,https://www.sec.gov/Archives/edgar/data/1527469/000119312526333977/d114269dex991.htm,False,
ATH-PB,2026-08-05 00:00:00,https://www.sec.gov/Archives/edgar/data/1527469/000119312526333977/0001193125-26-333977-index.htm,8-K,8-K,https://www.sec.gov/Archives/edgar/data/1527469/000119312526333977/d114269d8k.htm,False,
ATH-PB,2026-08-05 00:00:00,https://www.sec.gov/Archives/edgar/data/1527469/000119312526333977/0001193125-26-333977-index.htm,EX-99.1,EX-99.1,https://www.sec.gov/Archives/edgar/data/1527469/000119312526333977/d114269dex991.htm,False,
ATH-PA,2026-08-05 00:00:00,https://www.sec.gov/Archives/edgar/data/1527469/000119312526333977/0001193125-26-333977-index.htm,8-K,8-K,https://www.sec.gov/Archives/edgar/data/1527469/000119312526333977/d114269d8k.htm,False,
ATH-PA,2026-08-05 00:00:00,https://www.sec.gov/Archives/edgar/data/1527469/000119312526333977/0001193125-26-333977-index.htm,EX-99.1,EX-99.1,https://www.sec.gov/Archives/edgar/data/1527469/000119312526333977/d114269dex991.htm,False,
ATH-PE,2026-08-05 00:00:00,https://www.sec.gov/Archives/edgar/data/1527469/000119312526333977/0001193125-26-333977-index.htm,8-K,8-K,https://www.sec.gov/Archives/edgar/data/1527469/000119312526333977/d114269d8k.htm,False,
ATH-PE,2026-08-05 00:00:00,https://www.sec.gov/Archives/edgar/data/1527469/000119312526333977/0001193125-26-333977-index.htm,EX-99.1,EX-99.1,https://www.sec.gov/Archives/edgar/data/1527469/000119312526333977/d114269dex991.htm,False,
ATH,2026-08-05 00:00:00,https://www.sec.gov/Archives/edgar/data/1527469/000119312526333977/0001193125-26-333977-index.htm,8-K,8-K,https://www.sec.gov/Archives/edgar/data/1527469/000119312526333977/d114269d8k.htm,False,
ATH,2026-08-05 00:00:00,https://www.sec.gov/Archives/edgar/data/1527469/000119312526333977/0001193125-26-333977-index.htm,EX-99.1,EX-99.1,https://www.sec.gov/Archives/edgar/data/1527469/000119312526333977/d114269dex991.htm,False,
SBEV-WT,2026-08-05 00:00:00,https://www.sec.gov/Archives/edgar/data/1553788/000173112226001020/0001731122-26-001020-index.htm,8-K,FORM 8-K,https://www.sec.gov/Archives/edgar/data/1553788/000173112226001020/e7828_8k.htm,False,
SBEV-WT,2026-08-05 00:00:00,https://www.sec.gov/Archives/edgar/data/1553788/000173112226001020/0001731122-26-001020-index.htm,EX-99.1,EXHIBIT 99.1,https://www.sec.gov/Archives/edgar/data/1553788/000173112226001020/e7828_ex99-1.htm,False,
SBEV,2026-08-05 00:00:00,https://www.sec.gov/Archives/edgar/data/1553788/000173112226001020/0001731122-26-001020-index.htm,8-K,FORM 8-K,https://www.sec.gov/Archives/edgar/data/1553788/000173112226001020/e7828_8k.htm,False,
SBEV,2026-08-05 00:00:00,https://www.sec.gov/Archives/edgar/data/1553788/000173112226001020/0001731122-26-001020-index.htm,EX-99.1,EXHIBIT 99.1,https://www.sec.gov/Archives/edgar/data/1553788/000173112226001020/e7828_ex99-1.htm,False,
PSTL,2026-08-05 00:00:00,https://www.sec.gov/Archives/edgar/data/1759774/000121390026085407/0001213900-26-085407-index.htm,8-K,CURRENT REPORT,https://www.sec.gov/Archives/edgar/data/1759774/000121390026085407/ea0300595-8k_postal.htm,True,
CHH,2026-08-05 00:00:00,https://www.sec.gov/Archives/edgar/data/1046311/000104631126000023/0001046311-26-000023-index.htm,8-K,8-K,https://www.sec.gov/Archives/edgar/data/1046311/000104631126000023/chh-20260805.htm,False,
CHH,2026-08-05 00:00:00,https://www.sec.gov/Archives/edgar/data/1046311/000104631126000023/0001046311-26-000023-index.htm,EX-99.1,EX-99.1,https://www.sec.gov/Archives/edgar/data/1046311/000104631126000023/exhibit991earningspressrel.htm,False,
LMFA,2026-08-05 00:00:00,https://www.sec.gov/Archives/edgar/data/1640384/000119312526333965/0001193125-26-333965-index.htm,8-K,8-K,https://www.sec.gov/Archives/edgar/data/1640384/000119312526333965/lmfa-20260803.htm,True,
LMFA,2026-08-05 00:00:00,https://www.sec.gov/Archives/edgar/data/1640384/000119312526333965/0001193125-26-333965-index.htm,EX-10.1,EX-10.1,https://www.sec.gov/Archives/edgar/data/1640384/000119312526333965/lmfa-ex10_1.htm,True,
LMFA,2026-08-05 00:00:00,https://www.sec.gov/Archives/edgar/data/1640384/000119312526333965/0001193125-26-333965-index.htm,EX-10.2,EX-10.2,https://www.sec.gov/Archives/edgar/data/1640384/000119312526333965/lmfa-ex10_2.htm,True,
LMFA,2026-08-05 00:00:00,https://www.sec.gov/Archives/edgar/data/1640384/000119312526333965/0001193125-26-333965-index.htm,EX-99.1,EX-99.1,https://www.sec.gov/Archives/edgar/data/1640384/000119312526333965/lmfa-ex99_1.htm,False,
CHARU,2026-08-05 00:00:00,https://www.sec.gov/Archives/edgar/data/2024459/000121390026085406/0001213900-26-085406-index.htm,8-K,CURRENT REPORT,https://www.sec.gov/Archives/edgar/data/2024459/000121390026085406/ea0300440-8k_charlton.htm,True,
CHARU,2026-08-05 00:00:00,https://www.sec.gov/Archives/edgar/data/2024459/000121390026085406/0001213900-26-085406-index.htm,EX-10.1,"PROMISSORY NOTE, DATED JULY 31, 2026, ISSUED BY THE COMPANY TO THE SPONSOR",https://www.sec.gov/Archives/edgar/data/2024459/000121390026085406/ea030044001ex10-1.htm,False,
CHARU,2026-08-05 00:00:00,https://www.sec.gov/Archives/edgar/data/2024459/000121390026085406/0001213900-26-085406-index.htm,EX-99.1,"PRESS RELEASE, DATED AUGUST 5, 2026",https://www.sec.gov/Archives/edgar/data/2024459/000121390026085406/ea030044001ex99-1.htm,False,
CHAR,2026-08-05 00:00:00,https://www.sec.gov/Archives/edgar/data/2024459/000121390026085406/0001213900-26-085406-index.htm,8-K,CURRENT REPORT,https://www.sec.gov/Archives/edgar/data/2024459/000121390026085406/ea0300440-8k_charlton.htm,True,
CHAR,2026-08-05 00:00:00,https://www.sec.gov/Archives/edgar/data/2024459/000121390026085406/0001213900-26-085406-index.htm,EX-10.1,"PROMISSORY NOTE, DATED JULY 31, 2026, ISSUED BY THE COMPANY TO THE SPONSOR",https://www.sec.gov/Archives/edgar/data/2024459/000121390026085406/ea030044001ex10-1.htm,False,
CHAR,2026-08-05 00:00:00,https://www.sec.gov/Archives/edgar/data/2024459/000121390026085406/0001213900-26-085406-index.htm,EX-99.1,"PRESS RELEASE, DATED AUGUST 5, 2026",https://www.sec.gov/Archives/edgar/data/2024459/000121390026085406/ea030044001ex99-1.htm,False,
CHARR,2026-08-05 00:00:00,https://www.sec.gov/Archives/edgar/data/2024459/000121390026085406/0001213900-26-085406-index.htm,8-K,CURRENT REPORT,https://www.sec.gov/Archives/edgar/data/2024459/000121390026085406/ea0300440-8k_charlton.htm,True,
CHARR,2026-08-05 00:00:00,https://www.sec.gov/Archives/edgar/data/2024459/000121390026085406/0001213900-26-085406-index.htm,EX-10.1,"PROMISSORY NOTE, DATED JULY 31, 2026, ISSUED BY THE COMPANY TO THE SPONSOR",https://www.sec.gov/Archives/edgar/data/2024459/000121390026085406/ea030044001ex10-1.htm,False,
CHARR,2026-08-05 00:00:00,https://www.sec.gov/Archives/edgar/data/2024459/000121390026085406/0001213900-26-085406-index.htm,EX-99.1,"PRESS RELEASE, DATED AUGUST 5, 2026",https://www.sec.gov/Archives/edgar/data/2024459/000121390026085406/ea030044001ex99-1.htm,False,
None,2026-08-05 00:00:00,https://www.sec.gov/Archives/edgar/data/2081628/000162828026052942/0001628280-26-052942-index.htm,8-K,8-K,https://www.sec.gov/Archives/edgar/data/2081628/000162828026052942/rhome-20260731.htm,False,
MDRRP,2026-08-05 00:00:00,https://www.sec.gov/Archives/edgar/data/1654595/000110465926090763/0001104659-26-090763-index.htm,8-K,8-K,https://www.sec.gov/Archives/edgar/data/1654595/000110465926090763/mdrr-20260731x8k.htm,False,
MDRRP,2026-08-05 00:00:00,https://www.sec.gov/Archives/edgar/data/1654595/000110465926090763/0001104659-26-090763-index.htm,EX-99.1,EX-99.1,https://www.sec.gov/Archives/edgar/data/1654595/000110465926090763/mdrr-20260731xex99d1.htm,False,
MDRR,2026-08-05 00:00:00,https://www.sec.gov/Archives/edgar/data/1654595/000110465926090763/0001104659-26-090763-index.htm,8-K,8-K,https://www.sec.gov/Archives/edgar/data/1654595/000110465926090763/mdrr-20260731x8k.htm,False,
MDRR,2026-08-05 00:00:00,https://www.sec.gov/Archives/edgar/data/1654595/000110465926090763/0001104659-26-090763-index.htm,EX-99.1,EX-99.1,https://www.sec.gov/Archives/edgar/data/1654595/000110465926090763/mdrr-20260731xex99d1.htm,False,
DRMA,2026-08-05 00:00:00,https://www.sec.gov/Archives/edgar/data/1853816/000149315226036109/0001493152-26-036109-index.htm,8-K,8-K,https://www.sec.gov/Archives/edgar/data/1853816/000149315226036109/form8-k.htm,False,
DRMAW,2026-08-05 00:00:00,https://www.sec.gov/Archives/edgar/data/1853816/000149315226036109/0001493152-26-036109-index.htm,8-K,8-K,https://www.sec.gov/Archives/edgar/data/1853816/000149315226036109/form8-k.htm,False,
DEA,2026-08-05 00:00:00,https://www.sec.gov/Archives/edgar/data/1622194/000119312526333959/0001193125-26-333959-index.htm,8-K,8-K,https://www.sec.gov/Archives/edgar/data/1622194/000119312526333959/dea-20240228.htm,False,
AFGD,2026-08-05 00:00:00,https://www.sec.gov/Archives/edgar/data/1042046/000119312526333957/0001193125-26-333957-index.htm,8-K,8-K,https://www.sec.gov/Archives/edgar/data/1042046/000119312526333957/d124182d8k.htm,False,
AFGD,2026-08-05 00:00:00,https://www.sec.gov/Archives/edgar/data/1042046/000119312526333957/0001193125-26-333957-index.htm,EX-99.1,EX-99.1,https://www.sec.gov/Archives/edgar/data/1042046/000119312526333957/d124182dex991.htm,False,
AFGE,2026-08-05 00:00:00,https://www.sec.gov/Archives/edgar/data/1042046/000119312526333957/0001193125-26-333957-index.htm,8-K,8-K,https://www.sec.gov/Archives/edgar/data/1042046/000119312526333957/d124182d8k.htm,False,
AFGE,2026-08-05 00:00:00,https://www.sec.gov/Archives/edgar/data/1042046/000119312526333957/0001193125-26-333957-index.htm,EX-99.1,EX-99.1,https://www.sec.gov/Archives/edgar/data/1042046/000119312526333957/d124182dex991.htm,False,
AFG,2026-08-05 00:00:00,https://www.sec.gov/Archives/edgar/data/1042046/000119312526333957/0001193125-26-333957-index.htm,8-K,8-K,https://www.sec.gov/Archives/edgar/data/1042046/000119312526333957/d124182d8k.htm,False,
AFG,2026-08-05 00:00:00,https://www.sec.gov/Archives/edgar/data/1042046/000119312526333957/0001193125-26-333957-index.htm,EX-99.1,EX-99.1,https://www.sec.gov/Archives/edgar/data/1042046/000119312526333957/d124182dex991.htm,False,
AFGB,2026-08-05 00:00:00,https://www.sec.gov/Archives/edgar/data/1042046/000119312526333957/0001193125-26-333957-index.htm,8-K,8-K,https://www.sec.gov/Archives/edgar/data/1042046/000119312526333957/d124182d8k.htm,False,
AFGB,2026-08-05 00:00:00,https://www.sec.gov/Archives/edgar/data/1042046/000119312526333957/0001193125-26-333957-index.htm,EX-99.1,EX-99.1,https://www.sec.gov/Archives/edgar/data/1042046/000119312526333957/d124182dex991.htm,False,
AFGC,2026-08-05 00:00:00,https://www.sec.gov/Archives/edgar/data/1042046/000119312526333957/0001193125-26-333957-index.htm,8-K,8-K,https://www.sec.gov/Archives/edgar/data/1042046/000119312526333957/d124182d8k.htm,False,
AFGC,2026-08-05 00:00:00,https://www.sec.gov/Archives/edgar/data/1042046/000119312526333957/0001193125-26-333957-index.htm,EX-99.1,EX-99.1,https://www.sec.gov/Archives/edgar/data/1042046/000119312526333957/d124182dex991.htm,False,
NNN,2026-08-05 00:00:00,https://www.sec.gov/Archives/edgar/data/751364/000119312526333958/0001193125-26-333958-index.htm,8-K,8-K,https://www.sec.gov/Archives/edgar/data/751364/000119312526333958/nnn-20260805.htm,False,
NNN,2026-08-05 00:00:00,https://www.sec.gov/Archives/edgar/data/751364/000119312526333958/0001193125-26-333958-index.htm,EX-99.1,EX-99.1,https://www.sec.gov/Archives/edgar/data/751364/000119312526333958/nnn-ex99_1.htm,True,
NNN-PF,2026-08-05 00:00:00,https://www.sec.gov/Archives/edgar/data/751364/000119312526333958/0001193125-26-333958-index.htm,8-K,8-K,https://www.sec.gov/Archives/edgar/data/751364/000119312526333958/nnn-20260805.htm,False,
NNN-PF,2026-08-05 00:00:00,https://www.sec.gov/Archives/edgar/data/751364/000119312526333958/0001193125-26-333958-index.htm,EX-99.1,EX-99.1,https://www.sec.gov/Archives/edgar/data/751364/000119312526333958/nnn-ex99_1.htm,True,
IBATF,2026-08-05 00:00:00,https://www.sec.gov/Archives/edgar/data/1786318/000119312526333956/0001193125-26-333956-index.htm,8-K,8-K,https://www.sec.gov/Archives/edgar/data/1786318/000119312526333956/ibatf-20260805.htm,False,
IBATF,2026-08-05 00:00:00,https://www.sec.gov/Archives/edgar/data/1786318/000119312526333956/0001193125-26-333956-index.htm,EX-99.1,EX-99.1,https://www.sec.gov/Archives/edgar/data/1786318/000119312526333956/ibatf-ex99_1.htm,False,
GBLIL,2026-08-05 00:00:00,https://www.sec.gov/Archives/edgar/data/1494904/000119312526333951/0001193125-26-333951-index.htm,8-K,8-K,https://www.sec.gov/Archives/edgar/data/1494904/000119312526333951/gbli-20260805.htm,False,
GBLIL,2026-08-05 00:00:00,https://www.sec.gov/Archives/edgar/data/1494904/000119312526333951/0001193125-26-333951-index.htm,EX-99.1,EX-99.1,https://www.sec.gov/Archives/edgar/data/1494904/000119312526333951/gbli-ex99_1.htm,False,
GBLI,2026-08-05 00:00:00,https://www.sec.gov/Archives/edgar/data/1494904/000119312526333951/0001193125-26-333951-index.htm,8-K,8-K,https://www.sec.gov/Archives/edgar/data/1494904/000119312526333951/gbli-20260805.htm,False,
GBLI,2026-08-05 00:00:00,https://www.sec.gov/Archives/edgar/data/1494904/000119312526333951/0001193125-26-333951-index.htm,EX-99.1,EX-99.1,https://www.sec.gov/Archives/edgar/data/1494904/000119312526333951/gbli-ex99_1.htm,False,
RAND,2026-08-05 00:00:00,https://www.sec.gov/Archives/edgar/data/81955/000149315226036108/0001493152-26-036108-index.htm,8-K,8-K,https://www.sec.gov/Archives/edgar/data/81955/000149315226036108/form8-k.htm,False,
RAND,2026-08-05 00:00:00,https://www.sec.gov/Archives/edgar/data/81955/000149315226036108/0001493152-26-036108-index.htm,EX-99.1,EX-99.1,https://www.sec.gov/Archives/edgar/data/81955/000149315226036108/ex99-1.htm,True,
FWAA,2026-08-05 00:00:00,https://www.sec.gov/Archives/edgar/data/1837014/000119312526333913/0001193125-26-333913-index.htm,8-K,8-K,https://www.sec.gov/Archives/edgar/data/1837014/000119312526333913/smrt-20260805.htm,False,
FWAA,2026-08-05 00:00:00,https://www.sec.gov/Archives/edgar/data/1837014/000119312526333913/0001193125-26-333913-index.htm,EX-99.1,EX-99.1,https://www.sec.gov/Archives/edgar/data/1837014/000119312526333913/smrt-ex99_1.htm,False,
SMRT,2026-08-05 00:00:00,https://www.sec.gov/Archives/edgar/data/1837014/000119312526333913/0001193125-26-333913-index.htm,8-K,8-K,https://www.sec.gov/Archives/edgar/data/1837014/000119312526333913/smrt-20260805.htm,False,
SMRT,2026-08-05 00:00:00,https://www.sec.gov/Archives/edgar/data/1837014/000119312526333913/0001193125-26-333913-index.htm,EX-99.1,EX-99.1,https://www.sec.gov/Archives/edgar/data/1837014/000119312526333913/smrt-ex99_1.htm,False,
ASPI,2026-08-05 00:00:00,https://www.sec.gov/Archives/edgar/data/1921865/000119312526333911/0001193125-26-333911-index.htm,8-K,8-K,https://www.sec.gov/Archives/edgar/data/1921865/000119312526333911/aspi-20260805.htm,False,
ASPI,2026-08-05 00:00:00,https://www.sec.gov/Archives/edgar/data/1921865/000119312526333911/0001193125-26-333911-index.htm,EX-99.1,EX-99.1,https://www.sec.gov/Archives/edgar/data/1921865/000119312526333911/aspi-ex99_1.htm,False,
IMA,2026-08-05 00:00:00,https://www.sec.gov/Archives/edgar/data/1835579/000119312526333912/0001193125-26-333912-index.htm,8-K,8-K,https://www.sec.gov/Archives/edgar/data/1835579/000119312526333912/d166048d8k.htm,False,
IMA,2026-08-05 00:00:00,https://www.sec.gov/Archives/edgar/data/1835579/000119312526333912/0001193125-26-333912-index.htm,EX-99.1,EX-99.1,https://www.sec.gov/Archives/edgar/data/1835579/000119312526333912/d166048dex991.htm,False,
None,2026-08-05 00:00:00,https://www.sec.gov/Archives/edgar/data/92416/000169211526000109/0001692115-26-000109-index.htm,8-K,8-K,https://www.sec.gov/Archives/edgar/data/92416/000169211526000109/swx-20260805.htm,False,
IKNA,2026-08-05 00:00:00,https://www.sec.gov/Archives/edgar/data/1835579/000119312526333912/0001193125-26-333912-index.htm,8-K,8-K,https://www.sec.gov/Archives/edgar/data/1835579/000119312526333912/d166048d8k.htm,False,
IKNA,2026-08-05 00:00:00,https://www.sec.gov/Archives/edgar/data/1835579/000119312526333912/0001193125-26-333912-index.htm,EX-99.1,EX-99.1,https://www.sec.gov/Archives/edgar/data/1835579/000119312526333912/d166048dex991.htm,False,
SWX,2026-08-05 00:00:00,https://www.sec.gov/Archives/edgar/data/1692115/000169211526000109/0001692115-26-000109-index.htm,8-K,8-K,https://www.sec.gov/Archives/edgar/data/92416/000169211526000109/swx-20260805.htm,False,
AVT,2026-08-05 00:00:00,https://www.sec.gov/Archives/edgar/data/8858/000000885826000066/0000008858-26-000066-index.htm,8-K,8-K,https://www.sec.gov/Archives/edgar/data/8858/000000885826000066/avt-20260805x8k.htm,False,
AVT,2026-08-05 00:00:00,https://www.sec.gov/Archives/edgar/data/8858/000000885826000066/0000008858-26-000066-index.htm,EX-99.1,EX-99.1,https://www.sec.gov/Archives/edgar/data/8858/000000885826000066/avt-20260805xex99d1.htm,True,
XPEL,2026-08-05 00:00:00,https://www.sec.gov/Archives/edgar/data/1767258/000176725826000071/0001767258-26-000071-index.htm,8-K,8-K,https://www.sec.gov/Archives/edgar/data/1767258/000176725826000071/xpel-20260805.htm,False,
XPEL,2026-08-05 00:00:00,https://www.sec.gov/Archives/edgar/data/1767258/000176725826000071/0001767258-26-000071-index.htm,EX-99.1,EX-99.1,https://www.sec.gov/Archives/edgar/data/1767258/000176725826000071/xpelq22026earnings.htm,False,
URGN,2026-08-05 00:00:00,https://www.sec.gov/Archives/edgar/data/1668243/000143774926025793/0001437749-26-025793-index.htm,8-K,FORM 8-K,https://www.sec.gov/Archives/edgar/data/1668243/000143774926025793/urgn20260730_8k.htm,False,
URGN,2026-08-05 00:00:00,https://www.sec.gov/Archives/edgar/data/1668243/000143774926025793/0001437749-26-025793-index.htm,EX-99.1,EXHIBIT 99.1,https://www.sec.gov/Archives/edgar/data/1668243/000143774926025793/ex_995856.htm,False,
BWA,2026-08-05 00:00:00,https://www.sec.gov/Archives/edgar/data/908255/000090825526000049/0000908255-26-000049-index.htm,8-K,8-K,https://www.sec.gov/Archives/edgar/data/908255/000090825526000049/bwa-20260805.htm,False,
BWA,2026-08-05 00:00:00,https://www.sec.gov/Archives/edgar/data/908255/000090825526000049/0000908255-26-000049-index.htm,EX-99.1,EX-99.1,https://www.sec.gov/Archives/edgar/data/908255/000090825526000049/a20260630ex991pressrelease.htm,False,
XSPA,2026-08-05 00:00:00,https://www.sec.gov/Archives/edgar/data/1410428/000110465926090744/0001104659-26-090744-index.htm,8-K,FORM 8-K,https://www.sec.gov/Archives/edgar/data/1410428/000110465926090744/tm2622217d1_8k.htm,False,
XSPA,2026-08-05 00:00:00,https://www.sec.gov/Archives/edgar/data/1410428/000110465926090744/0001104659-26-090744-index.htm,EX-99.1,EXHIBIT 99.1,https://www.sec.gov/Archives/edgar/data/1410428/000110465926090744/tm2622217d1_ex99-1.htm,False,
XWEL,2026-08-05 00:00:00,https://www.sec.gov/Archives/edgar/data/1410428/000110465926090744/0001104659-26-090744-index.htm,8-K,FORM 8-K,https://www.sec.gov/Archives/edgar/data/1410428/000110465926090744/tm2622217d1_8k.htm,False,
XWEL,2026-08-05 00:00:00,https://www.sec.gov/Archives/edgar/data/1410428/000110465926090744/0001104659-26-090744-index.htm,EX-99.1,EXHIBIT 99.1,https://www.sec.gov/Archives/edgar/data/1410428/000110465926090744/tm2622217d1_ex99-1.htm,False,
IEP,2026-08-05 00:00:00,https://www.sec.gov/Archives/edgar/data/813762/000110465926090743/0001104659-26-090743-index.htm,8-K,FORM 8-K,https://www.sec.gov/Archives/edgar/data/813762/000110465926090743/tm2622273d1_8k.htm,False,
IEP,2026-08-05 00:00:00,https://www.sec.gov/Archives/edgar/data/813762/000110465926090743/0001104659-26-090743-index.htm,EX-99.1,EXHIBIT 99.1,https://www.sec.gov/Archives/edgar/data/813762/000110465926090743/tm2622273d1_ex99-1.htm,False,
SLNH,2026-08-05 00:00:00,https://www.sec.gov/Archives/edgar/data/64463/000149315226036105/0001493152-26-036105-index.htm,8-K,8-K,https://www.sec.gov/Archives/edgar/data/64463/000149315226036105/form8-k.htm,False,
SLNHP,2026-08-05 00:00:00,https://www.sec.gov/Archives/edgar/data/64463/000149315226036105/0001493152-26-036105-index.htm,8-K,8-K,https://www.sec.gov/Archives/edgar/data/64463/000149315226036105/form8-k.htm,False,
MKTY,2026-08-05 00:00:00,https://www.sec.gov/Archives/edgar/data/64463/000149315226036105/0001493152-26-036105-index.htm,8-K,8-K,https://www.sec.gov/Archives/edgar/data/64463/000149315226036105/form8-k.htm,False,
AIM,2026-08-05 00:00:00,https://www.sec.gov/Archives/edgar/data/946644/000149315226036104/0001493152-26-036104-index.htm,8-K,8-K,https://www.sec.gov/Archives/edgar/data/946644/000149315226036104/form8-k.htm,False,
TRINL,2026-08-05 00:00:00,https://www.sec.gov/Archives/edgar/data/1786108/000119312526333904/0001193125-26-333904-index.htm,8-K,8-K,https://www.sec.gov/Archives/edgar/data/1786108/000119312526333904/trin-20260805.htm,False,
TRINL,2026-08-05 00:00:00,https://www.sec.gov/Archives/edgar/data/1786108/000119312526333904/0001193125-26-333904-index.htm,EX-99.1,EX-99.1,https://www.sec.gov/Archives/edgar/data/1786108/000119312526333904/trin-ex99_1.htm,False,
TRINZ,2026-08-05 00:00:00,https://www.sec.gov/Archives/edgar/data/1786108/000119312526333904/0001193125-26-333904-index.htm,8-K,8-K,https://www.sec.gov/Archives/edgar/data/1786108/000119312526333904/trin-20260805.htm,False,
TRINZ,2026-08-05 00:00:00,https://www.sec.gov/Archives/edgar/data/1786108/000119312526333904/0001193125-26-333904-index.htm,EX-99.1,EX-99.1,https://www.sec.gov/Archives/edgar/data/1786108/000119312526333904/trin-ex99_1.htm,False,
TRINI,2026-08-05 00:00:00,https://www.sec.gov/Archives/edgar/data/1786108/000119312526333904/0001193125-26-333904-index.htm,8-K,8-K,https://www.sec.gov/Archives/edgar/data/1786108/000119312526333904/trin-20260805.htm,False,
TRINI,2026-08-05 00:00:00,https://www.sec.gov/Archives/edgar/data/1786108/000119312526333904/0001193125-26-333904-index.htm,EX-99.1,EX-99.1,https://www.sec.gov/Archives/edgar/data/1786108/000119312526333904/trin-ex99_1.htm,False,
TRIN,2026-08-05 00:00:00,https://www.sec.gov/Archives/edgar/data/1786108/000119312526333904/0001193125-26-333904-index.htm,8-K,8-K,https://www.sec.gov/Archives/edgar/data/1786108/000119312526333904/trin-20260805.htm,False,
TRIN,2026-08-05 00:00:00,https://www.sec.gov/Archives/edgar/data/1786108/000119312526333904/0001193125-26-333904-index.htm,EX-99.1,EX-99.1,https://www.sec.gov/Archives/edgar/data/1786108/000119312526333904/trin-ex99_1.htm,False,
BATRB,2026-08-05 00:00:00,https://www.sec.gov/Archives/edgar/data/1958140/000110465926090742/0001104659-26-090742-index.htm,8-K,8-K,https://www.sec.gov/Archives/edgar/data/1958140/000110465926090742/batra-20260805x8k.htm,False,
BATRB,2026-08-05 00:00:00,https://www.sec.gov/Archives/edgar/data/1958140/000110465926090742/0001104659-26-090742-index.htm,EX-99.1,EX-99.1,https://www.sec.gov/Archives/edgar/data/1958140/000110465926090742/batra-20260805xex99d1.htm,False,
BATRK,2026-08-05 00:00:00,https://www.sec.gov/Archives/edgar/data/1958140/000110465926090742/0001104659-26-090742-index.htm,8-K,8-K,https://www.sec.gov/Archives/edgar/data/1958140/000110465926090742/batra-20260805x8k.htm,False,
BATRK,2026-08-05 00:00:00,https://www.sec.gov/Archives/edgar/data/1958140/000110465926090742/0001104659-26-090742-index.htm,EX-99.1,EX-99.1,https://www.sec.gov/Archives/edgar/data/1958140/000110465926090742/batra-20260805xex99d1.htm,False,
BATRA,2026-08-05 00:00:00,https://www.sec.gov/Archives/edgar/data/1958140/000110465926090742/0001104659-26-090742-index.htm,8-K,8-K,https://www.sec.gov/Archives/edgar/data/1958140/000110465926090742/batra-20260805x8k.htm,False,
BATRA,2026-08-05 00:00:00,https://www.sec.gov/Archives/edgar/data/1958140/000110465926090742/0001104659-26-090742-index.htm,EX-99.1,EX-99.1,https://www.sec.gov/Archives/edgar/data/1958140/000110465926090742/batra-20260805xex99d1.htm,False,
RMBS,2026-08-05 00:00:00,https://www.sec.gov/Archives/edgar/data/917273/000119312526333887/0001193125-26-333887-index.htm,8-K,8-K,https://www.sec.gov/Archives/edgar/data/917273/000119312526333887/d122300d8k.htm,True,
RMBS,2026-08-05 00:00:00,https://www.sec.gov/Archives/edgar/data/917273/000119312526333887/0001193125-26-333887-index.htm,EX-10.1,EX-10.1,https://www.sec.gov/Archives/edgar/data/917273/000119312526333887/d122300dex101.htm,False,
RMBS,2026-08-05 00:00:00,https://www.sec.gov/Archives/edgar/data/917273/000119312526333887/0001193125-26-333887-index.htm,EX-99.1,EX-99.1,https://www.sec.gov/Archives/edgar/data/917273/000119312526333887/d122300dex991.htm,False,
BALY,2026-08-05 00:00:00,https://www.sec.gov/Archives/edgar/data/1747079/000121390026085392/0001213900-26-085392-index.htm,8-K,CURRENT REPORT,https://www.sec.gov/Archives/edgar/data/1747079/000121390026085392/ea0300356-8k_ballys.htm,True,
NWSA,2026-08-05 00:00:00,https://www.sec.gov/Archives/edgar/data/1564708/000156470826000167/0001564708-26-000167-index.htm,8-K,8-K,https://www.sec.gov/Archives/edgar/data/1564708/000156470826000167/nws-20260804.htm,False,
NWSA,2026-08-05 00:00:00,https://www.sec.gov/Archives/edgar/data/1564708/000156470826000167/0001564708-26-000167-index.htm,EX-99.1,EX-99.1,https://www.sec.gov/Archives/edgar/data/1564708/000156470826000167/appendix3cclassa20260804.htm,False,
NWS,2026-08-05 00:00:00,https://www.sec.gov/Archives/edgar/data/1564708/000156470826000167/0001564708-26-000167-index.htm,8-K,8-K,https://www.sec.gov/Archives/edgar/data/1564708/000156470826000167/nws-20260804.htm,False,
NWS,2026-08-05 00:00:00,https://www.sec.gov/Archives/edgar/data/1564708/000156470826000167/0001564708-26-000167-index.htm,EX-99.1,EX-99.1,https://www.sec.gov/Archives/edgar/data/1564708/000156470826000167/appendix3cclassa20260804.htm,False,
GFF,2026-08-05 00:00:00,https://www.sec.gov/Archives/edgar/data/50725/000162828026052927/0001628280-26-052927-index.htm,8-K,8-K,https://www.sec.gov/Archives/edgar/data/50725/000162828026052927/gff-20260805.htm,False,
GFF,2026-08-05 00:00:00,https://www.sec.gov/Archives/edgar/data/50725/000162828026052927/0001628280-26-052927-index.htm,EX-99.1,EX-99.1,https://www.sec.gov/Archives/edgar/data/50725/000162828026052927/gffq32026exhibit991.htm,True,
SDST,2026-08-05 00:00:00,https://www.sec.gov/Archives/edgar/data/1831979/000149315226036102/0001493152-26-036102-index.htm,8-K,8-K,https://www.sec.gov/Archives/edgar/data/1831979/000149315226036102/form8-k.htm,False,
SDST,2026-08-05 00:00:00,https://www.sec.gov/Archives/edgar/data/1831979/000149315226036102/0001493152-26-036102-index.htm,EX-99.1,EX-99.1,https://www.sec.gov/Archives/edgar/data/1831979/000149315226036102/ex99-1.htm,False,
GPACW,2026-08-05 00:00:00,https://www.sec.gov/Archives/edgar/data/1831979/000149315226036102/0001493152-26-036102-index.htm,8-K,8-K,https://www.sec.gov/Archives/edgar/data/1831979/000149315226036102/form8-k.htm,False,
GPACW,2026-08-05 00:00:00,https://www.sec.gov/Archives/edgar/data/1831979/000149315226036102/0001493152-26-036102-index.htm,EX-99.1,EX-99.1,https://www.sec.gov/Archives/edgar/data/1831979/000149315226036102/ex99-1.htm,False,
SDSTW,2026-08-05 00:00:00,https://www.sec.gov/Archives/edgar/data/1831979/000149315226036102/0001493152-26-036102-index.htm,8-K,8-K,https://www.sec.gov/Archives/edgar/data/1831979/000149315226036102/form8-k.htm,False,
SDSTW,2026-08-05 00:00:00,https://www.sec.gov/Archives/edgar/data/1831979/000149315226036102/0001493152-26-036102-index.htm,EX-99.1,EX-99.1,https://www.sec.gov/Archives/edgar/data/1831979/000149315226036102/ex99-1.htm,False,
ROCK,2026-08-05 00:00:00,https://www.sec.gov/Archives/edgar/data/912562/000091256226000145/0000912562-26-000145-index.htm,8-K,8-K,https://www.sec.gov/Archives/edgar/data/912562/000091256226000145/rock-20260805.htm,False,
ROCK,2026-08-05 00:00:00,https://www.sec.gov/Archives/edgar/data/912562/000091256226000145/0000912562-26-000145-index.htm,EX-99.1,EX-99.1,https://www.sec.gov/Archives/edgar/data/912562/000091256226000145/exhibit991q22026earningsre.htm,True,
HLLY,2026-08-05 00:00:00,https://www.sec.gov/Archives/edgar/data/1822928/000182292826000069/0001822928-26-000069-index.htm,8-K,8-K,https://www.sec.gov/Archives/edgar/data/1822928/000182292826000069/hlly-20260805.htm,False,
HLLY,2026-08-05 00:00:00,https://www.sec.gov/Archives/edgar/data/1822928/000182292826000069/0001822928-26-000069-index.htm,EX-99.1,EX-99.1,https://www.sec.gov/Archives/edgar/data/1822928/000182292826000069/hlly-20260628xexx991.htm,True,
HLLY-WT,2026-08-05 00:00:00,https://www.sec.gov/Archives/edgar/data/1822928/000182292826000069/0001822928-26-000069-index.htm,8-K,8-K,https://www.sec.gov/Archives/edgar/data/1822928/000182292826000069/hlly-20260805.htm,False,
HLLY-WT,2026-08-05 00:00:00,https://www.sec.gov/Archives/edgar/data/1822928/000182292826000069/0001822928-26-000069-index.htm,EX-99.1,EX-99.1,https://www.sec.gov/Archives/edgar/data/1822928/000182292826000069/hlly-20260628xexx991.htm,True,
EMPW,2026-08-05 00:00:00,https://www.sec.gov/Archives/edgar/data/1822928/000182292826000069/0001822928-26-000069-index.htm,8-K,8-K,https://www.sec.gov/Archives/edgar/data/1822928/000182292826000069/hlly-20260805.htm,False,
EMPW,2026-08-05 00:00:00,https://www.sec.gov/Archives/edgar/data/1822928/000182292826000069/0001822928-26-000069-index.htm,EX-99.1,EX-99.1,https://www.sec.gov/Archives/edgar/data/1822928/000182292826000069/hlly-20260628xexx991.htm,True,
IMRX,2026-08-05 00:00:00,https://www.sec.gov/Archives/edgar/data/1790340/000179034026000088/0001790340-26-000088-index.htm,8-K,8-K,https://www.sec.gov/Archives/edgar/data/1790340/000179034026000088/imrx-20260805.htm,False,
IMRX,2026-08-05 00:00:00,https://www.sec.gov/Archives/edgar/data/1790340/000179034026000088/0001790340-26-000088-index.htm,EX-99.1,EX-99.1,https://www.sec.gov/Archives/edgar/data/1790340/000179034026000088/imrx-20260805xexx991.htm,False,
EVGO,2026-08-05 00:00:00,https://www.sec.gov/Archives/edgar/data/1821159/000182115926000017/0001821159-26-000017-index.htm,8-K,8-K,https://www.sec.gov/Archives/edgar/data/1821159/000182115926000017/evgo-20260805.htm,False,
EVGO,2026-08-05 00:00:00,https://www.sec.gov/Archives/edgar/data/1821159/000182115926000017/0001821159-26-000017-index.htm,EX-99.1,EX-99.1,https://www.sec.gov/Archives/edgar/data/1821159/000182115926000017/exhibit991evgoearningsrele.htm,False,
EVGOW,2026-08-05 00:00:00,https://www.sec.gov/Archives/edgar/data/1821159/000182115926000017/0001821159-26-000017-index.htm,8-K,8-K,https://www.sec.gov/Archives/edgar/data/1821159/000182115926000017/evgo-20260805.htm,False,
EVGOW,2026-08-05 00:00:00,https://www.sec.gov/Archives/edgar/data/1821159/000182115926000017/0001821159-26-000017-index.htm,EX-99.1,EX-99.1,https://www.sec.gov/Archives/edgar/data/1821159/000182115926000017/exhibit991evgoearningsrele.htm,False,
CLII,2026-08-05 00:00:00,https://www.sec.gov/Archives/edgar/data/1821159/000182115926000017/0001821159-26-000017-index.htm,8-K,8-K,https://www.sec.gov/Archives/edgar/data/1821159/000182115926000017/evgo-20260805.htm,False,
CLII,2026-08-05 00:00:00,https://www.sec.gov/Archives/edgar/data/1821159/000182115926000017/0001821159-26-000017-index.htm,EX-99.1,EX-99.1,https://www.sec.gov/Archives/edgar/data/1821159/000182115926000017/exhibit991evgoearningsrele.htm,False,
BVS,2026-08-05 00:00:00,https://www.sec.gov/Archives/edgar/data/1665988/000166598826000041/0001665988-26-000041-index.htm,8-K,8-K,https://www.sec.gov/Archives/edgar/data/1665988/000166598826000041/bvs-20260805.htm,False,
BVS,2026-08-05 00:00:00,https://www.sec.gov/Archives/edgar/data/1665988/000166598826000041/0001665988-26-000041-index.htm,EX-99.1,EX-99.1,https://www.sec.gov/Archives/edgar/data/1665988/000166598826000041/bioventusex-991q22026.htm,True,
None,2026-08-05 00:00:00,https://www.sec.gov/Archives/edgar/data/2046386/000204638626000049/0002046386-26-000049-index.htm,8-K,8-K,https://www.sec.gov/Archives/edgar/data/2046386/000204638626000049/mdln-20260805.htm,False,
None,2026-08-05 00:00:00,https://www.sec.gov/Archives/edgar/data/2046386/000204638626000049/0002046386-26-000049-index.htm,EX-99.1,EX-99.1,https://www.sec.gov/Archives/edgar/data/2046386/000204638626000049/ex9912q26pressrelease.htm,False,
RPRX,2026-08-05 00:00:00,https://www.sec.gov/Archives/edgar/data/1802768/000180276826000014/0001802768-26-000014-index.htm,8-K,8-K,https://www.sec.gov/Archives/edgar/data/1802768/000180276826000014/rprx-20260805.htm,False,
RPRX,2026-08-05 00:00:00,https://www.sec.gov/Archives/edgar/data/1802768/000180276826000014/0001802768-26-000014-index.htm,EX-99.1,EX-99.1,https://www.sec.gov/Archives/edgar/data/1802768/000180276826000014/rprx-20260630rpplcpressxre.htm,True,
SMMT,2026-08-05 00:00:00,https://www.sec.gov/Archives/edgar/data/1599298/000159929826000071/0001599298-26-000071-index.htm,8-K,8-K,https://www.sec.gov/Archives/edgar/data/1599298/000159929826000071/smmt-20260805.htm,False,
SMMT,2026-08-05 00:00:00,https://www.sec.gov/Archives/edgar/data/1599298/000159929826000071/0001599298-26-000071-index.htm,EX-99.1,EX-99.1,https://www.sec.gov/Archives/edgar/data/1599298/000159929826000071/a2026_prx0805xannounceme.htm,False,
VSH,2026-08-05 00:00:00,https://www.sec.gov/Archives/edgar/data/103730/000010373026000064/0000103730-26-000064-index.htm,8-K,CURRENT REPORT,https://www.sec.gov/Archives/edgar/data/103730/000010373026000064/vsh-20260805.htm,False,
VSH,2026-08-05 00:00:00,https://www.sec.gov/Archives/edgar/data/103730/000010373026000064/0000103730-26-000064-index.htm,EX-99.1,EXHIBIT 99.1,https://www.sec.gov/Archives/edgar/data/103730/000010373026000064/exhibit99-1.htm,True,
LOGC,2026-08-05 00:00:00,https://www.sec.gov/Archives/edgar/data/2064307/000119312526333861/0001193125-26-333861-index.htm,8-K,8-K,https://www.sec.gov/Archives/edgar/data/2064307/000119312526333861/logc-20260804.htm,True,
LOGC,2026-08-05 00:00:00,https://www.sec.gov/Archives/edgar/data/2064307/000119312526333861/0001193125-26-333861-index.htm,EX-99.1,EX-99.1,https://www.sec.gov/Archives/edgar/data/2064307/000119312526333861/logc-ex99_1.htm,True,
KD,2026-08-05 00:00:00,https://www.sec.gov/Archives/edgar/data/1867072/000110465926090725/0001104659-26-090725-index.htm,8-K,8-K,https://www.sec.gov/Archives/edgar/data/1867072/000110465926090725/kd-20260805x8k.htm,False,
KD,2026-08-05 00:00:00,https://www.sec.gov/Archives/edgar/data/1867072/000110465926090725/0001104659-26-090725-index.htm,EX-99.1,EX-99.1,https://www.sec.gov/Archives/edgar/data/1867072/000110465926090725/kd-20260805xex99d1.htm,False,
None,2026-08-05 00:00:00,https://www.sec.gov/Archives/edgar/data/1045610/000110465926090724/0001104659-26-090724-index.htm,8-K,FORM 8-K,https://www.sec.gov/Archives/edgar/data/1045609/000110465926090724/tm2621155d5_8k.htm,False,
PLDGP,2026-08-05 00:00:00,https://www.sec.gov/Archives/edgar/data/1045609/000110465926090724/0001104659-26-090724-index.htm,8-K,FORM 8-K,https://www.sec.gov/Archives/edgar/data/1045609/000110465926090724/tm2621155d5_8k.htm,False,
PLD,2026-08-05 00:00:00,https://www.sec.gov/Archives/edgar/data/1045609/000110465926090724/0001104659-26-090724-index.htm,8-K,FORM 8-K,https://www.sec.gov/Archives/edgar/data/1045609/000110465926090724/tm2621155d5_8k.htm,False,
CDW,2026-08-05 00:00:00,https://www.sec.gov/Archives/edgar/data/1402057/000140205726000064/0001402057-26-000064-index.htm,8-K,8-K,https://www.sec.gov/Archives/edgar/data/1402057/000140205726000064/cdw-20260803.htm,False,
CDW,2026-08-05 00:00:00,https://www.sec.gov/Archives/edgar/data/1402057/000140205726000064/0001402057-26-000064-index.htm,EX-10.1,EX-10.1,https://www.sec.gov/Archives/edgar/data/1402057/000140205726000064/ex101-xletteragreementdate.htm,False,
CDW,2026-08-05 00:00:00,https://www.sec.gov/Archives/edgar/data/1402057/000140205726000064/0001402057-26-000064-index.htm,EX-99.1,EX-99.1,https://www.sec.gov/Archives/edgar/data/1402057/000140205726000064/ex991-xpressreleasedatedau.htm,False,
LAW,2026-08-05 00:00:00,https://www.sec.gov/Archives/edgar/data/1625641/000162564126000160/0001625641-26-000160-index.htm,8-K,8-K,https://www.sec.gov/Archives/edgar/data/1625641/000162564126000160/law-20260805.htm,False,
LAW,2026-08-05 00:00:00,https://www.sec.gov/Archives/edgar/data/1625641/000162564126000160/0001625641-26-000160-index.htm,EX-99.1,EX-99.1,https://www.sec.gov/Archives/edgar/data/1625641/000162564126000160/q2fy2026earningsrelease.htm,False,
LFCR,2026-08-05 00:00:00,https://www.sec.gov/Archives/edgar/data/1005286/000100528626000032/0001005286-26-000032-index.htm,8-K,8-K,https://www.sec.gov/Archives/edgar/data/1005286/000100528626000032/lfcr-20260805.htm,False,
LFCR,2026-08-05 00:00:00,https://www.sec.gov/Archives/edgar/data/1005286/000100528626000032/0001005286-26-000032-index.htm,EX-99.1,EX-99.1,https://www.sec.gov/Archives/edgar/data/1005286/000100528626000032/lfcr-2026q2xex991earningsr.htm,True,
LNDC,2026-08-05 00:00:00,https://www.sec.gov/Archives/edgar/data/1005286/000100528626000032/0001005286-26-000032-index.htm,8-K,8-K,https://www.sec.gov/Archives/edgar/data/1005286/000100528626000032/lfcr-20260805.htm,False,
LNDC,2026-08-05 00:00:00,https://www.sec.gov/Archives/edgar/data/1005286/000100528626000032/0001005286-26-000032-index.htm,EX-99.1,EX-99.1,https://www.sec.gov/Archives/edgar/data/1005286/000100528626000032/lfcr-2026q2xex991earningsr.htm,True,
RAPP,2026-08-05 00:00:00,https://www.sec.gov/Archives/edgar/data/2012593/000119312526333853/0001193125-26-333853-index.htm,8-K,8-K,https://www.sec.gov/Archives/edgar/data/2012593/000119312526333853/rapp-20260805.htm,False,
RAPP,2026-08-05 00:00:00,https://www.sec.gov/Archives/edgar/data/2012593/000119312526333853/0001193125-26-333853-index.htm,EX-99.1,EX-99.1,https://www.sec.gov/Archives/edgar/data/2012593/000119312526333853/rapp-ex99_1.htm,False,
CRL,2026-08-05 00:00:00,https://www.sec.gov/Archives/edgar/data/1100682/000110068226000115/0001100682-26-000115-index.htm,8-K,8-K,https://www.sec.gov/Archives/edgar/data/1100682/000110068226000115/crl-20260805.htm,False,
CRL,2026-08-05 00:00:00,https://www.sec.gov/Archives/edgar/data/1100682/000110068226000115/0001100682-26-000115-index.htm,EX-99.1,EX-99.1,https://www.sec.gov/Archives/edgar/data/1100682/000110068226000115/crl2q26earningsrelease.htm,True,
DIN,2026-08-05 00:00:00,https://www.sec.gov/Archives/edgar/data/49754/000119312526333848/0001193125-26-333848-index.htm,8-K,8-K,https://www.sec.gov/Archives/edgar/data/49754/000119312526333848/d148591d8k.htm,False,
DIN,2026-08-05 00:00:00,https://www.sec.gov/Archives/edgar/data/49754/000119312526333848/0001193125-26-333848-index.htm,EX-99.1,EX-99.1,https://www.sec.gov/Archives/edgar/data/49754/000119312526333848/d148591dex991.htm,False,
NRP,2026-08-05 00:00:00,https://www.sec.gov/Archives/edgar/data/1171486/000143774926025784/0001437749-26-025784-index.htm,8-K,FORM 8-K,https://www.sec.gov/Archives/edgar/data/1171486/000143774926025784/nrp20260512_8k.htm,False,
NRP,2026-08-05 00:00:00,https://www.sec.gov/Archives/edgar/data/1171486/000143774926025784/0001437749-26-025784-index.htm,EX-99.1,EXHIBIT 99.1,https://www.sec.gov/Archives/edgar/data/1171486/000143774926025784/ex_961869.htm,True,
VRNOD,2026-08-05 00:00:00,https://www.sec.gov/Archives/edgar/data/1848416/000162828026052918/0001628280-26-052918-index.htm,8-K,8-K,https://www.sec.gov/Archives/edgar/data/1848416/000162828026052918/vrnof-20260805.htm,False,
VRNOD,2026-08-05 00:00:00,https://www.sec.gov/Archives/edgar/data/1848416/000162828026052918/0001628280-26-052918-index.htm,EX-99.1,EX-99.1,https://www.sec.gov/Archives/edgar/data/1848416/000162828026052918/vrno-2026630xexx991.htm,False,
VRNOF,2026-08-05 00:00:00,https://www.sec.gov/Archives/edgar/data/1848416/000162828026052918/0001628280-26-052918-index.htm,8-K,8-K,https://www.sec.gov/Archives/edgar/data/1848416/000162828026052918/vrnof-20260805.htm,False,
VRNOF,2026-08-05 00:00:00,https://www.sec.gov/Archives/edgar/data/1848416/000162828026052918/0001628280-26-052918-index.htm,EX-99.1,EX-99.1,https://www.sec.gov/Archives/edgar/data/1848416/000162828026052918/vrno-2026630xexx991.htm,False,
VRNO,2026-08-05 00:00:00,https://www.sec.gov/Archives/edgar/data/1848416/000162828026052918/0001628280-26-052918-index.htm,8-K,8-K,https://www.sec.gov/Archives/edgar/data/1848416/000162828026052918/vrnof-20260805.htm,False,
VRNO,2026-08-05 00:00:00,https://www.sec.gov/Archives/edgar/data/1848416/000162828026052918/0001628280-26-052918-index.htm,EX-99.1,EX-99.1,https://www.sec.gov/Archives/edgar/data/1848416/000162828026052918/vrno-2026630xexx991.htm,False,
ADVWW,2026-08-05 00:00:00,https://www.sec.gov/Archives/edgar/data/1776661/000119312526333843/0001193125-26-333843-index.htm,8-K,8-K,https://www.sec.gov/Archives/edgar/data/1776661/000119312526333843/adv-20260805.htm,False,
ADVWW,2026-08-05 00:00:00,https://www.sec.gov/Archives/edgar/data/1776661/000119312526333843/0001193125-26-333843-index.htm,EX-99.1,EX-99.1,https://www.sec.gov/Archives/edgar/data/1776661/000119312526333843/adv-ex99_1.htm,True,
ADV,2026-08-05 00:00:00,https://www.sec.gov/Archives/edgar/data/1776661/000119312526333843/0001193125-26-333843-index.htm,8-K,8-K,https://www.sec.gov/Archives/edgar/data/1776661/000119312526333843/adv-20260805.htm,False,
ADV,2026-08-05 00:00:00,https://www.sec.gov/Archives/edgar/data/1776661/000119312526333843/0001193125-26-333843-index.htm,EX-99.1,EX-99.1,https://www.sec.gov/Archives/edgar/data/1776661/000119312526333843/adv-ex99_1.htm,True,
EXTR,2026-08-05 00:00:00,https://www.sec.gov/Archives/edgar/data/1078271/000119312526333840/0001193125-26-333840-index.htm,8-K,8-K,https://www.sec.gov/Archives/edgar/data/1078271/000119312526333840/extr-20260805.htm,False,
EXTR,2026-08-05 00:00:00,https://www.sec.gov/Archives/edgar/data/1078271/000119312526333840/0001193125-26-333840-index.htm,EX-99.1,EX-99.1,https://www.sec.gov/Archives/edgar/data/1078271/000119312526333840/extr-ex99_1.htm,True,
IE,2026-08-05 00:00:00,https://www.sec.gov/Archives/edgar/data/1879016/000110465926090722/0001104659-26-090722-index.htm,8-K,FORM 8-K,https://www.sec.gov/Archives/edgar/data/1879016/000110465926090722/tm2622220d1_8k.htm,False,
IE,2026-08-05 00:00:00,https://www.sec.gov/Archives/edgar/data/1879016/000110465926090722/0001104659-26-090722-index.htm,EX-10.1,EXHIBIT 10.1,https://www.sec.gov/Archives/edgar/data/1879016/000110465926090722/tm2622220d1_ex10-1.htm,False,
IE,2026-08-05 00:00:00,https://www.sec.gov/Archives/edgar/data/1879016/000110465926090722/0001104659-26-090722-index.htm,EX-99.1,EXHIBIT 99.1,https://www.sec.gov/Archives/edgar/data/1879016/000110465926090722/tm2622220d1_ex99-1.htm,False,
KYMR,2026-08-05 00:00:00,https://www.sec.gov/Archives/edgar/data/1815442/000119312526333834/0001193125-26-333834-index.htm,8-K,8-K,https://www.sec.gov/Archives/edgar/data/1815442/000119312526333834/kymr-20260805.htm,False,
KYMR,2026-08-05 00:00:00,https://www.sec.gov/Archives/edgar/data/1815442/000119312526333834/0001193125-26-333834-index.htm,EX-99.1,EX-99.1,https://www.sec.gov/Archives/edgar/data/1815442/000119312526333834/kymr-ex99_1.htm,False,
NAMSW,2026-08-05 00:00:00,https://www.sec.gov/Archives/edgar/data/1936258/000119312526333827/0001193125-26-333827-index.htm,8-K,8-K,https://www.sec.gov/Archives/edgar/data/1936258/000119312526333827/nams-20260805.htm,False,
NAMSW,2026-08-05 00:00:00,https://www.sec.gov/Archives/edgar/data/1936258/000119312526333827/0001193125-26-333827-index.htm,EX-99.1,EX-99.1,https://www.sec.gov/Archives/edgar/data/1936258/000119312526333827/nams-ex99_1.htm,False,
NAMS,2026-08-05 00:00:00,https://www.sec.gov/Archives/edgar/data/1936258/000119312526333827/0001193125-26-333827-index.htm,8-K,8-K,https://www.sec.gov/Archives/edgar/data/1936258/000119312526333827/nams-20260805.htm,False,
NAMS,2026-08-05 00:00:00,https://www.sec.gov/Archives/edgar/data/1936258/000119312526333827/0001193125-26-333827-index.htm,EX-99.1,EX-99.1,https://www.sec.gov/Archives/edgar/data/1936258/000119312526333827/nams-ex99_1.htm,False,
SBXD,2026-08-05 00:00:00,https://www.sec.gov/Archives/edgar/data/2015947/000110465926090712/0001104659-26-090712-index.htm,8-K,FORM 8-K,https://www.sec.gov/Archives/edgar/data/2015947/000110465926090712/tm2622195d1_8k.htm,True,
SBXD-UN,2026-08-05 00:00:00,https://www.sec.gov/Archives/edgar/data/2015947/000110465926090712/0001104659-26-090712-index.htm,8-K,FORM 8-K,https://www.sec.gov/Archives/edgar/data/2015947/000110465926090712/tm2622195d1_8k.htm,True,
LCII,2026-08-05 00:00:00,https://www.sec.gov/Archives/edgar/data/763744/000076374426000068/0000763744-26-000068-index.htm,8-K,8-K,https://www.sec.gov/Archives/edgar/data/763744/000076374426000068/lcii-20260805.htm,False,
LCII,2026-08-05 00:00:00,https://www.sec.gov/Archives/edgar/data/763744/000076374426000068/0000763744-26-000068-index.htm,EX-99.1,EX-99.1,https://www.sec.gov/Archives/edgar/data/763744/000076374426000068/lcii-earningsrelease2q26qu.htm,True,
SR-PA,2026-08-05 00:00:00,https://www.sec.gov/Archives/edgar/data/1126956/000119312526333825/0001193125-26-333825-index.htm,8-K,8-K,https://www.sec.gov/Archives/edgar/data/1126956/000119312526333825/sr-20260805.htm,False,
SR-PA,2026-08-05 00:00:00,https://www.sec.gov/Archives/edgar/data/1126956/000119312526333825/0001193125-26-333825-index.htm,EX-99.1,EX-99.1,https://www.sec.gov/Archives/edgar/data/1126956/000119312526333825/sr-ex99_1.htm,True,
SRCU,2026-08-05 00:00:00,https://www.sec.gov/Archives/edgar/data/1126956/000119312526333825/0001193125-26-333825-index.htm,8-K,8-K,https://www.sec.gov/Archives/edgar/data/1126956/000119312526333825/sr-20260805.htm,False,
SRCU,2026-08-05 00:00:00,https://www.sec.gov/Archives/edgar/data/1126956/000119312526333825/0001193125-26-333825-index.htm,EX-99.1,EX-99.1,https://www.sec.gov/Archives/edgar/data/1126956/000119312526333825/sr-ex99_1.htm,True,
SR,2026-08-05 00:00:00,https://www.sec.gov/Archives/edgar/data/1126956/000119312526333825/0001193125-26-333825-index.htm,8-K,8-K,https://www.sec.gov/Archives/edgar/data/1126956/000119312526333825/sr-20260805.htm,False,
SR,2026-08-05 00:00:00,https://www.sec.gov/Archives/edgar/data/1126956/000119312526333825/0001193125-26-333825-index.htm,EX-99.1,EX-99.1,https://www.sec.gov/Archives/edgar/data/1126956/000119312526333825/sr-ex99_1.htm,True,
RRX,2026-08-05 00:00:00,https://www.sec.gov/Archives/edgar/data/82811/000008281126000226/0000082811-26-000226-index.htm,8-K,8-K,https://www.sec.gov/Archives/edgar/data/82811/000008281126000226/rrx-20260805.htm,False,
RRX,2026-08-05 00:00:00,https://www.sec.gov/Archives/edgar/data/82811/000008281126000226/0000082811-26-000226-index.htm,EX-99.1,EX-99.1,https://www.sec.gov/Archives/edgar/data/82811/000008281126000226/a2q2026earningsannouncement.htm,True,
CDW,2026-08-05 00:00:00,https://www.sec.gov/Archives/edgar/data/1402057/000140205726000062/0001402057-26-000062-index.htm,8-K,8-K,https://www.sec.gov/Archives/edgar/data/1402057/000140205726000062/cdw-20260805.htm,False,
CDW,2026-08-05 00:00:00,https://www.sec.gov/Archives/edgar/data/1402057/000140205726000062/0001402057-26-000062-index.htm,EX-99.1,EX-99.1,https://www.sec.gov/Archives/edgar/data/1402057/000140205726000062/cdw-2026630earningsrelease.htm,False,
GTE,2026-08-05 00:00:00,https://www.sec.gov/Archives/edgar/data/1273441/000110465926090711/0001104659-26-090711-index.htm,8-K,FORM 8-K,https://www.sec.gov/Archives/edgar/data/1273441/000110465926090711/tm2622187d1_8k.htm,True,
GTE,2026-08-05 00:00:00,https://www.sec.gov/Archives/edgar/data/1273441/000110465926090711/0001104659-26-090711-index.htm,EX-99.1,EXHIBIT 99.1,https://www.sec.gov/Archives/edgar/data/1273441/000110465926090711/tm2622187d1_ex99-1.htm,True,
CRTO,2026-08-05 00:00:00,https://www.sec.gov/Archives/edgar/data/1576427/000162828026052913/0001628280-26-052913-index.htm,8-K,8-K,https://www.sec.gov/Archives/edgar/data/1576427/000162828026052913/crto-20260805.htm,False,
CRTO,2026-08-05 00:00:00,https://www.sec.gov/Archives/edgar/data/1576427/000162828026052913/0001628280-26-052913-index.htm,EX-10.1,EX-10.1,https://www.sec.gov/Archives/edgar/data/1576427/000162828026052913/exhibit101-8xkq22026.htm,False,
CRTO,2026-08-05 00:00:00,https://www.sec.gov/Archives/edgar/data/1576427/000162828026052913/0001628280-26-052913-index.htm,EX-99.1,EX-99.1,https://www.sec.gov/Archives/edgar/data/1576427/000162828026052913/exhibit991-8xkq22026.htm,True,
FUBO,2026-08-05 00:00:00,https://www.sec.gov/Archives/edgar/data/1484769/000149315226036098/0001493152-26-036098-index.htm,8-K,8-K,https://www.sec.gov/Archives/edgar/data/1484769/000149315226036098/form8-k.htm,False,
FUBO,2026-08-05 00:00:00,https://www.sec.gov/Archives/edgar/data/1484769/000149315226036098/0001493152-26-036098-index.htm,EX-99.1,EX-99.1,https://www.sec.gov/Archives/edgar/data/1484769/000149315226036098/ex99-1.htm,False,
PSDV,2026-08-05 00:00:00,https://www.sec.gov/Archives/edgar/data/1314102/000119312526333821/0001193125-26-333821-index.htm,8-K,8-K,https://www.sec.gov/Archives/edgar/data/1314102/000119312526333821/eypt-20260805.htm,False,
PSDV,2026-08-05 00:00:00,https://www.sec.gov/Archives/edgar/data/1314102/000119312526333821/0001193125-26-333821-index.htm,EX-99.1,EX-99.1,https://www.sec.gov/Archives/edgar/data/1314102/000119312526333821/eypt-ex99_1.htm,False,
EYPT,2026-08-05 00:00:00,https://www.sec.gov/Archives/edgar/data/1314102/000119312526333821/0001193125-26-333821-index.htm,8-K,8-K,https://www.sec.gov/Archives/edgar/data/1314102/000119312526333821/eypt-20260805.htm,False,
EYPT,2026-08-05 00:00:00,https://www.sec.gov/Archives/edgar/data/1314102/000119312526333821/0001193125-26-333821-index.htm,EX-99.1,EX-99.1,https://www.sec.gov/Archives/edgar/data/1314102/000119312526333821/eypt-ex99_1.htm,False,
LLY,2026-08-05 00:00:00,https://www.sec.gov/Archives/edgar/data/59478/000005947826000077/0000059478-26-000077-index.htm,8-K,8-K,https://www.sec.gov/Archives/edgar/data/59478/000005947826000077/lly-20260805.htm,False,
LLY,2026-08-05 00:00:00,https://www.sec.gov/Archives/edgar/data/59478/000005947826000077/0000059478-26-000077-index.htm,EX-99.1,EX-99.1,https://www.sec.gov/Archives/edgar/data/59478/000005947826000077/q226lillysalesandearningsp.htm,False,
MCRB,2026-08-05 00:00:00,https://www.sec.gov/Archives/edgar/data/1609809/000119312526333820/0001193125-26-333820-index.htm,8-K,8-K,https://www.sec.gov/Archives/edgar/data/1609809/000119312526333820/d124829d8k.htm,False,
MCRB,2026-08-05 00:00:00,https://www.sec.gov/Archives/edgar/data/1609809/000119312526333820/0001193125-26-333820-index.htm,EX-99.1,EX-99.1,https://www.sec.gov/Archives/edgar/data/1609809/000119312526333820/d124829dex991.htm,False,
PYYX,2026-08-05 00:00:00,https://www.sec.gov/Archives/edgar/data/939930/000093993026000035/0000939930-26-000035-index.htm,8-K,8-K,https://www.sec.gov/Archives/edgar/data/939930/000093993026000035/pyx-20260805.htm,False,
PYYX,2026-08-05 00:00:00,https://www.sec.gov/Archives/edgar/data/939930/000093993026000035/0000939930-26-000035-index.htm,EX-99.1,EX-99.1,https://www.sec.gov/Archives/edgar/data/939930/000093993026000035/exhibit991q12027.htm,False,
PODD,2026-08-05 00:00:00,https://www.sec.gov/Archives/edgar/data/1145197/000114519726000167/0001145197-26-000167-index.htm,8-K,8-K,https://www.sec.gov/Archives/edgar/data/1145197/000114519726000167/podd-20260805.htm,False,
PODD,2026-08-05 00:00:00,https://www.sec.gov/Archives/edgar/data/1145197/000114519726000167/0001145197-26-000167-index.htm,EX-99.1,EX-99.1,https://www.sec.gov/Archives/edgar/data/1145197/000114519726000167/podd2026-06x30ex991.htm,True,
SHAK,2026-08-05 00:00:00,https://www.sec.gov/Archives/edgar/data/1620533/000162053326000033/0001620533-26-000033-index.htm,8-K,8-K,https://www.sec.gov/Archives/edgar/data/1620533/000162053326000033/shak-20260805.htm,False,
SHAK,2026-08-05 00:00:00,https://www.sec.gov/Archives/edgar/data/1620533/000162053326000033/0001620533-26-000033-index.htm,EX-99.1,EX-99.1,https://www.sec.gov/Archives/edgar/data/1620533/000162053326000033/shak-20260805_exhibit991.htm,False,
TRDA,2026-08-05 00:00:00,https://www.sec.gov/Archives/edgar/data/1689375/000168937526000052/0001689375-26-000052-index.htm,8-K,8-K,https://www.sec.gov/Archives/edgar/data/1689375/000168937526000052/trda-20260805.htm,False,
TRDA,2026-08-05 00:00:00,https://www.sec.gov/Archives/edgar/data/1689375/000168937526000052/0001689375-26-000052-index.htm,EX-99.1,EX-99.1,https://www.sec.gov/Archives/edgar/data/1689375/000168937526000052/trdaq22026earningsrelease.htm,False,
KLTR,2026-08-05 00:00:00,https://www.sec.gov/Archives/edgar/data/1432133/000162828026052910/0001628280-26-052910-index.htm,8-K,8-K,https://www.sec.gov/Archives/edgar/data/1432133/000162828026052910/kltr-20260805.htm,False,
KLTR,2026-08-05 00:00:00,https://www.sec.gov/Archives/edgar/data/1432133/000162828026052910/0001628280-26-052910-index.htm,EX-99.1,EX-99.1,https://www.sec.gov/Archives/edgar/data/1432133/000162828026052910/kaltura-q2x2026earningsrel.htm,True,
DIBS,2026-08-05 00:00:00,https://www.sec.gov/Archives/edgar/data/1600641/000160064126000032/0001600641-26-000032-index.htm,8-K,8-K,https://www.sec.gov/Archives/edgar/data/1600641/000160064126000032/quarterly-20260805.htm,False,
DIBS,2026-08-05 00:00:00,https://www.sec.gov/Archives/edgar/data/1600641/000160064126000032/0001600641-26-000032-index.htm,EX-99.1,EX-99.1,https://www.sec.gov/Archives/edgar/data/1600641/000160064126000032/ex991q2fy26earningsrelease.htm,False,
NYT,2026-08-05 00:00:00,https://www.sec.gov/Archives/edgar/data/71691/000007169126000032/0000071691-26-000032-index.htm,8-K,8-K,https://www.sec.gov/Archives/edgar/data/71691/000007169126000032/nyt-20260805.htm,False,
NYT,2026-08-05 00:00:00,https://www.sec.gov/Archives/edgar/data/71691/000007169126000032/0000071691-26-000032-index.htm,EX-99.1,EX-99.1,https://www.sec.gov/Archives/edgar/data/71691/000007169126000032/pressrelease6302026.htm,False,
LINE,2026-08-05 00:00:00,https://www.sec.gov/Archives/edgar/data/1868159/000186815926000038/0001868159-26-000038-index.htm,8-K,8-K,https://www.sec.gov/Archives/edgar/data/1868159/000186815926000038/line-20260805.htm,False,
LINE,2026-08-05 00:00:00,https://www.sec.gov/Archives/edgar/data/1868159/000186815926000038/0001868159-26-000038-index.htm,EX-99.1,EX-99.1,https://www.sec.gov/Archives/edgar/data/1868159/000186815926000038/earningsreleaseex991-linea.htm,True,
OFIX,2026-08-05 00:00:00,https://www.sec.gov/Archives/edgar/data/884624/000119312526333817/0001193125-26-333817-index.htm,8-K,8-K,https://www.sec.gov/Archives/edgar/data/884624/000119312526333817/ofix-20260805.htm,False,
OFIX,2026-08-05 00:00:00,https://www.sec.gov/Archives/edgar/data/884624/000119312526333817/0001193125-26-333817-index.htm,EX-99.1,EX-99.1,https://www.sec.gov/Archives/edgar/data/884624/000119312526333817/ofix-ex99_1.htm,False,
ACTG,2026-08-05 00:00:00,https://www.sec.gov/Archives/edgar/data/934549/000093454926000031/0000934549-26-000031-index.htm,8-K,8-K,https://www.sec.gov/Archives/edgar/data/934549/000093454926000031/actg-20260805.htm,False,
ACTG,2026-08-05 00:00:00,https://www.sec.gov/Archives/edgar/data/934549/000093454926000031/0000934549-26-000031-index.htm,EX-99.1,EX-99.1,https://www.sec.gov/Archives/edgar/data/934549/000093454926000031/actg-20260630xex991.htm,True,
GLXY,2026-08-05 00:00:00,https://www.sec.gov/Archives/edgar/data/1859392/000185939226000084/0001859392-26-000084-index.htm,8-K,8-K,https://www.sec.gov/Archives/edgar/data/1859392/000185939226000084/glxy-20260805.htm,False,
GLXY,2026-08-05 00:00:00,https://www.sec.gov/Archives/edgar/data/1859392/000185939226000084/0001859392-26-000084-index.htm,EX-99.1,EX-99.1,https://www.sec.gov/Archives/edgar/data/1859392/000185939226000084/glxy-20260630xpressrelease.htm,False,
QTTB,2026-08-05 00:00:00,https://www.sec.gov/Archives/edgar/data/1661998/000119312526333813/0001193125-26-333813-index.htm,8-K,8-K,https://www.sec.gov/Archives/edgar/data/1661998/000119312526333813/qttb-20260805.htm,False,
QTTB,2026-08-05 00:00:00,https://www.sec.gov/Archives/edgar/data/1661998/000119312526333813/0001193125-26-333813-index.htm,EX-99.1,EX-99.1,https://www.sec.gov/Archives/edgar/data/1661998/000119312526333813/qttb-ex99_1.htm,False,
FIXX,2026-08-05 00:00:00,https://www.sec.gov/Archives/edgar/data/1661998/000119312526333813/0001193125-26-333813-index.htm,8-K,8-K,https://www.sec.gov/Archives/edgar/data/1661998/000119312526333813/qttb-20260805.htm,False,
FIXX,2026-08-05 00:00:00,https://www.sec.gov/Archives/edgar/data/1661998/000119312526333813/0001193125-26-333813-index.htm,EX-99.1,EX-99.1,https://www.sec.gov/Archives/edgar/data/1661998/000119312526333813/qttb-ex99_1.htm,False,
BCRX,2026-08-05 00:00:00,https://www.sec.gov/Archives/edgar/data/882796/000117184326005223/0001171843-26-005223-index.htm,8-K,FORM 8-K,https://www.sec.gov/Archives/edgar/data/882796/000117184326005223/f8k_080526.htm,False,
BCRX,2026-08-05 00:00:00,https://www.sec.gov/Archives/edgar/data/882796/000117184326005223/0001171843-26-005223-index.htm,EX-99.1,PRESS RELEASE,https://www.sec.gov/Archives/edgar/data/882796/000117184326005223/exh_991.htm,True,
BCO,2026-08-05 00:00:00,https://www.sec.gov/Archives/edgar/data/78890/000007889026000054/0000078890-26-000054-index.htm,8-K,8-K,https://www.sec.gov/Archives/edgar/data/78890/000007889026000054/bco-20260805.htm,False,
BCO,2026-08-05 00:00:00,https://www.sec.gov/Archives/edgar/data/78890/000007889026000054/0000078890-26-000054-index.htm,EX-99.1,EX-99.1,https://www.sec.gov/Archives/edgar/data/78890/000007889026000054/ex991q22026.htm,False,
SEDG,2026-08-05 00:00:00,https://www.sec.gov/Archives/edgar/data/1419612/000117891326003833/0001178913-26-003833-index.htm,8-K,8-K,https://www.sec.gov/Archives/edgar/data/1419612/000117891326003833/a2635832.htm,False,
SEDG,2026-08-05 00:00:00,https://www.sec.gov/Archives/edgar/data/1419612/000117891326003833/0001178913-26-003833-index.htm,EX-99.1,EXHIBIT 99.1,https://www.sec.gov/Archives/edgar/data/1419612/000117891326003833/exhibit_99-1.htm,False,
OESX,2026-08-05 00:00:00,https://www.sec.gov/Archives/edgar/data/1409375/000119312526333810/0001193125-26-333810-index.htm,8-K,8-K,https://www.sec.gov/Archives/edgar/data/1409375/000119312526333810/oesx-20260805.htm,False,
OESX,2026-08-05 00:00:00,https://www.sec.gov/Archives/edgar/data/1409375/000119312526333810/0001193125-26-333810-index.htm,EX-99.1,EX-99.1,https://www.sec.gov/Archives/edgar/data/1409375/000119312526333810/oesx-ex99_1.htm,True,
KHC,2026-08-05 00:00:00,https://www.sec.gov/Archives/edgar/data/1637459/000163745926000052/0001637459-26-000052-index.htm,8-K,8-K,https://www.sec.gov/Archives/edgar/data/1637459/000163745926000052/khc-20260805.htm,False,
KHC,2026-08-05 00:00:00,https://www.sec.gov/Archives/edgar/data/1637459/000163745926000052/0001637459-26-000052-index.htm,EX-99.1,EX-99.1,https://www.sec.gov/Archives/edgar/data/1637459/000163745926000052/ex991-erq22026.htm,False,
SHOP,2026-08-05 00:00:00,https://www.sec.gov/Archives/edgar/data/1594805/000159480526000046/0001594805-26-000046-index.htm,8-K,8-K,https://www.sec.gov/Archives/edgar/data/1594805/000159480526000046/shop-20260805.htm,False,
SHOP,2026-08-05 00:00:00,https://www.sec.gov/Archives/edgar/data/1594805/000159480526000046/0001594805-26-000046-index.htm,EX-99.1,EX-99.1,https://www.sec.gov/Archives/edgar/data/1594805/000159480526000046/exhibit991pressreleaseq220.htm,False,
JJSF,2026-08-05 00:00:00,https://www.sec.gov/Archives/edgar/data/785956/000143774926025782/0001437749-26-025782-index.htm,8-K,FORM 8-K,https://www.sec.gov/Archives/edgar/data/785956/000143774926025782/jjsf20260804_8k.htm,False,
JJSF,2026-08-05 00:00:00,https://www.sec.gov/Archives/edgar/data/785956/000143774926025782/0001437749-26-025782-index.htm,EX-99.1,EXHIBIT 99.1,https://www.sec.gov/Archives/edgar/data/785956/000143774926025782/ex_998849.htm,False,
ASTE,2026-08-05 00:00:00,https://www.sec.gov/Archives/edgar/data/792987/000079298726000039/0000792987-26-000039-index.htm,8-K,FORM 8-K - EARNINGS RELEASE Q2 2026,https://www.sec.gov/Archives/edgar/data/792987/000079298726000039/aste-20260805.htm,False,
ASTE,2026-08-05 00:00:00,https://www.sec.gov/Archives/edgar/data/792987/000079298726000039/0000792987-26-000039-index.htm,EX-99.1,EXHIBIT 99.1 - NEWS RELEASE Q2 2026,https://www.sec.gov/Archives/edgar/data/792987/000079298726000039/aste-20260630xexx991.htm,True,
CWK,2026-08-05 00:00:00,https://www.sec.gov/Archives/edgar/data/1628369/000162836926000116/0001628369-26-000116-index.htm,8-K,8-K,https://www.sec.gov/Archives/edgar/data/1628369/000162836926000116/cwk-20260805.htm,False,
CWK,2026-08-05 00:00:00,https://www.sec.gov/Archives/edgar/data/1628369/000162836926000116/0001628369-26-000116-index.htm,EX-99.1,EX-99.1,https://www.sec.gov/Archives/edgar/data/1628369/000162836926000116/cwk-ex991q22026.htm,True,
VVV,2026-08-05 00:00:00,https://www.sec.gov/Archives/edgar/data/1674910/000167491026000062/0001674910-26-000062-index.htm,8-K,8-K,https://www.sec.gov/Archives/edgar/data/1674910/000167491026000062/vvv-20260805.htm,False,
VVV,2026-08-05 00:00:00,https://www.sec.gov/Archives/edgar/data/1674910/000167491026000062/0001674910-26-000062-index.htm,EX-99.1,EX-99.1,https://www.sec.gov/Archives/edgar/data/1674910/000167491026000062/q32026earningsrelease.htm,True,
SN,2026-08-05 00:00:00,https://www.sec.gov/Archives/edgar/data/1957132/000195713226000047/0001957132-26-000047-index.htm,8-K,8-K,https://www.sec.gov/Archives/edgar/data/1957132/000195713226000047/sharkninja-20260805.htm,False,
SN,2026-08-05 00:00:00,https://www.sec.gov/Archives/edgar/data/1957132/000195713226000047/0001957132-26-000047-index.htm,EX-99.1,EX-99.1,https://www.sec.gov/Archives/edgar/data/1957132/000195713226000047/exhibit991pressreleaseofsh.htm,True,
WULF,2026-08-05 00:00:00,https://www.sec.gov/Archives/edgar/data/1083301/000108330126000162/0001083301-26-000162-index.htm,8-K,8-K,https://www.sec.gov/Archives/edgar/data/1083301/000108330126000162/wulf-20260805.htm,False,
WULF,2026-08-05 00:00:00,https://www.sec.gov/Archives/edgar/data/1083301/000108330126000162/0001083301-26-000162-index.htm,EX-99.1,EX-99.1,https://www.sec.gov/Archives/edgar/data/1083301/000108330126000162/a_wulfearningsreleaseq22026.htm,True,
IKNX,2026-08-05 00:00:00,https://www.sec.gov/Archives/edgar/data/1083301/000108330126000162/0001083301-26-000162-index.htm,8-K,8-K,https://www.sec.gov/Archives/edgar/data/1083301/000108330126000162/wulf-20260805.htm,False,
IKNX,2026-08-05 00:00:00,https://www.sec.gov/Archives/edgar/data/1083301/000108330126000162/0001083301-26-000162-index.htm,EX-99.1,EX-99.1,https://www.sec.gov/Archives/edgar/data/1083301/000108330126000162/a_wulfearningsreleaseq22026.htm,True,
HGTY,2026-08-05 00:00:00,https://www.sec.gov/Archives/edgar/data/1840776/000184077626000028/0001840776-26-000028-index.htm,8-K,8-K,https://www.sec.gov/Archives/edgar/data/1840776/000184077626000028/hgty-20260805.htm,False,
HGTY,2026-08-05 00:00:00,https://www.sec.gov/Archives/edgar/data/1840776/000184077626000028/0001840776-26-000028-index.htm,EX-99.1,EX-99.1,https://www.sec.gov/Archives/edgar/data/1840776/000184077626000028/a26-q2stockholderletter.htm,False,
HGTY-WT,2026-08-05 00:00:00,https://www.sec.gov/Archives/edgar/data/1840776/000184077626000028/0001840776-26-000028-index.htm,8-K,8-K,https://www.sec.gov/Archives/edgar/data/1840776/000184077626000028/hgty-20260805.htm,False,
HGTY-WT,2026-08-05 00:00:00,https://www.sec.gov/Archives/edgar/data/1840776/000184077626000028/0001840776-26-000028-index.htm,EX-99.1,EX-99.1,https://www.sec.gov/Archives/edgar/data/1840776/000184077626000028/a26-q2stockholderletter.htm,False,
ADF,2026-08-05 00:00:00,https://www.sec.gov/Archives/edgar/data/1840776/000184077626000028/0001840776-26-000028-index.htm,8-K,8-K,https://www.sec.gov/Archives/edgar/data/1840776/000184077626000028/hgty-20260805.htm,False,
ADF,2026-08-05 00:00:00,https://www.sec.gov/Archives/edgar/data/1840776/000184077626000028/0001840776-26-000028-index.htm,EX-99.1,EX-99.1,https://www.sec.gov/Archives/edgar/data/1840776/000184077626000028/a26-q2stockholderletter.htm,False,
HVIIR,2026-08-05 00:00:00,https://www.sec.gov/Archives/edgar/data/1846416/000149315226036097/0001493152-26-036097-index.htm,8-K,8-K,https://www.sec.gov/Archives/edgar/data/1846416/000149315226036097/form8-k.htm,False,
HVIIR,2026-08-05 00:00:00,https://www.sec.gov/Archives/edgar/data/1846416/000149315226036097/0001493152-26-036097-index.htm,EX-99.1,EX-99.1,https://www.sec.gov/Archives/edgar/data/1846416/000149315226036097/ex99-1.htm,False,
HVII,2026-08-05 00:00:00,https://www.sec.gov/Archives/edgar/data/1846416/000149315226036097/0001493152-26-036097-index.htm,8-K,8-K,https://www.sec.gov/Archives/edgar/data/1846416/000149315226036097/form8-k.htm,False,
HVII,2026-08-05 00:00:00,https://www.sec.gov/Archives/edgar/data/1846416/000149315226036097/0001493152-26-036097-index.htm,EX-99.1,EX-99.1,https://www.sec.gov/Archives/edgar/data/1846416/000149315226036097/ex99-1.htm,False,
HVIIU,2026-08-05 00:00:00,https://www.sec.gov/Archives/edgar/data/1846416/000149315226036097/0001493152-26-036097-index.htm,8-K,8-K,https://www.sec.gov/Archives/edgar/data/1846416/000149315226036097/form8-k.htm,False,
HVIIU,2026-08-05 00:00:00,https://www.sec.gov/Archives/edgar/data/1846416/000149315226036097/0001493152-26-036097-index.htm,EX-99.1,EX-99.1,https://www.sec.gov/Archives/edgar/data/1846416/000149315226036097/ex99-1.htm,False,
ETON,2026-08-05 00:00:00,https://www.sec.gov/Archives/edgar/data/1710340/000143774926025781/0001437749-26-025781-index.htm,8-K,FORM 8-K,https://www.sec.gov/Archives/edgar/data/1710340/000143774926025781/eton20260803_8k.htm,True,
ETON,2026-08-05 00:00:00,https://www.sec.gov/Archives/edgar/data/1710340/000143774926025781/0001437749-26-025781-index.htm,EX-99.1,EXHIBIT 99.1 PRESS RELEASE RELATING TO ASN-001,https://www.sec.gov/Archives/edgar/data/1710340/000143774926025781/ex_997306.htm,False,
GPN,2026-08-05 00:00:00,https://www.sec.gov/Archives/edgar/data/1123360/000112336026000082/0001123360-26-000082-index.htm,8-K,8-K,https://www.sec.gov/Archives/edgar/data/1123360/000112336026000082/gpn-20260805.htm,False,
GPN,2026-08-05 00:00:00,https://www.sec.gov/Archives/edgar/data/1123360/000112336026000082/0001123360-26-000082-index.htm,EX-99.1,EX-99.1,https://www.sec.gov/Archives/edgar/data/1123360/000112336026000082/exhibit99120260630.htm,False,
FLUT,2026-08-05 00:00:00,https://www.sec.gov/Archives/edgar/data/1635327/000119312526333800/0001193125-26-333800-index.htm,8-K,8-K,https://www.sec.gov/Archives/edgar/data/1635327/000119312526333800/d127369d8k.htm,False,
FLUT,2026-08-05 00:00:00,https://www.sec.gov/Archives/edgar/data/1635327/000119312526333800/0001193125-26-333800-index.htm,EX-99.1,EX-99.1,https://www.sec.gov/Archives/edgar/data/1635327/000119312526333800/d127369dex991.htm,True,
CMC,2026-08-05 00:00:00,https://www.sec.gov/Archives/edgar/data/22444/000119312526333797/0001193125-26-333797-index.htm,8-K,8-K,https://www.sec.gov/Archives/edgar/data/22444/000119312526333797/d95091d8k.htm,False,
CMC,2026-08-05 00:00:00,https://www.sec.gov/Archives/edgar/data/22444/000119312526333797/0001193125-26-333797-index.htm,EX-99.1,EX-99.1,https://www.sec.gov/Archives/edgar/data/22444/000119312526333797/d95091dex991.htm,False,
UBER,2026-08-05 00:00:00,https://www.sec.gov/Archives/edgar/data/1543151/000154315126000027/0001543151-26-000027-index.htm,8-K,8-K,https://www.sec.gov/Archives/edgar/data/1543151/000154315126000027/uber-20260805.htm,False,
UBER,2026-08-05 00:00:00,https://www.sec.gov/Archives/edgar/data/1543151/000154315126000027/0001543151-26-000027-index.htm,EX-99.1,EXHIBIT 99.1,https://www.sec.gov/Archives/edgar/data/1543151/000154315126000027/uberq226earningspressrelea.htm,True,
FLUT,2026-08-05 00:00:00,https://www.sec.gov/Archives/edgar/data/1635327/000119312526333794/0001193125-26-333794-index.htm,8-K,8-K,https://www.sec.gov/Archives/edgar/data/1635327/000119312526333794/d167128d8k.htm,False,
FLUT,2026-08-05 00:00:00,https://www.sec.gov/Archives/edgar/data/1635327/000119312526333794/0001193125-26-333794-index.htm,EX-99.1,EX-99.1,https://www.sec.gov/Archives/edgar/data/1635327/000119312526333794/d167128dex991.htm,False,
TH,2026-08-05 00:00:00,https://www.sec.gov/Archives/edgar/data/1712189/000110465926090700/0001104659-26-090700-index.htm,8-K,FORM 8-K,https://www.sec.gov/Archives/edgar/data/1712189/000110465926090700/tm2621747d1_8k.htm,False,
TH,2026-08-05 00:00:00,https://www.sec.gov/Archives/edgar/data/1712189/000110465926090700/0001104659-26-090700-index.htm,EX-99.1,EXHIBIT 99.1,https://www.sec.gov/Archives/edgar/data/1712189/000110465926090700/tm2621747d1_ex99-1.htm,False,
THWWW,2026-08-05 00:00:00,https://www.sec.gov/Archives/edgar/data/1712189/000110465926090700/0001104659-26-090700-index.htm,8-K,FORM 8-K,https://www.sec.gov/Archives/edgar/data/1712189/000110465926090700/tm2621747d1_8k.htm,False,
THWWW,2026-08-05 00:00:00,https://www.sec.gov/Archives/edgar/data/1712189/000110465926090700/0001104659-26-090700-index.htm,EX-99.1,EXHIBIT 99.1,https://www.sec.gov/Archives/edgar/data/1712189/000110465926090700/tm2621747d1_ex99-1.htm,False,
EOSE,2026-08-05 00:00:00,https://www.sec.gov/Archives/edgar/data/1805077/000162828026052903/0001628280-26-052903-index.htm,8-K,8-K,https://www.sec.gov/Archives/edgar/data/1805077/000162828026052903/eose-20260805.htm,False,
EOSE,2026-08-05 00:00:00,https://www.sec.gov/Archives/edgar/data/1805077/000162828026052903/0001628280-26-052903-index.htm,EX-99.1,EX-99.1,https://www.sec.gov/Archives/edgar/data/1805077/000162828026052903/eoseq2fy26earningsreleas.htm,True,
EOSEW,2026-08-05 00:00:00,https://www.sec.gov/Archives/edgar/data/1805077/000162828026052903/0001628280-26-052903-index.htm,8-K,8-K,https://www.sec.gov/Archives/edgar/data/1805077/000162828026052903/eose-20260805.htm,False,
EOSEW,2026-08-05 00:00:00,https://www.sec.gov/Archives/edgar/data/1805077/000162828026052903/0001628280-26-052903-index.htm,EX-99.1,EX-99.1,https://www.sec.gov/Archives/edgar/data/1805077/000162828026052903/eoseq2fy26earningsreleas.htm,True,
ADNT,2026-08-05 00:00:00,https://www.sec.gov/Archives/edgar/data/1670541/000167054126000090/0001670541-26-000090-index.htm,8-K,8-K,https://www.sec.gov/Archives/edgar/data/1670541/000167054126000090/adnt-20260805.htm,False,
ADNT,2026-08-05 00:00:00,https://www.sec.gov/Archives/edgar/data/1670541/000167054126000090/0001670541-26-000090-index.htm,EX-99.1,EX-99.1,https://www.sec.gov/Archives/edgar/data/1670541/000167054126000090/a08052026adientexhibit991.htm,False,
KTB,2026-08-05 00:00:00,https://www.sec.gov/Archives/edgar/data/1760965/000176096526000051/0001760965-26-000051-index.htm,8-K,8-K,https://www.sec.gov/Archives/edgar/data/1760965/000176096526000051/ktb-20260805.htm,False,
KTB,2026-08-05 00:00:00,https://www.sec.gov/Archives/edgar/data/1760965/000176096526000051/0001760965-26-000051-index.htm,EX-99.1,EX-99.1,https://www.sec.gov/Archives/edgar/data/1760965/000176096526000051/a2026q2ktberex991discopsfi.htm,True,
CPRI,2026-08-05 00:00:00,https://www.sec.gov/Archives/edgar/data/1530721/000153072126000078/0001530721-26-000078-index.htm,8-K,8-K,https://www.sec.gov/Archives/edgar/data/1530721/000153072126000078/cpri-20260805.htm,False,
CPRI,2026-08-05 00:00:00,https://www.sec.gov/Archives/edgar/data/1530721/000153072126000078/0001530721-26-000078-index.htm,EX-99.1,EX-99.1,https://www.sec.gov/Archives/edgar/data/1530721/000153072126000078/cpri8-k6272026exhibit991.htm,False,
MTRN,2026-08-05 00:00:00,https://www.sec.gov/Archives/edgar/data/1104657/000110465726000042/0001104657-26-000042-index.htm,8-K,8-K,https://www.sec.gov/Archives/edgar/data/1104657/000110465726000042/mtrn-20260805.htm,False,
MTRN,2026-08-05 00:00:00,https://www.sec.gov/Archives/edgar/data/1104657/000110465726000042/0001104657-26-000042-index.htm,EX-99.1,EX-99.1,https://www.sec.gov/Archives/edgar/data/1104657/000110465726000042/q22026pressrelease.htm,True,
IRM,2026-08-05 00:00:00,https://www.sec.gov/Archives/edgar/data/1020569/000102056926000068/0001020569-26-000068-index.htm,8-K,8-K,https://www.sec.gov/Archives/edgar/data/1020569/000102056926000068/irm-20260805.htm,False,
IRM,2026-08-05 00:00:00,https://www.sec.gov/Archives/edgar/data/1020569/000102056926000068/0001020569-26-000068-index.htm,EX-99.1,EX-99.1,https://www.sec.gov/Archives/edgar/data/1020569/000102056926000068/final-q22026earningspres.htm,False,
CIM-PD,2026-08-05 00:00:00,https://www.sec.gov/Archives/edgar/data/1409493/000120677426000414/0001206774-26-000414-index.htm,8-K,CURRENT REPORT,https://www.sec.gov/Archives/edgar/data/1409493/000120677426000414/cim4671931-8k.htm,False,
CIM-PD,2026-08-05 00:00:00,https://www.sec.gov/Archives/edgar/data/1409493/000120677426000414/0001206774-26-000414-index.htm,EX-99.1,"PRESS RELEASE, DATED AUGUST 5, 2026, ISSUED BY CHIMERA INVESTMENT CORPORATION",https://www.sec.gov/Archives/edgar/data/1409493/000120677426000414/cim4671931-ex991.htm,False,
CIM,2026-08-05 00:00:00,https://www.sec.gov/Archives/edgar/data/1409493/000120677426000414/0001206774-26-000414-index.htm,8-K,CURRENT REPORT,https://www.sec.gov/Archives/edgar/data/1409493/000120677426000414/cim4671931-8k.htm,False,
CIM,2026-08-05 00:00:00,https://www.sec.gov/Archives/edgar/data/1409493/000120677426000414/0001206774-26-000414-index.htm,EX-99.1,"PRESS RELEASE, DATED AUGUST 5, 2026, ISSUED BY CHIMERA INVESTMENT CORPORATION",https://www.sec.gov/Archives/edgar/data/1409493/000120677426000414/cim4671931-ex991.htm,False,
CIM-PA,2026-08-05 00:00:00,https://www.sec.gov/Archives/edgar/data/1409493/000120677426000414/0001206774-26-000414-index.htm,8-K,CURRENT REPORT,https://www.sec.gov/Archives/edgar/data/1409493/000120677426000414/cim4671931-8k.htm,False,
CIM-PA,2026-08-05 00:00:00,https://www.sec.gov/Archives/edgar/data/1409493/000120677426000414/0001206774-26-000414-index.htm,EX-99.1,"PRESS RELEASE, DATED AUGUST 5, 2026, ISSUED BY CHIMERA INVESTMENT CORPORATION",https://www.sec.gov/Archives/edgar/data/1409493/000120677426000414/cim4671931-ex991.htm,False,
CIM-PB,2026-08-05 00:00:00,https://www.sec.gov/Archives/edgar/data/1409493/000120677426000414/0001206774-26-000414-index.htm,8-K,CURRENT REPORT,https://www.sec.gov/Archives/edgar/data/1409493/000120677426000414/cim4671931-8k.htm,False,
CIM-PB,2026-08-05 00:00:00,https://www.sec.gov/Archives/edgar/data/1409493/000120677426000414/0001206774-26-000414-index.htm,EX-99.1,"PRESS RELEASE, DATED AUGUST 5, 2026, ISSUED BY CHIMERA INVESTMENT CORPORATION",https://www.sec.gov/Archives/edgar/data/1409493/000120677426000414/cim4671931-ex991.htm,False,
CIM-PC,2026-08-05 00:00:00,https://www.sec.gov/Archives/edgar/data/1409493/000120677426000414/0001206774-26-000414-index.htm,8-K,CURRENT REPORT,https://www.sec.gov/Archives/edgar/data/1409493/000120677426000414/cim4671931-8k.htm,False,
CIM-PC,2026-08-05 00:00:00,https://www.sec.gov/Archives/edgar/data/1409493/000120677426000414/0001206774-26-000414-index.htm,EX-99.1,"PRESS RELEASE, DATED AUGUST 5, 2026, ISSUED BY CHIMERA INVESTMENT CORPORATION",https://www.sec.gov/Archives/edgar/data/1409493/000120677426000414/cim4671931-ex991.htm,False,
CIM-PD,2026-08-05 00:00:00,https://www.sec.gov/Archives/edgar/data/1409493/000140949326000046/0001409493-26-000046-index.htm,8-K,8-K,https://www.sec.gov/Archives/edgar/data/1409493/000140949326000046/cim-20260805.htm,False,
CIM-PD,2026-08-05 00:00:00,https://www.sec.gov/Archives/edgar/data/1409493/000140949326000046/0001409493-26-000046-index.htm,EX-99.1,EX-99.1,https://www.sec.gov/Archives/edgar/data/1409493/000140949326000046/pressrelease-q22026.htm,False,
CIM-PA,2026-08-05 00:00:00,https://www.sec.gov/Archives/edgar/data/1409493/000140949326000046/0001409493-26-000046-index.htm,8-K,8-K,https://www.sec.gov/Archives/edgar/data/1409493/000140949326000046/cim-20260805.htm,False,
CIM-PA,2026-08-05 00:00:00,https://www.sec.gov/Archives/edgar/data/1409493/000140949326000046/0001409493-26-000046-index.htm,EX-99.1,EX-99.1,https://www.sec.gov/Archives/edgar/data/1409493/000140949326000046/pressrelease-q22026.htm,False,
CIM-PB,2026-08-05 00:00:00,https://www.sec.gov/Archives/edgar/data/1409493/000140949326000046/0001409493-26-000046-index.htm,8-K,8-K,https://www.sec.gov/Archives/edgar/data/1409493/000140949326000046/cim-20260805.htm,False,
CIM-PB,2026-08-05 00:00:00,https://www.sec.gov/Archives/edgar/data/1409493/000140949326000046/0001409493-26-000046-index.htm,EX-99.1,EX-99.1,https://www.sec.gov/Archives/edgar/data/1409493/000140949326000046/pressrelease-q22026.htm,False,
CIM-PC,2026-08-05 00:00:00,https://www.sec.gov/Archives/edgar/data/1409493/000140949326000046/0001409493-26-000046-index.htm,8-K,8-K,https://www.sec.gov/Archives/edgar/data/1409493/000140949326000046/cim-20260805.htm,False,
CIM-PC,2026-08-05 00:00:00,https://www.sec.gov/Archives/edgar/data/1409493/000140949326000046/0001409493-26-000046-index.htm,EX-99.1,EX-99.1,https://www.sec.gov/Archives/edgar/data/1409493/000140949326000046/pressrelease-q22026.htm,False,
CIM,2026-08-05 00:00:00,https://www.sec.gov/Archives/edgar/data/1409493/000140949326000046/0001409493-26-000046-index.htm,8-K,8-K,https://www.sec.gov/Archives/edgar/data/1409493/000140949326000046/cim-20260805.htm,False,
CIM,2026-08-05 00:00:00,https://www.sec.gov/Archives/edgar/data/1409493/000140949326000046/0001409493-26-000046-index.htm,EX-99.1,EX-99.1,https://www.sec.gov/Archives/edgar/data/1409493/000140949326000046/pressrelease-q22026.htm,False,
ABC,2026-08-05 00:00:00,https://www.sec.gov/Archives/edgar/data/1140859/000110465926090691/0001104659-26-090691-index.htm,8-K,FORM 8-K,https://www.sec.gov/Archives/edgar/data/1140859/000110465926090691/tm2621845d1_8k.htm,True,
ABC,2026-08-05 00:00:00,https://www.sec.gov/Archives/edgar/data/1140859/000110465926090691/0001104659-26-090691-index.htm,EX-10.1,EXHIBIT 10.1,https://www.sec.gov/Archives/edgar/data/1140859/000110465926090691/tm2621845d1_ex10-1.htm,True,
ABC,2026-08-05 00:00:00,https://www.sec.gov/Archives/edgar/data/1140859/000110465926090691/0001104659-26-090691-index.htm,EX-10.2,EXHIBIT 10.2,https://www.sec.gov/Archives/edgar/data/1140859/000110465926090691/tm2621845d1_ex10-2.htm,True,
COR,2026-08-05 00:00:00,https://www.sec.gov/Archives/edgar/data/1140859/000110465926090691/0001104659-26-090691-index.htm,8-K,FORM 8-K,https://www.sec.gov/Archives/edgar/data/1140859/000110465926090691/tm2621845d1_8k.htm,True,
COR,2026-08-05 00:00:00,https://www.sec.gov/Archives/edgar/data/1140859/000110465926090691/0001104659-26-090691-index.htm,EX-10.1,EXHIBIT 10.1,https://www.sec.gov/Archives/edgar/data/1140859/000110465926090691/tm2621845d1_ex10-1.htm,True,
COR,2026-08-05 00:00:00,https://www.sec.gov/Archives/edgar/data/1140859/000110465926090691/0001104659-26-090691-index.htm,EX-10.2,EXHIBIT 10.2,https://www.sec.gov/Archives/edgar/data/1140859/000110465926090691/tm2621845d1_ex10-2.htm,True,
KMT,2026-08-05 00:00:00,https://www.sec.gov/Archives/edgar/data/55242/000162828026052896/0001628280-26-052896-index.htm,8-K,8-K,https://www.sec.gov/Archives/edgar/data/55242/000162828026052896/kmt-20260805.htm,False,
KMT,2026-08-05 00:00:00,https://www.sec.gov/Archives/edgar/data/55242/000162828026052896/0001628280-26-052896-index.htm,EX-99.1,EX-99.1,https://www.sec.gov/Archives/edgar/data/55242/000162828026052896/kmt6302026exhibit991.htm,False,
FTCI,2026-08-05 00:00:00,https://www.sec.gov/Archives/edgar/data/1828161/000119312526333770/0001193125-26-333770-index.htm,8-K,8-K,https://www.sec.gov/Archives/edgar/data/1828161/000119312526333770/ftci-20260804.htm,True,
FTCI,2026-08-05 00:00:00,https://www.sec.gov/Archives/edgar/data/1828161/000119312526333770/0001193125-26-333770-index.htm,EX-10.1,EX-10.1,https://www.sec.gov/Archives/edgar/data/1828161/000119312526333770/ftci-ex10_1.htm,False,
FTCI,2026-08-05 00:00:00,https://www.sec.gov/Archives/edgar/data/1828161/000119312526333770/0001193125-26-333770-index.htm,EX-10.2,EX-10.2,https://www.sec.gov/Archives/edgar/data/1828161/000119312526333770/ftci-ex10_2.htm,False,
FTCI,2026-08-05 00:00:00,https://www.sec.gov/Archives/edgar/data/1828161/000119312526333770/0001193125-26-333770-index.htm,EX-99.1,EX-99.1,https://www.sec.gov/Archives/edgar/data/1828161/000119312526333770/ftci-ex99_1.htm,False,
CAH,2026-08-05 00:00:00,https://www.sec.gov/Archives/edgar/data/721371/000072137126000026/0000721371-26-000026-index.htm,8-K,8-K,https://www.sec.gov/Archives/edgar/data/721371/000072137126000026/cah-20260804.htm,False,
PRGO,2026-08-05 00:00:00,https://www.sec.gov/Archives/edgar/data/1585364/000158536426000143/0001585364-26-000143-index.htm,8-K,8-K,https://www.sec.gov/Archives/edgar/data/1585364/000158536426000143/prgo-20260805.htm,False,
PRGO,2026-08-05 00:00:00,https://www.sec.gov/Archives/edgar/data/1585364/000158536426000143/0001585364-26-000143-index.htm,EX-99.1,EX-99.1,https://www.sec.gov/Archives/edgar/data/1585364/000158536426000143/cy26q2ex991pressrelease.htm,True,
NIMC,2026-08-05 00:00:00,https://www.sec.gov/Archives/edgar/data/1111711/000111171126000087/0001111711-26-000087-index.htm,8-K,8-K,https://www.sec.gov/Archives/edgar/data/1111711/000111171126000087/nix-20260805.htm,False,
NIMC,2026-08-05 00:00:00,https://www.sec.gov/Archives/edgar/data/1111711/000111171126000087/0001111711-26-000087-index.htm,EX-99.1,EX-99.1,https://www.sec.gov/Archives/edgar/data/1111711/000111171126000087/ni-ex991_20260630.htm,False,
NI-PB,2026-08-05 00:00:00,https://www.sec.gov/Archives/edgar/data/1111711/000111171126000087/0001111711-26-000087-index.htm,8-K,8-K,https://www.sec.gov/Archives/edgar/data/1111711/000111171126000087/nix-20260805.htm,False,
NI-PB,2026-08-05 00:00:00,https://www.sec.gov/Archives/edgar/data/1111711/000111171126000087/0001111711-26-000087-index.htm,EX-99.1,EX-99.1,https://www.sec.gov/Archives/edgar/data/1111711/000111171126000087/ni-ex991_20260630.htm,False,
NI,2026-08-05 00:00:00,https://www.sec.gov/Archives/edgar/data/1111711/000111171126000087/0001111711-26-000087-index.htm,8-K,8-K,https://www.sec.gov/Archives/edgar/data/1111711/000111171126000087/nix-20260805.htm,False,
NI,2026-08-05 00:00:00,https://www.sec.gov/Archives/edgar/data/1111711/000111171126000087/0001111711-26-000087-index.htm,EX-99.1,EX-99.1,https://www.sec.gov/Archives/edgar/data/1111711/000111171126000087/ni-ex991_20260630.htm,False,
DKL,2026-08-05 00:00:00,https://www.sec.gov/Archives/edgar/data/1552797/000162828026052893/0001628280-26-052893-index.htm,8-K,8-K,https://www.sec.gov/Archives/edgar/data/1552797/000162828026052893/dkl-20260805.htm,False,
DKL,2026-08-05 00:00:00,https://www.sec.gov/Archives/edgar/data/1552797/000162828026052893/0001628280-26-052893-index.htm,EX-99.1,EX-99.1,https://www.sec.gov/Archives/edgar/data/1552797/000162828026052893/dkl-ex991xearningsreleasex.htm,True,
DK,2026-08-05 00:00:00,https://www.sec.gov/Archives/edgar/data/1694426/000162828026052892/0001628280-26-052892-index.htm,8-K,8-K,https://www.sec.gov/Archives/edgar/data/1694426/000162828026052892/dk-20260805.htm,False,
DK,2026-08-05 00:00:00,https://www.sec.gov/Archives/edgar/data/1694426/000162828026052892/0001628280-26-052892-index.htm,EX-99.1,EX-99.1,https://www.sec.gov/Archives/edgar/data/1694426/000162828026052892/dk-ex991earningsreleasex06.htm,True,
FRPT,2026-08-05 00:00:00,https://www.sec.gov/Archives/edgar/data/1611647/000161164726000016/0001611647-26-000016-index.htm,8-K,8-K,https://www.sec.gov/Archives/edgar/data/1611647/000161164726000016/frpt-20260805.htm,False,
FRPT,2026-08-05 00:00:00,https://www.sec.gov/Archives/edgar/data/1611647/000161164726000016/0001611647-26-000016-index.htm,EX-99.1,EX-99.1,https://www.sec.gov/Archives/edgar/data/1611647/000161164726000016/frpt-exx991x20260805.htm,False,
UTHR,2026-08-05 00:00:00,https://www.sec.gov/Archives/edgar/data/1082554/000108255426000028/0001082554-26-000028-index.htm,8-K,8-K,https://www.sec.gov/Archives/edgar/data/1082554/000108255426000028/uthr-20260805.htm,False,
UTHR,2026-08-05 00:00:00,https://www.sec.gov/Archives/edgar/data/1082554/000108255426000028/0001082554-26-000028-index.htm,EX-99.1,EX-99.1,https://www.sec.gov/Archives/edgar/data/1082554/000108255426000028/uthrq22026-ex991.htm,False,
COR,2026-08-05 00:00:00,https://www.sec.gov/Archives/edgar/data/1140859/000114085926000032/0001140859-26-000032-index.htm,8-K,8-K,https://www.sec.gov/Archives/edgar/data/1140859/000114085926000032/abc-20260805.htm,False,
COR,2026-08-05 00:00:00,https://www.sec.gov/Archives/edgar/data/1140859/000114085926000032/0001140859-26-000032-index.htm,EX-99.1,EX-99.1,https://www.sec.gov/Archives/edgar/data/1140859/000114085926000032/exhibit991-q32026.htm,True,
ABC,2026-08-05 00:00:00,https://www.sec.gov/Archives/edgar/data/1140859/000114085926000032/0001140859-26-000032-index.htm,8-K,8-K,https://www.sec.gov/Archives/edgar/data/1140859/000114085926000032/abc-20260805.htm,False,
ABC,2026-08-05 00:00:00,https://www.sec.gov/Archives/edgar/data/1140859/000114085926000032/0001140859-26-000032-index.htm,EX-99.1,EX-99.1,https://www.sec.gov/Archives/edgar/data/1140859/000114085926000032/exhibit991-q32026.htm,True,
DT,2026-08-05 00:00:00,https://www.sec.gov/Archives/edgar/data/1773383/000177338326000049/0001773383-26-000049-index.htm,8-K,8-K,https://www.sec.gov/Archives/edgar/data/1773383/000177338326000049/dt-20260731.htm,False,
DT,2026-08-05 00:00:00,https://www.sec.gov/Archives/edgar/data/1773383/000177338326000049/0001773383-26-000049-index.htm,EX-99.1,EX-99.1,https://www.sec.gov/Archives/edgar/data/1773383/000177338326000049/q1fy27-earningsreleaseex99.htm,False,
CVS,2026-08-05 00:00:00,https://www.sec.gov/Archives/edgar/data/64803/000006480326000097/0000064803-26-000097-index.htm,8-K,8-K,https://www.sec.gov/Archives/edgar/data/64803/000006480326000097/cvs-20260805.htm,False,
CVS,2026-08-05 00:00:00,https://www.sec.gov/Archives/edgar/data/64803/000006480326000097/0000064803-26-000097-index.htm,EX-99.1,EX-99.1,https://www.sec.gov/Archives/edgar/data/64803/000006480326000097/cvs_ex99x1q2-26.htm,False,
BLMN,2026-08-05 00:00:00,https://www.sec.gov/Archives/edgar/data/1546417/000154641726000030/0001546417-26-000030-index.htm,8-K,FORM 8-K,https://www.sec.gov/Archives/edgar/data/1546417/000154641726000030/blmn-20260805.htm,False,
BLMN,2026-08-05 00:00:00,https://www.sec.gov/Archives/edgar/data/1546417/000154641726000030/0001546417-26-000030-index.htm,EX-99.1,EX-99.1 - EARNINGS PRESS RELEASE Q2 2026,https://www.sec.gov/Archives/edgar/data/1546417/000154641726000030/ex991-earningsq226pressrel.htm,False,
NCRRP,2026-08-05 00:00:00,https://www.sec.gov/Archives/edgar/data/70866/000007086626000029/0000070866-26-000029-index.htm,8-K,8-K,https://www.sec.gov/Archives/edgar/data/70866/000007086626000029/ncr-20260805.htm,False,
NCRRP,2026-08-05 00:00:00,https://www.sec.gov/Archives/edgar/data/70866/000007086626000029/0000070866-26-000029-index.htm,EX-99.1,EX-99.1,https://www.sec.gov/Archives/edgar/data/70866/000007086626000029/exhibit991-q22026earningsr.htm,False,
VYX,2026-08-05 00:00:00,https://www.sec.gov/Archives/edgar/data/70866/000007086626000029/0000070866-26-000029-index.htm,8-K,8-K,https://www.sec.gov/Archives/edgar/data/70866/000007086626000029/ncr-20260805.htm,False,
VYX,2026-08-05 00:00:00,https://www.sec.gov/Archives/edgar/data/70866/000007086626000029/0000070866-26-000029-index.htm,EX-99.1,EX-99.1,https://www.sec.gov/Archives/edgar/data/70866/000007086626000029/exhibit991-q22026earningsr.htm,False,
NCR,2026-08-05 00:00:00,https://www.sec.gov/Archives/edgar/data/70866/000007086626000029/0000070866-26-000029-index.htm,8-K,8-K,https://www.sec.gov/Archives/edgar/data/70866/000007086626000029/ncr-20260805.htm,False,
NCR,2026-08-05 00:00:00,https://www.sec.gov/Archives/edgar/data/70866/000007086626000029/0000070866-26-000029-index.htm,EX-99.1,EX-99.1,https://www.sec.gov/Archives/edgar/data/70866/000007086626000029/exhibit991-q22026earningsr.htm,False,
RXRX,2026-08-05 00:00:00,https://www.sec.gov/Archives/edgar/data/1601830/000160183026000097/0001601830-26-000097-index.htm,8-K,8-K,https://www.sec.gov/Archives/edgar/data/1601830/000160183026000097/rxrx-20260805.htm,False,
RXRX,2026-08-05 00:00:00,https://www.sec.gov/Archives/edgar/data/1601830/000160183026000097/0001601830-26-000097-index.htm,EX-99.1,EX-99.1,https://www.sec.gov/Archives/edgar/data/1601830/000160183026000097/exhibit991-q0226.htm,False,
CMPS,2026-08-05 00:00:00,https://www.sec.gov/Archives/edgar/data/1816590/000181659026000059/0001816590-26-000059-index.htm,8-K,8-K,https://www.sec.gov/Archives/edgar/data/1816590/000181659026000059/cmps-20260805.htm,False,
CMPS,2026-08-05 00:00:00,https://www.sec.gov/Archives/edgar/data/1816590/000181659026000059/0001816590-26-000059-index.htm,EX-99.1,EX-99.1,https://www.sec.gov/Archives/edgar/data/1816590/000181659026000059/q22026pressrelease.htm,False,
UTZ,2026-08-05 00:00:00,https://www.sec.gov/Archives/edgar/data/1739566/000162828026052888/0001628280-26-052888-index.htm,8-K,8-K,https://www.sec.gov/Archives/edgar/data/1739566/000162828026052888/utz-20260805.htm,False,
UTZ,2026-08-05 00:00:00,https://www.sec.gov/Archives/edgar/data/1739566/000162828026052888/0001628280-26-052888-index.htm,EX-99.1,EX-99.1,https://www.sec.gov/Archives/edgar/data/1739566/000162828026052888/pressrelease-2026q2earning.htm,True,
DIS,2026-08-05 00:00:00,https://www.sec.gov/Archives/edgar/data/1744489/000174448926000056/0001744489-26-000056-index.htm,8-K,FORM 8-K,https://www.sec.gov/Archives/edgar/data/1744489/000174448926000056/dis-20260805.htm,False,
DIS,2026-08-05 00:00:00,https://www.sec.gov/Archives/edgar/data/1744489/000174448926000056/0001744489-26-000056-index.htm,EX-99.1,EARNINGS RELEASE,https://www.sec.gov/Archives/edgar/data/1744489/000174448926000056/fy2026_q3xerxex991.htm,False,
NATL,2026-08-05 00:00:00,https://www.sec.gov/Archives/edgar/data/1974138/000197413826000014/0001974138-26-000014-index.htm,8-K,8-K,https://www.sec.gov/Archives/edgar/data/1974138/000197413826000014/natl-20260805.htm,False,
NATL,2026-08-05 00:00:00,https://www.sec.gov/Archives/edgar/data/1974138/000197413826000014/0001974138-26-000014-index.htm,EX-99.1,EX-99.1,https://www.sec.gov/Archives/edgar/data/1974138/000197413826000014/ex-991ncratleosearningsrel.htm,False,
PX,2026-08-05 00:00:00,https://www.sec.gov/Archives/edgar/data/1841968/000119312526333763/0001193125-26-333763-index.htm,8-K,8-K,https://www.sec.gov/Archives/edgar/data/1841968/000119312526333763/rpc-20260805.htm,False,
PX,2026-08-05 00:00:00,https://www.sec.gov/Archives/edgar/data/1841968/000119312526333763/0001193125-26-333763-index.htm,EX-99.1,EX-99.1,https://www.sec.gov/Archives/edgar/data/1841968/000119312526333763/rpc-ex99_1.htm,False,
VPG,2026-08-05 00:00:00,https://www.sec.gov/Archives/edgar/data/1487952/000143774926025779/0001437749-26-025779-index.htm,8-K,FORM 8-K,https://www.sec.gov/Archives/edgar/data/1487952/000143774926025779/vpg20260513_8k.htm,False,
VPG,2026-08-05 00:00:00,https://www.sec.gov/Archives/edgar/data/1487952/000143774926025779/0001437749-26-025779-index.htm,EX-99.1,EXHIBIT 99.1,https://www.sec.gov/Archives/edgar/data/1487952/000143774926025779/ex_962771.htm,False,
ZBH,2026-08-05 00:00:00,https://www.sec.gov/Archives/edgar/data/1136869/000119312526333761/0001193125-26-333761-index.htm,8-K,8-K,https://www.sec.gov/Archives/edgar/data/1136869/000119312526333761/zbh-20260805.htm,False,
ZBH,2026-08-05 00:00:00,https://www.sec.gov/Archives/edgar/data/1136869/000119312526333761/0001193125-26-333761-index.htm,EX-99.1,EX-99.1,https://www.sec.gov/Archives/edgar/data/1136869/000119312526333761/zbh-ex99_1.htm,False,
ELAT,2026-08-05 00:00:00,https://www.sec.gov/Archives/edgar/data/1739104/000173910426000040/0001739104-26-000040-index.htm,8-K,"8-K DATED AUGUST 5, 2026",https://www.sec.gov/Archives/edgar/data/1739104/000173910426000040/elan-20260805.htm,False,
ELAT,2026-08-05 00:00:00,https://www.sec.gov/Archives/edgar/data/1739104/000173910426000040/0001739104-26-000040-index.htm,EX-99.1,"EXHIBIT 99.1 - PRESS RELEASE DATED AUGUST 5, 2026",https://www.sec.gov/Archives/edgar/data/1739104/000173910426000040/elanco-20260630exhibit991.htm,False,
ELAN,2026-08-05 00:00:00,https://www.sec.gov/Archives/edgar/data/1739104/000173910426000040/0001739104-26-000040-index.htm,8-K,"8-K DATED AUGUST 5, 2026",https://www.sec.gov/Archives/edgar/data/1739104/000173910426000040/elan-20260805.htm,False,
ELAN,2026-08-05 00:00:00,https://www.sec.gov/Archives/edgar/data/1739104/000173910426000040/0001739104-26-000040-index.htm,EX-99.1,"EXHIBIT 99.1 - PRESS RELEASE DATED AUGUST 5, 2026",https://www.sec.gov/Archives/edgar/data/1739104/000173910426000040/elanco-20260630exhibit991.htm,False,
SOV,2026-08-05 00:00:00,https://www.sec.gov/Archives/edgar/data/811830/000095010326011922/0000950103-26-011922-index.htm,8-K,FORM 8-K,https://www.sec.gov/Archives/edgar/data/811830/000095010326011922/dp250449_8k.htm,False,
SOV,2026-08-05 00:00:00,https://www.sec.gov/Archives/edgar/data/811830/000095010326011922/0000950103-26-011922-index.htm,EX-99.1,EXHIBIT 99.1,https://www.sec.gov/Archives/edgar/data/811830/000095010326011922/dp250449_ex9901.htm,False,
CRCL,2026-08-05 00:00:00,https://www.sec.gov/Archives/edgar/data/1876042/000187604226000246/0001876042-26-000246-index.htm,8-K,8-K,https://www.sec.gov/Archives/edgar/data/1876042/000187604226000246/crcl-20260805.htm,False,
CRCL,2026-08-05 00:00:00,https://www.sec.gov/Archives/edgar/data/1876042/000187604226000246/0001876042-26-000246-index.htm,EX-99.1,EX-99.1,https://www.sec.gov/Archives/edgar/data/1876042/000187604226000246/augustepr-circle_q22026f.htm,False,
EPC,2026-08-05 00:00:00,https://www.sec.gov/Archives/edgar/data/1096752/000162828026052881/0001628280-26-052881-index.htm,8-K,8-K,https://www.sec.gov/Archives/edgar/data/1096752/000162828026052881/epc-20260805.htm,False,
EPC,2026-08-05 00:00:00,https://www.sec.gov/Archives/edgar/data/1096752/000162828026052881/0001628280-26-052881-index.htm,EX-99.1,EX-99.1,https://www.sec.gov/Archives/edgar/data/1096752/000162828026052881/q3fy26-epcexhibit991.htm,True,
OCSL,2026-08-05 00:00:00,https://www.sec.gov/Archives/edgar/data/1414932/000119312526333737/0001193125-26-333737-index.htm,8-K,8-K,https://www.sec.gov/Archives/edgar/data/1414932/000119312526333737/d158058d8k.htm,False,
OCSL,2026-08-05 00:00:00,https://www.sec.gov/Archives/edgar/data/1414932/000119312526333737/0001193125-26-333737-index.htm,EX-99.1,EX-99.1,https://www.sec.gov/Archives/edgar/data/1414932/000119312526333737/d158058dex991.htm,True,
LIVN,2026-08-05 00:00:00,https://www.sec.gov/Archives/edgar/data/1639691/000163969126000085/0001639691-26-000085-index.htm,8-K,8-K,https://www.sec.gov/Archives/edgar/data/1639691/000163969126000085/livn-20260805.htm,False,
LIVN,2026-08-05 00:00:00,https://www.sec.gov/Archives/edgar/data/1639691/000163969126000085/0001639691-26-000085-index.htm,EX-99.1,EX-99.1,https://www.sec.gov/Archives/edgar/data/1639691/000163969126000085/a2q2026earningspressrelease.htm,True,
NLST,2026-08-05 00:00:00,https://www.sec.gov/Archives/edgar/data/1282631/000110465926090641/0001104659-26-090641-index.htm,8-K,FORM 8-K,https://www.sec.gov/Archives/edgar/data/1282631/000110465926090641/tm2622153d1_8k.htm,True,
NLST,2026-08-05 00:00:00,https://www.sec.gov/Archives/edgar/data/1282631/000110465926090641/0001104659-26-090641-index.htm,EX-99.1,EXHIBIT 99.1,https://www.sec.gov/Archives/edgar/data/1282631/000110465926090641/tm2622153d1_ex99-1.htm,False,
NVL,2026-08-05 00:00:00,https://www.sec.gov/Archives/edgar/data/1304280/000130428026000030/0001304280-26-000030-index.htm,8-K,8-K,https://www.sec.gov/Archives/edgar/data/1304280/000130428026000030/nvl-20260805.htm,False,
NVL,2026-08-05 00:00:00,https://www.sec.gov/Archives/edgar/data/1304280/000130428026000030/0001304280-26-000030-index.htm,EX-99.1,EX-99.1,https://www.sec.gov/Archives/edgar/data/1304280/000130428026000030/novelisq1fy27results.htm,False,
IOSP,2026-08-05 00:00:00,https://www.sec.gov/Archives/edgar/data/1054905/000119312526333724/0001193125-26-333724-index.htm,8-K,8-K,https://www.sec.gov/Archives/edgar/data/1054905/000119312526333724/iosp-20260804.htm,False,
IOSP,2026-08-05 00:00:00,https://www.sec.gov/Archives/edgar/data/1054905/000119312526333724/0001193125-26-333724-index.htm,EX-99.1,EX-99.1,https://www.sec.gov/Archives/edgar/data/1054905/000119312526333724/iosp-ex99_1.htm,False,
OC,2026-08-05 00:00:00,https://www.sec.gov/Archives/edgar/data/1370946/000137094626000175/0001370946-26-000175-index.htm,8-K,8-K,https://www.sec.gov/Archives/edgar/data/1370946/000137094626000175/oc-20260805.htm,False,
OC,2026-08-05 00:00:00,https://www.sec.gov/Archives/edgar/data/1370946/000137094626000175/0001370946-26-000175-index.htm,EX-99.1,EX-99.1,https://www.sec.gov/Archives/edgar/data/1370946/000137094626000175/q22026exh-991pressrelease.htm,False,
BEIGF,2026-08-05 00:00:00,https://www.sec.gov/Archives/edgar/data/1651308/000162828026052877/0001628280-26-052877-index.htm,8-K,8-K,https://www.sec.gov/Archives/edgar/data/1651308/000162828026052877/bgne-20260805.htm,False,
BEIGF,2026-08-05 00:00:00,https://www.sec.gov/Archives/edgar/data/1651308/000162828026052877/0001628280-26-052877-index.htm,EX-99.1,EX-99.1,https://www.sec.gov/Archives/edgar/data/1651308/000162828026052877/exhibit991-q22026earningsr.htm,False,
BGNE,2026-08-05 00:00:00,https://www.sec.gov/Archives/edgar/data/1651308/000162828026052877/0001628280-26-052877-index.htm,8-K,8-K,https://www.sec.gov/Archives/edgar/data/1651308/000162828026052877/bgne-20260805.htm,False,
BGNE,2026-08-05 00:00:00,https://www.sec.gov/Archives/edgar/data/1651308/000162828026052877/0001628280-26-052877-index.htm,EX-99.1,EX-99.1,https://www.sec.gov/Archives/edgar/data/1651308/000162828026052877/exhibit991-q22026earningsr.htm,False,
ONC,2026-08-05 00:00:00,https://www.sec.gov/Archives/edgar/data/1651308/000162828026052877/0001628280-26-052877-index.htm,8-K,8-K,https://www.sec.gov/Archives/edgar/data/1651308/000162828026052877/bgne-20260805.htm,False,
ONC,2026-08-05 00:00:00,https://www.sec.gov/Archives/edgar/data/1651308/000162828026052877/0001628280-26-052877-index.htm,EX-99.1,EX-99.1,https://www.sec.gov/Archives/edgar/data/1651308/000162828026052877/exhibit991-q22026earningsr.htm,False,
PRMB,2026-08-05 00:00:00,https://www.sec.gov/Archives/edgar/data/2042694/000127956926000742/0001279569-26-000742-index.htm,8-K,FORM 8-K,https://www.sec.gov/Archives/edgar/data/2042694/000127956926000742/primobrands8k.htm,False,
PRMB,2026-08-05 00:00:00,https://www.sec.gov/Archives/edgar/data/2042694/000127956926000742/0001279569-26-000742-index.htm,EX-99.1,"NEWS RELEASE DATED AUGUST 5, 2026",https://www.sec.gov/Archives/edgar/data/2042694/000127956926000742/ex991.htm,True,
AITXD,2026-08-05 00:00:00,https://www.sec.gov/Archives/edgar/data/1498148/000106299326004016/0001062993-26-004016-index.htm,8-K,FORM 8-K,https://www.sec.gov/Archives/edgar/data/1498148/000106299326004016/form8k.htm,False,
AITXD,2026-08-05 00:00:00,https://www.sec.gov/Archives/edgar/data/1498148/000106299326004016/0001062993-26-004016-index.htm,EX-99.1,EXHIBIT 99.1,https://www.sec.gov/Archives/edgar/data/1498148/000106299326004016/exhibit99-1.htm,False,
AITX,2026-08-05 00:00:00,https://www.sec.gov/Archives/edgar/data/1498148/000106299326004016/0001062993-26-004016-index.htm,8-K,FORM 8-K,https://www.sec.gov/Archives/edgar/data/1498148/000106299326004016/form8k.htm,False,
AITX,2026-08-05 00:00:00,https://www.sec.gov/Archives/edgar/data/1498148/000106299326004016/0001062993-26-004016-index.htm,EX-99.1,EXHIBIT 99.1,https://www.sec.gov/Archives/edgar/data/1498148/000106299326004016/exhibit99-1.htm,False,
TBLAW,2026-08-05 00:00:00,https://www.sec.gov/Archives/edgar/data/1840502/000114036126031336/0001140361-26-031336-index.htm,8-K,8-K,https://www.sec.gov/Archives/edgar/data/1840502/000114036126031336/ef20078191_8k.htm,False,
TBLAW,2026-08-05 00:00:00,https://www.sec.gov/Archives/edgar/data/1840502/000114036126031336/0001140361-26-031336-index.htm,EX-99.1,EXHIBIT 99.1,https://www.sec.gov/Archives/edgar/data/1840502/000114036126031336/ef20078191_ex99-1.htm,True,
TBLA,2026-08-05 00:00:00,https://www.sec.gov/Archives/edgar/data/1840502/000114036126031336/0001140361-26-031336-index.htm,8-K,8-K,https://www.sec.gov/Archives/edgar/data/1840502/000114036126031336/ef20078191_8k.htm,False,
TBLA,2026-08-05 00:00:00,https://www.sec.gov/Archives/edgar/data/1840502/000114036126031336/0001140361-26-031336-index.htm,EX-99.1,EXHIBIT 99.1,https://www.sec.gov/Archives/edgar/data/1840502/000114036126031336/ef20078191_ex99-1.htm,True,
PQG,2026-08-05 00:00:00,https://www.sec.gov/Archives/edgar/data/1708035/000170803526000087/0001708035-26-000087-index.htm,8-K,8-K,https://www.sec.gov/Archives/edgar/data/1708035/000170803526000087/ecvt-20260805.htm,False,
PQG,2026-08-05 00:00:00,https://www.sec.gov/Archives/edgar/data/1708035/000170803526000087/0001708035-26-000087-index.htm,EX-99.1,EX-99.1,https://www.sec.gov/Archives/edgar/data/1708035/000170803526000087/ex991-ecvt2q26earningsrele.htm,True,
ECVT,2026-08-05 00:00:00,https://www.sec.gov/Archives/edgar/data/1708035/000170803526000087/0001708035-26-000087-index.htm,8-K,8-K,https://www.sec.gov/Archives/edgar/data/1708035/000170803526000087/ecvt-20260805.htm,False,
ECVT,2026-08-05 00:00:00,https://www.sec.gov/Archives/edgar/data/1708035/000170803526000087/0001708035-26-000087-index.htm,EX-99.1,EX-99.1,https://www.sec.gov/Archives/edgar/data/1708035/000170803526000087/ex991-ecvt2q26earningsrele.htm,True,
YOU,2026-08-05 00:00:00,https://www.sec.gov/Archives/edgar/data/1856314/000185631426000039/0001856314-26-000039-index.htm,8-K,8-K,https://www.sec.gov/Archives/edgar/data/1856314/000185631426000039/you-20260805.htm,False,
YOU,2026-08-05 00:00:00,https://www.sec.gov/Archives/edgar/data/1856314/000185631426000039/0001856314-26-000039-index.htm,EX-99.1,EX-99.1,https://www.sec.gov/Archives/edgar/data/1856314/000185631426000039/clearq22026pressreleaseear.htm,True,
