symbol,filingDate,filing_detail_url,document_type,document_description,document_url,matched,error
LAB,2026-09-30 00:00:00,https://www.sec.gov/Archives/edgar/data/1162194/000114036126038110/0001140361-26-038110-index.htm,8-K,8-K,https://www.sec.gov/Archives/edgar/data/1162194/000114036126038110/ef20082995_8k.htm,True,
LAB,2026-09-30 00:00:00,https://www.sec.gov/Archives/edgar/data/1162194/000114036126038110/0001140361-26-038110-index.htm,EX-99.1,EXHIBIT 99.1,https://www.sec.gov/Archives/edgar/data/1162194/000114036126038110/ef20082995_ex99-1.htm,False,
FLDM,2026-09-30 00:00:00,https://www.sec.gov/Archives/edgar/data/1162194/000114036126038110/0001140361-26-038110-index.htm,8-K,8-K,https://www.sec.gov/Archives/edgar/data/1162194/000114036126038110/ef20082995_8k.htm,True,
FLDM,2026-09-30 00:00:00,https://www.sec.gov/Archives/edgar/data/1162194/000114036126038110/0001140361-26-038110-index.htm,EX-99.1,EXHIBIT 99.1,https://www.sec.gov/Archives/edgar/data/1162194/000114036126038110/ef20082995_ex99-1.htm,False,
LQDA,2026-09-30 00:00:00,https://www.sec.gov/Archives/edgar/data/1819576/000110465926112420/0001104659-26-112420-index.htm,8-K,FORM 8-K,https://www.sec.gov/Archives/edgar/data/1819576/000110465926112420/tm2626740d1_8k.htm,False,
LQDA,2026-09-30 00:00:00,https://www.sec.gov/Archives/edgar/data/1819576/000110465926112420/0001104659-26-112420-index.htm,EX-99.1,EXHIBIT 99.1,https://www.sec.gov/Archives/edgar/data/1819576/000110465926112420/tm2626740d1_ex99-1.htm,False,
None,2026-09-30 00:00:00,https://www.sec.gov/Archives/edgar/data/2033695/000119312526409269/0001193125-26-409269-index.htm,8-K,8-K,https://www.sec.gov/Archives/edgar/data/2033695/000119312526409269/ck0002033695-20260930.htm,False,
STEX,2026-09-30 00:00:00,https://www.sec.gov/Archives/edgar/data/1530766/000149315226045158/0001493152-26-045158-index.htm,8-K,8-K,https://www.sec.gov/Archives/edgar/data/1530766/000149315226045158/form8-k.htm,False,
HSDT,2026-09-30 00:00:00,https://www.sec.gov/Archives/edgar/data/1610853/000161085326000008/0001610853-26-000008-index.htm,8-K,8-K,https://www.sec.gov/Archives/edgar/data/1610853/000161085326000008/hsdt-20260930.htm,False,
HSDT,2026-09-30 00:00:00,https://www.sec.gov/Archives/edgar/data/1610853/000161085326000008/0001610853-26-000008-index.htm,EX-10.1,EX-10.1,https://www.sec.gov/Archives/edgar/data/1610853/000161085326000008/hsdt-securitiespurchaseagr.htm,True,
HSDT,2026-09-30 00:00:00,https://www.sec.gov/Archives/edgar/data/1610853/000161085326000008/0001610853-26-000008-index.htm,EX-10.2,EX-10.2,https://www.sec.gov/Archives/edgar/data/1610853/000161085326000008/hsdt-paaexecutionversion.htm,True,
HSDT,2026-09-30 00:00:00,https://www.sec.gov/Archives/edgar/data/1610853/000161085326000008/0001610853-26-000008-index.htm,EX-99.1,EX-99.1,https://www.sec.gov/Archives/edgar/data/1610853/000161085326000008/sep2026rdopressreleaseex991.htm,False,
NNBR,2026-09-30 00:00:00,https://www.sec.gov/Archives/edgar/data/918541/000091854126000100/0000918541-26-000100-index.htm,8-K,8-K,https://www.sec.gov/Archives/edgar/data/918541/000091854126000100/nnbr-20260930.htm,False,
MKZR,2026-09-30 00:00:00,https://www.sec.gov/Archives/edgar/data/1550913/000155091326000031/0001550913-26-000031-index.htm,8-K,CURRENT REPORT FILING,https://www.sec.gov/Archives/edgar/data/1550913/000155091326000031/mkzr-20260930.htm,False,
MKZR,2026-09-30 00:00:00,https://www.sec.gov/Archives/edgar/data/1550913/000155091326000031/0001550913-26-000031-index.htm,EX-99.1,EX-99.1,https://www.sec.gov/Archives/edgar/data/1550913/000155091326000031/mrcpressrelease093026.htm,False,
CTNT,2026-09-30 00:00:00,https://www.sec.gov/Archives/edgar/data/1951667/000110465926112407/0001104659-26-112407-index.htm,8-K,FORM 8-K,https://www.sec.gov/Archives/edgar/data/1951667/000110465926112407/tm2626619d1_8k.htm,False,
ZONE,2026-09-30 00:00:00,https://www.sec.gov/Archives/edgar/data/1956741/000121390026105332/0001213900-26-105332-index.htm,8-K,CURRENT REPORT,https://www.sec.gov/Archives/edgar/data/1956741/000121390026105332/ea0306953-8k_zone.htm,True,
ZONE,2026-09-30 00:00:00,https://www.sec.gov/Archives/edgar/data/1956741/000121390026105332/0001213900-26-105332-index.htm,EX-99.1,"PRESS RELEASE, DATED SEPTEMBER 29, 2026",https://www.sec.gov/Archives/edgar/data/1956741/000121390026105332/ea030695301ex99-1.htm,False,
NTWOW,2026-09-30 00:00:00,https://www.sec.gov/Archives/edgar/data/2028027/000118518526004446/0001185185-26-004446-index.htm,8-K,FORM 8-K,https://www.sec.gov/Archives/edgar/data/2028027/000118518526004446/ntwo28k425092826.htm,True,
NTWOW,2026-09-30 00:00:00,https://www.sec.gov/Archives/edgar/data/2028027/000118518526004446/0001185185-26-004446-index.htm,EX-10.1,EXHIBIT 10.1,https://www.sec.gov/Archives/edgar/data/2028027/000118518526004446/ntwo2ex10-1.htm,False,
NTWOW,2026-09-30 00:00:00,https://www.sec.gov/Archives/edgar/data/2028027/000118518526004446/0001185185-26-004446-index.htm,EX-99.1,EXHIBIT 99.1,https://www.sec.gov/Archives/edgar/data/2028027/000118518526004446/ntwo2ex99-1.htm,False,
NTWOU,2026-09-30 00:00:00,https://www.sec.gov/Archives/edgar/data/2028027/000118518526004446/0001185185-26-004446-index.htm,8-K,FORM 8-K,https://www.sec.gov/Archives/edgar/data/2028027/000118518526004446/ntwo28k425092826.htm,True,
NTWOU,2026-09-30 00:00:00,https://www.sec.gov/Archives/edgar/data/2028027/000118518526004446/0001185185-26-004446-index.htm,EX-10.1,EXHIBIT 10.1,https://www.sec.gov/Archives/edgar/data/2028027/000118518526004446/ntwo2ex10-1.htm,False,
NTWOU,2026-09-30 00:00:00,https://www.sec.gov/Archives/edgar/data/2028027/000118518526004446/0001185185-26-004446-index.htm,EX-99.1,EXHIBIT 99.1,https://www.sec.gov/Archives/edgar/data/2028027/000118518526004446/ntwo2ex99-1.htm,False,
NTWO,2026-09-30 00:00:00,https://www.sec.gov/Archives/edgar/data/2028027/000118518526004446/0001185185-26-004446-index.htm,8-K,FORM 8-K,https://www.sec.gov/Archives/edgar/data/2028027/000118518526004446/ntwo28k425092826.htm,True,
NTWO,2026-09-30 00:00:00,https://www.sec.gov/Archives/edgar/data/2028027/000118518526004446/0001185185-26-004446-index.htm,EX-10.1,EXHIBIT 10.1,https://www.sec.gov/Archives/edgar/data/2028027/000118518526004446/ntwo2ex10-1.htm,False,
NTWO,2026-09-30 00:00:00,https://www.sec.gov/Archives/edgar/data/2028027/000118518526004446/0001185185-26-004446-index.htm,EX-99.1,EXHIBIT 99.1,https://www.sec.gov/Archives/edgar/data/2028027/000118518526004446/ntwo2ex99-1.htm,False,
FPH,2026-09-30 00:00:00,https://www.sec.gov/Archives/edgar/data/1574197/000157419726000029/0001574197-26-000029-index.htm,8-K,8-K,https://www.sec.gov/Archives/edgar/data/1574197/000157419726000029/fph-20260929.htm,True,
FPH,2026-09-30 00:00:00,https://www.sec.gov/Archives/edgar/data/1574197/000157419726000029/0001574197-26-000029-index.htm,EX-10.1,EX-10.1,https://www.sec.gov/Archives/edgar/data/1574197/000157419726000029/ex-101xfpxhfxdmaamendment4.htm,False,
None,2026-09-30 00:00:00,https://www.sec.gov/Archives/edgar/data/1971381/000119312526409249/0001193125-26-409249-index.htm,8-K,8-K,https://www.sec.gov/Archives/edgar/data/1971381/000119312526409249/ck0001971381-20260630.htm,False,
KLXE,2026-09-30 00:00:00,https://www.sec.gov/Archives/edgar/data/1738827/000173882726000058/0001738827-26-000058-index.htm,8-K,8-K,https://www.sec.gov/Archives/edgar/data/1738827/000173882726000058/klxe-20260929.htm,True,
KLXE,2026-09-30 00:00:00,https://www.sec.gov/Archives/edgar/data/1738827/000173882726000058/0001738827-26-000058-index.htm,EX-10.1,EX-10.1,https://www.sec.gov/Archives/edgar/data/1738827/000173882726000058/klx-registrationrightsagre.htm,False,
KLXE,2026-09-30 00:00:00,https://www.sec.gov/Archives/edgar/data/1738827/000173882726000058/0001738827-26-000058-index.htm,EX-99.1,EX-99.1,https://www.sec.gov/Archives/edgar/data/1738827/000173882726000058/klx-pressreleaserightsoffe.htm,False,
None,2026-09-30 00:00:00,https://www.sec.gov/Archives/edgar/data/1988280/000119312526409243/0001193125-26-409243-index.htm,8-K,8-K,https://www.sec.gov/Archives/edgar/data/1988280/000119312526409243/d183975d8k.htm,True,
LEVI,2026-09-30 00:00:00,https://www.sec.gov/Archives/edgar/data/94845/000199937126021687/0001999371-26-021687-index.htm,8-K,CURRENT REPORT,https://www.sec.gov/Archives/edgar/data/94845/000199937126021687/levi-8k_093026.htm,False,
LEVI,2026-09-30 00:00:00,https://www.sec.gov/Archives/edgar/data/94845/000199937126021687/0001999371-26-021687-index.htm,EX-99.1,"PRESS RELEASE DATED SEPTEMBER 30, 2026",https://www.sec.gov/Archives/edgar/data/94845/000199937126021687/ex99-1.htm,False,
CYCU,2026-09-30 00:00:00,https://www.sec.gov/Archives/edgar/data/1868419/000186841926000046/0001868419-26-000046-index.htm,8-K,8-K,https://www.sec.gov/Archives/edgar/data/1868419/000186841926000046/cycu-20260924.htm,False,
CYCU,2026-09-30 00:00:00,https://www.sec.gov/Archives/edgar/data/1868419/000186841926000046/0001868419-26-000046-index.htm,EX-99.1,EX-99.1,https://www.sec.gov/Archives/edgar/data/1868419/000186841926000046/exhibit991sep292026pressre.htm,False,
CYCUW,2026-09-30 00:00:00,https://www.sec.gov/Archives/edgar/data/1868419/000186841926000046/0001868419-26-000046-index.htm,8-K,8-K,https://www.sec.gov/Archives/edgar/data/1868419/000186841926000046/cycu-20260924.htm,False,
CYCUW,2026-09-30 00:00:00,https://www.sec.gov/Archives/edgar/data/1868419/000186841926000046/0001868419-26-000046-index.htm,EX-99.1,EX-99.1,https://www.sec.gov/Archives/edgar/data/1868419/000186841926000046/exhibit991sep292026pressre.htm,False,
WAVSU,2026-09-30 00:00:00,https://www.sec.gov/Archives/edgar/data/1868419/000186841926000046/0001868419-26-000046-index.htm,8-K,8-K,https://www.sec.gov/Archives/edgar/data/1868419/000186841926000046/cycu-20260924.htm,False,
WAVSU,2026-09-30 00:00:00,https://www.sec.gov/Archives/edgar/data/1868419/000186841926000046/0001868419-26-000046-index.htm,EX-99.1,EX-99.1,https://www.sec.gov/Archives/edgar/data/1868419/000186841926000046/exhibit991sep292026pressre.htm,False,
WAVS,2026-09-30 00:00:00,https://www.sec.gov/Archives/edgar/data/1868419/000186841926000046/0001868419-26-000046-index.htm,8-K,8-K,https://www.sec.gov/Archives/edgar/data/1868419/000186841926000046/cycu-20260924.htm,False,
WAVS,2026-09-30 00:00:00,https://www.sec.gov/Archives/edgar/data/1868419/000186841926000046/0001868419-26-000046-index.htm,EX-99.1,EX-99.1,https://www.sec.gov/Archives/edgar/data/1868419/000186841926000046/exhibit991sep292026pressre.htm,False,
WAVSW,2026-09-30 00:00:00,https://www.sec.gov/Archives/edgar/data/1868419/000186841926000046/0001868419-26-000046-index.htm,8-K,8-K,https://www.sec.gov/Archives/edgar/data/1868419/000186841926000046/cycu-20260924.htm,False,
WAVSW,2026-09-30 00:00:00,https://www.sec.gov/Archives/edgar/data/1868419/000186841926000046/0001868419-26-000046-index.htm,EX-99.1,EX-99.1,https://www.sec.gov/Archives/edgar/data/1868419/000186841926000046/exhibit991sep292026pressre.htm,False,
RIG,2026-09-30 00:00:00,https://www.sec.gov/Archives/edgar/data/1451505/000110465926112402/0001104659-26-112402-index.htm,8-K,FORM 8-K,https://www.sec.gov/Archives/edgar/data/1451505/000110465926112402/tm2626691d1_8k.htm,False,
MAMO,2026-09-30 00:00:00,https://www.sec.gov/Archives/edgar/data/1952853/000149315226045144/0001493152-26-045144-index.htm,8-K,8-K,https://www.sec.gov/Archives/edgar/data/1952853/000149315226045144/form8-k.htm,True,
MAMO,2026-09-30 00:00:00,https://www.sec.gov/Archives/edgar/data/1952853/000149315226045144/0001493152-26-045144-index.htm,EX-10.1,EX-10.1,https://www.sec.gov/Archives/edgar/data/1952853/000149315226045144/ex10-1.htm,False,
IMMX,2026-09-30 00:00:00,https://www.sec.gov/Archives/edgar/data/1873835/000149315226045143/0001493152-26-045143-index.htm,8-K,8-K,https://www.sec.gov/Archives/edgar/data/1873835/000149315226045143/form8-k.htm,False,
IMMX,2026-09-30 00:00:00,https://www.sec.gov/Archives/edgar/data/1873835/000149315226045143/0001493152-26-045143-index.htm,EX-99.1,EX-99.1,https://www.sec.gov/Archives/edgar/data/1873835/000149315226045143/ex99-1.htm,False,
None,2026-09-30 00:00:00,https://www.sec.gov/Archives/edgar/data/1987221/000119312526409234/0001193125-26-409234-index.htm,8-K,8-K,https://www.sec.gov/Archives/edgar/data/1987221/000119312526409234/d144680d8k.htm,True,
None,2026-09-30 00:00:00,https://www.sec.gov/Archives/edgar/data/1987221/000119312526409234/0001193125-26-409234-index.htm,EX-10.1,EX-10.1,https://www.sec.gov/Archives/edgar/data/1987221/000119312526409234/d144680dex101.htm,False,
PTPI,2026-09-30 00:00:00,https://www.sec.gov/Archives/edgar/data/1815903/000110465926112399/0001104659-26-112399-index.htm,8-K,FORM 8-K,https://www.sec.gov/Archives/edgar/data/1815903/000110465926112399/tm2626722d1_8k.htm,False,
REED,2026-09-30 00:00:00,https://www.sec.gov/Archives/edgar/data/1140215/000149315226045141/0001493152-26-045141-index.htm,8-K,8-K,https://www.sec.gov/Archives/edgar/data/1140215/000149315226045141/form8-k.htm,True,
REED,2026-09-30 00:00:00,https://www.sec.gov/Archives/edgar/data/1140215/000149315226045141/0001493152-26-045141-index.htm,EX-10.1,EX-10.1,https://www.sec.gov/Archives/edgar/data/1140215/000149315226045141/ex10-1.htm,True,
CUENW,2026-09-30 00:00:00,https://www.sec.gov/Archives/edgar/data/1424657/000121390026105324/0001213900-26-105324-index.htm,8-K,CURRENT REPORT,https://www.sec.gov/Archives/edgar/data/1424657/000121390026105324/ea0307249-8k_cuentas.htm,True,
CUENW,2026-09-30 00:00:00,https://www.sec.gov/Archives/edgar/data/1424657/000121390026105324/0001213900-26-105324-index.htm,EX-10.1,"AMENDED AND RESTATED WARRANT AGENCY AGREEMENT, DATED AS OF JUNE 29, 2026, BY AND",https://www.sec.gov/Archives/edgar/data/1424657/000121390026105324/ea030724901ex10-1.htm,False,
CUEN,2026-09-30 00:00:00,https://www.sec.gov/Archives/edgar/data/1424657/000121390026105324/0001213900-26-105324-index.htm,8-K,CURRENT REPORT,https://www.sec.gov/Archives/edgar/data/1424657/000121390026105324/ea0307249-8k_cuentas.htm,True,
CUEN,2026-09-30 00:00:00,https://www.sec.gov/Archives/edgar/data/1424657/000121390026105324/0001213900-26-105324-index.htm,EX-10.1,"AMENDED AND RESTATED WARRANT AGENCY AGREEMENT, DATED AS OF JUNE 29, 2026, BY AND",https://www.sec.gov/Archives/edgar/data/1424657/000121390026105324/ea030724901ex10-1.htm,False,
COLB,2026-09-30 00:00:00,https://www.sec.gov/Archives/edgar/data/887343/000088734326000181/0000887343-26-000181-index.htm,8-K,8-K,https://www.sec.gov/Archives/edgar/data/887343/000088734326000181/colb-20260930.htm,False,
COLB,2026-09-30 00:00:00,https://www.sec.gov/Archives/edgar/data/887343/000088734326000181/0000887343-26-000181-index.htm,EX-99.1,PRESS RELEASE ANNOUNCING QUARTERLY EARNINGS CONFERENCE CALL,https://www.sec.gov/Archives/edgar/data/887343/000088734326000181/colbex991q32026earningscal.htm,False,
IPHXU,2026-09-30 00:00:00,https://www.sec.gov/Archives/edgar/data/2146310/000121390026105318/0001213900-26-105318-index.htm,8-K,CURRENT REPORT,https://www.sec.gov/Archives/edgar/data/2146310/000121390026105318/ea0307258-8k_inflection8.htm,False,
IPHXU,2026-09-30 00:00:00,https://www.sec.gov/Archives/edgar/data/2146310/000121390026105318/0001213900-26-105318-index.htm,EX-99.1,"PRESS RELEASE, DATED SEPTEMBER 30, 2026",https://www.sec.gov/Archives/edgar/data/2146310/000121390026105318/ea030725801ex99-1.htm,False,
IPHX,2026-09-30 00:00:00,https://www.sec.gov/Archives/edgar/data/2146310/000121390026105318/0001213900-26-105318-index.htm,8-K,CURRENT REPORT,https://www.sec.gov/Archives/edgar/data/2146310/000121390026105318/ea0307258-8k_inflection8.htm,False,
IPHX,2026-09-30 00:00:00,https://www.sec.gov/Archives/edgar/data/2146310/000121390026105318/0001213900-26-105318-index.htm,EX-99.1,"PRESS RELEASE, DATED SEPTEMBER 30, 2026",https://www.sec.gov/Archives/edgar/data/2146310/000121390026105318/ea030725801ex99-1.htm,False,
None,2026-09-30 00:00:00,https://www.sec.gov/Archives/edgar/data/1772704/000119312526409214/0001193125-26-409214-index.htm,8-K,8-K,https://www.sec.gov/Archives/edgar/data/1772704/000119312526409214/d166363d8k.htm,True,
None,2026-09-30 00:00:00,https://www.sec.gov/Archives/edgar/data/1772704/000119312526409214/0001193125-26-409214-index.htm,EX-10.1,EX-10.1,https://www.sec.gov/Archives/edgar/data/1772704/000119312526409214/d166363dex101.htm,True,
GRND-WT,2026-09-30 00:00:00,https://www.sec.gov/Archives/edgar/data/1820144/000182014426000033/0001820144-26-000033-index.htm,8-K,8-K,https://www.sec.gov/Archives/edgar/data/1820144/000182014426000033/grnd-20260930.htm,True,
GRND-WT,2026-09-30 00:00:00,https://www.sec.gov/Archives/edgar/data/1820144/000182014426000033/0001820144-26-000033-index.htm,EX-99.1,EX-99.1,https://www.sec.gov/Archives/edgar/data/1820144/000182014426000033/exhibit991-pressreleasedat.htm,False,
TINV-UN,2026-09-30 00:00:00,https://www.sec.gov/Archives/edgar/data/1820144/000182014426000033/0001820144-26-000033-index.htm,8-K,8-K,https://www.sec.gov/Archives/edgar/data/1820144/000182014426000033/grnd-20260930.htm,True,
TINV-UN,2026-09-30 00:00:00,https://www.sec.gov/Archives/edgar/data/1820144/000182014426000033/0001820144-26-000033-index.htm,EX-99.1,EX-99.1,https://www.sec.gov/Archives/edgar/data/1820144/000182014426000033/exhibit991-pressreleasedat.htm,False,
TINV-WT,2026-09-30 00:00:00,https://www.sec.gov/Archives/edgar/data/1820144/000182014426000033/0001820144-26-000033-index.htm,8-K,8-K,https://www.sec.gov/Archives/edgar/data/1820144/000182014426000033/grnd-20260930.htm,True,
TINV-WT,2026-09-30 00:00:00,https://www.sec.gov/Archives/edgar/data/1820144/000182014426000033/0001820144-26-000033-index.htm,EX-99.1,EX-99.1,https://www.sec.gov/Archives/edgar/data/1820144/000182014426000033/exhibit991-pressreleasedat.htm,False,
TINV,2026-09-30 00:00:00,https://www.sec.gov/Archives/edgar/data/1820144/000182014426000033/0001820144-26-000033-index.htm,8-K,8-K,https://www.sec.gov/Archives/edgar/data/1820144/000182014426000033/grnd-20260930.htm,True,
TINV,2026-09-30 00:00:00,https://www.sec.gov/Archives/edgar/data/1820144/000182014426000033/0001820144-26-000033-index.htm,EX-99.1,EX-99.1,https://www.sec.gov/Archives/edgar/data/1820144/000182014426000033/exhibit991-pressreleasedat.htm,False,
GRND,2026-09-30 00:00:00,https://www.sec.gov/Archives/edgar/data/1820144/000182014426000033/0001820144-26-000033-index.htm,8-K,8-K,https://www.sec.gov/Archives/edgar/data/1820144/000182014426000033/grnd-20260930.htm,True,
GRND,2026-09-30 00:00:00,https://www.sec.gov/Archives/edgar/data/1820144/000182014426000033/0001820144-26-000033-index.htm,EX-99.1,EX-99.1,https://www.sec.gov/Archives/edgar/data/1820144/000182014426000033/exhibit991-pressreleasedat.htm,False,
VTIX,2026-09-30 00:00:00,https://www.sec.gov/Archives/edgar/data/1606242/000121390026105308/0001213900-26-105308-index.htm,8-K,CURRENT REPORT,https://www.sec.gov/Archives/edgar/data/1606242/000121390026105308/ea0307254-8k_virtuix.htm,False,
VAL-WT,2026-09-30 00:00:00,https://www.sec.gov/Archives/edgar/data/314808/000114036126038106/0001140361-26-038106-index.htm,8-K,8-K,https://www.sec.gov/Archives/edgar/data/314808/000114036126038106/ef20083020_8k.htm,False,
VAL,2026-09-30 00:00:00,https://www.sec.gov/Archives/edgar/data/314808/000114036126038106/0001140361-26-038106-index.htm,8-K,8-K,https://www.sec.gov/Archives/edgar/data/314808/000114036126038106/ef20083020_8k.htm,False,
None,2026-09-30 00:00:00,https://www.sec.gov/Archives/edgar/data/1803498/000121390026105306/0001213900-26-105306-index.htm,8-K,8-K,https://www.sec.gov/Archives/edgar/data/1803498/000121390026105306/ea0306841-01_8k.htm,False,
BXSL,2026-09-30 00:00:00,https://www.sec.gov/Archives/edgar/data/1736035/000121390026105305/0001213900-26-105305-index.htm,8-K,8-K,https://www.sec.gov/Archives/edgar/data/1736035/000121390026105305/ea0306840-01_8k.htm,False,
TCRX,2026-09-30 00:00:00,https://www.sec.gov/Archives/edgar/data/1783328/000119312526409199/0001193125-26-409199-index.htm,8-K,8-K,https://www.sec.gov/Archives/edgar/data/1783328/000119312526409199/d59998d8k.htm,False,
VIVK,2026-09-30 00:00:00,https://www.sec.gov/Archives/edgar/data/1450704/000182912626010624/0001829126-26-010624-index.htm,8-K,8-K,https://www.sec.gov/Archives/edgar/data/1450704/000182912626010624/vivakorinc_8k.htm,True,
VIVK,2026-09-30 00:00:00,https://www.sec.gov/Archives/edgar/data/1450704/000182912626010624/0001829126-26-010624-index.htm,EX-10.1,EXHIBIT 10.1,https://www.sec.gov/Archives/edgar/data/1450704/000182912626010624/vivakorinc_ex10-1.htm,False,
VIVK,2026-09-30 00:00:00,https://www.sec.gov/Archives/edgar/data/1450704/000182912626010624/0001829126-26-010624-index.htm,EX-99.1,EXHIBIT 99.1,https://www.sec.gov/Archives/edgar/data/1450704/000182912626010624/vivakorinc_ex99-1.htm,False,
BBGI,2026-09-30 00:00:00,https://www.sec.gov/Archives/edgar/data/1099160/000119312526409198/0001193125-26-409198-index.htm,8-K,8-K,https://www.sec.gov/Archives/edgar/data/1099160/000119312526409198/d155672d8k.htm,True,
BBGI,2026-09-30 00:00:00,https://www.sec.gov/Archives/edgar/data/1099160/000119312526409198/0001193125-26-409198-index.htm,EX-10.1,EX-10.1,https://www.sec.gov/Archives/edgar/data/1099160/000119312526409198/d155672dex101.htm,True,
BBGI,2026-09-30 00:00:00,https://www.sec.gov/Archives/edgar/data/1099160/000119312526409198/0001193125-26-409198-index.htm,EX-10.2,EX-10.2,https://www.sec.gov/Archives/edgar/data/1099160/000119312526409198/d155672dex102.htm,False,
XLAB,2026-09-30 00:00:00,https://www.sec.gov/Archives/edgar/data/2109869/000182912626010623/0001829126-26-010623-index.htm,8-K,8-K,https://www.sec.gov/Archives/edgar/data/2109869/000182912626010623/exascalelabs_8k.htm,False,
XLABW,2026-09-30 00:00:00,https://www.sec.gov/Archives/edgar/data/2109869/000182912626010623/0001829126-26-010623-index.htm,8-K,8-K,https://www.sec.gov/Archives/edgar/data/2109869/000182912626010623/exascalelabs_8k.htm,False,
BRID,2026-09-30 00:00:00,https://www.sec.gov/Archives/edgar/data/14177/000149315226045130/0001493152-26-045130-index.htm,8-K,8-K,https://www.sec.gov/Archives/edgar/data/14177/000149315226045130/form8-k.htm,False,
CSV,2026-09-30 00:00:00,https://www.sec.gov/Archives/edgar/data/1016281/000110465926112380/0001104659-26-112380-index.htm,8-K,FORM 8-K,https://www.sec.gov/Archives/edgar/data/1016281/000110465926112380/tm2626597d1_8k.htm,True,
CSV,2026-09-30 00:00:00,https://www.sec.gov/Archives/edgar/data/1016281/000110465926112380/0001104659-26-112380-index.htm,EX-10.1,EXHIBIT 10.1,https://www.sec.gov/Archives/edgar/data/1016281/000110465926112380/tm2626597d1_ex10-1.htm,True,
CSV,2026-09-30 00:00:00,https://www.sec.gov/Archives/edgar/data/1016281/000110465926112380/0001104659-26-112380-index.htm,EX-99.1,EXHIBIT 99.1,https://www.sec.gov/Archives/edgar/data/1016281/000110465926112380/tm2626597d1_ex99-1.htm,True,
BSEM,2026-09-30 00:00:00,https://www.sec.gov/Archives/edgar/data/1658678/000119312526409169/0001193125-26-409169-index.htm,8-K,8-K,https://www.sec.gov/Archives/edgar/data/1658678/000119312526409169/bsem-20260929.htm,True,
BSEM,2026-09-30 00:00:00,https://www.sec.gov/Archives/edgar/data/1658678/000119312526409169/0001193125-26-409169-index.htm,EX-10.1,EX-10.1,https://www.sec.gov/Archives/edgar/data/1658678/000119312526409169/bsem-ex10_1.htm,True,
BSEM,2026-09-30 00:00:00,https://www.sec.gov/Archives/edgar/data/1658678/000119312526409169/0001193125-26-409169-index.htm,EX-10.2,EX-10.2,https://www.sec.gov/Archives/edgar/data/1658678/000119312526409169/bsem-ex10_2.htm,False,
BSEM,2026-09-30 00:00:00,https://www.sec.gov/Archives/edgar/data/1658678/000119312526409169/0001193125-26-409169-index.htm,EX-99.1,EX-99.1,https://www.sec.gov/Archives/edgar/data/1658678/000119312526409169/bsem-ex99_1.htm,False,
None,2026-09-30 00:00:00,https://www.sec.gov/Archives/edgar/data/2062936/000119312526409162/0001193125-26-409162-index.htm,8-K,8-K,https://www.sec.gov/Archives/edgar/data/2062936/000119312526409162/ck0002062936-20260930.htm,False,
JLL,2026-09-30 00:00:00,https://www.sec.gov/Archives/edgar/data/1037976/000103797626000173/0001037976-26-000173-index.htm,8-K,8-K,https://www.sec.gov/Archives/edgar/data/1037976/000103797626000173/jll-20260928.htm,False,
PNM,2026-09-30 00:00:00,https://www.sec.gov/Archives/edgar/data/1108426/000110842626000061/0001108426-26-000061-index.htm,8-K,8-K,https://www.sec.gov/Archives/edgar/data/1108426/000110842626000061/pnm-20260930.htm,False,
TXNM,2026-09-30 00:00:00,https://www.sec.gov/Archives/edgar/data/1108426/000110842626000061/0001108426-26-000061-index.htm,8-K,8-K,https://www.sec.gov/Archives/edgar/data/1108426/000110842626000061/pnm-20260930.htm,False,
None,2026-09-30 00:00:00,https://www.sec.gov/Archives/edgar/data/2079966/000119312526409147/0001193125-26-409147-index.htm,8-K,8-K,https://www.sec.gov/Archives/edgar/data/2079966/000119312526409147/ck0002079966-20260930.htm,False,
LGST,2026-09-30 00:00:00,https://www.sec.gov/Archives/edgar/data/1860871/000149315226045123/0001493152-26-045123-index.htm,8-K,8-K,https://www.sec.gov/Archives/edgar/data/1860871/000149315226045123/form8-k.htm,False,
LGST,2026-09-30 00:00:00,https://www.sec.gov/Archives/edgar/data/1860871/000149315226045123/0001493152-26-045123-index.htm,EX-99.1,EX-99.1,https://www.sec.gov/Archives/edgar/data/1860871/000149315226045123/ex99-1.htm,False,
LGSTU,2026-09-30 00:00:00,https://www.sec.gov/Archives/edgar/data/1860871/000149315226045123/0001493152-26-045123-index.htm,8-K,8-K,https://www.sec.gov/Archives/edgar/data/1860871/000149315226045123/form8-k.htm,False,
LGSTU,2026-09-30 00:00:00,https://www.sec.gov/Archives/edgar/data/1860871/000149315226045123/0001493152-26-045123-index.htm,EX-99.1,EX-99.1,https://www.sec.gov/Archives/edgar/data/1860871/000149315226045123/ex99-1.htm,False,
LGSTW,2026-09-30 00:00:00,https://www.sec.gov/Archives/edgar/data/1860871/000149315226045123/0001493152-26-045123-index.htm,8-K,8-K,https://www.sec.gov/Archives/edgar/data/1860871/000149315226045123/form8-k.htm,False,
LGSTW,2026-09-30 00:00:00,https://www.sec.gov/Archives/edgar/data/1860871/000149315226045123/0001493152-26-045123-index.htm,EX-99.1,EX-99.1,https://www.sec.gov/Archives/edgar/data/1860871/000149315226045123/ex99-1.htm,False,
TVGNW,2026-09-30 00:00:00,https://www.sec.gov/Archives/edgar/data/1860871/000149315226045123/0001493152-26-045123-index.htm,8-K,8-K,https://www.sec.gov/Archives/edgar/data/1860871/000149315226045123/form8-k.htm,False,
TVGNW,2026-09-30 00:00:00,https://www.sec.gov/Archives/edgar/data/1860871/000149315226045123/0001493152-26-045123-index.htm,EX-99.1,EX-99.1,https://www.sec.gov/Archives/edgar/data/1860871/000149315226045123/ex99-1.htm,False,
TVGN,2026-09-30 00:00:00,https://www.sec.gov/Archives/edgar/data/1860871/000149315226045123/0001493152-26-045123-index.htm,8-K,8-K,https://www.sec.gov/Archives/edgar/data/1860871/000149315226045123/form8-k.htm,False,
TVGN,2026-09-30 00:00:00,https://www.sec.gov/Archives/edgar/data/1860871/000149315226045123/0001493152-26-045123-index.htm,EX-99.1,EX-99.1,https://www.sec.gov/Archives/edgar/data/1860871/000149315226045123/ex99-1.htm,False,
MSGS,2026-09-30 00:00:00,https://www.sec.gov/Archives/edgar/data/1636519/000119312526409143/0001193125-26-409143-index.htm,8-K,8-K,https://www.sec.gov/Archives/edgar/data/1636519/000119312526409143/d126791d8k.htm,True,
MSGS,2026-09-30 00:00:00,https://www.sec.gov/Archives/edgar/data/1636519/000119312526409143/0001193125-26-409143-index.htm,EX-10.1,EX-10.1,https://www.sec.gov/Archives/edgar/data/1636519/000119312526409143/d126791dex101.htm,False,
MSGS,2026-09-30 00:00:00,https://www.sec.gov/Archives/edgar/data/1636519/000119312526409143/0001193125-26-409143-index.htm,EX-10.2,EX-10.2,https://www.sec.gov/Archives/edgar/data/1636519/000119312526409143/d126791dex102.htm,False,
MSGS,2026-09-30 00:00:00,https://www.sec.gov/Archives/edgar/data/1636519/000119312526409143/0001193125-26-409143-index.htm,EX-99.1,EX-99.1,https://www.sec.gov/Archives/edgar/data/1636519/000119312526409143/d126791dex991.htm,False,
VRME,2026-09-30 00:00:00,https://www.sec.gov/Archives/edgar/data/1104038/000121465926012283/0001214659-26-012283-index.htm,8-K,,https://www.sec.gov/Archives/edgar/data/1104038/000121465926012283/w92926108k.htm,True,
VRME,2026-09-30 00:00:00,https://www.sec.gov/Archives/edgar/data/1104038/000121465926012283/0001214659-26-012283-index.htm,EX-10.1,EXHIBIT 10.1,https://www.sec.gov/Archives/edgar/data/1104038/000121465926012283/ex10_1.htm,False,
VRME,2026-09-30 00:00:00,https://www.sec.gov/Archives/edgar/data/1104038/000121465926012283/0001214659-26-012283-index.htm,EX-10.2,EXHIBIT 10.2,https://www.sec.gov/Archives/edgar/data/1104038/000121465926012283/ex10_2.htm,False,
VRMEW,2026-09-30 00:00:00,https://www.sec.gov/Archives/edgar/data/1104038/000121465926012283/0001214659-26-012283-index.htm,8-K,,https://www.sec.gov/Archives/edgar/data/1104038/000121465926012283/w92926108k.htm,True,
VRMEW,2026-09-30 00:00:00,https://www.sec.gov/Archives/edgar/data/1104038/000121465926012283/0001214659-26-012283-index.htm,EX-10.1,EXHIBIT 10.1,https://www.sec.gov/Archives/edgar/data/1104038/000121465926012283/ex10_1.htm,False,
VRMEW,2026-09-30 00:00:00,https://www.sec.gov/Archives/edgar/data/1104038/000121465926012283/0001214659-26-012283-index.htm,EX-10.2,EXHIBIT 10.2,https://www.sec.gov/Archives/edgar/data/1104038/000121465926012283/ex10_2.htm,False,
BZAIW,2026-09-30 00:00:00,https://www.sec.gov/Archives/edgar/data/1871638/000187163826000057/0001871638-26-000057-index.htm,8-K,8-K,https://www.sec.gov/Archives/edgar/data/1871638/000187163826000057/blz-20260924.htm,False,
BZAIW,2026-09-30 00:00:00,https://www.sec.gov/Archives/edgar/data/1871638/000187163826000057/0001871638-26-000057-index.htm,EX-99.1,EX-99.1,https://www.sec.gov/Archives/edgar/data/1871638/000187163826000057/ex9919302026prrerif.htm,False,
BZAI,2026-09-30 00:00:00,https://www.sec.gov/Archives/edgar/data/1871638/000187163826000057/0001871638-26-000057-index.htm,8-K,8-K,https://www.sec.gov/Archives/edgar/data/1871638/000187163826000057/blz-20260924.htm,False,
BZAI,2026-09-30 00:00:00,https://www.sec.gov/Archives/edgar/data/1871638/000187163826000057/0001871638-26-000057-index.htm,EX-99.1,EX-99.1,https://www.sec.gov/Archives/edgar/data/1871638/000187163826000057/ex9919302026prrerif.htm,False,
HIT,2026-09-30 00:00:00,https://www.sec.gov/Archives/edgar/data/2019505/000121390026105280/0001213900-26-105280-index.htm,8-K,CURRENT REPORT,https://www.sec.gov/Archives/edgar/data/2019505/000121390026105280/ea0307263-8k_health.htm,False,
HIT,2026-09-30 00:00:00,https://www.sec.gov/Archives/edgar/data/2019505/000121390026105280/0001213900-26-105280-index.htm,EX-99.1,PRESS RELEASE,https://www.sec.gov/Archives/edgar/data/2019505/000121390026105280/ea030726301ex99-1.htm,False,
TTMI,2026-09-30 00:00:00,https://www.sec.gov/Archives/edgar/data/1116942/000119312526409136/0001193125-26-409136-index.htm,8-K,8-K,https://www.sec.gov/Archives/edgar/data/1116942/000119312526409136/d147406d8k.htm,True,
TTMI,2026-09-30 00:00:00,https://www.sec.gov/Archives/edgar/data/1116942/000119312526409136/0001193125-26-409136-index.htm,EX-10.1,EX-10.1,https://www.sec.gov/Archives/edgar/data/1116942/000119312526409136/d147406dex101.htm,True,
TTMI,2026-09-30 00:00:00,https://www.sec.gov/Archives/edgar/data/1116942/000119312526409136/0001193125-26-409136-index.htm,EX-99.1,EX-99.1,https://www.sec.gov/Archives/edgar/data/1116942/000119312526409136/d147406dex991.htm,True,
BSTT,2026-09-30 00:00:00,https://www.sec.gov/Archives/edgar/data/1662972/000166297226000138/0001662972-26-000138-index.htm,8-K,8-K,https://www.sec.gov/Archives/edgar/data/1662972/000166297226000138/breit-20260929.htm,False,
TTWO,2026-09-30 00:00:00,https://www.sec.gov/Archives/edgar/data/946581/000162828026064001/0001628280-26-064001-index.htm,8-K,8-K,https://www.sec.gov/Archives/edgar/data/946581/000162828026064001/ttwo-20260928.htm,True,
None,2026-09-30 00:00:00,https://www.sec.gov/Archives/edgar/data/1849089/000110465926112360/0001104659-26-112360-index.htm,8-K,FORM 8-K,https://www.sec.gov/Archives/edgar/data/1849089/000110465926112360/tm2626665d1_8k.htm,True,
None,2026-09-30 00:00:00,https://www.sec.gov/Archives/edgar/data/1849089/000110465926112360/0001104659-26-112360-index.htm,EX-10.1,EXHIBIT 10.1,https://www.sec.gov/Archives/edgar/data/1849089/000110465926112360/tm2626665d1_ex10-1.htm,True,
None,2026-09-30 00:00:00,https://www.sec.gov/Archives/edgar/data/1993402/000119312526409124/0001193125-26-409124-index.htm,8-K,8-K,https://www.sec.gov/Archives/edgar/data/1993402/000119312526409124/ck0001993402-20260929.htm,False,
SCWO,2026-09-30 00:00:00,https://www.sec.gov/Archives/edgar/data/933972/000165495426008681/0001654954-26-008681-index.htm,8-K,FORM 8-K,https://www.sec.gov/Archives/edgar/data/933972/000165495426008681/scwo_8k.htm,False,
PWVI,2026-09-30 00:00:00,https://www.sec.gov/Archives/edgar/data/933972/000165495426008681/0001654954-26-008681-index.htm,8-K,FORM 8-K,https://www.sec.gov/Archives/edgar/data/933972/000165495426008681/scwo_8k.htm,False,
PLCE,2026-09-30 00:00:00,https://www.sec.gov/Archives/edgar/data/1041859/000110465926112357/0001104659-26-112357-index.htm,8-K,FORM 8-K,https://www.sec.gov/Archives/edgar/data/1041859/000110465926112357/tm2626671d1_8k.htm,True,
PLCE,2026-09-30 00:00:00,https://www.sec.gov/Archives/edgar/data/1041859/000110465926112357/0001104659-26-112357-index.htm,EX-10.1,EXHIBIT 10.1,https://www.sec.gov/Archives/edgar/data/1041859/000110465926112357/tm2626671d1_ex10-1.htm,True,
PLCE,2026-09-30 00:00:00,https://www.sec.gov/Archives/edgar/data/1041859/000110465926112357/0001104659-26-112357-index.htm,EX-10.2,EXHIBIT 10.2,https://www.sec.gov/Archives/edgar/data/1041859/000110465926112357/tm2626671d1_ex10-2.htm,True,
WETH,2026-09-30 00:00:00,https://www.sec.gov/Archives/edgar/data/1826660/000121390026105275/0001213900-26-105275-index.htm,8-K,CURRENT REPORT,https://www.sec.gov/Archives/edgar/data/1826660/000121390026105275/ea0307194-8k_wetouch.htm,False,
WETH,2026-09-30 00:00:00,https://www.sec.gov/Archives/edgar/data/1826660/000121390026105275/0001213900-26-105275-index.htm,EX-99.1,"PRESS RELEASE DATED SEPTEMBER 30, 2026",https://www.sec.gov/Archives/edgar/data/1826660/000121390026105275/ea030719401ex99-1.htm,False,
OTLKW,2026-09-30 00:00:00,https://www.sec.gov/Archives/edgar/data/1649989/000110465926112356/0001104659-26-112356-index.htm,8-K,FORM 8-K,https://www.sec.gov/Archives/edgar/data/1649989/000110465926112356/tm2626478d1_8k.htm,False,
OTLK,2026-09-30 00:00:00,https://www.sec.gov/Archives/edgar/data/1649989/000110465926112356/0001104659-26-112356-index.htm,8-K,FORM 8-K,https://www.sec.gov/Archives/edgar/data/1649989/000110465926112356/tm2626478d1_8k.htm,False,
ALDA,2026-09-30 00:00:00,https://www.sec.gov/Archives/edgar/data/1062506/000106250626000023/0001062506-26-000023-index.htm,8-K,"CURRENT REPORT ON FORM 8-K DATED SEPTEMBER 30, 2026",https://www.sec.gov/Archives/edgar/data/1062506/000106250626000023/alda8kitem5-02.htm,False,
None,2026-09-30 00:00:00,https://www.sec.gov/Archives/edgar/data/2065397/000119312526409112/0001193125-26-409112-index.htm,8-K,8-K,https://www.sec.gov/Archives/edgar/data/2065397/000119312526409112/ck0002065397-20260929.htm,False,
None,2026-09-30 00:00:00,https://www.sec.gov/Archives/edgar/data/1976336/000119312526409111/0001193125-26-409111-index.htm,8-K,8-K,https://www.sec.gov/Archives/edgar/data/1976336/000119312526409111/ck0001976336-20260929.htm,False,
None,2026-09-30 00:00:00,https://www.sec.gov/Archives/edgar/data/2115191/000121390026105260/0001213900-26-105260-index.htm,8-K,CURRENT REPORT,https://www.sec.gov/Archives/edgar/data/2115191/000121390026105260/ea0306958-8k_live6.htm,False,
None,2026-09-30 00:00:00,https://www.sec.gov/Archives/edgar/data/2115191/000121390026105260/0001213900-26-105260-index.htm,EX-99.1,"AUDITED BALANCE SHEET AS OF SEPTEMBER 24, 2026",https://www.sec.gov/Archives/edgar/data/2115191/000121390026105260/ea030695801ex99-1.htm,False,
PK,2026-09-30 00:00:00,https://www.sec.gov/Archives/edgar/data/1617406/000161740626000045/0001617406-26-000045-index.htm,8-K,8-K,https://www.sec.gov/Archives/edgar/data/1617406/000161740626000045/pk-20260930.htm,True,
FINS,2026-09-30 00:00:00,https://www.sec.gov/Archives/edgar/data/1745059/000199937126021657/0001999371-26-021657-index.htm,8-K,CURRENT REPORT,https://www.sec.gov/Archives/edgar/data/1745059/000199937126021657/fins-8k_093026.htm,False,
PSKY,2026-09-30 00:00:00,https://www.sec.gov/Archives/edgar/data/2041610/000110465926112347/0001104659-26-112347-index.htm,8-K,FORM 8-K,https://www.sec.gov/Archives/edgar/data/2041610/000110465926112347/tm2626659d1_8k.htm,False,
STWOU,2026-09-30 00:00:00,https://www.sec.gov/Archives/edgar/data/1819438/000181943826000086/0001819438-26-000086-index.htm,8-K,8-K,https://www.sec.gov/Archives/edgar/data/1819438/000181943826000086/wk-20260924.htm,False,
STWO,2026-09-30 00:00:00,https://www.sec.gov/Archives/edgar/data/1819438/000181943826000086/0001819438-26-000086-index.htm,8-K,8-K,https://www.sec.gov/Archives/edgar/data/1819438/000181943826000086/wk-20260924.htm,False,
GWH-WT,2026-09-30 00:00:00,https://www.sec.gov/Archives/edgar/data/1819438/000181943826000086/0001819438-26-000086-index.htm,8-K,8-K,https://www.sec.gov/Archives/edgar/data/1819438/000181943826000086/wk-20260924.htm,False,
GWH,2026-09-30 00:00:00,https://www.sec.gov/Archives/edgar/data/1819438/000181943826000086/0001819438-26-000086-index.htm,8-K,8-K,https://www.sec.gov/Archives/edgar/data/1819438/000181943826000086/wk-20260924.htm,False,
ALG,2026-09-30 00:00:00,https://www.sec.gov/Archives/edgar/data/897077/000089707726000102/0000897077-26-000102-index.htm,8-K,8-K,https://www.sec.gov/Archives/edgar/data/897077/000089707726000102/alg-20260929.htm,False,
HALO,2026-09-30 00:00:00,https://www.sec.gov/Archives/edgar/data/1159036/000115903626000128/0001159036-26-000128-index.htm,8-K,8-K,https://www.sec.gov/Archives/edgar/data/1159036/000115903626000128/halo-20260928.htm,False,
TRAK,2026-09-30 00:00:00,https://www.sec.gov/Archives/edgar/data/50471/000143774926031604/0001437749-26-031604-index.htm,8-K,FORM 8-K,https://www.sec.gov/Archives/edgar/data/50471/000143774926031604/trak20260930_8k.htm,False,
TRAK,2026-09-30 00:00:00,https://www.sec.gov/Archives/edgar/data/50471/000143774926031604/0001437749-26-031604-index.htm,EX-99.1,EXHIBIT 99.1,https://www.sec.gov/Archives/edgar/data/50471/000143774926031604/ex_1020954.htm,False,
PCYG,2026-09-30 00:00:00,https://www.sec.gov/Archives/edgar/data/50471/000143774926031604/0001437749-26-031604-index.htm,8-K,FORM 8-K,https://www.sec.gov/Archives/edgar/data/50471/000143774926031604/trak20260930_8k.htm,False,
PCYG,2026-09-30 00:00:00,https://www.sec.gov/Archives/edgar/data/50471/000143774926031604/0001437749-26-031604-index.htm,EX-99.1,EXHIBIT 99.1,https://www.sec.gov/Archives/edgar/data/50471/000143774926031604/ex_1020954.htm,False,
ACI,2026-09-30 00:00:00,https://www.sec.gov/Archives/edgar/data/1646972/000164697226000057/0001646972-26-000057-index.htm,8-K,8-K,https://www.sec.gov/Archives/edgar/data/1646972/000164697226000057/aci-20260930.htm,False,
ACI,2026-09-30 00:00:00,https://www.sec.gov/Archives/edgar/data/1646972/000164697226000057/0001646972-26-000057-index.htm,EX-99.1,EX-99.1,https://www.sec.gov/Archives/edgar/data/1646972/000164697226000057/ex991-pressreleasebodchang.htm,False,
AIB,2026-09-30 00:00:00,https://www.sec.gov/Archives/edgar/data/2070542/000121390026105249/0001213900-26-105249-index.htm,8-K,CURRENT REPORT,https://www.sec.gov/Archives/edgar/data/2070542/000121390026105249/ea0307233-8k_aib.htm,False,
AIB,2026-09-30 00:00:00,https://www.sec.gov/Archives/edgar/data/2070542/000121390026105249/0001213900-26-105249-index.htm,EX-99.1,"INVESTOR PRESENTATION, Q3 2026",https://www.sec.gov/Archives/edgar/data/2070542/000121390026105249/ea030723301ex99-1.htm,False,
KULR,2026-09-30 00:00:00,https://www.sec.gov/Archives/edgar/data/1662684/000110465926112343/0001104659-26-112343-index.htm,8-K,FORM 8-K,https://www.sec.gov/Archives/edgar/data/1662684/000110465926112343/tm2626725d1_8k.htm,False,
BMRN,2026-09-30 00:00:00,https://www.sec.gov/Archives/edgar/data/1048477/000162828026063981/0001628280-26-063981-index.htm,8-K,8-K,https://www.sec.gov/Archives/edgar/data/1048477/000162828026063981/bmrn-20260924.htm,True,
ROYTL,2026-09-30 00:00:00,https://www.sec.gov/Archives/edgar/data/1538822/000110465926112342/0001104659-26-112342-index.htm,8-K,FORM 8-K,https://www.sec.gov/Archives/edgar/data/1538822/000110465926112342/tm2626630d1_8k.htm,False,
ROYTL,2026-09-30 00:00:00,https://www.sec.gov/Archives/edgar/data/1538822/000110465926112342/0001104659-26-112342-index.htm,EX-99.1,EXHIBIT 99.1,https://www.sec.gov/Archives/edgar/data/1538822/000110465926112342/tm2626630d1_ex99-1.htm,False,
DHACU,2026-09-30 00:00:00,https://www.sec.gov/Archives/edgar/data/1864531/000118518526004440/0001185185-26-004440-index.htm,8-K,FORM 8-K,https://www.sec.gov/Archives/edgar/data/1864531/000118518526004440/vsee8k093026.htm,True,
DHACU,2026-09-30 00:00:00,https://www.sec.gov/Archives/edgar/data/1864531/000118518526004440/0001185185-26-004440-index.htm,EX-10.2,EXHIBIT 10.2,https://www.sec.gov/Archives/edgar/data/1864531/000118518526004440/vseeex10-2.htm,False,
DHAC,2026-09-30 00:00:00,https://www.sec.gov/Archives/edgar/data/1864531/000118518526004440/0001185185-26-004440-index.htm,8-K,FORM 8-K,https://www.sec.gov/Archives/edgar/data/1864531/000118518526004440/vsee8k093026.htm,True,
DHAC,2026-09-30 00:00:00,https://www.sec.gov/Archives/edgar/data/1864531/000118518526004440/0001185185-26-004440-index.htm,EX-10.2,EXHIBIT 10.2,https://www.sec.gov/Archives/edgar/data/1864531/000118518526004440/vseeex10-2.htm,False,
DHACW,2026-09-30 00:00:00,https://www.sec.gov/Archives/edgar/data/1864531/000118518526004440/0001185185-26-004440-index.htm,8-K,FORM 8-K,https://www.sec.gov/Archives/edgar/data/1864531/000118518526004440/vsee8k093026.htm,True,
DHACW,2026-09-30 00:00:00,https://www.sec.gov/Archives/edgar/data/1864531/000118518526004440/0001185185-26-004440-index.htm,EX-10.2,EXHIBIT 10.2,https://www.sec.gov/Archives/edgar/data/1864531/000118518526004440/vseeex10-2.htm,False,
VSEE,2026-09-30 00:00:00,https://www.sec.gov/Archives/edgar/data/1864531/000118518526004440/0001185185-26-004440-index.htm,8-K,FORM 8-K,https://www.sec.gov/Archives/edgar/data/1864531/000118518526004440/vsee8k093026.htm,True,
VSEE,2026-09-30 00:00:00,https://www.sec.gov/Archives/edgar/data/1864531/000118518526004440/0001185185-26-004440-index.htm,EX-10.2,EXHIBIT 10.2,https://www.sec.gov/Archives/edgar/data/1864531/000118518526004440/vseeex10-2.htm,False,
VSEEW,2026-09-30 00:00:00,https://www.sec.gov/Archives/edgar/data/1864531/000118518526004440/0001185185-26-004440-index.htm,8-K,FORM 8-K,https://www.sec.gov/Archives/edgar/data/1864531/000118518526004440/vsee8k093026.htm,True,
VSEEW,2026-09-30 00:00:00,https://www.sec.gov/Archives/edgar/data/1864531/000118518526004440/0001185185-26-004440-index.htm,EX-10.2,EXHIBIT 10.2,https://www.sec.gov/Archives/edgar/data/1864531/000118518526004440/vseeex10-2.htm,False,
CTO,2026-09-30 00:00:00,https://www.sec.gov/Archives/edgar/data/23795/000110465926112341/0001104659-26-112341-index.htm,8-K,8-K,https://www.sec.gov/Archives/edgar/data/23795/000110465926112341/cto-20260929x8k.htm,True,
CTO,2026-09-30 00:00:00,https://www.sec.gov/Archives/edgar/data/23795/000110465926112341/0001104659-26-112341-index.htm,EX-10.1,EX-10.1,https://www.sec.gov/Archives/edgar/data/23795/000110465926112341/cto-ex10d1.htm,True,
CTO,2026-09-30 00:00:00,https://www.sec.gov/Archives/edgar/data/23795/000110465926112341/0001104659-26-112341-index.htm,EX-99.1,EX-99.1,https://www.sec.gov/Archives/edgar/data/23795/000110465926112341/cto-ex99d1.htm,True,
CTO-PA,2026-09-30 00:00:00,https://www.sec.gov/Archives/edgar/data/23795/000110465926112341/0001104659-26-112341-index.htm,8-K,8-K,https://www.sec.gov/Archives/edgar/data/23795/000110465926112341/cto-20260929x8k.htm,True,
CTO-PA,2026-09-30 00:00:00,https://www.sec.gov/Archives/edgar/data/23795/000110465926112341/0001104659-26-112341-index.htm,EX-10.1,EX-10.1,https://www.sec.gov/Archives/edgar/data/23795/000110465926112341/cto-ex10d1.htm,True,
CTO-PA,2026-09-30 00:00:00,https://www.sec.gov/Archives/edgar/data/23795/000110465926112341/0001104659-26-112341-index.htm,EX-99.1,EX-99.1,https://www.sec.gov/Archives/edgar/data/23795/000110465926112341/cto-ex99d1.htm,True,
HLXA,2026-09-30 00:00:00,https://www.sec.gov/Archives/edgar/data/1821586/000121390026105240/0001213900-26-105240-index.htm,8-K,CURRENT REPORT,https://www.sec.gov/Archives/edgar/data/1821586/000121390026105240/ea0307097-8k_moonlake.htm,False,
MLTX,2026-09-30 00:00:00,https://www.sec.gov/Archives/edgar/data/1821586/000121390026105240/0001213900-26-105240-index.htm,8-K,CURRENT REPORT,https://www.sec.gov/Archives/edgar/data/1821586/000121390026105240/ea0307097-8k_moonlake.htm,False,
UCTT,2026-09-30 00:00:00,https://www.sec.gov/Archives/edgar/data/1275014/000162828026063977/0001628280-26-063977-index.htm,8-K,8-K,https://www.sec.gov/Archives/edgar/data/1275014/000162828026063977/uctt-20260928.htm,False,
UCTT,2026-09-30 00:00:00,https://www.sec.gov/Archives/edgar/data/1275014/000162828026063977/0001628280-26-063977-index.htm,EX-99.1,EX-99.1,https://www.sec.gov/Archives/edgar/data/1275014/000162828026063977/ultracleanappointsalexande.htm,False,
REGN,2026-09-30 00:00:00,https://www.sec.gov/Archives/edgar/data/872589/000110465926112340/0001104659-26-112340-index.htm,8-K,FORM 8-K,https://www.sec.gov/Archives/edgar/data/872589/000110465926112340/tm2626090d1_8k.htm,False,
REGN,2026-09-30 00:00:00,https://www.sec.gov/Archives/edgar/data/872589/000110465926112340/0001104659-26-112340-index.htm,EX-99.1,EXHIBIT 99.1,https://www.sec.gov/Archives/edgar/data/872589/000110465926112340/tm2626090d1_ex99-1.htm,False,
REGN,2026-09-30 00:00:00,https://www.sec.gov/Archives/edgar/data/872589/000110465926112340/0001104659-26-112340-index.htm,EX-10.1,EXHIBIT 10.1,https://www.sec.gov/Archives/edgar/data/872589/000110465926112340/tm2626090d1_ex10-1.htm,False,
REGN,2026-09-30 00:00:00,https://www.sec.gov/Archives/edgar/data/872589/000110465926112340/0001104659-26-112340-index.htm,EX-10.2,EXHIBIT 10.2,https://www.sec.gov/Archives/edgar/data/872589/000110465926112340/tm2626090d1_ex10-2.htm,False,
BHRB,2026-09-30 00:00:00,https://www.sec.gov/Archives/edgar/data/1964333/000110465926112339/0001104659-26-112339-index.htm,8-K,FORM 8-K,https://www.sec.gov/Archives/edgar/data/1964333/000110465926112339/tm2625875d4_8k.htm,True,
BHRB,2026-09-30 00:00:00,https://www.sec.gov/Archives/edgar/data/1964333/000110465926112339/0001104659-26-112339-index.htm,EX-99.1,EXHIBIT 99.1,https://www.sec.gov/Archives/edgar/data/1964333/000110465926112339/tm2625875d4_ex99-1.htm,False,
VRM,2026-09-30 00:00:00,https://www.sec.gov/Archives/edgar/data/1580864/000119312526409064/0001193125-26-409064-index.htm,8-K,8-K,https://www.sec.gov/Archives/edgar/data/1580864/000119312526409064/vrm-20260930.htm,True,
VRM,2026-09-30 00:00:00,https://www.sec.gov/Archives/edgar/data/1580864/000119312526409064/0001193125-26-409064-index.htm,EX-10.1,EX-10.1,https://www.sec.gov/Archives/edgar/data/1580864/000119312526409064/vrm-ex10_1.htm,False,
VRM,2026-09-30 00:00:00,https://www.sec.gov/Archives/edgar/data/1580864/000119312526409064/0001193125-26-409064-index.htm,EX-10.2,EX-10.2,https://www.sec.gov/Archives/edgar/data/1580864/000119312526409064/vrm-ex10_2.htm,False,
BSET,2026-09-30 00:00:00,https://www.sec.gov/Archives/edgar/data/10329/000143774926031601/0001437749-26-031601-index.htm,8-K,FORM 8-K,https://www.sec.gov/Archives/edgar/data/10329/000143774926031601/bset20260930_8k.htm,False,
BSET,2026-09-30 00:00:00,https://www.sec.gov/Archives/edgar/data/10329/000143774926031601/0001437749-26-031601-index.htm,EX-99.1,EXHIBIT 99.1,https://www.sec.gov/Archives/edgar/data/10329/000143774926031601/ex_1020960.htm,False,
CHPT,2026-09-30 00:00:00,https://www.sec.gov/Archives/edgar/data/1777393/000162828026063975/0001628280-26-063975-index.htm,8-K,8-K,https://www.sec.gov/Archives/edgar/data/1777393/000162828026063975/chpt-20260928.htm,False,
INGN,2026-09-30 00:00:00,https://www.sec.gov/Archives/edgar/data/1294133/000129413326000037/0001294133-26-000037-index.htm,8-K,8-K,https://www.sec.gov/Archives/edgar/data/1294133/000129413326000037/ingn-20260928.htm,True,
INGN,2026-09-30 00:00:00,https://www.sec.gov/Archives/edgar/data/1294133/000129413326000037/0001294133-26-000037-index.htm,EX-99.1,EX-99.1,https://www.sec.gov/Archives/edgar/data/1294133/000129413326000037/ingn-ex99_1.htm,False,
GWRE,2026-09-30 00:00:00,https://www.sec.gov/Archives/edgar/data/1528396/000152839626000057/0001528396-26-000057-index.htm,8-K,8-K,https://www.sec.gov/Archives/edgar/data/1528396/000152839626000057/gwre-20260904.htm,False,
BNTC,2026-09-30 00:00:00,https://www.sec.gov/Archives/edgar/data/1808898/000119312526409052/0001193125-26-409052-index.htm,8-K,8-K,https://www.sec.gov/Archives/edgar/data/1808898/000119312526409052/bntc-20260929.htm,False,
ARHS,2026-09-30 00:00:00,https://www.sec.gov/Archives/edgar/data/1875444/000187544426000032/0001875444-26-000032-index.htm,8-K,8-K,https://www.sec.gov/Archives/edgar/data/1875444/000187544426000032/arhs-20260930.htm,False,
ARHS,2026-09-30 00:00:00,https://www.sec.gov/Archives/edgar/data/1875444/000187544426000032/0001875444-26-000032-index.htm,EX-99.1,EX-99.1,https://www.sec.gov/Archives/edgar/data/1875444/000187544426000032/cdo-pressreleasexarhs.htm,False,
PRGS,2026-09-30 00:00:00,https://www.sec.gov/Archives/edgar/data/876167/000087616726000110/0000876167-26-000110-index.htm,8-K,8-K,https://www.sec.gov/Archives/edgar/data/876167/000087616726000110/prgs-20260930.htm,False,
PRGS,2026-09-30 00:00:00,https://www.sec.gov/Archives/edgar/data/876167/000087616726000110/0000876167-26-000110-index.htm,EX-99.1,EX-99.1,https://www.sec.gov/Archives/edgar/data/876167/000087616726000110/exhibit991-q32026earningsr.htm,False,
GRAY,2026-09-30 00:00:00,https://www.sec.gov/Archives/edgar/data/1534133/000119312526409049/0001193125-26-409049-index.htm,8-K,8-K,https://www.sec.gov/Archives/edgar/data/1534133/000119312526409049/d39303d8k.htm,False,
CALC,2026-09-30 00:00:00,https://www.sec.gov/Archives/edgar/data/1534133/000119312526409049/0001193125-26-409049-index.htm,8-K,8-K,https://www.sec.gov/Archives/edgar/data/1534133/000119312526409049/d39303d8k.htm,False,
None,2026-09-30 00:00:00,https://www.sec.gov/Archives/edgar/data/2049595/000119312526409047/0001193125-26-409047-index.htm,8-K,8-K,https://www.sec.gov/Archives/edgar/data/2049595/000119312526409047/ck0002049595-20260930.htm,False,
FTRE,2026-09-30 00:00:00,https://www.sec.gov/Archives/edgar/data/1965040/000162828026063970/0001628280-26-063970-index.htm,8-K,8-K,https://www.sec.gov/Archives/edgar/data/1965040/000162828026063970/ftre-20260929.htm,False,
LIXTW,2026-09-30 00:00:00,https://www.sec.gov/Archives/edgar/data/1335105/000149315226045104/0001493152-26-045104-index.htm,8-K,8-K,https://www.sec.gov/Archives/edgar/data/1335105/000149315226045104/form8-k.htm,True,
LIXTW,2026-09-30 00:00:00,https://www.sec.gov/Archives/edgar/data/1335105/000149315226045104/0001493152-26-045104-index.htm,EX-10.1,EX-10.1,https://www.sec.gov/Archives/edgar/data/1335105/000149315226045104/ex10-1.htm,False,
LIXTW,2026-09-30 00:00:00,https://www.sec.gov/Archives/edgar/data/1335105/000149315226045104/0001493152-26-045104-index.htm,EX-10.2,EX-10.2,https://www.sec.gov/Archives/edgar/data/1335105/000149315226045104/ex10-2.htm,False,
LIXT,2026-09-30 00:00:00,https://www.sec.gov/Archives/edgar/data/1335105/000149315226045104/0001493152-26-045104-index.htm,8-K,8-K,https://www.sec.gov/Archives/edgar/data/1335105/000149315226045104/form8-k.htm,True,
LIXT,2026-09-30 00:00:00,https://www.sec.gov/Archives/edgar/data/1335105/000149315226045104/0001493152-26-045104-index.htm,EX-10.1,EX-10.1,https://www.sec.gov/Archives/edgar/data/1335105/000149315226045104/ex10-1.htm,False,
LIXT,2026-09-30 00:00:00,https://www.sec.gov/Archives/edgar/data/1335105/000149315226045104/0001493152-26-045104-index.htm,EX-10.2,EX-10.2,https://www.sec.gov/Archives/edgar/data/1335105/000149315226045104/ex10-2.htm,False,
TOPP,2026-09-30 00:00:00,https://www.sec.gov/Archives/edgar/data/1960847/000121390026105221/0001213900-26-105221-index.htm,8-K,CURRENT REPORT,https://www.sec.gov/Archives/edgar/data/1960847/000121390026105221/ea0306266-8k_toppoint.htm,False,
ROC,2026-09-30 00:00:00,https://www.sec.gov/Archives/edgar/data/2077709/000121390026105218/0001213900-26-105218-index.htm,8-K,CURRENT REPORT,https://www.sec.gov/Archives/edgar/data/2077709/000121390026105218/ea0307150-8k_rankone.htm,True,
ROC,2026-09-30 00:00:00,https://www.sec.gov/Archives/edgar/data/2077709/000121390026105218/0001213900-26-105218-index.htm,EX-10.1,"CONTRACT FOR COMMERCIAL PRODUCTS AND COMMERCIAL SERVICES, DATED SEPTEMBER 14, 20",https://www.sec.gov/Archives/edgar/data/2077709/000121390026105218/ea030715001ex10-1.htm,False,
ROC,2026-09-30 00:00:00,https://www.sec.gov/Archives/edgar/data/2077709/000121390026105218/0001213900-26-105218-index.htm,EX-99.1,"PRESS RELEASE, DATED SEPTEMBER 28, 2026",https://www.sec.gov/Archives/edgar/data/2077709/000121390026105218/ea030715001ex99-1.htm,False,
FANG,2026-09-30 00:00:00,https://www.sec.gov/Archives/edgar/data/1539838/000110465926112325/0001104659-26-112325-index.htm,8-K,FORM 8-K,https://www.sec.gov/Archives/edgar/data/1539838/000110465926112325/tm2626600d1_8k.htm,True,
FANG,2026-09-30 00:00:00,https://www.sec.gov/Archives/edgar/data/1539838/000110465926112325/0001104659-26-112325-index.htm,EX-10.1,EXHIBIT 10.1,https://www.sec.gov/Archives/edgar/data/1539838/000110465926112325/tm2626600d1_ex10-1.htm,False,
CARS,2026-09-30 00:00:00,https://www.sec.gov/Archives/edgar/data/1683606/000119312526409040/0001193125-26-409040-index.htm,8-K,8-K,https://www.sec.gov/Archives/edgar/data/1683606/000119312526409040/cars-20260924.htm,False,
CARS,2026-09-30 00:00:00,https://www.sec.gov/Archives/edgar/data/1683606/000119312526409040/0001193125-26-409040-index.htm,EX-10.1,EX-10.1,https://www.sec.gov/Archives/edgar/data/1683606/000119312526409040/cars-ex10_1.htm,False,
CARS,2026-09-30 00:00:00,https://www.sec.gov/Archives/edgar/data/1683606/000119312526409040/0001193125-26-409040-index.htm,EX-99.1,EX-99.1,https://www.sec.gov/Archives/edgar/data/1683606/000119312526409040/cars-ex99_1.htm,False,
LTRN,2026-09-30 00:00:00,https://www.sec.gov/Archives/edgar/data/1763950/000149315226045100/0001493152-26-045100-index.htm,8-K,8-K,https://www.sec.gov/Archives/edgar/data/1763950/000149315226045100/form8-k.htm,True,
LTRN,2026-09-30 00:00:00,https://www.sec.gov/Archives/edgar/data/1763950/000149315226045100/0001493152-26-045100-index.htm,EX-10.1,EX-10.1,https://www.sec.gov/Archives/edgar/data/1763950/000149315226045100/ex10-1.htm,True,
LTRN,2026-09-30 00:00:00,https://www.sec.gov/Archives/edgar/data/1763950/000149315226045100/0001493152-26-045100-index.htm,EX-99.1,EX-99.1,https://www.sec.gov/Archives/edgar/data/1763950/000149315226045100/ex99-1.htm,False,
None,2026-09-30 00:00:00,https://www.sec.gov/Archives/edgar/data/2011498/000119312526409038/0001193125-26-409038-index.htm,8-K,8-K,https://www.sec.gov/Archives/edgar/data/2011498/000119312526409038/ck0002011498-20260924.htm,False,
FVR,2026-09-30 00:00:00,https://www.sec.gov/Archives/edgar/data/1988494/000119312526409039/0001193125-26-409039-index.htm,8-K,8-K,https://www.sec.gov/Archives/edgar/data/1988494/000119312526409039/fvr-20260930.htm,False,
IMG,2026-09-30 00:00:00,https://www.sec.gov/Archives/edgar/data/1527613/000149315226045101/0001493152-26-045101-index.htm,8-K,8-K,https://www.sec.gov/Archives/edgar/data/1527613/000149315226045101/form8-k.htm,True,
IMG,2026-09-30 00:00:00,https://www.sec.gov/Archives/edgar/data/1527613/000149315226045101/0001493152-26-045101-index.htm,EX-10.1,EX-10.1,https://www.sec.gov/Archives/edgar/data/1527613/000149315226045101/ex10-1.htm,True,
NUZE,2026-09-30 00:00:00,https://www.sec.gov/Archives/edgar/data/1527613/000149315226045101/0001493152-26-045101-index.htm,8-K,8-K,https://www.sec.gov/Archives/edgar/data/1527613/000149315226045101/form8-k.htm,True,
NUZE,2026-09-30 00:00:00,https://www.sec.gov/Archives/edgar/data/1527613/000149315226045101/0001493152-26-045101-index.htm,EX-10.1,EX-10.1,https://www.sec.gov/Archives/edgar/data/1527613/000149315226045101/ex10-1.htm,True,
None,2026-09-30 00:00:00,https://www.sec.gov/Archives/edgar/data/7286/000076462226000049/0000764622-26-000049-index.htm,8-K,8-K,https://www.sec.gov/Archives/edgar/data/7286/000076462226000049/pnw-20260930.htm,False,
None,2026-09-30 00:00:00,https://www.sec.gov/Archives/edgar/data/7286/000076462226000049/0000764622-26-000049-index.htm,EX-99.1,EX-99.1,https://www.sec.gov/Archives/edgar/data/7286/000076462226000049/octoberinvestordeck.htm,False,
PNW,2026-09-30 00:00:00,https://www.sec.gov/Archives/edgar/data/764622/000076462226000049/0000764622-26-000049-index.htm,8-K,8-K,https://www.sec.gov/Archives/edgar/data/7286/000076462226000049/pnw-20260930.htm,False,
PNW,2026-09-30 00:00:00,https://www.sec.gov/Archives/edgar/data/764622/000076462226000049/0000764622-26-000049-index.htm,EX-99.1,EX-99.1,https://www.sec.gov/Archives/edgar/data/7286/000076462226000049/octoberinvestordeck.htm,False,
SON,2026-09-30 00:00:00,https://www.sec.gov/Archives/edgar/data/91767/000009176726000044/0000091767-26-000044-index.htm,8-K,8-K,https://www.sec.gov/Archives/edgar/data/91767/000009176726000044/son-20260925.htm,True,
SON,2026-09-30 00:00:00,https://www.sec.gov/Archives/edgar/data/91767/000009176726000044/0000091767-26-000044-index.htm,EX-10.1,EX-10.1,https://www.sec.gov/Archives/edgar/data/91767/000009176726000044/exhibit101-firstamendmentt.htm,True,
SNX,2026-09-30 00:00:00,https://www.sec.gov/Archives/edgar/data/1177394/000162828026063963/0001628280-26-063963-index.htm,8-K,8-K,https://www.sec.gov/Archives/edgar/data/1177394/000162828026063963/snx-20260925.htm,True,
SNX,2026-09-30 00:00:00,https://www.sec.gov/Archives/edgar/data/1177394/000162828026063963/0001628280-26-063963-index.htm,EX-10.1,EX-10.1,https://www.sec.gov/Archives/edgar/data/1177394/000162828026063963/ex101eighthomnibusamendment.htm,True,
MU,2026-09-30 00:00:00,https://www.sec.gov/Archives/edgar/data/723125/000072312526000018/0000723125-26-000018-index.htm,8-K,8-K,https://www.sec.gov/Archives/edgar/data/723125/000072312526000018/mu-20260930.htm,False,
MU,2026-09-30 00:00:00,https://www.sec.gov/Archives/edgar/data/723125/000072312526000018/0000723125-26-000018-index.htm,EX-99.1,EX-99.1 EARNINGS RELEASE,https://www.sec.gov/Archives/edgar/data/723125/000072312526000018/a2026q4ex991-pressrelease.htm,False,
ALMU,2026-09-30 00:00:00,https://www.sec.gov/Archives/edgar/data/1828805/000121390026105210/0001213900-26-105210-index.htm,8-K,CURRENT REPORT,https://www.sec.gov/Archives/edgar/data/1828805/000121390026105210/ea0307078-8k_aeluma.htm,False,
None,2026-09-30 00:00:00,https://www.sec.gov/Archives/edgar/data/1882850/000119312526409026/0001193125-26-409026-index.htm,8-K,8-K,https://www.sec.gov/Archives/edgar/data/1882850/000119312526409026/ck0001882850-20260930.htm,False,
None,2026-09-30 00:00:00,https://www.sec.gov/Archives/edgar/data/2134183/000119312526409024/0001193125-26-409024-index.htm,8-K,8-K,https://www.sec.gov/Archives/edgar/data/2134183/000119312526409024/d141507d8k.htm,False,
BCO,2026-09-30 00:00:00,https://www.sec.gov/Archives/edgar/data/78890/000007889026000058/0000078890-26-000058-index.htm,8-K,8-K,https://www.sec.gov/Archives/edgar/data/78890/000007889026000058/bco-20260930.htm,False,
BCO,2026-09-30 00:00:00,https://www.sec.gov/Archives/edgar/data/78890/000007889026000058/0000078890-26-000058-index.htm,EX-99.1,EX-99.1,https://www.sec.gov/Archives/edgar/data/78890/000007889026000058/exhibit991pressrelease2026.htm,False,
CHCO,2026-09-30 00:00:00,https://www.sec.gov/Archives/edgar/data/726854/000072685426000175/0000726854-26-000175-index.htm,8-K,"8-K, CHCO DIV 10 2026",https://www.sec.gov/Archives/edgar/data/726854/000072685426000175/chco-20260930.htm,False,
CHCO,2026-09-30 00:00:00,https://www.sec.gov/Archives/edgar/data/726854/000072685426000175/0000726854-26-000175-index.htm,EX-99.1,"EX-99.1, DIVIDEND INCR",https://www.sec.gov/Archives/edgar/data/726854/000072685426000175/ex99-1dividendincrease9302.htm,False,
AESE,2026-09-30 00:00:00,https://www.sec.gov/Archives/edgar/data/1708341/000121390026105202/0001213900-26-105202-index.htm,8-K,CURRENT REPORT,https://www.sec.gov/Archives/edgar/data/1708341/000121390026105202/ea0307227-8k_allin.htm,False,
AGAEW,2026-09-30 00:00:00,https://www.sec.gov/Archives/edgar/data/1708341/000121390026105202/0001213900-26-105202-index.htm,8-K,CURRENT REPORT,https://www.sec.gov/Archives/edgar/data/1708341/000121390026105202/ea0307227-8k_allin.htm,False,
AIFA,2026-09-30 00:00:00,https://www.sec.gov/Archives/edgar/data/1708341/000121390026105202/0001213900-26-105202-index.htm,8-K,CURRENT REPORT,https://www.sec.gov/Archives/edgar/data/1708341/000121390026105202/ea0307227-8k_allin.htm,False,
AGAE,2026-09-30 00:00:00,https://www.sec.gov/Archives/edgar/data/1708341/000121390026105202/0001213900-26-105202-index.htm,8-K,CURRENT REPORT,https://www.sec.gov/Archives/edgar/data/1708341/000121390026105202/ea0307227-8k_allin.htm,False,
CHCO,2026-09-30 00:00:00,https://www.sec.gov/Archives/edgar/data/726854/000072685426000171/0000726854-26-000171-index.htm,8-K,"8-K, DIRECTORS - ALSOP, HUSS",https://www.sec.gov/Archives/edgar/data/726854/000072685426000171/chco-20260930.htm,False,
CHCO,2026-09-30 00:00:00,https://www.sec.gov/Archives/edgar/data/726854/000072685426000171/0000726854-26-000171-index.htm,EX-99.1,"EX-99.1, ALSOP JOINS CHCO BOARD",https://www.sec.gov/Archives/edgar/data/726854/000072685426000171/ex99-1alsopjoinschcoboard.htm,False,
None,2026-09-30 00:00:00,https://www.sec.gov/Archives/edgar/data/1976927/000197692726000073/0001976927-26-000073-index.htm,8-K,8-K,https://www.sec.gov/Archives/edgar/data/1976927/000197692726000073/incref-20260930.htm,False,
WLFC,2026-09-30 00:00:00,https://www.sec.gov/Archives/edgar/data/1018164/000101816426000082/0001018164-26-000082-index.htm,8-K,8-K,https://www.sec.gov/Archives/edgar/data/1018164/000101816426000082/wlfc-20260924.htm,False,
WLFC,2026-09-30 00:00:00,https://www.sec.gov/Archives/edgar/data/1018164/000101816426000082/0001018164-26-000082-index.htm,EX-99.1,EX-99.1,https://www.sec.gov/Archives/edgar/data/1018164/000101816426000082/exhibit991-certificateofco.htm,False,
WLFCP,2026-09-30 00:00:00,https://www.sec.gov/Archives/edgar/data/1018164/000101816426000082/0001018164-26-000082-index.htm,8-K,8-K,https://www.sec.gov/Archives/edgar/data/1018164/000101816426000082/wlfc-20260924.htm,False,
WLFCP,2026-09-30 00:00:00,https://www.sec.gov/Archives/edgar/data/1018164/000101816426000082/0001018164-26-000082-index.htm,EX-99.1,EX-99.1,https://www.sec.gov/Archives/edgar/data/1018164/000101816426000082/exhibit991-certificateofco.htm,False,
None,2026-09-30 00:00:00,https://www.sec.gov/Archives/edgar/data/2149768/000110465926112270/0001104659-26-112270-index.htm,8-K,FORM 8-K,https://www.sec.gov/Archives/edgar/data/1541507/000110465926112270/tm2625528d14_8k.htm,True,
None,2026-09-30 00:00:00,https://www.sec.gov/Archives/edgar/data/2149768/000110465926112270/0001104659-26-112270-index.htm,EX-10.1,EXHIBIT 10.1,https://www.sec.gov/Archives/edgar/data/1541507/000110465926112270/tm2625528d14_ex10-1.htm,True,
None,2026-09-30 00:00:00,https://www.sec.gov/Archives/edgar/data/2149768/000110465926112270/0001104659-26-112270-index.htm,EX-10.2,EXHIBIT 10.2,https://www.sec.gov/Archives/edgar/data/1541507/000110465926112270/tm2625528d14_ex10-2.htm,True,
None,2026-09-30 00:00:00,https://www.sec.gov/Archives/edgar/data/1541507/000110465926112270/0001104659-26-112270-index.htm,8-K,FORM 8-K,https://www.sec.gov/Archives/edgar/data/1541507/000110465926112270/tm2625528d14_8k.htm,True,
None,2026-09-30 00:00:00,https://www.sec.gov/Archives/edgar/data/1541507/000110465926112270/0001104659-26-112270-index.htm,EX-10.1,EXHIBIT 10.1,https://www.sec.gov/Archives/edgar/data/1541507/000110465926112270/tm2625528d14_ex10-1.htm,True,
None,2026-09-30 00:00:00,https://www.sec.gov/Archives/edgar/data/1541507/000110465926112270/0001104659-26-112270-index.htm,EX-10.2,EXHIBIT 10.2,https://www.sec.gov/Archives/edgar/data/1541507/000110465926112270/tm2625528d14_ex10-2.htm,True,
MITQ,2026-09-30 00:00:00,https://www.sec.gov/Archives/edgar/data/1770236/000143774926031585/0001437749-26-031585-index.htm,8-K,FORM 8-K,https://www.sec.gov/Archives/edgar/data/1770236/000143774926031585/mitq20260603_8k.htm,False,
MITQ,2026-09-30 00:00:00,https://www.sec.gov/Archives/edgar/data/1770236/000143774926031585/0001437749-26-031585-index.htm,EX-99.1,EXHIBIT 99.1,https://www.sec.gov/Archives/edgar/data/1770236/000143774926031585/ex_972029.htm,False,
None,2026-09-30 00:00:00,https://www.sec.gov/Archives/edgar/data/2153094/000119312526408915/0001193125-26-408915-index.htm,8-K,8-K,https://www.sec.gov/Archives/edgar/data/1129068/000119312526408915/d168082d8k.htm,True,
None,2026-09-30 00:00:00,https://www.sec.gov/Archives/edgar/data/2153094/000119312526408915/0001193125-26-408915-index.htm,EX-10.1,EX-10.1,https://www.sec.gov/Archives/edgar/data/1129068/000119312526408915/d168082dex101.htm,True,
None,2026-09-30 00:00:00,https://www.sec.gov/Archives/edgar/data/2153094/000119312526408915/0001193125-26-408915-index.htm,EX-10.2,EX-10.2,https://www.sec.gov/Archives/edgar/data/1129068/000119312526408915/d168082dex102.htm,True,
None,2026-09-30 00:00:00,https://www.sec.gov/Archives/edgar/data/1129068/000119312526408915/0001193125-26-408915-index.htm,8-K,8-K,https://www.sec.gov/Archives/edgar/data/1129068/000119312526408915/d168082d8k.htm,True,
None,2026-09-30 00:00:00,https://www.sec.gov/Archives/edgar/data/1129068/000119312526408915/0001193125-26-408915-index.htm,EX-10.1,EX-10.1,https://www.sec.gov/Archives/edgar/data/1129068/000119312526408915/d168082dex101.htm,True,
None,2026-09-30 00:00:00,https://www.sec.gov/Archives/edgar/data/1129068/000119312526408915/0001193125-26-408915-index.htm,EX-10.2,EX-10.2,https://www.sec.gov/Archives/edgar/data/1129068/000119312526408915/d168082dex102.htm,True,
None,2026-09-30 00:00:00,https://www.sec.gov/Archives/edgar/data/1893262/000162828026063945/0001628280-26-063945-index.htm,8-K,8-K,https://www.sec.gov/Archives/edgar/data/1893262/000162828026063945/ck0001893262-20260930.htm,False,
None,2026-09-30 00:00:00,https://www.sec.gov/Archives/edgar/data/1946997/000119312526408884/0001193125-26-408884-index.htm,8-K,8-K,https://www.sec.gov/Archives/edgar/data/1946997/000119312526408884/ck0001946997-20260930.htm,False,
LESL,2026-09-30 00:00:00,https://www.sec.gov/Archives/edgar/data/1821806/000119312526408874/0001193125-26-408874-index.htm,8-K,8-K,https://www.sec.gov/Archives/edgar/data/1821806/000119312526408874/d175109d8k.htm,True,
LESL,2026-09-30 00:00:00,https://www.sec.gov/Archives/edgar/data/1821806/000119312526408874/0001193125-26-408874-index.htm,EX-10.1,EX-10.1,https://www.sec.gov/Archives/edgar/data/1821806/000119312526408874/d175109dex101.htm,True,
LESL,2026-09-30 00:00:00,https://www.sec.gov/Archives/edgar/data/1821806/000119312526408874/0001193125-26-408874-index.htm,EX-99.1,EX-99.1,https://www.sec.gov/Archives/edgar/data/1821806/000119312526408874/d175109dex991.htm,False,
None,2026-09-30 00:00:00,https://www.sec.gov/Archives/edgar/data/1920453/000119312526408861/0001193125-26-408861-index.htm,8-K,8-K,https://www.sec.gov/Archives/edgar/data/1920453/000119312526408861/ck0001920453-20260930.htm,False,
None,2026-09-30 00:00:00,https://www.sec.gov/Archives/edgar/data/1920453/000119312526408861/0001193125-26-408861-index.htm,EX-99.1,EX-99.1,https://www.sec.gov/Archives/edgar/data/1920453/000119312526408861/ck0001920453-ex99_1.htm,False,
None,2026-09-30 00:00:00,https://www.sec.gov/Archives/edgar/data/1756761/000175676126000134/0001756761-26-000134-index.htm,8-K,8-K,https://www.sec.gov/Archives/edgar/data/1756761/000175676126000134/inreit-20260930.htm,False,
RVP,2026-09-30 00:00:00,https://www.sec.gov/Archives/edgar/data/946563/000110465926112249/0001104659-26-112249-index.htm,8-K,FORM 8-K,https://www.sec.gov/Archives/edgar/data/946563/000110465926112249/tm2626198d1_8k.htm,False,
None,2026-09-30 00:00:00,https://www.sec.gov/Archives/edgar/data/2152423/000153949726002613/0001539497-26-002613-index.htm,8-K,8-K,https://www.sec.gov/Archives/edgar/data/2152423/000153949726002613/n6111_x16-8k.htm,False,
None,2026-09-30 00:00:00,https://www.sec.gov/Archives/edgar/data/1950572/000119312526408787/0001193125-26-408787-index.htm,8-K,8-K,https://www.sec.gov/Archives/edgar/data/1950572/000119312526408787/ck0001950572-20260929.htm,False,
None,2026-09-30 00:00:00,https://www.sec.gov/Archives/edgar/data/2085428/000162828026063940/0001628280-26-063940-index.htm,8-K,8-K,https://www.sec.gov/Archives/edgar/data/2085428/000162828026063940/nuveen-20260924.htm,True,
None,2026-09-30 00:00:00,https://www.sec.gov/Archives/edgar/data/2085428/000162828026063940/0001628280-26-063940-index.htm,EX-10.1,EX-10.1,https://www.sec.gov/Archives/edgar/data/2085428/000162828026063940/freit8-kxseptember2026ex101.htm,False,
None,2026-09-30 00:00:00,https://www.sec.gov/Archives/edgar/data/2085428/000162828026063940/0001628280-26-063940-index.htm,EX-10.2,EX-10.2,https://www.sec.gov/Archives/edgar/data/2085428/000162828026063940/freit8-kxseptember2026ex102.htm,False,
TXTM,2026-09-30 00:00:00,https://www.sec.gov/Archives/edgar/data/1163573/000114036126038066/0001140361-26-038066-index.htm,8-K,8-K,https://www.sec.gov/Archives/edgar/data/1163573/000114036126038066/ef20082893_8k.htm,False,
TXTM,2026-09-30 00:00:00,https://www.sec.gov/Archives/edgar/data/1163573/000114036126038066/0001140361-26-038066-index.htm,EX-99.1,EXHIBIT 99.1,https://www.sec.gov/Archives/edgar/data/1163573/000114036126038066/ef20082893_ex99-1.htm,False,
VYLR,2026-09-30 00:00:00,https://www.sec.gov/Archives/edgar/data/2128626/000119312526408748/0001193125-26-408748-index.htm,8-K,8-K,https://www.sec.gov/Archives/edgar/data/2128626/000119312526408748/d39681d8k.htm,False,
VYLR,2026-09-30 00:00:00,https://www.sec.gov/Archives/edgar/data/2128626/000119312526408748/0001193125-26-408748-index.htm,EX-99.1,EX-99.1,https://www.sec.gov/Archives/edgar/data/2128626/000119312526408748/d39681dex991.htm,False,
CTVA,2026-09-30 00:00:00,https://www.sec.gov/Archives/edgar/data/1755672/000119312526408740/0001193125-26-408740-index.htm,8-K,8-K,https://www.sec.gov/Archives/edgar/data/30554/000119312526408740/d37534d8k.htm,False,
CTVA,2026-09-30 00:00:00,https://www.sec.gov/Archives/edgar/data/1755672/000119312526408740/0001193125-26-408740-index.htm,EX-99.1,EX-99.1,https://www.sec.gov/Archives/edgar/data/30554/000119312526408740/d37534dex991.htm,False,
CTA-PB,2026-09-30 00:00:00,https://www.sec.gov/Archives/edgar/data/30554/000119312526408740/0001193125-26-408740-index.htm,8-K,8-K,https://www.sec.gov/Archives/edgar/data/30554/000119312526408740/d37534d8k.htm,False,
CTA-PB,2026-09-30 00:00:00,https://www.sec.gov/Archives/edgar/data/30554/000119312526408740/0001193125-26-408740-index.htm,EX-99.1,EX-99.1,https://www.sec.gov/Archives/edgar/data/30554/000119312526408740/d37534dex991.htm,False,
CTA-PA,2026-09-30 00:00:00,https://www.sec.gov/Archives/edgar/data/30554/000119312526408740/0001193125-26-408740-index.htm,8-K,8-K,https://www.sec.gov/Archives/edgar/data/30554/000119312526408740/d37534d8k.htm,False,
CTA-PA,2026-09-30 00:00:00,https://www.sec.gov/Archives/edgar/data/30554/000119312526408740/0001193125-26-408740-index.htm,EX-99.1,EX-99.1,https://www.sec.gov/Archives/edgar/data/30554/000119312526408740/d37534dex991.htm,False,
OMTK,2026-09-30 00:00:00,https://www.sec.gov/Archives/edgar/data/1404804/000109690626001488/0001096906-26-001488-index.htm,8-K,OMNITEK ENGINEERING CORP. - FORM 8-K SEC FILING,https://www.sec.gov/Archives/edgar/data/1404804/000109690626001488/omtk-20260923_8k.htm,False,
OMTK,2026-09-30 00:00:00,https://www.sec.gov/Archives/edgar/data/1404804/000109690626001488/0001096906-26-001488-index.htm,EX-10.1,WARRANT 2026-01,https://www.sec.gov/Archives/edgar/data/1404804/000109690626001488/omtk_ex10z1.htm,False,
None,2026-09-30 00:00:00,https://www.sec.gov/Archives/edgar/data/2074065/000110465926112221/0001104659-26-112221-index.htm,8-K,FORM 8-K,https://www.sec.gov/Archives/edgar/data/2074065/000110465926112221/tm2626489d1_8k.htm,False,
None,2026-09-30 00:00:00,https://www.sec.gov/Archives/edgar/data/1633858/000119312526408683/0001193125-26-408683-index.htm,8-K,8-K,https://www.sec.gov/Archives/edgar/data/1633858/000119312526408683/ck0001633858-20260925.htm,False,
TSE,2026-09-30 00:00:00,https://www.sec.gov/Archives/edgar/data/1519061/000110465926112217/0001104659-26-112217-index.htm,8-K,8-K,https://www.sec.gov/Archives/edgar/data/1519061/000110465926112217/tse-20260930x8k.htm,False,
TSEOF,2026-09-30 00:00:00,https://www.sec.gov/Archives/edgar/data/1519061/000110465926112217/0001104659-26-112217-index.htm,8-K,8-K,https://www.sec.gov/Archives/edgar/data/1519061/000110465926112217/tse-20260930x8k.htm,False,
SWDS,2026-09-30 00:00:00,https://www.sec.gov/Archives/edgar/data/1711929/000119312526408572/0001193125-26-408572-index.htm,8-K,8-K,https://www.sec.gov/Archives/edgar/data/1711929/000119312526408572/ck0001711929-20260930.htm,False,
SWDR,2026-09-30 00:00:00,https://www.sec.gov/Archives/edgar/data/1711929/000119312526408572/0001193125-26-408572-index.htm,8-K,8-K,https://www.sec.gov/Archives/edgar/data/1711929/000119312526408572/ck0001711929-20260930.htm,False,
None,2026-09-30 00:00:00,https://www.sec.gov/Archives/edgar/data/2026448/000162828026063903/0001628280-26-063903-index.htm,8-K,8-K,https://www.sec.gov/Archives/edgar/data/2026448/000162828026063903/pcrei-20260930.htm,False,
None,2026-09-30 00:00:00,https://www.sec.gov/Archives/edgar/data/1661306/000166130626000094/0001661306-26-000094-index.htm,8-K,8-K,https://www.sec.gov/Archives/edgar/data/1661306/000166130626000094/ck0001661306-20260928.htm,False,
LEE,2026-09-30 00:00:00,https://www.sec.gov/Archives/edgar/data/58361/000005836126000071/0000058361-26-000071-index.htm,8-K,8-K,https://www.sec.gov/Archives/edgar/data/58361/000005836126000071/lee-20260924.htm,False,
LEE,2026-09-30 00:00:00,https://www.sec.gov/Archives/edgar/data/58361/000005836126000071/0000058361-26-000071-index.htm,EX-99.1,EX-99.1,https://www.sec.gov/Archives/edgar/data/58361/000005836126000071/leeenterprisesappointsgreg.htm,False,
DMRC,2026-09-30 00:00:00,https://www.sec.gov/Archives/edgar/data/2119322/000143774926031541/0001437749-26-031541-index.htm,8-K,FORM 8-K,https://www.sec.gov/Archives/edgar/data/2119322/000143774926031541/desp20260924_8k.htm,True,
DMRC,2026-09-30 00:00:00,https://www.sec.gov/Archives/edgar/data/2119322/000143774926031541/0001437749-26-031541-index.htm,EX-10.1,EXHIBIT 10.1,https://www.sec.gov/Archives/edgar/data/2119322/000143774926031541/ex_1019527.htm,False,
DMRC,2026-09-30 00:00:00,https://www.sec.gov/Archives/edgar/data/2119322/000143774926031541/0001437749-26-031541-index.htm,EX-10.2,EXHIBIT 10.2,https://www.sec.gov/Archives/edgar/data/2119322/000143774926031541/ex_1020794.htm,False,
DMRC,2026-09-30 00:00:00,https://www.sec.gov/Archives/edgar/data/2119322/000143774926031541/0001437749-26-031541-index.htm,EX-99.1,EXHIBIT 99.1,https://www.sec.gov/Archives/edgar/data/2119322/000143774926031541/ex_1019408.htm,False,
DBRG,2026-09-30 00:00:00,https://www.sec.gov/Archives/edgar/data/1679688/000110465926112148/0001104659-26-112148-index.htm,8-K,FORM 8-K,https://www.sec.gov/Archives/edgar/data/1679688/000110465926112148/tm2626145d9_8k.htm,False,
DBRG,2026-09-30 00:00:00,https://www.sec.gov/Archives/edgar/data/1679688/000110465926112148/0001104659-26-112148-index.htm,EX-10.1,EXHIBIT 10.1,https://www.sec.gov/Archives/edgar/data/1679688/000110465926112148/tm2626145d9_ex10-1.htm,False,
DBRG-PH,2026-09-30 00:00:00,https://www.sec.gov/Archives/edgar/data/1679688/000110465926112148/0001104659-26-112148-index.htm,8-K,FORM 8-K,https://www.sec.gov/Archives/edgar/data/1679688/000110465926112148/tm2626145d9_8k.htm,False,
DBRG-PH,2026-09-30 00:00:00,https://www.sec.gov/Archives/edgar/data/1679688/000110465926112148/0001104659-26-112148-index.htm,EX-10.1,EXHIBIT 10.1,https://www.sec.gov/Archives/edgar/data/1679688/000110465926112148/tm2626145d9_ex10-1.htm,False,
DBRG-PI,2026-09-30 00:00:00,https://www.sec.gov/Archives/edgar/data/1679688/000110465926112148/0001104659-26-112148-index.htm,8-K,FORM 8-K,https://www.sec.gov/Archives/edgar/data/1679688/000110465926112148/tm2626145d9_8k.htm,False,
DBRG-PI,2026-09-30 00:00:00,https://www.sec.gov/Archives/edgar/data/1679688/000110465926112148/0001104659-26-112148-index.htm,EX-10.1,EXHIBIT 10.1,https://www.sec.gov/Archives/edgar/data/1679688/000110465926112148/tm2626145d9_ex10-1.htm,False,
DBRG-PJ,2026-09-30 00:00:00,https://www.sec.gov/Archives/edgar/data/1679688/000110465926112148/0001104659-26-112148-index.htm,8-K,FORM 8-K,https://www.sec.gov/Archives/edgar/data/1679688/000110465926112148/tm2626145d9_8k.htm,False,
DBRG-PJ,2026-09-30 00:00:00,https://www.sec.gov/Archives/edgar/data/1679688/000110465926112148/0001104659-26-112148-index.htm,EX-10.1,EXHIBIT 10.1,https://www.sec.gov/Archives/edgar/data/1679688/000110465926112148/tm2626145d9_ex10-1.htm,False,
CLNY,2026-09-30 00:00:00,https://www.sec.gov/Archives/edgar/data/1679688/000110465926112148/0001104659-26-112148-index.htm,8-K,FORM 8-K,https://www.sec.gov/Archives/edgar/data/1679688/000110465926112148/tm2626145d9_8k.htm,False,
CLNY,2026-09-30 00:00:00,https://www.sec.gov/Archives/edgar/data/1679688/000110465926112148/0001104659-26-112148-index.htm,EX-10.1,EXHIBIT 10.1,https://www.sec.gov/Archives/edgar/data/1679688/000110465926112148/tm2626145d9_ex10-1.htm,False,
None,2026-09-30 00:00:00,https://www.sec.gov/Archives/edgar/data/1986395/000119312526408440/0001193125-26-408440-index.htm,8-K,8-K,https://www.sec.gov/Archives/edgar/data/1986395/000119312526408440/ck0001986395-20260930.htm,False,
QTTB,2026-09-30 00:00:00,https://www.sec.gov/Archives/edgar/data/1661998/000119312526408435/0001193125-26-408435-index.htm,8-K,8-K,https://www.sec.gov/Archives/edgar/data/1661998/000119312526408435/d13352d8k.htm,False,
QTTB,2026-09-30 00:00:00,https://www.sec.gov/Archives/edgar/data/1661998/000119312526408435/0001193125-26-408435-index.htm,EX-99.1,EX-99.1,https://www.sec.gov/Archives/edgar/data/1661998/000119312526408435/d13352dex991.htm,False,
RENT,2026-09-30 00:00:00,https://www.sec.gov/Archives/edgar/data/1468327/000095010326014833/0000950103-26-014833-index.htm,8-K,FORM 8-K,https://www.sec.gov/Archives/edgar/data/1468327/000095010326014833/dp254067_8k-launch.htm,False,
CARL,2026-09-30 00:00:00,https://www.sec.gov/Archives/edgar/data/1794546/000179454626000020/0001794546-26-000020-index.htm,8-K,8-K,https://www.sec.gov/Archives/edgar/data/1794546/000179454626000020/carl-20260924.htm,False,
CARL,2026-09-30 00:00:00,https://www.sec.gov/Archives/edgar/data/1794546/000179454626000020/0001794546-26-000020-index.htm,EX-10.1,EX-10.1,https://www.sec.gov/Archives/edgar/data/1794546/000179454626000020/carl-ex10_1.htm,False,
CARL,2026-09-30 00:00:00,https://www.sec.gov/Archives/edgar/data/1794546/000179454626000020/0001794546-26-000020-index.htm,EX-10.2,EX-10.2,https://www.sec.gov/Archives/edgar/data/1794546/000179454626000020/carl-ex10_2.htm,False,
CARL,2026-09-30 00:00:00,https://www.sec.gov/Archives/edgar/data/1794546/000179454626000020/0001794546-26-000020-index.htm,EX-99.1,EX-99.1,https://www.sec.gov/Archives/edgar/data/1794546/000179454626000020/carl-ex99_1.htm,False,
TPET,2026-09-30 00:00:00,https://www.sec.gov/Archives/edgar/data/1898766/000149315226045044/0001493152-26-045044-index.htm,8-K,8-K,https://www.sec.gov/Archives/edgar/data/1898766/000149315226045044/form8-k.htm,True,
TPET,2026-09-30 00:00:00,https://www.sec.gov/Archives/edgar/data/1898766/000149315226045044/0001493152-26-045044-index.htm,EX-10.1,EX-10.1,https://www.sec.gov/Archives/edgar/data/1898766/000149315226045044/ex10-1.htm,False,
TPET,2026-09-30 00:00:00,https://www.sec.gov/Archives/edgar/data/1898766/000149315226045044/0001493152-26-045044-index.htm,EX-99.1,EX-99.1,https://www.sec.gov/Archives/edgar/data/1898766/000149315226045044/ex99-1.htm,False,
FREVS,2026-09-30 00:00:00,https://www.sec.gov/Archives/edgar/data/36840/000117494726000906/0001174947-26-000906-index.htm,8-K,8-K,https://www.sec.gov/Archives/edgar/data/36840/000117494726000906/form8k-36384_frevs.htm,False,
FREVS,2026-09-30 00:00:00,https://www.sec.gov/Archives/edgar/data/36840/000117494726000906/0001174947-26-000906-index.htm,EX-99.1,EX-99.1,https://www.sec.gov/Archives/edgar/data/36840/000117494726000906/ex99-1.htm,False,
None,2026-09-30 00:00:00,https://www.sec.gov/Archives/edgar/data/2123169/000212316926000015/0002123169-26-000015-index.htm,8-K,8-K,https://www.sec.gov/Archives/edgar/data/2123169/000212316926000015/form8k.htm,False,
INDP,2026-09-30 00:00:00,https://www.sec.gov/Archives/edgar/data/1857044/000149315226045040/0001493152-26-045040-index.htm,8-K,8-K,https://www.sec.gov/Archives/edgar/data/1857044/000149315226045040/form8-k.htm,True,
INDP,2026-09-30 00:00:00,https://www.sec.gov/Archives/edgar/data/1857044/000149315226045040/0001493152-26-045040-index.htm,EX-10.1,EX-10.1,https://www.sec.gov/Archives/edgar/data/1857044/000149315226045040/ex10-1.htm,False,
HQY,2026-09-30 00:00:00,https://www.sec.gov/Archives/edgar/data/1428336/000142833626000045/0001428336-26-000045-index.htm,8-K,8-K,https://www.sec.gov/Archives/edgar/data/1428336/000142833626000045/hqy-20260924.htm,False,
HQY,2026-09-30 00:00:00,https://www.sec.gov/Archives/edgar/data/1428336/000142833626000045/0001428336-26-000045-index.htm,EX-99.1,EX-99.1,https://www.sec.gov/Archives/edgar/data/1428336/000142833626000045/noemieheulandboardappointm.htm,False,
BUKS,2026-09-30 00:00:00,https://www.sec.gov/Archives/edgar/data/15847/000001584726000047/0000015847-26-000047-index.htm,8-K,8-K,https://www.sec.gov/Archives/edgar/data/15847/000001584726000047/buks-20260930.htm,False,
BUKS,2026-09-30 00:00:00,https://www.sec.gov/Archives/edgar/data/15847/000001584726000047/0000015847-26-000047-index.htm,EX-99.1,EX-99.1,https://www.sec.gov/Archives/edgar/data/15847/000001584726000047/shareholderpresentation-.htm,False,
BAFN,2026-09-30 00:00:00,https://www.sec.gov/Archives/edgar/data/1649739/000164973926000118/0001649739-26-000118-index.htm,8-K,8-K,https://www.sec.gov/Archives/edgar/data/1649739/000164973926000118/bafn-20260930.htm,False,
BAFN,2026-09-30 00:00:00,https://www.sec.gov/Archives/edgar/data/1649739/000164973926000118/0001649739-26-000118-index.htm,EX-99.1,EX-99.1,https://www.sec.gov/Archives/edgar/data/1649739/000164973926000118/bayfirstq32026earningscall.htm,False,
VIDA,2026-09-30 00:00:00,https://www.sec.gov/Archives/edgar/data/1973062/000149315226045037/0001493152-26-045037-index.htm,8-K,8-K,https://www.sec.gov/Archives/edgar/data/1973062/000149315226045037/form8-k.htm,False,
VIDA,2026-09-30 00:00:00,https://www.sec.gov/Archives/edgar/data/1973062/000149315226045037/0001493152-26-045037-index.htm,EX-99.1,EX-99.1,https://www.sec.gov/Archives/edgar/data/1973062/000149315226045037/ex99-1.htm,False,
CBNK,2026-09-30 00:00:00,https://www.sec.gov/Archives/edgar/data/1419536/000141953626000148/0001419536-26-000148-index.htm,8-K,8-K,https://www.sec.gov/Archives/edgar/data/1419536/000141953626000148/cbnk-20260929.htm,False,
SRFM,2026-09-30 00:00:00,https://www.sec.gov/Archives/edgar/data/1936224/000193622426000014/0001936224-26-000014-index.htm,8-K,8-K,https://www.sec.gov/Archives/edgar/data/1936224/000193622426000014/srfm-20260929.htm,False,
SLXN,2026-09-30 00:00:00,https://www.sec.gov/Archives/edgar/data/2022416/000117891326004666/0001178913-26-004666-index.htm,8-K,8-K,https://www.sec.gov/Archives/edgar/data/2022416/000117891326004666/zk2636171.htm,False,
SLXN,2026-09-30 00:00:00,https://www.sec.gov/Archives/edgar/data/2022416/000117891326004666/0001178913-26-004666-index.htm,EX-99.1,EXHIBIT 99.1,https://www.sec.gov/Archives/edgar/data/2022416/000117891326004666/exhibit_99-1.htm,False,
SLXNW,2026-09-30 00:00:00,https://www.sec.gov/Archives/edgar/data/2022416/000117891326004666/0001178913-26-004666-index.htm,8-K,8-K,https://www.sec.gov/Archives/edgar/data/2022416/000117891326004666/zk2636171.htm,False,
SLXNW,2026-09-30 00:00:00,https://www.sec.gov/Archives/edgar/data/2022416/000117891326004666/0001178913-26-004666-index.htm,EX-99.1,EXHIBIT 99.1,https://www.sec.gov/Archives/edgar/data/2022416/000117891326004666/exhibit_99-1.htm,False,
BMNR,2026-09-30 00:00:00,https://www.sec.gov/Archives/edgar/data/1829311/000149315226045035/0001493152-26-045035-index.htm,8-K,8-K,https://www.sec.gov/Archives/edgar/data/1829311/000149315226045035/form8-k.htm,False,
BMNR,2026-09-30 00:00:00,https://www.sec.gov/Archives/edgar/data/1829311/000149315226045035/0001493152-26-045035-index.htm,EX-99.1,EX-99.1,https://www.sec.gov/Archives/edgar/data/1829311/000149315226045035/ex99-1.htm,False,
SSHI,2026-09-30 00:00:00,https://www.sec.gov/Archives/edgar/data/1829311/000149315226045035/0001493152-26-045035-index.htm,8-K,8-K,https://www.sec.gov/Archives/edgar/data/1829311/000149315226045035/form8-k.htm,False,
SSHI,2026-09-30 00:00:00,https://www.sec.gov/Archives/edgar/data/1829311/000149315226045035/0001493152-26-045035-index.htm,EX-99.1,EX-99.1,https://www.sec.gov/Archives/edgar/data/1829311/000149315226045035/ex99-1.htm,False,
MAT,2026-09-30 00:00:00,https://www.sec.gov/Archives/edgar/data/63276/000119312526408403/0001193125-26-408403-index.htm,8-K,8-K,https://www.sec.gov/Archives/edgar/data/63276/000119312526408403/d158681d8k.htm,False,
MAT,2026-09-30 00:00:00,https://www.sec.gov/Archives/edgar/data/63276/000119312526408403/0001193125-26-408403-index.htm,EX-10.1,EX-10.1,https://www.sec.gov/Archives/edgar/data/63276/000119312526408403/d158681dex101.htm,False,
MAT,2026-09-30 00:00:00,https://www.sec.gov/Archives/edgar/data/63276/000119312526408403/0001193125-26-408403-index.htm,EX-99.1,EX-99.1,https://www.sec.gov/Archives/edgar/data/63276/000119312526408403/d158681dex991.htm,False,
DWAC,2026-09-30 00:00:00,https://www.sec.gov/Archives/edgar/data/1849635/000143774926031535/0001437749-26-031535-index.htm,8-K,FORM 8-K,https://www.sec.gov/Archives/edgar/data/1849635/000143774926031535/djt20260930_8k.htm,True,
DWAC,2026-09-30 00:00:00,https://www.sec.gov/Archives/edgar/data/1849635/000143774926031535/0001437749-26-031535-index.htm,EX-10.1,EXHIBIT 10.1,https://www.sec.gov/Archives/edgar/data/1849635/000143774926031535/ex_1020868.htm,False,
DWAC,2026-09-30 00:00:00,https://www.sec.gov/Archives/edgar/data/1849635/000143774926031535/0001437749-26-031535-index.htm,EX-99.1,EXHIBIT 99.1,https://www.sec.gov/Archives/edgar/data/1849635/000143774926031535/ex_1020869.htm,False,
DJTWW,2026-09-30 00:00:00,https://www.sec.gov/Archives/edgar/data/1849635/000143774926031535/0001437749-26-031535-index.htm,8-K,FORM 8-K,https://www.sec.gov/Archives/edgar/data/1849635/000143774926031535/djt20260930_8k.htm,True,
DJTWW,2026-09-30 00:00:00,https://www.sec.gov/Archives/edgar/data/1849635/000143774926031535/0001437749-26-031535-index.htm,EX-10.1,EXHIBIT 10.1,https://www.sec.gov/Archives/edgar/data/1849635/000143774926031535/ex_1020868.htm,False,
DJTWW,2026-09-30 00:00:00,https://www.sec.gov/Archives/edgar/data/1849635/000143774926031535/0001437749-26-031535-index.htm,EX-99.1,EXHIBIT 99.1,https://www.sec.gov/Archives/edgar/data/1849635/000143774926031535/ex_1020869.htm,False,
DWACU,2026-09-30 00:00:00,https://www.sec.gov/Archives/edgar/data/1849635/000143774926031535/0001437749-26-031535-index.htm,8-K,FORM 8-K,https://www.sec.gov/Archives/edgar/data/1849635/000143774926031535/djt20260930_8k.htm,True,
DWACU,2026-09-30 00:00:00,https://www.sec.gov/Archives/edgar/data/1849635/000143774926031535/0001437749-26-031535-index.htm,EX-10.1,EXHIBIT 10.1,https://www.sec.gov/Archives/edgar/data/1849635/000143774926031535/ex_1020868.htm,False,
DWACU,2026-09-30 00:00:00,https://www.sec.gov/Archives/edgar/data/1849635/000143774926031535/0001437749-26-031535-index.htm,EX-99.1,EXHIBIT 99.1,https://www.sec.gov/Archives/edgar/data/1849635/000143774926031535/ex_1020869.htm,False,
DJT,2026-09-30 00:00:00,https://www.sec.gov/Archives/edgar/data/1849635/000143774926031535/0001437749-26-031535-index.htm,8-K,FORM 8-K,https://www.sec.gov/Archives/edgar/data/1849635/000143774926031535/djt20260930_8k.htm,True,
DJT,2026-09-30 00:00:00,https://www.sec.gov/Archives/edgar/data/1849635/000143774926031535/0001437749-26-031535-index.htm,EX-10.1,EXHIBIT 10.1,https://www.sec.gov/Archives/edgar/data/1849635/000143774926031535/ex_1020868.htm,False,
DJT,2026-09-30 00:00:00,https://www.sec.gov/Archives/edgar/data/1849635/000143774926031535/0001437749-26-031535-index.htm,EX-99.1,EXHIBIT 99.1,https://www.sec.gov/Archives/edgar/data/1849635/000143774926031535/ex_1020869.htm,False,
DWACW,2026-09-30 00:00:00,https://www.sec.gov/Archives/edgar/data/1849635/000143774926031535/0001437749-26-031535-index.htm,8-K,FORM 8-K,https://www.sec.gov/Archives/edgar/data/1849635/000143774926031535/djt20260930_8k.htm,True,
DWACW,2026-09-30 00:00:00,https://www.sec.gov/Archives/edgar/data/1849635/000143774926031535/0001437749-26-031535-index.htm,EX-10.1,EXHIBIT 10.1,https://www.sec.gov/Archives/edgar/data/1849635/000143774926031535/ex_1020868.htm,False,
DWACW,2026-09-30 00:00:00,https://www.sec.gov/Archives/edgar/data/1849635/000143774926031535/0001437749-26-031535-index.htm,EX-99.1,EXHIBIT 99.1,https://www.sec.gov/Archives/edgar/data/1849635/000143774926031535/ex_1020869.htm,False,
SWKS,2026-09-30 00:00:00,https://www.sec.gov/Archives/edgar/data/4127/000110465926112129/0001104659-26-112129-index.htm,8-K,FORM 8-K,https://www.sec.gov/Archives/edgar/data/4127/000110465926112129/tm2626657d1_8k.htm,False,
SWKS,2026-09-30 00:00:00,https://www.sec.gov/Archives/edgar/data/4127/000110465926112129/0001104659-26-112129-index.htm,EX-99.1,EXHIBIT 99.1,https://www.sec.gov/Archives/edgar/data/4127/000110465926112129/tm2626657d1_ex99-1.htm,False,
ELMT,2026-09-30 00:00:00,https://www.sec.gov/Archives/edgar/data/2101698/000121390026104913/0001213900-26-104913-index.htm,8-K,CURRENT REPORT,https://www.sec.gov/Archives/edgar/data/2101698/000121390026104913/ea0306882-8k_elmet.htm,False,
ELMT,2026-09-30 00:00:00,https://www.sec.gov/Archives/edgar/data/2101698/000121390026104913/0001213900-26-104913-index.htm,EX-99.1,"PRESS RELEASE, DATED SEPTEMBER 30, 2026",https://www.sec.gov/Archives/edgar/data/2101698/000121390026104913/ea030688201ex99-1.htm,False,
LH,2026-09-30 00:00:00,https://www.sec.gov/Archives/edgar/data/920148/000092014826000207/0000920148-26-000207-index.htm,8-K,8-K,https://www.sec.gov/Archives/edgar/data/920148/000092014826000207/lh-20260930.htm,False,
LH,2026-09-30 00:00:00,https://www.sec.gov/Archives/edgar/data/920148/000092014826000207/0000920148-26-000207-index.htm,EX-99.1,EX-99.1,https://www.sec.gov/Archives/edgar/data/920148/000092014826000207/formpr3q26ex991earningsann.htm,False,
BATL,2026-09-30 00:00:00,https://www.sec.gov/Archives/edgar/data/1282648/000110465926112126/0001104659-26-112126-index.htm,8-K,8-K,https://www.sec.gov/Archives/edgar/data/1282648/000110465926112126/batl-20260930x8k.htm,False,
BATL,2026-09-30 00:00:00,https://www.sec.gov/Archives/edgar/data/1282648/000110465926112126/0001104659-26-112126-index.htm,EX-99.1,EX-99.1,https://www.sec.gov/Archives/edgar/data/1282648/000110465926112126/batl-ex99d1.htm,False,
SZZLR,2026-09-30 00:00:00,https://www.sec.gov/Archives/edgar/data/2030663/000121390026104909/0001213900-26-104909-index.htm,8-K,CURRENT REPORT,https://www.sec.gov/Archives/edgar/data/2030663/000121390026104909/ea0307165-8k425_sizzle2.htm,True,
SZZL,2026-09-30 00:00:00,https://www.sec.gov/Archives/edgar/data/2030663/000121390026104909/0001213900-26-104909-index.htm,8-K,CURRENT REPORT,https://www.sec.gov/Archives/edgar/data/2030663/000121390026104909/ea0307165-8k425_sizzle2.htm,True,
SZZLU,2026-09-30 00:00:00,https://www.sec.gov/Archives/edgar/data/2030663/000121390026104909/0001213900-26-104909-index.htm,8-K,CURRENT REPORT,https://www.sec.gov/Archives/edgar/data/2030663/000121390026104909/ea0307165-8k425_sizzle2.htm,True,
BIAFW,2026-09-30 00:00:00,https://www.sec.gov/Archives/edgar/data/1712762/000149315226045034/0001493152-26-045034-index.htm,8-K,8-K,https://www.sec.gov/Archives/edgar/data/1712762/000149315226045034/form8-k.htm,False,
BIAFW,2026-09-30 00:00:00,https://www.sec.gov/Archives/edgar/data/1712762/000149315226045034/0001493152-26-045034-index.htm,EX-99.1,EX-99.1,https://www.sec.gov/Archives/edgar/data/1712762/000149315226045034/ex99-1.htm,False,
BIAF,2026-09-30 00:00:00,https://www.sec.gov/Archives/edgar/data/1712762/000149315226045034/0001493152-26-045034-index.htm,8-K,8-K,https://www.sec.gov/Archives/edgar/data/1712762/000149315226045034/form8-k.htm,False,
BIAF,2026-09-30 00:00:00,https://www.sec.gov/Archives/edgar/data/1712762/000149315226045034/0001493152-26-045034-index.htm,EX-99.1,EX-99.1,https://www.sec.gov/Archives/edgar/data/1712762/000149315226045034/ex99-1.htm,False,
LMFA,2026-09-30 00:00:00,https://www.sec.gov/Archives/edgar/data/1640384/000119312526408391/0001193125-26-408391-index.htm,8-K,8-K,https://www.sec.gov/Archives/edgar/data/1640384/000119312526408391/lmfa-20260924.htm,False,
LMFA,2026-09-30 00:00:00,https://www.sec.gov/Archives/edgar/data/1640384/000119312526408391/0001193125-26-408391-index.htm,EX-99.1,EX-99.1,https://www.sec.gov/Archives/edgar/data/1640384/000119312526408391/lmfa-ex99_1.htm,False,
GETY-WT,2026-09-30 00:00:00,https://www.sec.gov/Archives/edgar/data/1898496/000121390026104907/0001213900-26-104907-index.htm,8-K,CURRENT REPORT,https://www.sec.gov/Archives/edgar/data/1898496/000121390026104907/ea0307141-8k_getty.htm,False,
GETY,2026-09-30 00:00:00,https://www.sec.gov/Archives/edgar/data/1898496/000121390026104907/0001213900-26-104907-index.htm,8-K,CURRENT REPORT,https://www.sec.gov/Archives/edgar/data/1898496/000121390026104907/ea0307141-8k_getty.htm,False,
ITGR,2026-09-30 00:00:00,https://www.sec.gov/Archives/edgar/data/1114483/000095010326014831/0000950103-26-014831-index.htm,8-K,FORM 8-K,https://www.sec.gov/Archives/edgar/data/1114483/000095010326014831/dp254070_8k.htm,False,
ITGR,2026-09-30 00:00:00,https://www.sec.gov/Archives/edgar/data/1114483/000095010326014831/0000950103-26-014831-index.htm,EX-99.1,EXHIBIT 99.1,https://www.sec.gov/Archives/edgar/data/1114483/000095010326014831/dp254070_ex9901.htm,False,
ZCSH,2026-09-30 00:00:00,https://www.sec.gov/Archives/edgar/data/1720265/000119312526408382/0001193125-26-408382-index.htm,8-K,8-K,https://www.sec.gov/Archives/edgar/data/1720265/000119312526408382/zcsh-20260930.htm,False,
ZCSH,2026-09-30 00:00:00,https://www.sec.gov/Archives/edgar/data/1720265/000119312526408382/0001193125-26-408382-index.htm,EX-99.1,EX-99.1,https://www.sec.gov/Archives/edgar/data/1720265/000119312526408382/zcsh-ex99_1.htm,False,
PSIX,2026-09-30 00:00:00,https://www.sec.gov/Archives/edgar/data/1137091/000119312526408371/0001193125-26-408371-index.htm,8-K,8-K,https://www.sec.gov/Archives/edgar/data/1137091/000119312526408371/d28951d8k.htm,True,
PSIX,2026-09-30 00:00:00,https://www.sec.gov/Archives/edgar/data/1137091/000119312526408371/0001193125-26-408371-index.htm,EX-10.1,EX-10.1,https://www.sec.gov/Archives/edgar/data/1137091/000119312526408371/d28951dex101.htm,True,
PSIX,2026-09-30 00:00:00,https://www.sec.gov/Archives/edgar/data/1137091/000119312526408371/0001193125-26-408371-index.htm,EX-10.2,EX-10.2,https://www.sec.gov/Archives/edgar/data/1137091/000119312526408371/d28951dex102.htm,True,
PSIX,2026-09-30 00:00:00,https://www.sec.gov/Archives/edgar/data/1137091/000119312526408371/0001193125-26-408371-index.htm,EX-99.1,EX-99.1,https://www.sec.gov/Archives/edgar/data/1137091/000119312526408371/d28951dex991.htm,True,
PBI-PB,2026-09-30 00:00:00,https://www.sec.gov/Archives/edgar/data/78814/000119312526408361/0001193125-26-408361-index.htm,8-K,8-K,https://www.sec.gov/Archives/edgar/data/78814/000119312526408361/d35056d8k.htm,True,
PBI-PB,2026-09-30 00:00:00,https://www.sec.gov/Archives/edgar/data/78814/000119312526408361/0001193125-26-408361-index.htm,EX-10.1,EX-10.1,https://www.sec.gov/Archives/edgar/data/78814/000119312526408361/d35056dex101.htm,True,
PBI-PB,2026-09-30 00:00:00,https://www.sec.gov/Archives/edgar/data/78814/000119312526408361/0001193125-26-408361-index.htm,EX-99.1,EX-99.1,https://www.sec.gov/Archives/edgar/data/78814/000119312526408361/d35056dex991.htm,True,
PBI,2026-09-30 00:00:00,https://www.sec.gov/Archives/edgar/data/78814/000119312526408361/0001193125-26-408361-index.htm,8-K,8-K,https://www.sec.gov/Archives/edgar/data/78814/000119312526408361/d35056d8k.htm,True,
PBI,2026-09-30 00:00:00,https://www.sec.gov/Archives/edgar/data/78814/000119312526408361/0001193125-26-408361-index.htm,EX-10.1,EX-10.1,https://www.sec.gov/Archives/edgar/data/78814/000119312526408361/d35056dex101.htm,True,
PBI,2026-09-30 00:00:00,https://www.sec.gov/Archives/edgar/data/78814/000119312526408361/0001193125-26-408361-index.htm,EX-99.1,EX-99.1,https://www.sec.gov/Archives/edgar/data/78814/000119312526408361/d35056dex991.htm,True,
ACMR,2026-09-30 00:00:00,https://www.sec.gov/Archives/edgar/data/1680062/000162828026063896/0001628280-26-063896-index.htm,8-K,8-K,https://www.sec.gov/Archives/edgar/data/1680062/000162828026063896/acmr-20260930.htm,False,
ACMR,2026-09-30 00:00:00,https://www.sec.gov/Archives/edgar/data/1680062/000162828026063896/0001628280-26-063896-index.htm,EX-99.1,EX-99.1,https://www.sec.gov/Archives/edgar/data/1680062/000162828026063896/acmr-acmshbacklogdata_9302.htm,False,
CELC,2026-09-30 00:00:00,https://www.sec.gov/Archives/edgar/data/1603454/000119312526408353/0001193125-26-408353-index.htm,8-K,8-K,https://www.sec.gov/Archives/edgar/data/1603454/000119312526408353/celc-20260930.htm,False,
CELC,2026-09-30 00:00:00,https://www.sec.gov/Archives/edgar/data/1603454/000119312526408353/0001193125-26-408353-index.htm,EX-99.1,EX-99.1,https://www.sec.gov/Archives/edgar/data/1603454/000119312526408353/celc-ex99_1.htm,False,
IRHOU,2026-09-30 00:00:00,https://www.sec.gov/Archives/edgar/data/2051985/000121390026104901/0001213900-26-104901-index.htm,8-K,CURRENT REPORT,https://www.sec.gov/Archives/edgar/data/2051985/000121390026104901/ea0307009-8k425_iron2.htm,False,
IRHOU,2026-09-30 00:00:00,https://www.sec.gov/Archives/edgar/data/2051985/000121390026104901/0001213900-26-104901-index.htm,EX-99.1,"NEWSLETTER DATED SEPTEMBER 30, 2026",https://www.sec.gov/Archives/edgar/data/2051985/000121390026104901/ea030700901ex99-1.htm,False,
IRHO,2026-09-30 00:00:00,https://www.sec.gov/Archives/edgar/data/2051985/000121390026104901/0001213900-26-104901-index.htm,8-K,CURRENT REPORT,https://www.sec.gov/Archives/edgar/data/2051985/000121390026104901/ea0307009-8k425_iron2.htm,False,
IRHO,2026-09-30 00:00:00,https://www.sec.gov/Archives/edgar/data/2051985/000121390026104901/0001213900-26-104901-index.htm,EX-99.1,"NEWSLETTER DATED SEPTEMBER 30, 2026",https://www.sec.gov/Archives/edgar/data/2051985/000121390026104901/ea030700901ex99-1.htm,False,
IRHOR,2026-09-30 00:00:00,https://www.sec.gov/Archives/edgar/data/2051985/000121390026104901/0001213900-26-104901-index.htm,8-K,CURRENT REPORT,https://www.sec.gov/Archives/edgar/data/2051985/000121390026104901/ea0307009-8k425_iron2.htm,False,
IRHOR,2026-09-30 00:00:00,https://www.sec.gov/Archives/edgar/data/2051985/000121390026104901/0001213900-26-104901-index.htm,EX-99.1,"NEWSLETTER DATED SEPTEMBER 30, 2026",https://www.sec.gov/Archives/edgar/data/2051985/000121390026104901/ea030700901ex99-1.htm,False,
KARD,2026-09-30 00:00:00,https://www.sec.gov/Archives/edgar/data/2123613/000119312526408348/0001193125-26-408348-index.htm,8-K,8-K,https://www.sec.gov/Archives/edgar/data/2123613/000119312526408348/ck0002123613-20260929.htm,False,
KARD,2026-09-30 00:00:00,https://www.sec.gov/Archives/edgar/data/2123613/000119312526408348/0001193125-26-408348-index.htm,EX-99.1,EX-99.1,https://www.sec.gov/Archives/edgar/data/2123613/000119312526408348/ck0002123613-ex99_1.htm,False,
CRCW,2026-09-30 00:00:00,https://www.sec.gov/Archives/edgar/data/1688126/000149315226045027/0001493152-26-045027-index.htm,8-K,8-K,https://www.sec.gov/Archives/edgar/data/1688126/000149315226045027/form8-k.htm,False,
CRCW,2026-09-30 00:00:00,https://www.sec.gov/Archives/edgar/data/1688126/000149315226045027/0001493152-26-045027-index.htm,EX-99.1,EX-99.1,https://www.sec.gov/Archives/edgar/data/1688126/000149315226045027/ex99-1.htm,False,
PMGM,2026-09-30 00:00:00,https://www.sec.gov/Archives/edgar/data/1837607/000183760726000064/0001837607-26-000064-index.htm,8-K,8-K,https://www.sec.gov/Archives/edgar/data/1837607/000183760726000064/aeon-20260930x8k.htm,False,
PMGM,2026-09-30 00:00:00,https://www.sec.gov/Archives/edgar/data/1837607/000183760726000064/0001837607-26-000064-index.htm,EX-99.1,EX-99.1,https://www.sec.gov/Archives/edgar/data/1837607/000183760726000064/aeon-ex99d1.htm,False,
PMGMW,2026-09-30 00:00:00,https://www.sec.gov/Archives/edgar/data/1837607/000183760726000064/0001837607-26-000064-index.htm,8-K,8-K,https://www.sec.gov/Archives/edgar/data/1837607/000183760726000064/aeon-20260930x8k.htm,False,
PMGMW,2026-09-30 00:00:00,https://www.sec.gov/Archives/edgar/data/1837607/000183760726000064/0001837607-26-000064-index.htm,EX-99.1,EX-99.1,https://www.sec.gov/Archives/edgar/data/1837607/000183760726000064/aeon-ex99d1.htm,False,
PMGMU,2026-09-30 00:00:00,https://www.sec.gov/Archives/edgar/data/1837607/000183760726000064/0001837607-26-000064-index.htm,8-K,8-K,https://www.sec.gov/Archives/edgar/data/1837607/000183760726000064/aeon-20260930x8k.htm,False,
PMGMU,2026-09-30 00:00:00,https://www.sec.gov/Archives/edgar/data/1837607/000183760726000064/0001837607-26-000064-index.htm,EX-99.1,EX-99.1,https://www.sec.gov/Archives/edgar/data/1837607/000183760726000064/aeon-ex99d1.htm,False,
HPE,2026-09-30 00:00:00,https://www.sec.gov/Archives/edgar/data/1645590/000164559026000084/0001645590-26-000084-index.htm,8-K,8-K,https://www.sec.gov/Archives/edgar/data/1645590/000164559026000084/hpe-20260930.htm,False,
HPE,2026-09-30 00:00:00,https://www.sec.gov/Archives/edgar/data/1645590/000164559026000084/0001645590-26-000084-index.htm,EX-99.1,EX-99.1,https://www.sec.gov/Archives/edgar/data/1645590/000164559026000084/hpenetworkinginvestorday20.htm,False,
None,2026-09-30 00:00:00,https://www.sec.gov/Archives/edgar/data/1318742/000110465926112118/0001104659-26-112118-index.htm,8-K,FORM 8-K,https://www.sec.gov/Archives/edgar/data/1318742/000110465926112118/tm2626634d1_8k.htm,False,
NCLH,2026-09-30 00:00:00,https://www.sec.gov/Archives/edgar/data/1513761/000110465926112116/0001104659-26-112116-index.htm,8-K,FORM 8-K,https://www.sec.gov/Archives/edgar/data/1513761/000110465926112116/tm2626633d1_8k.htm,False,
GIS,2026-09-30 00:00:00,https://www.sec.gov/Archives/edgar/data/40704/000162828026063892/0001628280-26-063892-index.htm,8-K,8-K,https://www.sec.gov/Archives/edgar/data/40704/000162828026063892/gis-20260929.htm,False,
JBL,2026-09-30 00:00:00,https://www.sec.gov/Archives/edgar/data/898293/000162828026063890/0001628280-26-063890-index.htm,8-K,8-K,https://www.sec.gov/Archives/edgar/data/898293/000162828026063890/jbl-20260930.htm,False,
JBL,2026-09-30 00:00:00,https://www.sec.gov/Archives/edgar/data/898293/000162828026063890/0001628280-26-063890-index.htm,EX-99.1,EX-99.1,https://www.sec.gov/Archives/edgar/data/898293/000162828026063890/jbl-20260930ex991.htm,False,
APUR,2026-09-30 00:00:00,https://www.sec.gov/Archives/edgar/data/2093524/000121390026104880/0001213900-26-104880-index.htm,8-K,CURRENT REPORT,https://www.sec.gov/Archives/edgar/data/2093524/000121390026104880/ea0307166-8k425_aperture.htm,False,
APUR,2026-09-30 00:00:00,https://www.sec.gov/Archives/edgar/data/2093524/000121390026104880/0001213900-26-104880-index.htm,EX-99.1,"PRESS RELEASE, DATED SEPTEMBER 30, 2026",https://www.sec.gov/Archives/edgar/data/2093524/000121390026104880/ea030716601ex99-1.htm,False,
APURU,2026-09-30 00:00:00,https://www.sec.gov/Archives/edgar/data/2093524/000121390026104880/0001213900-26-104880-index.htm,8-K,CURRENT REPORT,https://www.sec.gov/Archives/edgar/data/2093524/000121390026104880/ea0307166-8k425_aperture.htm,False,
APURU,2026-09-30 00:00:00,https://www.sec.gov/Archives/edgar/data/2093524/000121390026104880/0001213900-26-104880-index.htm,EX-99.1,"PRESS RELEASE, DATED SEPTEMBER 30, 2026",https://www.sec.gov/Archives/edgar/data/2093524/000121390026104880/ea030716601ex99-1.htm,False,
APURR,2026-09-30 00:00:00,https://www.sec.gov/Archives/edgar/data/2093524/000121390026104880/0001213900-26-104880-index.htm,8-K,CURRENT REPORT,https://www.sec.gov/Archives/edgar/data/2093524/000121390026104880/ea0307166-8k425_aperture.htm,False,
APURR,2026-09-30 00:00:00,https://www.sec.gov/Archives/edgar/data/2093524/000121390026104880/0001213900-26-104880-index.htm,EX-99.1,"PRESS RELEASE, DATED SEPTEMBER 30, 2026",https://www.sec.gov/Archives/edgar/data/2093524/000121390026104880/ea030716601ex99-1.htm,False,
CAG,2026-09-30 00:00:00,https://www.sec.gov/Archives/edgar/data/23217/000002321726000052/0000023217-26-000052-index.htm,8-K,8-K,https://www.sec.gov/Archives/edgar/data/23217/000002321726000052/tmb-20260930x8k.htm,False,
CAG,2026-09-30 00:00:00,https://www.sec.gov/Archives/edgar/data/23217/000002321726000052/0000023217-26-000052-index.htm,EX-99.1,EX-99.1,https://www.sec.gov/Archives/edgar/data/23217/000002321726000052/tmb-ex99d1.htm,False,
RFL,2026-09-30 00:00:00,https://www.sec.gov/Archives/edgar/data/1713863/000121390026104876/0001213900-26-104876-index.htm,8-K,CURRENT REPORT,https://www.sec.gov/Archives/edgar/data/1713863/000121390026104876/ea0307125-8k_rafael.htm,False,
RFL,2026-09-30 00:00:00,https://www.sec.gov/Archives/edgar/data/1713863/000121390026104876/0001213900-26-104876-index.htm,EX-99.1,"PRESS RELEASE, DATED SEPTEMBER 30, 2026",https://www.sec.gov/Archives/edgar/data/1713863/000121390026104876/ea030712501ex99-1.htm,False,
WSBK,2026-09-30 00:00:00,https://www.sec.gov/Archives/edgar/data/2047235/000119312526408295/0001193125-26-408295-index.htm,8-K,8-K,https://www.sec.gov/Archives/edgar/data/2047235/000119312526408295/wsbk-20260930.htm,False,
IPDN,2026-09-30 00:00:00,https://www.sec.gov/Archives/edgar/data/1546296/000143774926031531/0001437749-26-031531-index.htm,8-K,FORM 8-K,https://www.sec.gov/Archives/edgar/data/1546296/000143774926031531/ipdn20260929_8k.htm,False,
IPDN,2026-09-30 00:00:00,https://www.sec.gov/Archives/edgar/data/1546296/000143774926031531/0001437749-26-031531-index.htm,EX-99.1,"EXHIBIT 99.1 PRESS RELEASE DATED SEPTEMBER 30, 2026",https://www.sec.gov/Archives/edgar/data/1546296/000143774926031531/ex_1020613.htm,False,
MRNA,2026-09-30 00:00:00,https://www.sec.gov/Archives/edgar/data/1682852/000119312526408289/0001193125-26-408289-index.htm,8-K,8-K,https://www.sec.gov/Archives/edgar/data/1682852/000119312526408289/d18337d8k.htm,False,
MRNA,2026-09-30 00:00:00,https://www.sec.gov/Archives/edgar/data/1682852/000119312526408289/0001193125-26-408289-index.htm,EX-99.1,EX-99.1,https://www.sec.gov/Archives/edgar/data/1682852/000119312526408289/d18337dex991.htm,False,
AVTE,2026-09-30 00:00:00,https://www.sec.gov/Archives/edgar/data/1798749/000119312526408287/0001193125-26-408287-index.htm,8-K,8-K,https://www.sec.gov/Archives/edgar/data/1798749/000119312526408287/d936098d8k.htm,False,
CI,2026-09-30 00:00:00,https://www.sec.gov/Archives/edgar/data/1739940/000114036126038056/0001140361-26-038056-index.htm,8-K,8-K,https://www.sec.gov/Archives/edgar/data/1739940/000114036126038056/ef20082869_8k.htm,False,
CI,2026-09-30 00:00:00,https://www.sec.gov/Archives/edgar/data/1739940/000114036126038056/0001140361-26-038056-index.htm,EX-99.1,EXHIBIT 99.1,https://www.sec.gov/Archives/edgar/data/1739940/000114036126038056/ef20082869_ex99-1.htm,False,
JCI,2026-09-30 00:00:00,https://www.sec.gov/Archives/edgar/data/833444/000083344426000098/0000833444-26-000098-index.htm,8-K,8-K,https://www.sec.gov/Archives/edgar/data/833444/000083344426000098/jci-20260925.htm,False,
RELT,2026-09-30 00:00:00,https://www.sec.gov/Archives/edgar/data/1682265/000147793226005919/0001477932-26-005919-index.htm,8-K,FORM 8-K,https://www.sec.gov/Archives/edgar/data/1682265/000147793226005919/onar_8k.htm,True,
RELT,2026-09-30 00:00:00,https://www.sec.gov/Archives/edgar/data/1682265/000147793226005919/0001477932-26-005919-index.htm,EX-10.1,SECURITIES PURCHASE AGREEMENT,https://www.sec.gov/Archives/edgar/data/1682265/000147793226005919/onar_ex101.htm,True,
RELT,2026-09-30 00:00:00,https://www.sec.gov/Archives/edgar/data/1682265/000147793226005919/0001477932-26-005919-index.htm,EX-10.2,PROMISSORY NOTE,https://www.sec.gov/Archives/edgar/data/1682265/000147793226005919/onar_ex102.htm,True,
RELT,2026-09-30 00:00:00,https://www.sec.gov/Archives/edgar/data/1682265/000147793226005919/0001477932-26-005919-index.htm,EX-99.1,PRESS RELEASE,https://www.sec.gov/Archives/edgar/data/1682265/000147793226005919/onar_ex991.htm,False,
ONAR,2026-09-30 00:00:00,https://www.sec.gov/Archives/edgar/data/1682265/000147793226005919/0001477932-26-005919-index.htm,8-K,FORM 8-K,https://www.sec.gov/Archives/edgar/data/1682265/000147793226005919/onar_8k.htm,True,
ONAR,2026-09-30 00:00:00,https://www.sec.gov/Archives/edgar/data/1682265/000147793226005919/0001477932-26-005919-index.htm,EX-10.1,SECURITIES PURCHASE AGREEMENT,https://www.sec.gov/Archives/edgar/data/1682265/000147793226005919/onar_ex101.htm,True,
ONAR,2026-09-30 00:00:00,https://www.sec.gov/Archives/edgar/data/1682265/000147793226005919/0001477932-26-005919-index.htm,EX-10.2,PROMISSORY NOTE,https://www.sec.gov/Archives/edgar/data/1682265/000147793226005919/onar_ex102.htm,True,
ONAR,2026-09-30 00:00:00,https://www.sec.gov/Archives/edgar/data/1682265/000147793226005919/0001477932-26-005919-index.htm,EX-99.1,PRESS RELEASE,https://www.sec.gov/Archives/edgar/data/1682265/000147793226005919/onar_ex991.htm,False,
CNTB,2026-09-30 00:00:00,https://www.sec.gov/Archives/edgar/data/1835268/000183526826000038/0001835268-26-000038-index.htm,8-K,8-K,https://www.sec.gov/Archives/edgar/data/1835268/000183526826000038/cntb-20260930.htm,False,
CNTB,2026-09-30 00:00:00,https://www.sec.gov/Archives/edgar/data/1835268/000183526826000038/0001835268-26-000038-index.htm,EX-99.1,EX-99.1,https://www.sec.gov/Archives/edgar/data/1835268/000183526826000038/a991.htm,False,
PEBO,2026-09-30 00:00:00,https://www.sec.gov/Archives/edgar/data/318300/000031830026000205/0000318300-26-000205-index.htm,8-K,8-K,https://www.sec.gov/Archives/edgar/data/318300/000031830026000205/pebo-20260930.htm,True,
PEBO,2026-09-30 00:00:00,https://www.sec.gov/Archives/edgar/data/318300/000031830026000205/0000318300-26-000205-index.htm,EX-10.1,EX-10.1,https://www.sec.gov/Archives/edgar/data/318300/000031830026000205/exhibit101pioneer.htm,False,
PEBO,2026-09-30 00:00:00,https://www.sec.gov/Archives/edgar/data/318300/000031830026000205/0000318300-26-000205-index.htm,EX-99.1,EX-99.1,https://www.sec.gov/Archives/edgar/data/318300/000031830026000205/projectpioneerpressrelease.htm,False,
CBNK,2026-09-30 00:00:00,https://www.sec.gov/Archives/edgar/data/1419536/000141953626000145/0001419536-26-000145-index.htm,8-K,8-K,https://www.sec.gov/Archives/edgar/data/1419536/000141953626000145/cbnk-20260929.htm,True,
CBNK,2026-09-30 00:00:00,https://www.sec.gov/Archives/edgar/data/1419536/000141953626000145/0001419536-26-000145-index.htm,EX-10.1,EX-10.1,https://www.sec.gov/Archives/edgar/data/1419536/000141953626000145/exhibit101formofsupporta.htm,False,
CBNK,2026-09-30 00:00:00,https://www.sec.gov/Archives/edgar/data/1419536/000141953626000145/0001419536-26-000145-index.htm,EX-99.1,EX-99.1,https://www.sec.gov/Archives/edgar/data/1419536/000141953626000145/exhibit991jointpressrele.htm,False,
AEP,2026-09-30 00:00:00,https://www.sec.gov/Archives/edgar/data/4904/000000490426000063/0000004904-26-000063-index.htm,8-K,8-K,https://www.sec.gov/Archives/edgar/data/4904/000000490426000063/aep-20260929.htm,False,
AEPPZ,2026-09-30 00:00:00,https://www.sec.gov/Archives/edgar/data/4904/000000490426000063/0000004904-26-000063-index.htm,8-K,8-K,https://www.sec.gov/Archives/edgar/data/4904/000000490426000063/aep-20260929.htm,False,
FDS,2026-09-30 00:00:00,https://www.sec.gov/Archives/edgar/data/1013237/000162828026063888/0001628280-26-063888-index.htm,8-K,8-K,https://www.sec.gov/Archives/edgar/data/1013237/000162828026063888/fds-20260924.htm,False,
FDS,2026-09-30 00:00:00,https://www.sec.gov/Archives/edgar/data/1013237/000162828026063888/0001628280-26-063888-index.htm,EX-99.1,EX-99.1,https://www.sec.gov/Archives/edgar/data/1013237/000162828026063888/fdsq42026earningsrelease.htm,False,
HIG-PG,2026-09-30 00:00:00,https://www.sec.gov/Archives/edgar/data/874766/000087476626000067/0000874766-26-000067-index.htm,8-K,8-K,https://www.sec.gov/Archives/edgar/data/874766/000087476626000067/hig-20260930.htm,False,
HIG-PG,2026-09-30 00:00:00,https://www.sec.gov/Archives/edgar/data/874766/000087476626000067/0000874766-26-000067-index.htm,EX-99.1,EX-99.1,https://www.sec.gov/Archives/edgar/data/874766/000087476626000067/newsreleasefinal09252026.htm,False,
HIG,2026-09-30 00:00:00,https://www.sec.gov/Archives/edgar/data/874766/000087476626000067/0000874766-26-000067-index.htm,8-K,8-K,https://www.sec.gov/Archives/edgar/data/874766/000087476626000067/hig-20260930.htm,False,
HIG,2026-09-30 00:00:00,https://www.sec.gov/Archives/edgar/data/874766/000087476626000067/0000874766-26-000067-index.htm,EX-99.1,EX-99.1,https://www.sec.gov/Archives/edgar/data/874766/000087476626000067/newsreleasefinal09252026.htm,False,
HGH,2026-09-30 00:00:00,https://www.sec.gov/Archives/edgar/data/874766/000087476626000067/0000874766-26-000067-index.htm,8-K,8-K,https://www.sec.gov/Archives/edgar/data/874766/000087476626000067/hig-20260930.htm,False,
HGH,2026-09-30 00:00:00,https://www.sec.gov/Archives/edgar/data/874766/000087476626000067/0000874766-26-000067-index.htm,EX-99.1,EX-99.1,https://www.sec.gov/Archives/edgar/data/874766/000087476626000067/newsreleasefinal09252026.htm,False,
HRL,2026-09-30 00:00:00,https://www.sec.gov/Archives/edgar/data/48465/000110465926112101/0001104659-26-112101-index.htm,8-K,FORM 8-K,https://www.sec.gov/Archives/edgar/data/48465/000110465926112101/tm2626547d1_8k.htm,True,
HRL,2026-09-30 00:00:00,https://www.sec.gov/Archives/edgar/data/48465/000110465926112101/0001104659-26-112101-index.htm,EX-99.1,EXHIBIT 99.1,https://www.sec.gov/Archives/edgar/data/48465/000110465926112101/tm2626547d1_ex99-1.htm,False,
DPW,2026-09-30 00:00:00,https://www.sec.gov/Archives/edgar/data/896493/000121465926012236/0001214659-26-012236-index.htm,8-K,,https://www.sec.gov/Archives/edgar/data/896493/000121465926012236/z9292618k.htm,True,
DPW,2026-09-30 00:00:00,https://www.sec.gov/Archives/edgar/data/896493/000121465926012236/0001214659-26-012236-index.htm,EX-10.1,EXHIBIT 10.1,https://www.sec.gov/Archives/edgar/data/896493/000121465926012236/ex10_1.htm,True,
NILE-PD,2026-09-30 00:00:00,https://www.sec.gov/Archives/edgar/data/896493/000121465926012236/0001214659-26-012236-index.htm,8-K,,https://www.sec.gov/Archives/edgar/data/896493/000121465926012236/z9292618k.htm,True,
NILE-PD,2026-09-30 00:00:00,https://www.sec.gov/Archives/edgar/data/896493/000121465926012236/0001214659-26-012236-index.htm,EX-10.1,EXHIBIT 10.1,https://www.sec.gov/Archives/edgar/data/896493/000121465926012236/ex10_1.htm,True,
NILE,2026-09-30 00:00:00,https://www.sec.gov/Archives/edgar/data/896493/000121465926012236/0001214659-26-012236-index.htm,8-K,,https://www.sec.gov/Archives/edgar/data/896493/000121465926012236/z9292618k.htm,True,
NILE,2026-09-30 00:00:00,https://www.sec.gov/Archives/edgar/data/896493/000121465926012236/0001214659-26-012236-index.htm,EX-10.1,EXHIBIT 10.1,https://www.sec.gov/Archives/edgar/data/896493/000121465926012236/ex10_1.htm,True,
GPUS-PD,2026-09-30 00:00:00,https://www.sec.gov/Archives/edgar/data/896493/000121465926012236/0001214659-26-012236-index.htm,8-K,,https://www.sec.gov/Archives/edgar/data/896493/000121465926012236/z9292618k.htm,True,
GPUS-PD,2026-09-30 00:00:00,https://www.sec.gov/Archives/edgar/data/896493/000121465926012236/0001214659-26-012236-index.htm,EX-10.1,EXHIBIT 10.1,https://www.sec.gov/Archives/edgar/data/896493/000121465926012236/ex10_1.htm,True,
GPUS,2026-09-30 00:00:00,https://www.sec.gov/Archives/edgar/data/896493/000121465926012236/0001214659-26-012236-index.htm,8-K,,https://www.sec.gov/Archives/edgar/data/896493/000121465926012236/z9292618k.htm,True,
GPUS,2026-09-30 00:00:00,https://www.sec.gov/Archives/edgar/data/896493/000121465926012236/0001214659-26-012236-index.htm,EX-10.1,EXHIBIT 10.1,https://www.sec.gov/Archives/edgar/data/896493/000121465926012236/ex10_1.htm,True,
AULT,2026-09-30 00:00:00,https://www.sec.gov/Archives/edgar/data/896493/000121465926012236/0001214659-26-012236-index.htm,8-K,,https://www.sec.gov/Archives/edgar/data/896493/000121465926012236/z9292618k.htm,True,
AULT,2026-09-30 00:00:00,https://www.sec.gov/Archives/edgar/data/896493/000121465926012236/0001214659-26-012236-index.htm,EX-10.1,EXHIBIT 10.1,https://www.sec.gov/Archives/edgar/data/896493/000121465926012236/ex10_1.htm,True,
CNDT,2026-09-30 00:00:00,https://www.sec.gov/Archives/edgar/data/1677703/000167770326000118/0001677703-26-000118-index.htm,8-K,8-K,https://www.sec.gov/Archives/edgar/data/1677703/000167770326000118/cndt-20260930.htm,True,
CNDT,2026-09-30 00:00:00,https://www.sec.gov/Archives/edgar/data/1677703/000167770326000118/0001677703-26-000118-index.htm,EX-99.1,EX-99.1,https://www.sec.gov/Archives/edgar/data/1677703/000167770326000118/ex991consolidatedinvesto.htm,True,
ATXG,2026-09-30 00:00:00,https://www.sec.gov/Archives/edgar/data/1650101/000149315226044997/0001493152-26-044997-index.htm,8-K,8-K,https://www.sec.gov/Archives/edgar/data/1650101/000149315226044997/form8-k.htm,True,
ATXG,2026-09-30 00:00:00,https://www.sec.gov/Archives/edgar/data/1650101/000149315226044997/0001493152-26-044997-index.htm,EX-10.1,EX-10.1,https://www.sec.gov/Archives/edgar/data/1650101/000149315226044997/ex10-1.htm,True,
SGMT,2026-09-30 00:00:00,https://www.sec.gov/Archives/edgar/data/1400118/000119312526408224/0001193125-26-408224-index.htm,8-K,8-K,https://www.sec.gov/Archives/edgar/data/1400118/000119312526408224/d96035d8k.htm,False,
SGMT,2026-09-30 00:00:00,https://www.sec.gov/Archives/edgar/data/1400118/000119312526408224/0001193125-26-408224-index.htm,EX-99.1,EX-99.1,https://www.sec.gov/Archives/edgar/data/1400118/000119312526408224/d96035dex991.htm,False,
MGLD,2026-09-30 00:00:00,https://www.sec.gov/Archives/edgar/data/1005101/000149315226044987/0001493152-26-044987-index.htm,8-K,8-K,https://www.sec.gov/Archives/edgar/data/1005101/000149315226044987/form8-k.htm,False,
MGLD,2026-09-30 00:00:00,https://www.sec.gov/Archives/edgar/data/1005101/000149315226044987/0001493152-26-044987-index.htm,EX-99.1,EX-99.1,https://www.sec.gov/Archives/edgar/data/1005101/000149315226044987/ex99-1.htm,False,
CALM,2026-09-30 00:00:00,https://www.sec.gov/Archives/edgar/data/16160/000156276226000111/0001562762-26-000111-index.htm,8-K,FORM 8-K,https://www.sec.gov/Archives/edgar/data/16160/000156276226000111/8k20260930.htm,False,
CALM,2026-09-30 00:00:00,https://www.sec.gov/Archives/edgar/data/16160/000156276226000111/0001562762-26-000111-index.htm,EX-99.1,EX-99.1,https://www.sec.gov/Archives/edgar/data/16160/000156276226000111/exhibit991.htm,False,
AVAV,2026-09-30 00:00:00,https://www.sec.gov/Archives/edgar/data/1368622/000110465926112083/0001104659-26-112083-index.htm,8-K,FORM 8-K,https://www.sec.gov/Archives/edgar/data/1368622/000110465926112083/tm2626631d1_8k.htm,False,
OCLTU,2026-09-30 00:00:00,https://www.sec.gov/Archives/edgar/data/2137679/000182912626010594/0001829126-26-010594-index.htm,8-K,8-K,https://www.sec.gov/Archives/edgar/data/2137679/000182912626010594/oceanlightacq_8k.htm,True,
OCLTU,2026-09-30 00:00:00,https://www.sec.gov/Archives/edgar/data/2137679/000182912626010594/0001829126-26-010594-index.htm,EX-10.1,EXHIBIT 10.1,https://www.sec.gov/Archives/edgar/data/2137679/000182912626010594/oceanlightacq_ex10-1.htm,False,
OCLTU,2026-09-30 00:00:00,https://www.sec.gov/Archives/edgar/data/2137679/000182912626010594/0001829126-26-010594-index.htm,EX-10.2,EXHIBIT 10.2,https://www.sec.gov/Archives/edgar/data/2137679/000182912626010594/oceanlightacq_ex10-2.htm,False,
OCLTU,2026-09-30 00:00:00,https://www.sec.gov/Archives/edgar/data/2137679/000182912626010594/0001829126-26-010594-index.htm,EX-99.1,EXHIBIT 99.1,https://www.sec.gov/Archives/edgar/data/2137679/000182912626010594/oceanlightacq_ex99-1.htm,False,
OCLT,2026-09-30 00:00:00,https://www.sec.gov/Archives/edgar/data/2137679/000182912626010594/0001829126-26-010594-index.htm,8-K,8-K,https://www.sec.gov/Archives/edgar/data/2137679/000182912626010594/oceanlightacq_8k.htm,True,
OCLT,2026-09-30 00:00:00,https://www.sec.gov/Archives/edgar/data/2137679/000182912626010594/0001829126-26-010594-index.htm,EX-10.1,EXHIBIT 10.1,https://www.sec.gov/Archives/edgar/data/2137679/000182912626010594/oceanlightacq_ex10-1.htm,False,
OCLT,2026-09-30 00:00:00,https://www.sec.gov/Archives/edgar/data/2137679/000182912626010594/0001829126-26-010594-index.htm,EX-10.2,EXHIBIT 10.2,https://www.sec.gov/Archives/edgar/data/2137679/000182912626010594/oceanlightacq_ex10-2.htm,False,
OCLT,2026-09-30 00:00:00,https://www.sec.gov/Archives/edgar/data/2137679/000182912626010594/0001829126-26-010594-index.htm,EX-99.1,EXHIBIT 99.1,https://www.sec.gov/Archives/edgar/data/2137679/000182912626010594/oceanlightacq_ex99-1.htm,False,
OCLTW,2026-09-30 00:00:00,https://www.sec.gov/Archives/edgar/data/2137679/000182912626010594/0001829126-26-010594-index.htm,8-K,8-K,https://www.sec.gov/Archives/edgar/data/2137679/000182912626010594/oceanlightacq_8k.htm,True,
OCLTW,2026-09-30 00:00:00,https://www.sec.gov/Archives/edgar/data/2137679/000182912626010594/0001829126-26-010594-index.htm,EX-10.1,EXHIBIT 10.1,https://www.sec.gov/Archives/edgar/data/2137679/000182912626010594/oceanlightacq_ex10-1.htm,False,
OCLTW,2026-09-30 00:00:00,https://www.sec.gov/Archives/edgar/data/2137679/000182912626010594/0001829126-26-010594-index.htm,EX-10.2,EXHIBIT 10.2,https://www.sec.gov/Archives/edgar/data/2137679/000182912626010594/oceanlightacq_ex10-2.htm,False,
OCLTW,2026-09-30 00:00:00,https://www.sec.gov/Archives/edgar/data/2137679/000182912626010594/0001829126-26-010594-index.htm,EX-99.1,EXHIBIT 99.1,https://www.sec.gov/Archives/edgar/data/2137679/000182912626010594/oceanlightacq_ex99-1.htm,False,
OCLTR,2026-09-30 00:00:00,https://www.sec.gov/Archives/edgar/data/2137679/000182912626010594/0001829126-26-010594-index.htm,8-K,8-K,https://www.sec.gov/Archives/edgar/data/2137679/000182912626010594/oceanlightacq_8k.htm,True,
OCLTR,2026-09-30 00:00:00,https://www.sec.gov/Archives/edgar/data/2137679/000182912626010594/0001829126-26-010594-index.htm,EX-10.1,EXHIBIT 10.1,https://www.sec.gov/Archives/edgar/data/2137679/000182912626010594/oceanlightacq_ex10-1.htm,False,
OCLTR,2026-09-30 00:00:00,https://www.sec.gov/Archives/edgar/data/2137679/000182912626010594/0001829126-26-010594-index.htm,EX-10.2,EXHIBIT 10.2,https://www.sec.gov/Archives/edgar/data/2137679/000182912626010594/oceanlightacq_ex10-2.htm,False,
OCLTR,2026-09-30 00:00:00,https://www.sec.gov/Archives/edgar/data/2137679/000182912626010594/0001829126-26-010594-index.htm,EX-99.1,EXHIBIT 99.1,https://www.sec.gov/Archives/edgar/data/2137679/000182912626010594/oceanlightacq_ex99-1.htm,False,
AITXD,2026-09-30 00:00:00,https://www.sec.gov/Archives/edgar/data/1498148/000106299326005114/0001062993-26-005114-index.htm,8-K,FORM 8-K,https://www.sec.gov/Archives/edgar/data/1498148/000106299326005114/form8k.htm,False,
AITXD,2026-09-30 00:00:00,https://www.sec.gov/Archives/edgar/data/1498148/000106299326005114/0001062993-26-005114-index.htm,EX-99.1,EXHIBIT 99.1,https://www.sec.gov/Archives/edgar/data/1498148/000106299326005114/exhibit99-1.htm,False,
AITX,2026-09-30 00:00:00,https://www.sec.gov/Archives/edgar/data/1498148/000106299326005114/0001062993-26-005114-index.htm,8-K,FORM 8-K,https://www.sec.gov/Archives/edgar/data/1498148/000106299326005114/form8k.htm,False,
AITX,2026-09-30 00:00:00,https://www.sec.gov/Archives/edgar/data/1498148/000106299326005114/0001062993-26-005114-index.htm,EX-99.1,EXHIBIT 99.1,https://www.sec.gov/Archives/edgar/data/1498148/000106299326005114/exhibit99-1.htm,False,
