symbol,filingDate,filing_detail_url,document_type,document_description,document_url,matched,error
EDGE,2026-09-04 00:00:00,https://www.sec.gov/Archives/edgar/data/1472091/000114036126035809/0001140361-26-035809-index.htm,8-K,8-K,https://www.sec.gov/Archives/edgar/data/1472091/000114036126035809/ef20081442_8k.htm,True,
EDGE,2026-09-04 00:00:00,https://www.sec.gov/Archives/edgar/data/1472091/000114036126035809/0001140361-26-035809-index.htm,EX-10.1,EXHIBIT 10.1,https://www.sec.gov/Archives/edgar/data/1472091/000114036126035809/ef20081442_ex10-1.htm,False,
PDSB,2026-09-04 00:00:00,https://www.sec.gov/Archives/edgar/data/1472091/000114036126035809/0001140361-26-035809-index.htm,8-K,8-K,https://www.sec.gov/Archives/edgar/data/1472091/000114036126035809/ef20081442_8k.htm,True,
PDSB,2026-09-04 00:00:00,https://www.sec.gov/Archives/edgar/data/1472091/000114036126035809/0001140361-26-035809-index.htm,EX-10.1,EXHIBIT 10.1,https://www.sec.gov/Archives/edgar/data/1472091/000114036126035809/ef20081442_ex10-1.htm,False,
RWODU,2026-09-04 00:00:00,https://www.sec.gov/Archives/edgar/data/1907223/000121390026097770/0001213900-26-097770-index.htm,8-K,CURRENT REPORT,https://www.sec.gov/Archives/edgar/data/1907223/000121390026097770/ea0304732-8k_greenland.htm,True,
RWODU,2026-09-04 00:00:00,https://www.sec.gov/Archives/edgar/data/1907223/000121390026097770/0001213900-26-097770-index.htm,EX-10.1,"AMENDMENT TO MAY 20, 2026 AGREEMENT AND PLAN OF MERGER",https://www.sec.gov/Archives/edgar/data/1907223/000121390026097770/ea030473201ex10-1.htm,False,
RWODW,2026-09-04 00:00:00,https://www.sec.gov/Archives/edgar/data/1907223/000121390026097770/0001213900-26-097770-index.htm,8-K,CURRENT REPORT,https://www.sec.gov/Archives/edgar/data/1907223/000121390026097770/ea0304732-8k_greenland.htm,True,
RWODW,2026-09-04 00:00:00,https://www.sec.gov/Archives/edgar/data/1907223/000121390026097770/0001213900-26-097770-index.htm,EX-10.1,"AMENDMENT TO MAY 20, 2026 AGREEMENT AND PLAN OF MERGER",https://www.sec.gov/Archives/edgar/data/1907223/000121390026097770/ea030473201ex10-1.htm,False,
RWOD,2026-09-04 00:00:00,https://www.sec.gov/Archives/edgar/data/1907223/000121390026097770/0001213900-26-097770-index.htm,8-K,CURRENT REPORT,https://www.sec.gov/Archives/edgar/data/1907223/000121390026097770/ea0304732-8k_greenland.htm,True,
RWOD,2026-09-04 00:00:00,https://www.sec.gov/Archives/edgar/data/1907223/000121390026097770/0001213900-26-097770-index.htm,EX-10.1,"AMENDMENT TO MAY 20, 2026 AGREEMENT AND PLAN OF MERGER",https://www.sec.gov/Archives/edgar/data/1907223/000121390026097770/ea030473201ex10-1.htm,False,
RWODR,2026-09-04 00:00:00,https://www.sec.gov/Archives/edgar/data/1907223/000121390026097770/0001213900-26-097770-index.htm,8-K,CURRENT REPORT,https://www.sec.gov/Archives/edgar/data/1907223/000121390026097770/ea0304732-8k_greenland.htm,True,
RWODR,2026-09-04 00:00:00,https://www.sec.gov/Archives/edgar/data/1907223/000121390026097770/0001213900-26-097770-index.htm,EX-10.1,"AMENDMENT TO MAY 20, 2026 AGREEMENT AND PLAN OF MERGER",https://www.sec.gov/Archives/edgar/data/1907223/000121390026097770/ea030473201ex10-1.htm,False,
VIPZ,2026-09-04 00:00:00,https://www.sec.gov/Archives/edgar/data/1832161/000149315226041599/0001493152-26-041599-index.htm,8-K,8-K,https://www.sec.gov/Archives/edgar/data/1832161/000149315226041599/form8-k.htm,False,
VIPZ,2026-09-04 00:00:00,https://www.sec.gov/Archives/edgar/data/1832161/000149315226041599/0001493152-26-041599-index.htm,EX-99.1,EX-99.1,https://www.sec.gov/Archives/edgar/data/1832161/000149315226041599/ex99-1.htm,False,
KEYR,2026-09-04 00:00:00,https://www.sec.gov/Archives/edgar/data/1832161/000149315226041599/0001493152-26-041599-index.htm,8-K,8-K,https://www.sec.gov/Archives/edgar/data/1832161/000149315226041599/form8-k.htm,False,
KEYR,2026-09-04 00:00:00,https://www.sec.gov/Archives/edgar/data/1832161/000149315226041599/0001493152-26-041599-index.htm,EX-99.1,EX-99.1,https://www.sec.gov/Archives/edgar/data/1832161/000149315226041599/ex99-1.htm,False,
VSAT,2026-09-04 00:00:00,https://www.sec.gov/Archives/edgar/data/797721/000119312526383834/0001193125-26-383834-index.htm,8-K,8-K,https://www.sec.gov/Archives/edgar/data/797721/000119312526383834/d156314d8k.htm,False,
None,2026-09-04 00:00:00,https://www.sec.gov/Archives/edgar/data/2085428/000093041326002844/0000930413-26-002844-index.htm,8-K,,https://www.sec.gov/Archives/edgar/data/2085428/000093041326002844/c117587_8k-ixbrl.htm,True,
None,2026-09-04 00:00:00,https://www.sec.gov/Archives/edgar/data/2085428/000093041326002844/0000930413-26-002844-index.htm,EX-10.1,,https://www.sec.gov/Archives/edgar/data/2085428/000093041326002844/c117587_ex10-1.htm,False,
None,2026-09-04 00:00:00,https://www.sec.gov/Archives/edgar/data/2085428/000093041326002844/0000930413-26-002844-index.htm,EX-10.2,,https://www.sec.gov/Archives/edgar/data/2085428/000093041326002844/c117587_ex10-2.htm,False,
CDIX,2026-09-04 00:00:00,https://www.sec.gov/Archives/edgar/data/811222/000168316826006974/0001683168-26-006974-index.htm,8-K,CURRENT REPORT,https://www.sec.gov/Archives/edgar/data/811222/000168316826006974/cardiff_8k.htm,False,
CRMT,2026-09-04 00:00:00,https://www.sec.gov/Archives/edgar/data/799850/000117184326005895/0001171843-26-005895-index.htm,8-K,FORM 8-K,https://www.sec.gov/Archives/edgar/data/799850/000117184326005895/f8k_090426.htm,True,
BNC,2026-09-04 00:00:00,https://www.sec.gov/Archives/edgar/data/1482541/000148254126000045/0001482541-26-000045-index.htm,8-K,8-K,https://www.sec.gov/Archives/edgar/data/1482541/000148254126000045/bnc-20260904.htm,False,
CEADW,2026-09-04 00:00:00,https://www.sec.gov/Archives/edgar/data/1482541/000148254126000045/0001482541-26-000045-index.htm,8-K,8-K,https://www.sec.gov/Archives/edgar/data/1482541/000148254126000045/bnc-20260904.htm,False,
CEAD,2026-09-04 00:00:00,https://www.sec.gov/Archives/edgar/data/1482541/000148254126000045/0001482541-26-000045-index.htm,8-K,8-K,https://www.sec.gov/Archives/edgar/data/1482541/000148254126000045/bnc-20260904.htm,False,
SRNA,2026-09-04 00:00:00,https://www.sec.gov/Archives/edgar/data/1482541/000148254126000045/0001482541-26-000045-index.htm,8-K,8-K,https://www.sec.gov/Archives/edgar/data/1482541/000148254126000045/bnc-20260904.htm,False,
RVSB,2026-09-04 00:00:00,https://www.sec.gov/Archives/edgar/data/1041368/000093905726000227/0000939057-26-000227-index.htm,8-K,CURRENT REPORT FILING,https://www.sec.gov/Archives/edgar/data/1041368/000093905726000227/rvsb-20260904.htm,False,
RVSB,2026-09-04 00:00:00,https://www.sec.gov/Archives/edgar/data/1041368/000093905726000227/0000939057-26-000227-index.htm,EX-99.1,EX-99.1,https://www.sec.gov/Archives/edgar/data/1041368/000093905726000227/ex991.htm,False,
TINV,2026-09-04 00:00:00,https://www.sec.gov/Archives/edgar/data/1820144/000182014426000027/0001820144-26-000027-index.htm,8-K,8-K,https://www.sec.gov/Archives/edgar/data/1820144/000182014426000027/grnd-20260902.htm,False,
TINV-UN,2026-09-04 00:00:00,https://www.sec.gov/Archives/edgar/data/1820144/000182014426000027/0001820144-26-000027-index.htm,8-K,8-K,https://www.sec.gov/Archives/edgar/data/1820144/000182014426000027/grnd-20260902.htm,False,
TINV-WT,2026-09-04 00:00:00,https://www.sec.gov/Archives/edgar/data/1820144/000182014426000027/0001820144-26-000027-index.htm,8-K,8-K,https://www.sec.gov/Archives/edgar/data/1820144/000182014426000027/grnd-20260902.htm,False,
GRND,2026-09-04 00:00:00,https://www.sec.gov/Archives/edgar/data/1820144/000182014426000027/0001820144-26-000027-index.htm,8-K,8-K,https://www.sec.gov/Archives/edgar/data/1820144/000182014426000027/grnd-20260902.htm,False,
GRND-WT,2026-09-04 00:00:00,https://www.sec.gov/Archives/edgar/data/1820144/000182014426000027/0001820144-26-000027-index.htm,8-K,8-K,https://www.sec.gov/Archives/edgar/data/1820144/000182014426000027/grnd-20260902.htm,False,
ALPA,2026-09-04 00:00:00,https://www.sec.gov/Archives/edgar/data/1842939/000143774926029714/0001437749-26-029714-index.htm,8-K,FORM 8-K,https://www.sec.gov/Archives/edgar/data/1842939/000143774926029714/xage20260901_8k.htm,True,
ALPA,2026-09-04 00:00:00,https://www.sec.gov/Archives/edgar/data/1842939/000143774926029714/0001437749-26-029714-index.htm,EX-10.1,EXHIBIT 10.1,https://www.sec.gov/Archives/edgar/data/1842939/000143774926029714/ex_1012638.htm,True,
ALPA,2026-09-04 00:00:00,https://www.sec.gov/Archives/edgar/data/1842939/000143774926029714/0001437749-26-029714-index.htm,EX-10.2,EXHIBIT 10.2,https://www.sec.gov/Archives/edgar/data/1842939/000143774926029714/ex_1012639.htm,True,
CTCX,2026-09-04 00:00:00,https://www.sec.gov/Archives/edgar/data/1842939/000143774926029714/0001437749-26-029714-index.htm,8-K,FORM 8-K,https://www.sec.gov/Archives/edgar/data/1842939/000143774926029714/xage20260901_8k.htm,True,
CTCX,2026-09-04 00:00:00,https://www.sec.gov/Archives/edgar/data/1842939/000143774926029714/0001437749-26-029714-index.htm,EX-10.1,EXHIBIT 10.1,https://www.sec.gov/Archives/edgar/data/1842939/000143774926029714/ex_1012638.htm,True,
CTCX,2026-09-04 00:00:00,https://www.sec.gov/Archives/edgar/data/1842939/000143774926029714/0001437749-26-029714-index.htm,EX-10.2,EXHIBIT 10.2,https://www.sec.gov/Archives/edgar/data/1842939/000143774926029714/ex_1012639.htm,True,
ALPAW,2026-09-04 00:00:00,https://www.sec.gov/Archives/edgar/data/1842939/000143774926029714/0001437749-26-029714-index.htm,8-K,FORM 8-K,https://www.sec.gov/Archives/edgar/data/1842939/000143774926029714/xage20260901_8k.htm,True,
ALPAW,2026-09-04 00:00:00,https://www.sec.gov/Archives/edgar/data/1842939/000143774926029714/0001437749-26-029714-index.htm,EX-10.1,EXHIBIT 10.1,https://www.sec.gov/Archives/edgar/data/1842939/000143774926029714/ex_1012638.htm,True,
ALPAW,2026-09-04 00:00:00,https://www.sec.gov/Archives/edgar/data/1842939/000143774926029714/0001437749-26-029714-index.htm,EX-10.2,EXHIBIT 10.2,https://www.sec.gov/Archives/edgar/data/1842939/000143774926029714/ex_1012639.htm,True,
ALPAU,2026-09-04 00:00:00,https://www.sec.gov/Archives/edgar/data/1842939/000143774926029714/0001437749-26-029714-index.htm,8-K,FORM 8-K,https://www.sec.gov/Archives/edgar/data/1842939/000143774926029714/xage20260901_8k.htm,True,
ALPAU,2026-09-04 00:00:00,https://www.sec.gov/Archives/edgar/data/1842939/000143774926029714/0001437749-26-029714-index.htm,EX-10.1,EXHIBIT 10.1,https://www.sec.gov/Archives/edgar/data/1842939/000143774926029714/ex_1012638.htm,True,
ALPAU,2026-09-04 00:00:00,https://www.sec.gov/Archives/edgar/data/1842939/000143774926029714/0001437749-26-029714-index.htm,EX-10.2,EXHIBIT 10.2,https://www.sec.gov/Archives/edgar/data/1842939/000143774926029714/ex_1012639.htm,True,
CTCXW,2026-09-04 00:00:00,https://www.sec.gov/Archives/edgar/data/1842939/000143774926029714/0001437749-26-029714-index.htm,8-K,FORM 8-K,https://www.sec.gov/Archives/edgar/data/1842939/000143774926029714/xage20260901_8k.htm,True,
CTCXW,2026-09-04 00:00:00,https://www.sec.gov/Archives/edgar/data/1842939/000143774926029714/0001437749-26-029714-index.htm,EX-10.1,EXHIBIT 10.1,https://www.sec.gov/Archives/edgar/data/1842939/000143774926029714/ex_1012638.htm,True,
CTCXW,2026-09-04 00:00:00,https://www.sec.gov/Archives/edgar/data/1842939/000143774926029714/0001437749-26-029714-index.htm,EX-10.2,EXHIBIT 10.2,https://www.sec.gov/Archives/edgar/data/1842939/000143774926029714/ex_1012639.htm,True,
WORXD,2026-09-04 00:00:00,https://www.sec.gov/Archives/edgar/data/1674227/000121390026097750/0001213900-26-097750-index.htm,8-K,CURRENT REPORT,https://www.sec.gov/Archives/edgar/data/1674227/000121390026097750/ea0304733-8k_scworx.htm,False,
WORX,2026-09-04 00:00:00,https://www.sec.gov/Archives/edgar/data/1674227/000121390026097750/0001213900-26-097750-index.htm,8-K,CURRENT REPORT,https://www.sec.gov/Archives/edgar/data/1674227/000121390026097750/ea0304733-8k_scworx.htm,False,
DTG,2026-09-04 00:00:00,https://www.sec.gov/Archives/edgar/data/936340/000093634026000154/0000936340-26-000154-index.htm,8-K,8-K,https://www.sec.gov/Archives/edgar/data/936340/000093634026000154/dte-20260901.htm,False,
DTW,2026-09-04 00:00:00,https://www.sec.gov/Archives/edgar/data/936340/000093634026000154/0000936340-26-000154-index.htm,8-K,8-K,https://www.sec.gov/Archives/edgar/data/936340/000093634026000154/dte-20260901.htm,False,
DTJ,2026-09-04 00:00:00,https://www.sec.gov/Archives/edgar/data/936340/000093634026000154/0000936340-26-000154-index.htm,8-K,8-K,https://www.sec.gov/Archives/edgar/data/936340/000093634026000154/dte-20260901.htm,False,
DTE,2026-09-04 00:00:00,https://www.sec.gov/Archives/edgar/data/936340/000093634026000154/0000936340-26-000154-index.htm,8-K,8-K,https://www.sec.gov/Archives/edgar/data/936340/000093634026000154/dte-20260901.htm,False,
DTP,2026-09-04 00:00:00,https://www.sec.gov/Archives/edgar/data/936340/000093634026000154/0000936340-26-000154-index.htm,8-K,8-K,https://www.sec.gov/Archives/edgar/data/936340/000093634026000154/dte-20260901.htm,False,
DTB,2026-09-04 00:00:00,https://www.sec.gov/Archives/edgar/data/936340/000093634026000154/0000936340-26-000154-index.htm,8-K,8-K,https://www.sec.gov/Archives/edgar/data/936340/000093634026000154/dte-20260901.htm,False,
HOFT,2026-09-04 00:00:00,https://www.sec.gov/Archives/edgar/data/1077688/000118518526003849/0001185185-26-003849-index.htm,8-K,FORM 8-K,https://www.sec.gov/Archives/edgar/data/1077688/000118518526003849/hoft8k082626.htm,False,
PACI,2026-09-04 00:00:00,https://www.sec.gov/Archives/edgar/data/1853070/000149315226041579/0001493152-26-041579-index.htm,8-K,8-K,https://www.sec.gov/Archives/edgar/data/1853070/000149315226041579/form8-k.htm,True,
PACI,2026-09-04 00:00:00,https://www.sec.gov/Archives/edgar/data/1853070/000149315226041579/0001493152-26-041579-index.htm,EX-10.1,EX-10.1,https://www.sec.gov/Archives/edgar/data/1853070/000149315226041579/ex10-1.htm,False,
PACI-WT,2026-09-04 00:00:00,https://www.sec.gov/Archives/edgar/data/1853070/000149315226041579/0001493152-26-041579-index.htm,8-K,8-K,https://www.sec.gov/Archives/edgar/data/1853070/000149315226041579/form8-k.htm,True,
PACI-WT,2026-09-04 00:00:00,https://www.sec.gov/Archives/edgar/data/1853070/000149315226041579/0001493152-26-041579-index.htm,EX-10.1,EX-10.1,https://www.sec.gov/Archives/edgar/data/1853070/000149315226041579/ex10-1.htm,False,
SOAR,2026-09-04 00:00:00,https://www.sec.gov/Archives/edgar/data/1853070/000149315226041579/0001493152-26-041579-index.htm,8-K,8-K,https://www.sec.gov/Archives/edgar/data/1853070/000149315226041579/form8-k.htm,True,
SOAR,2026-09-04 00:00:00,https://www.sec.gov/Archives/edgar/data/1853070/000149315226041579/0001493152-26-041579-index.htm,EX-10.1,EX-10.1,https://www.sec.gov/Archives/edgar/data/1853070/000149315226041579/ex10-1.htm,False,
PACI-UN,2026-09-04 00:00:00,https://www.sec.gov/Archives/edgar/data/1853070/000149315226041579/0001493152-26-041579-index.htm,8-K,8-K,https://www.sec.gov/Archives/edgar/data/1853070/000149315226041579/form8-k.htm,True,
PACI-UN,2026-09-04 00:00:00,https://www.sec.gov/Archives/edgar/data/1853070/000149315226041579/0001493152-26-041579-index.htm,EX-10.1,EX-10.1,https://www.sec.gov/Archives/edgar/data/1853070/000149315226041579/ex10-1.htm,False,
CCK,2026-09-04 00:00:00,https://www.sec.gov/Archives/edgar/data/1219601/000119312526383800/0001193125-26-383800-index.htm,8-K,8-K,https://www.sec.gov/Archives/edgar/data/1219601/000119312526383800/d181528d8k.htm,False,
IONS,2026-09-04 00:00:00,https://www.sec.gov/Archives/edgar/data/874015/000114036126035802/0001140361-26-035802-index.htm,8-K,8-K,https://www.sec.gov/Archives/edgar/data/874015/000114036126035802/ef20081690_8k.htm,False,
IONS,2026-09-04 00:00:00,https://www.sec.gov/Archives/edgar/data/874015/000114036126035802/0001140361-26-035802-index.htm,EX-99.1,EXHIBIT 99.1,https://www.sec.gov/Archives/edgar/data/874015/000114036126035802/ef20081690_ex99-1.htm,False,
ISIS,2026-09-04 00:00:00,https://www.sec.gov/Archives/edgar/data/874015/000114036126035802/0001140361-26-035802-index.htm,8-K,8-K,https://www.sec.gov/Archives/edgar/data/874015/000114036126035802/ef20081690_8k.htm,False,
ISIS,2026-09-04 00:00:00,https://www.sec.gov/Archives/edgar/data/874015/000114036126035802/0001140361-26-035802-index.htm,EX-99.1,EXHIBIT 99.1,https://www.sec.gov/Archives/edgar/data/874015/000114036126035802/ef20081690_ex99-1.htm,False,
EFSH,2026-09-04 00:00:00,https://www.sec.gov/Archives/edgar/data/1599407/000121390026097743/0001213900-26-097743-index.htm,8-K,FORM 8-K,https://www.sec.gov/Archives/edgar/data/1599407/000121390026097743/ea030471401-8k_1847hold.htm,False,
MTNB,2026-09-04 00:00:00,https://www.sec.gov/Archives/edgar/data/1582554/000149315226041577/0001493152-26-041577-index.htm,8-K,8-K,https://www.sec.gov/Archives/edgar/data/1582554/000149315226041577/form8-k.htm,False,
MTNB,2026-09-04 00:00:00,https://www.sec.gov/Archives/edgar/data/1582554/000149315226041577/0001493152-26-041577-index.htm,EX-99.1,EX-99.1,https://www.sec.gov/Archives/edgar/data/1582554/000149315226041577/ex99-1.htm,False,
WKSP,2026-09-04 00:00:00,https://www.sec.gov/Archives/edgar/data/1096275/000149315226041578/0001493152-26-041578-index.htm,8-K,8-K,https://www.sec.gov/Archives/edgar/data/1096275/000149315226041578/form8-k.htm,False,
WKSPW,2026-09-04 00:00:00,https://www.sec.gov/Archives/edgar/data/1096275/000149315226041578/0001493152-26-041578-index.htm,8-K,8-K,https://www.sec.gov/Archives/edgar/data/1096275/000149315226041578/form8-k.htm,False,
FNGR,2026-09-04 00:00:00,https://www.sec.gov/Archives/edgar/data/1602409/000149315226041574/0001493152-26-041574-index.htm,8-K,8-K,https://www.sec.gov/Archives/edgar/data/1602409/000149315226041574/form8-k.htm,True,
KSCP,2026-09-04 00:00:00,https://www.sec.gov/Archives/edgar/data/1600983/000110465926105544/0001104659-26-105544-index.htm,8-K,8-K,https://www.sec.gov/Archives/edgar/data/1600983/000110465926105544/kscp-20260902x8k.htm,False,
MCACR,2026-09-04 00:00:00,https://www.sec.gov/Archives/edgar/data/1895249/000110465926105542/0001104659-26-105542-index.htm,8-K,FORM 8-K,https://www.sec.gov/Archives/edgar/data/1895249/000110465926105542/tm2624767d1_8k.htm,True,
MCACR,2026-09-04 00:00:00,https://www.sec.gov/Archives/edgar/data/1895249/000110465926105542/0001104659-26-105542-index.htm,EX-10.1,EXHIBIT 10.1,https://www.sec.gov/Archives/edgar/data/1895249/000110465926105542/tm2624767d1_ex10-1.htm,False,
MCACR,2026-09-04 00:00:00,https://www.sec.gov/Archives/edgar/data/1895249/000110465926105542/0001104659-26-105542-index.htm,EX-10.2,EXHIBIT 10.2,https://www.sec.gov/Archives/edgar/data/1895249/000110465926105542/tm2624767d1_ex10-2.htm,False,
MCAC,2026-09-04 00:00:00,https://www.sec.gov/Archives/edgar/data/1895249/000110465926105542/0001104659-26-105542-index.htm,8-K,FORM 8-K,https://www.sec.gov/Archives/edgar/data/1895249/000110465926105542/tm2624767d1_8k.htm,True,
MCAC,2026-09-04 00:00:00,https://www.sec.gov/Archives/edgar/data/1895249/000110465926105542/0001104659-26-105542-index.htm,EX-10.1,EXHIBIT 10.1,https://www.sec.gov/Archives/edgar/data/1895249/000110465926105542/tm2624767d1_ex10-1.htm,False,
MCAC,2026-09-04 00:00:00,https://www.sec.gov/Archives/edgar/data/1895249/000110465926105542/0001104659-26-105542-index.htm,EX-10.2,EXHIBIT 10.2,https://www.sec.gov/Archives/edgar/data/1895249/000110465926105542/tm2624767d1_ex10-2.htm,False,
MCACU,2026-09-04 00:00:00,https://www.sec.gov/Archives/edgar/data/1895249/000110465926105542/0001104659-26-105542-index.htm,8-K,FORM 8-K,https://www.sec.gov/Archives/edgar/data/1895249/000110465926105542/tm2624767d1_8k.htm,True,
MCACU,2026-09-04 00:00:00,https://www.sec.gov/Archives/edgar/data/1895249/000110465926105542/0001104659-26-105542-index.htm,EX-10.1,EXHIBIT 10.1,https://www.sec.gov/Archives/edgar/data/1895249/000110465926105542/tm2624767d1_ex10-1.htm,False,
MCACU,2026-09-04 00:00:00,https://www.sec.gov/Archives/edgar/data/1895249/000110465926105542/0001104659-26-105542-index.htm,EX-10.2,EXHIBIT 10.2,https://www.sec.gov/Archives/edgar/data/1895249/000110465926105542/tm2624767d1_ex10-2.htm,False,
CNTM,2026-09-04 00:00:00,https://www.sec.gov/Archives/edgar/data/1895249/000110465926105542/0001104659-26-105542-index.htm,8-K,FORM 8-K,https://www.sec.gov/Archives/edgar/data/1895249/000110465926105542/tm2624767d1_8k.htm,True,
CNTM,2026-09-04 00:00:00,https://www.sec.gov/Archives/edgar/data/1895249/000110465926105542/0001104659-26-105542-index.htm,EX-10.1,EXHIBIT 10.1,https://www.sec.gov/Archives/edgar/data/1895249/000110465926105542/tm2624767d1_ex10-1.htm,False,
CNTM,2026-09-04 00:00:00,https://www.sec.gov/Archives/edgar/data/1895249/000110465926105542/0001104659-26-105542-index.htm,EX-10.2,EXHIBIT 10.2,https://www.sec.gov/Archives/edgar/data/1895249/000110465926105542/tm2624767d1_ex10-2.htm,False,
MCACW,2026-09-04 00:00:00,https://www.sec.gov/Archives/edgar/data/1895249/000110465926105542/0001104659-26-105542-index.htm,8-K,FORM 8-K,https://www.sec.gov/Archives/edgar/data/1895249/000110465926105542/tm2624767d1_8k.htm,True,
MCACW,2026-09-04 00:00:00,https://www.sec.gov/Archives/edgar/data/1895249/000110465926105542/0001104659-26-105542-index.htm,EX-10.1,EXHIBIT 10.1,https://www.sec.gov/Archives/edgar/data/1895249/000110465926105542/tm2624767d1_ex10-1.htm,False,
MCACW,2026-09-04 00:00:00,https://www.sec.gov/Archives/edgar/data/1895249/000110465926105542/0001104659-26-105542-index.htm,EX-10.2,EXHIBIT 10.2,https://www.sec.gov/Archives/edgar/data/1895249/000110465926105542/tm2624767d1_ex10-2.htm,False,
PTHR,2026-09-04 00:00:00,https://www.sec.gov/Archives/edgar/data/1930021/000121390026097738/0001213900-26-097738-index.htm,8-K,CURRENT REPORT,https://www.sec.gov/Archives/edgar/data/1930021/000121390026097738/ea0304610-8k_new.htm,False,
PTHR,2026-09-04 00:00:00,https://www.sec.gov/Archives/edgar/data/1930021/000121390026097738/0001213900-26-097738-index.htm,EX-99.1,"PRESS RELEASE, DATED SEPTEMBER 4, 2026",https://www.sec.gov/Archives/edgar/data/1930021/000121390026097738/ea030461001ex99-1.htm,False,
HOVR,2026-09-04 00:00:00,https://www.sec.gov/Archives/edgar/data/1930021/000121390026097738/0001213900-26-097738-index.htm,8-K,CURRENT REPORT,https://www.sec.gov/Archives/edgar/data/1930021/000121390026097738/ea0304610-8k_new.htm,False,
HOVR,2026-09-04 00:00:00,https://www.sec.gov/Archives/edgar/data/1930021/000121390026097738/0001213900-26-097738-index.htm,EX-99.1,"PRESS RELEASE, DATED SEPTEMBER 4, 2026",https://www.sec.gov/Archives/edgar/data/1930021/000121390026097738/ea030461001ex99-1.htm,False,
HOVRW,2026-09-04 00:00:00,https://www.sec.gov/Archives/edgar/data/1930021/000121390026097738/0001213900-26-097738-index.htm,8-K,CURRENT REPORT,https://www.sec.gov/Archives/edgar/data/1930021/000121390026097738/ea0304610-8k_new.htm,False,
HOVRW,2026-09-04 00:00:00,https://www.sec.gov/Archives/edgar/data/1930021/000121390026097738/0001213900-26-097738-index.htm,EX-99.1,"PRESS RELEASE, DATED SEPTEMBER 4, 2026",https://www.sec.gov/Archives/edgar/data/1930021/000121390026097738/ea030461001ex99-1.htm,False,
None,2026-09-04 00:00:00,https://www.sec.gov/Archives/edgar/data/2146310/000121390026097736/0001213900-26-097736-index.htm,8-K,CURRENT REPORT,https://www.sec.gov/Archives/edgar/data/2146310/000121390026097736/ea0304720-8k_inflection8.htm,False,
None,2026-09-04 00:00:00,https://www.sec.gov/Archives/edgar/data/2146310/000121390026097736/0001213900-26-097736-index.htm,EX-99.1,"AUDITED BALANCE SHEET AS OF AUGUST 31, 2026",https://www.sec.gov/Archives/edgar/data/2146310/000121390026097736/ea030472001ex99-1.htm,False,
KTRA,2026-09-04 00:00:00,https://www.sec.gov/Archives/edgar/data/1498382/000119312526383797/0001193125-26-383797-index.htm,8-K,8-K,https://www.sec.gov/Archives/edgar/data/1498382/000119312526383797/hura-20260902.htm,True,
HURA,2026-09-04 00:00:00,https://www.sec.gov/Archives/edgar/data/1498382/000119312526383797/0001193125-26-383797-index.htm,8-K,8-K,https://www.sec.gov/Archives/edgar/data/1498382/000119312526383797/hura-20260902.htm,True,
MATW,2026-09-04 00:00:00,https://www.sec.gov/Archives/edgar/data/63296/000119312526383796/0001193125-26-383796-index.htm,8-K,8-K,https://www.sec.gov/Archives/edgar/data/63296/000119312526383796/d182990d8k.htm,True,
MATW,2026-09-04 00:00:00,https://www.sec.gov/Archives/edgar/data/63296/000119312526383796/0001193125-26-383796-index.htm,EX-10.1,EX-10.1,https://www.sec.gov/Archives/edgar/data/63296/000119312526383796/d182990dex101.htm,True,
ACICU,2026-09-04 00:00:00,https://www.sec.gov/Archives/edgar/data/1824502/000182450226000068/0001824502-26-000068-index.htm,8-K,8-K,https://www.sec.gov/Archives/edgar/data/1824502/000182450226000068/achr-20260901.htm,False,
ACIC,2026-09-04 00:00:00,https://www.sec.gov/Archives/edgar/data/1824502/000182450226000068/0001824502-26-000068-index.htm,8-K,8-K,https://www.sec.gov/Archives/edgar/data/1824502/000182450226000068/achr-20260901.htm,False,
ACHR-WT,2026-09-04 00:00:00,https://www.sec.gov/Archives/edgar/data/1824502/000182450226000068/0001824502-26-000068-index.htm,8-K,8-K,https://www.sec.gov/Archives/edgar/data/1824502/000182450226000068/achr-20260901.htm,False,
ACHR,2026-09-04 00:00:00,https://www.sec.gov/Archives/edgar/data/1824502/000182450226000068/0001824502-26-000068-index.htm,8-K,8-K,https://www.sec.gov/Archives/edgar/data/1824502/000182450226000068/achr-20260901.htm,False,
PAYD,2026-09-04 00:00:00,https://www.sec.gov/Archives/edgar/data/1017655/000143774926029708/0001437749-26-029708-index.htm,8-K,FORM 8-K,https://www.sec.gov/Archives/edgar/data/1017655/000143774926029708/payd20260904_8k.htm,True,
ISPC,2026-09-04 00:00:00,https://www.sec.gov/Archives/edgar/data/1558569/000121390026097726/0001213900-26-097726-index.htm,8-K,CURRENT REPORT,https://www.sec.gov/Archives/edgar/data/1558569/000121390026097726/ea0304738-8k_ispecimen.htm,True,
ISPC,2026-09-04 00:00:00,https://www.sec.gov/Archives/edgar/data/1558569/000121390026097726/0001213900-26-097726-index.htm,EX-10.1,"ASSET PURCHASE AGREEMENT, DATED SEPTEMBER 4, 2026, BY AND BETWEEN ISPECIMEN INC.",https://www.sec.gov/Archives/edgar/data/1558569/000121390026097726/ea030473801ex10-1.htm,False,
RGPX,2026-09-04 00:00:00,https://www.sec.gov/Archives/edgar/data/1357878/000147237526000217/0001472375-26-000217-index.htm,8-K,CURRENT REPORT,https://www.sec.gov/Archives/edgar/data/1357878/000147237526000217/ixform8k.htm,False,
ALCYU,2026-09-04 00:00:00,https://www.sec.gov/Archives/edgar/data/1901336/000110465926105532/0001104659-26-105532-index.htm,8-K,FORM 8-K,https://www.sec.gov/Archives/edgar/data/1901336/000110465926105532/tm2624857d1_8k.htm,False,
ALCYW,2026-09-04 00:00:00,https://www.sec.gov/Archives/edgar/data/1901336/000110465926105532/0001104659-26-105532-index.htm,8-K,FORM 8-K,https://www.sec.gov/Archives/edgar/data/1901336/000110465926105532/tm2624857d1_8k.htm,False,
ALCY,2026-09-04 00:00:00,https://www.sec.gov/Archives/edgar/data/1901336/000110465926105532/0001104659-26-105532-index.htm,8-K,FORM 8-K,https://www.sec.gov/Archives/edgar/data/1901336/000110465926105532/tm2624857d1_8k.htm,False,
TOP,2026-09-04 00:00:00,https://www.sec.gov/Archives/edgar/data/1848275/000121390026097717/0001213900-26-097717-index.htm,8-K,CURRENT REPORT,https://www.sec.gov/Archives/edgar/data/1848275/000121390026097717/ea0304708-8k_top.htm,False,
TOP,2026-09-04 00:00:00,https://www.sec.gov/Archives/edgar/data/1848275/000121390026097717/0001213900-26-097717-index.htm,EX-99.1,"PRESS RELEASE, DATED SEPTEMBER 4, 2026",https://www.sec.gov/Archives/edgar/data/1848275/000121390026097717/ea030470801ex99-1.htm,False,
HROWL,2026-09-04 00:00:00,https://www.sec.gov/Archives/edgar/data/1360214/000149315226041569/0001493152-26-041569-index.htm,8-K,8-K,https://www.sec.gov/Archives/edgar/data/1360214/000149315226041569/form8-k.htm,False,
HROWM,2026-09-04 00:00:00,https://www.sec.gov/Archives/edgar/data/1360214/000149315226041569/0001493152-26-041569-index.htm,8-K,8-K,https://www.sec.gov/Archives/edgar/data/1360214/000149315226041569/form8-k.htm,False,
HROW,2026-09-04 00:00:00,https://www.sec.gov/Archives/edgar/data/1360214/000149315226041569/0001493152-26-041569-index.htm,8-K,8-K,https://www.sec.gov/Archives/edgar/data/1360214/000149315226041569/form8-k.htm,False,
CMCTP,2026-09-04 00:00:00,https://www.sec.gov/Archives/edgar/data/908311/000090831126000103/0000908311-26-000103-index.htm,8-K,8-K,https://www.sec.gov/Archives/edgar/data/908311/000090831126000103/cmct-20260902.htm,False,
CMCT,2026-09-04 00:00:00,https://www.sec.gov/Archives/edgar/data/908311/000090831126000103/0000908311-26-000103-index.htm,8-K,8-K,https://www.sec.gov/Archives/edgar/data/908311/000090831126000103/cmct-20260902.htm,False,
FAVO,2026-09-04 00:00:00,https://www.sec.gov/Archives/edgar/data/1795851/000179585126000013/0001795851-26-000013-index.htm,8-K,8-K,https://www.sec.gov/Archives/edgar/data/1795851/000179585126000013/swrd-20260903.htm,True,
FAVO,2026-09-04 00:00:00,https://www.sec.gov/Archives/edgar/data/1795851/000179585126000013/0001795851-26-000013-index.htm,EX-10.1,EX-10.1,https://www.sec.gov/Archives/edgar/data/1795851/000179585126000013/amendment_nox4xtoxloanxagr.htm,True,
SWRD,2026-09-04 00:00:00,https://www.sec.gov/Archives/edgar/data/1795851/000179585126000013/0001795851-26-000013-index.htm,8-K,8-K,https://www.sec.gov/Archives/edgar/data/1795851/000179585126000013/swrd-20260903.htm,True,
SWRD,2026-09-04 00:00:00,https://www.sec.gov/Archives/edgar/data/1795851/000179585126000013/0001795851-26-000013-index.htm,EX-10.1,EX-10.1,https://www.sec.gov/Archives/edgar/data/1795851/000179585126000013/amendment_nox4xtoxloanxagr.htm,True,
None,2026-09-04 00:00:00,https://www.sec.gov/Archives/edgar/data/2035428/000203542826000058/0002035428-26-000058-index.htm,8-K,8-K,https://www.sec.gov/Archives/edgar/data/2035428/000203542826000058/fbred-20260818.htm,True,
SOUNW,2026-09-04 00:00:00,https://www.sec.gov/Archives/edgar/data/1840856/000121390026097712/0001213900-26-097712-index.htm,8-K,CURRENT REPORT,https://www.sec.gov/Archives/edgar/data/1840856/000121390026097712/ea0304691-8k_sound.htm,True,
SOUNW,2026-09-04 00:00:00,https://www.sec.gov/Archives/edgar/data/1840856/000121390026097712/0001213900-26-097712-index.htm,EX-10.2,"REGISTRATION RIGHTS AGREEMENT, DATED SEPTEMBER 2, 2026, BY AND AMONG SOUNDHOUND",https://www.sec.gov/Archives/edgar/data/1840856/000121390026097712/ea030469101ex10-2.htm,False,
SOUNW,2026-09-04 00:00:00,https://www.sec.gov/Archives/edgar/data/1840856/000121390026097712/0001213900-26-097712-index.htm,EX-99.1,"PRESS RELEASE ISSUED BY SOUNDHOUND DATED SEPTEMBER 4, 2026",https://www.sec.gov/Archives/edgar/data/1840856/000121390026097712/ea030469101ex99-1.htm,False,
SOUN,2026-09-04 00:00:00,https://www.sec.gov/Archives/edgar/data/1840856/000121390026097712/0001213900-26-097712-index.htm,8-K,CURRENT REPORT,https://www.sec.gov/Archives/edgar/data/1840856/000121390026097712/ea0304691-8k_sound.htm,True,
SOUN,2026-09-04 00:00:00,https://www.sec.gov/Archives/edgar/data/1840856/000121390026097712/0001213900-26-097712-index.htm,EX-10.2,"REGISTRATION RIGHTS AGREEMENT, DATED SEPTEMBER 2, 2026, BY AND AMONG SOUNDHOUND",https://www.sec.gov/Archives/edgar/data/1840856/000121390026097712/ea030469101ex10-2.htm,False,
SOUN,2026-09-04 00:00:00,https://www.sec.gov/Archives/edgar/data/1840856/000121390026097712/0001213900-26-097712-index.htm,EX-99.1,"PRESS RELEASE ISSUED BY SOUNDHOUND DATED SEPTEMBER 4, 2026",https://www.sec.gov/Archives/edgar/data/1840856/000121390026097712/ea030469101ex99-1.htm,False,
ATSPT,2026-09-04 00:00:00,https://www.sec.gov/Archives/edgar/data/1840856/000121390026097712/0001213900-26-097712-index.htm,8-K,CURRENT REPORT,https://www.sec.gov/Archives/edgar/data/1840856/000121390026097712/ea0304691-8k_sound.htm,True,
ATSPT,2026-09-04 00:00:00,https://www.sec.gov/Archives/edgar/data/1840856/000121390026097712/0001213900-26-097712-index.htm,EX-10.2,"REGISTRATION RIGHTS AGREEMENT, DATED SEPTEMBER 2, 2026, BY AND AMONG SOUNDHOUND",https://www.sec.gov/Archives/edgar/data/1840856/000121390026097712/ea030469101ex10-2.htm,False,
ATSPT,2026-09-04 00:00:00,https://www.sec.gov/Archives/edgar/data/1840856/000121390026097712/0001213900-26-097712-index.htm,EX-99.1,"PRESS RELEASE ISSUED BY SOUNDHOUND DATED SEPTEMBER 4, 2026",https://www.sec.gov/Archives/edgar/data/1840856/000121390026097712/ea030469101ex99-1.htm,False,
ATSPW,2026-09-04 00:00:00,https://www.sec.gov/Archives/edgar/data/1840856/000121390026097712/0001213900-26-097712-index.htm,8-K,CURRENT REPORT,https://www.sec.gov/Archives/edgar/data/1840856/000121390026097712/ea0304691-8k_sound.htm,True,
ATSPW,2026-09-04 00:00:00,https://www.sec.gov/Archives/edgar/data/1840856/000121390026097712/0001213900-26-097712-index.htm,EX-10.2,"REGISTRATION RIGHTS AGREEMENT, DATED SEPTEMBER 2, 2026, BY AND AMONG SOUNDHOUND",https://www.sec.gov/Archives/edgar/data/1840856/000121390026097712/ea030469101ex10-2.htm,False,
ATSPW,2026-09-04 00:00:00,https://www.sec.gov/Archives/edgar/data/1840856/000121390026097712/0001213900-26-097712-index.htm,EX-99.1,"PRESS RELEASE ISSUED BY SOUNDHOUND DATED SEPTEMBER 4, 2026",https://www.sec.gov/Archives/edgar/data/1840856/000121390026097712/ea030469101ex99-1.htm,False,
ATSPU,2026-09-04 00:00:00,https://www.sec.gov/Archives/edgar/data/1840856/000121390026097712/0001213900-26-097712-index.htm,8-K,CURRENT REPORT,https://www.sec.gov/Archives/edgar/data/1840856/000121390026097712/ea0304691-8k_sound.htm,True,
ATSPU,2026-09-04 00:00:00,https://www.sec.gov/Archives/edgar/data/1840856/000121390026097712/0001213900-26-097712-index.htm,EX-10.2,"REGISTRATION RIGHTS AGREEMENT, DATED SEPTEMBER 2, 2026, BY AND AMONG SOUNDHOUND",https://www.sec.gov/Archives/edgar/data/1840856/000121390026097712/ea030469101ex10-2.htm,False,
ATSPU,2026-09-04 00:00:00,https://www.sec.gov/Archives/edgar/data/1840856/000121390026097712/0001213900-26-097712-index.htm,EX-99.1,"PRESS RELEASE ISSUED BY SOUNDHOUND DATED SEPTEMBER 4, 2026",https://www.sec.gov/Archives/edgar/data/1840856/000121390026097712/ea030469101ex99-1.htm,False,
FAVO,2026-09-04 00:00:00,https://www.sec.gov/Archives/edgar/data/1795851/000179585126000010/0001795851-26-000010-index.htm,8-K,8-K,https://www.sec.gov/Archives/edgar/data/1795851/000179585126000010/swrd-20260902.htm,True,
FAVO,2026-09-04 00:00:00,https://www.sec.gov/Archives/edgar/data/1795851/000179585126000010/0001795851-26-000010-index.htm,EX-10.1,EX-10.1,https://www.sec.gov/Archives/edgar/data/1795851/000179585126000010/stewardsincpromissorynote1.htm,False,
FAVO,2026-09-04 00:00:00,https://www.sec.gov/Archives/edgar/data/1795851/000179585126000010/0001795851-26-000010-index.htm,EX-10.2,EX-10.2,https://www.sec.gov/Archives/edgar/data/1795851/000179585126000010/securityagreement9226.htm,False,
SWRD,2026-09-04 00:00:00,https://www.sec.gov/Archives/edgar/data/1795851/000179585126000010/0001795851-26-000010-index.htm,8-K,8-K,https://www.sec.gov/Archives/edgar/data/1795851/000179585126000010/swrd-20260902.htm,True,
SWRD,2026-09-04 00:00:00,https://www.sec.gov/Archives/edgar/data/1795851/000179585126000010/0001795851-26-000010-index.htm,EX-10.1,EX-10.1,https://www.sec.gov/Archives/edgar/data/1795851/000179585126000010/stewardsincpromissorynote1.htm,False,
SWRD,2026-09-04 00:00:00,https://www.sec.gov/Archives/edgar/data/1795851/000179585126000010/0001795851-26-000010-index.htm,EX-10.2,EX-10.2,https://www.sec.gov/Archives/edgar/data/1795851/000179585126000010/securityagreement9226.htm,False,
WFTUF,2026-09-04 00:00:00,https://www.sec.gov/Archives/edgar/data/1603923/000160392326000108/0001603923-26-000108-index.htm,8-K,8-K,https://www.sec.gov/Archives/edgar/data/1603923/000160392326000108/wft-20260904.htm,False,
WFRD,2026-09-04 00:00:00,https://www.sec.gov/Archives/edgar/data/1603923/000160392326000108/0001603923-26-000108-index.htm,8-K,8-K,https://www.sec.gov/Archives/edgar/data/1603923/000160392326000108/wft-20260904.htm,False,
AIRTW,2026-09-04 00:00:00,https://www.sec.gov/Archives/edgar/data/353184/000035318426000098/0000353184-26-000098-index.htm,8-K,8-K,https://www.sec.gov/Archives/edgar/data/353184/000035318426000098/airt-20260904.htm,True,
AIRTW,2026-09-04 00:00:00,https://www.sec.gov/Archives/edgar/data/353184/000035318426000098/0000353184-26-000098-index.htm,EX-10.1,EX-10.1,https://www.sec.gov/Archives/edgar/data/353184/000035318426000098/a101amendmentno7tocredit.htm,True,
AIRTW,2026-09-04 00:00:00,https://www.sec.gov/Archives/edgar/data/353184/000035318426000098/0000353184-26-000098-index.htm,EX-10.2,EX-10.2,https://www.sec.gov/Archives/edgar/data/353184/000035318426000098/a102arrevolvingcreditnot.htm,True,
AIRT,2026-09-04 00:00:00,https://www.sec.gov/Archives/edgar/data/353184/000035318426000098/0000353184-26-000098-index.htm,8-K,8-K,https://www.sec.gov/Archives/edgar/data/353184/000035318426000098/airt-20260904.htm,True,
AIRT,2026-09-04 00:00:00,https://www.sec.gov/Archives/edgar/data/353184/000035318426000098/0000353184-26-000098-index.htm,EX-10.1,EX-10.1,https://www.sec.gov/Archives/edgar/data/353184/000035318426000098/a101amendmentno7tocredit.htm,True,
AIRT,2026-09-04 00:00:00,https://www.sec.gov/Archives/edgar/data/353184/000035318426000098/0000353184-26-000098-index.htm,EX-10.2,EX-10.2,https://www.sec.gov/Archives/edgar/data/353184/000035318426000098/a102arrevolvingcreditnot.htm,True,
AIRTP,2026-09-04 00:00:00,https://www.sec.gov/Archives/edgar/data/353184/000035318426000098/0000353184-26-000098-index.htm,8-K,8-K,https://www.sec.gov/Archives/edgar/data/353184/000035318426000098/airt-20260904.htm,True,
AIRTP,2026-09-04 00:00:00,https://www.sec.gov/Archives/edgar/data/353184/000035318426000098/0000353184-26-000098-index.htm,EX-10.1,EX-10.1,https://www.sec.gov/Archives/edgar/data/353184/000035318426000098/a101amendmentno7tocredit.htm,True,
AIRTP,2026-09-04 00:00:00,https://www.sec.gov/Archives/edgar/data/353184/000035318426000098/0000353184-26-000098-index.htm,EX-10.2,EX-10.2,https://www.sec.gov/Archives/edgar/data/353184/000035318426000098/a102arrevolvingcreditnot.htm,True,
APM,2026-09-04 00:00:00,https://www.sec.gov/Archives/edgar/data/1734005/000121390026097705/0001213900-26-097705-index.htm,8-K,CURRENT REPORT,https://www.sec.gov/Archives/edgar/data/1734005/000121390026097705/ea0304290-8k_nikibio.htm,False,
APM,2026-09-04 00:00:00,https://www.sec.gov/Archives/edgar/data/1734005/000121390026097705/0001213900-26-097705-index.htm,EX-10.1,"APPOINTMENT LETTER FOR IAN HUEN, DATED AUGUST 1, 2026",https://www.sec.gov/Archives/edgar/data/1734005/000121390026097705/ea030429001ex10-1.htm,False,
APM,2026-09-04 00:00:00,https://www.sec.gov/Archives/edgar/data/1734005/000121390026097705/0001213900-26-097705-index.htm,EX-10.2,"EMPLOYMENT AGREEMENT BETWEEN ALIDAD MIRESKANDARI AND NIKI BIOSOLUTIONS, INC DATE",https://www.sec.gov/Archives/edgar/data/1734005/000121390026097705/ea030429001ex10-2.htm,False,
ALRN,2026-09-04 00:00:00,https://www.sec.gov/Archives/edgar/data/1420565/000119312526383726/0001193125-26-383726-index.htm,8-K,8-K,https://www.sec.gov/Archives/edgar/data/1420565/000119312526383726/d111215d8k.htm,False,
ALRN,2026-09-04 00:00:00,https://www.sec.gov/Archives/edgar/data/1420565/000119312526383726/0001193125-26-383726-index.htm,EX-99.1,EX-99.1,https://www.sec.gov/Archives/edgar/data/1420565/000119312526383726/d111215dex991.htm,False,
RNTX,2026-09-04 00:00:00,https://www.sec.gov/Archives/edgar/data/1420565/000119312526383726/0001193125-26-383726-index.htm,8-K,8-K,https://www.sec.gov/Archives/edgar/data/1420565/000119312526383726/d111215d8k.htm,False,
RNTX,2026-09-04 00:00:00,https://www.sec.gov/Archives/edgar/data/1420565/000119312526383726/0001193125-26-383726-index.htm,EX-99.1,EX-99.1,https://www.sec.gov/Archives/edgar/data/1420565/000119312526383726/d111215dex991.htm,False,
GLW,2026-09-04 00:00:00,https://www.sec.gov/Archives/edgar/data/24741/000120677426000517/0001206774-26-000517-index.htm,8-K,CURRENT REPORT,https://www.sec.gov/Archives/edgar/data/24741/000120677426000517/glw4684541-8k.htm,False,
ACA,2026-09-04 00:00:00,https://www.sec.gov/Archives/edgar/data/1739445/000114036126035795/0001140361-26-035795-index.htm,8-K,8-K,https://www.sec.gov/Archives/edgar/data/1739445/000114036126035795/ef20081570_8k.htm,False,
SPHA,2026-09-04 00:00:00,https://www.sec.gov/Archives/edgar/data/2030829/000121390026097703/0001213900-26-097703-index.htm,8-K,CURRENT REPORT,https://www.sec.gov/Archives/edgar/data/2030829/000121390026097703/ea0304675-8k_pantages.htm,False,
SPHAU,2026-09-04 00:00:00,https://www.sec.gov/Archives/edgar/data/2030829/000121390026097703/0001213900-26-097703-index.htm,8-K,CURRENT REPORT,https://www.sec.gov/Archives/edgar/data/2030829/000121390026097703/ea0304675-8k_pantages.htm,False,
AIFER,2026-09-04 00:00:00,https://www.sec.gov/Archives/edgar/data/2030829/000121390026097703/0001213900-26-097703-index.htm,8-K,CURRENT REPORT,https://www.sec.gov/Archives/edgar/data/2030829/000121390026097703/ea0304675-8k_pantages.htm,False,
AIFEU,2026-09-04 00:00:00,https://www.sec.gov/Archives/edgar/data/2030829/000121390026097703/0001213900-26-097703-index.htm,8-K,CURRENT REPORT,https://www.sec.gov/Archives/edgar/data/2030829/000121390026097703/ea0304675-8k_pantages.htm,False,
AIFE,2026-09-04 00:00:00,https://www.sec.gov/Archives/edgar/data/2030829/000121390026097703/0001213900-26-097703-index.htm,8-K,CURRENT REPORT,https://www.sec.gov/Archives/edgar/data/2030829/000121390026097703/ea0304675-8k_pantages.htm,False,
APURR,2026-09-04 00:00:00,https://www.sec.gov/Archives/edgar/data/2093524/000121390026097700/0001213900-26-097700-index.htm,8-K,CURRENT REPORT,https://www.sec.gov/Archives/edgar/data/2093524/000121390026097700/ea0304729-8k_aperture.htm,False,
APURR,2026-09-04 00:00:00,https://www.sec.gov/Archives/edgar/data/2093524/000121390026097700/0001213900-26-097700-index.htm,EX-10.1,"EMPLOYMENT AGREEMENT, DATED SEPTEMBER 3, 2026, BY AND BETWEEN THE COMPANY AND CA",https://www.sec.gov/Archives/edgar/data/2093524/000121390026097700/ea030472901ex10-1.htm,False,
APURR,2026-09-04 00:00:00,https://www.sec.gov/Archives/edgar/data/2093524/000121390026097700/0001213900-26-097700-index.htm,EX-10.2,"CONSULTING AGREEMENT, DATED SEPTEMBER 3, 2026, BY AND BETWEEN THE COMPANY AND DA",https://www.sec.gov/Archives/edgar/data/2093524/000121390026097700/ea030472901ex10-2.htm,False,
APURU,2026-09-04 00:00:00,https://www.sec.gov/Archives/edgar/data/2093524/000121390026097700/0001213900-26-097700-index.htm,8-K,CURRENT REPORT,https://www.sec.gov/Archives/edgar/data/2093524/000121390026097700/ea0304729-8k_aperture.htm,False,
APURU,2026-09-04 00:00:00,https://www.sec.gov/Archives/edgar/data/2093524/000121390026097700/0001213900-26-097700-index.htm,EX-10.1,"EMPLOYMENT AGREEMENT, DATED SEPTEMBER 3, 2026, BY AND BETWEEN THE COMPANY AND CA",https://www.sec.gov/Archives/edgar/data/2093524/000121390026097700/ea030472901ex10-1.htm,False,
APURU,2026-09-04 00:00:00,https://www.sec.gov/Archives/edgar/data/2093524/000121390026097700/0001213900-26-097700-index.htm,EX-10.2,"CONSULTING AGREEMENT, DATED SEPTEMBER 3, 2026, BY AND BETWEEN THE COMPANY AND DA",https://www.sec.gov/Archives/edgar/data/2093524/000121390026097700/ea030472901ex10-2.htm,False,
APUR,2026-09-04 00:00:00,https://www.sec.gov/Archives/edgar/data/2093524/000121390026097700/0001213900-26-097700-index.htm,8-K,CURRENT REPORT,https://www.sec.gov/Archives/edgar/data/2093524/000121390026097700/ea0304729-8k_aperture.htm,False,
APUR,2026-09-04 00:00:00,https://www.sec.gov/Archives/edgar/data/2093524/000121390026097700/0001213900-26-097700-index.htm,EX-10.1,"EMPLOYMENT AGREEMENT, DATED SEPTEMBER 3, 2026, BY AND BETWEEN THE COMPANY AND CA",https://www.sec.gov/Archives/edgar/data/2093524/000121390026097700/ea030472901ex10-1.htm,False,
APUR,2026-09-04 00:00:00,https://www.sec.gov/Archives/edgar/data/2093524/000121390026097700/0001213900-26-097700-index.htm,EX-10.2,"CONSULTING AGREEMENT, DATED SEPTEMBER 3, 2026, BY AND BETWEEN THE COMPANY AND DA",https://www.sec.gov/Archives/edgar/data/2093524/000121390026097700/ea030472901ex10-2.htm,False,
SLGN,2026-09-04 00:00:00,https://www.sec.gov/Archives/edgar/data/849869/000162828026060742/0001628280-26-060742-index.htm,8-K,8-K,https://www.sec.gov/Archives/edgar/data/849869/000162828026060742/slgn-20260902.htm,False,
BWA,2026-09-04 00:00:00,https://www.sec.gov/Archives/edgar/data/908255/000110465926105519/0001104659-26-105519-index.htm,8-K,FORM 8-K,https://www.sec.gov/Archives/edgar/data/908255/000110465926105519/tm2624838d1_8k.htm,False,
CLINU,2026-09-04 00:00:00,https://www.sec.gov/Archives/edgar/data/1883984/000143774926029699/0001437749-26-029699-index.htm,8-K,FORM 8-K,https://www.sec.gov/Archives/edgar/data/1883984/000143774926029699/alce20260903_8k.htm,False,
ALCE,2026-09-04 00:00:00,https://www.sec.gov/Archives/edgar/data/1883984/000143774926029699/0001437749-26-029699-index.htm,8-K,FORM 8-K,https://www.sec.gov/Archives/edgar/data/1883984/000143774926029699/alce20260903_8k.htm,False,
CLINR,2026-09-04 00:00:00,https://www.sec.gov/Archives/edgar/data/1883984/000143774926029699/0001437749-26-029699-index.htm,8-K,FORM 8-K,https://www.sec.gov/Archives/edgar/data/1883984/000143774926029699/alce20260903_8k.htm,False,
CLIN,2026-09-04 00:00:00,https://www.sec.gov/Archives/edgar/data/1883984/000143774926029699/0001437749-26-029699-index.htm,8-K,FORM 8-K,https://www.sec.gov/Archives/edgar/data/1883984/000143774926029699/alce20260903_8k.htm,False,
CLINW,2026-09-04 00:00:00,https://www.sec.gov/Archives/edgar/data/1883984/000143774926029699/0001437749-26-029699-index.htm,8-K,FORM 8-K,https://www.sec.gov/Archives/edgar/data/1883984/000143774926029699/alce20260903_8k.htm,False,
CODX,2026-09-04 00:00:00,https://www.sec.gov/Archives/edgar/data/1692415/000149315226041560/0001493152-26-041560-index.htm,8-K,8-K,https://www.sec.gov/Archives/edgar/data/1692415/000149315226041560/form8-k.htm,False,
WETH,2026-09-04 00:00:00,https://www.sec.gov/Archives/edgar/data/1826660/000121390026097691/0001213900-26-097691-index.htm,8-K,CURRENT REPORT,https://www.sec.gov/Archives/edgar/data/1826660/000121390026097691/ea0304687-8k_wetouch.htm,False,
CIDM,2026-09-04 00:00:00,https://www.sec.gov/Archives/edgar/data/1173204/000119312526383714/0001193125-26-383714-index.htm,8-K,8-K,https://www.sec.gov/Archives/edgar/data/1173204/000119312526383714/cnvs-20260831.htm,True,
MOVE,2026-09-04 00:00:00,https://www.sec.gov/Archives/edgar/data/1734750/000121390026097690/0001213900-26-097690-index.htm,8-K,CURRENT REPORT,https://www.sec.gov/Archives/edgar/data/1734750/000121390026097690/ea0304515-8k_corvex.htm,False,
MOVE,2026-09-04 00:00:00,https://www.sec.gov/Archives/edgar/data/1734750/000121390026097690/0001213900-26-097690-index.htm,EX-99.1,"UNAUDITED PRO FORMA CONDENSED COMBINED FINANCIAL INFORMATION OF CORVEX, INC. AS",https://www.sec.gov/Archives/edgar/data/1734750/000121390026097690/ea030451501ex99-1.htm,False,
ASIC,2026-09-04 00:00:00,https://www.sec.gov/Archives/edgar/data/2040491/000162828026060740/0001628280-26-060740-index.htm,8-K,8-K,https://www.sec.gov/Archives/edgar/data/2040491/000162828026060740/asic-20260904.htm,False,
ASIC,2026-09-04 00:00:00,https://www.sec.gov/Archives/edgar/data/2040491/000162828026060740/0001628280-26-060740-index.htm,EX-10.1,EX-10.1,https://www.sec.gov/Archives/edgar/data/2040491/000162828026060740/schenk-thirdamendedandrest.htm,False,
ARW,2026-09-04 00:00:00,https://www.sec.gov/Archives/edgar/data/7536/000110465926105516/0001104659-26-105516-index.htm,8-K,FORM 8-K,https://www.sec.gov/Archives/edgar/data/7536/000110465926105516/tm2624328d1_8k.htm,True,
ARW,2026-09-04 00:00:00,https://www.sec.gov/Archives/edgar/data/7536/000110465926105516/0001104659-26-105516-index.htm,EX-10.1,EXHIBIT 10.1,https://www.sec.gov/Archives/edgar/data/7536/000110465926105516/tm2624328d1_ex10-1.htm,False,
None,2026-09-04 00:00:00,https://www.sec.gov/Archives/edgar/data/7286/000076462226000046/0000764622-26-000046-index.htm,8-K,8-K,https://www.sec.gov/Archives/edgar/data/7286/000076462226000046/pnw-20260904.htm,False,
None,2026-09-04 00:00:00,https://www.sec.gov/Archives/edgar/data/7286/000076462226000046/0000764622-26-000046-index.htm,EX-99.1,EX-99.1,https://www.sec.gov/Archives/edgar/data/7286/000076462226000046/septemberinvestordeck.htm,False,
PNW,2026-09-04 00:00:00,https://www.sec.gov/Archives/edgar/data/764622/000076462226000046/0000764622-26-000046-index.htm,8-K,8-K,https://www.sec.gov/Archives/edgar/data/7286/000076462226000046/pnw-20260904.htm,False,
PNW,2026-09-04 00:00:00,https://www.sec.gov/Archives/edgar/data/764622/000076462226000046/0000764622-26-000046-index.htm,EX-99.1,EX-99.1,https://www.sec.gov/Archives/edgar/data/7286/000076462226000046/septemberinvestordeck.htm,False,
HLX,2026-09-04 00:00:00,https://www.sec.gov/Archives/edgar/data/866829/000119312526383687/0001193125-26-383687-index.htm,8-K,8-K,https://www.sec.gov/Archives/edgar/data/866829/000119312526383687/d117247d8k.htm,False,
HLX,2026-09-04 00:00:00,https://www.sec.gov/Archives/edgar/data/866829/000119312526383687/0001193125-26-383687-index.htm,EX-10.1,EX-10.1,https://www.sec.gov/Archives/edgar/data/866829/000119312526383687/d117247dex101.htm,False,
HLX,2026-09-04 00:00:00,https://www.sec.gov/Archives/edgar/data/866829/000119312526383687/0001193125-26-383687-index.htm,EX-10.2,EX-10.2,https://www.sec.gov/Archives/edgar/data/866829/000119312526383687/d117247dex102.htm,False,
HLX,2026-09-04 00:00:00,https://www.sec.gov/Archives/edgar/data/866829/000119312526383687/0001193125-26-383687-index.htm,EX-99.1,EX-99.1,https://www.sec.gov/Archives/edgar/data/866829/000119312526383687/d117247dex991.htm,False,
NILE,2026-09-04 00:00:00,https://www.sec.gov/Archives/edgar/data/896493/000121465926011456/0001214659-26-011456-index.htm,8-K,,https://www.sec.gov/Archives/edgar/data/896493/000121465926011456/o942648k.htm,False,
NILE,2026-09-04 00:00:00,https://www.sec.gov/Archives/edgar/data/896493/000121465926011456/0001214659-26-011456-index.htm,EX-99.1,EXHIBIT 99.1,https://www.sec.gov/Archives/edgar/data/896493/000121465926011456/ex99_1.htm,False,
NILE-PD,2026-09-04 00:00:00,https://www.sec.gov/Archives/edgar/data/896493/000121465926011456/0001214659-26-011456-index.htm,8-K,,https://www.sec.gov/Archives/edgar/data/896493/000121465926011456/o942648k.htm,False,
NILE-PD,2026-09-04 00:00:00,https://www.sec.gov/Archives/edgar/data/896493/000121465926011456/0001214659-26-011456-index.htm,EX-99.1,EXHIBIT 99.1,https://www.sec.gov/Archives/edgar/data/896493/000121465926011456/ex99_1.htm,False,
GPUS,2026-09-04 00:00:00,https://www.sec.gov/Archives/edgar/data/896493/000121465926011456/0001214659-26-011456-index.htm,8-K,,https://www.sec.gov/Archives/edgar/data/896493/000121465926011456/o942648k.htm,False,
GPUS,2026-09-04 00:00:00,https://www.sec.gov/Archives/edgar/data/896493/000121465926011456/0001214659-26-011456-index.htm,EX-99.1,EXHIBIT 99.1,https://www.sec.gov/Archives/edgar/data/896493/000121465926011456/ex99_1.htm,False,
AULT,2026-09-04 00:00:00,https://www.sec.gov/Archives/edgar/data/896493/000121465926011456/0001214659-26-011456-index.htm,8-K,,https://www.sec.gov/Archives/edgar/data/896493/000121465926011456/o942648k.htm,False,
AULT,2026-09-04 00:00:00,https://www.sec.gov/Archives/edgar/data/896493/000121465926011456/0001214659-26-011456-index.htm,EX-99.1,EXHIBIT 99.1,https://www.sec.gov/Archives/edgar/data/896493/000121465926011456/ex99_1.htm,False,
DPW,2026-09-04 00:00:00,https://www.sec.gov/Archives/edgar/data/896493/000121465926011456/0001214659-26-011456-index.htm,8-K,,https://www.sec.gov/Archives/edgar/data/896493/000121465926011456/o942648k.htm,False,
DPW,2026-09-04 00:00:00,https://www.sec.gov/Archives/edgar/data/896493/000121465926011456/0001214659-26-011456-index.htm,EX-99.1,EXHIBIT 99.1,https://www.sec.gov/Archives/edgar/data/896493/000121465926011456/ex99_1.htm,False,
GPUS-PD,2026-09-04 00:00:00,https://www.sec.gov/Archives/edgar/data/896493/000121465926011456/0001214659-26-011456-index.htm,8-K,,https://www.sec.gov/Archives/edgar/data/896493/000121465926011456/o942648k.htm,False,
GPUS-PD,2026-09-04 00:00:00,https://www.sec.gov/Archives/edgar/data/896493/000121465926011456/0001214659-26-011456-index.htm,EX-99.1,EXHIBIT 99.1,https://www.sec.gov/Archives/edgar/data/896493/000121465926011456/ex99_1.htm,False,
None,2026-09-04 00:00:00,https://www.sec.gov/Archives/edgar/data/2033383/000149315226041553/0001493152-26-041553-index.htm,8-K,8-K,https://www.sec.gov/Archives/edgar/data/2033383/000149315226041553/form8-k.htm,False,
None,2026-09-04 00:00:00,https://www.sec.gov/Archives/edgar/data/2033383/000149315226041553/0001493152-26-041553-index.htm,EX-10.1,EX-10.1,https://www.sec.gov/Archives/edgar/data/2033383/000149315226041553/ex10-1.htm,False,
ARDT,2026-09-04 00:00:00,https://www.sec.gov/Archives/edgar/data/1756655/000162828026060735/0001628280-26-060735-index.htm,8-K,8-K,https://www.sec.gov/Archives/edgar/data/1756655/000162828026060735/ardt-20260904.htm,False,
ARDT,2026-09-04 00:00:00,https://www.sec.gov/Archives/edgar/data/1756655/000162828026060735/0001628280-26-060735-index.htm,EX-99.1,EX-99.1,https://www.sec.gov/Archives/edgar/data/1756655/000162828026060735/ardt-090426x8xkxex991.htm,False,
ED,2026-09-04 00:00:00,https://www.sec.gov/Archives/edgar/data/1047862/000119312526383674/0001193125-26-383674-index.htm,8-K,8-K,https://www.sec.gov/Archives/edgar/data/23632/000119312526383674/d144518d8k.htm,False,
None,2026-09-04 00:00:00,https://www.sec.gov/Archives/edgar/data/23632/000119312526383674/0001193125-26-383674-index.htm,8-K,8-K,https://www.sec.gov/Archives/edgar/data/23632/000119312526383674/d144518d8k.htm,False,
CONXU,2026-09-04 00:00:00,https://www.sec.gov/Archives/edgar/data/1823000/000110465926105512/0001104659-26-105512-index.htm,8-K,FORM 8-K,https://www.sec.gov/Archives/edgar/data/1823000/000110465926105512/tm2624785d1_8k.htm,True,
CONXU,2026-09-04 00:00:00,https://www.sec.gov/Archives/edgar/data/1823000/000110465926105512/0001104659-26-105512-index.htm,EX-10.1,EXHIBIT 10.1,https://www.sec.gov/Archives/edgar/data/1823000/000110465926105512/tm2624785d1_ex10-1.htm,True,
CONXW,2026-09-04 00:00:00,https://www.sec.gov/Archives/edgar/data/1823000/000110465926105512/0001104659-26-105512-index.htm,8-K,FORM 8-K,https://www.sec.gov/Archives/edgar/data/1823000/000110465926105512/tm2624785d1_8k.htm,True,
CONXW,2026-09-04 00:00:00,https://www.sec.gov/Archives/edgar/data/1823000/000110465926105512/0001104659-26-105512-index.htm,EX-10.1,EXHIBIT 10.1,https://www.sec.gov/Archives/edgar/data/1823000/000110465926105512/tm2624785d1_ex10-1.htm,True,
CONX,2026-09-04 00:00:00,https://www.sec.gov/Archives/edgar/data/1823000/000110465926105512/0001104659-26-105512-index.htm,8-K,FORM 8-K,https://www.sec.gov/Archives/edgar/data/1823000/000110465926105512/tm2624785d1_8k.htm,True,
CONX,2026-09-04 00:00:00,https://www.sec.gov/Archives/edgar/data/1823000/000110465926105512/0001104659-26-105512-index.htm,EX-10.1,EXHIBIT 10.1,https://www.sec.gov/Archives/edgar/data/1823000/000110465926105512/tm2624785d1_ex10-1.htm,True,
CNXX,2026-09-04 00:00:00,https://www.sec.gov/Archives/edgar/data/1823000/000110465926105512/0001104659-26-105512-index.htm,8-K,FORM 8-K,https://www.sec.gov/Archives/edgar/data/1823000/000110465926105512/tm2624785d1_8k.htm,True,
CNXX,2026-09-04 00:00:00,https://www.sec.gov/Archives/edgar/data/1823000/000110465926105512/0001104659-26-105512-index.htm,EX-10.1,EXHIBIT 10.1,https://www.sec.gov/Archives/edgar/data/1823000/000110465926105512/tm2624785d1_ex10-1.htm,True,
CURX,2026-09-04 00:00:00,https://www.sec.gov/Archives/edgar/data/2025942/000149315226041546/0001493152-26-041546-index.htm,8-K,8-K,https://www.sec.gov/Archives/edgar/data/2025942/000149315226041546/form8-k.htm,False,
TBBK,2026-09-04 00:00:00,https://www.sec.gov/Archives/edgar/data/1295401/000203985226000121/0002039852-26-000121-index.htm,8-K,"THE BANCORP, INC. FORM 8-K",https://www.sec.gov/Archives/edgar/data/1295401/000203985226000121/tbbk8k.htm,False,
TBBK,2026-09-04 00:00:00,https://www.sec.gov/Archives/edgar/data/1295401/000203985226000121/0002039852-26-000121-index.htm,EX-99.1,THE BANCORP ADVANCES APEX 2030,https://www.sec.gov/Archives/edgar/data/1295401/000203985226000121/ex99-1.htm,False,
DOUG,2026-09-04 00:00:00,https://www.sec.gov/Archives/edgar/data/1878897/000187889726000046/0001878897-26-000046-index.htm,8-K,8-K,https://www.sec.gov/Archives/edgar/data/1878897/000187889726000046/doug-20260904.htm,False,
WEC,2026-09-04 00:00:00,https://www.sec.gov/Archives/edgar/data/783325/000078332526000099/0000783325-26-000099-index.htm,8-K,8-K,https://www.sec.gov/Archives/edgar/data/783325/000078332526000099/wec-20260904.htm,False,
WEC,2026-09-04 00:00:00,https://www.sec.gov/Archives/edgar/data/783325/000078332526000099/0000783325-26-000099-index.htm,EX-99.1,EX-99.1,https://www.sec.gov/Archives/edgar/data/783325/000078332526000099/a092026septemberfinal002.htm,False,
SM,2026-09-04 00:00:00,https://www.sec.gov/Archives/edgar/data/893538/000089353826000128/0000893538-26-000128-index.htm,8-K,8-K,https://www.sec.gov/Archives/edgar/data/893538/000089353826000128/sm-20260904.htm,False,
LPSN,2026-09-04 00:00:00,https://www.sec.gov/Archives/edgar/data/1102993/000119312526383671/0001193125-26-383671-index.htm,8-K,8-K,https://www.sec.gov/Archives/edgar/data/1102993/000119312526383671/d112155d8k.htm,False,
None,2026-09-04 00:00:00,https://www.sec.gov/Archives/edgar/data/2111846/000121390026097672/0001213900-26-097672-index.htm,8-K,CURRENT REPORT,https://www.sec.gov/Archives/edgar/data/2111846/000121390026097672/ea0304677-8k_game.htm,True,
None,2026-09-04 00:00:00,https://www.sec.gov/Archives/edgar/data/2111846/000121390026097672/0001213900-26-097672-index.htm,EX-10.1,"SERVICES AGREEMENT, DATED AS OF SEPTEMBER 4, 2026, BY AND BETWEEN GAME YOUR GAME",https://www.sec.gov/Archives/edgar/data/2111846/000121390026097672/ea030467701ex10-1.htm,False,
GIPR,2026-09-04 00:00:00,https://www.sec.gov/Archives/edgar/data/1651721/000119312526383669/0001193125-26-383669-index.htm,8-K,8-K,https://www.sec.gov/Archives/edgar/data/1651721/000119312526383669/gipr-20260831.htm,True,
GIPR,2026-09-04 00:00:00,https://www.sec.gov/Archives/edgar/data/1651721/000119312526383669/0001193125-26-383669-index.htm,EX-10.1,EX-10.1,https://www.sec.gov/Archives/edgar/data/1651721/000119312526383669/gipr-ex10_1.htm,False,
GIPR,2026-09-04 00:00:00,https://www.sec.gov/Archives/edgar/data/1651721/000119312526383669/0001193125-26-383669-index.htm,EX-10.2,EX-10.2,https://www.sec.gov/Archives/edgar/data/1651721/000119312526383669/gipr-ex10_2.htm,False,
GIPR,2026-09-04 00:00:00,https://www.sec.gov/Archives/edgar/data/1651721/000119312526383669/0001193125-26-383669-index.htm,EX-99.1,EX-99.1,https://www.sec.gov/Archives/edgar/data/1651721/000119312526383669/gipr-ex99_1.htm,False,
GIPRW,2026-09-04 00:00:00,https://www.sec.gov/Archives/edgar/data/1651721/000119312526383669/0001193125-26-383669-index.htm,8-K,8-K,https://www.sec.gov/Archives/edgar/data/1651721/000119312526383669/gipr-20260831.htm,True,
GIPRW,2026-09-04 00:00:00,https://www.sec.gov/Archives/edgar/data/1651721/000119312526383669/0001193125-26-383669-index.htm,EX-10.1,EX-10.1,https://www.sec.gov/Archives/edgar/data/1651721/000119312526383669/gipr-ex10_1.htm,False,
GIPRW,2026-09-04 00:00:00,https://www.sec.gov/Archives/edgar/data/1651721/000119312526383669/0001193125-26-383669-index.htm,EX-10.2,EX-10.2,https://www.sec.gov/Archives/edgar/data/1651721/000119312526383669/gipr-ex10_2.htm,False,
GIPRW,2026-09-04 00:00:00,https://www.sec.gov/Archives/edgar/data/1651721/000119312526383669/0001193125-26-383669-index.htm,EX-99.1,EX-99.1,https://www.sec.gov/Archives/edgar/data/1651721/000119312526383669/gipr-ex99_1.htm,False,
JAGX,2026-09-04 00:00:00,https://www.sec.gov/Archives/edgar/data/1585608/000119312526383673/0001193125-26-383673-index.htm,8-K,8-K,https://www.sec.gov/Archives/edgar/data/1585608/000119312526383673/d111700d8k.htm,False,
AEXA,2026-09-04 00:00:00,https://www.sec.gov/Archives/edgar/data/2079173/000119312526383659/0001193125-26-383659-index.htm,8-K,8-K,https://www.sec.gov/Archives/edgar/data/2079173/000119312526383659/d120461d8k.htm,False,
AEXA,2026-09-04 00:00:00,https://www.sec.gov/Archives/edgar/data/2079173/000119312526383659/0001193125-26-383659-index.htm,EX-10.1,EX-10.1,https://www.sec.gov/Archives/edgar/data/2079173/000119312526383659/d120461dex101.htm,False,
None,2026-09-04 00:00:00,https://www.sec.gov/Archives/edgar/data/1925309/000119312526383652/0001193125-26-383652-index.htm,8-K,8-K,https://www.sec.gov/Archives/edgar/data/1925309/000119312526383652/d145272d8k.htm,False,
None,2026-09-04 00:00:00,https://www.sec.gov/Archives/edgar/data/38723/000003872326000049/0000038723-26-000049-index.htm,8-K,8-K,https://www.sec.gov/Archives/edgar/data/38723/000003872326000049/na-20260831.htm,False,
STX,2026-09-04 00:00:00,https://www.sec.gov/Archives/edgar/data/1137789/000113778926000201/0001137789-26-000201-index.htm,8-K,8-K,https://www.sec.gov/Archives/edgar/data/1137789/000113778926000201/stx-20260902.htm,False,
NEOV,2026-09-04 00:00:00,https://www.sec.gov/Archives/edgar/data/1748137/000168316826006967/0001683168-26-006967-index.htm,8-K,FORM 8-K,https://www.sec.gov/Archives/edgar/data/1748137/000168316826006967/neovolta_8k.htm,True,
NEOV,2026-09-04 00:00:00,https://www.sec.gov/Archives/edgar/data/1748137/000168316826006967/0001683168-26-006967-index.htm,EX-10.1,"LOAN, SECURITY AND GUARANTY AGREEMENT, DATED AS OF SEPTEMBER 4, 2026",https://www.sec.gov/Archives/edgar/data/1748137/000168316826006967/neovolta_ex1001.htm,True,
NEOV,2026-09-04 00:00:00,https://www.sec.gov/Archives/edgar/data/1748137/000168316826006967/0001683168-26-006967-index.htm,EX-10.2,"REGISTRATION RIGHTS AGREEMENT, DATED AS OF SEPTEMBER 4, 2026",https://www.sec.gov/Archives/edgar/data/1748137/000168316826006967/neovolta_ex1002.htm,True,
NEOVW,2026-09-04 00:00:00,https://www.sec.gov/Archives/edgar/data/1748137/000168316826006967/0001683168-26-006967-index.htm,8-K,FORM 8-K,https://www.sec.gov/Archives/edgar/data/1748137/000168316826006967/neovolta_8k.htm,True,
NEOVW,2026-09-04 00:00:00,https://www.sec.gov/Archives/edgar/data/1748137/000168316826006967/0001683168-26-006967-index.htm,EX-10.1,"LOAN, SECURITY AND GUARANTY AGREEMENT, DATED AS OF SEPTEMBER 4, 2026",https://www.sec.gov/Archives/edgar/data/1748137/000168316826006967/neovolta_ex1001.htm,True,
NEOVW,2026-09-04 00:00:00,https://www.sec.gov/Archives/edgar/data/1748137/000168316826006967/0001683168-26-006967-index.htm,EX-10.2,"REGISTRATION RIGHTS AGREEMENT, DATED AS OF SEPTEMBER 4, 2026",https://www.sec.gov/Archives/edgar/data/1748137/000168316826006967/neovolta_ex1002.htm,True,
GAIN,2026-09-04 00:00:00,https://www.sec.gov/Archives/edgar/data/1321741/000119312526383646/0001193125-26-383646-index.htm,8-K,8-K,https://www.sec.gov/Archives/edgar/data/1321741/000119312526383646/d162150d8k.htm,False,
GAINI,2026-09-04 00:00:00,https://www.sec.gov/Archives/edgar/data/1321741/000119312526383646/0001193125-26-383646-index.htm,8-K,8-K,https://www.sec.gov/Archives/edgar/data/1321741/000119312526383646/d162150d8k.htm,False,
GAINL,2026-09-04 00:00:00,https://www.sec.gov/Archives/edgar/data/1321741/000119312526383646/0001193125-26-383646-index.htm,8-K,8-K,https://www.sec.gov/Archives/edgar/data/1321741/000119312526383646/d162150d8k.htm,False,
GAINZ,2026-09-04 00:00:00,https://www.sec.gov/Archives/edgar/data/1321741/000119312526383646/0001193125-26-383646-index.htm,8-K,8-K,https://www.sec.gov/Archives/edgar/data/1321741/000119312526383646/d162150d8k.htm,False,
GAINM,2026-09-04 00:00:00,https://www.sec.gov/Archives/edgar/data/1321741/000119312526383646/0001193125-26-383646-index.htm,8-K,8-K,https://www.sec.gov/Archives/edgar/data/1321741/000119312526383646/d162150d8k.htm,False,
NTLA,2026-09-04 00:00:00,https://www.sec.gov/Archives/edgar/data/1652130/000119312526383645/0001193125-26-383645-index.htm,8-K,8-K,https://www.sec.gov/Archives/edgar/data/1652130/000119312526383645/d110798d8k.htm,True,
NTLA,2026-09-04 00:00:00,https://www.sec.gov/Archives/edgar/data/1652130/000119312526383645/0001193125-26-383645-index.htm,EX-99.1,EX-99.1,https://www.sec.gov/Archives/edgar/data/1652130/000119312526383645/d110798dex991.htm,True,
IACQ,2026-09-04 00:00:00,https://www.sec.gov/Archives/edgar/data/2122505/000110465926105500/0001104659-26-105500-index.htm,8-K,FORM 8-K,https://www.sec.gov/Archives/edgar/data/2122505/000110465926105500/tm2624780d1_8k.htm,False,
IACQU,2026-09-04 00:00:00,https://www.sec.gov/Archives/edgar/data/2122505/000110465926105500/0001104659-26-105500-index.htm,8-K,FORM 8-K,https://www.sec.gov/Archives/edgar/data/2122505/000110465926105500/tm2624780d1_8k.htm,False,
None,2026-09-04 00:00:00,https://www.sec.gov/Archives/edgar/data/2128462/000119312526383643/0001193125-26-383643-index.htm,8-K,8-K,https://www.sec.gov/Archives/edgar/data/2128462/000119312526383643/d111915d8k.htm,True,
None,2026-09-04 00:00:00,https://www.sec.gov/Archives/edgar/data/2128462/000119312526383643/0001193125-26-383643-index.htm,EX-10.1,EX-10.1,https://www.sec.gov/Archives/edgar/data/2128462/000119312526383643/d111915dex101.htm,False,
None,2026-09-04 00:00:00,https://www.sec.gov/Archives/edgar/data/2128462/000119312526383643/0001193125-26-383643-index.htm,EX-10.2,EX-10.2,https://www.sec.gov/Archives/edgar/data/2128462/000119312526383643/d111915dex102.htm,False,
None,2026-09-04 00:00:00,https://www.sec.gov/Archives/edgar/data/2128462/000119312526383643/0001193125-26-383643-index.htm,EX-99.1,EX-99.1,https://www.sec.gov/Archives/edgar/data/2128462/000119312526383643/d111915dex991.htm,False,
MNST,2026-09-04 00:00:00,https://www.sec.gov/Archives/edgar/data/865752/000110465926105498/0001104659-26-105498-index.htm,8-K,FORM 8-K,https://www.sec.gov/Archives/edgar/data/865752/000110465926105498/tm2624805d1_8k.htm,False,
ZDPY,2026-09-04 00:00:00,https://www.sec.gov/Archives/edgar/data/1279620/000121390026097667/0001213900-26-097667-index.htm,8-K,CURRENT REPORT,https://www.sec.gov/Archives/edgar/data/1279620/000121390026097667/ea0304717-8k_zoned.htm,True,
ZDPY,2026-09-04 00:00:00,https://www.sec.gov/Archives/edgar/data/1279620/000121390026097667/0001213900-26-097667-index.htm,EX-10.1,"SECOND AMENDMENT TO REAL ESTATE PURCHASE AND SALE AGREEMENT, DATED AS OF SEPTEMB",https://www.sec.gov/Archives/edgar/data/1279620/000121390026097667/ea030471701ex10-1.htm,False,
SMTK,2026-09-04 00:00:00,https://www.sec.gov/Archives/edgar/data/1817760/000110465926105497/0001104659-26-105497-index.htm,8-K,FORM 8-K,https://www.sec.gov/Archives/edgar/data/1817760/000110465926105497/tm2624843d1_8k.htm,False,
None,2026-09-04 00:00:00,https://www.sec.gov/Archives/edgar/data/2110119/000121390026097666/0001213900-26-097666-index.htm,8-K,CURRENT REPORT,https://www.sec.gov/Archives/edgar/data/2110119/000121390026097666/ea0304638-8k_amrreso.htm,False,
None,2026-09-04 00:00:00,https://www.sec.gov/Archives/edgar/data/2110119/000121390026097666/0001213900-26-097666-index.htm,EX-99.1,"PRESS RELEASE, DATED SEPTEMBER 4, 2026",https://www.sec.gov/Archives/edgar/data/2110119/000121390026097666/ea030463801ex99-1.htm,False,
RKDA,2026-09-04 00:00:00,https://www.sec.gov/Archives/edgar/data/1469443/000119312526383642/0001193125-26-383642-index.htm,8-K,8-K,https://www.sec.gov/Archives/edgar/data/1469443/000119312526383642/rkda-20260831.htm,False,
DRIO,2026-09-04 00:00:00,https://www.sec.gov/Archives/edgar/data/1533998/000110465926105495/0001104659-26-105495-index.htm,8-K,FORM 8-K,https://www.sec.gov/Archives/edgar/data/1533998/000110465926105495/tm2624391d1_8k.htm,False,
CRM,2026-09-04 00:00:00,https://www.sec.gov/Archives/edgar/data/1108524/000110852426000197/0001108524-26-000197-index.htm,8-K,8-K,https://www.sec.gov/Archives/edgar/data/1108524/000110852426000197/crm-20260902.htm,False,
BHR-PB,2026-09-04 00:00:00,https://www.sec.gov/Archives/edgar/data/1574085/000157408526000138/0001574085-26-000138-index.htm,8-K,8-K,https://www.sec.gov/Archives/edgar/data/1574085/000157408526000138/bhr-20260903.htm,False,
BHR,2026-09-04 00:00:00,https://www.sec.gov/Archives/edgar/data/1574085/000157408526000138/0001574085-26-000138-index.htm,8-K,8-K,https://www.sec.gov/Archives/edgar/data/1574085/000157408526000138/bhr-20260903.htm,False,
BHR-PD,2026-09-04 00:00:00,https://www.sec.gov/Archives/edgar/data/1574085/000157408526000138/0001574085-26-000138-index.htm,8-K,8-K,https://www.sec.gov/Archives/edgar/data/1574085/000157408526000138/bhr-20260903.htm,False,
AIM,2026-09-04 00:00:00,https://www.sec.gov/Archives/edgar/data/946644/000149315226041537/0001493152-26-041537-index.htm,8-K,8-K,https://www.sec.gov/Archives/edgar/data/946644/000149315226041537/form8-k.htm,True,
AIM,2026-09-04 00:00:00,https://www.sec.gov/Archives/edgar/data/946644/000149315226041537/0001493152-26-041537-index.htm,EX-10.1,EX-10.1,https://www.sec.gov/Archives/edgar/data/946644/000149315226041537/ex10-1.htm,False,
XHLD,2026-09-04 00:00:00,https://www.sec.gov/Archives/edgar/data/2030954/000149315226041535/0001493152-26-041535-index.htm,8-K,8-K,https://www.sec.gov/Archives/edgar/data/2030954/000149315226041535/form8-k.htm,False,
MURF,2026-09-04 00:00:00,https://www.sec.gov/Archives/edgar/data/1896212/000149315226041533/0001493152-26-041533-index.htm,8-K,8-K,https://www.sec.gov/Archives/edgar/data/1896212/000149315226041533/form8-k.htm,True,
MURF,2026-09-04 00:00:00,https://www.sec.gov/Archives/edgar/data/1896212/000149315226041533/0001493152-26-041533-index.htm,EX-10.1,EX-10.1,https://www.sec.gov/Archives/edgar/data/1896212/000149315226041533/ex10-1.htm,False,
MURF,2026-09-04 00:00:00,https://www.sec.gov/Archives/edgar/data/1896212/000149315226041533/0001493152-26-041533-index.htm,EX-10.2,EX-10.2,https://www.sec.gov/Archives/edgar/data/1896212/000149315226041533/ex10-2.htm,True,
CDT,2026-09-04 00:00:00,https://www.sec.gov/Archives/edgar/data/1896212/000149315226041533/0001493152-26-041533-index.htm,8-K,8-K,https://www.sec.gov/Archives/edgar/data/1896212/000149315226041533/form8-k.htm,True,
CDT,2026-09-04 00:00:00,https://www.sec.gov/Archives/edgar/data/1896212/000149315226041533/0001493152-26-041533-index.htm,EX-10.1,EX-10.1,https://www.sec.gov/Archives/edgar/data/1896212/000149315226041533/ex10-1.htm,False,
CDT,2026-09-04 00:00:00,https://www.sec.gov/Archives/edgar/data/1896212/000149315226041533/0001493152-26-041533-index.htm,EX-10.2,EX-10.2,https://www.sec.gov/Archives/edgar/data/1896212/000149315226041533/ex10-2.htm,True,
CDTTW,2026-09-04 00:00:00,https://www.sec.gov/Archives/edgar/data/1896212/000149315226041533/0001493152-26-041533-index.htm,8-K,8-K,https://www.sec.gov/Archives/edgar/data/1896212/000149315226041533/form8-k.htm,True,
CDTTW,2026-09-04 00:00:00,https://www.sec.gov/Archives/edgar/data/1896212/000149315226041533/0001493152-26-041533-index.htm,EX-10.1,EX-10.1,https://www.sec.gov/Archives/edgar/data/1896212/000149315226041533/ex10-1.htm,False,
CDTTW,2026-09-04 00:00:00,https://www.sec.gov/Archives/edgar/data/1896212/000149315226041533/0001493152-26-041533-index.htm,EX-10.2,EX-10.2,https://www.sec.gov/Archives/edgar/data/1896212/000149315226041533/ex10-2.htm,True,
MURFW,2026-09-04 00:00:00,https://www.sec.gov/Archives/edgar/data/1896212/000149315226041533/0001493152-26-041533-index.htm,8-K,8-K,https://www.sec.gov/Archives/edgar/data/1896212/000149315226041533/form8-k.htm,True,
MURFW,2026-09-04 00:00:00,https://www.sec.gov/Archives/edgar/data/1896212/000149315226041533/0001493152-26-041533-index.htm,EX-10.1,EX-10.1,https://www.sec.gov/Archives/edgar/data/1896212/000149315226041533/ex10-1.htm,False,
MURFW,2026-09-04 00:00:00,https://www.sec.gov/Archives/edgar/data/1896212/000149315226041533/0001493152-26-041533-index.htm,EX-10.2,EX-10.2,https://www.sec.gov/Archives/edgar/data/1896212/000149315226041533/ex10-2.htm,True,
MURFU,2026-09-04 00:00:00,https://www.sec.gov/Archives/edgar/data/1896212/000149315226041533/0001493152-26-041533-index.htm,8-K,8-K,https://www.sec.gov/Archives/edgar/data/1896212/000149315226041533/form8-k.htm,True,
MURFU,2026-09-04 00:00:00,https://www.sec.gov/Archives/edgar/data/1896212/000149315226041533/0001493152-26-041533-index.htm,EX-10.1,EX-10.1,https://www.sec.gov/Archives/edgar/data/1896212/000149315226041533/ex10-1.htm,False,
MURFU,2026-09-04 00:00:00,https://www.sec.gov/Archives/edgar/data/1896212/000149315226041533/0001493152-26-041533-index.htm,EX-10.2,EX-10.2,https://www.sec.gov/Archives/edgar/data/1896212/000149315226041533/ex10-2.htm,True,
APYP,2026-09-04 00:00:00,https://www.sec.gov/Archives/edgar/data/1568969/000149315226041536/0001493152-26-041536-index.htm,8-K,8-K,https://www.sec.gov/Archives/edgar/data/1568969/000149315226041536/form8-k.htm,False,
SYY,2026-09-04 00:00:00,https://www.sec.gov/Archives/edgar/data/96021/000095014226002498/0000950142-26-002498-index.htm,8-K,FORM 8-K,https://www.sec.gov/Archives/edgar/data/96021/000095014226002498/eh260826448_8k.htm,True,
SYY,2026-09-04 00:00:00,https://www.sec.gov/Archives/edgar/data/96021/000095014226002498/0000950142-26-002498-index.htm,EX-10.1,EXHIBIT 10.1,https://www.sec.gov/Archives/edgar/data/96021/000095014226002498/eh260826448_ex1001.htm,True,
INDP,2026-09-04 00:00:00,https://www.sec.gov/Archives/edgar/data/1857044/000149315226041532/0001493152-26-041532-index.htm,8-K,8-K,https://www.sec.gov/Archives/edgar/data/1857044/000149315226041532/form8-k.htm,False,
VMCA,2026-09-04 00:00:00,https://www.sec.gov/Archives/edgar/data/1892747/000149315226041531/0001493152-26-041531-index.htm,8-K,8-K,https://www.sec.gov/Archives/edgar/data/1892747/000149315226041531/form8-k.htm,False,
VMCAW,2026-09-04 00:00:00,https://www.sec.gov/Archives/edgar/data/1892747/000149315226041531/0001493152-26-041531-index.htm,8-K,8-K,https://www.sec.gov/Archives/edgar/data/1892747/000149315226041531/form8-k.htm,False,
VMCAU,2026-09-04 00:00:00,https://www.sec.gov/Archives/edgar/data/1892747/000149315226041531/0001493152-26-041531-index.htm,8-K,8-K,https://www.sec.gov/Archives/edgar/data/1892747/000149315226041531/form8-k.htm,False,
KPLT,2026-09-04 00:00:00,https://www.sec.gov/Archives/edgar/data/1785424/000110465926105493/0001104659-26-105493-index.htm,8-K,FORM 8-K,https://www.sec.gov/Archives/edgar/data/1785424/000110465926105493/tm2624719d2_8k.htm,False,
KPLTW,2026-09-04 00:00:00,https://www.sec.gov/Archives/edgar/data/1785424/000110465926105493/0001104659-26-105493-index.htm,8-K,FORM 8-K,https://www.sec.gov/Archives/edgar/data/1785424/000110465926105493/tm2624719d2_8k.htm,False,
AGYS,2026-09-04 00:00:00,https://www.sec.gov/Archives/edgar/data/78749/000119312526383628/0001193125-26-383628-index.htm,8-K,8-K,https://www.sec.gov/Archives/edgar/data/78749/000119312526383628/agys-20260904.htm,False,
WMG,2026-09-04 00:00:00,https://www.sec.gov/Archives/edgar/data/1319161/000119312526383641/0001193125-26-383641-index.htm,8-K,8-K,https://www.sec.gov/Archives/edgar/data/1319161/000119312526383641/d109454d8k.htm,False,
FNWD,2026-09-04 00:00:00,https://www.sec.gov/Archives/edgar/data/919864/000162828026060718/0001628280-26-060718-index.htm,8-K,8-K,https://www.sec.gov/Archives/edgar/data/919864/000162828026060718/fnwd-20260904.htm,False,
FNWD,2026-09-04 00:00:00,https://www.sec.gov/Archives/edgar/data/919864/000162828026060718/0001628280-26-060718-index.htm,EX-99.1,EX-99.1,https://www.sec.gov/Archives/edgar/data/919864/000162828026060718/fnwd-20260904xex991dividen.htm,False,
RMBS,2026-09-04 00:00:00,https://www.sec.gov/Archives/edgar/data/917273/000119312526383630/0001193125-26-383630-index.htm,8-K,8-K,https://www.sec.gov/Archives/edgar/data/917273/000119312526383630/d80115d8k.htm,False,
SACH-PA,2026-09-04 00:00:00,https://www.sec.gov/Archives/edgar/data/1682220/000168222026000063/0001682220-26-000063-index.htm,8-K,8-K,https://www.sec.gov/Archives/edgar/data/1682220/000168222026000063/sach-20260904.htm,False,
SACH-PA,2026-09-04 00:00:00,https://www.sec.gov/Archives/edgar/data/1682220/000168222026000063/0001682220-26-000063-index.htm,EX-99.1,EX-99.1,https://www.sec.gov/Archives/edgar/data/1682220/000168222026000063/sachseptemberdividendannou.htm,False,
SCCB,2026-09-04 00:00:00,https://www.sec.gov/Archives/edgar/data/1682220/000168222026000063/0001682220-26-000063-index.htm,8-K,8-K,https://www.sec.gov/Archives/edgar/data/1682220/000168222026000063/sach-20260904.htm,False,
SCCB,2026-09-04 00:00:00,https://www.sec.gov/Archives/edgar/data/1682220/000168222026000063/0001682220-26-000063-index.htm,EX-99.1,EX-99.1,https://www.sec.gov/Archives/edgar/data/1682220/000168222026000063/sachseptemberdividendannou.htm,False,
SCCC,2026-09-04 00:00:00,https://www.sec.gov/Archives/edgar/data/1682220/000168222026000063/0001682220-26-000063-index.htm,8-K,8-K,https://www.sec.gov/Archives/edgar/data/1682220/000168222026000063/sach-20260904.htm,False,
SCCC,2026-09-04 00:00:00,https://www.sec.gov/Archives/edgar/data/1682220/000168222026000063/0001682220-26-000063-index.htm,EX-99.1,EX-99.1,https://www.sec.gov/Archives/edgar/data/1682220/000168222026000063/sachseptemberdividendannou.htm,False,
SCCD,2026-09-04 00:00:00,https://www.sec.gov/Archives/edgar/data/1682220/000168222026000063/0001682220-26-000063-index.htm,8-K,8-K,https://www.sec.gov/Archives/edgar/data/1682220/000168222026000063/sach-20260904.htm,False,
SCCD,2026-09-04 00:00:00,https://www.sec.gov/Archives/edgar/data/1682220/000168222026000063/0001682220-26-000063-index.htm,EX-99.1,EX-99.1,https://www.sec.gov/Archives/edgar/data/1682220/000168222026000063/sachseptemberdividendannou.htm,False,
SCCE,2026-09-04 00:00:00,https://www.sec.gov/Archives/edgar/data/1682220/000168222026000063/0001682220-26-000063-index.htm,8-K,8-K,https://www.sec.gov/Archives/edgar/data/1682220/000168222026000063/sach-20260904.htm,False,
SCCE,2026-09-04 00:00:00,https://www.sec.gov/Archives/edgar/data/1682220/000168222026000063/0001682220-26-000063-index.htm,EX-99.1,EX-99.1,https://www.sec.gov/Archives/edgar/data/1682220/000168222026000063/sachseptemberdividendannou.htm,False,
SCCF,2026-09-04 00:00:00,https://www.sec.gov/Archives/edgar/data/1682220/000168222026000063/0001682220-26-000063-index.htm,8-K,8-K,https://www.sec.gov/Archives/edgar/data/1682220/000168222026000063/sach-20260904.htm,False,
SCCF,2026-09-04 00:00:00,https://www.sec.gov/Archives/edgar/data/1682220/000168222026000063/0001682220-26-000063-index.htm,EX-99.1,EX-99.1,https://www.sec.gov/Archives/edgar/data/1682220/000168222026000063/sachseptemberdividendannou.htm,False,
SCCG,2026-09-04 00:00:00,https://www.sec.gov/Archives/edgar/data/1682220/000168222026000063/0001682220-26-000063-index.htm,8-K,8-K,https://www.sec.gov/Archives/edgar/data/1682220/000168222026000063/sach-20260904.htm,False,
SCCG,2026-09-04 00:00:00,https://www.sec.gov/Archives/edgar/data/1682220/000168222026000063/0001682220-26-000063-index.htm,EX-99.1,EX-99.1,https://www.sec.gov/Archives/edgar/data/1682220/000168222026000063/sachseptemberdividendannou.htm,False,
SACH,2026-09-04 00:00:00,https://www.sec.gov/Archives/edgar/data/1682220/000168222026000063/0001682220-26-000063-index.htm,8-K,8-K,https://www.sec.gov/Archives/edgar/data/1682220/000168222026000063/sach-20260904.htm,False,
SACH,2026-09-04 00:00:00,https://www.sec.gov/Archives/edgar/data/1682220/000168222026000063/0001682220-26-000063-index.htm,EX-99.1,EX-99.1,https://www.sec.gov/Archives/edgar/data/1682220/000168222026000063/sachseptemberdividendannou.htm,False,
SACC,2026-09-04 00:00:00,https://www.sec.gov/Archives/edgar/data/1682220/000168222026000063/0001682220-26-000063-index.htm,8-K,8-K,https://www.sec.gov/Archives/edgar/data/1682220/000168222026000063/sach-20260904.htm,False,
SACC,2026-09-04 00:00:00,https://www.sec.gov/Archives/edgar/data/1682220/000168222026000063/0001682220-26-000063-index.htm,EX-99.1,EX-99.1,https://www.sec.gov/Archives/edgar/data/1682220/000168222026000063/sachseptemberdividendannou.htm,False,
FLYX-WT,2026-09-04 00:00:00,https://www.sec.gov/Archives/edgar/data/1843973/000119312526383622/0001193125-26-383622-index.htm,8-K,8-K,https://www.sec.gov/Archives/edgar/data/1843973/000119312526383622/flyx-20260901.htm,True,
FLYX-WT,2026-09-04 00:00:00,https://www.sec.gov/Archives/edgar/data/1843973/000119312526383622/0001193125-26-383622-index.htm,EX-10.1,EX-10.1,https://www.sec.gov/Archives/edgar/data/1843973/000119312526383622/flyx-ex10_1.htm,False,
EGGF-WT,2026-09-04 00:00:00,https://www.sec.gov/Archives/edgar/data/1843973/000119312526383622/0001193125-26-383622-index.htm,8-K,8-K,https://www.sec.gov/Archives/edgar/data/1843973/000119312526383622/flyx-20260901.htm,True,
EGGF-WT,2026-09-04 00:00:00,https://www.sec.gov/Archives/edgar/data/1843973/000119312526383622/0001193125-26-383622-index.htm,EX-10.1,EX-10.1,https://www.sec.gov/Archives/edgar/data/1843973/000119312526383622/flyx-ex10_1.htm,False,
EGGF-UN,2026-09-04 00:00:00,https://www.sec.gov/Archives/edgar/data/1843973/000119312526383622/0001193125-26-383622-index.htm,8-K,8-K,https://www.sec.gov/Archives/edgar/data/1843973/000119312526383622/flyx-20260901.htm,True,
EGGF-UN,2026-09-04 00:00:00,https://www.sec.gov/Archives/edgar/data/1843973/000119312526383622/0001193125-26-383622-index.htm,EX-10.1,EX-10.1,https://www.sec.gov/Archives/edgar/data/1843973/000119312526383622/flyx-ex10_1.htm,False,
EGGF,2026-09-04 00:00:00,https://www.sec.gov/Archives/edgar/data/1843973/000119312526383622/0001193125-26-383622-index.htm,8-K,8-K,https://www.sec.gov/Archives/edgar/data/1843973/000119312526383622/flyx-20260901.htm,True,
EGGF,2026-09-04 00:00:00,https://www.sec.gov/Archives/edgar/data/1843973/000119312526383622/0001193125-26-383622-index.htm,EX-10.1,EX-10.1,https://www.sec.gov/Archives/edgar/data/1843973/000119312526383622/flyx-ex10_1.htm,False,
FLYX,2026-09-04 00:00:00,https://www.sec.gov/Archives/edgar/data/1843973/000119312526383622/0001193125-26-383622-index.htm,8-K,8-K,https://www.sec.gov/Archives/edgar/data/1843973/000119312526383622/flyx-20260901.htm,True,
FLYX,2026-09-04 00:00:00,https://www.sec.gov/Archives/edgar/data/1843973/000119312526383622/0001193125-26-383622-index.htm,EX-10.1,EX-10.1,https://www.sec.gov/Archives/edgar/data/1843973/000119312526383622/flyx-ex10_1.htm,False,
CACC,2026-09-04 00:00:00,https://www.sec.gov/Archives/edgar/data/885550/000088555026000189/0000885550-26-000189-index.htm,8-K,8-K,https://www.sec.gov/Archives/edgar/data/885550/000088555026000189/cacc-20260903.htm,False,
APH,2026-09-04 00:00:00,https://www.sec.gov/Archives/edgar/data/820313/000110465926105485/0001104659-26-105485-index.htm,8-K,FORM 8-K,https://www.sec.gov/Archives/edgar/data/820313/000110465926105485/tm2624775d1_8k.htm,False,
None,2026-09-04 00:00:00,https://www.sec.gov/Archives/edgar/data/2074450/000095014226002497/0000950142-26-002497-index.htm,8-K,FORM 8-K,https://www.sec.gov/Archives/edgar/data/2074450/000095014226002497/eh260826863_8k.htm,False,
None,2026-09-04 00:00:00,https://www.sec.gov/Archives/edgar/data/2074450/000095014226002497/0000950142-26-002497-index.htm,EX-99.1,EXHIBIT 99.1,https://www.sec.gov/Archives/edgar/data/2074450/000095014226002497/eh260826863_ex9901.htm,False,
KRFG,2026-09-04 00:00:00,https://www.sec.gov/Archives/edgar/data/774415/000168316826006960/0001683168-26-006960-index.htm,8-K,CURRENT REPORT,https://www.sec.gov/Archives/edgar/data/774415/000168316826006960/king_8k.htm,True,
KRFG,2026-09-04 00:00:00,https://www.sec.gov/Archives/edgar/data/774415/000168316826006960/0001683168-26-006960-index.htm,EX-10.1,PURCHASE AGREEMENT,https://www.sec.gov/Archives/edgar/data/774415/000168316826006960/king_ex1001.htm,False,
RDI,2026-09-04 00:00:00,https://www.sec.gov/Archives/edgar/data/716634/000071663426000032/0000716634-26-000032-index.htm,8-K,8-K,https://www.sec.gov/Archives/edgar/data/716634/000071663426000032/rdi-20260831x8k.htm,True,
RDIB,2026-09-04 00:00:00,https://www.sec.gov/Archives/edgar/data/716634/000071663426000032/0000716634-26-000032-index.htm,8-K,8-K,https://www.sec.gov/Archives/edgar/data/716634/000071663426000032/rdi-20260831x8k.htm,True,
SWH,2026-09-04 00:00:00,https://www.sec.gov/Archives/edgar/data/93556/000119312526383511/0001193125-26-383511-index.htm,8-K,8-K,https://www.sec.gov/Archives/edgar/data/93556/000119312526383511/d493257d8k.htm,False,
SWH,2026-09-04 00:00:00,https://www.sec.gov/Archives/edgar/data/93556/000119312526383511/0001193125-26-383511-index.htm,EX-99.1,EX-99.1,https://www.sec.gov/Archives/edgar/data/93556/000119312526383511/d493257dex991.htm,False,
SWT,2026-09-04 00:00:00,https://www.sec.gov/Archives/edgar/data/93556/000119312526383511/0001193125-26-383511-index.htm,8-K,8-K,https://www.sec.gov/Archives/edgar/data/93556/000119312526383511/d493257d8k.htm,False,
SWT,2026-09-04 00:00:00,https://www.sec.gov/Archives/edgar/data/93556/000119312526383511/0001193125-26-383511-index.htm,EX-99.1,EX-99.1,https://www.sec.gov/Archives/edgar/data/93556/000119312526383511/d493257dex991.htm,False,
SWK,2026-09-04 00:00:00,https://www.sec.gov/Archives/edgar/data/93556/000119312526383511/0001193125-26-383511-index.htm,8-K,8-K,https://www.sec.gov/Archives/edgar/data/93556/000119312526383511/d493257d8k.htm,False,
SWK,2026-09-04 00:00:00,https://www.sec.gov/Archives/edgar/data/93556/000119312526383511/0001193125-26-383511-index.htm,EX-99.1,EX-99.1,https://www.sec.gov/Archives/edgar/data/93556/000119312526383511/d493257dex991.htm,False,
None,2026-09-04 00:00:00,https://www.sec.gov/Archives/edgar/data/2035428/000203542826000056/0002035428-26-000056-index.htm,8-K,8-K,https://www.sec.gov/Archives/edgar/data/2035428/000203542826000056/fbred-20260901.htm,False,
None,2026-09-04 00:00:00,https://www.sec.gov/Archives/edgar/data/2057381/000205738126000018/0002057381-26-000018-index.htm,8-K,8-K,https://www.sec.gov/Archives/edgar/data/2057381/000205738126000018/readvantage_8k.htm,False,
None,2026-09-04 00:00:00,https://www.sec.gov/Archives/edgar/data/1914496/000191449626000141/0001914496-26-000141-index.htm,8-K,8-K,https://www.sec.gov/Archives/edgar/data/1914496/000191449626000141/sreit-20260831.htm,False,
None,2026-09-04 00:00:00,https://www.sec.gov/Archives/edgar/data/1975736/000110465926105444/0001104659-26-105444-index.htm,8-K,FORM 8-K,https://www.sec.gov/Archives/edgar/data/1975736/000110465926105444/tm2624835d2_8k.htm,False,
None,2026-09-04 00:00:00,https://www.sec.gov/Archives/edgar/data/1930679/000110465926105442/0001104659-26-105442-index.htm,8-K,FORM 8-K,https://www.sec.gov/Archives/edgar/data/1930679/000110465926105442/tm2624835d1_8k.htm,False,
None,2026-09-04 00:00:00,https://www.sec.gov/Archives/edgar/data/1911321/000191132126000032/0001911321-26-000032-index.htm,8-K,8-K,https://www.sec.gov/Archives/edgar/data/1911321/000191132126000032/ck0001911321-20260903.htm,False,
VIRC,2026-09-04 00:00:00,https://www.sec.gov/Archives/edgar/data/751365/000162828026060659/0001628280-26-060659-index.htm,8-K,8-K,https://www.sec.gov/Archives/edgar/data/751365/000162828026060659/virc-20260904.htm,False,
VIRC,2026-09-04 00:00:00,https://www.sec.gov/Archives/edgar/data/751365/000162828026060659/0001628280-26-060659-index.htm,EX-99.1,EX-99.1,https://www.sec.gov/Archives/edgar/data/751365/000162828026060659/exhibit991q207312026pressr.htm,False,
BFNH,2026-09-04 00:00:00,https://www.sec.gov/Archives/edgar/data/1310488/000109181826000140/0001091818-26-000140-index.htm,8-K,CURRENT REPORT,https://www.sec.gov/Archives/edgar/data/1310488/000109181826000140/bfnh-09042026_8k.htm,False,
None,2026-09-04 00:00:00,https://www.sec.gov/Archives/edgar/data/2081628/000162828026060653/0001628280-26-060653-index.htm,8-K,8-K,https://www.sec.gov/Archives/edgar/data/2081628/000162828026060653/rhome-20260831.htm,False,
KENS,2026-09-04 00:00:00,https://www.sec.gov/Archives/edgar/data/55234/000147793226005420/0001477932-26-005420-index.htm,8-K,FORM 8-K,https://www.sec.gov/Archives/edgar/data/55234/000147793226005420/gamg_8k.htm,True,
KENS,2026-09-04 00:00:00,https://www.sec.gov/Archives/edgar/data/55234/000147793226005420/0001477932-26-005420-index.htm,EX-10.1,TRANSITION OPERATIONS MANAGER AGREEMENT,https://www.sec.gov/Archives/edgar/data/55234/000147793226005420/gamg_ex101.htm,False,
KENS,2026-09-04 00:00:00,https://www.sec.gov/Archives/edgar/data/55234/000147793226005420/0001477932-26-005420-index.htm,EX-10.2,STOCK PLEDGE AND SECURITY AGREEMENT,https://www.sec.gov/Archives/edgar/data/55234/000147793226005420/gamg_ex102.htm,False,
None,2026-09-04 00:00:00,https://www.sec.gov/Archives/edgar/data/1314152/000131415226000179/0001314152-26-000179-index.htm,8-K,8-K,https://www.sec.gov/Archives/edgar/data/1314152/000131415226000179/jllip-20260903.htm,False,
None,2026-09-04 00:00:00,https://www.sec.gov/Archives/edgar/data/1314152/000131415226000179/0001314152-26-000179-index.htm,EX-99.1,EX-99.1,https://www.sec.gov/Archives/edgar/data/1314152/000131415226000179/a09042026jlliptpressreleas.htm,False,
DYNR,2026-09-04 00:00:00,https://www.sec.gov/Archives/edgar/data/1111741/000119312526383234/0001193125-26-383234-index.htm,8-K,8-K,https://www.sec.gov/Archives/edgar/data/1111741/000119312526383234/dynr-20260904.htm,False,
DYNR,2026-09-04 00:00:00,https://www.sec.gov/Archives/edgar/data/1111741/000119312526383234/0001193125-26-383234-index.htm,EX-99.1,EX-99.1,https://www.sec.gov/Archives/edgar/data/1111741/000119312526383234/dynr-ex99_1.htm,False,
ASA,2026-09-04 00:00:00,https://www.sec.gov/Archives/edgar/data/1230869/000139834426016643/0001398344-26-016643-index.htm,8-K,,https://www.sec.gov/Archives/edgar/data/1230869/000139834426016643/fp0100779-1_8kixbrl.htm,False,
SBR,2026-09-04 00:00:00,https://www.sec.gov/Archives/edgar/data/710752/000119312526383179/0001193125-26-383179-index.htm,8-K,8-K,https://www.sec.gov/Archives/edgar/data/710752/000119312526383179/2026-09_sabine_8-k.htm,False,
SBR,2026-09-04 00:00:00,https://www.sec.gov/Archives/edgar/data/710752/000119312526383179/0001193125-26-383179-index.htm,EX-99.1,EX-99.1,https://www.sec.gov/Archives/edgar/data/710752/000119312526383179/sbr-ex99_1.htm,False,
None,2026-09-04 00:00:00,https://www.sec.gov/Archives/edgar/data/2026738/000119312526383170/0001193125-26-383170-index.htm,8-K,8-K,https://www.sec.gov/Archives/edgar/data/2026738/000119312526383170/ck0002026738-20260901.htm,False,
None,2026-09-04 00:00:00,https://www.sec.gov/Archives/edgar/data/1966394/000119312526383164/0001193125-26-383164-index.htm,8-K,8-K,https://www.sec.gov/Archives/edgar/data/1966394/000119312526383164/ck0001966394-20260901.htm,False,
None,2026-09-04 00:00:00,https://www.sec.gov/Archives/edgar/data/1293234/000153949726002456/0001539497-26-002456-index.htm,8-K,8-K,https://www.sec.gov/Archives/edgar/data/1293234/000153949726002456/n5801_x6-8k.htm,False,
TY-P,2026-09-04 00:00:00,https://www.sec.gov/Archives/edgar/data/99614/000119312526383088/0001193125-26-383088-index.htm,8-K,8-K,https://www.sec.gov/Archives/edgar/data/99614/000119312526383088/d70388d8k.htm,False,
TY-P,2026-09-04 00:00:00,https://www.sec.gov/Archives/edgar/data/99614/000119312526383088/0001193125-26-383088-index.htm,EX-99.1,EX-99.1,https://www.sec.gov/Archives/edgar/data/99614/000119312526383088/d70388dex991.htm,False,
TY,2026-09-04 00:00:00,https://www.sec.gov/Archives/edgar/data/99614/000119312526383088/0001193125-26-383088-index.htm,8-K,8-K,https://www.sec.gov/Archives/edgar/data/99614/000119312526383088/d70388d8k.htm,False,
TY,2026-09-04 00:00:00,https://www.sec.gov/Archives/edgar/data/99614/000119312526383088/0001193125-26-383088-index.htm,EX-99.1,EX-99.1,https://www.sec.gov/Archives/edgar/data/99614/000119312526383088/d70388dex991.htm,False,
HURC,2026-09-04 00:00:00,https://www.sec.gov/Archives/edgar/data/315374/000110465926105339/0001104659-26-105339-index.htm,8-K,8-K,https://www.sec.gov/Archives/edgar/data/315374/000110465926105339/hurc-20260904x8k.htm,False,
HURC,2026-09-04 00:00:00,https://www.sec.gov/Archives/edgar/data/315374/000110465926105339/0001104659-26-105339-index.htm,EX-99.1,EX-99.1,https://www.sec.gov/Archives/edgar/data/315374/000110465926105339/hurc-20260904xex99d1.htm,False,
SOUNW,2026-09-04 00:00:00,https://www.sec.gov/Archives/edgar/data/1840856/000121390026097477/0001213900-26-097477-index.htm,8-K,CURRENT REPORT,https://www.sec.gov/Archives/edgar/data/1840856/000121390026097477/ea0304188-8k_soundhound.htm,False,
SOUN,2026-09-04 00:00:00,https://www.sec.gov/Archives/edgar/data/1840856/000121390026097477/0001213900-26-097477-index.htm,8-K,CURRENT REPORT,https://www.sec.gov/Archives/edgar/data/1840856/000121390026097477/ea0304188-8k_soundhound.htm,False,
ATSPT,2026-09-04 00:00:00,https://www.sec.gov/Archives/edgar/data/1840856/000121390026097477/0001213900-26-097477-index.htm,8-K,CURRENT REPORT,https://www.sec.gov/Archives/edgar/data/1840856/000121390026097477/ea0304188-8k_soundhound.htm,False,
ATSPW,2026-09-04 00:00:00,https://www.sec.gov/Archives/edgar/data/1840856/000121390026097477/0001213900-26-097477-index.htm,8-K,CURRENT REPORT,https://www.sec.gov/Archives/edgar/data/1840856/000121390026097477/ea0304188-8k_soundhound.htm,False,
ATSPU,2026-09-04 00:00:00,https://www.sec.gov/Archives/edgar/data/1840856/000121390026097477/0001213900-26-097477-index.htm,8-K,CURRENT REPORT,https://www.sec.gov/Archives/edgar/data/1840856/000121390026097477/ea0304188-8k_soundhound.htm,False,
BICX,2026-09-04 00:00:00,https://www.sec.gov/Archives/edgar/data/1443863/000147793226005416/0001477932-26-005416-index.htm,8-K,FORM 8-K,https://www.sec.gov/Archives/edgar/data/1443863/000147793226005416/bicx_8k.htm,False,
HWBK,2026-09-04 00:00:00,https://www.sec.gov/Archives/edgar/data/893847/000089384726000091/0000893847-26-000091-index.htm,8-K,8-K,https://www.sec.gov/Archives/edgar/data/893847/000089384726000091/hwbk-20260903.htm,False,
HWBK,2026-09-04 00:00:00,https://www.sec.gov/Archives/edgar/data/893847/000089384726000091/0000893847-26-000091-index.htm,EX-99.1,EX-99.1,https://www.sec.gov/Archives/edgar/data/893847/000089384726000091/ex991pressrelease_hwbkacqu.htm,False,
None,2026-09-04 00:00:00,https://www.sec.gov/Archives/edgar/data/1720474/000188852426016565/0001888524-26-016565-index.htm,8-K,,https://www.sec.gov/Archives/edgar/data/1720474/000188852426016565/csc17x10_8k-08312026.htm,False,
NORD,2026-09-04 00:00:00,https://www.sec.gov/Archives/edgar/data/1011060/000149315226041470/0001493152-26-041470-index.htm,8-K,8-K,https://www.sec.gov/Archives/edgar/data/1011060/000149315226041470/form8-k.htm,False,
NORD,2026-09-04 00:00:00,https://www.sec.gov/Archives/edgar/data/1011060/000149315226041470/0001493152-26-041470-index.htm,EX-10.1,EX-10.1,https://www.sec.gov/Archives/edgar/data/1011060/000149315226041470/ex10-1.htm,False,
NORD,2026-09-04 00:00:00,https://www.sec.gov/Archives/edgar/data/1011060/000149315226041470/0001493152-26-041470-index.htm,EX-10.2,EX-10.2,https://www.sec.gov/Archives/edgar/data/1011060/000149315226041470/ex10-2.htm,False,
NORD,2026-09-04 00:00:00,https://www.sec.gov/Archives/edgar/data/1011060/000149315226041470/0001493152-26-041470-index.htm,EX-99.1,EX-99.1,https://www.sec.gov/Archives/edgar/data/1011060/000149315226041470/ex99-1.htm,False,
ASNB,2026-09-04 00:00:00,https://www.sec.gov/Archives/edgar/data/1011060/000149315226041470/0001493152-26-041470-index.htm,8-K,8-K,https://www.sec.gov/Archives/edgar/data/1011060/000149315226041470/form8-k.htm,False,
ASNB,2026-09-04 00:00:00,https://www.sec.gov/Archives/edgar/data/1011060/000149315226041470/0001493152-26-041470-index.htm,EX-10.1,EX-10.1,https://www.sec.gov/Archives/edgar/data/1011060/000149315226041470/ex10-1.htm,False,
ASNB,2026-09-04 00:00:00,https://www.sec.gov/Archives/edgar/data/1011060/000149315226041470/0001493152-26-041470-index.htm,EX-10.2,EX-10.2,https://www.sec.gov/Archives/edgar/data/1011060/000149315226041470/ex10-2.htm,False,
ASNB,2026-09-04 00:00:00,https://www.sec.gov/Archives/edgar/data/1011060/000149315226041470/0001493152-26-041470-index.htm,EX-99.1,EX-99.1,https://www.sec.gov/Archives/edgar/data/1011060/000149315226041470/ex99-1.htm,False,
THFF,2026-09-04 00:00:00,https://www.sec.gov/Archives/edgar/data/714562/000071456226000062/0000714562-26-000062-index.htm,8-K,8-K,https://www.sec.gov/Archives/edgar/data/714562/000071456226000062/thff-20260904x8k.htm,False,
THFF,2026-09-04 00:00:00,https://www.sec.gov/Archives/edgar/data/714562/000071456226000062/0000714562-26-000062-index.htm,EX-99.1,EX-99.1,https://www.sec.gov/Archives/edgar/data/714562/000071456226000062/thff-20260904xex99d1.htm,False,
PPC,2026-09-04 00:00:00,https://www.sec.gov/Archives/edgar/data/802481/000080248126000063/0000802481-26-000063-index.htm,8-K,8-K,https://www.sec.gov/Archives/edgar/data/802481/000080248126000063/ppc-20260904.htm,False,
PPC,2026-09-04 00:00:00,https://www.sec.gov/Archives/edgar/data/802481/000080248126000063/0000802481-26-000063-index.htm,EX-99.1,EX-99.1,https://www.sec.gov/Archives/edgar/data/802481/000080248126000063/ex991pressreleasebondoff.htm,False,
None,2026-09-04 00:00:00,https://www.sec.gov/Archives/edgar/data/1692951/000169295126000168/0001692951-26-000168-index.htm,8-K,8-K,https://www.sec.gov/Archives/edgar/data/1692951/000169295126000168/cci-20260902.htm,True,
None,2026-09-04 00:00:00,https://www.sec.gov/Archives/edgar/data/1692951/000169295126000168/0001692951-26-000168-index.htm,EX-99.1,EX-99.1,https://www.sec.gov/Archives/edgar/data/1692951/000169295126000168/mandelcottonwoodpressrelea.htm,False,
CODX,2026-09-04 00:00:00,https://www.sec.gov/Archives/edgar/data/1692415/000149315226041468/0001493152-26-041468-index.htm,8-K,8-K,https://www.sec.gov/Archives/edgar/data/1692415/000149315226041468/form8-k.htm,False,
NXB,2026-09-04 00:00:00,https://www.sec.gov/Archives/edgar/data/2067767/000149315226041460/0001493152-26-041460-index.htm,8-K,8-K,https://www.sec.gov/Archives/edgar/data/2067767/000149315226041460/form8-k.htm,False,
NXB,2026-09-04 00:00:00,https://www.sec.gov/Archives/edgar/data/2067767/000149315226041460/0001493152-26-041460-index.htm,EX-99.1,EX-99.1,https://www.sec.gov/Archives/edgar/data/2067767/000149315226041460/ex99-1.htm,False,
METCL,2026-09-04 00:00:00,https://www.sec.gov/Archives/edgar/data/1687187/000121390026097422/0001213900-26-097422-index.htm,8-K,CURRENT REPORT,https://www.sec.gov/Archives/edgar/data/1687187/000121390026097422/ea0304647-8k_ramaco.htm,False,
METCL,2026-09-04 00:00:00,https://www.sec.gov/Archives/edgar/data/1687187/000121390026097422/0001213900-26-097422-index.htm,EX-99.1,"PRESS RELEASE ISSUED BY RAMACO RESOURCES, INC. DATED SEPTEMBER 4, 2026",https://www.sec.gov/Archives/edgar/data/1687187/000121390026097422/ea030464701ex99-1.htm,False,
METCB,2026-09-04 00:00:00,https://www.sec.gov/Archives/edgar/data/1687187/000121390026097422/0001213900-26-097422-index.htm,8-K,CURRENT REPORT,https://www.sec.gov/Archives/edgar/data/1687187/000121390026097422/ea0304647-8k_ramaco.htm,False,
METCB,2026-09-04 00:00:00,https://www.sec.gov/Archives/edgar/data/1687187/000121390026097422/0001213900-26-097422-index.htm,EX-99.1,"PRESS RELEASE ISSUED BY RAMACO RESOURCES, INC. DATED SEPTEMBER 4, 2026",https://www.sec.gov/Archives/edgar/data/1687187/000121390026097422/ea030464701ex99-1.htm,False,
METCI,2026-09-04 00:00:00,https://www.sec.gov/Archives/edgar/data/1687187/000121390026097422/0001213900-26-097422-index.htm,8-K,CURRENT REPORT,https://www.sec.gov/Archives/edgar/data/1687187/000121390026097422/ea0304647-8k_ramaco.htm,False,
METCI,2026-09-04 00:00:00,https://www.sec.gov/Archives/edgar/data/1687187/000121390026097422/0001213900-26-097422-index.htm,EX-99.1,"PRESS RELEASE ISSUED BY RAMACO RESOURCES, INC. DATED SEPTEMBER 4, 2026",https://www.sec.gov/Archives/edgar/data/1687187/000121390026097422/ea030464701ex99-1.htm,False,
METCZ,2026-09-04 00:00:00,https://www.sec.gov/Archives/edgar/data/1687187/000121390026097422/0001213900-26-097422-index.htm,8-K,CURRENT REPORT,https://www.sec.gov/Archives/edgar/data/1687187/000121390026097422/ea0304647-8k_ramaco.htm,False,
METCZ,2026-09-04 00:00:00,https://www.sec.gov/Archives/edgar/data/1687187/000121390026097422/0001213900-26-097422-index.htm,EX-99.1,"PRESS RELEASE ISSUED BY RAMACO RESOURCES, INC. DATED SEPTEMBER 4, 2026",https://www.sec.gov/Archives/edgar/data/1687187/000121390026097422/ea030464701ex99-1.htm,False,
METC,2026-09-04 00:00:00,https://www.sec.gov/Archives/edgar/data/1687187/000121390026097422/0001213900-26-097422-index.htm,8-K,CURRENT REPORT,https://www.sec.gov/Archives/edgar/data/1687187/000121390026097422/ea0304647-8k_ramaco.htm,False,
METC,2026-09-04 00:00:00,https://www.sec.gov/Archives/edgar/data/1687187/000121390026097422/0001213900-26-097422-index.htm,EX-99.1,"PRESS RELEASE ISSUED BY RAMACO RESOURCES, INC. DATED SEPTEMBER 4, 2026",https://www.sec.gov/Archives/edgar/data/1687187/000121390026097422/ea030464701ex99-1.htm,False,
OTF,2026-09-04 00:00:00,https://www.sec.gov/Archives/edgar/data/1747777/000119312526382839/0001193125-26-382839-index.htm,8-K,8-K,https://www.sec.gov/Archives/edgar/data/1747777/000119312526382839/d165719d8k.htm,True,
OTF,2026-09-04 00:00:00,https://www.sec.gov/Archives/edgar/data/1747777/000119312526382839/0001193125-26-382839-index.htm,EX-10.1,EX-10.1,https://www.sec.gov/Archives/edgar/data/1747777/000119312526382839/d165719dex101.htm,True,
OTF,2026-09-04 00:00:00,https://www.sec.gov/Archives/edgar/data/1747777/000119312526382839/0001193125-26-382839-index.htm,EX-99.1,EX-99.1,https://www.sec.gov/Archives/edgar/data/1747777/000119312526382839/d165719dex991.htm,True,
CRTX,2026-09-04 00:00:00,https://www.sec.gov/Archives/edgar/data/1662774/000119312526382838/0001193125-26-382838-index.htm,8-K,8-K,https://www.sec.gov/Archives/edgar/data/1662774/000119312526382838/d105528d8k.htm,False,
QNCX,2026-09-04 00:00:00,https://www.sec.gov/Archives/edgar/data/1662774/000119312526382838/0001193125-26-382838-index.htm,8-K,8-K,https://www.sec.gov/Archives/edgar/data/1662774/000119312526382838/d105528d8k.htm,False,
DIN,2026-09-04 00:00:00,https://www.sec.gov/Archives/edgar/data/49754/000119312526382825/0001193125-26-382825-index.htm,8-K,8-K,https://www.sec.gov/Archives/edgar/data/49754/000119312526382825/d17654d8k.htm,False,
DIN,2026-09-04 00:00:00,https://www.sec.gov/Archives/edgar/data/49754/000119312526382825/0001193125-26-382825-index.htm,EX-99.1,EX-99.1,https://www.sec.gov/Archives/edgar/data/49754/000119312526382825/d17654dex991.htm,False,
BAND,2026-09-04 00:00:00,https://www.sec.gov/Archives/edgar/data/1514416/000151441626000064/0001514416-26-000064-index.htm,8-K,8-K,https://www.sec.gov/Archives/edgar/data/1514416/000151441626000064/band-20260831.htm,False,
BAND,2026-09-04 00:00:00,https://www.sec.gov/Archives/edgar/data/1514416/000151441626000064/0001514416-26-000064-index.htm,EX-10.1,EX-10.1,https://www.sec.gov/Archives/edgar/data/1514416/000151441626000064/q32026exh101letteragreemen.htm,False,
BAND,2026-09-04 00:00:00,https://www.sec.gov/Archives/edgar/data/1514416/000151441626000064/0001514416-26-000064-index.htm,EX-10.2,EX-10.2,https://www.sec.gov/Archives/edgar/data/1514416/000151441626000064/q32026exh102harlanemployme.htm,False,
BAND,2026-09-04 00:00:00,https://www.sec.gov/Archives/edgar/data/1514416/000151441626000064/0001514416-26-000064-index.htm,EX-99.1,EX-99.1,https://www.sec.gov/Archives/edgar/data/1514416/000151441626000064/q32026exh991newsreleasehar.htm,False,
AZTA,2026-09-04 00:00:00,https://www.sec.gov/Archives/edgar/data/933974/000162828026060614/0001628280-26-060614-index.htm,8-K,8-K,https://www.sec.gov/Archives/edgar/data/933974/000162828026060614/azta-20260903.htm,True,
AZTA,2026-09-04 00:00:00,https://www.sec.gov/Archives/edgar/data/933974/000162828026060614/0001628280-26-060614-index.htm,EX-99.1,EX-99.1,https://www.sec.gov/Archives/edgar/data/933974/000162828026060614/aztaprbmedicalloanrepaym.htm,True,
BRKS,2026-09-04 00:00:00,https://www.sec.gov/Archives/edgar/data/933974/000162828026060614/0001628280-26-060614-index.htm,8-K,8-K,https://www.sec.gov/Archives/edgar/data/933974/000162828026060614/azta-20260903.htm,True,
BRKS,2026-09-04 00:00:00,https://www.sec.gov/Archives/edgar/data/933974/000162828026060614/0001628280-26-060614-index.htm,EX-99.1,EX-99.1,https://www.sec.gov/Archives/edgar/data/933974/000162828026060614/aztaprbmedicalloanrepaym.htm,True,
None,2026-09-04 00:00:00,https://www.sec.gov/Archives/edgar/data/1834543/000114036126035675/0001140361-26-035675-index.htm,8-K,8-K,https://www.sec.gov/Archives/edgar/data/1834543/000114036126035675/ef20081603_8k.htm,False,
None,2026-09-04 00:00:00,https://www.sec.gov/Archives/edgar/data/1902649/000114036126035676/0001140361-26-035676-index.htm,8-K,8-K,https://www.sec.gov/Archives/edgar/data/1902649/000114036126035676/ef20081610_8k.htm,False,
TCPC,2026-09-04 00:00:00,https://www.sec.gov/Archives/edgar/data/1370755/000114036126035674/0001140361-26-035674-index.htm,8-K,8-K,https://www.sec.gov/Archives/edgar/data/1370755/000114036126035674/ef20081602_8k.htm,False,
FDOC,2026-09-04 00:00:00,https://www.sec.gov/Archives/edgar/data/1459188/000121390026097409/0001213900-26-097409-index.htm,8-K,CURRENT REPORT,https://www.sec.gov/Archives/edgar/data/1459188/000121390026097409/ea0304014-8k_charging.htm,True,
FDOC,2026-09-04 00:00:00,https://www.sec.gov/Archives/edgar/data/1459188/000121390026097409/0001213900-26-097409-index.htm,EX-10.1,"FORM OF SHARE PURCHASE AGREEMENT, DATED AUGUST 31, 2026, BY AND BETWEEN CHARGING",https://www.sec.gov/Archives/edgar/data/1459188/000121390026097409/ea030401401ex10-1.htm,True,
FDOC,2026-09-04 00:00:00,https://www.sec.gov/Archives/edgar/data/1459188/000121390026097409/0001213900-26-097409-index.htm,EX-10.2,"FORM OF LOAN AGREEMENT, DATED AUGUST 31, 2026, BY AND BETWEEN CHARGING ROBOTICS",https://www.sec.gov/Archives/edgar/data/1459188/000121390026097409/ea030401401ex10-2.htm,True,
FDOC,2026-09-04 00:00:00,https://www.sec.gov/Archives/edgar/data/1459188/000121390026097409/0001213900-26-097409-index.htm,EX-99.1,CHARGING ROBOTICS INC. UNAUDITED PRO FORMA CONDENSED CONSOLIDATED FINANCIAL INFO,https://www.sec.gov/Archives/edgar/data/1459188/000121390026097409/ea030401401ex99-1.htm,True,
IPXXU,2026-09-04 00:00:00,https://www.sec.gov/Archives/edgar/data/1970622/000121390026097399/0001213900-26-097399-index.htm,8-K,CURRENT REPORT,https://www.sec.gov/Archives/edgar/data/1970622/000121390026097399/ea0304001-8k_usarare.htm,True,
IPXXU,2026-09-04 00:00:00,https://www.sec.gov/Archives/edgar/data/1970622/000121390026097399/0001213900-26-097399-index.htm,EX-10.1,"REGISTRATION RIGHTS AGREEMENT, DATED SEPTEMBER 3, 2026, BY AND AMONG USAR, SERRA",https://www.sec.gov/Archives/edgar/data/1970622/000121390026097399/ea030400101ex10-1.htm,False,
IPXXU,2026-09-04 00:00:00,https://www.sec.gov/Archives/edgar/data/1970622/000121390026097399/0001213900-26-097399-index.htm,EX-10.2,"BOARD APPOINTMENT AGREEMENT, DATED SEPTEMBER 3, 2026, BY AND BETWEEN USAR AND VB",https://www.sec.gov/Archives/edgar/data/1970622/000121390026097399/ea030400101ex10-2.htm,False,
IPXXU,2026-09-04 00:00:00,https://www.sec.gov/Archives/edgar/data/1970622/000121390026097399/0001213900-26-097399-index.htm,EX-99.1,"PRESS RELEASE, DATED SEPTEMBER 4, 2026, ANNOUNCING THE CLOSING OF THE MERGER",https://www.sec.gov/Archives/edgar/data/1970622/000121390026097399/ea030400101ex99-1.htm,False,
IPXXW,2026-09-04 00:00:00,https://www.sec.gov/Archives/edgar/data/1970622/000121390026097399/0001213900-26-097399-index.htm,8-K,CURRENT REPORT,https://www.sec.gov/Archives/edgar/data/1970622/000121390026097399/ea0304001-8k_usarare.htm,True,
IPXXW,2026-09-04 00:00:00,https://www.sec.gov/Archives/edgar/data/1970622/000121390026097399/0001213900-26-097399-index.htm,EX-10.1,"REGISTRATION RIGHTS AGREEMENT, DATED SEPTEMBER 3, 2026, BY AND AMONG USAR, SERRA",https://www.sec.gov/Archives/edgar/data/1970622/000121390026097399/ea030400101ex10-1.htm,False,
IPXXW,2026-09-04 00:00:00,https://www.sec.gov/Archives/edgar/data/1970622/000121390026097399/0001213900-26-097399-index.htm,EX-10.2,"BOARD APPOINTMENT AGREEMENT, DATED SEPTEMBER 3, 2026, BY AND BETWEEN USAR AND VB",https://www.sec.gov/Archives/edgar/data/1970622/000121390026097399/ea030400101ex10-2.htm,False,
IPXXW,2026-09-04 00:00:00,https://www.sec.gov/Archives/edgar/data/1970622/000121390026097399/0001213900-26-097399-index.htm,EX-99.1,"PRESS RELEASE, DATED SEPTEMBER 4, 2026, ANNOUNCING THE CLOSING OF THE MERGER",https://www.sec.gov/Archives/edgar/data/1970622/000121390026097399/ea030400101ex99-1.htm,False,
USAR,2026-09-04 00:00:00,https://www.sec.gov/Archives/edgar/data/1970622/000121390026097399/0001213900-26-097399-index.htm,8-K,CURRENT REPORT,https://www.sec.gov/Archives/edgar/data/1970622/000121390026097399/ea0304001-8k_usarare.htm,True,
USAR,2026-09-04 00:00:00,https://www.sec.gov/Archives/edgar/data/1970622/000121390026097399/0001213900-26-097399-index.htm,EX-10.1,"REGISTRATION RIGHTS AGREEMENT, DATED SEPTEMBER 3, 2026, BY AND AMONG USAR, SERRA",https://www.sec.gov/Archives/edgar/data/1970622/000121390026097399/ea030400101ex10-1.htm,False,
USAR,2026-09-04 00:00:00,https://www.sec.gov/Archives/edgar/data/1970622/000121390026097399/0001213900-26-097399-index.htm,EX-10.2,"BOARD APPOINTMENT AGREEMENT, DATED SEPTEMBER 3, 2026, BY AND BETWEEN USAR AND VB",https://www.sec.gov/Archives/edgar/data/1970622/000121390026097399/ea030400101ex10-2.htm,False,
USAR,2026-09-04 00:00:00,https://www.sec.gov/Archives/edgar/data/1970622/000121390026097399/0001213900-26-097399-index.htm,EX-99.1,"PRESS RELEASE, DATED SEPTEMBER 4, 2026, ANNOUNCING THE CLOSING OF THE MERGER",https://www.sec.gov/Archives/edgar/data/1970622/000121390026097399/ea030400101ex99-1.htm,False,
IPXX,2026-09-04 00:00:00,https://www.sec.gov/Archives/edgar/data/1970622/000121390026097399/0001213900-26-097399-index.htm,8-K,CURRENT REPORT,https://www.sec.gov/Archives/edgar/data/1970622/000121390026097399/ea0304001-8k_usarare.htm,True,
IPXX,2026-09-04 00:00:00,https://www.sec.gov/Archives/edgar/data/1970622/000121390026097399/0001213900-26-097399-index.htm,EX-10.1,"REGISTRATION RIGHTS AGREEMENT, DATED SEPTEMBER 3, 2026, BY AND AMONG USAR, SERRA",https://www.sec.gov/Archives/edgar/data/1970622/000121390026097399/ea030400101ex10-1.htm,False,
IPXX,2026-09-04 00:00:00,https://www.sec.gov/Archives/edgar/data/1970622/000121390026097399/0001213900-26-097399-index.htm,EX-10.2,"BOARD APPOINTMENT AGREEMENT, DATED SEPTEMBER 3, 2026, BY AND BETWEEN USAR AND VB",https://www.sec.gov/Archives/edgar/data/1970622/000121390026097399/ea030400101ex10-2.htm,False,
IPXX,2026-09-04 00:00:00,https://www.sec.gov/Archives/edgar/data/1970622/000121390026097399/0001213900-26-097399-index.htm,EX-99.1,"PRESS RELEASE, DATED SEPTEMBER 4, 2026, ANNOUNCING THE CLOSING OF THE MERGER",https://www.sec.gov/Archives/edgar/data/1970622/000121390026097399/ea030400101ex99-1.htm,False,
None,2026-09-04 00:00:00,https://www.sec.gov/Archives/edgar/data/2068385/000149315226041450/0001493152-26-041450-index.htm,8-K,8-K,https://www.sec.gov/Archives/edgar/data/2068385/000149315226041450/form8-k.htm,False,
None,2026-09-04 00:00:00,https://www.sec.gov/Archives/edgar/data/2068385/000149315226041450/0001493152-26-041450-index.htm,EX-99.1,EX-99.1,https://www.sec.gov/Archives/edgar/data/2068385/000149315226041450/ex99-1.htm,False,
TTD,2026-09-04 00:00:00,https://www.sec.gov/Archives/edgar/data/1671933/000119312526382690/0001193125-26-382690-index.htm,8-K,8-K,https://www.sec.gov/Archives/edgar/data/1671933/000119312526382690/d118889d8k.htm,False,
IONS,2026-09-04 00:00:00,https://www.sec.gov/Archives/edgar/data/874015/000114036126035657/0001140361-26-035657-index.htm,8-K,8-K,https://www.sec.gov/Archives/edgar/data/874015/000114036126035657/ef20081649_8k.htm,False,
IONS,2026-09-04 00:00:00,https://www.sec.gov/Archives/edgar/data/874015/000114036126035657/0001140361-26-035657-index.htm,EX-99.1,EXHIBIT 99.1,https://www.sec.gov/Archives/edgar/data/874015/000114036126035657/ef20081649_ex99-1.htm,False,
ISIS,2026-09-04 00:00:00,https://www.sec.gov/Archives/edgar/data/874015/000114036126035657/0001140361-26-035657-index.htm,8-K,8-K,https://www.sec.gov/Archives/edgar/data/874015/000114036126035657/ef20081649_8k.htm,False,
ISIS,2026-09-04 00:00:00,https://www.sec.gov/Archives/edgar/data/874015/000114036126035657/0001140361-26-035657-index.htm,EX-99.1,EXHIBIT 99.1,https://www.sec.gov/Archives/edgar/data/874015/000114036126035657/ef20081649_ex99-1.htm,False,
SNTI,2026-09-04 00:00:00,https://www.sec.gov/Archives/edgar/data/1854270/000162828026060600/0001628280-26-060600-index.htm,8-K,8-K,https://www.sec.gov/Archives/edgar/data/1854270/000162828026060600/snti-20260903.htm,True,
SNTI,2026-09-04 00:00:00,https://www.sec.gov/Archives/edgar/data/1854270/000162828026060600/0001628280-26-060600-index.htm,EX-10.1,EX-10.1,https://www.sec.gov/Archives/edgar/data/1854270/000162828026060600/ex101_senti-amendedformofs.htm,False,
SNTI,2026-09-04 00:00:00,https://www.sec.gov/Archives/edgar/data/1854270/000162828026060600/0001628280-26-060600-index.htm,EX-10.2,EX-10.2,https://www.sec.gov/Archives/edgar/data/1854270/000162828026060600/ex102_equitycommitmentlett.htm,False,
DYNS,2026-09-04 00:00:00,https://www.sec.gov/Archives/edgar/data/1854270/000162828026060600/0001628280-26-060600-index.htm,8-K,8-K,https://www.sec.gov/Archives/edgar/data/1854270/000162828026060600/snti-20260903.htm,True,
DYNS,2026-09-04 00:00:00,https://www.sec.gov/Archives/edgar/data/1854270/000162828026060600/0001628280-26-060600-index.htm,EX-10.1,EX-10.1,https://www.sec.gov/Archives/edgar/data/1854270/000162828026060600/ex101_senti-amendedformofs.htm,False,
DYNS,2026-09-04 00:00:00,https://www.sec.gov/Archives/edgar/data/1854270/000162828026060600/0001628280-26-060600-index.htm,EX-10.2,EX-10.2,https://www.sec.gov/Archives/edgar/data/1854270/000162828026060600/ex102_equitycommitmentlett.htm,False,
