symbol,filingDate,filing_detail_url,document_type,document_description,document_url,matched,error
PED,2026-07-24 00:00:00,https://www.sec.gov/Archives/edgar/data/1141197/000165495426006883/0001654954-26-006883-index.htm,8-K,FORM 8-K,https://www.sec.gov/Archives/edgar/data/1141197/000165495426006883/ped_8k.htm,False,
MEIP,2026-07-24 00:00:00,https://www.sec.gov/Archives/edgar/data/1262104/000119312526316284/0001193125-26-316284-index.htm,8-K,8-K,https://www.sec.gov/Archives/edgar/data/1262104/000119312526316284/lits-20260724.htm,False,
MEIP,2026-07-24 00:00:00,https://www.sec.gov/Archives/edgar/data/1262104/000119312526316284/0001193125-26-316284-index.htm,EX-99.1,EX-99.1,https://www.sec.gov/Archives/edgar/data/1262104/000119312526316284/lits-ex99_1.htm,False,
LGL-WT,2026-07-24 00:00:00,https://www.sec.gov/Archives/edgar/data/61004/000143774926024429/0001437749-26-024429-index.htm,8-K,FORM 8-K,https://www.sec.gov/Archives/edgar/data/61004/000143774926024429/lglg20260716_8k.htm,False,
LGL-WT,2026-07-24 00:00:00,https://www.sec.gov/Archives/edgar/data/61004/000143774926024429/0001437749-26-024429-index.htm,EX-99.1,PRESS RELEASE,https://www.sec.gov/Archives/edgar/data/61004/000143774926024429/ex_989264.htm,False,
LGL,2026-07-24 00:00:00,https://www.sec.gov/Archives/edgar/data/61004/000143774926024429/0001437749-26-024429-index.htm,8-K,FORM 8-K,https://www.sec.gov/Archives/edgar/data/61004/000143774926024429/lglg20260716_8k.htm,False,
LGL,2026-07-24 00:00:00,https://www.sec.gov/Archives/edgar/data/61004/000143774926024429/0001437749-26-024429-index.htm,EX-99.1,PRESS RELEASE,https://www.sec.gov/Archives/edgar/data/61004/000143774926024429/ex_989264.htm,False,
SRFM,2026-07-24 00:00:00,https://www.sec.gov/Archives/edgar/data/1936224/000119312526316275/0001193125-26-316275-index.htm,8-K,8-K,https://www.sec.gov/Archives/edgar/data/1936224/000119312526316275/srfm-20260724.htm,False,
SRFM,2026-07-24 00:00:00,https://www.sec.gov/Archives/edgar/data/1936224/000119312526316275/0001193125-26-316275-index.htm,EX-99.1,EX-99.1,https://www.sec.gov/Archives/edgar/data/1936224/000119312526316275/srfm-ex99_1.htm,False,
ONDS,2026-07-24 00:00:00,https://www.sec.gov/Archives/edgar/data/1646188/000121390026081490/0001213900-26-081490-index.htm,8-K,CURRENT REPORT,https://www.sec.gov/Archives/edgar/data/1646188/000121390026081490/ea0298575-8k_ondas.htm,False,
QSI,2026-07-24 00:00:00,https://www.sec.gov/Archives/edgar/data/1816431/000181643126000049/0001816431-26-000049-index.htm,8-K,8-K,https://www.sec.gov/Archives/edgar/data/1816431/000181643126000049/qsi-20260723.htm,False,
QSIAW,2026-07-24 00:00:00,https://www.sec.gov/Archives/edgar/data/1816431/000181643126000049/0001816431-26-000049-index.htm,8-K,8-K,https://www.sec.gov/Archives/edgar/data/1816431/000181643126000049/qsi-20260723.htm,False,
CNXC,2026-07-24 00:00:00,https://www.sec.gov/Archives/edgar/data/1803599/000180359926000139/0001803599-26-000139-index.htm,8-K,8-K,https://www.sec.gov/Archives/edgar/data/1803599/000180359926000139/cnxc-20260723.htm,False,
CNXC,2026-07-24 00:00:00,https://www.sec.gov/Archives/edgar/data/1803599/000180359926000139/0001803599-26-000139-index.htm,EX-10.1,EX-10.1,https://www.sec.gov/Archives/edgar/data/1803599/000180359926000139/exhibit101amendedseverance.htm,False,
APYX,2026-07-24 00:00:00,https://www.sec.gov/Archives/edgar/data/719135/000149315226034619/0001493152-26-034619-index.htm,8-K,8-K,https://www.sec.gov/Archives/edgar/data/719135/000149315226034619/form8-k.htm,False,
None,2026-07-24 00:00:00,https://www.sec.gov/Archives/edgar/data/1868516/000110465926086698/0001104659-26-086698-index.htm,8-K,8-K,https://www.sec.gov/Archives/edgar/data/1868516/000110465926086698/sdir-20260724x8k.htm,False,
CACC,2026-07-24 00:00:00,https://www.sec.gov/Archives/edgar/data/885550/000088555026000173/0000885550-26-000173-index.htm,8-K,8-K,https://www.sec.gov/Archives/edgar/data/885550/000088555026000173/cacc-20260720.htm,False,
WAVSW,2026-07-24 00:00:00,https://www.sec.gov/Archives/edgar/data/1868419/000162828026049641/0001628280-26-049641-index.htm,8-K,8-K,https://www.sec.gov/Archives/edgar/data/1868419/000162828026049641/cycu-20260722.htm,False,
WAVSW,2026-07-24 00:00:00,https://www.sec.gov/Archives/edgar/data/1868419/000162828026049641/0001628280-26-049641-index.htm,EX-99.1,EX-99.1,https://www.sec.gov/Archives/edgar/data/1868419/000162828026049641/exhibit991july222026pressr.htm,False,
WAVSU,2026-07-24 00:00:00,https://www.sec.gov/Archives/edgar/data/1868419/000162828026049641/0001628280-26-049641-index.htm,8-K,8-K,https://www.sec.gov/Archives/edgar/data/1868419/000162828026049641/cycu-20260722.htm,False,
WAVSU,2026-07-24 00:00:00,https://www.sec.gov/Archives/edgar/data/1868419/000162828026049641/0001628280-26-049641-index.htm,EX-99.1,EX-99.1,https://www.sec.gov/Archives/edgar/data/1868419/000162828026049641/exhibit991july222026pressr.htm,False,
WAVS,2026-07-24 00:00:00,https://www.sec.gov/Archives/edgar/data/1868419/000162828026049641/0001628280-26-049641-index.htm,8-K,8-K,https://www.sec.gov/Archives/edgar/data/1868419/000162828026049641/cycu-20260722.htm,False,
WAVS,2026-07-24 00:00:00,https://www.sec.gov/Archives/edgar/data/1868419/000162828026049641/0001628280-26-049641-index.htm,EX-99.1,EX-99.1,https://www.sec.gov/Archives/edgar/data/1868419/000162828026049641/exhibit991july222026pressr.htm,False,
CYCUW,2026-07-24 00:00:00,https://www.sec.gov/Archives/edgar/data/1868419/000162828026049641/0001628280-26-049641-index.htm,8-K,8-K,https://www.sec.gov/Archives/edgar/data/1868419/000162828026049641/cycu-20260722.htm,False,
CYCUW,2026-07-24 00:00:00,https://www.sec.gov/Archives/edgar/data/1868419/000162828026049641/0001628280-26-049641-index.htm,EX-99.1,EX-99.1,https://www.sec.gov/Archives/edgar/data/1868419/000162828026049641/exhibit991july222026pressr.htm,False,
CYCU,2026-07-24 00:00:00,https://www.sec.gov/Archives/edgar/data/1868419/000162828026049641/0001628280-26-049641-index.htm,8-K,8-K,https://www.sec.gov/Archives/edgar/data/1868419/000162828026049641/cycu-20260722.htm,False,
CYCU,2026-07-24 00:00:00,https://www.sec.gov/Archives/edgar/data/1868419/000162828026049641/0001628280-26-049641-index.htm,EX-99.1,EX-99.1,https://www.sec.gov/Archives/edgar/data/1868419/000162828026049641/exhibit991july222026pressr.htm,False,
CIIT,2026-07-24 00:00:00,https://www.sec.gov/Archives/edgar/data/1557798/000168316826005765/0001683168-26-005765-index.htm,8-K,CURRENT REPORT,https://www.sec.gov/Archives/edgar/data/1557798/000168316826005765/tianci_8k.htm,False,
CIIT,2026-07-24 00:00:00,https://www.sec.gov/Archives/edgar/data/1557798/000168316826005765/0001683168-26-005765-index.htm,EX-99.1,PRESS RELEASE,https://www.sec.gov/Archives/edgar/data/1557798/000168316826005765/tianci_ex9901.htm,False,
INVO,2026-07-24 00:00:00,https://www.sec.gov/Archives/edgar/data/1417926/000149315226034616/0001493152-26-034616-index.htm,8-K,8-K,https://www.sec.gov/Archives/edgar/data/1417926/000149315226034616/form8-k.htm,True,
INVO,2026-07-24 00:00:00,https://www.sec.gov/Archives/edgar/data/1417926/000149315226034616/0001493152-26-034616-index.htm,EX-10.1,EX-10.1,https://www.sec.gov/Archives/edgar/data/1417926/000149315226034616/ex10-1.htm,False,
None,2026-07-24 00:00:00,https://www.sec.gov/Archives/edgar/data/2066337/000199937126015856/0001999371-26-015856-index.htm,8-K,CURRENT REPORT,https://www.sec.gov/Archives/edgar/data/2066337/000199937126015856/cnl-8k_072426.htm,False,
BCO,2026-07-24 00:00:00,https://www.sec.gov/Archives/edgar/data/78890/000007889026000048/0000078890-26-000048-index.htm,8-K,8-K,https://www.sec.gov/Archives/edgar/data/78890/000007889026000048/bco-20260724.htm,False,
MICS,2026-07-24 00:00:00,https://www.sec.gov/Archives/edgar/data/923601/000149315226034615/0001493152-26-034615-index.htm,8-K,8-K,https://www.sec.gov/Archives/edgar/data/923601/000149315226034615/form8-k.htm,True,
MICS,2026-07-24 00:00:00,https://www.sec.gov/Archives/edgar/data/923601/000149315226034615/0001493152-26-034615-index.htm,EX-10.1,EX-10.1,https://www.sec.gov/Archives/edgar/data/923601/000149315226034615/ex10-1.htm,False,
MICS,2026-07-24 00:00:00,https://www.sec.gov/Archives/edgar/data/923601/000149315226034615/0001493152-26-034615-index.htm,EX-10.2,EX-10.2,https://www.sec.gov/Archives/edgar/data/923601/000149315226034615/ex10-2.htm,False,
SMDM,2026-07-24 00:00:00,https://www.sec.gov/Archives/edgar/data/923601/000149315226034615/0001493152-26-034615-index.htm,8-K,8-K,https://www.sec.gov/Archives/edgar/data/923601/000149315226034615/form8-k.htm,True,
SMDM,2026-07-24 00:00:00,https://www.sec.gov/Archives/edgar/data/923601/000149315226034615/0001493152-26-034615-index.htm,EX-10.1,EX-10.1,https://www.sec.gov/Archives/edgar/data/923601/000149315226034615/ex10-1.htm,False,
SMDM,2026-07-24 00:00:00,https://www.sec.gov/Archives/edgar/data/923601/000149315226034615/0001493152-26-034615-index.htm,EX-10.2,EX-10.2,https://www.sec.gov/Archives/edgar/data/923601/000149315226034615/ex10-2.htm,False,
RIME,2026-07-24 00:00:00,https://www.sec.gov/Archives/edgar/data/923601/000149315226034615/0001493152-26-034615-index.htm,8-K,8-K,https://www.sec.gov/Archives/edgar/data/923601/000149315226034615/form8-k.htm,True,
RIME,2026-07-24 00:00:00,https://www.sec.gov/Archives/edgar/data/923601/000149315226034615/0001493152-26-034615-index.htm,EX-10.1,EX-10.1,https://www.sec.gov/Archives/edgar/data/923601/000149315226034615/ex10-1.htm,False,
RIME,2026-07-24 00:00:00,https://www.sec.gov/Archives/edgar/data/923601/000149315226034615/0001493152-26-034615-index.htm,EX-10.2,EX-10.2,https://www.sec.gov/Archives/edgar/data/923601/000149315226034615/ex10-2.htm,False,
TRV,2026-07-24 00:00:00,https://www.sec.gov/Archives/edgar/data/86312/000119312526316247/0001193125-26-316247-index.htm,8-K,8-K,https://www.sec.gov/Archives/edgar/data/86312/000119312526316247/d659242d8k.htm,False,
QVCD,2026-07-24 00:00:00,https://www.sec.gov/Archives/edgar/data/1254699/000110465926086692/0001104659-26-086692-index.htm,8-K,FORM 8-K,https://www.sec.gov/Archives/edgar/data/1254699/000110465926086692/tm2621257d1_8k.htm,False,
QVCC,2026-07-24 00:00:00,https://www.sec.gov/Archives/edgar/data/1254699/000110465926086692/0001104659-26-086692-index.htm,8-K,FORM 8-K,https://www.sec.gov/Archives/edgar/data/1254699/000110465926086692/tm2621257d1_8k.htm,False,
RENEU,2026-07-24 00:00:00,https://www.sec.gov/Archives/edgar/data/1889112/000110465926086687/0001104659-26-086687-index.htm,8-K,FORM 8-K,https://www.sec.gov/Archives/edgar/data/1889112/000110465926086687/tm2621302d3_8k.htm,False,
RENE,2026-07-24 00:00:00,https://www.sec.gov/Archives/edgar/data/1889112/000110465926086687/0001104659-26-086687-index.htm,8-K,FORM 8-K,https://www.sec.gov/Archives/edgar/data/1889112/000110465926086687/tm2621302d3_8k.htm,False,
RENEF,2026-07-24 00:00:00,https://www.sec.gov/Archives/edgar/data/1889112/000110465926086687/0001104659-26-086687-index.htm,8-K,FORM 8-K,https://www.sec.gov/Archives/edgar/data/1889112/000110465926086687/tm2621302d3_8k.htm,False,
RENEW,2026-07-24 00:00:00,https://www.sec.gov/Archives/edgar/data/1889112/000110465926086687/0001104659-26-086687-index.htm,8-K,FORM 8-K,https://www.sec.gov/Archives/edgar/data/1889112/000110465926086687/tm2621302d3_8k.htm,False,
BWMG,2026-07-24 00:00:00,https://www.sec.gov/Archives/edgar/data/1166708/000149315226034608/0001493152-26-034608-index.htm,8-K,8-K,https://www.sec.gov/Archives/edgar/data/1166708/000149315226034608/form8-k.htm,False,
QRTEA,2026-07-24 00:00:00,https://www.sec.gov/Archives/edgar/data/1355096/000110465926086686/0001104659-26-086686-index.htm,8-K,FORM 8-K,https://www.sec.gov/Archives/edgar/data/1355096/000110465926086686/tm2621254d1_8k.htm,False,
QRTEB,2026-07-24 00:00:00,https://www.sec.gov/Archives/edgar/data/1355096/000110465926086686/0001104659-26-086686-index.htm,8-K,FORM 8-K,https://www.sec.gov/Archives/edgar/data/1355096/000110465926086686/tm2621254d1_8k.htm,False,
QRTEP,2026-07-24 00:00:00,https://www.sec.gov/Archives/edgar/data/1355096/000110465926086686/0001104659-26-086686-index.htm,8-K,FORM 8-K,https://www.sec.gov/Archives/edgar/data/1355096/000110465926086686/tm2621254d1_8k.htm,False,
BHR-PB,2026-07-24 00:00:00,https://www.sec.gov/Archives/edgar/data/1574085/000157408526000119/0001574085-26-000119-index.htm,8-K,8-K,https://www.sec.gov/Archives/edgar/data/1574085/000157408526000119/bhr-20260724.htm,False,
BHR-PB,2026-07-24 00:00:00,https://www.sec.gov/Archives/edgar/data/1574085/000157408526000119/0001574085-26-000119-index.htm,EX-99.1,EX-99.1,https://www.sec.gov/Archives/edgar/data/1574085/000157408526000119/bhr2026q32026dividendspr.htm,False,
BHR,2026-07-24 00:00:00,https://www.sec.gov/Archives/edgar/data/1574085/000157408526000119/0001574085-26-000119-index.htm,8-K,8-K,https://www.sec.gov/Archives/edgar/data/1574085/000157408526000119/bhr-20260724.htm,False,
BHR,2026-07-24 00:00:00,https://www.sec.gov/Archives/edgar/data/1574085/000157408526000119/0001574085-26-000119-index.htm,EX-99.1,EX-99.1,https://www.sec.gov/Archives/edgar/data/1574085/000157408526000119/bhr2026q32026dividendspr.htm,False,
BHR-PD,2026-07-24 00:00:00,https://www.sec.gov/Archives/edgar/data/1574085/000157408526000119/0001574085-26-000119-index.htm,8-K,8-K,https://www.sec.gov/Archives/edgar/data/1574085/000157408526000119/bhr-20260724.htm,False,
BHR-PD,2026-07-24 00:00:00,https://www.sec.gov/Archives/edgar/data/1574085/000157408526000119/0001574085-26-000119-index.htm,EX-99.1,EX-99.1,https://www.sec.gov/Archives/edgar/data/1574085/000157408526000119/bhr2026q32026dividendspr.htm,False,
OII,2026-07-24 00:00:00,https://www.sec.gov/Archives/edgar/data/73756/000007375626000138/0000073756-26-000138-index.htm,8-K,8-K OCEANEERING INTERNATIONAL INC INVESTOR PRESENTATION 2Q2026,https://www.sec.gov/Archives/edgar/data/73756/000007375626000138/oii-20260724.htm,False,
OTLK,2026-07-24 00:00:00,https://www.sec.gov/Archives/edgar/data/1649989/000110465926086685/0001104659-26-086685-index.htm,8-K,FORM 8-K,https://www.sec.gov/Archives/edgar/data/1649989/000110465926086685/tm2621316d1_8k.htm,False,
OTLK,2026-07-24 00:00:00,https://www.sec.gov/Archives/edgar/data/1649989/000110465926086685/0001104659-26-086685-index.htm,EX-99.1,EXHIBIT 99.1,https://www.sec.gov/Archives/edgar/data/1649989/000110465926086685/tm2621316d1_ex99-1.htm,False,
OTLKW,2026-07-24 00:00:00,https://www.sec.gov/Archives/edgar/data/1649989/000110465926086685/0001104659-26-086685-index.htm,8-K,FORM 8-K,https://www.sec.gov/Archives/edgar/data/1649989/000110465926086685/tm2621316d1_8k.htm,False,
OTLKW,2026-07-24 00:00:00,https://www.sec.gov/Archives/edgar/data/1649989/000110465926086685/0001104659-26-086685-index.htm,EX-99.1,EXHIBIT 99.1,https://www.sec.gov/Archives/edgar/data/1649989/000110465926086685/tm2621316d1_ex99-1.htm,False,
LIQT,2026-07-24 00:00:00,https://www.sec.gov/Archives/edgar/data/1307579/000143774926024425/0001437749-26-024425-index.htm,8-K,FORM 8-K,https://www.sec.gov/Archives/edgar/data/1307579/000143774926024425/liqt20260724_8k.htm,False,
CBDW,2026-07-24 00:00:00,https://www.sec.gov/Archives/edgar/data/1877461/000147793226004503/0001477932-26-004503-index.htm,8-K,FORM 8-K,https://www.sec.gov/Archives/edgar/data/1877461/000147793226004503/cbdw_8k.htm,True,
None,2026-07-24 00:00:00,https://www.sec.gov/Archives/edgar/data/2033383/000149315226034604/0001493152-26-034604-index.htm,8-K,8-K,https://www.sec.gov/Archives/edgar/data/2033383/000149315226034604/form8-k.htm,False,
DKDCA,2026-07-24 00:00:00,https://www.sec.gov/Archives/edgar/data/1849380/000149315226034599/0001493152-26-034599-index.htm,8-K,8-K,https://www.sec.gov/Archives/edgar/data/1849380/000149315226034599/form8-k.htm,False,
DKDCW,2026-07-24 00:00:00,https://www.sec.gov/Archives/edgar/data/1849380/000149315226034599/0001493152-26-034599-index.htm,8-K,8-K,https://www.sec.gov/Archives/edgar/data/1849380/000149315226034599/form8-k.htm,False,
DKDCU,2026-07-24 00:00:00,https://www.sec.gov/Archives/edgar/data/1849380/000149315226034599/0001493152-26-034599-index.htm,8-K,8-K,https://www.sec.gov/Archives/edgar/data/1849380/000149315226034599/form8-k.htm,False,
ONMDW,2026-07-24 00:00:00,https://www.sec.gov/Archives/edgar/data/1849380/000149315226034599/0001493152-26-034599-index.htm,8-K,8-K,https://www.sec.gov/Archives/edgar/data/1849380/000149315226034599/form8-k.htm,False,
ONMD,2026-07-24 00:00:00,https://www.sec.gov/Archives/edgar/data/1849380/000149315226034599/0001493152-26-034599-index.htm,8-K,8-K,https://www.sec.gov/Archives/edgar/data/1849380/000149315226034599/form8-k.htm,False,
NEXM,2026-07-24 00:00:00,https://www.sec.gov/Archives/edgar/data/795800/000149315226034602/0001493152-26-034602-index.htm,8-K,8-K,https://www.sec.gov/Archives/edgar/data/795800/000149315226034602/form8-k.htm,False,
NEXM,2026-07-24 00:00:00,https://www.sec.gov/Archives/edgar/data/795800/000149315226034602/0001493152-26-034602-index.htm,EX-99.1,EX-99.1,https://www.sec.gov/Archives/edgar/data/795800/000149315226034602/ex99-1.htm,False,
PNRLF,2026-07-24 00:00:00,https://www.sec.gov/Archives/edgar/data/795800/000149315226034602/0001493152-26-034602-index.htm,8-K,8-K,https://www.sec.gov/Archives/edgar/data/795800/000149315226034602/form8-k.htm,False,
PNRLF,2026-07-24 00:00:00,https://www.sec.gov/Archives/edgar/data/795800/000149315226034602/0001493152-26-034602-index.htm,EX-99.1,EX-99.1,https://www.sec.gov/Archives/edgar/data/795800/000149315226034602/ex99-1.htm,False,
WSCRF,2026-07-24 00:00:00,https://www.sec.gov/Archives/edgar/data/795800/000149315226034602/0001493152-26-034602-index.htm,8-K,8-K,https://www.sec.gov/Archives/edgar/data/795800/000149315226034602/form8-k.htm,False,
WSCRF,2026-07-24 00:00:00,https://www.sec.gov/Archives/edgar/data/795800/000149315226034602/0001493152-26-034602-index.htm,EX-99.1,EX-99.1,https://www.sec.gov/Archives/edgar/data/795800/000149315226034602/ex99-1.htm,False,
WSCRD,2026-07-24 00:00:00,https://www.sec.gov/Archives/edgar/data/795800/000149315226034602/0001493152-26-034602-index.htm,8-K,8-K,https://www.sec.gov/Archives/edgar/data/795800/000149315226034602/form8-k.htm,False,
WSCRD,2026-07-24 00:00:00,https://www.sec.gov/Archives/edgar/data/795800/000149315226034602/0001493152-26-034602-index.htm,EX-99.1,EX-99.1,https://www.sec.gov/Archives/edgar/data/795800/000149315226034602/ex99-1.htm,False,
SLNH,2026-07-24 00:00:00,https://www.sec.gov/Archives/edgar/data/64463/000149315226034600/0001493152-26-034600-index.htm,8-K,8-K,https://www.sec.gov/Archives/edgar/data/64463/000149315226034600/form8-k.htm,False,
SLNHP,2026-07-24 00:00:00,https://www.sec.gov/Archives/edgar/data/64463/000149315226034600/0001493152-26-034600-index.htm,8-K,8-K,https://www.sec.gov/Archives/edgar/data/64463/000149315226034600/form8-k.htm,False,
MKTY,2026-07-24 00:00:00,https://www.sec.gov/Archives/edgar/data/64463/000149315226034600/0001493152-26-034600-index.htm,8-K,8-K,https://www.sec.gov/Archives/edgar/data/64463/000149315226034600/form8-k.htm,False,
MTNB,2026-07-24 00:00:00,https://www.sec.gov/Archives/edgar/data/1582554/000149315226034601/0001493152-26-034601-index.htm,8-K,8-K,https://www.sec.gov/Archives/edgar/data/1582554/000149315226034601/form8-k.htm,False,
VWAVW,2026-07-24 00:00:00,https://www.sec.gov/Archives/edgar/data/2038439/000173112226000974/0001731122-26-000974-index.htm,8-K,FORM 8-K,https://www.sec.gov/Archives/edgar/data/2038439/000173112226000974/e7799_8-k.htm,False,
VWAV,2026-07-24 00:00:00,https://www.sec.gov/Archives/edgar/data/2038439/000173112226000974/0001731122-26-000974-index.htm,8-K,FORM 8-K,https://www.sec.gov/Archives/edgar/data/2038439/000173112226000974/e7799_8-k.htm,False,
HTH,2026-07-24 00:00:00,https://www.sec.gov/Archives/edgar/data/1265131/000110465926086684/0001104659-26-086684-index.htm,8-K,FORM 8-K,https://www.sec.gov/Archives/edgar/data/1265131/000110465926086684/tm2612862d1_8k.htm,False,
MOSY,2026-07-24 00:00:00,https://www.sec.gov/Archives/edgar/data/890394/000121390026081466/0001213900-26-081466-index.htm,8-K,CURRENT REPORT,https://www.sec.gov/Archives/edgar/data/890394/000121390026081466/ea0298795-8k_peraso.htm,False,
PRSO,2026-07-24 00:00:00,https://www.sec.gov/Archives/edgar/data/890394/000121390026081466/0001213900-26-081466-index.htm,8-K,CURRENT REPORT,https://www.sec.gov/Archives/edgar/data/890394/000121390026081466/ea0298795-8k_peraso.htm,False,
MD,2026-07-24 00:00:00,https://www.sec.gov/Archives/edgar/data/893949/000119312526316225/0001193125-26-316225-index.htm,8-K,8-K,https://www.sec.gov/Archives/edgar/data/893949/000119312526316225/md-20260721.htm,False,
None,2026-07-24 00:00:00,https://www.sec.gov/Archives/edgar/data/2000597/000119312526316222/0001193125-26-316222-index.htm,8-K,8-K,https://www.sec.gov/Archives/edgar/data/2000597/000119312526316222/ck0002000597-20260724.htm,False,
None,2026-07-24 00:00:00,https://www.sec.gov/Archives/edgar/data/2000597/000119312526316222/0001193125-26-316222-index.htm,EX-99.1,EX-99.1,https://www.sec.gov/Archives/edgar/data/2000597/000119312526316222/ck0002000597-ex99_1.htm,False,
CPAY,2026-07-24 00:00:00,https://www.sec.gov/Archives/edgar/data/1175454/000117545426000042/0001175454-26-000042-index.htm,8-K,8-K,https://www.sec.gov/Archives/edgar/data/1175454/000117545426000042/flt-20260722.htm,False,
FLT,2026-07-24 00:00:00,https://www.sec.gov/Archives/edgar/data/1175454/000117545426000042/0001175454-26-000042-index.htm,8-K,8-K,https://www.sec.gov/Archives/edgar/data/1175454/000117545426000042/flt-20260722.htm,False,
LIMN,2026-07-24 00:00:00,https://www.sec.gov/Archives/edgar/data/1971387/000110465926086674/0001104659-26-086674-index.htm,8-K,FORM 8-K,https://www.sec.gov/Archives/edgar/data/1971387/000110465926086674/tm2621298d1_8k.htm,False,
BUKS,2026-07-24 00:00:00,https://www.sec.gov/Archives/edgar/data/15847/000001584726000024/0000015847-26-000024-index.htm,8-K,8-K,https://www.sec.gov/Archives/edgar/data/15847/000001584726000024/buks-20260722.htm,False,
ALUR-WT,2026-07-24 00:00:00,https://www.sec.gov/Archives/edgar/data/1964979/000119312526316202/0001193125-26-316202-index.htm,8-K,8-K,https://www.sec.gov/Archives/edgar/data/1964979/000119312526316202/alur-20260721.htm,True,
ALUR-WT,2026-07-24 00:00:00,https://www.sec.gov/Archives/edgar/data/1964979/000119312526316202/0001193125-26-316202-index.htm,EX-10.1,EX-10.1,https://www.sec.gov/Archives/edgar/data/1964979/000119312526316202/alur-ex10_1.htm,False,
ALUR,2026-07-24 00:00:00,https://www.sec.gov/Archives/edgar/data/1964979/000119312526316202/0001193125-26-316202-index.htm,8-K,8-K,https://www.sec.gov/Archives/edgar/data/1964979/000119312526316202/alur-20260721.htm,True,
ALUR,2026-07-24 00:00:00,https://www.sec.gov/Archives/edgar/data/1964979/000119312526316202/0001193125-26-316202-index.htm,EX-10.1,EX-10.1,https://www.sec.gov/Archives/edgar/data/1964979/000119312526316202/alur-ex10_1.htm,False,
None,2026-07-24 00:00:00,https://www.sec.gov/Archives/edgar/data/2082557/000208255726000045/0002082557-26-000045-index.htm,8-K,8-K,https://www.sec.gov/Archives/edgar/data/2082557/000208255726000045/gpifs-20260724.htm,False,
None,2026-07-24 00:00:00,https://www.sec.gov/Archives/edgar/data/2082559/000208255926000065/0002082559-26-000065-index.htm,8-K,8-K,https://www.sec.gov/Archives/edgar/data/2082559/000208255926000065/gpifi-20260724.htm,False,
TNON,2026-07-24 00:00:00,https://www.sec.gov/Archives/edgar/data/1560293/000121390026081438/0001213900-26-081438-index.htm,8-K,CURRENT REPORT,https://www.sec.gov/Archives/edgar/data/1560293/000121390026081438/ea0299237-8k_tenon.htm,False,
FCAP,2026-07-24 00:00:00,https://www.sec.gov/Archives/edgar/data/1070296/000110465926086673/0001104659-26-086673-index.htm,8-K,8-K,https://www.sec.gov/Archives/edgar/data/1070296/000110465926086673/fcap-20260724x8k.htm,False,
FCAP,2026-07-24 00:00:00,https://www.sec.gov/Archives/edgar/data/1070296/000110465926086673/0001104659-26-086673-index.htm,EX-99.1,EX-99.1,https://www.sec.gov/Archives/edgar/data/1070296/000110465926086673/fcap-20260724xex99d1.htm,False,
ONCY,2026-07-24 00:00:00,https://www.sec.gov/Archives/edgar/data/1129928/000112992826000047/0001129928-26-000047-index.htm,8-K,8-K,https://www.sec.gov/Archives/edgar/data/1129928/000112992826000047/oncy-20260720.htm,False,
LAB,2026-07-24 00:00:00,https://www.sec.gov/Archives/edgar/data/1162194/000119312526316183/0001193125-26-316183-index.htm,8-K,8-K,https://www.sec.gov/Archives/edgar/data/1162194/000119312526316183/lab-20260722.htm,False,
FLDM,2026-07-24 00:00:00,https://www.sec.gov/Archives/edgar/data/1162194/000119312526316183/0001193125-26-316183-index.htm,8-K,8-K,https://www.sec.gov/Archives/edgar/data/1162194/000119312526316183/lab-20260722.htm,False,
EPRT,2026-07-24 00:00:00,https://www.sec.gov/Archives/edgar/data/1728951/000162828026049625/0001628280-26-049625-index.htm,8-K,8-K,https://www.sec.gov/Archives/edgar/data/1728951/000162828026049625/eprt-20260724.htm,True,
CLF,2026-07-24 00:00:00,https://www.sec.gov/Archives/edgar/data/764065/000076406526000102/0000764065-26-000102-index.htm,8-K,8-K,https://www.sec.gov/Archives/edgar/data/764065/000076406526000102/clf-20260721.htm,False,
CPSS,2026-07-24 00:00:00,https://www.sec.gov/Archives/edgar/data/889609/000168316826005764/0001683168-26-005764-index.htm,8-K,CURRENT REPORT,https://www.sec.gov/Archives/edgar/data/889609/000168316826005764/cps_8k.htm,True,
CPSS,2026-07-24 00:00:00,https://www.sec.gov/Archives/edgar/data/889609/000168316826005764/0001683168-26-005764-index.htm,EX-99.1,NEWS RELEASE,https://www.sec.gov/Archives/edgar/data/889609/000168316826005764/cps_ex9901.htm,False,
IPDN,2026-07-24 00:00:00,https://www.sec.gov/Archives/edgar/data/1546296/000143774926024422/0001437749-26-024422-index.htm,8-K,FORM 8-K,https://www.sec.gov/Archives/edgar/data/1546296/000143774926024422/ipdn20260724_8k.htm,False,
AXR,2026-07-24 00:00:00,https://www.sec.gov/Archives/edgar/data/6207/000110465926086664/0001104659-26-086664-index.htm,8-K,FORM 8-K,https://www.sec.gov/Archives/edgar/data/6207/000110465926086664/tm2621237d1_8k.htm,False,
AXR,2026-07-24 00:00:00,https://www.sec.gov/Archives/edgar/data/6207/000110465926086664/0001104659-26-086664-index.htm,EX-99.1,EXHIBIT 99.1,https://www.sec.gov/Archives/edgar/data/6207/000110465926086664/tm2621237d1_ex99-1.htm,False,
BXSL,2026-07-24 00:00:00,https://www.sec.gov/Archives/edgar/data/1736035/000121390026081414/0001213900-26-081414-index.htm,8-K,8-K,https://www.sec.gov/Archives/edgar/data/1736035/000121390026081414/ea029902801_8k-blackstone.htm,False,
VSEE,2026-07-24 00:00:00,https://www.sec.gov/Archives/edgar/data/1864531/000118518526003124/0001185185-26-003124-index.htm,8-K,FORM 8-K,https://www.sec.gov/Archives/edgar/data/1864531/000118518526003124/vsee8k072426.htm,True,
VSEEW,2026-07-24 00:00:00,https://www.sec.gov/Archives/edgar/data/1864531/000118518526003124/0001185185-26-003124-index.htm,8-K,FORM 8-K,https://www.sec.gov/Archives/edgar/data/1864531/000118518526003124/vsee8k072426.htm,True,
DHACW,2026-07-24 00:00:00,https://www.sec.gov/Archives/edgar/data/1864531/000118518526003124/0001185185-26-003124-index.htm,8-K,FORM 8-K,https://www.sec.gov/Archives/edgar/data/1864531/000118518526003124/vsee8k072426.htm,True,
DHAC,2026-07-24 00:00:00,https://www.sec.gov/Archives/edgar/data/1864531/000118518526003124/0001185185-26-003124-index.htm,8-K,FORM 8-K,https://www.sec.gov/Archives/edgar/data/1864531/000118518526003124/vsee8k072426.htm,True,
DHACU,2026-07-24 00:00:00,https://www.sec.gov/Archives/edgar/data/1864531/000118518526003124/0001185185-26-003124-index.htm,8-K,FORM 8-K,https://www.sec.gov/Archives/edgar/data/1864531/000118518526003124/vsee8k072426.htm,True,
None,2026-07-24 00:00:00,https://www.sec.gov/Archives/edgar/data/1803498/000121390026081411/0001213900-26-081411-index.htm,8-K,8-K,https://www.sec.gov/Archives/edgar/data/1803498/000121390026081411/ea029902701_8k-blackstone.htm,False,
TRNR,2026-07-24 00:00:00,https://www.sec.gov/Archives/edgar/data/1785056/000119312526316159/0001193125-26-316159-index.htm,8-K,8-K,https://www.sec.gov/Archives/edgar/data/1785056/000119312526316159/trnr-20260721.htm,True,
ARAI,2026-07-24 00:00:00,https://www.sec.gov/Archives/edgar/data/1818274/000149315226034582/0001493152-26-034582-index.htm,8-K,8-K,https://www.sec.gov/Archives/edgar/data/1818274/000149315226034582/form8-k.htm,False,
ASRVP,2026-07-24 00:00:00,https://www.sec.gov/Archives/edgar/data/707605/000110465926086662/0001104659-26-086662-index.htm,8-K,FORM 8-K,https://www.sec.gov/Archives/edgar/data/707605/000110465926086662/tm2621231d2_8k.htm,False,
ASRV,2026-07-24 00:00:00,https://www.sec.gov/Archives/edgar/data/707605/000110465926086662/0001104659-26-086662-index.htm,8-K,FORM 8-K,https://www.sec.gov/Archives/edgar/data/707605/000110465926086662/tm2621231d2_8k.htm,False,
NYC,2026-07-24 00:00:00,https://www.sec.gov/Archives/edgar/data/1595527/000110465926086661/0001104659-26-086661-index.htm,8-K,FORM 8-K,https://www.sec.gov/Archives/edgar/data/1595527/000110465926086661/tm2621314d1_8k.htm,False,
RANG,2026-07-24 00:00:00,https://www.sec.gov/Archives/edgar/data/2035644/000119312526316155/0001193125-26-316155-index.htm,8-K,8-K,https://www.sec.gov/Archives/edgar/data/2035644/000119312526316155/d114225d8k.htm,False,
RANGU,2026-07-24 00:00:00,https://www.sec.gov/Archives/edgar/data/2035644/000119312526316155/0001193125-26-316155-index.htm,8-K,8-K,https://www.sec.gov/Archives/edgar/data/2035644/000119312526316155/d114225d8k.htm,False,
RANGR,2026-07-24 00:00:00,https://www.sec.gov/Archives/edgar/data/2035644/000119312526316155/0001193125-26-316155-index.htm,8-K,8-K,https://www.sec.gov/Archives/edgar/data/2035644/000119312526316155/d114225d8k.htm,False,
CIVB,2026-07-24 00:00:00,https://www.sec.gov/Archives/edgar/data/944745/000119312526316153/0001193125-26-316153-index.htm,8-K,8-K,https://www.sec.gov/Archives/edgar/data/944745/000119312526316153/civb-20260724.htm,False,
CIVB,2026-07-24 00:00:00,https://www.sec.gov/Archives/edgar/data/944745/000119312526316153/0001193125-26-316153-index.htm,EX-99.1,EX-99.1,https://www.sec.gov/Archives/edgar/data/944745/000119312526316153/civb-ex99_1.htm,False,
None,2026-07-24 00:00:00,https://www.sec.gov/Archives/edgar/data/2089126/000119312526316152/0001193125-26-316152-index.htm,8-K,8-K,https://www.sec.gov/Archives/edgar/data/2089126/000119312526316152/ck0002089126-20260720.htm,False,
OMEX,2026-07-24 00:00:00,https://www.sec.gov/Archives/edgar/data/798528/000119312526316151/0001193125-26-316151-index.htm,8-K,8-K,https://www.sec.gov/Archives/edgar/data/798528/000119312526316151/d153147d8k.htm,False,
TWFG,2026-07-24 00:00:00,https://www.sec.gov/Archives/edgar/data/2007596/000200759626000008/0002007596-26-000008-index.htm,8-K,8-K,https://www.sec.gov/Archives/edgar/data/2007596/000200759626000008/twfg-20260721.htm,False,
LEE,2026-07-24 00:00:00,https://www.sec.gov/Archives/edgar/data/58361/000005836126000051/0000058361-26-000051-index.htm,8-K,8-K,https://www.sec.gov/Archives/edgar/data/58361/000005836126000051/lee-20260724.htm,True,
LEE,2026-07-24 00:00:00,https://www.sec.gov/Archives/edgar/data/58361/000005836126000051/0000058361-26-000051-index.htm,EX-10.1,EX-10.1,https://www.sec.gov/Archives/edgar/data/58361/000005836126000051/firstamendmenttostockpur.htm,False,
HFUS,2026-07-24 00:00:00,https://www.sec.gov/Archives/edgar/data/1482554/000149315226034574/0001493152-26-034574-index.htm,8-K,8-K,https://www.sec.gov/Archives/edgar/data/1482554/000149315226034574/form8-k.htm,False,
HLEO,2026-07-24 00:00:00,https://www.sec.gov/Archives/edgar/data/1953988/000168316826005762/0001683168-26-005762-index.htm,8-K,CURRENT REPORT,https://www.sec.gov/Archives/edgar/data/1953988/000168316826005762/helio_8k.htm,False,
MCHP,2026-07-24 00:00:00,https://www.sec.gov/Archives/edgar/data/827054/000082705426000031/0000827054-26-000031-index.htm,8-K,8-K,https://www.sec.gov/Archives/edgar/data/827054/000082705426000031/mchp-20260723.htm,False,
EL,2026-07-24 00:00:00,https://www.sec.gov/Archives/edgar/data/1001250/000100125026000033/0001001250-26-000033-index.htm,8-K,8-K,https://www.sec.gov/Archives/edgar/data/1001250/000100125026000033/el-20260720.htm,False,
LODE,2026-07-24 00:00:00,https://www.sec.gov/Archives/edgar/data/1120970/000143774926024415/0001437749-26-024415-index.htm,8-K,FORM 8-K,https://www.sec.gov/Archives/edgar/data/1120970/000143774926024415/lode20260715_8k.htm,False,
LODE,2026-07-24 00:00:00,https://www.sec.gov/Archives/edgar/data/1120970/000143774926024415/0001437749-26-024415-index.htm,EX-99.1,EXHIBIT 99.1,https://www.sec.gov/Archives/edgar/data/1120970/000143774926024415/ex_992178.htm,False,
HCXZ,2026-07-24 00:00:00,https://www.sec.gov/Archives/edgar/data/1280784/000128078426000035/0001280784-26-000035-index.htm,8-K,8-K,https://www.sec.gov/Archives/edgar/data/1280784/000128078426000035/htgc-20260721.htm,True,
HCXY,2026-07-24 00:00:00,https://www.sec.gov/Archives/edgar/data/1280784/000128078426000035/0001280784-26-000035-index.htm,8-K,8-K,https://www.sec.gov/Archives/edgar/data/1280784/000128078426000035/htgc-20260721.htm,True,
HTGC,2026-07-24 00:00:00,https://www.sec.gov/Archives/edgar/data/1280784/000128078426000035/0001280784-26-000035-index.htm,8-K,8-K,https://www.sec.gov/Archives/edgar/data/1280784/000128078426000035/htgc-20260721.htm,True,
DOCN,2026-07-24 00:00:00,https://www.sec.gov/Archives/edgar/data/1582961/000110465926086652/0001104659-26-086652-index.htm,8-K,FORM 8-K,https://www.sec.gov/Archives/edgar/data/1582961/000110465926086652/tm2621138d1_8k.htm,False,
ELME,2026-07-24 00:00:00,https://www.sec.gov/Archives/edgar/data/104894/000010489426000091/0000104894-26-000091-index.htm,8-K,8-K,https://www.sec.gov/Archives/edgar/data/104894/000010489426000091/elme-20260723.htm,True,
ELME,2026-07-24 00:00:00,https://www.sec.gov/Archives/edgar/data/104894/000010489426000091/0000104894-26-000091-index.htm,EX-99.1,EX-99.1,https://www.sec.gov/Archives/edgar/data/104894/000010489426000091/liquidationupdatepressrele.htm,True,
WRE,2026-07-24 00:00:00,https://www.sec.gov/Archives/edgar/data/104894/000010489426000091/0000104894-26-000091-index.htm,8-K,8-K,https://www.sec.gov/Archives/edgar/data/104894/000010489426000091/elme-20260723.htm,True,
WRE,2026-07-24 00:00:00,https://www.sec.gov/Archives/edgar/data/104894/000010489426000091/0000104894-26-000091-index.htm,EX-99.1,EX-99.1,https://www.sec.gov/Archives/edgar/data/104894/000010489426000091/liquidationupdatepressrele.htm,True,
NUWE,2026-07-24 00:00:00,https://www.sec.gov/Archives/edgar/data/1506492/000114036126029609/0001140361-26-029609-index.htm,8-K,8-K,https://www.sec.gov/Archives/edgar/data/1506492/000114036126029609/ef20078435_8k.htm,False,
BAH,2026-07-24 00:00:00,https://www.sec.gov/Archives/edgar/data/1443646/000144364626000029/0001443646-26-000029-index.htm,8-K,8-K,https://www.sec.gov/Archives/edgar/data/1443646/000144364626000029/bah-20260722.htm,False,
ACUR,2026-07-24 00:00:00,https://www.sec.gov/Archives/edgar/data/786947/000110465926086651/0001104659-26-086651-index.htm,8-K,FORM 8-K,https://www.sec.gov/Archives/edgar/data/786947/000110465926086651/tm2621293d1_8k.htm,True,
ACUR,2026-07-24 00:00:00,https://www.sec.gov/Archives/edgar/data/786947/000110465926086651/0001104659-26-086651-index.htm,EX-99.1,EXHIBIT 99.1,https://www.sec.gov/Archives/edgar/data/786947/000110465926086651/tm2621293d1_ex99-1.htm,False,
None,2026-07-24 00:00:00,https://www.sec.gov/Archives/edgar/data/1918712/000110465926086649/0001104659-26-086649-index.htm,8-K,FORM 8-K,https://www.sec.gov/Archives/edgar/data/1918712/000110465926086649/tm262112d-1_8k.htm,False,
STZ,2026-07-24 00:00:00,https://www.sec.gov/Archives/edgar/data/16918/000001691826000032/0000016918-26-000032-index.htm,8-K,8-K,https://www.sec.gov/Archives/edgar/data/16918/000001691826000032/stz-20260722.htm,False,
STZ,2026-07-24 00:00:00,https://www.sec.gov/Archives/edgar/data/16918/000001691826000032/0000016918-26-000032-index.htm,EX-10.1,EX-10.1,https://www.sec.gov/Archives/edgar/data/16918/000001691826000032/stzex101_072220268k.htm,False,
STZ-B,2026-07-24 00:00:00,https://www.sec.gov/Archives/edgar/data/16918/000001691826000032/0000016918-26-000032-index.htm,8-K,8-K,https://www.sec.gov/Archives/edgar/data/16918/000001691826000032/stz-20260722.htm,False,
STZ-B,2026-07-24 00:00:00,https://www.sec.gov/Archives/edgar/data/16918/000001691826000032/0000016918-26-000032-index.htm,EX-10.1,EX-10.1,https://www.sec.gov/Archives/edgar/data/16918/000001691826000032/stzex101_072220268k.htm,False,
MYFW,2026-07-24 00:00:00,https://www.sec.gov/Archives/edgar/data/1327607/000162828026049602/0001628280-26-049602-index.htm,8-K,8-K,https://www.sec.gov/Archives/edgar/data/1327607/000162828026049602/myfw-20260724.htm,False,
MYFW,2026-07-24 00:00:00,https://www.sec.gov/Archives/edgar/data/1327607/000162828026049602/0001628280-26-049602-index.htm,EX-99.1,EX-99.1,https://www.sec.gov/Archives/edgar/data/1327607/000162828026049602/ex991-myfwx20260724xey02.htm,False,
None,2026-07-24 00:00:00,https://www.sec.gov/Archives/edgar/data/2068385/000149315226034569/0001493152-26-034569-index.htm,8-K,8-K,https://www.sec.gov/Archives/edgar/data/2068385/000149315226034569/form8-k.htm,True,
None,2026-07-24 00:00:00,https://www.sec.gov/Archives/edgar/data/2068385/000149315226034569/0001493152-26-034569-index.htm,EX-10.1,EX-10.1,https://www.sec.gov/Archives/edgar/data/2068385/000149315226034569/ex10-1.htm,False,
None,2026-07-24 00:00:00,https://www.sec.gov/Archives/edgar/data/2068385/000149315226034569/0001493152-26-034569-index.htm,EX-10.2,EX-10.2,https://www.sec.gov/Archives/edgar/data/2068385/000149315226034569/ex10-2.htm,False,
None,2026-07-24 00:00:00,https://www.sec.gov/Archives/edgar/data/2068385/000149315226034569/0001493152-26-034569-index.htm,EX-99.1,EX-99.1,https://www.sec.gov/Archives/edgar/data/2068385/000149315226034569/ex99-1.htm,False,
CHGG,2026-07-24 00:00:00,https://www.sec.gov/Archives/edgar/data/1364954/000136495426000082/0001364954-26-000082-index.htm,8-K,8-K,https://www.sec.gov/Archives/edgar/data/1364954/000136495426000082/chgg-20260724.htm,False,
CHGG,2026-07-24 00:00:00,https://www.sec.gov/Archives/edgar/data/1364954/000136495426000082/0001364954-26-000082-index.htm,EX-99.1,EX-99.1,https://www.sec.gov/Archives/edgar/data/1364954/000136495426000082/a0724268-kex991.htm,False,
COSO,2026-07-24 00:00:00,https://www.sec.gov/Archives/edgar/data/1297107/000129710726000011/0001297107-26-000011-index.htm,8-K,8-K,https://www.sec.gov/Archives/edgar/data/1297107/000129710726000011/coso-20260723.htm,False,
None,2026-07-24 00:00:00,https://www.sec.gov/Archives/edgar/data/2044112/000121390026081385/0001213900-26-081385-index.htm,8-K,CURRENT REPORT,https://www.sec.gov/Archives/edgar/data/2044112/000121390026081385/ea0299213-8k_integrated.htm,False,
RTACW,2026-07-24 00:00:00,https://www.sec.gov/Archives/edgar/data/2035173/000121390026081384/0001213900-26-081384-index.htm,8-K,CURRENT REPORT,https://www.sec.gov/Archives/edgar/data/2035173/000121390026081384/ea0299139-8k_renatus1.htm,False,
RTAC,2026-07-24 00:00:00,https://www.sec.gov/Archives/edgar/data/2035173/000121390026081384/0001213900-26-081384-index.htm,8-K,CURRENT REPORT,https://www.sec.gov/Archives/edgar/data/2035173/000121390026081384/ea0299139-8k_renatus1.htm,False,
RTACU,2026-07-24 00:00:00,https://www.sec.gov/Archives/edgar/data/2035173/000121390026081384/0001213900-26-081384-index.htm,8-K,CURRENT REPORT,https://www.sec.gov/Archives/edgar/data/2035173/000121390026081384/ea0299139-8k_renatus1.htm,False,
None,2026-07-24 00:00:00,https://www.sec.gov/Archives/edgar/data/1930087/000193008726000086/0001930087-26-000086-index.htm,8-K,8-K,https://www.sec.gov/Archives/edgar/data/1930087/000193008726000086/gcred-20260724.htm,False,
ARR,2026-07-24 00:00:00,https://www.sec.gov/Archives/edgar/data/1428205/000142820526000099/0001428205-26-000099-index.htm,8-K,8-K,https://www.sec.gov/Archives/edgar/data/1428205/000142820526000099/arr-20260724.htm,True,
ARR,2026-07-24 00:00:00,https://www.sec.gov/Archives/edgar/data/1428205/000142820526000099/0001428205-26-000099-index.htm,EX-99.1,EX-99.1,https://www.sec.gov/Archives/edgar/data/1428205/000142820526000099/julyprosuppexhibit991.htm,False,
ARR-PC,2026-07-24 00:00:00,https://www.sec.gov/Archives/edgar/data/1428205/000142820526000099/0001428205-26-000099-index.htm,8-K,8-K,https://www.sec.gov/Archives/edgar/data/1428205/000142820526000099/arr-20260724.htm,True,
ARR-PC,2026-07-24 00:00:00,https://www.sec.gov/Archives/edgar/data/1428205/000142820526000099/0001428205-26-000099-index.htm,EX-99.1,EX-99.1,https://www.sec.gov/Archives/edgar/data/1428205/000142820526000099/julyprosuppexhibit991.htm,False,
None,2026-07-24 00:00:00,https://www.sec.gov/Archives/edgar/data/1957845/000195784526000066/0001957845-26-000066-index.htm,8-K,8-K,https://www.sec.gov/Archives/edgar/data/1957845/000195784526000066/kkr-20260721.htm,False,
NNBR,2026-07-24 00:00:00,https://www.sec.gov/Archives/edgar/data/918541/000091854126000054/0000918541-26-000054-index.htm,8-K,8-K,https://www.sec.gov/Archives/edgar/data/918541/000091854126000054/nnbr-20260723.htm,False,
NNBR,2026-07-24 00:00:00,https://www.sec.gov/Archives/edgar/data/918541/000091854126000054/0000918541-26-000054-index.htm,EX-10.1,EX-10.1 FORM OF AWARD,https://www.sec.gov/Archives/edgar/data/918541/000091854126000054/formofaward.htm,False,
GPRO,2026-07-24 00:00:00,https://www.sec.gov/Archives/edgar/data/1500435/000162828026049597/0001628280-26-049597-index.htm,8-K,8-K,https://www.sec.gov/Archives/edgar/data/1500435/000162828026049597/gpro-20260721.htm,False,
None,2026-07-24 00:00:00,https://www.sec.gov/Archives/edgar/data/2027033/000110465926086648/0001104659-26-086648-index.htm,8-K,FORM 8-K,https://www.sec.gov/Archives/edgar/data/2027033/000110465926086648/tm2621301d1_8k.htm,False,
DCI,2026-07-24 00:00:00,https://www.sec.gov/Archives/edgar/data/29644/000002964426000068/0000029644-26-000068-index.htm,8-K,8-K,https://www.sec.gov/Archives/edgar/data/29644/000002964426000068/dci-20260723.htm,False,
None,2026-07-24 00:00:00,https://www.sec.gov/Archives/edgar/data/1948056/000194805626000062/0001948056-26-000062-index.htm,8-K,8-K,https://www.sec.gov/Archives/edgar/data/1948056/000194805626000062/kkr-20260721.htm,False,
None,2026-07-24 00:00:00,https://www.sec.gov/Archives/edgar/data/1902649/000114036126029602/0001140361-26-029602-index.htm,8-K,8-K,https://www.sec.gov/Archives/edgar/data/1902649/000114036126029602/ef20078694_8k.htm,False,
MCK,2026-07-24 00:00:00,https://www.sec.gov/Archives/edgar/data/927653/000092765326000215/0000927653-26-000215-index.htm,8-K,8-K,https://www.sec.gov/Archives/edgar/data/927653/000092765326000215/mck-20260722.htm,False,
ACR,2026-07-24 00:00:00,https://www.sec.gov/Archives/edgar/data/1332551/000119312526316084/0001193125-26-316084-index.htm,8-K,8-K,https://www.sec.gov/Archives/edgar/data/1332551/000119312526316084/acr-20260721.htm,False,
ACR,2026-07-24 00:00:00,https://www.sec.gov/Archives/edgar/data/1332551/000119312526316084/0001193125-26-316084-index.htm,EX-99.1,EX-99.1,https://www.sec.gov/Archives/edgar/data/1332551/000119312526316084/acr-ex99_1.htm,False,
ACR-PC,2026-07-24 00:00:00,https://www.sec.gov/Archives/edgar/data/1332551/000119312526316084/0001193125-26-316084-index.htm,8-K,8-K,https://www.sec.gov/Archives/edgar/data/1332551/000119312526316084/acr-20260721.htm,False,
ACR-PC,2026-07-24 00:00:00,https://www.sec.gov/Archives/edgar/data/1332551/000119312526316084/0001193125-26-316084-index.htm,EX-99.1,EX-99.1,https://www.sec.gov/Archives/edgar/data/1332551/000119312526316084/acr-ex99_1.htm,False,
ACR-PD,2026-07-24 00:00:00,https://www.sec.gov/Archives/edgar/data/1332551/000119312526316084/0001193125-26-316084-index.htm,8-K,8-K,https://www.sec.gov/Archives/edgar/data/1332551/000119312526316084/acr-20260721.htm,False,
ACR-PD,2026-07-24 00:00:00,https://www.sec.gov/Archives/edgar/data/1332551/000119312526316084/0001193125-26-316084-index.htm,EX-99.1,EX-99.1,https://www.sec.gov/Archives/edgar/data/1332551/000119312526316084/acr-ex99_1.htm,False,
GBTG-WT,2026-07-24 00:00:00,https://www.sec.gov/Archives/edgar/data/1820872/000114036126029601/0001140361-26-029601-index.htm,8-K,8-K,https://www.sec.gov/Archives/edgar/data/1820872/000114036126029601/ef20078725_8k.htm,False,
APSG-UN,2026-07-24 00:00:00,https://www.sec.gov/Archives/edgar/data/1820872/000114036126029601/0001140361-26-029601-index.htm,8-K,8-K,https://www.sec.gov/Archives/edgar/data/1820872/000114036126029601/ef20078725_8k.htm,False,
APSG,2026-07-24 00:00:00,https://www.sec.gov/Archives/edgar/data/1820872/000114036126029601/0001140361-26-029601-index.htm,8-K,8-K,https://www.sec.gov/Archives/edgar/data/1820872/000114036126029601/ef20078725_8k.htm,False,
GBTG,2026-07-24 00:00:00,https://www.sec.gov/Archives/edgar/data/1820872/000114036126029601/0001140361-26-029601-index.htm,8-K,8-K,https://www.sec.gov/Archives/edgar/data/1820872/000114036126029601/ef20078725_8k.htm,False,
VRA,2026-07-24 00:00:00,https://www.sec.gov/Archives/edgar/data/1495320/000162828026049595/0001628280-26-049595-index.htm,8-K,8-K,https://www.sec.gov/Archives/edgar/data/1495320/000162828026049595/vra-20260724.htm,False,
VRA,2026-07-24 00:00:00,https://www.sec.gov/Archives/edgar/data/1495320/000162828026049595/0001628280-26-049595-index.htm,EX-10.1,EX-10.1,https://www.sec.gov/Archives/edgar/data/1495320/000162828026049595/ex-10120260724.htm,False,
VRA,2026-07-24 00:00:00,https://www.sec.gov/Archives/edgar/data/1495320/000162828026049595/0001628280-26-049595-index.htm,EX-10.2,EX-10.2,https://www.sec.gov/Archives/edgar/data/1495320/000162828026049595/ex-10220260724.htm,False,
ONVO,2026-07-24 00:00:00,https://www.sec.gov/Archives/edgar/data/1497253/000121390026081377/0001213900-26-081377-index.htm,8-K,CURRENT REPORT,https://www.sec.gov/Archives/edgar/data/1497253/000121390026081377/ea0299224-8k_vivo.htm,False,
VIVS,2026-07-24 00:00:00,https://www.sec.gov/Archives/edgar/data/1497253/000121390026081377/0001213900-26-081377-index.htm,8-K,CURRENT REPORT,https://www.sec.gov/Archives/edgar/data/1497253/000121390026081377/ea0299224-8k_vivo.htm,False,
FFIEW,2026-07-24 00:00:00,https://www.sec.gov/Archives/edgar/data/1805521/000121390026081373/0001213900-26-081373-index.htm,8-K,CURRENT REPORT,https://www.sec.gov/Archives/edgar/data/1805521/000121390026081373/ea0299114-8k_faraday.htm,False,
FFIEW,2026-07-24 00:00:00,https://www.sec.gov/Archives/edgar/data/1805521/000121390026081373/0001213900-26-081373-index.htm,EX-99.1,"PRESS RELEASE, DATED JULY 21, 2026",https://www.sec.gov/Archives/edgar/data/1805521/000121390026081373/ea029911401ex99-1.htm,False,
FFAI,2026-07-24 00:00:00,https://www.sec.gov/Archives/edgar/data/1805521/000121390026081373/0001213900-26-081373-index.htm,8-K,CURRENT REPORT,https://www.sec.gov/Archives/edgar/data/1805521/000121390026081373/ea0299114-8k_faraday.htm,False,
FFAI,2026-07-24 00:00:00,https://www.sec.gov/Archives/edgar/data/1805521/000121390026081373/0001213900-26-081373-index.htm,EX-99.1,"PRESS RELEASE, DATED JULY 21, 2026",https://www.sec.gov/Archives/edgar/data/1805521/000121390026081373/ea029911401ex99-1.htm,False,
FFIE,2026-07-24 00:00:00,https://www.sec.gov/Archives/edgar/data/1805521/000121390026081373/0001213900-26-081373-index.htm,8-K,CURRENT REPORT,https://www.sec.gov/Archives/edgar/data/1805521/000121390026081373/ea0299114-8k_faraday.htm,False,
FFIE,2026-07-24 00:00:00,https://www.sec.gov/Archives/edgar/data/1805521/000121390026081373/0001213900-26-081373-index.htm,EX-99.1,"PRESS RELEASE, DATED JULY 21, 2026",https://www.sec.gov/Archives/edgar/data/1805521/000121390026081373/ea029911401ex99-1.htm,False,
FFAIW,2026-07-24 00:00:00,https://www.sec.gov/Archives/edgar/data/1805521/000121390026081373/0001213900-26-081373-index.htm,8-K,CURRENT REPORT,https://www.sec.gov/Archives/edgar/data/1805521/000121390026081373/ea0299114-8k_faraday.htm,False,
FFAIW,2026-07-24 00:00:00,https://www.sec.gov/Archives/edgar/data/1805521/000121390026081373/0001213900-26-081373-index.htm,EX-99.1,"PRESS RELEASE, DATED JULY 21, 2026",https://www.sec.gov/Archives/edgar/data/1805521/000121390026081373/ea029911401ex99-1.htm,False,
PSAC,2026-07-24 00:00:00,https://www.sec.gov/Archives/edgar/data/1805521/000121390026081373/0001213900-26-081373-index.htm,8-K,CURRENT REPORT,https://www.sec.gov/Archives/edgar/data/1805521/000121390026081373/ea0299114-8k_faraday.htm,False,
PSAC,2026-07-24 00:00:00,https://www.sec.gov/Archives/edgar/data/1805521/000121390026081373/0001213900-26-081373-index.htm,EX-99.1,"PRESS RELEASE, DATED JULY 21, 2026",https://www.sec.gov/Archives/edgar/data/1805521/000121390026081373/ea029911401ex99-1.htm,False,
PSACU,2026-07-24 00:00:00,https://www.sec.gov/Archives/edgar/data/1805521/000121390026081373/0001213900-26-081373-index.htm,8-K,CURRENT REPORT,https://www.sec.gov/Archives/edgar/data/1805521/000121390026081373/ea0299114-8k_faraday.htm,False,
PSACU,2026-07-24 00:00:00,https://www.sec.gov/Archives/edgar/data/1805521/000121390026081373/0001213900-26-081373-index.htm,EX-99.1,"PRESS RELEASE, DATED JULY 21, 2026",https://www.sec.gov/Archives/edgar/data/1805521/000121390026081373/ea029911401ex99-1.htm,False,
LHX,2026-07-24 00:00:00,https://www.sec.gov/Archives/edgar/data/202058/000020205826000047/0000202058-26-000047-index.htm,8-K,8-K,https://www.sec.gov/Archives/edgar/data/202058/000020205826000047/hrs-20260723.htm,False,
NOTE,2026-07-24 00:00:00,https://www.sec.gov/Archives/edgar/data/1823466/000119312526316071/0001193125-26-316071-index.htm,8-K,8-K,https://www.sec.gov/Archives/edgar/data/1823466/000119312526316071/d137191d8k.htm,False,
NOTE-WT,2026-07-24 00:00:00,https://www.sec.gov/Archives/edgar/data/1823466/000119312526316071/0001193125-26-316071-index.htm,8-K,8-K,https://www.sec.gov/Archives/edgar/data/1823466/000119312526316071/d137191d8k.htm,False,
NWBI,2026-07-24 00:00:00,https://www.sec.gov/Archives/edgar/data/1471265/000147126526000028/0001471265-26-000028-index.htm,8-K,8-K,https://www.sec.gov/Archives/edgar/data/1471265/000147126526000028/nwbi-20260722.htm,False,
CARR,2026-07-24 00:00:00,https://www.sec.gov/Archives/edgar/data/1783180/000095014226002161/0000950142-26-002161-index.htm,8-K,FORM 8-K,https://www.sec.gov/Archives/edgar/data/1783180/000095014226002161/eh260811584_8k.htm,False,
CARR,2026-07-24 00:00:00,https://www.sec.gov/Archives/edgar/data/1783180/000095014226002161/0000950142-26-002161-index.htm,EX-99.1,EXHIBIT 99.1,https://www.sec.gov/Archives/edgar/data/1783180/000095014226002161/eh260811584_ex9901.htm,False,
GPACW,2026-07-24 00:00:00,https://www.sec.gov/Archives/edgar/data/1831979/000149315226034563/0001493152-26-034563-index.htm,8-K,8-K,https://www.sec.gov/Archives/edgar/data/1831979/000149315226034563/form8-k.htm,False,
SDSTW,2026-07-24 00:00:00,https://www.sec.gov/Archives/edgar/data/1831979/000149315226034563/0001493152-26-034563-index.htm,8-K,8-K,https://www.sec.gov/Archives/edgar/data/1831979/000149315226034563/form8-k.htm,False,
SDST,2026-07-24 00:00:00,https://www.sec.gov/Archives/edgar/data/1831979/000149315226034563/0001493152-26-034563-index.htm,8-K,8-K,https://www.sec.gov/Archives/edgar/data/1831979/000149315226034563/form8-k.htm,False,
XHLD,2026-07-24 00:00:00,https://www.sec.gov/Archives/edgar/data/2030954/000149315226034561/0001493152-26-034561-index.htm,8-K,8-K,https://www.sec.gov/Archives/edgar/data/2030954/000149315226034561/form8-k.htm,False,
LMB,2026-07-24 00:00:00,https://www.sec.gov/Archives/edgar/data/1606163/000162828026049590/0001628280-26-049590-index.htm,8-K,8-K,https://www.sec.gov/Archives/edgar/data/1606163/000162828026049590/lmb-20260724.htm,True,
LMB,2026-07-24 00:00:00,https://www.sec.gov/Archives/edgar/data/1606163/000162828026049590/0001628280-26-049590-index.htm,EX-10.1,EX-10.1,https://www.sec.gov/Archives/edgar/data/1606163/000162828026049590/ex101-thirdamendmenttose.htm,True,
FDX,2026-07-24 00:00:00,https://www.sec.gov/Archives/edgar/data/1048911/000110465926086643/0001104659-26-086643-index.htm,8-K,FORM 8-K,https://www.sec.gov/Archives/edgar/data/1048911/000110465926086643/tm2621019d1_8k.htm,False,
FDX,2026-07-24 00:00:00,https://www.sec.gov/Archives/edgar/data/1048911/000110465926086643/0001104659-26-086643-index.htm,EX-10.1,EXHIBIT 10.1,https://www.sec.gov/Archives/edgar/data/1048911/000110465926086643/tm2621019d1_ex10-1.htm,False,
SKFG,2026-07-24 00:00:00,https://www.sec.gov/Archives/edgar/data/1794942/000164033426001238/0001640334-26-001238-index.htm,8-K,FORM 8-K,https://www.sec.gov/Archives/edgar/data/1794942/000164033426001238/stark_8k.htm,True,
SKFG,2026-07-24 00:00:00,https://www.sec.gov/Archives/edgar/data/1794942/000164033426001238/0001640334-26-001238-index.htm,EX-10.1,FORM OF SHARE PURCHASE AGREEMENT,https://www.sec.gov/Archives/edgar/data/1794942/000164033426001238/stark_ex101.htm,False,
MOD,2026-07-24 00:00:00,https://www.sec.gov/Archives/edgar/data/67347/000110465926086644/0001104659-26-086644-index.htm,8-K,8-K,https://www.sec.gov/Archives/edgar/data/67347/000110465926086644/mod-20260724x8k.htm,False,
MOD,2026-07-24 00:00:00,https://www.sec.gov/Archives/edgar/data/67347/000110465926086644/0001104659-26-086644-index.htm,EX-99.1,EX-99.1,https://www.sec.gov/Archives/edgar/data/67347/000110465926086644/mod-20260724xex99d1.htm,False,
CEADW,2026-07-24 00:00:00,https://www.sec.gov/Archives/edgar/data/1482541/000148254126000040/0001482541-26-000040-index.htm,8-K,8-K,https://www.sec.gov/Archives/edgar/data/1482541/000148254126000040/bnc-20260720.htm,True,
CEADW,2026-07-24 00:00:00,https://www.sec.gov/Archives/edgar/data/1482541/000148254126000040/0001482541-26-000040-index.htm,EX-10.1,EX-10.1,https://www.sec.gov/Archives/edgar/data/1482541/000148254126000040/bnc-2026x07x24x_10x1consul.htm,False,
CEAD,2026-07-24 00:00:00,https://www.sec.gov/Archives/edgar/data/1482541/000148254126000040/0001482541-26-000040-index.htm,8-K,8-K,https://www.sec.gov/Archives/edgar/data/1482541/000148254126000040/bnc-20260720.htm,True,
CEAD,2026-07-24 00:00:00,https://www.sec.gov/Archives/edgar/data/1482541/000148254126000040/0001482541-26-000040-index.htm,EX-10.1,EX-10.1,https://www.sec.gov/Archives/edgar/data/1482541/000148254126000040/bnc-2026x07x24x_10x1consul.htm,False,
BNC,2026-07-24 00:00:00,https://www.sec.gov/Archives/edgar/data/1482541/000148254126000040/0001482541-26-000040-index.htm,8-K,8-K,https://www.sec.gov/Archives/edgar/data/1482541/000148254126000040/bnc-20260720.htm,True,
BNC,2026-07-24 00:00:00,https://www.sec.gov/Archives/edgar/data/1482541/000148254126000040/0001482541-26-000040-index.htm,EX-10.1,EX-10.1,https://www.sec.gov/Archives/edgar/data/1482541/000148254126000040/bnc-2026x07x24x_10x1consul.htm,False,
SRNA,2026-07-24 00:00:00,https://www.sec.gov/Archives/edgar/data/1482541/000148254126000040/0001482541-26-000040-index.htm,8-K,8-K,https://www.sec.gov/Archives/edgar/data/1482541/000148254126000040/bnc-20260720.htm,True,
SRNA,2026-07-24 00:00:00,https://www.sec.gov/Archives/edgar/data/1482541/000148254126000040/0001482541-26-000040-index.htm,EX-10.1,EX-10.1,https://www.sec.gov/Archives/edgar/data/1482541/000148254126000040/bnc-2026x07x24x_10x1consul.htm,False,
FBLG,2026-07-24 00:00:00,https://www.sec.gov/Archives/edgar/data/1958777/000119312526316067/0001193125-26-316067-index.htm,8-K,8-K,https://www.sec.gov/Archives/edgar/data/1958777/000119312526316067/fblg-20260722.htm,False,
IVVD,2026-07-24 00:00:00,https://www.sec.gov/Archives/edgar/data/1832038/000119312526316066/0001193125-26-316066-index.htm,8-K,8-K,https://www.sec.gov/Archives/edgar/data/1832038/000119312526316066/ivvd-20260723.htm,False,
ADGI,2026-07-24 00:00:00,https://www.sec.gov/Archives/edgar/data/1832038/000119312526316066/0001193125-26-316066-index.htm,8-K,8-K,https://www.sec.gov/Archives/edgar/data/1832038/000119312526316066/ivvd-20260723.htm,False,
BCML,2026-07-24 00:00:00,https://www.sec.gov/Archives/edgar/data/1730984/000173098426000068/0001730984-26-000068-index.htm,8-K,8-K,https://www.sec.gov/Archives/edgar/data/1730984/000173098426000068/bcml-20260721x8k.htm,False,
None,2026-07-24 00:00:00,https://www.sec.gov/Archives/edgar/data/2049733/000204973326000030/0002049733-26-000030-index.htm,8-K,8-K,https://www.sec.gov/Archives/edgar/data/2049733/000204973326000030/a8-kjuly2026.htm,False,
None,2026-07-24 00:00:00,https://www.sec.gov/Archives/edgar/data/2110119/000121390026081360/0001213900-26-081360-index.htm,8-K,CURRENT REPORT,https://www.sec.gov/Archives/edgar/data/2110119/000121390026081360/ea0299140-8k_amrreso.htm,False,
None,2026-07-24 00:00:00,https://www.sec.gov/Archives/edgar/data/2110119/000121390026081360/0001213900-26-081360-index.htm,EX-99.1,BALANCE SHEET,https://www.sec.gov/Archives/edgar/data/2110119/000121390026081360/ea029914001ex99-1.htm,False,
MNKD,2026-07-24 00:00:00,https://www.sec.gov/Archives/edgar/data/899460/000119312526316041/0001193125-26-316041-index.htm,8-K,8-K,https://www.sec.gov/Archives/edgar/data/899460/000119312526316041/d63182d8k.htm,False,
MNKD,2026-07-24 00:00:00,https://www.sec.gov/Archives/edgar/data/899460/000119312526316041/0001193125-26-316041-index.htm,EX-99.1,EX-99.1,https://www.sec.gov/Archives/edgar/data/899460/000119312526316041/d63182dex991.htm,False,
INSP,2026-07-24 00:00:00,https://www.sec.gov/Archives/edgar/data/1609550/000160955026000041/0001609550-26-000041-index.htm,8-K,8-K,https://www.sec.gov/Archives/edgar/data/1609550/000160955026000041/insp-20260720.htm,False,
SHBI,2026-07-24 00:00:00,https://www.sec.gov/Archives/edgar/data/1035092/000103509226000043/0001035092-26-000043-index.htm,8-K,8-K,https://www.sec.gov/Archives/edgar/data/1035092/000103509226000043/shbi-20260724.htm,False,
SHBI,2026-07-24 00:00:00,https://www.sec.gov/Archives/edgar/data/1035092/000103509226000043/0001035092-26-000043-index.htm,EX-99.1,EX-99.1,https://www.sec.gov/Archives/edgar/data/1035092/000103509226000043/shbi-20260630xip7x24.htm,False,
None,2026-07-24 00:00:00,https://www.sec.gov/Archives/edgar/data/1970743/000121390026081358/0001213900-26-081358-index.htm,8-K,CURRENT REPORT,https://www.sec.gov/Archives/edgar/data/1970743/000121390026081358/ea0298962-8k_rmx.htm,False,
None,2026-07-24 00:00:00,https://www.sec.gov/Archives/edgar/data/1970743/000121390026081358/0001213900-26-081358-index.htm,EX-99.1,"PRESS RELEASE DATED JULY 24, 2026",https://www.sec.gov/Archives/edgar/data/1970743/000121390026081358/ea029896201ex99-1.htm,False,
MCBS,2026-07-24 00:00:00,https://www.sec.gov/Archives/edgar/data/1747068/000110465926086635/0001104659-26-086635-index.htm,8-K,8-K,https://www.sec.gov/Archives/edgar/data/1747068/000110465926086635/mcbs-20260724x8k.htm,False,
MCBS,2026-07-24 00:00:00,https://www.sec.gov/Archives/edgar/data/1747068/000110465926086635/0001104659-26-086635-index.htm,EX-99.1,EX-99.1,https://www.sec.gov/Archives/edgar/data/1747068/000110465926086635/mcbs-20260724xex99d1.htm,False,
TMHC,2026-07-24 00:00:00,https://www.sec.gov/Archives/edgar/data/1562476/000119312526316037/0001193125-26-316037-index.htm,8-K,8-K,https://www.sec.gov/Archives/edgar/data/1562476/000119312526316037/d148123d8k.htm,True,
TMHC,2026-07-24 00:00:00,https://www.sec.gov/Archives/edgar/data/1562476/000119312526316037/0001193125-26-316037-index.htm,EX-10.1,EX-10.1,https://www.sec.gov/Archives/edgar/data/1562476/000119312526316037/d148123dex101.htm,True,
TMHC,2026-07-24 00:00:00,https://www.sec.gov/Archives/edgar/data/1562476/000119312526316037/0001193125-26-316037-index.htm,EX-99.1,EX-99.1,https://www.sec.gov/Archives/edgar/data/1562476/000119312526316037/d148123dex991.htm,False,
None,2026-07-24 00:00:00,https://www.sec.gov/Archives/edgar/data/1899017/000119312526316035/0001193125-26-316035-index.htm,8-K,8-K,https://www.sec.gov/Archives/edgar/data/1899017/000119312526316035/ck0001899017-20260724.htm,False,
NGS,2026-07-24 00:00:00,https://www.sec.gov/Archives/edgar/data/1084991/000108499126000070/0001084991-26-000070-index.htm,8-K,8-K,https://www.sec.gov/Archives/edgar/data/1084991/000108499126000070/ngs-20260720.htm,True,
NGS,2026-07-24 00:00:00,https://www.sec.gov/Archives/edgar/data/1084991/000108499126000070/0001084991-26-000070-index.htm,EX-10.1,EX-10.1,https://www.sec.gov/Archives/edgar/data/1084991/000108499126000070/ex101formofindemnification.htm,False,
None,2026-07-24 00:00:00,https://www.sec.gov/Archives/edgar/data/1684682/000199937126015831/0001999371-26-015831-index.htm,8-K,CURRENT REPORT,https://www.sec.gov/Archives/edgar/data/1684682/000199937126015831/cnl-8k_072426.htm,False,
None,2026-07-24 00:00:00,https://www.sec.gov/Archives/edgar/data/1316944/000131694426000128/0001316944-26-000128-index.htm,8-K,8-K,https://www.sec.gov/Archives/edgar/data/1316944/000131694426000128/fhlbsf-20260723.htm,False,
None,2026-07-24 00:00:00,https://www.sec.gov/Archives/edgar/data/1316944/000131694426000128/0001316944-26-000128-index.htm,EX-99.1,EX-99.1 EARNINGS RELEASE,https://www.sec.gov/Archives/edgar/data/1316944/000131694426000128/q22026earningsrelease-ex99.htm,False,
BVFL,2026-07-24 00:00:00,https://www.sec.gov/Archives/edgar/data/1302387/000119312526315814/0001193125-26-315814-index.htm,8-K,8-K,https://www.sec.gov/Archives/edgar/data/1302387/000119312526315814/bvfl-20260724.htm,False,
BVFL,2026-07-24 00:00:00,https://www.sec.gov/Archives/edgar/data/1302387/000119312526315814/0001193125-26-315814-index.htm,EX-99.1,EX-99.1,https://www.sec.gov/Archives/edgar/data/1302387/000119312526315814/bvfl-ex99_1.htm,False,
None,2026-07-24 00:00:00,https://www.sec.gov/Archives/edgar/data/2041841/000093041326002156/0000930413-26-002156-index.htm,8-K,,https://www.sec.gov/Archives/edgar/data/2041841/000093041326002156/c117191_8k-ixbrl.htm,False,
None,2026-07-24 00:00:00,https://www.sec.gov/Archives/edgar/data/2008748/000093041326002155/0000930413-26-002155-index.htm,8-K,,https://www.sec.gov/Archives/edgar/data/2008748/000093041326002155/c117190_8k-ixbrl.htm,False,
LASE,2026-07-24 00:00:00,https://www.sec.gov/Archives/edgar/data/1807887/000149315226034532/0001493152-26-034532-index.htm,8-K,8-K,https://www.sec.gov/Archives/edgar/data/1807887/000149315226034532/form8-k.htm,False,
None,2026-07-24 00:00:00,https://www.sec.gov/Archives/edgar/data/2119505/000119312526315706/0001193125-26-315706-index.htm,8-K,8-K,https://www.sec.gov/Archives/edgar/data/2119505/000119312526315706/d56778d8k.htm,False,
None,2026-07-24 00:00:00,https://www.sec.gov/Archives/edgar/data/2045370/000143774926024394/0001437749-26-024394-index.htm,8-K,FORM 8-K,https://www.sec.gov/Archives/edgar/data/2045370/000143774926024394/remc20260723_8k.htm,False,
None,2026-07-24 00:00:00,https://www.sec.gov/Archives/edgar/data/1947016/000106299326003826/0001062993-26-003826-index.htm,8-K,FORM 8-K,https://www.sec.gov/Archives/edgar/data/1947016/000106299326003826/form8k.htm,False,
None,2026-07-24 00:00:00,https://www.sec.gov/Archives/edgar/data/1947016/000106299326003826/0001062993-26-003826-index.htm,EX-99.1,EXHIBIT 99.1,https://www.sec.gov/Archives/edgar/data/1947016/000106299326003826/exhibit99-1.htm,False,
None,2026-07-24 00:00:00,https://www.sec.gov/Archives/edgar/data/1661306/000166130626000058/0001661306-26-000058-index.htm,8-K,8-K,https://www.sec.gov/Archives/edgar/data/1661306/000166130626000058/ck0001661306-20260722.htm,True,
None,2026-07-24 00:00:00,https://www.sec.gov/Archives/edgar/data/1661306/000166130626000058/0001661306-26-000058-index.htm,EX-10.1,EX-10.1,https://www.sec.gov/Archives/edgar/data/1661306/000166130626000058/ck0001661306-ex10_1.htm,False,
None,2026-07-24 00:00:00,https://www.sec.gov/Archives/edgar/data/15357/000110465926086601/0001104659-26-086601-index.htm,8-K,8-K,https://www.sec.gov/Archives/edgar/data/15357/000110465926086601/csgn-20260720x8k.htm,False,
None,2026-07-24 00:00:00,https://www.sec.gov/Archives/edgar/data/1919369/000119312526315613/0001193125-26-315613-index.htm,8-K,8-K,https://www.sec.gov/Archives/edgar/data/1919369/000119312526315613/ck0001919369-20260722.htm,False,
DBGI,2026-07-24 00:00:00,https://www.sec.gov/Archives/edgar/data/1668010/000149315226034517/0001493152-26-034517-index.htm,8-K,8-K,https://www.sec.gov/Archives/edgar/data/1668010/000149315226034517/form8-k.htm,True,
DBGI,2026-07-24 00:00:00,https://www.sec.gov/Archives/edgar/data/1668010/000149315226034517/0001493152-26-034517-index.htm,EX-10.1,EX-10.1,https://www.sec.gov/Archives/edgar/data/1668010/000149315226034517/ex10-1.htm,True,
DBGI,2026-07-24 00:00:00,https://www.sec.gov/Archives/edgar/data/1668010/000149315226034517/0001493152-26-034517-index.htm,EX-10.2,EX-10.2,https://www.sec.gov/Archives/edgar/data/1668010/000149315226034517/ex10-2.htm,False,
DBGIW,2026-07-24 00:00:00,https://www.sec.gov/Archives/edgar/data/1668010/000149315226034517/0001493152-26-034517-index.htm,8-K,8-K,https://www.sec.gov/Archives/edgar/data/1668010/000149315226034517/form8-k.htm,True,
DBGIW,2026-07-24 00:00:00,https://www.sec.gov/Archives/edgar/data/1668010/000149315226034517/0001493152-26-034517-index.htm,EX-10.1,EX-10.1,https://www.sec.gov/Archives/edgar/data/1668010/000149315226034517/ex10-1.htm,True,
DBGIW,2026-07-24 00:00:00,https://www.sec.gov/Archives/edgar/data/1668010/000149315226034517/0001493152-26-034517-index.htm,EX-10.2,EX-10.2,https://www.sec.gov/Archives/edgar/data/1668010/000149315226034517/ex10-2.htm,False,
CLBS,2026-07-24 00:00:00,https://www.sec.gov/Archives/edgar/data/320017/000114036126029541/0001140361-26-029541-index.htm,8-K,8-K,https://www.sec.gov/Archives/edgar/data/320017/000114036126029541/ef20078724_8k.htm,False,
LSTA,2026-07-24 00:00:00,https://www.sec.gov/Archives/edgar/data/320017/000114036126029541/0001140361-26-029541-index.htm,8-K,8-K,https://www.sec.gov/Archives/edgar/data/320017/000114036126029541/ef20078724_8k.htm,False,
PROF,2026-07-24 00:00:00,https://www.sec.gov/Archives/edgar/data/1628808/000117184326004863/0001171843-26-004863-index.htm,8-K,FORM 8-K,https://www.sec.gov/Archives/edgar/data/1628808/000117184326004863/f8k_072426.htm,False,
PROF,2026-07-24 00:00:00,https://www.sec.gov/Archives/edgar/data/1628808/000117184326004863/0001171843-26-004863-index.htm,EX-99.1,PRESS RELEASE,https://www.sec.gov/Archives/edgar/data/1628808/000117184326004863/exh_991.htm,False,
None,2026-07-24 00:00:00,https://www.sec.gov/Archives/edgar/data/1331463/000133146326000149/0001331463-26-000149-index.htm,8-K,CURRENT REPORT ITEM 2.02 AND 9.01,https://www.sec.gov/Archives/edgar/data/1331463/000133146326000149/fhlbbost-20260724.htm,False,
None,2026-07-24 00:00:00,https://www.sec.gov/Archives/edgar/data/1331463/000133146326000149/0001331463-26-000149-index.htm,EX-99.1,PRESS RELEASE,https://www.sec.gov/Archives/edgar/data/1331463/000133146326000149/ex991-secondquarter2026ear.htm,False,
PROV,2026-07-24 00:00:00,https://www.sec.gov/Archives/edgar/data/1010470/000093905726000138/0000939057-26-000138-index.htm,8-K,,https://www.sec.gov/Archives/edgar/data/1010470/000093905726000138/8k72426.htm,False,
PROV,2026-07-24 00:00:00,https://www.sec.gov/Archives/edgar/data/1010470/000093905726000138/0000939057-26-000138-index.htm,EX-99.1,,https://www.sec.gov/Archives/edgar/data/1010470/000093905726000138/ex99172426.htm,False,
AQSP,2026-07-24 00:00:00,https://www.sec.gov/Archives/edgar/data/1391135/000109690626001125/0001096906-26-001125-index.htm,8-K,LFTD PARTNERS INC. - FORM 8-K SEC FILING,https://www.sec.gov/Archives/edgar/data/1391135/000109690626001125/lsfp-20260722_8k.htm,True,
LSFP,2026-07-24 00:00:00,https://www.sec.gov/Archives/edgar/data/1391135/000109690626001125/0001096906-26-001125-index.htm,8-K,LFTD PARTNERS INC. - FORM 8-K SEC FILING,https://www.sec.gov/Archives/edgar/data/1391135/000109690626001125/lsfp-20260722_8k.htm,True,
LIFD,2026-07-24 00:00:00,https://www.sec.gov/Archives/edgar/data/1391135/000109690626001125/0001096906-26-001125-index.htm,8-K,LFTD PARTNERS INC. - FORM 8-K SEC FILING,https://www.sec.gov/Archives/edgar/data/1391135/000109690626001125/lsfp-20260722_8k.htm,True,
ARCB,2026-07-24 00:00:00,https://www.sec.gov/Archives/edgar/data/894405/000110465926086560/0001104659-26-086560-index.htm,8-K,8-K,https://www.sec.gov/Archives/edgar/data/894405/000110465926086560/arcb-20260724x8k.htm,False,
ARCB,2026-07-24 00:00:00,https://www.sec.gov/Archives/edgar/data/894405/000110465926086560/0001104659-26-086560-index.htm,EX-99.1,EX-99.1,https://www.sec.gov/Archives/edgar/data/894405/000110465926086560/arcb-20260724xex99d1.htm,False,
None,2026-07-24 00:00:00,https://www.sec.gov/Archives/edgar/data/1325814/000162828026049515/0001628280-26-049515-index.htm,8-K,FORM 8-K Q2 2026 EARNINGS RELEASE AND DIVIDEND ANNOUNCEMENT,https://www.sec.gov/Archives/edgar/data/1325814/000162828026049515/fhlbdm-20260724.htm,False,
None,2026-07-24 00:00:00,https://www.sec.gov/Archives/edgar/data/1325814/000162828026049515/0001628280-26-049515-index.htm,EX-99.1,EX-99.1 Q2 2026 EARNINGS RELEASE AND DIVIDEND ANNOUNCEMENT,https://www.sec.gov/Archives/edgar/data/1325814/000162828026049515/q226ex991earningsreleasean.htm,False,
None,2026-07-24 00:00:00,https://www.sec.gov/Archives/edgar/data/1329842/000165495426006859/0001654954-26-006859-index.htm,8-K,FORM 8-K,https://www.sec.gov/Archives/edgar/data/1329842/000165495426006859/fhlbny_8k.htm,False,
None,2026-07-24 00:00:00,https://www.sec.gov/Archives/edgar/data/1331463/000133146326000146/0001331463-26-000146-index.htm,8-K,CURRENT REPORT 5.03 AND 9.01,https://www.sec.gov/Archives/edgar/data/1331463/000133146326000146/fhlbbost-20260724.htm,False,
PROV,2026-07-24 00:00:00,https://www.sec.gov/Archives/edgar/data/1010470/000093905726000136/0000939057-26-000136-index.htm,8-K,,https://www.sec.gov/Archives/edgar/data/1010470/000093905726000136/prov8k72326.htm,False,
UBCP,2026-07-24 00:00:00,https://www.sec.gov/Archives/edgar/data/731653/000110465926086543/0001104659-26-086543-index.htm,8-K,FORM 8-K,https://www.sec.gov/Archives/edgar/data/731653/000110465926086543/tm2621220d1_8k.htm,False,
None,2026-07-24 00:00:00,https://www.sec.gov/Archives/edgar/data/1331451/000133145126000133/0001331451-26-000133-index.htm,8-K,8-K,https://www.sec.gov/Archives/edgar/data/1331451/000133145126000133/fhlbc-20260720.htm,False,
GRC,2026-07-24 00:00:00,https://www.sec.gov/Archives/edgar/data/42682/000119312526315282/0001193125-26-315282-index.htm,8-K,8-K,https://www.sec.gov/Archives/edgar/data/42682/000119312526315282/grc-20260724.htm,False,
GRC,2026-07-24 00:00:00,https://www.sec.gov/Archives/edgar/data/42682/000119312526315278/0001193125-26-315278-index.htm,8-K,8-K,https://www.sec.gov/Archives/edgar/data/42682/000119312526315278/grc-20260724.htm,False,
SIDU,2026-07-24 00:00:00,https://www.sec.gov/Archives/edgar/data/1879726/000149315226034485/0001493152-26-034485-index.htm,8-K,8-K,https://www.sec.gov/Archives/edgar/data/1879726/000149315226034485/form8-k.htm,False,
SIDU,2026-07-24 00:00:00,https://www.sec.gov/Archives/edgar/data/1879726/000149315226034485/0001493152-26-034485-index.htm,EX-10.1,EX-10.1,https://www.sec.gov/Archives/edgar/data/1879726/000149315226034485/ex10-1.htm,False,
SIDU,2026-07-24 00:00:00,https://www.sec.gov/Archives/edgar/data/1879726/000149315226034485/0001493152-26-034485-index.htm,EX-99.1,EX-99.1,https://www.sec.gov/Archives/edgar/data/1879726/000149315226034485/ex99-1.htm,False,
SST-WT,2026-07-24 00:00:00,https://www.sec.gov/Archives/edgar/data/1805833/000180583326000044/0001805833-26-000044-index.htm,8-K,8-K,https://www.sec.gov/Archives/edgar/data/1805833/000180583326000044/sst-20260722.htm,True,
TREB,2026-07-24 00:00:00,https://www.sec.gov/Archives/edgar/data/1805833/000180583326000044/0001805833-26-000044-index.htm,8-K,8-K,https://www.sec.gov/Archives/edgar/data/1805833/000180583326000044/sst-20260722.htm,True,
SST,2026-07-24 00:00:00,https://www.sec.gov/Archives/edgar/data/1805833/000180583326000044/0001805833-26-000044-index.htm,8-K,8-K,https://www.sec.gov/Archives/edgar/data/1805833/000180583326000044/sst-20260722.htm,True,
VZ,2026-07-24 00:00:00,https://www.sec.gov/Archives/edgar/data/732712/000119312526315236/0001193125-26-315236-index.htm,8-K,8-K,https://www.sec.gov/Archives/edgar/data/732712/000119312526315236/d174102d8k.htm,False,
VZA,2026-07-24 00:00:00,https://www.sec.gov/Archives/edgar/data/732712/000119312526315236/0001193125-26-315236-index.htm,8-K,8-K,https://www.sec.gov/Archives/edgar/data/732712/000119312526315236/d174102d8k.htm,False,
TMP,2026-07-24 00:00:00,https://www.sec.gov/Archives/edgar/data/1005817/000100581726000087/0001005817-26-000087-index.htm,8-K,8-K,https://www.sec.gov/Archives/edgar/data/1005817/000100581726000087/tmp-20260723.htm,False,
TMP,2026-07-24 00:00:00,https://www.sec.gov/Archives/edgar/data/1005817/000100581726000087/0001005817-26-000087-index.htm,EX-99.1,EX-99.1,https://www.sec.gov/Archives/edgar/data/1005817/000100581726000087/q22026pressrelease.htm,False,
SGRY,2026-07-24 00:00:00,https://www.sec.gov/Archives/edgar/data/1638833/000163883326000069/0001638833-26-000069-index.htm,8-K,8-K,https://www.sec.gov/Archives/edgar/data/1638833/000163883326000069/sgry-20260721.htm,True,
SGRY,2026-07-24 00:00:00,https://www.sec.gov/Archives/edgar/data/1638833/000163883326000069/0001638833-26-000069-index.htm,EX-99.1,EX-99.1,https://www.sec.gov/Archives/edgar/data/1638833/000163883326000069/a101-exhibit991pressrelease.htm,False,
CERU,2026-07-24 00:00:00,https://www.sec.gov/Archives/edgar/data/1401914/000149315226034483/0001493152-26-034483-index.htm,8-K,8-K,https://www.sec.gov/Archives/edgar/data/1401914/000149315226034483/form8-k.htm,False,
CERU,2026-07-24 00:00:00,https://www.sec.gov/Archives/edgar/data/1401914/000149315226034483/0001493152-26-034483-index.htm,EX-99.1,EX-99.1,https://www.sec.gov/Archives/edgar/data/1401914/000149315226034483/ex99-1.htm,False,
DARE,2026-07-24 00:00:00,https://www.sec.gov/Archives/edgar/data/1401914/000149315226034483/0001493152-26-034483-index.htm,8-K,8-K,https://www.sec.gov/Archives/edgar/data/1401914/000149315226034483/form8-k.htm,False,
DARE,2026-07-24 00:00:00,https://www.sec.gov/Archives/edgar/data/1401914/000149315226034483/0001493152-26-034483-index.htm,EX-99.1,EX-99.1,https://www.sec.gov/Archives/edgar/data/1401914/000149315226034483/ex99-1.htm,False,
BSRR,2026-07-24 00:00:00,https://www.sec.gov/Archives/edgar/data/1130144/000110465926086510/0001104659-26-086510-index.htm,8-K,8-K,https://www.sec.gov/Archives/edgar/data/1130144/000110465926086510/bsrr-20260723x8k.htm,False,
BSRR,2026-07-24 00:00:00,https://www.sec.gov/Archives/edgar/data/1130144/000110465926086510/0001104659-26-086510-index.htm,EX-99.1,EX-99.1,https://www.sec.gov/Archives/edgar/data/1130144/000110465926086510/bsrr-20260723xex99d1.htm,False,
DHCAW,2026-07-24 00:00:00,https://www.sec.gov/Archives/edgar/data/1838163/000149315226034481/0001493152-26-034481-index.htm,8-K,8-K,https://www.sec.gov/Archives/edgar/data/1838163/000149315226034481/form8-k.htm,False,
DHCA,2026-07-24 00:00:00,https://www.sec.gov/Archives/edgar/data/1838163/000149315226034481/0001493152-26-034481-index.htm,8-K,8-K,https://www.sec.gov/Archives/edgar/data/1838163/000149315226034481/form8-k.htm,False,
DHCAU,2026-07-24 00:00:00,https://www.sec.gov/Archives/edgar/data/1838163/000149315226034481/0001493152-26-034481-index.htm,8-K,8-K,https://www.sec.gov/Archives/edgar/data/1838163/000149315226034481/form8-k.htm,False,
BNAI,2026-07-24 00:00:00,https://www.sec.gov/Archives/edgar/data/1838163/000149315226034481/0001493152-26-034481-index.htm,8-K,8-K,https://www.sec.gov/Archives/edgar/data/1838163/000149315226034481/form8-k.htm,False,
BNAIW,2026-07-24 00:00:00,https://www.sec.gov/Archives/edgar/data/1838163/000149315226034481/0001493152-26-034481-index.htm,8-K,8-K,https://www.sec.gov/Archives/edgar/data/1838163/000149315226034481/form8-k.htm,False,
VIR,2026-07-24 00:00:00,https://www.sec.gov/Archives/edgar/data/1706431/000162828026049499/0001628280-26-049499-index.htm,8-K,8-K,https://www.sec.gov/Archives/edgar/data/1706431/000162828026049499/vir-20260720.htm,False,
KULR,2026-07-24 00:00:00,https://www.sec.gov/Archives/edgar/data/1662684/000110465926086506/0001104659-26-086506-index.htm,8-K,FORM 8-K,https://www.sec.gov/Archives/edgar/data/1662684/000110465926086506/tm2621256d1_8k.htm,False,
None,2026-07-24 00:00:00,https://www.sec.gov/Archives/edgar/data/2059653/000119312526315200/0001193125-26-315200-index.htm,8-K,8-K,https://www.sec.gov/Archives/edgar/data/2059653/000119312526315200/lsbk-20260722.htm,False,
None,2026-07-24 00:00:00,https://www.sec.gov/Archives/edgar/data/2059653/000119312526315200/0001193125-26-315200-index.htm,EX-99.1,EX-99.1,https://www.sec.gov/Archives/edgar/data/2059653/000119312526315200/lsbk-ex99_1.htm,False,
LBTYK,2026-07-24 00:00:00,https://www.sec.gov/Archives/edgar/data/1570585/000157058526000111/0001570585-26-000111-index.htm,8-K,8-K,https://www.sec.gov/Archives/edgar/data/1570585/000157058526000111/lbtya-20260724.htm,False,
LBTYK,2026-07-24 00:00:00,https://www.sec.gov/Archives/edgar/data/1570585/000157058526000111/0001570585-26-000111-index.htm,EX-99.1,EX-99.1,https://www.sec.gov/Archives/edgar/data/1570585/000157058526000111/ex991lgq22026pressrelease.htm,True,
LBTYB,2026-07-24 00:00:00,https://www.sec.gov/Archives/edgar/data/1570585/000157058526000111/0001570585-26-000111-index.htm,8-K,8-K,https://www.sec.gov/Archives/edgar/data/1570585/000157058526000111/lbtya-20260724.htm,False,
LBTYB,2026-07-24 00:00:00,https://www.sec.gov/Archives/edgar/data/1570585/000157058526000111/0001570585-26-000111-index.htm,EX-99.1,EX-99.1,https://www.sec.gov/Archives/edgar/data/1570585/000157058526000111/ex991lgq22026pressrelease.htm,True,
LBTYA,2026-07-24 00:00:00,https://www.sec.gov/Archives/edgar/data/1570585/000157058526000111/0001570585-26-000111-index.htm,8-K,8-K,https://www.sec.gov/Archives/edgar/data/1570585/000157058526000111/lbtya-20260724.htm,False,
LBTYA,2026-07-24 00:00:00,https://www.sec.gov/Archives/edgar/data/1570585/000157058526000111/0001570585-26-000111-index.htm,EX-99.1,EX-99.1,https://www.sec.gov/Archives/edgar/data/1570585/000157058526000111/ex991lgq22026pressrelease.htm,True,
None,2026-07-24 00:00:00,https://www.sec.gov/Archives/edgar/data/2050260/000205026026000036/0002050260-26-000036-index.htm,8-K,8-K,https://www.sec.gov/Archives/edgar/data/2050260/000205026026000036/tpop-20260724.htm,False,
NAMSW,2026-07-24 00:00:00,https://www.sec.gov/Archives/edgar/data/1936258/000119312526315163/0001193125-26-315163-index.htm,8-K,8-K,https://www.sec.gov/Archives/edgar/data/1936258/000119312526315163/nams-20260724.htm,False,
NAMSW,2026-07-24 00:00:00,https://www.sec.gov/Archives/edgar/data/1936258/000119312526315163/0001193125-26-315163-index.htm,EX-99.1,EX-99.1,https://www.sec.gov/Archives/edgar/data/1936258/000119312526315163/nams-ex99_1.htm,False,
NAMS,2026-07-24 00:00:00,https://www.sec.gov/Archives/edgar/data/1936258/000119312526315163/0001193125-26-315163-index.htm,8-K,8-K,https://www.sec.gov/Archives/edgar/data/1936258/000119312526315163/nams-20260724.htm,False,
NAMS,2026-07-24 00:00:00,https://www.sec.gov/Archives/edgar/data/1936258/000119312526315163/0001193125-26-315163-index.htm,EX-99.1,EX-99.1,https://www.sec.gov/Archives/edgar/data/1936258/000119312526315163/nams-ex99_1.htm,False,
FHB,2026-07-24 00:00:00,https://www.sec.gov/Archives/edgar/data/36377/000110465926086492/0001104659-26-086492-index.htm,8-K,8-K,https://www.sec.gov/Archives/edgar/data/36377/000110465926086492/fhb-20260724x8k.htm,False,
FHB,2026-07-24 00:00:00,https://www.sec.gov/Archives/edgar/data/36377/000110465926086492/0001104659-26-086492-index.htm,EX-99.1,EX-99.1,https://www.sec.gov/Archives/edgar/data/36377/000110465926086492/fhb-20260724xex99d1.htm,True,
LW,2026-07-24 00:00:00,https://www.sec.gov/Archives/edgar/data/1679273/000167927326000024/0001679273-26-000024-index.htm,8-K,8-K,https://www.sec.gov/Archives/edgar/data/1679273/000167927326000024/lw-20260724.htm,False,
LW,2026-07-24 00:00:00,https://www.sec.gov/Archives/edgar/data/1679273/000167927326000024/0001679273-26-000024-index.htm,EX-99.1,EX-99.1,https://www.sec.gov/Archives/edgar/data/1679273/000167927326000024/a-lwx20260531xexx991fy26v2.htm,True,
ARECW,2026-07-24 00:00:00,https://www.sec.gov/Archives/edgar/data/1590715/000147793226004477/0001477932-26-004477-index.htm,8-K,FORM 8-K,https://www.sec.gov/Archives/edgar/data/1590715/000147793226004477/arec_8k.htm,False,
AREC,2026-07-24 00:00:00,https://www.sec.gov/Archives/edgar/data/1590715/000147793226004477/0001477932-26-004477-index.htm,8-K,FORM 8-K,https://www.sec.gov/Archives/edgar/data/1590715/000147793226004477/arec_8k.htm,False,
GRIL,2026-07-24 00:00:00,https://www.sec.gov/Archives/edgar/data/1701756/000173112226000972/0001731122-26-000972-index.htm,8-K,FORM 8-K,https://www.sec.gov/Archives/edgar/data/1701756/000173112226000972/e7800_8-k.htm,True,
SAFT,2026-07-24 00:00:00,https://www.sec.gov/Archives/edgar/data/1172052/000110465926086488/0001104659-26-086488-index.htm,8-K,FORM 8-K,https://www.sec.gov/Archives/edgar/data/1172052/000110465926086488/tm2621207d1_8k.htm,True,
SAFT,2026-07-24 00:00:00,https://www.sec.gov/Archives/edgar/data/1172052/000110465926086488/0001104659-26-086488-index.htm,EX-10.1,EXHIBIT 10.1,https://www.sec.gov/Archives/edgar/data/1172052/000110465926086488/tm2621207d1_ex10-1.htm,False,
OPHC,2026-07-24 00:00:00,https://www.sec.gov/Archives/edgar/data/1288855/000149315226034476/0001493152-26-034476-index.htm,8-K,8-K,https://www.sec.gov/Archives/edgar/data/1288855/000149315226034476/form8-k.htm,False,
OPHC,2026-07-24 00:00:00,https://www.sec.gov/Archives/edgar/data/1288855/000149315226034476/0001493152-26-034476-index.htm,EX-99.1,EX-99.1,https://www.sec.gov/Archives/edgar/data/1288855/000149315226034476/ex99-1.htm,False,
FRAF,2026-07-24 00:00:00,https://www.sec.gov/Archives/edgar/data/723646/000072364626000065/0000723646-26-000065-index.htm,8-K,8-K,https://www.sec.gov/Archives/edgar/data/723646/000072364626000065/fraf-20260724x8k.htm,False,
FRAF,2026-07-24 00:00:00,https://www.sec.gov/Archives/edgar/data/723646/000072364626000065/0000723646-26-000065-index.htm,EX-99.1,EX-99.1,https://www.sec.gov/Archives/edgar/data/723646/000072364626000065/fraf-20260724xex99_1.htm,False,
DYAI,2026-07-24 00:00:00,https://www.sec.gov/Archives/edgar/data/1213809/000149315226034475/0001493152-26-034475-index.htm,8-K,8-K,https://www.sec.gov/Archives/edgar/data/1213809/000149315226034475/form8-k.htm,False,
DYAI,2026-07-24 00:00:00,https://www.sec.gov/Archives/edgar/data/1213809/000149315226034475/0001493152-26-034475-index.htm,EX-99.1,EX-99.1,https://www.sec.gov/Archives/edgar/data/1213809/000149315226034475/ex99-1.htm,False,
RBCAA,2026-07-24 00:00:00,https://www.sec.gov/Archives/edgar/data/921557/000110465926086487/0001104659-26-086487-index.htm,8-K,8-K,https://www.sec.gov/Archives/edgar/data/921557/000110465926086487/rbcaa-20260724x8k.htm,False,
RBCAA,2026-07-24 00:00:00,https://www.sec.gov/Archives/edgar/data/921557/000110465926086487/0001104659-26-086487-index.htm,EX-99.1,EX-99.1,https://www.sec.gov/Archives/edgar/data/921557/000110465926086487/rbcaa-20260724xex99d1.htm,False,
GNTX,2026-07-24 00:00:00,https://www.sec.gov/Archives/edgar/data/355811/000035581126000044/0000355811-26-000044-index.htm,8-K,8-K,https://www.sec.gov/Archives/edgar/data/355811/000035581126000044/gntx-20260724.htm,False,
GNTX,2026-07-24 00:00:00,https://www.sec.gov/Archives/edgar/data/355811/000035581126000044/0000355811-26-000044-index.htm,EX-99.1,EX-99.1,https://www.sec.gov/Archives/edgar/data/355811/000035581126000044/exhibit99106302026.htm,False,
None,2026-07-24 00:00:00,https://www.sec.gov/Archives/edgar/data/1662972/000119312526315159/0001193125-26-315159-index.htm,8-K,8-K,https://www.sec.gov/Archives/edgar/data/1662972/000119312526315159/d171851d8k.htm,False,
NDLS,2026-07-24 00:00:00,https://www.sec.gov/Archives/edgar/data/1275158/000127515826000047/0001275158-26-000047-index.htm,8-K,8-K,https://www.sec.gov/Archives/edgar/data/1275158/000127515826000047/ndls-20260724.htm,False,
NDLS,2026-07-24 00:00:00,https://www.sec.gov/Archives/edgar/data/1275158/000127515826000047/0001275158-26-000047-index.htm,EX-99.1,"EX-99.1 NOODLES & COMPANY EARNINGS PRESS RELEASE DATED JULY 24, 2026",https://www.sec.gov/Archives/edgar/data/1275158/000127515826000047/a2026q2ex991pressrelease.htm,True,
HPE,2026-07-24 00:00:00,https://www.sec.gov/Archives/edgar/data/1645590/000164559026000072/0001645590-26-000072-index.htm,8-K,8-K,https://www.sec.gov/Archives/edgar/data/1645590/000164559026000072/hpe-20260724.htm,False,
HPE,2026-07-24 00:00:00,https://www.sec.gov/Archives/edgar/data/1645590/000164559026000072/0001645590-26-000072-index.htm,EX-99.1,EX-99.1,https://www.sec.gov/Archives/edgar/data/1645590/000164559026000072/ex991pressreleasedavidgoul.htm,False,
ARECW,2026-07-24 00:00:00,https://www.sec.gov/Archives/edgar/data/1590715/000165495426006850/0001654954-26-006850-index.htm,8-K,FORM 8-K,https://www.sec.gov/Archives/edgar/data/1590715/000165495426006850/arec_8k.htm,False,
ARECW,2026-07-24 00:00:00,https://www.sec.gov/Archives/edgar/data/1590715/000165495426006850/0001654954-26-006850-index.htm,EX-99.1,PRESS RELEASE,https://www.sec.gov/Archives/edgar/data/1590715/000165495426006850/arec_ex991.htm,False,
AREC,2026-07-24 00:00:00,https://www.sec.gov/Archives/edgar/data/1590715/000165495426006850/0001654954-26-006850-index.htm,8-K,FORM 8-K,https://www.sec.gov/Archives/edgar/data/1590715/000165495426006850/arec_8k.htm,False,
AREC,2026-07-24 00:00:00,https://www.sec.gov/Archives/edgar/data/1590715/000165495426006850/0001654954-26-006850-index.htm,EX-99.1,PRESS RELEASE,https://www.sec.gov/Archives/edgar/data/1590715/000165495426006850/arec_ex991.htm,False,
HCA,2026-07-24 00:00:00,https://www.sec.gov/Archives/edgar/data/860730/000119312526315151/0001193125-26-315151-index.htm,8-K,8-K,https://www.sec.gov/Archives/edgar/data/860730/000119312526315151/hca-20260724.htm,False,
HCA,2026-07-24 00:00:00,https://www.sec.gov/Archives/edgar/data/860730/000119312526315151/0001193125-26-315151-index.htm,EX-99.1,EX-99.1,https://www.sec.gov/Archives/edgar/data/860730/000119312526315151/hca-ex99_1.htm,False,
FRAF,2026-07-24 00:00:00,https://www.sec.gov/Archives/edgar/data/723646/000072364626000063/0000723646-26-000063-index.htm,8-K,8-K,https://www.sec.gov/Archives/edgar/data/723646/000072364626000063/fraf-20260724x8k.htm,False,
FRAF,2026-07-24 00:00:00,https://www.sec.gov/Archives/edgar/data/723646/000072364626000063/0000723646-26-000063-index.htm,EX-99.1,EX-99.1,https://www.sec.gov/Archives/edgar/data/723646/000072364626000063/fraf-20260724xex99_1.htm,False,
WRLD,2026-07-24 00:00:00,https://www.sec.gov/Archives/edgar/data/108385/000143774926024363/0001437749-26-024363-index.htm,8-K,FORM 8-K,https://www.sec.gov/Archives/edgar/data/108385/000143774926024363/wrld20260723_8k.htm,False,
WRLD,2026-07-24 00:00:00,https://www.sec.gov/Archives/edgar/data/108385/000143774926024363/0001437749-26-024363-index.htm,EX-99.1,EXHIBIT 99.1,https://www.sec.gov/Archives/edgar/data/108385/000143774926024363/ex_992357.htm,True,
NEE-PO,2026-07-24 00:00:00,https://www.sec.gov/Archives/edgar/data/753308/000075330826000058/0000753308-26-000058-index.htm,8-K,8-K,https://www.sec.gov/Archives/edgar/data/37634/000075330826000058/nee-20260724.htm,False,
NEEXU,2026-07-24 00:00:00,https://www.sec.gov/Archives/edgar/data/753308/000075330826000058/0000753308-26-000058-index.htm,8-K,8-K,https://www.sec.gov/Archives/edgar/data/37634/000075330826000058/nee-20260724.htm,False,
NEE,2026-07-24 00:00:00,https://www.sec.gov/Archives/edgar/data/753308/000075330826000058/0000753308-26-000058-index.htm,8-K,8-K,https://www.sec.gov/Archives/edgar/data/37634/000075330826000058/nee-20260724.htm,False,
None,2026-07-24 00:00:00,https://www.sec.gov/Archives/edgar/data/37634/000075330826000058/0000753308-26-000058-index.htm,8-K,8-K,https://www.sec.gov/Archives/edgar/data/37634/000075330826000058/nee-20260724.htm,False,
NEE-PN,2026-07-24 00:00:00,https://www.sec.gov/Archives/edgar/data/753308/000075330826000058/0000753308-26-000058-index.htm,8-K,8-K,https://www.sec.gov/Archives/edgar/data/37634/000075330826000058/nee-20260724.htm,False,
NEE-PP,2026-07-24 00:00:00,https://www.sec.gov/Archives/edgar/data/753308/000075330826000058/0000753308-26-000058-index.htm,8-K,8-K,https://www.sec.gov/Archives/edgar/data/37634/000075330826000058/nee-20260724.htm,False,
NEE-PQ,2026-07-24 00:00:00,https://www.sec.gov/Archives/edgar/data/753308/000075330826000058/0000753308-26-000058-index.htm,8-K,8-K,https://www.sec.gov/Archives/edgar/data/37634/000075330826000058/nee-20260724.htm,False,
NEE-PR,2026-07-24 00:00:00,https://www.sec.gov/Archives/edgar/data/753308/000075330826000058/0000753308-26-000058-index.htm,8-K,8-K,https://www.sec.gov/Archives/edgar/data/37634/000075330826000058/nee-20260724.htm,False,
SBAC,2026-07-24 00:00:00,https://www.sec.gov/Archives/edgar/data/1034054/000119312526315142/0001193125-26-315142-index.htm,8-K,8-K,https://www.sec.gov/Archives/edgar/data/1034054/000119312526315142/d130705d8k.htm,True,
SBAC,2026-07-24 00:00:00,https://www.sec.gov/Archives/edgar/data/1034054/000119312526315142/0001193125-26-315142-index.htm,EX-10.1,EX-10.1,https://www.sec.gov/Archives/edgar/data/1034054/000119312526315142/d130705dex101.htm,True,
TDG,2026-07-24 00:00:00,https://www.sec.gov/Archives/edgar/data/1260221/000126022126000046/0001260221-26-000046-index.htm,8-K,8-K,https://www.sec.gov/Archives/edgar/data/1260221/000126022126000046/tdg-20260722.htm,False,
SXT,2026-07-24 00:00:00,https://www.sec.gov/Archives/edgar/data/310142/000114036126029501/0001140361-26-029501-index.htm,8-K,8-K,https://www.sec.gov/Archives/edgar/data/310142/000114036126029501/ef20078569_8k.htm,False,
SXT,2026-07-24 00:00:00,https://www.sec.gov/Archives/edgar/data/310142/000114036126029501/0001140361-26-029501-index.htm,EX-99.1,EXHIBIT 99.1,https://www.sec.gov/Archives/edgar/data/310142/000114036126029501/ef20078569_ex99-1.htm,True,
BAC-PN,2026-07-24 00:00:00,https://www.sec.gov/Archives/edgar/data/70858/000007085826000364/0000070858-26-000364-index.htm,8-K,8-K,https://www.sec.gov/Archives/edgar/data/70858/000007085826000364/bac-20260723.htm,False,
BAC-PN,2026-07-24 00:00:00,https://www.sec.gov/Archives/edgar/data/70858/000007085826000364/0000070858-26-000364-index.htm,EX-99.1,EX-99.1,https://www.sec.gov/Archives/edgar/data/70858/000007085826000364/exhibit991.htm,False,
0Q16.L,2026-07-24 00:00:00,https://www.sec.gov/Archives/edgar/data/70858/000007085826000364/0000070858-26-000364-index.htm,8-K,8-K,https://www.sec.gov/Archives/edgar/data/70858/000007085826000364/bac-20260723.htm,False,
0Q16.L,2026-07-24 00:00:00,https://www.sec.gov/Archives/edgar/data/70858/000007085826000364/0000070858-26-000364-index.htm,EX-99.1,EX-99.1,https://www.sec.gov/Archives/edgar/data/70858/000007085826000364/exhibit991.htm,False,
BAC.SW,2026-07-24 00:00:00,https://www.sec.gov/Archives/edgar/data/70858/000007085826000364/0000070858-26-000364-index.htm,8-K,8-K,https://www.sec.gov/Archives/edgar/data/70858/000007085826000364/bac-20260723.htm,False,
BAC.SW,2026-07-24 00:00:00,https://www.sec.gov/Archives/edgar/data/70858/000007085826000364/0000070858-26-000364-index.htm,EX-99.1,EX-99.1,https://www.sec.gov/Archives/edgar/data/70858/000007085826000364/exhibit991.htm,False,
BOFA.NE,2026-07-24 00:00:00,https://www.sec.gov/Archives/edgar/data/70858/000007085826000364/0000070858-26-000364-index.htm,8-K,8-K,https://www.sec.gov/Archives/edgar/data/70858/000007085826000364/bac-20260723.htm,False,
BOFA.NE,2026-07-24 00:00:00,https://www.sec.gov/Archives/edgar/data/70858/000007085826000364/0000070858-26-000364-index.htm,EX-99.1,EX-99.1,https://www.sec.gov/Archives/edgar/data/70858/000007085826000364/exhibit991.htm,False,
BAC-PL,2026-07-24 00:00:00,https://www.sec.gov/Archives/edgar/data/70858/000007085826000364/0000070858-26-000364-index.htm,8-K,8-K,https://www.sec.gov/Archives/edgar/data/70858/000007085826000364/bac-20260723.htm,False,
BAC-PL,2026-07-24 00:00:00,https://www.sec.gov/Archives/edgar/data/70858/000007085826000364/0000070858-26-000364-index.htm,EX-99.1,EX-99.1,https://www.sec.gov/Archives/edgar/data/70858/000007085826000364/exhibit991.htm,False,
BAC-PE,2026-07-24 00:00:00,https://www.sec.gov/Archives/edgar/data/70858/000007085826000364/0000070858-26-000364-index.htm,8-K,8-K,https://www.sec.gov/Archives/edgar/data/70858/000007085826000364/bac-20260723.htm,False,
BAC-PE,2026-07-24 00:00:00,https://www.sec.gov/Archives/edgar/data/70858/000007085826000364/0000070858-26-000364-index.htm,EX-99.1,EX-99.1,https://www.sec.gov/Archives/edgar/data/70858/000007085826000364/exhibit991.htm,False,
BAC,2026-07-24 00:00:00,https://www.sec.gov/Archives/edgar/data/70858/000007085826000364/0000070858-26-000364-index.htm,8-K,8-K,https://www.sec.gov/Archives/edgar/data/70858/000007085826000364/bac-20260723.htm,False,
BAC,2026-07-24 00:00:00,https://www.sec.gov/Archives/edgar/data/70858/000007085826000364/0000070858-26-000364-index.htm,EX-99.1,EX-99.1,https://www.sec.gov/Archives/edgar/data/70858/000007085826000364/exhibit991.htm,False,
BACRP,2026-07-24 00:00:00,https://www.sec.gov/Archives/edgar/data/70858/000007085826000364/0000070858-26-000364-index.htm,8-K,8-K,https://www.sec.gov/Archives/edgar/data/70858/000007085826000364/bac-20260723.htm,False,
BACRP,2026-07-24 00:00:00,https://www.sec.gov/Archives/edgar/data/70858/000007085826000364/0000070858-26-000364-index.htm,EX-99.1,EX-99.1,https://www.sec.gov/Archives/edgar/data/70858/000007085826000364/exhibit991.htm,False,
BAC-PO,2026-07-24 00:00:00,https://www.sec.gov/Archives/edgar/data/70858/000007085826000364/0000070858-26-000364-index.htm,8-K,8-K,https://www.sec.gov/Archives/edgar/data/70858/000007085826000364/bac-20260723.htm,False,
BAC-PO,2026-07-24 00:00:00,https://www.sec.gov/Archives/edgar/data/70858/000007085826000364/0000070858-26-000364-index.htm,EX-99.1,EX-99.1,https://www.sec.gov/Archives/edgar/data/70858/000007085826000364/exhibit991.htm,False,
BAC-PP,2026-07-24 00:00:00,https://www.sec.gov/Archives/edgar/data/70858/000007085826000364/0000070858-26-000364-index.htm,8-K,8-K,https://www.sec.gov/Archives/edgar/data/70858/000007085826000364/bac-20260723.htm,False,
BAC-PP,2026-07-24 00:00:00,https://www.sec.gov/Archives/edgar/data/70858/000007085826000364/0000070858-26-000364-index.htm,EX-99.1,EX-99.1,https://www.sec.gov/Archives/edgar/data/70858/000007085826000364/exhibit991.htm,False,
BAC-PS,2026-07-24 00:00:00,https://www.sec.gov/Archives/edgar/data/70858/000007085826000364/0000070858-26-000364-index.htm,8-K,8-K,https://www.sec.gov/Archives/edgar/data/70858/000007085826000364/bac-20260723.htm,False,
BAC-PS,2026-07-24 00:00:00,https://www.sec.gov/Archives/edgar/data/70858/000007085826000364/0000070858-26-000364-index.htm,EX-99.1,EX-99.1,https://www.sec.gov/Archives/edgar/data/70858/000007085826000364/exhibit991.htm,False,
BML-PL,2026-07-24 00:00:00,https://www.sec.gov/Archives/edgar/data/70858/000007085826000364/0000070858-26-000364-index.htm,8-K,8-K,https://www.sec.gov/Archives/edgar/data/70858/000007085826000364/bac-20260723.htm,False,
BML-PL,2026-07-24 00:00:00,https://www.sec.gov/Archives/edgar/data/70858/000007085826000364/0000070858-26-000364-index.htm,EX-99.1,EX-99.1,https://www.sec.gov/Archives/edgar/data/70858/000007085826000364/exhibit991.htm,False,
BAC-PK,2026-07-24 00:00:00,https://www.sec.gov/Archives/edgar/data/70858/000007085826000364/0000070858-26-000364-index.htm,8-K,8-K,https://www.sec.gov/Archives/edgar/data/70858/000007085826000364/bac-20260723.htm,False,
BAC-PK,2026-07-24 00:00:00,https://www.sec.gov/Archives/edgar/data/70858/000007085826000364/0000070858-26-000364-index.htm,EX-99.1,EX-99.1,https://www.sec.gov/Archives/edgar/data/70858/000007085826000364/exhibit991.htm,False,
BML-PJ,2026-07-24 00:00:00,https://www.sec.gov/Archives/edgar/data/70858/000007085826000364/0000070858-26-000364-index.htm,8-K,8-K,https://www.sec.gov/Archives/edgar/data/70858/000007085826000364/bac-20260723.htm,False,
BML-PJ,2026-07-24 00:00:00,https://www.sec.gov/Archives/edgar/data/70858/000007085826000364/0000070858-26-000364-index.htm,EX-99.1,EX-99.1,https://www.sec.gov/Archives/edgar/data/70858/000007085826000364/exhibit991.htm,False,
BML-PH,2026-07-24 00:00:00,https://www.sec.gov/Archives/edgar/data/70858/000007085826000364/0000070858-26-000364-index.htm,8-K,8-K,https://www.sec.gov/Archives/edgar/data/70858/000007085826000364/bac-20260723.htm,False,
BML-PH,2026-07-24 00:00:00,https://www.sec.gov/Archives/edgar/data/70858/000007085826000364/0000070858-26-000364-index.htm,EX-99.1,EX-99.1,https://www.sec.gov/Archives/edgar/data/70858/000007085826000364/exhibit991.htm,False,
BML-PG,2026-07-24 00:00:00,https://www.sec.gov/Archives/edgar/data/70858/000007085826000364/0000070858-26-000364-index.htm,8-K,8-K,https://www.sec.gov/Archives/edgar/data/70858/000007085826000364/bac-20260723.htm,False,
BML-PG,2026-07-24 00:00:00,https://www.sec.gov/Archives/edgar/data/70858/000007085826000364/0000070858-26-000364-index.htm,EX-99.1,EX-99.1,https://www.sec.gov/Archives/edgar/data/70858/000007085826000364/exhibit991.htm,False,
BAC-PB,2026-07-24 00:00:00,https://www.sec.gov/Archives/edgar/data/70858/000007085826000364/0000070858-26-000364-index.htm,8-K,8-K,https://www.sec.gov/Archives/edgar/data/70858/000007085826000364/bac-20260723.htm,False,
BAC-PB,2026-07-24 00:00:00,https://www.sec.gov/Archives/edgar/data/70858/000007085826000364/0000070858-26-000364-index.htm,EX-99.1,EX-99.1,https://www.sec.gov/Archives/edgar/data/70858/000007085826000364/exhibit991.htm,False,
BAC-PM,2026-07-24 00:00:00,https://www.sec.gov/Archives/edgar/data/70858/000007085826000364/0000070858-26-000364-index.htm,8-K,8-K,https://www.sec.gov/Archives/edgar/data/70858/000007085826000364/bac-20260723.htm,False,
BAC-PM,2026-07-24 00:00:00,https://www.sec.gov/Archives/edgar/data/70858/000007085826000364/0000070858-26-000364-index.htm,EX-99.1,EX-99.1,https://www.sec.gov/Archives/edgar/data/70858/000007085826000364/exhibit991.htm,False,
NCB.DE,2026-07-24 00:00:00,https://www.sec.gov/Archives/edgar/data/70858/000007085826000364/0000070858-26-000364-index.htm,8-K,8-K,https://www.sec.gov/Archives/edgar/data/70858/000007085826000364/bac-20260723.htm,False,
NCB.DE,2026-07-24 00:00:00,https://www.sec.gov/Archives/edgar/data/70858/000007085826000364/0000070858-26-000364-index.htm,EX-99.1,EX-99.1,https://www.sec.gov/Archives/edgar/data/70858/000007085826000364/exhibit991.htm,False,
MER-PK,2026-07-24 00:00:00,https://www.sec.gov/Archives/edgar/data/70858/000007085826000364/0000070858-26-000364-index.htm,8-K,8-K,https://www.sec.gov/Archives/edgar/data/70858/000007085826000364/bac-20260723.htm,False,
MER-PK,2026-07-24 00:00:00,https://www.sec.gov/Archives/edgar/data/70858/000007085826000364/0000070858-26-000364-index.htm,EX-99.1,EX-99.1,https://www.sec.gov/Archives/edgar/data/70858/000007085826000364/exhibit991.htm,False,
BAC-PQ,2026-07-24 00:00:00,https://www.sec.gov/Archives/edgar/data/70858/000007085826000364/0000070858-26-000364-index.htm,8-K,8-K,https://www.sec.gov/Archives/edgar/data/70858/000007085826000364/bac-20260723.htm,False,
BAC-PQ,2026-07-24 00:00:00,https://www.sec.gov/Archives/edgar/data/70858/000007085826000364/0000070858-26-000364-index.htm,EX-99.1,EX-99.1,https://www.sec.gov/Archives/edgar/data/70858/000007085826000364/exhibit991.htm,False,
SLB,2026-07-24 00:00:00,https://www.sec.gov/Archives/edgar/data/87347/000119312526315068/0001193125-26-315068-index.htm,8-K,8-K,https://www.sec.gov/Archives/edgar/data/87347/000119312526315068/d122193d8k.htm,False,
VWAVW,2026-07-24 00:00:00,https://www.sec.gov/Archives/edgar/data/2038439/000173112226000971/0001731122-26-000971-index.htm,8-K,FORM 8-K,https://www.sec.gov/Archives/edgar/data/2038439/000173112226000971/e7803_8-k.htm,False,
VWAVW,2026-07-24 00:00:00,https://www.sec.gov/Archives/edgar/data/2038439/000173112226000971/0001731122-26-000971-index.htm,EX-99.1,EXHIBIT 99.1,https://www.sec.gov/Archives/edgar/data/2038439/000173112226000971/e7803_ex99-1.htm,False,
VWAV,2026-07-24 00:00:00,https://www.sec.gov/Archives/edgar/data/2038439/000173112226000971/0001731122-26-000971-index.htm,8-K,FORM 8-K,https://www.sec.gov/Archives/edgar/data/2038439/000173112226000971/e7803_8-k.htm,False,
VWAV,2026-07-24 00:00:00,https://www.sec.gov/Archives/edgar/data/2038439/000173112226000971/0001731122-26-000971-index.htm,EX-99.1,EXHIBIT 99.1,https://www.sec.gov/Archives/edgar/data/2038439/000173112226000971/e7803_ex99-1.htm,False,
MYNZ,2026-07-24 00:00:00,https://www.sec.gov/Archives/edgar/data/1874252/000121390026081116/0001213900-26-081116-index.htm,8-K,CURRENT REPORT,https://www.sec.gov/Archives/edgar/data/1874252/000121390026081116/ea0299129-8k_quantum.htm,False,
MYNZ,2026-07-24 00:00:00,https://www.sec.gov/Archives/edgar/data/1874252/000121390026081116/0001213900-26-081116-index.htm,EX-99.1,INVESTOR PRESENTATION,https://www.sec.gov/Archives/edgar/data/1874252/000121390026081116/ea029912901ex99-1.htm,False,
QBTS,2026-07-24 00:00:00,https://www.sec.gov/Archives/edgar/data/1907982/000190798226000109/0001907982-26-000109-index.htm,8-K,8-K,https://www.sec.gov/Archives/edgar/data/1907982/000190798226000109/qbts-20260724.htm,False,
QBTS,2026-07-24 00:00:00,https://www.sec.gov/Archives/edgar/data/1907982/000190798226000109/0001907982-26-000109-index.htm,EX-99.1,EX-99.1,https://www.sec.gov/Archives/edgar/data/1907982/000190798226000109/d-wavetoringthenasdaqopeni.htm,False,
QBTS-WT,2026-07-24 00:00:00,https://www.sec.gov/Archives/edgar/data/1907982/000190798226000109/0001907982-26-000109-index.htm,8-K,8-K,https://www.sec.gov/Archives/edgar/data/1907982/000190798226000109/qbts-20260724.htm,False,
QBTS-WT,2026-07-24 00:00:00,https://www.sec.gov/Archives/edgar/data/1907982/000190798226000109/0001907982-26-000109-index.htm,EX-99.1,EX-99.1,https://www.sec.gov/Archives/edgar/data/1907982/000190798226000109/d-wavetoringthenasdaqopeni.htm,False,
CHTR,2026-07-24 00:00:00,https://www.sec.gov/Archives/edgar/data/1091667/000109166726000051/0001091667-26-000051-index.htm,8-K,8-K,https://www.sec.gov/Archives/edgar/data/1091667/000109166726000051/chtr-20260724.htm,False,
CHTR,2026-07-24 00:00:00,https://www.sec.gov/Archives/edgar/data/1091667/000109166726000051/0001091667-26-000051-index.htm,EX-99.1,EX-99.1,https://www.sec.gov/Archives/edgar/data/1091667/000109166726000051/chtrex991earningsrelease63.htm,False,
None,2026-07-24 00:00:00,https://www.sec.gov/Archives/edgar/data/1271834/000109166726000051/0001091667-26-000051-index.htm,8-K,8-K,https://www.sec.gov/Archives/edgar/data/1091667/000109166726000051/chtr-20260724.htm,False,
None,2026-07-24 00:00:00,https://www.sec.gov/Archives/edgar/data/1271834/000109166726000051/0001091667-26-000051-index.htm,EX-99.1,EX-99.1,https://www.sec.gov/Archives/edgar/data/1091667/000109166726000051/chtrex991earningsrelease63.htm,False,
None,2026-07-24 00:00:00,https://www.sec.gov/Archives/edgar/data/1271833/000109166726000051/0001091667-26-000051-index.htm,8-K,8-K,https://www.sec.gov/Archives/edgar/data/1091667/000109166726000051/chtr-20260724.htm,False,
None,2026-07-24 00:00:00,https://www.sec.gov/Archives/edgar/data/1271833/000109166726000051/0001091667-26-000051-index.htm,EX-99.1,EX-99.1,https://www.sec.gov/Archives/edgar/data/1091667/000109166726000051/chtrex991earningsrelease63.htm,False,
VZ,2026-07-24 00:00:00,https://www.sec.gov/Archives/edgar/data/732712/000073271226000040/0000732712-26-000040-index.htm,8-K,8-K,https://www.sec.gov/Archives/edgar/data/732712/000073271226000040/vz-20260724.htm,False,
VZA,2026-07-24 00:00:00,https://www.sec.gov/Archives/edgar/data/732712/000073271226000040/0000732712-26-000040-index.htm,8-K,8-K,https://www.sec.gov/Archives/edgar/data/732712/000073271226000040/vz-20260724.htm,False,
AXP,2026-07-24 00:00:00,https://www.sec.gov/Archives/edgar/data/4962/000000496226000318/0000004962-26-000318-index.htm,8-K,8-K,https://www.sec.gov/Archives/edgar/data/4962/000000496226000318/axp-20260724.htm,False,
AXP,2026-07-24 00:00:00,https://www.sec.gov/Archives/edgar/data/4962/000000496226000318/0000004962-26-000318-index.htm,EX-99.1,EX-99.1,https://www.sec.gov/Archives/edgar/data/4962/000000496226000318/q226exhibit991.htm,False,
MTDR,2026-07-24 00:00:00,https://www.sec.gov/Archives/edgar/data/1520006/000110465926086469/0001104659-26-086469-index.htm,8-K,FORM 8-K,https://www.sec.gov/Archives/edgar/data/1520006/000110465926086469/tm2621144d1_8k.htm,True,
MTDR,2026-07-24 00:00:00,https://www.sec.gov/Archives/edgar/data/1520006/000110465926086469/0001104659-26-086469-index.htm,EX-99.1,EXHIBIT 99.1,https://www.sec.gov/Archives/edgar/data/1520006/000110465926086469/tm2621144d1_ex99-1.htm,False,
CIVB,2026-07-24 00:00:00,https://www.sec.gov/Archives/edgar/data/944745/000119312526315066/0001193125-26-315066-index.htm,8-K,8-K,https://www.sec.gov/Archives/edgar/data/944745/000119312526315066/civb-20260724.htm,False,
CIVB,2026-07-24 00:00:00,https://www.sec.gov/Archives/edgar/data/944745/000119312526315066/0001193125-26-315066-index.htm,EX-99.1,EX-99.1,https://www.sec.gov/Archives/edgar/data/944745/000119312526315066/civb-ex99_1.htm,False,
COFS,2026-07-24 00:00:00,https://www.sec.gov/Archives/edgar/data/803164/000119312526315065/0001193125-26-315065-index.htm,8-K,8-K,https://www.sec.gov/Archives/edgar/data/803164/000119312526315065/cofs-20260724.htm,False,
COFS,2026-07-24 00:00:00,https://www.sec.gov/Archives/edgar/data/803164/000119312526315065/0001193125-26-315065-index.htm,EX-99.1,EX-99.1,https://www.sec.gov/Archives/edgar/data/803164/000119312526315065/cofs-ex99_1.htm,False,
KTB,2026-07-24 00:00:00,https://www.sec.gov/Archives/edgar/data/1760965/000176096526000045/0001760965-26-000045-index.htm,8-K,8-K,https://www.sec.gov/Archives/edgar/data/1760965/000176096526000045/ktb-20260722.htm,False,
KTB,2026-07-24 00:00:00,https://www.sec.gov/Archives/edgar/data/1760965/000176096526000045/0001760965-26-000045-index.htm,EX-99.1,EX-99.1,https://www.sec.gov/Archives/edgar/data/1760965/000176096526000045/exhibit991-directorannounc.htm,False,
EAF,2026-07-24 00:00:00,https://www.sec.gov/Archives/edgar/data/931148/000093114826000071/0000931148-26-000071-index.htm,8-K,8-K,https://www.sec.gov/Archives/edgar/data/931148/000093114826000071/gti-20260724.htm,False,
EAF,2026-07-24 00:00:00,https://www.sec.gov/Archives/edgar/data/931148/000093114826000071/0000931148-26-000071-index.htm,EX-99.1,EX-99.1,https://www.sec.gov/Archives/edgar/data/931148/000093114826000071/a2026-2qearningspressrelea.htm,True,
BAH,2026-07-24 00:00:00,https://www.sec.gov/Archives/edgar/data/1443646/000162828026049494/0001628280-26-049494-index.htm,8-K,8-K,https://www.sec.gov/Archives/edgar/data/1443646/000162828026049494/bah-20260724.htm,False,
BAH,2026-07-24 00:00:00,https://www.sec.gov/Archives/edgar/data/1443646/000162828026049494/0001628280-26-049494-index.htm,EX-99.1,EX-99.1,https://www.sec.gov/Archives/edgar/data/1443646/000162828026049494/q1fy2027exhibit991_final.htm,True,
NVAAF,2026-07-24 00:00:00,https://www.sec.gov/Archives/edgar/data/1852551/000149315226034464/0001493152-26-034464-index.htm,8-K,8-K,https://www.sec.gov/Archives/edgar/data/1852551/000149315226034464/form8-k.htm,False,
NVAAF,2026-07-24 00:00:00,https://www.sec.gov/Archives/edgar/data/1852551/000149315226034464/0001493152-26-034464-index.htm,EX-99.1,EX-99.1,https://www.sec.gov/Archives/edgar/data/1852551/000149315226034464/ex99-1.htm,False,
NVAWW,2026-07-24 00:00:00,https://www.sec.gov/Archives/edgar/data/1852551/000149315226034464/0001493152-26-034464-index.htm,8-K,8-K,https://www.sec.gov/Archives/edgar/data/1852551/000149315226034464/form8-k.htm,False,
NVAWW,2026-07-24 00:00:00,https://www.sec.gov/Archives/edgar/data/1852551/000149315226034464/0001493152-26-034464-index.htm,EX-99.1,EX-99.1,https://www.sec.gov/Archives/edgar/data/1852551/000149315226034464/ex99-1.htm,False,
NVA,2026-07-24 00:00:00,https://www.sec.gov/Archives/edgar/data/1852551/000149315226034464/0001493152-26-034464-index.htm,8-K,8-K,https://www.sec.gov/Archives/edgar/data/1852551/000149315226034464/form8-k.htm,False,
NVA,2026-07-24 00:00:00,https://www.sec.gov/Archives/edgar/data/1852551/000149315226034464/0001493152-26-034464-index.htm,EX-99.1,EX-99.1,https://www.sec.gov/Archives/edgar/data/1852551/000149315226034464/ex99-1.htm,False,
CHRW,2026-07-24 00:00:00,https://www.sec.gov/Archives/edgar/data/1043277/000119312526315034/0001193125-26-315034-index.htm,8-K,8-K,https://www.sec.gov/Archives/edgar/data/1043277/000119312526315034/d149453d8k.htm,False,
JAZZ,2026-07-24 00:00:00,https://www.sec.gov/Archives/edgar/data/1232524/000162828026049466/0001628280-26-049466-index.htm,8-K,8-K,https://www.sec.gov/Archives/edgar/data/1232524/000162828026049466/jazz-20260723.htm,False,
JAKK,2026-07-24 00:00:00,https://www.sec.gov/Archives/edgar/data/1009829/000118518526003108/0001185185-26-003108-index.htm,8-K,FORM 8-K,https://www.sec.gov/Archives/edgar/data/1009829/000118518526003108/jakk8k072226.htm,False,
JAKK,2026-07-24 00:00:00,https://www.sec.gov/Archives/edgar/data/1009829/000118518526003108/0001185185-26-003108-index.htm,EX-10.1,EXHIBIT 10.1,https://www.sec.gov/Archives/edgar/data/1009829/000118518526003108/jakkex10-1.htm,False,
CPF,2026-07-24 00:00:00,https://www.sec.gov/Archives/edgar/data/701347/000070134726000065/0000701347-26-000065-index.htm,8-K,8-K,https://www.sec.gov/Archives/edgar/data/701347/000070134726000065/cpf-20260724.htm,False,
CPF,2026-07-24 00:00:00,https://www.sec.gov/Archives/edgar/data/701347/000070134726000065/0000701347-26-000065-index.htm,EX-99.1,EX-99.1,https://www.sec.gov/Archives/edgar/data/701347/000070134726000065/exhibit99-1erxq22026.htm,False,
LPSN,2026-07-24 00:00:00,https://www.sec.gov/Archives/edgar/data/1102993/000110299326000046/0001102993-26-000046-index.htm,8-K,8-K,https://www.sec.gov/Archives/edgar/data/1102993/000110299326000046/lpsn-20260720.htm,False,
NYCB-PU,2026-07-24 00:00:00,https://www.sec.gov/Archives/edgar/data/910073/000091007326000065/0000910073-26-000065-index.htm,8-K,8-K,https://www.sec.gov/Archives/edgar/data/910073/000091007326000065/nycb-20260724.htm,False,
NYCB-PU,2026-07-24 00:00:00,https://www.sec.gov/Archives/edgar/data/910073/000091007326000065/0000910073-26-000065-index.htm,EX-99.1,EX-99.1,https://www.sec.gov/Archives/edgar/data/910073/000091007326000065/a2q2026earningsrelease.htm,False,
NYCB-PA,2026-07-24 00:00:00,https://www.sec.gov/Archives/edgar/data/910073/000091007326000065/0000910073-26-000065-index.htm,8-K,8-K,https://www.sec.gov/Archives/edgar/data/910073/000091007326000065/nycb-20260724.htm,False,
NYCB-PA,2026-07-24 00:00:00,https://www.sec.gov/Archives/edgar/data/910073/000091007326000065/0000910073-26-000065-index.htm,EX-99.1,EX-99.1,https://www.sec.gov/Archives/edgar/data/910073/000091007326000065/a2q2026earningsrelease.htm,False,
NYCB,2026-07-24 00:00:00,https://www.sec.gov/Archives/edgar/data/910073/000091007326000065/0000910073-26-000065-index.htm,8-K,8-K,https://www.sec.gov/Archives/edgar/data/910073/000091007326000065/nycb-20260724.htm,False,
NYCB,2026-07-24 00:00:00,https://www.sec.gov/Archives/edgar/data/910073/000091007326000065/0000910073-26-000065-index.htm,EX-99.1,EX-99.1,https://www.sec.gov/Archives/edgar/data/910073/000091007326000065/a2q2026earningsrelease.htm,False,
FLG-PU,2026-07-24 00:00:00,https://www.sec.gov/Archives/edgar/data/910073/000091007326000065/0000910073-26-000065-index.htm,8-K,8-K,https://www.sec.gov/Archives/edgar/data/910073/000091007326000065/nycb-20260724.htm,False,
FLG-PU,2026-07-24 00:00:00,https://www.sec.gov/Archives/edgar/data/910073/000091007326000065/0000910073-26-000065-index.htm,EX-99.1,EX-99.1,https://www.sec.gov/Archives/edgar/data/910073/000091007326000065/a2q2026earningsrelease.htm,False,
FLG,2026-07-24 00:00:00,https://www.sec.gov/Archives/edgar/data/910073/000091007326000065/0000910073-26-000065-index.htm,8-K,8-K,https://www.sec.gov/Archives/edgar/data/910073/000091007326000065/nycb-20260724.htm,False,
FLG,2026-07-24 00:00:00,https://www.sec.gov/Archives/edgar/data/910073/000091007326000065/0000910073-26-000065-index.htm,EX-99.1,EX-99.1,https://www.sec.gov/Archives/edgar/data/910073/000091007326000065/a2q2026earningsrelease.htm,False,
FLG-PA,2026-07-24 00:00:00,https://www.sec.gov/Archives/edgar/data/910073/000091007326000065/0000910073-26-000065-index.htm,8-K,8-K,https://www.sec.gov/Archives/edgar/data/910073/000091007326000065/nycb-20260724.htm,False,
FLG-PA,2026-07-24 00:00:00,https://www.sec.gov/Archives/edgar/data/910073/000091007326000065/0000910073-26-000065-index.htm,EX-99.1,EX-99.1,https://www.sec.gov/Archives/edgar/data/910073/000091007326000065/a2q2026earningsrelease.htm,False,
SOUN,2026-07-24 00:00:00,https://www.sec.gov/Archives/edgar/data/1840856/000121390026081088/0001213900-26-081088-index.htm,8-K,CURRENT REPORT,https://www.sec.gov/Archives/edgar/data/1840856/000121390026081088/ea0299116-8k425_sound.htm,False,
SOUNW,2026-07-24 00:00:00,https://www.sec.gov/Archives/edgar/data/1840856/000121390026081088/0001213900-26-081088-index.htm,8-K,CURRENT REPORT,https://www.sec.gov/Archives/edgar/data/1840856/000121390026081088/ea0299116-8k425_sound.htm,False,
ATSPU,2026-07-24 00:00:00,https://www.sec.gov/Archives/edgar/data/1840856/000121390026081088/0001213900-26-081088-index.htm,8-K,CURRENT REPORT,https://www.sec.gov/Archives/edgar/data/1840856/000121390026081088/ea0299116-8k425_sound.htm,False,
ATSPW,2026-07-24 00:00:00,https://www.sec.gov/Archives/edgar/data/1840856/000121390026081088/0001213900-26-081088-index.htm,8-K,CURRENT REPORT,https://www.sec.gov/Archives/edgar/data/1840856/000121390026081088/ea0299116-8k425_sound.htm,False,
ATSPT,2026-07-24 00:00:00,https://www.sec.gov/Archives/edgar/data/1840856/000121390026081088/0001213900-26-081088-index.htm,8-K,CURRENT REPORT,https://www.sec.gov/Archives/edgar/data/1840856/000121390026081088/ea0299116-8k425_sound.htm,False,
PRH,2026-07-24 00:00:00,https://www.sec.gov/Archives/edgar/data/1137774/000119312526314987/0001193125-26-314987-index.htm,8-K,8-K,https://www.sec.gov/Archives/edgar/data/1137774/000119312526314987/d41476d8k.htm,False,
PRH,2026-07-24 00:00:00,https://www.sec.gov/Archives/edgar/data/1137774/000119312526314987/0001193125-26-314987-index.htm,EX-99.1,EX-99.1,https://www.sec.gov/Archives/edgar/data/1137774/000119312526314987/d41476dex991.htm,False,
PRS,2026-07-24 00:00:00,https://www.sec.gov/Archives/edgar/data/1137774/000119312526314987/0001193125-26-314987-index.htm,8-K,8-K,https://www.sec.gov/Archives/edgar/data/1137774/000119312526314987/d41476d8k.htm,False,
PRS,2026-07-24 00:00:00,https://www.sec.gov/Archives/edgar/data/1137774/000119312526314987/0001193125-26-314987-index.htm,EX-99.1,EX-99.1,https://www.sec.gov/Archives/edgar/data/1137774/000119312526314987/d41476dex991.htm,False,
PFH,2026-07-24 00:00:00,https://www.sec.gov/Archives/edgar/data/1137774/000119312526314987/0001193125-26-314987-index.htm,8-K,8-K,https://www.sec.gov/Archives/edgar/data/1137774/000119312526314987/d41476d8k.htm,False,
PFH,2026-07-24 00:00:00,https://www.sec.gov/Archives/edgar/data/1137774/000119312526314987/0001193125-26-314987-index.htm,EX-99.1,EX-99.1,https://www.sec.gov/Archives/edgar/data/1137774/000119312526314987/d41476dex991.htm,False,
PRU,2026-07-24 00:00:00,https://www.sec.gov/Archives/edgar/data/1137774/000119312526314987/0001193125-26-314987-index.htm,8-K,8-K,https://www.sec.gov/Archives/edgar/data/1137774/000119312526314987/d41476d8k.htm,False,
PRU,2026-07-24 00:00:00,https://www.sec.gov/Archives/edgar/data/1137774/000119312526314987/0001193125-26-314987-index.htm,EX-99.1,EX-99.1,https://www.sec.gov/Archives/edgar/data/1137774/000119312526314987/d41476dex991.htm,False,
GLXY,2026-07-24 00:00:00,https://www.sec.gov/Archives/edgar/data/1859392/000185939226000074/0001859392-26-000074-index.htm,8-K,8-K,https://www.sec.gov/Archives/edgar/data/1859392/000185939226000074/glxy-20260723.htm,False,
GLXY,2026-07-24 00:00:00,https://www.sec.gov/Archives/edgar/data/1859392/000185939226000074/0001859392-26-000074-index.htm,EX-99.1,EX-99.1,https://www.sec.gov/Archives/edgar/data/1859392/000185939226000074/exhibit991-pressreleasepri.htm,False,
AIR,2026-07-24 00:00:00,https://www.sec.gov/Archives/edgar/data/1750/000110465926086424/0001104659-26-086424-index.htm,8-K,FORM 8-K,https://www.sec.gov/Archives/edgar/data/1750/000110465926086424/tm2621198d1_8k.htm,False,
AIR,2026-07-24 00:00:00,https://www.sec.gov/Archives/edgar/data/1750/000110465926086424/0001104659-26-086424-index.htm,EX-10.1,EXHIBIT 10.1,https://www.sec.gov/Archives/edgar/data/1750/000110465926086424/tm2621198d1_ex10-1.htm,False,
