symbol,filingDate,filing_detail_url,document_type,document_description,document_url,matched,error
FLYE,2026-09-11 00:00:00,https://www.sec.gov/Archives/edgar/data/1975940/000121390026099368/0001213900-26-099368-index.htm,8-K,CURRENT REPORT,https://www.sec.gov/Archives/edgar/data/1975940/000121390026099368/ea0305297-8k_flye.htm,False,
FLYE,2026-09-11 00:00:00,https://www.sec.gov/Archives/edgar/data/1975940/000121390026099368/0001213900-26-099368-index.htm,EX-10.1,"EMPLOYMENT AGREEMENT, DATED SEPTEMBER 9, 2026, BY AND BETWEEN THE COMPANY AND QI",https://www.sec.gov/Archives/edgar/data/1975940/000121390026099368/ea030529701ex10-1.htm,False,
FLYE,2026-09-11 00:00:00,https://www.sec.gov/Archives/edgar/data/1975940/000121390026099368/0001213900-26-099368-index.htm,EX-10.2,"OFFER LETTER DATED SEPTEMBER 9, 2026, BY AND BETWEEN THE COMPANY AND JINGXIA SON",https://www.sec.gov/Archives/edgar/data/1975940/000121390026099368/ea030529701ex10-2.htm,False,
None,2026-09-11 00:00:00,https://www.sec.gov/Archives/edgar/data/2068385/000149315226042434/0001493152-26-042434-index.htm,8-K,8-K,https://www.sec.gov/Archives/edgar/data/2068385/000149315226042434/form8-k.htm,True,
None,2026-09-11 00:00:00,https://www.sec.gov/Archives/edgar/data/2068385/000149315226042434/0001493152-26-042434-index.htm,EX-10.1,EX-10.1,https://www.sec.gov/Archives/edgar/data/2068385/000149315226042434/ex10-1.htm,False,
JNRV,2026-09-11 00:00:00,https://www.sec.gov/Archives/edgar/data/1805526/000180552626000104/0001805526-26-000104-index.htm,8-K,8-K,https://www.sec.gov/Archives/edgar/data/1805526/000180552626000104/dfdv-20260911.htm,True,
DFDV,2026-09-11 00:00:00,https://www.sec.gov/Archives/edgar/data/1805526/000180552626000104/0001805526-26-000104-index.htm,8-K,8-K,https://www.sec.gov/Archives/edgar/data/1805526/000180552626000104/dfdv-20260911.htm,True,
JNVR,2026-09-11 00:00:00,https://www.sec.gov/Archives/edgar/data/1805526/000180552626000104/0001805526-26-000104-index.htm,8-K,8-K,https://www.sec.gov/Archives/edgar/data/1805526/000180552626000104/dfdv-20260911.htm,True,
NUKKW,2026-09-11 00:00:00,https://www.sec.gov/Archives/edgar/data/1787518/000118518526003953/0001185185-26-003953-index.htm,8-K,FORM 8-K,https://www.sec.gov/Archives/edgar/data/1787518/000118518526003953/dfns8k090926.htm,False,
NUKK,2026-09-11 00:00:00,https://www.sec.gov/Archives/edgar/data/1787518/000118518526003953/0001185185-26-003953-index.htm,8-K,FORM 8-K,https://www.sec.gov/Archives/edgar/data/1787518/000118518526003953/dfns8k090926.htm,False,
BRLIU,2026-09-11 00:00:00,https://www.sec.gov/Archives/edgar/data/1787518/000118518526003953/0001185185-26-003953-index.htm,8-K,FORM 8-K,https://www.sec.gov/Archives/edgar/data/1787518/000118518526003953/dfns8k090926.htm,False,
BRLI,2026-09-11 00:00:00,https://www.sec.gov/Archives/edgar/data/1787518/000118518526003953/0001185185-26-003953-index.htm,8-K,FORM 8-K,https://www.sec.gov/Archives/edgar/data/1787518/000118518526003953/dfns8k090926.htm,False,
BRLIW,2026-09-11 00:00:00,https://www.sec.gov/Archives/edgar/data/1787518/000118518526003953/0001185185-26-003953-index.htm,8-K,FORM 8-K,https://www.sec.gov/Archives/edgar/data/1787518/000118518526003953/dfns8k090926.htm,False,
BRLIR,2026-09-11 00:00:00,https://www.sec.gov/Archives/edgar/data/1787518/000118518526003953/0001185185-26-003953-index.htm,8-K,FORM 8-K,https://www.sec.gov/Archives/edgar/data/1787518/000118518526003953/dfns8k090926.htm,False,
KULR,2026-09-11 00:00:00,https://www.sec.gov/Archives/edgar/data/1662684/000110465926107130/0001104659-26-107130-index.htm,8-K,FORM 8-K,https://www.sec.gov/Archives/edgar/data/1662684/000110465926107130/tm2625303d1_8k.htm,False,
PACI-WT,2026-09-11 00:00:00,https://www.sec.gov/Archives/edgar/data/1853070/000149315226042429/0001493152-26-042429-index.htm,8-K,8-K,https://www.sec.gov/Archives/edgar/data/1853070/000149315226042429/form8-k.htm,True,
PACI-WT,2026-09-11 00:00:00,https://www.sec.gov/Archives/edgar/data/1853070/000149315226042429/0001493152-26-042429-index.htm,EX-10.1,EX-10.1,https://www.sec.gov/Archives/edgar/data/1853070/000149315226042429/ex10-1.htm,False,
PACI-WT,2026-09-11 00:00:00,https://www.sec.gov/Archives/edgar/data/1853070/000149315226042429/0001493152-26-042429-index.htm,EX-10.2,EX-10.2,https://www.sec.gov/Archives/edgar/data/1853070/000149315226042429/ex10-2.htm,False,
PACI,2026-09-11 00:00:00,https://www.sec.gov/Archives/edgar/data/1853070/000149315226042429/0001493152-26-042429-index.htm,8-K,8-K,https://www.sec.gov/Archives/edgar/data/1853070/000149315226042429/form8-k.htm,True,
PACI,2026-09-11 00:00:00,https://www.sec.gov/Archives/edgar/data/1853070/000149315226042429/0001493152-26-042429-index.htm,EX-10.1,EX-10.1,https://www.sec.gov/Archives/edgar/data/1853070/000149315226042429/ex10-1.htm,False,
PACI,2026-09-11 00:00:00,https://www.sec.gov/Archives/edgar/data/1853070/000149315226042429/0001493152-26-042429-index.htm,EX-10.2,EX-10.2,https://www.sec.gov/Archives/edgar/data/1853070/000149315226042429/ex10-2.htm,False,
PACI-UN,2026-09-11 00:00:00,https://www.sec.gov/Archives/edgar/data/1853070/000149315226042429/0001493152-26-042429-index.htm,8-K,8-K,https://www.sec.gov/Archives/edgar/data/1853070/000149315226042429/form8-k.htm,True,
PACI-UN,2026-09-11 00:00:00,https://www.sec.gov/Archives/edgar/data/1853070/000149315226042429/0001493152-26-042429-index.htm,EX-10.1,EX-10.1,https://www.sec.gov/Archives/edgar/data/1853070/000149315226042429/ex10-1.htm,False,
PACI-UN,2026-09-11 00:00:00,https://www.sec.gov/Archives/edgar/data/1853070/000149315226042429/0001493152-26-042429-index.htm,EX-10.2,EX-10.2,https://www.sec.gov/Archives/edgar/data/1853070/000149315226042429/ex10-2.htm,False,
SOAR,2026-09-11 00:00:00,https://www.sec.gov/Archives/edgar/data/1853070/000149315226042429/0001493152-26-042429-index.htm,8-K,8-K,https://www.sec.gov/Archives/edgar/data/1853070/000149315226042429/form8-k.htm,True,
SOAR,2026-09-11 00:00:00,https://www.sec.gov/Archives/edgar/data/1853070/000149315226042429/0001493152-26-042429-index.htm,EX-10.1,EX-10.1,https://www.sec.gov/Archives/edgar/data/1853070/000149315226042429/ex10-1.htm,False,
SOAR,2026-09-11 00:00:00,https://www.sec.gov/Archives/edgar/data/1853070/000149315226042429/0001493152-26-042429-index.htm,EX-10.2,EX-10.2,https://www.sec.gov/Archives/edgar/data/1853070/000149315226042429/ex10-2.htm,False,
MSRT,2026-09-11 00:00:00,https://www.sec.gov/Archives/edgar/data/1589149/000149315226042431/0001493152-26-042431-index.htm,8-K,8-K,https://www.sec.gov/Archives/edgar/data/1589149/000149315226042431/form8-k.htm,False,
GWAV,2026-09-11 00:00:00,https://www.sec.gov/Archives/edgar/data/1589149/000149315226042431/0001493152-26-042431-index.htm,8-K,8-K,https://www.sec.gov/Archives/edgar/data/1589149/000149315226042431/form8-k.htm,False,
VISM,2026-09-11 00:00:00,https://www.sec.gov/Archives/edgar/data/1082733/000165495426008309/0001654954-26-008309-index.htm,8-K,FORM 8-K,https://www.sec.gov/Archives/edgar/data/1082733/000165495426008309/vism_8k.htm,False,
VISMD,2026-09-11 00:00:00,https://www.sec.gov/Archives/edgar/data/1082733/000165495426008309/0001654954-26-008309-index.htm,8-K,FORM 8-K,https://www.sec.gov/Archives/edgar/data/1082733/000165495426008309/vism_8k.htm,False,
IMUX,2026-09-11 00:00:00,https://www.sec.gov/Archives/edgar/data/1280776/000119380526001219/0001193805-26-001219-index.htm,8-K,,https://www.sec.gov/Archives/edgar/data/1280776/000119380526001219/e665777_8k-immunic.htm,False,
GCTK,2026-09-11 00:00:00,https://www.sec.gov/Archives/edgar/data/1506983/000149315226042428/0001493152-26-042428-index.htm,8-K,8-K,https://www.sec.gov/Archives/edgar/data/1506983/000149315226042428/form8-k.htm,True,
GCTK,2026-09-11 00:00:00,https://www.sec.gov/Archives/edgar/data/1506983/000149315226042428/0001493152-26-042428-index.htm,EX-10.1,EX-10.1,https://www.sec.gov/Archives/edgar/data/1506983/000149315226042428/ex10-1.htm,False,
GCTK,2026-09-11 00:00:00,https://www.sec.gov/Archives/edgar/data/1506983/000149315226042428/0001493152-26-042428-index.htm,EX-10.2,EX-10.2,https://www.sec.gov/Archives/edgar/data/1506983/000149315226042428/ex10-2.htm,True,
GCTK,2026-09-11 00:00:00,https://www.sec.gov/Archives/edgar/data/1506983/000149315226042428/0001493152-26-042428-index.htm,EX-99.1,EX-99.1,https://www.sec.gov/Archives/edgar/data/1506983/000149315226042428/ex99-1.htm,False,
IGAP,2026-09-11 00:00:00,https://www.sec.gov/Archives/edgar/data/1506983/000149315226042428/0001493152-26-042428-index.htm,8-K,8-K,https://www.sec.gov/Archives/edgar/data/1506983/000149315226042428/form8-k.htm,True,
IGAP,2026-09-11 00:00:00,https://www.sec.gov/Archives/edgar/data/1506983/000149315226042428/0001493152-26-042428-index.htm,EX-10.1,EX-10.1,https://www.sec.gov/Archives/edgar/data/1506983/000149315226042428/ex10-1.htm,False,
IGAP,2026-09-11 00:00:00,https://www.sec.gov/Archives/edgar/data/1506983/000149315226042428/0001493152-26-042428-index.htm,EX-10.2,EX-10.2,https://www.sec.gov/Archives/edgar/data/1506983/000149315226042428/ex10-2.htm,True,
IGAP,2026-09-11 00:00:00,https://www.sec.gov/Archives/edgar/data/1506983/000149315226042428/0001493152-26-042428-index.htm,EX-99.1,EX-99.1,https://www.sec.gov/Archives/edgar/data/1506983/000149315226042428/ex99-1.htm,False,
AMST,2026-09-11 00:00:00,https://www.sec.gov/Archives/edgar/data/1807166/000121390026099345/0001213900-26-099345-index.htm,8-K,CURRENT REPORT,https://www.sec.gov/Archives/edgar/data/1807166/000121390026099345/ea0305346-8k_amesite.htm,False,
AMST,2026-09-11 00:00:00,https://www.sec.gov/Archives/edgar/data/1807166/000121390026099345/0001213900-26-099345-index.htm,EX-99.1,PRESENTATION MATERIALS - SEPTEMBER 2026,https://www.sec.gov/Archives/edgar/data/1807166/000121390026099345/ea030534601ex99-1.htm,False,
VIIAU,2026-09-11 00:00:00,https://www.sec.gov/Archives/edgar/data/1826011/000149315226042422/0001493152-26-042422-index.htm,8-K,8-K,https://www.sec.gov/Archives/edgar/data/1826011/000149315226042422/form8-k.htm,True,
VIIAU,2026-09-11 00:00:00,https://www.sec.gov/Archives/edgar/data/1826011/000149315226042422/0001493152-26-042422-index.htm,EX-10.1,EX-10.1,https://www.sec.gov/Archives/edgar/data/1826011/000149315226042422/ex10-1.htm,True,
VIIAU,2026-09-11 00:00:00,https://www.sec.gov/Archives/edgar/data/1826011/000149315226042422/0001493152-26-042422-index.htm,EX-10.2,EX-10.2,https://www.sec.gov/Archives/edgar/data/1826011/000149315226042422/ex10-2.htm,False,
PARAW,2026-09-11 00:00:00,https://www.sec.gov/Archives/edgar/data/1826011/000149315226042422/0001493152-26-042422-index.htm,8-K,8-K,https://www.sec.gov/Archives/edgar/data/1826011/000149315226042422/form8-k.htm,True,
PARAW,2026-09-11 00:00:00,https://www.sec.gov/Archives/edgar/data/1826011/000149315226042422/0001493152-26-042422-index.htm,EX-10.1,EX-10.1,https://www.sec.gov/Archives/edgar/data/1826011/000149315226042422/ex10-1.htm,True,
PARAW,2026-09-11 00:00:00,https://www.sec.gov/Archives/edgar/data/1826011/000149315226042422/0001493152-26-042422-index.htm,EX-10.2,EX-10.2,https://www.sec.gov/Archives/edgar/data/1826011/000149315226042422/ex10-2.htm,False,
PARA,2026-09-11 00:00:00,https://www.sec.gov/Archives/edgar/data/1826011/000149315226042422/0001493152-26-042422-index.htm,8-K,8-K,https://www.sec.gov/Archives/edgar/data/1826011/000149315226042422/form8-k.htm,True,
PARA,2026-09-11 00:00:00,https://www.sec.gov/Archives/edgar/data/1826011/000149315226042422/0001493152-26-042422-index.htm,EX-10.1,EX-10.1,https://www.sec.gov/Archives/edgar/data/1826011/000149315226042422/ex10-1.htm,True,
PARA,2026-09-11 00:00:00,https://www.sec.gov/Archives/edgar/data/1826011/000149315226042422/0001493152-26-042422-index.htm,EX-10.2,EX-10.2,https://www.sec.gov/Archives/edgar/data/1826011/000149315226042422/ex10-2.htm,False,
BNZIW,2026-09-11 00:00:00,https://www.sec.gov/Archives/edgar/data/1826011/000149315226042422/0001493152-26-042422-index.htm,8-K,8-K,https://www.sec.gov/Archives/edgar/data/1826011/000149315226042422/form8-k.htm,True,
BNZIW,2026-09-11 00:00:00,https://www.sec.gov/Archives/edgar/data/1826011/000149315226042422/0001493152-26-042422-index.htm,EX-10.1,EX-10.1,https://www.sec.gov/Archives/edgar/data/1826011/000149315226042422/ex10-1.htm,True,
BNZIW,2026-09-11 00:00:00,https://www.sec.gov/Archives/edgar/data/1826011/000149315226042422/0001493152-26-042422-index.htm,EX-10.2,EX-10.2,https://www.sec.gov/Archives/edgar/data/1826011/000149315226042422/ex10-2.htm,False,
BNZI,2026-09-11 00:00:00,https://www.sec.gov/Archives/edgar/data/1826011/000149315226042422/0001493152-26-042422-index.htm,8-K,8-K,https://www.sec.gov/Archives/edgar/data/1826011/000149315226042422/form8-k.htm,True,
BNZI,2026-09-11 00:00:00,https://www.sec.gov/Archives/edgar/data/1826011/000149315226042422/0001493152-26-042422-index.htm,EX-10.1,EX-10.1,https://www.sec.gov/Archives/edgar/data/1826011/000149315226042422/ex10-1.htm,True,
BNZI,2026-09-11 00:00:00,https://www.sec.gov/Archives/edgar/data/1826011/000149315226042422/0001493152-26-042422-index.htm,EX-10.2,EX-10.2,https://www.sec.gov/Archives/edgar/data/1826011/000149315226042422/ex10-2.htm,False,
VIIAW,2026-09-11 00:00:00,https://www.sec.gov/Archives/edgar/data/1826011/000149315226042422/0001493152-26-042422-index.htm,8-K,8-K,https://www.sec.gov/Archives/edgar/data/1826011/000149315226042422/form8-k.htm,True,
VIIAW,2026-09-11 00:00:00,https://www.sec.gov/Archives/edgar/data/1826011/000149315226042422/0001493152-26-042422-index.htm,EX-10.1,EX-10.1,https://www.sec.gov/Archives/edgar/data/1826011/000149315226042422/ex10-1.htm,True,
VIIAW,2026-09-11 00:00:00,https://www.sec.gov/Archives/edgar/data/1826011/000149315226042422/0001493152-26-042422-index.htm,EX-10.2,EX-10.2,https://www.sec.gov/Archives/edgar/data/1826011/000149315226042422/ex10-2.htm,False,
VRAR,2026-09-11 00:00:00,https://www.sec.gov/Archives/edgar/data/1854445/000149315226042421/0001493152-26-042421-index.htm,8-K,8-K,https://www.sec.gov/Archives/edgar/data/1854445/000149315226042421/form8-k.htm,False,
ACAD,2026-09-11 00:00:00,https://www.sec.gov/Archives/edgar/data/1070494/000119312526389400/0001193125-26-389400-index.htm,8-K,8-K,https://www.sec.gov/Archives/edgar/data/1070494/000119312526389400/d143428d8k.htm,False,
ACAD,2026-09-11 00:00:00,https://www.sec.gov/Archives/edgar/data/1070494/000119312526389400/0001193125-26-389400-index.htm,EX-99.1,EX-99.1,https://www.sec.gov/Archives/edgar/data/1070494/000119312526389400/d143428dex991.htm,False,
GMRS,2026-09-11 00:00:00,https://www.sec.gov/Archives/edgar/data/1898718/000110465926107124/0001104659-26-107124-index.htm,8-K,FORM 8-K,https://www.sec.gov/Archives/edgar/data/1898718/000110465926107124/tm2625250d1_8k.htm,True,
GMRS,2026-09-11 00:00:00,https://www.sec.gov/Archives/edgar/data/1898718/000110465926107124/0001104659-26-107124-index.htm,EX-99.1,EXHIBIT 99.1,https://www.sec.gov/Archives/edgar/data/1898718/000110465926107124/tm2625250d1_ex99-1.htm,True,
FLUX,2026-09-11 00:00:00,https://www.sec.gov/Archives/edgar/data/1083743/000149315226042419/0001493152-26-042419-index.htm,8-K,8-K,https://www.sec.gov/Archives/edgar/data/1083743/000149315226042419/form8-k.htm,False,
COTY,2026-09-11 00:00:00,https://www.sec.gov/Archives/edgar/data/1024305/000102430526000054/0001024305-26-000054-index.htm,8-K,8-K,https://www.sec.gov/Archives/edgar/data/1024305/000102430526000054/coty-20260909.htm,False,
FLXS,2026-09-11 00:00:00,https://www.sec.gov/Archives/edgar/data/37472/000119312526389381/0001193125-26-389381-index.htm,8-K,8-K,https://www.sec.gov/Archives/edgar/data/37472/000119312526389381/flxs-20260911.htm,False,
FLXS,2026-09-11 00:00:00,https://www.sec.gov/Archives/edgar/data/37472/000119312526389381/0001193125-26-389381-index.htm,EX-99.1,EX-99.1,https://www.sec.gov/Archives/edgar/data/37472/000119312526389381/flxs-ex99_1.htm,False,
RNAZ,2026-09-11 00:00:00,https://www.sec.gov/Archives/edgar/data/1829635/000110465926107115/0001104659-26-107115-index.htm,8-K,FORM 8-K,https://www.sec.gov/Archives/edgar/data/1829635/000110465926107115/tm2625146d1_8k.htm,False,
RNAZ,2026-09-11 00:00:00,https://www.sec.gov/Archives/edgar/data/1829635/000110465926107115/0001104659-26-107115-index.htm,EX-10.1,EXHIBIT 10.1,https://www.sec.gov/Archives/edgar/data/1829635/000110465926107115/tm2625146d1_ex10-1.htm,False,
GBS,2026-09-11 00:00:00,https://www.sec.gov/Archives/edgar/data/1725430/000149315226042411/0001493152-26-042411-index.htm,8-K,8-K,https://www.sec.gov/Archives/edgar/data/1725430/000149315226042411/form8-k.htm,False,
INBS,2026-09-11 00:00:00,https://www.sec.gov/Archives/edgar/data/1725430/000149315226042411/0001493152-26-042411-index.htm,8-K,8-K,https://www.sec.gov/Archives/edgar/data/1725430/000149315226042411/form8-k.htm,False,
FIZZ,2026-09-11 00:00:00,https://www.sec.gov/Archives/edgar/data/69891/000143774926030186/0001437749-26-030186-index.htm,8-K,FORM 8-K,https://www.sec.gov/Archives/edgar/data/69891/000143774926030186/fizz20260910_8k.htm,False,
FIZZ,2026-09-11 00:00:00,https://www.sec.gov/Archives/edgar/data/69891/000143774926030186/0001437749-26-030186-index.htm,EX-99.1,EXHIBIT 99.1,https://www.sec.gov/Archives/edgar/data/69891/000143774926030186/ex_1014976.htm,False,
SBFM,2026-09-11 00:00:00,https://www.sec.gov/Archives/edgar/data/1402328/000168316826007090/0001683168-26-007090-index.htm,8-K,FORM 8-K,https://www.sec.gov/Archives/edgar/data/1402328/000168316826007090/sunshine_8k.htm,False,
SBFMW,2026-09-11 00:00:00,https://www.sec.gov/Archives/edgar/data/1402328/000168316826007090/0001683168-26-007090-index.htm,8-K,FORM 8-K,https://www.sec.gov/Archives/edgar/data/1402328/000168316826007090/sunshine_8k.htm,False,
TOPP,2026-09-11 00:00:00,https://www.sec.gov/Archives/edgar/data/1960847/000121390026099323/0001213900-26-099323-index.htm,8-K,CURRENT REPORT,https://www.sec.gov/Archives/edgar/data/1960847/000121390026099323/ea0305018-8k_toppoint.htm,False,
IPDN,2026-09-11 00:00:00,https://www.sec.gov/Archives/edgar/data/1546296/000143774926030185/0001437749-26-030185-index.htm,8-K,FORM 8-K,https://www.sec.gov/Archives/edgar/data/1546296/000143774926030185/ipdn20260907_8k.htm,False,
IPDN,2026-09-11 00:00:00,https://www.sec.gov/Archives/edgar/data/1546296/000143774926030185/0001437749-26-030185-index.htm,EX-99.1,"PRESS RELEASE, DATED SEPTEMBER 10, 2026",https://www.sec.gov/Archives/edgar/data/1546296/000143774926030185/ex_1013478.htm,False,
None,2026-09-11 00:00:00,https://www.sec.gov/Archives/edgar/data/27673/000110465926107111/0001104659-26-107111-index.htm,8-K,8-K,https://www.sec.gov/Archives/edgar/data/27673/000110465926107111/jdcc-20260911x8k.htm,False,
DJCO,2026-09-11 00:00:00,https://www.sec.gov/Archives/edgar/data/783412/000143774926030183/0001437749-26-030183-index.htm,8-K,FORM 8-K,https://www.sec.gov/Archives/edgar/data/783412/000143774926030183/djco20260908_8k.htm,False,
DJCO,2026-09-11 00:00:00,https://www.sec.gov/Archives/edgar/data/783412/000143774926030183/0001437749-26-030183-index.htm,EX-99.1,EXHIBIT 99.1 DIRECTOR RESIGNATION POLICY,https://www.sec.gov/Archives/edgar/data/783412/000143774926030183/ex_1015229.htm,False,
LEU,2026-09-11 00:00:00,https://www.sec.gov/Archives/edgar/data/1065059/000110465926107103/0001104659-26-107103-index.htm,8-K,FORM 8-K,https://www.sec.gov/Archives/edgar/data/1065059/000110465926107103/tm2625019d5_8k.htm,True,
LEU,2026-09-11 00:00:00,https://www.sec.gov/Archives/edgar/data/1065059/000110465926107103/0001104659-26-107103-index.htm,EX-99.1,EXHIBIT 99.1,https://www.sec.gov/Archives/edgar/data/1065059/000110465926107103/tm2625019d5_ex99-1.htm,False,
ZONE,2026-09-11 00:00:00,https://www.sec.gov/Archives/edgar/data/1956741/000121390026099309/0001213900-26-099309-index.htm,8-K,CURRENT REPORT,https://www.sec.gov/Archives/edgar/data/1956741/000121390026099309/ea0305227-8k_zone.htm,False,
JUPWW,2026-09-11 00:00:00,https://www.sec.gov/Archives/edgar/data/1760903/000149315226042401/0001493152-26-042401-index.htm,8-K,8-K,https://www.sec.gov/Archives/edgar/data/1760903/000149315226042401/form8-k.htm,True,
JUPWW,2026-09-11 00:00:00,https://www.sec.gov/Archives/edgar/data/1760903/000149315226042401/0001493152-26-042401-index.htm,EX-10.1,EX-10.1,https://www.sec.gov/Archives/edgar/data/1760903/000149315226042401/ex10-1.htm,False,
JUPWW,2026-09-11 00:00:00,https://www.sec.gov/Archives/edgar/data/1760903/000149315226042401/0001493152-26-042401-index.htm,EX-99.1,EX-99.1,https://www.sec.gov/Archives/edgar/data/1760903/000149315226042401/ex99-1.htm,False,
JUPW,2026-09-11 00:00:00,https://www.sec.gov/Archives/edgar/data/1760903/000149315226042401/0001493152-26-042401-index.htm,8-K,8-K,https://www.sec.gov/Archives/edgar/data/1760903/000149315226042401/form8-k.htm,True,
JUPW,2026-09-11 00:00:00,https://www.sec.gov/Archives/edgar/data/1760903/000149315226042401/0001493152-26-042401-index.htm,EX-10.1,EX-10.1,https://www.sec.gov/Archives/edgar/data/1760903/000149315226042401/ex10-1.htm,False,
JUPW,2026-09-11 00:00:00,https://www.sec.gov/Archives/edgar/data/1760903/000149315226042401/0001493152-26-042401-index.htm,EX-99.1,EX-99.1,https://www.sec.gov/Archives/edgar/data/1760903/000149315226042401/ex99-1.htm,False,
SHOTW,2026-09-11 00:00:00,https://www.sec.gov/Archives/edgar/data/1760903/000149315226042401/0001493152-26-042401-index.htm,8-K,8-K,https://www.sec.gov/Archives/edgar/data/1760903/000149315226042401/form8-k.htm,True,
SHOTW,2026-09-11 00:00:00,https://www.sec.gov/Archives/edgar/data/1760903/000149315226042401/0001493152-26-042401-index.htm,EX-10.1,EX-10.1,https://www.sec.gov/Archives/edgar/data/1760903/000149315226042401/ex10-1.htm,False,
SHOTW,2026-09-11 00:00:00,https://www.sec.gov/Archives/edgar/data/1760903/000149315226042401/0001493152-26-042401-index.htm,EX-99.1,EX-99.1,https://www.sec.gov/Archives/edgar/data/1760903/000149315226042401/ex99-1.htm,False,
CDNL,2026-09-11 00:00:00,https://www.sec.gov/Archives/edgar/data/2079999/000119312526389363/0001193125-26-389363-index.htm,8-K,8-K,https://www.sec.gov/Archives/edgar/data/2079999/000119312526389363/cdnl-20260910.htm,True,
CDNL,2026-09-11 00:00:00,https://www.sec.gov/Archives/edgar/data/2079999/000119312526389363/0001193125-26-389363-index.htm,EX-10.1,EX-10.1,https://www.sec.gov/Archives/edgar/data/2079999/000119312526389363/cdnl-ex10_1.htm,True,
ENTO,2026-09-11 00:00:00,https://www.sec.gov/Archives/edgar/data/1604191/000110465926107100/0001104659-26-107100-index.htm,8-K,FORM 8-K,https://www.sec.gov/Archives/edgar/data/1604191/000110465926107100/tm2625284d1_8k.htm,True,
ENTO,2026-09-11 00:00:00,https://www.sec.gov/Archives/edgar/data/1604191/000110465926107100/0001104659-26-107100-index.htm,EX-10.1,EXHIBIT 10.1,https://www.sec.gov/Archives/edgar/data/1604191/000110465926107100/tm2625284d1_ex10-1.htm,False,
ENTO,2026-09-11 00:00:00,https://www.sec.gov/Archives/edgar/data/1604191/000110465926107100/0001104659-26-107100-index.htm,EX-10.2,EXHIBIT 10.2,https://www.sec.gov/Archives/edgar/data/1604191/000110465926107100/tm2625284d1_ex10-2.htm,False,
FWBI,2026-09-11 00:00:00,https://www.sec.gov/Archives/edgar/data/1604191/000110465926107100/0001104659-26-107100-index.htm,8-K,FORM 8-K,https://www.sec.gov/Archives/edgar/data/1604191/000110465926107100/tm2625284d1_8k.htm,True,
FWBI,2026-09-11 00:00:00,https://www.sec.gov/Archives/edgar/data/1604191/000110465926107100/0001104659-26-107100-index.htm,EX-10.1,EXHIBIT 10.1,https://www.sec.gov/Archives/edgar/data/1604191/000110465926107100/tm2625284d1_ex10-1.htm,False,
FWBI,2026-09-11 00:00:00,https://www.sec.gov/Archives/edgar/data/1604191/000110465926107100/0001104659-26-107100-index.htm,EX-10.2,EXHIBIT 10.2,https://www.sec.gov/Archives/edgar/data/1604191/000110465926107100/tm2625284d1_ex10-2.htm,False,
AZRX,2026-09-11 00:00:00,https://www.sec.gov/Archives/edgar/data/1604191/000110465926107100/0001104659-26-107100-index.htm,8-K,FORM 8-K,https://www.sec.gov/Archives/edgar/data/1604191/000110465926107100/tm2625284d1_8k.htm,True,
AZRX,2026-09-11 00:00:00,https://www.sec.gov/Archives/edgar/data/1604191/000110465926107100/0001104659-26-107100-index.htm,EX-10.1,EXHIBIT 10.1,https://www.sec.gov/Archives/edgar/data/1604191/000110465926107100/tm2625284d1_ex10-1.htm,False,
AZRX,2026-09-11 00:00:00,https://www.sec.gov/Archives/edgar/data/1604191/000110465926107100/0001104659-26-107100-index.htm,EX-10.2,EXHIBIT 10.2,https://www.sec.gov/Archives/edgar/data/1604191/000110465926107100/tm2625284d1_ex10-2.htm,False,
GRDX,2026-09-11 00:00:00,https://www.sec.gov/Archives/edgar/data/1604191/000110465926107100/0001104659-26-107100-index.htm,8-K,FORM 8-K,https://www.sec.gov/Archives/edgar/data/1604191/000110465926107100/tm2625284d1_8k.htm,True,
GRDX,2026-09-11 00:00:00,https://www.sec.gov/Archives/edgar/data/1604191/000110465926107100/0001104659-26-107100-index.htm,EX-10.1,EXHIBIT 10.1,https://www.sec.gov/Archives/edgar/data/1604191/000110465926107100/tm2625284d1_ex10-1.htm,False,
GRDX,2026-09-11 00:00:00,https://www.sec.gov/Archives/edgar/data/1604191/000110465926107100/0001104659-26-107100-index.htm,EX-10.2,EXHIBIT 10.2,https://www.sec.gov/Archives/edgar/data/1604191/000110465926107100/tm2625284d1_ex10-2.htm,False,
None,2026-09-11 00:00:00,https://www.sec.gov/Archives/edgar/data/2070542/000121390026099305/0001213900-26-099305-index.htm,8-K,CURRENT REPORT,https://www.sec.gov/Archives/edgar/data/2070542/000121390026099305/ea0305122-8k_aib.htm,True,
None,2026-09-11 00:00:00,https://www.sec.gov/Archives/edgar/data/2070542/000121390026099305/0001213900-26-099305-index.htm,EX-10.1,"PURCHASE AND SALE AGREEMENT, DATED SEPTEMBER 4, 2026, BY AND BETWEEN AIB DATA CE",https://www.sec.gov/Archives/edgar/data/2070542/000121390026099305/ea030512201ex10-1.htm,False,
None,2026-09-11 00:00:00,https://www.sec.gov/Archives/edgar/data/2070542/000121390026099305/0001213900-26-099305-index.htm,EX-10.2,"MEMBERSHIP INTEREST PURCHASE AGREEMENT, DATED SEPTEMBER 4, 2026, BY AND BETWEEN",https://www.sec.gov/Archives/edgar/data/2070542/000121390026099305/ea030512201ex10-2.htm,False,
OPRT,2026-09-11 00:00:00,https://www.sec.gov/Archives/edgar/data/1538716/000153871626000101/0001538716-26-000101-index.htm,8-K,8-K,https://www.sec.gov/Archives/edgar/data/1538716/000153871626000101/oprt-20260905.htm,False,
OPRT,2026-09-11 00:00:00,https://www.sec.gov/Archives/edgar/data/1538716/000153871626000101/0001538716-26-000101-index.htm,EX-10.1,EX-10.1,https://www.sec.gov/Archives/edgar/data/1538716/000153871626000101/offerletter_chieffinancial.htm,False,
OPRT,2026-09-11 00:00:00,https://www.sec.gov/Archives/edgar/data/1538716/000153871626000101/0001538716-26-000101-index.htm,EX-99.1,EX-99.1,https://www.sec.gov/Archives/edgar/data/1538716/000153871626000101/a09_08x2026xbillxfranklinx.htm,False,
None,2026-09-11 00:00:00,https://www.sec.gov/Archives/edgar/data/2147219/000110465926107095/0001104659-26-107095-index.htm,8-K,FORM 8-K,https://www.sec.gov/Archives/edgar/data/2147219/000110465926107095/tm2625254d1_8k.htm,False,
None,2026-09-11 00:00:00,https://www.sec.gov/Archives/edgar/data/2147219/000110465926107095/0001104659-26-107095-index.htm,EX-99.1,EXHIBIT 99.1,https://www.sec.gov/Archives/edgar/data/2147219/000110465926107095/tm2625254d1_ex99-1.htm,False,
QETAR,2026-09-11 00:00:00,https://www.sec.gov/Archives/edgar/data/1978528/000182912626010050/0001829126-26-010050-index.htm,8-K,8-K,https://www.sec.gov/Archives/edgar/data/1978528/000182912626010050/quettaacq_8k.htm,False,
QETAU,2026-09-11 00:00:00,https://www.sec.gov/Archives/edgar/data/1978528/000182912626010050/0001829126-26-010050-index.htm,8-K,8-K,https://www.sec.gov/Archives/edgar/data/1978528/000182912626010050/quettaacq_8k.htm,False,
QETA,2026-09-11 00:00:00,https://www.sec.gov/Archives/edgar/data/1978528/000182912626010050/0001829126-26-010050-index.htm,8-K,8-K,https://www.sec.gov/Archives/edgar/data/1978528/000182912626010050/quettaacq_8k.htm,False,
AXR,2026-09-11 00:00:00,https://www.sec.gov/Archives/edgar/data/6207/000110465926107091/0001104659-26-107091-index.htm,8-K,FORM 8-K,https://www.sec.gov/Archives/edgar/data/6207/000110465926107091/tm2625105d1_8k.htm,False,
AXR,2026-09-11 00:00:00,https://www.sec.gov/Archives/edgar/data/6207/000110465926107091/0001104659-26-107091-index.htm,EX-10.1,EXHIBIT 10.1,https://www.sec.gov/Archives/edgar/data/6207/000110465926107091/tm2625105d1_ex10-1.htm,False,
AXR,2026-09-11 00:00:00,https://www.sec.gov/Archives/edgar/data/6207/000110465926107091/0001104659-26-107091-index.htm,EX-10.2,EXHIBIT 10.2,https://www.sec.gov/Archives/edgar/data/6207/000110465926107091/tm2625105d1_ex10-2.htm,False,
AXR,2026-09-11 00:00:00,https://www.sec.gov/Archives/edgar/data/6207/000110465926107091/0001104659-26-107091-index.htm,EX-99.1,EXHIBIT 99.1,https://www.sec.gov/Archives/edgar/data/6207/000110465926107091/tm2625105d1_ex99-1.htm,False,
MOSY,2026-09-11 00:00:00,https://www.sec.gov/Archives/edgar/data/890394/000121390026099297/0001213900-26-099297-index.htm,8-K,CURRENT REPORT,https://www.sec.gov/Archives/edgar/data/890394/000121390026099297/ea0305184-8k_peraso.htm,False,
MOSY,2026-09-11 00:00:00,https://www.sec.gov/Archives/edgar/data/890394/000121390026099297/0001213900-26-099297-index.htm,EX-10.1,"AMENDED AND RESTATED PERASO INC. 2019 STOCK INCENTIVE PLAN, AS AMENDED",https://www.sec.gov/Archives/edgar/data/890394/000121390026099297/ea030518401ex10-1.htm,False,
PRSO,2026-09-11 00:00:00,https://www.sec.gov/Archives/edgar/data/890394/000121390026099297/0001213900-26-099297-index.htm,8-K,CURRENT REPORT,https://www.sec.gov/Archives/edgar/data/890394/000121390026099297/ea0305184-8k_peraso.htm,False,
PRSO,2026-09-11 00:00:00,https://www.sec.gov/Archives/edgar/data/890394/000121390026099297/0001213900-26-099297-index.htm,EX-10.1,"AMENDED AND RESTATED PERASO INC. 2019 STOCK INCENTIVE PLAN, AS AMENDED",https://www.sec.gov/Archives/edgar/data/890394/000121390026099297/ea030518401ex10-1.htm,False,
RWOD,2026-09-11 00:00:00,https://www.sec.gov/Archives/edgar/data/1907223/000121390026099294/0001213900-26-099294-index.htm,8-K,CURRENT REPORT,https://www.sec.gov/Archives/edgar/data/1907223/000121390026099294/ea0305282-8k_greenland.htm,False,
RWODW,2026-09-11 00:00:00,https://www.sec.gov/Archives/edgar/data/1907223/000121390026099294/0001213900-26-099294-index.htm,8-K,CURRENT REPORT,https://www.sec.gov/Archives/edgar/data/1907223/000121390026099294/ea0305282-8k_greenland.htm,False,
RWODU,2026-09-11 00:00:00,https://www.sec.gov/Archives/edgar/data/1907223/000121390026099294/0001213900-26-099294-index.htm,8-K,CURRENT REPORT,https://www.sec.gov/Archives/edgar/data/1907223/000121390026099294/ea0305282-8k_greenland.htm,False,
RWODR,2026-09-11 00:00:00,https://www.sec.gov/Archives/edgar/data/1907223/000121390026099294/0001213900-26-099294-index.htm,8-K,CURRENT REPORT,https://www.sec.gov/Archives/edgar/data/1907223/000121390026099294/ea0305282-8k_greenland.htm,False,
MYMD,2026-09-11 00:00:00,https://www.sec.gov/Archives/edgar/data/1321834/000149315226042394/0001493152-26-042394-index.htm,8-K,8-K,https://www.sec.gov/Archives/edgar/data/1321834/000149315226042394/form8-k.htm,False,
DARE,2026-09-11 00:00:00,https://www.sec.gov/Archives/edgar/data/1401914/000140191426000050/0001401914-26-000050-index.htm,8-K,8-K,https://www.sec.gov/Archives/edgar/data/1401914/000140191426000050/dare-20260910.htm,False,
CERU,2026-09-11 00:00:00,https://www.sec.gov/Archives/edgar/data/1401914/000140191426000050/0001401914-26-000050-index.htm,8-K,8-K,https://www.sec.gov/Archives/edgar/data/1401914/000140191426000050/dare-20260910.htm,False,
SBMT,2026-09-11 00:00:00,https://www.sec.gov/Archives/edgar/data/2067674/000153949726002489/0001539497-26-002489-index.htm,8-K,8-K,https://www.sec.gov/Archives/edgar/data/2067674/000153949726002489/n5138_x36-8k.htm,True,
SBMT,2026-09-11 00:00:00,https://www.sec.gov/Archives/edgar/data/2067674/000153949726002489/0001539497-26-002489-index.htm,EX-10.1,"SENIOR SECURED NOTE BETWEEN THE COMPANY AND MONTANA GOLDFIELDS, INC. DATED SEPTE",https://www.sec.gov/Archives/edgar/data/2067674/000153949726002489/exh10_1.htm,False,
SBMT,2026-09-11 00:00:00,https://www.sec.gov/Archives/edgar/data/2067674/000153949726002489/0001539497-26-002489-index.htm,EX-10.2,"GENERAL SECURITY AGREEMENT BETWEEN THE COMPANY AND MONTANA GOLDFIELDS, INC. DATE",https://www.sec.gov/Archives/edgar/data/2067674/000153949726002489/exh10_2.htm,False,
BFST,2026-09-11 00:00:00,https://www.sec.gov/Archives/edgar/data/1624322/000143774926030179/0001437749-26-030179-index.htm,8-K,FORM 8-K,https://www.sec.gov/Archives/edgar/data/1624322/000143774926030179/bfbi20260911_8k.htm,False,
FOREU,2026-09-11 00:00:00,https://www.sec.gov/Archives/edgar/data/1832511/000183251126000036/0001832511-26-000036-index.htm,8-K,8-K,https://www.sec.gov/Archives/edgar/data/1832511/000183251126000036/piii-20260904.htm,True,
FOREU,2026-09-11 00:00:00,https://www.sec.gov/Archives/edgar/data/1832511/000183251126000036/0001832511-26-000036-index.htm,EX-10.1,EX-10.1,https://www.sec.gov/Archives/edgar/data/1832511/000183251126000036/piii-20260904exhibit101.htm,True,
FOREU,2026-09-11 00:00:00,https://www.sec.gov/Archives/edgar/data/1832511/000183251126000036/0001832511-26-000036-index.htm,EX-10.2,EX-10.2,https://www.sec.gov/Archives/edgar/data/1832511/000183251126000036/piii-20260904exhibit102.htm,False,
FORE,2026-09-11 00:00:00,https://www.sec.gov/Archives/edgar/data/1832511/000183251126000036/0001832511-26-000036-index.htm,8-K,8-K,https://www.sec.gov/Archives/edgar/data/1832511/000183251126000036/piii-20260904.htm,True,
FORE,2026-09-11 00:00:00,https://www.sec.gov/Archives/edgar/data/1832511/000183251126000036/0001832511-26-000036-index.htm,EX-10.1,EX-10.1,https://www.sec.gov/Archives/edgar/data/1832511/000183251126000036/piii-20260904exhibit101.htm,True,
FORE,2026-09-11 00:00:00,https://www.sec.gov/Archives/edgar/data/1832511/000183251126000036/0001832511-26-000036-index.htm,EX-10.2,EX-10.2,https://www.sec.gov/Archives/edgar/data/1832511/000183251126000036/piii-20260904exhibit102.htm,False,
FOREW,2026-09-11 00:00:00,https://www.sec.gov/Archives/edgar/data/1832511/000183251126000036/0001832511-26-000036-index.htm,8-K,8-K,https://www.sec.gov/Archives/edgar/data/1832511/000183251126000036/piii-20260904.htm,True,
FOREW,2026-09-11 00:00:00,https://www.sec.gov/Archives/edgar/data/1832511/000183251126000036/0001832511-26-000036-index.htm,EX-10.1,EX-10.1,https://www.sec.gov/Archives/edgar/data/1832511/000183251126000036/piii-20260904exhibit101.htm,True,
FOREW,2026-09-11 00:00:00,https://www.sec.gov/Archives/edgar/data/1832511/000183251126000036/0001832511-26-000036-index.htm,EX-10.2,EX-10.2,https://www.sec.gov/Archives/edgar/data/1832511/000183251126000036/piii-20260904exhibit102.htm,False,
PIII,2026-09-11 00:00:00,https://www.sec.gov/Archives/edgar/data/1832511/000183251126000036/0001832511-26-000036-index.htm,8-K,8-K,https://www.sec.gov/Archives/edgar/data/1832511/000183251126000036/piii-20260904.htm,True,
PIII,2026-09-11 00:00:00,https://www.sec.gov/Archives/edgar/data/1832511/000183251126000036/0001832511-26-000036-index.htm,EX-10.1,EX-10.1,https://www.sec.gov/Archives/edgar/data/1832511/000183251126000036/piii-20260904exhibit101.htm,True,
PIII,2026-09-11 00:00:00,https://www.sec.gov/Archives/edgar/data/1832511/000183251126000036/0001832511-26-000036-index.htm,EX-10.2,EX-10.2,https://www.sec.gov/Archives/edgar/data/1832511/000183251126000036/piii-20260904exhibit102.htm,False,
PIIIW,2026-09-11 00:00:00,https://www.sec.gov/Archives/edgar/data/1832511/000183251126000036/0001832511-26-000036-index.htm,8-K,8-K,https://www.sec.gov/Archives/edgar/data/1832511/000183251126000036/piii-20260904.htm,True,
PIIIW,2026-09-11 00:00:00,https://www.sec.gov/Archives/edgar/data/1832511/000183251126000036/0001832511-26-000036-index.htm,EX-10.1,EX-10.1,https://www.sec.gov/Archives/edgar/data/1832511/000183251126000036/piii-20260904exhibit101.htm,True,
PIIIW,2026-09-11 00:00:00,https://www.sec.gov/Archives/edgar/data/1832511/000183251126000036/0001832511-26-000036-index.htm,EX-10.2,EX-10.2,https://www.sec.gov/Archives/edgar/data/1832511/000183251126000036/piii-20260904exhibit102.htm,False,
GENVR,2026-09-11 00:00:00,https://www.sec.gov/Archives/edgar/data/849399/000084939926000053/0000849399-26-000053-index.htm,8-K,8-K,https://www.sec.gov/Archives/edgar/data/849399/000084939926000053/gen-20260909.htm,False,
GEN,2026-09-11 00:00:00,https://www.sec.gov/Archives/edgar/data/849399/000084939926000053/0000849399-26-000053-index.htm,8-K,8-K,https://www.sec.gov/Archives/edgar/data/849399/000084939926000053/gen-20260909.htm,False,
NLOK,2026-09-11 00:00:00,https://www.sec.gov/Archives/edgar/data/849399/000084939926000053/0000849399-26-000053-index.htm,8-K,8-K,https://www.sec.gov/Archives/edgar/data/849399/000084939926000053/gen-20260909.htm,False,
GLW,2026-09-11 00:00:00,https://www.sec.gov/Archives/edgar/data/24741/000119312526389321/0001193125-26-389321-index.htm,8-K,8-K,https://www.sec.gov/Archives/edgar/data/24741/000119312526389321/d154232d8k.htm,False,
CYCN,2026-09-11 00:00:00,https://www.sec.gov/Archives/edgar/data/1755237/000119312526389318/0001193125-26-389318-index.htm,8-K,8-K,https://www.sec.gov/Archives/edgar/data/1755237/000119312526389318/d178159d8k.htm,True,
CYCN,2026-09-11 00:00:00,https://www.sec.gov/Archives/edgar/data/1755237/000119312526389318/0001193125-26-389318-index.htm,EX-99.1,EX-99.1,https://www.sec.gov/Archives/edgar/data/1755237/000119312526389318/d178159dex991.htm,False,
KRSA,2026-09-11 00:00:00,https://www.sec.gov/Archives/edgar/data/1755237/000119312526389318/0001193125-26-389318-index.htm,8-K,8-K,https://www.sec.gov/Archives/edgar/data/1755237/000119312526389318/d178159d8k.htm,True,
KRSA,2026-09-11 00:00:00,https://www.sec.gov/Archives/edgar/data/1755237/000119312526389318/0001193125-26-389318-index.htm,EX-99.1,EX-99.1,https://www.sec.gov/Archives/edgar/data/1755237/000119312526389318/d178159dex991.htm,False,
LFST,2026-09-11 00:00:00,https://www.sec.gov/Archives/edgar/data/1845257/000119312526389315/0001193125-26-389315-index.htm,8-K,8-K,https://www.sec.gov/Archives/edgar/data/1845257/000119312526389315/d116139d8k.htm,False,
None,2026-09-11 00:00:00,https://www.sec.gov/Archives/edgar/data/1053059/000092052226000025/0000920522-26-000025-index.htm,8-K,8-K,https://www.sec.gov/Archives/edgar/data/920522/000092052226000025/ess-20260911.htm,False,
ESS,2026-09-11 00:00:00,https://www.sec.gov/Archives/edgar/data/920522/000092052226000025/0000920522-26-000025-index.htm,8-K,8-K,https://www.sec.gov/Archives/edgar/data/920522/000092052226000025/ess-20260911.htm,False,
CLS,2026-09-11 00:00:00,https://www.sec.gov/Archives/edgar/data/1030894/000110465926107079/0001104659-26-107079-index.htm,8-K,FORM 8-K,https://www.sec.gov/Archives/edgar/data/1030894/000110465926107079/tm2625204d1_8k.htm,False,
CLS,2026-09-11 00:00:00,https://www.sec.gov/Archives/edgar/data/1030894/000110465926107079/0001104659-26-107079-index.htm,EX-99.1,EXHIBIT 99.1,https://www.sec.gov/Archives/edgar/data/1030894/000110465926107079/tm2625204d1_ex99-1.htm,False,
ARTV,2026-09-11 00:00:00,https://www.sec.gov/Archives/edgar/data/1817241/000119312526389308/0001193125-26-389308-index.htm,8-K,8-K,https://www.sec.gov/Archives/edgar/data/1817241/000119312526389308/artv-20260908.htm,False,
ARTV,2026-09-11 00:00:00,https://www.sec.gov/Archives/edgar/data/1817241/000119312526389308/0001193125-26-389308-index.htm,EX-10.1,EX-10.1,https://www.sec.gov/Archives/edgar/data/1817241/000119312526389308/artv-ex10_1.htm,False,
RTVA,2026-09-11 00:00:00,https://www.sec.gov/Archives/edgar/data/1817241/000119312526389308/0001193125-26-389308-index.htm,8-K,8-K,https://www.sec.gov/Archives/edgar/data/1817241/000119312526389308/artv-20260908.htm,False,
RTVA,2026-09-11 00:00:00,https://www.sec.gov/Archives/edgar/data/1817241/000119312526389308/0001193125-26-389308-index.htm,EX-10.1,EX-10.1,https://www.sec.gov/Archives/edgar/data/1817241/000119312526389308/artv-ex10_1.htm,False,
MEVOU,2026-09-11 00:00:00,https://www.sec.gov/Archives/edgar/data/2087361/000121390026099283/0001213900-26-099283-index.htm,8-K,CURRENT REPORT,https://www.sec.gov/Archives/edgar/data/2087361/000121390026099283/ea0305231-8k_mevo2.htm,False,
MEVO,2026-09-11 00:00:00,https://www.sec.gov/Archives/edgar/data/2087361/000121390026099283/0001213900-26-099283-index.htm,8-K,CURRENT REPORT,https://www.sec.gov/Archives/edgar/data/2087361/000121390026099283/ea0305231-8k_mevo2.htm,False,
MEVOW,2026-09-11 00:00:00,https://www.sec.gov/Archives/edgar/data/2087361/000121390026099283/0001213900-26-099283-index.htm,8-K,CURRENT REPORT,https://www.sec.gov/Archives/edgar/data/2087361/000121390026099283/ea0305231-8k_mevo2.htm,False,
None,2026-09-11 00:00:00,https://www.sec.gov/Archives/edgar/data/1726548/000119312526389299/0001193125-26-389299-index.htm,8-K,8-K,https://www.sec.gov/Archives/edgar/data/1726548/000119312526389299/d95511d8k.htm,False,
None,2026-09-11 00:00:00,https://www.sec.gov/Archives/edgar/data/1726548/000119312526389299/0001193125-26-389299-index.htm,EX-99.1,EX-99.1,https://www.sec.gov/Archives/edgar/data/1726548/000119312526389299/d95511dex991.htm,False,
UNF,2026-09-11 00:00:00,https://www.sec.gov/Archives/edgar/data/717954/000119312526389298/0001193125-26-389298-index.htm,8-K,8-K,https://www.sec.gov/Archives/edgar/data/717954/000119312526389298/d231618d8k.htm,False,
UNF,2026-09-11 00:00:00,https://www.sec.gov/Archives/edgar/data/717954/000119312526389298/0001193125-26-389298-index.htm,EX-10.1,EX-10.1,https://www.sec.gov/Archives/edgar/data/717954/000119312526389298/d231618dex101.htm,False,
None,2026-09-11 00:00:00,https://www.sec.gov/Archives/edgar/data/17797/000110465926107068/0001104659-26-107068-index.htm,8-K,FORM 8-K,https://www.sec.gov/Archives/edgar/data/17797/000110465926107068/tm2625236d1_8k.htm,False,
None,2026-09-11 00:00:00,https://www.sec.gov/Archives/edgar/data/17797/000110465926107068/0001104659-26-107068-index.htm,EX-99.1,EXHIBIT 99.1,https://www.sec.gov/Archives/edgar/data/17797/000110465926107068/tm2625236d1_ex99-1.htm,True,
AMRZ,2026-09-11 00:00:00,https://www.sec.gov/Archives/edgar/data/2035989/000114036126036349/0001140361-26-036349-index.htm,8-K,8-K,https://www.sec.gov/Archives/edgar/data/2035989/000114036126036349/ef20081881_8k.htm,False,
AMRZ,2026-09-11 00:00:00,https://www.sec.gov/Archives/edgar/data/2035989/000114036126036349/0001140361-26-036349-index.htm,EX-99.1,EXHIBIT 99.1,https://www.sec.gov/Archives/edgar/data/2035989/000114036126036349/ef20081881_ex99-1.htm,False,
PEB,2026-09-11 00:00:00,https://www.sec.gov/Archives/edgar/data/1474098/000147409826000059/0001474098-26-000059-index.htm,8-K,8-K,https://www.sec.gov/Archives/edgar/data/1474098/000147409826000059/peb-20260911.htm,False,
PEB-PE,2026-09-11 00:00:00,https://www.sec.gov/Archives/edgar/data/1474098/000147409826000059/0001474098-26-000059-index.htm,8-K,8-K,https://www.sec.gov/Archives/edgar/data/1474098/000147409826000059/peb-20260911.htm,False,
PEB-PD,2026-09-11 00:00:00,https://www.sec.gov/Archives/edgar/data/1474098/000147409826000059/0001474098-26-000059-index.htm,8-K,8-K,https://www.sec.gov/Archives/edgar/data/1474098/000147409826000059/peb-20260911.htm,False,
PEB-PH,2026-09-11 00:00:00,https://www.sec.gov/Archives/edgar/data/1474098/000147409826000059/0001474098-26-000059-index.htm,8-K,8-K,https://www.sec.gov/Archives/edgar/data/1474098/000147409826000059/peb-20260911.htm,False,
PEB-PG,2026-09-11 00:00:00,https://www.sec.gov/Archives/edgar/data/1474098/000147409826000059/0001474098-26-000059-index.htm,8-K,8-K,https://www.sec.gov/Archives/edgar/data/1474098/000147409826000059/peb-20260911.htm,False,
PEB-PF,2026-09-11 00:00:00,https://www.sec.gov/Archives/edgar/data/1474098/000147409826000059/0001474098-26-000059-index.htm,8-K,8-K,https://www.sec.gov/Archives/edgar/data/1474098/000147409826000059/peb-20260911.htm,False,
TG,2026-09-11 00:00:00,https://www.sec.gov/Archives/edgar/data/850429/000162828026061561/0001628280-26-061561-index.htm,8-K,8-K,https://www.sec.gov/Archives/edgar/data/850429/000162828026061561/tg-20260908.htm,False,
ANY,2026-09-11 00:00:00,https://www.sec.gov/Archives/edgar/data/1591956/000121390026099276/0001213900-26-099276-index.htm,8-K,CURRENT REPORT,https://www.sec.gov/Archives/edgar/data/1591956/000121390026099276/ea0305129-8k_sphere.htm,True,
ANY,2026-09-11 00:00:00,https://www.sec.gov/Archives/edgar/data/1591956/000121390026099276/0001213900-26-099276-index.htm,EX-10.1,"SECURITIES PURCHASE AGREEMENT, DATED AS OF SEPTEMBER 8, 2026, BY AND BETWEEN SPH",https://www.sec.gov/Archives/edgar/data/1591956/000121390026099276/ea030512901ex10-1.htm,True,
ANY,2026-09-11 00:00:00,https://www.sec.gov/Archives/edgar/data/1591956/000121390026099276/0001213900-26-099276-index.htm,EX-10.2,FORM OF COMMON SHARE WARRANT,https://www.sec.gov/Archives/edgar/data/1591956/000121390026099276/ea030512901ex10-2.htm,False,
ANY,2026-09-11 00:00:00,https://www.sec.gov/Archives/edgar/data/1591956/000121390026099276/0001213900-26-099276-index.htm,EX-99.1,"PRESS RELEASE DATED SEPTEMBER 8, 2026",https://www.sec.gov/Archives/edgar/data/1591956/000121390026099276/ea030512901ex99-1.htm,False,
AIRE,2026-09-11 00:00:00,https://www.sec.gov/Archives/edgar/data/1859199/000121390026099275/0001213900-26-099275-index.htm,8-K,CURRENT REPORT,https://www.sec.gov/Archives/edgar/data/1859199/000121390026099275/ea0305309-8k_realpha.htm,False,
OCC,2026-09-11 00:00:00,https://www.sec.gov/Archives/edgar/data/1000230/000143774926030174/0001437749-26-030174-index.htm,8-K,FORM 8-K,https://www.sec.gov/Archives/edgar/data/1000230/000143774926030174/occ20260910_8k.htm,False,
OCC,2026-09-11 00:00:00,https://www.sec.gov/Archives/edgar/data/1000230/000143774926030174/0001437749-26-030174-index.htm,EX-99.1,EXHIBIT 99.1,https://www.sec.gov/Archives/edgar/data/1000230/000143774926030174/ex_1014928.htm,False,
GUTS,2026-09-11 00:00:00,https://www.sec.gov/Archives/edgar/data/1572616/000119312526389291/0001193125-26-389291-index.htm,8-K,8-K,https://www.sec.gov/Archives/edgar/data/1572616/000119312526389291/guts-20260910.htm,False,
MINM,2026-09-11 00:00:00,https://www.sec.gov/Archives/edgar/data/1467761/000182912626010048/0001829126-26-010048-index.htm,8-K,8-K,https://www.sec.gov/Archives/edgar/data/1467761/000182912626010048/fiee_8k.htm,False,
FIEE,2026-09-11 00:00:00,https://www.sec.gov/Archives/edgar/data/1467761/000182912626010048/0001829126-26-010048-index.htm,8-K,8-K,https://www.sec.gov/Archives/edgar/data/1467761/000182912626010048/fiee_8k.htm,False,
SNDKV,2026-09-11 00:00:00,https://www.sec.gov/Archives/edgar/data/2023554/000119312526389293/0001193125-26-389293-index.htm,8-K,8-K,https://www.sec.gov/Archives/edgar/data/2023554/000119312526389293/d138343d8k.htm,True,
SNDKV,2026-09-11 00:00:00,https://www.sec.gov/Archives/edgar/data/2023554/000119312526389293/0001193125-26-389293-index.htm,EX-10.1,EX-10.1,https://www.sec.gov/Archives/edgar/data/2023554/000119312526389293/d138343dex101.htm,True,
SNDK,2026-09-11 00:00:00,https://www.sec.gov/Archives/edgar/data/2023554/000119312526389293/0001193125-26-389293-index.htm,8-K,8-K,https://www.sec.gov/Archives/edgar/data/2023554/000119312526389293/d138343d8k.htm,True,
SNDK,2026-09-11 00:00:00,https://www.sec.gov/Archives/edgar/data/2023554/000119312526389293/0001193125-26-389293-index.htm,EX-10.1,EX-10.1,https://www.sec.gov/Archives/edgar/data/2023554/000119312526389293/d138343dex101.htm,True,
USAC,2026-09-11 00:00:00,https://www.sec.gov/Archives/edgar/data/1522727/000152272726000077/0001522727-26-000077-index.htm,8-K,8-K,https://www.sec.gov/Archives/edgar/data/1522727/000152272726000077/usac-20260909.htm,True,
USAC,2026-09-11 00:00:00,https://www.sec.gov/Archives/edgar/data/1522727/000152272726000077/0001522727-26-000077-index.htm,EX-99.1,EX-99.1,https://www.sec.gov/Archives/edgar/data/1522727/000152272726000077/ex9912035noteslaunchpressr.htm,True,
CRON,2026-09-11 00:00:00,https://www.sec.gov/Archives/edgar/data/1656472/000165647226000058/0001656472-26-000058-index.htm,8-K,8-K,https://www.sec.gov/Archives/edgar/data/1656472/000165647226000058/cron-20260908.htm,True,
SKYE,2026-09-11 00:00:00,https://www.sec.gov/Archives/edgar/data/1516551/000162828026061558/0001628280-26-061558-index.htm,8-K,8-K,https://www.sec.gov/Archives/edgar/data/1516551/000162828026061558/skye-20260908.htm,False,
ARR,2026-09-11 00:00:00,https://www.sec.gov/Archives/edgar/data/1428205/000142820526000107/0001428205-26-000107-index.htm,8-K,8-K,https://www.sec.gov/Archives/edgar/data/1428205/000142820526000107/arr-20260911.htm,False,
ARR,2026-09-11 00:00:00,https://www.sec.gov/Archives/edgar/data/1428205/000142820526000107/0001428205-26-000107-index.htm,EX-99.1,EX-99.1,https://www.sec.gov/Archives/edgar/data/1428205/000142820526000107/september2026companyupdate.htm,False,
ARR-PC,2026-09-11 00:00:00,https://www.sec.gov/Archives/edgar/data/1428205/000142820526000107/0001428205-26-000107-index.htm,8-K,8-K,https://www.sec.gov/Archives/edgar/data/1428205/000142820526000107/arr-20260911.htm,False,
ARR-PC,2026-09-11 00:00:00,https://www.sec.gov/Archives/edgar/data/1428205/000142820526000107/0001428205-26-000107-index.htm,EX-99.1,EX-99.1,https://www.sec.gov/Archives/edgar/data/1428205/000142820526000107/september2026companyupdate.htm,False,
GTEC,2026-09-11 00:00:00,https://www.sec.gov/Archives/edgar/data/1735041/000121390026099268/0001213900-26-099268-index.htm,8-K,CURRENT REPORT,https://www.sec.gov/Archives/edgar/data/1735041/000121390026099268/ea0305148-8k_greenland.htm,False,
HGTY-WT,2026-09-11 00:00:00,https://www.sec.gov/Archives/edgar/data/1840776/000119312526389275/0001193125-26-389275-index.htm,8-K,8-K,https://www.sec.gov/Archives/edgar/data/1840776/000119312526389275/d71458d8k.htm,True,
HGTY-WT,2026-09-11 00:00:00,https://www.sec.gov/Archives/edgar/data/1840776/000119312526389275/0001193125-26-389275-index.htm,EX-99.1,EX-99.1,https://www.sec.gov/Archives/edgar/data/1840776/000119312526389275/d71458dex991.htm,False,
HGTY,2026-09-11 00:00:00,https://www.sec.gov/Archives/edgar/data/1840776/000119312526389275/0001193125-26-389275-index.htm,8-K,8-K,https://www.sec.gov/Archives/edgar/data/1840776/000119312526389275/d71458d8k.htm,True,
HGTY,2026-09-11 00:00:00,https://www.sec.gov/Archives/edgar/data/1840776/000119312526389275/0001193125-26-389275-index.htm,EX-99.1,EX-99.1,https://www.sec.gov/Archives/edgar/data/1840776/000119312526389275/d71458dex991.htm,False,
ADF,2026-09-11 00:00:00,https://www.sec.gov/Archives/edgar/data/1840776/000119312526389275/0001193125-26-389275-index.htm,8-K,8-K,https://www.sec.gov/Archives/edgar/data/1840776/000119312526389275/d71458d8k.htm,True,
ADF,2026-09-11 00:00:00,https://www.sec.gov/Archives/edgar/data/1840776/000119312526389275/0001193125-26-389275-index.htm,EX-99.1,EX-99.1,https://www.sec.gov/Archives/edgar/data/1840776/000119312526389275/d71458dex991.htm,False,
NTAP,2026-09-11 00:00:00,https://www.sec.gov/Archives/edgar/data/1002047/000119312526389273/0001193125-26-389273-index.htm,8-K,8-K,https://www.sec.gov/Archives/edgar/data/1002047/000119312526389273/ntap-20260909.htm,False,
NTCT,2026-09-11 00:00:00,https://www.sec.gov/Archives/edgar/data/1078075/000119312526389272/0001193125-26-389272-index.htm,8-K,8-K,https://www.sec.gov/Archives/edgar/data/1078075/000119312526389272/ntct-20260909.htm,False,
NAUT,2026-09-11 00:00:00,https://www.sec.gov/Archives/edgar/data/1808805/000180880526000041/0001808805-26-000041-index.htm,8-K,8-K,https://www.sec.gov/Archives/edgar/data/1808805/000180880526000041/naut-20260911.htm,True,
OCSL,2026-09-11 00:00:00,https://www.sec.gov/Archives/edgar/data/1414932/000119312526389266/0001193125-26-389266-index.htm,8-K,8-K,https://www.sec.gov/Archives/edgar/data/1414932/000119312526389266/d544906d8k.htm,True,
RIBBR,2026-09-11 00:00:00,https://www.sec.gov/Archives/edgar/data/2035016/000121390026099263/0001213900-26-099263-index.htm,8-K,CURRENT REPORT,https://www.sec.gov/Archives/edgar/data/2035016/000121390026099263/ea0305254-8k_ribbon.htm,False,
RIBB,2026-09-11 00:00:00,https://www.sec.gov/Archives/edgar/data/2035016/000121390026099263/0001213900-26-099263-index.htm,8-K,CURRENT REPORT,https://www.sec.gov/Archives/edgar/data/2035016/000121390026099263/ea0305254-8k_ribbon.htm,False,
RIBBU,2026-09-11 00:00:00,https://www.sec.gov/Archives/edgar/data/2035016/000121390026099263/0001213900-26-099263-index.htm,8-K,CURRENT REPORT,https://www.sec.gov/Archives/edgar/data/2035016/000121390026099263/ea0305254-8k_ribbon.htm,False,
TEVJF,2026-09-11 00:00:00,https://www.sec.gov/Archives/edgar/data/818686/000119312526389264/0001193125-26-389264-index.htm,8-K,8-K,https://www.sec.gov/Archives/edgar/data/818686/000119312526389264/d81245d8k.htm,False,
TEVJF,2026-09-11 00:00:00,https://www.sec.gov/Archives/edgar/data/818686/000119312526389264/0001193125-26-389264-index.htm,EX-99.1,EX-99.1,https://www.sec.gov/Archives/edgar/data/818686/000119312526389264/d81245dex991.htm,False,
TEVA,2026-09-11 00:00:00,https://www.sec.gov/Archives/edgar/data/818686/000119312526389264/0001193125-26-389264-index.htm,8-K,8-K,https://www.sec.gov/Archives/edgar/data/818686/000119312526389264/d81245d8k.htm,False,
TEVA,2026-09-11 00:00:00,https://www.sec.gov/Archives/edgar/data/818686/000119312526389264/0001193125-26-389264-index.htm,EX-99.1,EX-99.1,https://www.sec.gov/Archives/edgar/data/818686/000119312526389264/d81245dex991.htm,False,
SIBN,2026-09-11 00:00:00,https://www.sec.gov/Archives/edgar/data/1459839/000145983926000076/0001459839-26-000076-index.htm,8-K,8-K,https://www.sec.gov/Archives/edgar/data/1459839/000145983926000076/sibn-20260821.htm,True,
SIBN,2026-09-11 00:00:00,https://www.sec.gov/Archives/edgar/data/1459839/000145983926000076/0001459839-26-000076-index.htm,EX-10.1,EX-10.1,https://www.sec.gov/Archives/edgar/data/1459839/000145983926000076/ex101-sibnfourthamendment.htm,False,
NEWH,2026-09-11 00:00:00,https://www.sec.gov/Archives/edgar/data/1371128/000149315226042380/0001493152-26-042380-index.htm,8-K,8-K,https://www.sec.gov/Archives/edgar/data/1371128/000149315226042380/form8-k.htm,True,
NEWH,2026-09-11 00:00:00,https://www.sec.gov/Archives/edgar/data/1371128/000149315226042380/0001493152-26-042380-index.htm,EX-10.1,EX-10.1,https://www.sec.gov/Archives/edgar/data/1371128/000149315226042380/ex10-1.htm,False,
NEWH,2026-09-11 00:00:00,https://www.sec.gov/Archives/edgar/data/1371128/000149315226042380/0001493152-26-042380-index.htm,EX-10.2,EX-10.2,https://www.sec.gov/Archives/edgar/data/1371128/000149315226042380/ex10-2.htm,False,
ATEK,2026-09-11 00:00:00,https://www.sec.gov/Archives/edgar/data/1882198/000121390026099259/0001213900-26-099259-index.htm,8-K,CURRENT REPORT,https://www.sec.gov/Archives/edgar/data/1882198/000121390026099259/ea0305259-8k_athena2.htm,False,
ATEK-WT,2026-09-11 00:00:00,https://www.sec.gov/Archives/edgar/data/1882198/000121390026099259/0001213900-26-099259-index.htm,8-K,CURRENT REPORT,https://www.sec.gov/Archives/edgar/data/1882198/000121390026099259/ea0305259-8k_athena2.htm,False,
ATEK-UN,2026-09-11 00:00:00,https://www.sec.gov/Archives/edgar/data/1882198/000121390026099259/0001213900-26-099259-index.htm,8-K,CURRENT REPORT,https://www.sec.gov/Archives/edgar/data/1882198/000121390026099259/ea0305259-8k_athena2.htm,False,
EVAC-WT,2026-09-11 00:00:00,https://www.sec.gov/Archives/edgar/data/2042902/000121390026099260/0001213900-26-099260-index.htm,8-K,CURRENT REPORT,https://www.sec.gov/Archives/edgar/data/2042902/000121390026099260/ea0305036-8k_eqvvent2.htm,False,
EVAC,2026-09-11 00:00:00,https://www.sec.gov/Archives/edgar/data/2042902/000121390026099260/0001213900-26-099260-index.htm,8-K,CURRENT REPORT,https://www.sec.gov/Archives/edgar/data/2042902/000121390026099260/ea0305036-8k_eqvvent2.htm,False,
EVAC-UN,2026-09-11 00:00:00,https://www.sec.gov/Archives/edgar/data/2042902/000121390026099260/0001213900-26-099260-index.htm,8-K,CURRENT REPORT,https://www.sec.gov/Archives/edgar/data/2042902/000121390026099260/ea0305036-8k_eqvvent2.htm,False,
BSY,2026-09-11 00:00:00,https://www.sec.gov/Archives/edgar/data/1031308/000103130826000026/0001031308-26-000026-index.htm,8-K,8-K,https://www.sec.gov/Archives/edgar/data/1031308/000103130826000026/bsy-20260911.htm,False,
BSY,2026-09-11 00:00:00,https://www.sec.gov/Archives/edgar/data/1031308/000103130826000026/0001031308-26-000026-index.htm,EX-99.1,EX-99.1,https://www.sec.gov/Archives/edgar/data/1031308/000103130826000026/exhibit991pr9112026.htm,False,
LCID,2026-09-11 00:00:00,https://www.sec.gov/Archives/edgar/data/1811210/000162828026061541/0001628280-26-061541-index.htm,8-K,8-K,https://www.sec.gov/Archives/edgar/data/1811210/000162828026061541/lcid-20260904.htm,False,
CCIV,2026-09-11 00:00:00,https://www.sec.gov/Archives/edgar/data/1811210/000162828026061541/0001628280-26-061541-index.htm,8-K,8-K,https://www.sec.gov/Archives/edgar/data/1811210/000162828026061541/lcid-20260904.htm,False,
AGNCO,2026-09-11 00:00:00,https://www.sec.gov/Archives/edgar/data/1423689/000142368926000135/0001423689-26-000135-index.htm,8-K,8-K,https://www.sec.gov/Archives/edgar/data/1423689/000142368926000135/agnc-20260911.htm,False,
AGNCO,2026-09-11 00:00:00,https://www.sec.gov/Archives/edgar/data/1423689/000142368926000135/0001423689-26-000135-index.htm,EX-10.1,EX-10.1,https://www.sec.gov/Archives/edgar/data/1423689/000142368926000135/gkamdt-final.htm,False,
AGNCL,2026-09-11 00:00:00,https://www.sec.gov/Archives/edgar/data/1423689/000142368926000135/0001423689-26-000135-index.htm,8-K,8-K,https://www.sec.gov/Archives/edgar/data/1423689/000142368926000135/agnc-20260911.htm,False,
AGNCL,2026-09-11 00:00:00,https://www.sec.gov/Archives/edgar/data/1423689/000142368926000135/0001423689-26-000135-index.htm,EX-10.1,EX-10.1,https://www.sec.gov/Archives/edgar/data/1423689/000142368926000135/gkamdt-final.htm,False,
AGNC,2026-09-11 00:00:00,https://www.sec.gov/Archives/edgar/data/1423689/000142368926000135/0001423689-26-000135-index.htm,8-K,8-K,https://www.sec.gov/Archives/edgar/data/1423689/000142368926000135/agnc-20260911.htm,False,
AGNC,2026-09-11 00:00:00,https://www.sec.gov/Archives/edgar/data/1423689/000142368926000135/0001423689-26-000135-index.htm,EX-10.1,EX-10.1,https://www.sec.gov/Archives/edgar/data/1423689/000142368926000135/gkamdt-final.htm,False,
AGNCM,2026-09-11 00:00:00,https://www.sec.gov/Archives/edgar/data/1423689/000142368926000135/0001423689-26-000135-index.htm,8-K,8-K,https://www.sec.gov/Archives/edgar/data/1423689/000142368926000135/agnc-20260911.htm,False,
AGNCM,2026-09-11 00:00:00,https://www.sec.gov/Archives/edgar/data/1423689/000142368926000135/0001423689-26-000135-index.htm,EX-10.1,EX-10.1,https://www.sec.gov/Archives/edgar/data/1423689/000142368926000135/gkamdt-final.htm,False,
AGNCN,2026-09-11 00:00:00,https://www.sec.gov/Archives/edgar/data/1423689/000142368926000135/0001423689-26-000135-index.htm,8-K,8-K,https://www.sec.gov/Archives/edgar/data/1423689/000142368926000135/agnc-20260911.htm,False,
AGNCN,2026-09-11 00:00:00,https://www.sec.gov/Archives/edgar/data/1423689/000142368926000135/0001423689-26-000135-index.htm,EX-10.1,EX-10.1,https://www.sec.gov/Archives/edgar/data/1423689/000142368926000135/gkamdt-final.htm,False,
AGNCP,2026-09-11 00:00:00,https://www.sec.gov/Archives/edgar/data/1423689/000142368926000135/0001423689-26-000135-index.htm,8-K,8-K,https://www.sec.gov/Archives/edgar/data/1423689/000142368926000135/agnc-20260911.htm,False,
AGNCP,2026-09-11 00:00:00,https://www.sec.gov/Archives/edgar/data/1423689/000142368926000135/0001423689-26-000135-index.htm,EX-10.1,EX-10.1,https://www.sec.gov/Archives/edgar/data/1423689/000142368926000135/gkamdt-final.htm,False,
BNC,2026-09-11 00:00:00,https://www.sec.gov/Archives/edgar/data/1482541/000148254126000053/0001482541-26-000053-index.htm,8-K,8-K,https://www.sec.gov/Archives/edgar/data/1482541/000148254126000053/bnc-20260911.htm,False,
BNC,2026-09-11 00:00:00,https://www.sec.gov/Archives/edgar/data/1482541/000148254126000053/0001482541-26-000053-index.htm,EX-99.1,EX-99.1,https://www.sec.gov/Archives/edgar/data/1482541/000148254126000053/bnc-2026x09x11xpr.htm,False,
CEAD,2026-09-11 00:00:00,https://www.sec.gov/Archives/edgar/data/1482541/000148254126000053/0001482541-26-000053-index.htm,8-K,8-K,https://www.sec.gov/Archives/edgar/data/1482541/000148254126000053/bnc-20260911.htm,False,
CEAD,2026-09-11 00:00:00,https://www.sec.gov/Archives/edgar/data/1482541/000148254126000053/0001482541-26-000053-index.htm,EX-99.1,EX-99.1,https://www.sec.gov/Archives/edgar/data/1482541/000148254126000053/bnc-2026x09x11xpr.htm,False,
CEADW,2026-09-11 00:00:00,https://www.sec.gov/Archives/edgar/data/1482541/000148254126000053/0001482541-26-000053-index.htm,8-K,8-K,https://www.sec.gov/Archives/edgar/data/1482541/000148254126000053/bnc-20260911.htm,False,
CEADW,2026-09-11 00:00:00,https://www.sec.gov/Archives/edgar/data/1482541/000148254126000053/0001482541-26-000053-index.htm,EX-99.1,EX-99.1,https://www.sec.gov/Archives/edgar/data/1482541/000148254126000053/bnc-2026x09x11xpr.htm,False,
SRNA,2026-09-11 00:00:00,https://www.sec.gov/Archives/edgar/data/1482541/000148254126000053/0001482541-26-000053-index.htm,8-K,8-K,https://www.sec.gov/Archives/edgar/data/1482541/000148254126000053/bnc-20260911.htm,False,
SRNA,2026-09-11 00:00:00,https://www.sec.gov/Archives/edgar/data/1482541/000148254126000053/0001482541-26-000053-index.htm,EX-99.1,EX-99.1,https://www.sec.gov/Archives/edgar/data/1482541/000148254126000053/bnc-2026x09x11xpr.htm,False,
RIBBR,2026-09-11 00:00:00,https://www.sec.gov/Archives/edgar/data/2035016/000121390026099253/0001213900-26-099253-index.htm,8-K,CURRENT REPORT,https://www.sec.gov/Archives/edgar/data/2035016/000121390026099253/ea0305127-8k_ribbon.htm,False,
RIBB,2026-09-11 00:00:00,https://www.sec.gov/Archives/edgar/data/2035016/000121390026099253/0001213900-26-099253-index.htm,8-K,CURRENT REPORT,https://www.sec.gov/Archives/edgar/data/2035016/000121390026099253/ea0305127-8k_ribbon.htm,False,
RIBBU,2026-09-11 00:00:00,https://www.sec.gov/Archives/edgar/data/2035016/000121390026099253/0001213900-26-099253-index.htm,8-K,CURRENT REPORT,https://www.sec.gov/Archives/edgar/data/2035016/000121390026099253/ea0305127-8k_ribbon.htm,False,
SMG,2026-09-11 00:00:00,https://www.sec.gov/Archives/edgar/data/825542/000082554226000047/0000825542-26-000047-index.htm,8-K,8-K,https://www.sec.gov/Archives/edgar/data/825542/000082554226000047/smg-20260911.htm,False,
PBAM,2026-09-11 00:00:00,https://www.sec.gov/Archives/edgar/data/1705284/000119312526389249/0001193125-26-389249-index.htm,8-K,8-K,https://www.sec.gov/Archives/edgar/data/1705284/000119312526389249/d145617d8k.htm,False,
PBAM,2026-09-11 00:00:00,https://www.sec.gov/Archives/edgar/data/1705284/000119312526389249/0001193125-26-389249-index.htm,EX-10.1,EX-10.1,https://www.sec.gov/Archives/edgar/data/1705284/000119312526389249/d145617dex101.htm,False,
DAKT,2026-09-11 00:00:00,https://www.sec.gov/Archives/edgar/data/915779/000162828026061533/0001628280-26-061533-index.htm,8-K,8-K,https://www.sec.gov/Archives/edgar/data/915779/000162828026061533/dakt-20260905.htm,False,
IAC,2026-09-11 00:00:00,https://www.sec.gov/Archives/edgar/data/1800227/000162828026061531/0001628280-26-061531-index.htm,8-K,8-K,https://www.sec.gov/Archives/edgar/data/1800227/000162828026061531/iaci-20260911.htm,False,
IAC,2026-09-11 00:00:00,https://www.sec.gov/Archives/edgar/data/1800227/000162828026061531/0001628280-26-061531-index.htm,EX-99.1,EX-99.1,https://www.sec.gov/Archives/edgar/data/1800227/000162828026061531/iaci-20260911_d2.htm,True,
NPWR,2026-09-11 00:00:00,https://www.sec.gov/Archives/edgar/data/1845437/000110465926107045/0001104659-26-107045-index.htm,8-K,FORM 8-K,https://www.sec.gov/Archives/edgar/data/1845437/000110465926107045/tm2625288d1_8k.htm,True,
RONI-WT,2026-09-11 00:00:00,https://www.sec.gov/Archives/edgar/data/1845437/000110465926107045/0001104659-26-107045-index.htm,8-K,FORM 8-K,https://www.sec.gov/Archives/edgar/data/1845437/000110465926107045/tm2625288d1_8k.htm,True,
RONI,2026-09-11 00:00:00,https://www.sec.gov/Archives/edgar/data/1845437/000110465926107045/0001104659-26-107045-index.htm,8-K,FORM 8-K,https://www.sec.gov/Archives/edgar/data/1845437/000110465926107045/tm2625288d1_8k.htm,True,
RONI-UN,2026-09-11 00:00:00,https://www.sec.gov/Archives/edgar/data/1845437/000110465926107045/0001104659-26-107045-index.htm,8-K,FORM 8-K,https://www.sec.gov/Archives/edgar/data/1845437/000110465926107045/tm2625288d1_8k.htm,True,
VLGEA,2026-09-11 00:00:00,https://www.sec.gov/Archives/edgar/data/103595/000010359526000014/0000103595-26-000014-index.htm,8-K,8-K,https://www.sec.gov/Archives/edgar/data/103595/000010359526000014/vlgea-20260911.htm,False,
VLGEA,2026-09-11 00:00:00,https://www.sec.gov/Archives/edgar/data/103595/000010359526000014/0000103595-26-000014-index.htm,EX-99.1,EX-99.1,https://www.sec.gov/Archives/edgar/data/103595/000010359526000014/vlgea-20260911ex99x1.htm,False,
None,2026-09-11 00:00:00,https://www.sec.gov/Archives/edgar/data/1133438/000119312526389229/0001193125-26-389229-index.htm,8-K,8-K,https://www.sec.gov/Archives/edgar/data/1133438/000119312526389229/d112275d8k.htm,False,
None,2026-09-11 00:00:00,https://www.sec.gov/Archives/edgar/data/2149906/000119312526389229/0001193125-26-389229-index.htm,8-K,8-K,https://www.sec.gov/Archives/edgar/data/1133438/000119312526389229/d112275d8k.htm,False,
None,2026-09-11 00:00:00,https://www.sec.gov/Archives/edgar/data/2149906/000119312526389215/0001193125-26-389215-index.htm,8-K,8-K,https://www.sec.gov/Archives/edgar/data/1133438/000119312526389215/d117449d8k.htm,True,
None,2026-09-11 00:00:00,https://www.sec.gov/Archives/edgar/data/2149906/000119312526389215/0001193125-26-389215-index.htm,EX-10.1,EX-10.1,https://www.sec.gov/Archives/edgar/data/1133438/000119312526389215/d117449dex101.htm,True,
None,2026-09-11 00:00:00,https://www.sec.gov/Archives/edgar/data/2149906/000119312526389215/0001193125-26-389215-index.htm,EX-10.2,EX-10.2,https://www.sec.gov/Archives/edgar/data/1133438/000119312526389215/d117449dex102.htm,False,
None,2026-09-11 00:00:00,https://www.sec.gov/Archives/edgar/data/1133438/000119312526389215/0001193125-26-389215-index.htm,8-K,8-K,https://www.sec.gov/Archives/edgar/data/1133438/000119312526389215/d117449d8k.htm,True,
None,2026-09-11 00:00:00,https://www.sec.gov/Archives/edgar/data/1133438/000119312526389215/0001193125-26-389215-index.htm,EX-10.1,EX-10.1,https://www.sec.gov/Archives/edgar/data/1133438/000119312526389215/d117449dex101.htm,True,
None,2026-09-11 00:00:00,https://www.sec.gov/Archives/edgar/data/1133438/000119312526389215/0001193125-26-389215-index.htm,EX-10.2,EX-10.2,https://www.sec.gov/Archives/edgar/data/1133438/000119312526389215/d117449dex102.htm,False,
None,2026-09-11 00:00:00,https://www.sec.gov/Archives/edgar/data/2020737/000149315226042368/0001493152-26-042368-index.htm,8-K,8-K,https://www.sec.gov/Archives/edgar/data/2020737/000149315226042368/form8-k.htm,False,
None,2026-09-11 00:00:00,https://www.sec.gov/Archives/edgar/data/2020737/000149315226042368/0001493152-26-042368-index.htm,EX-99.1,EX-99.1,https://www.sec.gov/Archives/edgar/data/2020737/000149315226042368/ex99-1.htm,False,
BBLR,2026-09-11 00:00:00,https://www.sec.gov/Archives/edgar/data/1873722/000149315226042362/0001493152-26-042362-index.htm,8-K,8-K,https://www.sec.gov/Archives/edgar/data/1873722/000149315226042362/form8-k.htm,False,
DBGIW,2026-09-11 00:00:00,https://www.sec.gov/Archives/edgar/data/1668010/000149315226042355/0001493152-26-042355-index.htm,8-K,8-K,https://www.sec.gov/Archives/edgar/data/1668010/000149315226042355/form8-k.htm,False,
DBGIW,2026-09-11 00:00:00,https://www.sec.gov/Archives/edgar/data/1668010/000149315226042355/0001493152-26-042355-index.htm,EX-99.1,EX-99.1,https://www.sec.gov/Archives/edgar/data/1668010/000149315226042355/ex99-1.htm,False,
DBGI,2026-09-11 00:00:00,https://www.sec.gov/Archives/edgar/data/1668010/000149315226042355/0001493152-26-042355-index.htm,8-K,8-K,https://www.sec.gov/Archives/edgar/data/1668010/000149315226042355/form8-k.htm,False,
DBGI,2026-09-11 00:00:00,https://www.sec.gov/Archives/edgar/data/1668010/000149315226042355/0001493152-26-042355-index.htm,EX-99.1,EX-99.1,https://www.sec.gov/Archives/edgar/data/1668010/000149315226042355/ex99-1.htm,False,
ANVI,2026-09-11 00:00:00,https://www.sec.gov/Archives/edgar/data/1570132/000107997326001246/0001079973-26-001246-index.htm,8-K,FORM 8-K,https://www.sec.gov/Archives/edgar/data/1570132/000107997326001246/anvi_8k.htm,False,
ANVI,2026-09-11 00:00:00,https://www.sec.gov/Archives/edgar/data/1570132/000107997326001246/0001079973-26-001246-index.htm,EX-10.1,EXHIBIT 10.1,https://www.sec.gov/Archives/edgar/data/1570132/000107997326001246/ex10x1.htm,False,
ANVI,2026-09-11 00:00:00,https://www.sec.gov/Archives/edgar/data/1570132/000107997326001246/0001079973-26-001246-index.htm,EX-10.2,EXHIBIT 10.2,https://www.sec.gov/Archives/edgar/data/1570132/000107997326001246/ex10x2.htm,False,
HNOI,2026-09-11 00:00:00,https://www.sec.gov/Archives/edgar/data/1342916/000134291626000054/0001342916-26-000054-index.htm,8-K,FORM 8-K,https://www.sec.gov/Archives/edgar/data/1342916/000134291626000054/hnoi8k92026.htm,True,
NOBH,2026-09-11 00:00:00,https://www.sec.gov/Archives/edgar/data/72205/000119312526388929/0001193125-26-388929-index.htm,8-K,8-K,https://www.sec.gov/Archives/edgar/data/72205/000119312526388929/d98350d8k.htm,False,
NOBH,2026-09-11 00:00:00,https://www.sec.gov/Archives/edgar/data/72205/000119312526388929/0001193125-26-388929-index.htm,EX-99.1,EX-99.1,https://www.sec.gov/Archives/edgar/data/72205/000119312526388929/d98350dex991.htm,False,
None,2026-09-11 00:00:00,https://www.sec.gov/Archives/edgar/data/1325814/000132581426000144/0001325814-26-000144-index.htm,8-K,8-K,https://www.sec.gov/Archives/edgar/data/1325814/000132581426000144/fhlbdm-20260908.htm,False,
None,2026-09-11 00:00:00,https://www.sec.gov/Archives/edgar/data/1325814/000132581426000144/0001325814-26-000144-index.htm,EX-99.1,EX-99.1,https://www.sec.gov/Archives/edgar/data/1325814/000132581426000144/tsy091126ex991.htm,False,
None,2026-09-11 00:00:00,https://www.sec.gov/Archives/edgar/data/1066247/000119312526388861/0001193125-26-388861-index.htm,8-K,8-K,https://www.sec.gov/Archives/edgar/data/910606/000119312526388861/reg-20260911.htm,False,
REG,2026-09-11 00:00:00,https://www.sec.gov/Archives/edgar/data/910606/000119312526388861/0001193125-26-388861-index.htm,8-K,8-K,https://www.sec.gov/Archives/edgar/data/910606/000119312526388861/reg-20260911.htm,False,
REGCP,2026-09-11 00:00:00,https://www.sec.gov/Archives/edgar/data/910606/000119312526388861/0001193125-26-388861-index.htm,8-K,8-K,https://www.sec.gov/Archives/edgar/data/910606/000119312526388861/reg-20260911.htm,False,
BLGO,2026-09-11 00:00:00,https://www.sec.gov/Archives/edgar/data/880242/000143774926030124/0001437749-26-030124-index.htm,8-K,FORM 8-K,https://www.sec.gov/Archives/edgar/data/880242/000143774926030124/blgo20260910_8k.htm,False,
BLGO,2026-09-11 00:00:00,https://www.sec.gov/Archives/edgar/data/880242/000143774926030124/0001437749-26-030124-index.htm,EX-99.1,EXHIBIT 99.1 PRESENTATION DECK,https://www.sec.gov/Archives/edgar/data/880242/000143774926030124/ex_1015073.htm,False,
EZRA,2026-09-11 00:00:00,https://www.sec.gov/Archives/edgar/data/1812727/000149315226042319/0001493152-26-042319-index.htm,8-K,8-K,https://www.sec.gov/Archives/edgar/data/1812727/000149315226042319/form8-k.htm,True,
EZRA,2026-09-11 00:00:00,https://www.sec.gov/Archives/edgar/data/1812727/000149315226042319/0001493152-26-042319-index.htm,EX-10.1,EX-10.1,https://www.sec.gov/Archives/edgar/data/1812727/000149315226042319/ex10-1.htm,True,
EZRA,2026-09-11 00:00:00,https://www.sec.gov/Archives/edgar/data/1812727/000149315226042319/0001493152-26-042319-index.htm,EX-10.2,EX-10.2,https://www.sec.gov/Archives/edgar/data/1812727/000149315226042319/ex10-2.htm,True,
RELI,2026-09-11 00:00:00,https://www.sec.gov/Archives/edgar/data/1812727/000149315226042319/0001493152-26-042319-index.htm,8-K,8-K,https://www.sec.gov/Archives/edgar/data/1812727/000149315226042319/form8-k.htm,True,
RELI,2026-09-11 00:00:00,https://www.sec.gov/Archives/edgar/data/1812727/000149315226042319/0001493152-26-042319-index.htm,EX-10.1,EX-10.1,https://www.sec.gov/Archives/edgar/data/1812727/000149315226042319/ex10-1.htm,True,
RELI,2026-09-11 00:00:00,https://www.sec.gov/Archives/edgar/data/1812727/000149315226042319/0001493152-26-042319-index.htm,EX-10.2,EX-10.2,https://www.sec.gov/Archives/edgar/data/1812727/000149315226042319/ex10-2.htm,True,
RELIW,2026-09-11 00:00:00,https://www.sec.gov/Archives/edgar/data/1812727/000149315226042319/0001493152-26-042319-index.htm,8-K,8-K,https://www.sec.gov/Archives/edgar/data/1812727/000149315226042319/form8-k.htm,True,
RELIW,2026-09-11 00:00:00,https://www.sec.gov/Archives/edgar/data/1812727/000149315226042319/0001493152-26-042319-index.htm,EX-10.1,EX-10.1,https://www.sec.gov/Archives/edgar/data/1812727/000149315226042319/ex10-1.htm,True,
RELIW,2026-09-11 00:00:00,https://www.sec.gov/Archives/edgar/data/1812727/000149315226042319/0001493152-26-042319-index.htm,EX-10.2,EX-10.2,https://www.sec.gov/Archives/edgar/data/1812727/000149315226042319/ex10-2.htm,True,
None,2026-09-11 00:00:00,https://www.sec.gov/Archives/edgar/data/1771514/000119312526388716/0001193125-26-388716-index.htm,8-K,8-K,https://www.sec.gov/Archives/edgar/data/1771514/000119312526388716/none-20260815.htm,False,
BRTX,2026-09-11 00:00:00,https://www.sec.gov/Archives/edgar/data/1505497/000121390026099018/0001213900-26-099018-index.htm,8-K,CURRENT REPORT,https://www.sec.gov/Archives/edgar/data/1505497/000121390026099018/ea0305246-8k_biore.htm,True,
CHPG,2026-09-11 00:00:00,https://www.sec.gov/Archives/edgar/data/2024460/000121390026099015/0001213900-26-099015-index.htm,8-K,CURRENT REPORT,https://www.sec.gov/Archives/edgar/data/2024460/000121390026099015/ea0305243-8k425_champions.htm,False,
CHPG,2026-09-11 00:00:00,https://www.sec.gov/Archives/edgar/data/2024460/000121390026099015/0001213900-26-099015-index.htm,EX-99.1,"PRESS RELEASE, DATED SEPTEMBER 11, 2026",https://www.sec.gov/Archives/edgar/data/2024460/000121390026099015/ea030524301ex99-1.htm,False,
CHPGR,2026-09-11 00:00:00,https://www.sec.gov/Archives/edgar/data/2024460/000121390026099015/0001213900-26-099015-index.htm,8-K,CURRENT REPORT,https://www.sec.gov/Archives/edgar/data/2024460/000121390026099015/ea0305243-8k425_champions.htm,False,
CHPGR,2026-09-11 00:00:00,https://www.sec.gov/Archives/edgar/data/2024460/000121390026099015/0001213900-26-099015-index.htm,EX-99.1,"PRESS RELEASE, DATED SEPTEMBER 11, 2026",https://www.sec.gov/Archives/edgar/data/2024460/000121390026099015/ea030524301ex99-1.htm,False,
CHPGU,2026-09-11 00:00:00,https://www.sec.gov/Archives/edgar/data/2024460/000121390026099015/0001213900-26-099015-index.htm,8-K,CURRENT REPORT,https://www.sec.gov/Archives/edgar/data/2024460/000121390026099015/ea0305243-8k425_champions.htm,False,
CHPGU,2026-09-11 00:00:00,https://www.sec.gov/Archives/edgar/data/2024460/000121390026099015/0001213900-26-099015-index.htm,EX-99.1,"PRESS RELEASE, DATED SEPTEMBER 11, 2026",https://www.sec.gov/Archives/edgar/data/2024460/000121390026099015/ea030524301ex99-1.htm,False,
VCTR,2026-09-11 00:00:00,https://www.sec.gov/Archives/edgar/data/1570827/000119312526388709/0001193125-26-388709-index.htm,8-K,8-K,https://www.sec.gov/Archives/edgar/data/1570827/000119312526388709/vctr-20260911.htm,False,
VCTR,2026-09-11 00:00:00,https://www.sec.gov/Archives/edgar/data/1570827/000119312526388709/0001193125-26-388709-index.htm,EX-99.1,EX-99.1,https://www.sec.gov/Archives/edgar/data/1570827/000119312526388709/vctr-ex99_1.htm,False,
ACAXU,2026-09-11 00:00:00,https://www.sec.gov/Archives/edgar/data/1897245/000149315226042315/0001493152-26-042315-index.htm,8-K,8-K,https://www.sec.gov/Archives/edgar/data/1897245/000149315226042315/form8-k.htm,True,
ACAXU,2026-09-11 00:00:00,https://www.sec.gov/Archives/edgar/data/1897245/000149315226042315/0001493152-26-042315-index.htm,EX-10.1,EX-10.1,https://www.sec.gov/Archives/edgar/data/1897245/000149315226042315/ex10-1.htm,False,
ACAXR,2026-09-11 00:00:00,https://www.sec.gov/Archives/edgar/data/1897245/000149315226042315/0001493152-26-042315-index.htm,8-K,8-K,https://www.sec.gov/Archives/edgar/data/1897245/000149315226042315/form8-k.htm,True,
ACAXR,2026-09-11 00:00:00,https://www.sec.gov/Archives/edgar/data/1897245/000149315226042315/0001493152-26-042315-index.htm,EX-10.1,EX-10.1,https://www.sec.gov/Archives/edgar/data/1897245/000149315226042315/ex10-1.htm,False,
HWH,2026-09-11 00:00:00,https://www.sec.gov/Archives/edgar/data/1897245/000149315226042315/0001493152-26-042315-index.htm,8-K,8-K,https://www.sec.gov/Archives/edgar/data/1897245/000149315226042315/form8-k.htm,True,
HWH,2026-09-11 00:00:00,https://www.sec.gov/Archives/edgar/data/1897245/000149315226042315/0001493152-26-042315-index.htm,EX-10.1,EX-10.1,https://www.sec.gov/Archives/edgar/data/1897245/000149315226042315/ex10-1.htm,False,
ACAXW,2026-09-11 00:00:00,https://www.sec.gov/Archives/edgar/data/1897245/000149315226042315/0001493152-26-042315-index.htm,8-K,8-K,https://www.sec.gov/Archives/edgar/data/1897245/000149315226042315/form8-k.htm,True,
ACAXW,2026-09-11 00:00:00,https://www.sec.gov/Archives/edgar/data/1897245/000149315226042315/0001493152-26-042315-index.htm,EX-10.1,EX-10.1,https://www.sec.gov/Archives/edgar/data/1897245/000149315226042315/ex10-1.htm,False,
ACAX,2026-09-11 00:00:00,https://www.sec.gov/Archives/edgar/data/1897245/000149315226042315/0001493152-26-042315-index.htm,8-K,8-K,https://www.sec.gov/Archives/edgar/data/1897245/000149315226042315/form8-k.htm,True,
ACAX,2026-09-11 00:00:00,https://www.sec.gov/Archives/edgar/data/1897245/000149315226042315/0001493152-26-042315-index.htm,EX-10.1,EX-10.1,https://www.sec.gov/Archives/edgar/data/1897245/000149315226042315/ex10-1.htm,False,
NFE,2026-09-11 00:00:00,https://www.sec.gov/Archives/edgar/data/1749723/000174972326000118/0001749723-26-000118-index.htm,8-K,8-K,https://www.sec.gov/Archives/edgar/data/1749723/000174972326000118/nfe-20260911.htm,True,
NFE,2026-09-11 00:00:00,https://www.sec.gov/Archives/edgar/data/1749723/000174972326000118/0001749723-26-000118-index.htm,EX-10.1,EX-10.1,https://www.sec.gov/Archives/edgar/data/1749723/000174972326000118/a101lady-separationagreeme.htm,True,
NFE,2026-09-11 00:00:00,https://www.sec.gov/Archives/edgar/data/1749723/000174972326000118/0001749723-26-000118-index.htm,EX-10.2,EX-10.2,https://www.sec.gov/Archives/edgar/data/1749723/000174972326000118/a102nfe-corecotlxprojectla.htm,True,
NFE,2026-09-11 00:00:00,https://www.sec.gov/Archives/edgar/data/1749723/000174972326000118/0001749723-26-000118-index.htm,EX-99.1,EX-99.1,https://www.sec.gov/Archives/edgar/data/1749723/000174972326000118/nfeclosingpressrelease-fin.htm,True,
None,2026-09-11 00:00:00,https://www.sec.gov/Archives/edgar/data/2081043/000114036126036283/0001140361-26-036283-index.htm,8-K,8-K,https://www.sec.gov/Archives/edgar/data/2081043/000114036126036283/ef20081247_8k.htm,False,
AON,2026-09-11 00:00:00,https://www.sec.gov/Archives/edgar/data/315293/000119312526388699/0001193125-26-388699-index.htm,8-K,8-K,https://www.sec.gov/Archives/edgar/data/315293/000119312526388699/d67980d8k.htm,False,
AON,2026-09-11 00:00:00,https://www.sec.gov/Archives/edgar/data/315293/000119312526388699/0001193125-26-388699-index.htm,EX-99.1,EX-99.1,https://www.sec.gov/Archives/edgar/data/315293/000119312526388699/d67980dex991.htm,True,
APUS,2026-09-11 00:00:00,https://www.sec.gov/Archives/edgar/data/1894525/000121390026099002/0001213900-26-099002-index.htm,8-K,CURRENT REPORT,https://www.sec.gov/Archives/edgar/data/1894525/000121390026099002/ea0305245-8k_apimeds.htm,True,
APUS,2026-09-11 00:00:00,https://www.sec.gov/Archives/edgar/data/1894525/000121390026099002/0001213900-26-099002-index.htm,EX-10.1,"FIRST AMENDMENT TO CONFIDENTIAL SETTLEMENT AND MUTUAL RELEASE AGREEMENT, DATED S",https://www.sec.gov/Archives/edgar/data/1894525/000121390026099002/ea030524501ex10-1.htm,False,
FREVS,2026-09-11 00:00:00,https://www.sec.gov/Archives/edgar/data/36840/000117494726000856/0001174947-26-000856-index.htm,8-K,8-K,https://www.sec.gov/Archives/edgar/data/36840/000117494726000856/form8k-36304_frevs.htm,False,
FREVS,2026-09-11 00:00:00,https://www.sec.gov/Archives/edgar/data/36840/000117494726000856/0001174947-26-000856-index.htm,EX-99.1,EX-99.1,https://www.sec.gov/Archives/edgar/data/36840/000117494726000856/ex99-1.htm,True,
JVA,2026-09-11 00:00:00,https://www.sec.gov/Archives/edgar/data/1007019/000149315226042312/0001493152-26-042312-index.htm,8-K,8-K,https://www.sec.gov/Archives/edgar/data/1007019/000149315226042312/form8-k.htm,False,
JVA,2026-09-11 00:00:00,https://www.sec.gov/Archives/edgar/data/1007019/000149315226042312/0001493152-26-042312-index.htm,EX-99.1,EX-99.1,https://www.sec.gov/Archives/edgar/data/1007019/000149315226042312/ex99-1.htm,False,
BUKS,2026-09-11 00:00:00,https://www.sec.gov/Archives/edgar/data/15847/000001584726000044/0000015847-26-000044-index.htm,8-K,8-K,https://www.sec.gov/Archives/edgar/data/15847/000001584726000044/buks-20260911.htm,False,
CDLX,2026-09-11 00:00:00,https://www.sec.gov/Archives/edgar/data/1666071/000162828026061459/0001628280-26-061459-index.htm,8-K,8-K,https://www.sec.gov/Archives/edgar/data/1666071/000162828026061459/cdlx-20260904.htm,True,
CDLX,2026-09-11 00:00:00,https://www.sec.gov/Archives/edgar/data/1666071/000162828026061459/0001628280-26-061459-index.htm,EX-10.1,EX-10.1,https://www.sec.gov/Archives/edgar/data/1666071/000162828026061459/jainvcardlytics-20260904se.htm,False,
None,2026-09-11 00:00:00,https://www.sec.gov/Archives/edgar/data/1926314/000149315226042309/0001493152-26-042309-index.htm,8-K,8-K,https://www.sec.gov/Archives/edgar/data/1926314/000149315226042309/form8-k.htm,False,
None,2026-09-11 00:00:00,https://www.sec.gov/Archives/edgar/data/1496264/000148251226000073/0001482512-26-000073-index.htm,8-K,8-K,https://www.sec.gov/Archives/edgar/data/1482512/000148251226000073/hpp-20260909.htm,True,
None,2026-09-11 00:00:00,https://www.sec.gov/Archives/edgar/data/1496264/000148251226000073/0001482512-26-000073-index.htm,EX-99.1,EX-99.1,https://www.sec.gov/Archives/edgar/data/1482512/000148251226000073/hmploanextensionpr091026fi.htm,False,
HPP,2026-09-11 00:00:00,https://www.sec.gov/Archives/edgar/data/1482512/000148251226000073/0001482512-26-000073-index.htm,8-K,8-K,https://www.sec.gov/Archives/edgar/data/1482512/000148251226000073/hpp-20260909.htm,True,
HPP,2026-09-11 00:00:00,https://www.sec.gov/Archives/edgar/data/1482512/000148251226000073/0001482512-26-000073-index.htm,EX-99.1,EX-99.1,https://www.sec.gov/Archives/edgar/data/1482512/000148251226000073/hmploanextensionpr091026fi.htm,False,
HPP-PC,2026-09-11 00:00:00,https://www.sec.gov/Archives/edgar/data/1482512/000148251226000073/0001482512-26-000073-index.htm,8-K,8-K,https://www.sec.gov/Archives/edgar/data/1482512/000148251226000073/hpp-20260909.htm,True,
HPP-PC,2026-09-11 00:00:00,https://www.sec.gov/Archives/edgar/data/1482512/000148251226000073/0001482512-26-000073-index.htm,EX-99.1,EX-99.1,https://www.sec.gov/Archives/edgar/data/1482512/000148251226000073/hmploanextensionpr091026fi.htm,False,
BIAF,2026-09-11 00:00:00,https://www.sec.gov/Archives/edgar/data/1712762/000149315226042304/0001493152-26-042304-index.htm,8-K,8-K,https://www.sec.gov/Archives/edgar/data/1712762/000149315226042304/form8-k.htm,False,
BIAF,2026-09-11 00:00:00,https://www.sec.gov/Archives/edgar/data/1712762/000149315226042304/0001493152-26-042304-index.htm,EX-99.1,EX-99.1,https://www.sec.gov/Archives/edgar/data/1712762/000149315226042304/ex99-1.htm,False,
BIAFW,2026-09-11 00:00:00,https://www.sec.gov/Archives/edgar/data/1712762/000149315226042304/0001493152-26-042304-index.htm,8-K,8-K,https://www.sec.gov/Archives/edgar/data/1712762/000149315226042304/form8-k.htm,False,
BIAFW,2026-09-11 00:00:00,https://www.sec.gov/Archives/edgar/data/1712762/000149315226042304/0001493152-26-042304-index.htm,EX-99.1,EX-99.1,https://www.sec.gov/Archives/edgar/data/1712762/000149315226042304/ex99-1.htm,False,
BOC,2026-09-11 00:00:00,https://www.sec.gov/Archives/edgar/data/1494582/000143774926030118/0001437749-26-030118-index.htm,8-K,FORM 8-K,https://www.sec.gov/Archives/edgar/data/1494582/000143774926030118/bomn20260910_8k.htm,False,
BOC,2026-09-11 00:00:00,https://www.sec.gov/Archives/edgar/data/1494582/000143774926030118/0001437749-26-030118-index.htm,EX-99.1,"EXHIBIT 99.1 PRESS RELEASE DATED SEPTEMBER 11, 2026",https://www.sec.gov/Archives/edgar/data/1494582/000143774926030118/ex_1014685.htm,False,
BOMN,2026-09-11 00:00:00,https://www.sec.gov/Archives/edgar/data/1494582/000143774926030118/0001437749-26-030118-index.htm,8-K,FORM 8-K,https://www.sec.gov/Archives/edgar/data/1494582/000143774926030118/bomn20260910_8k.htm,False,
BOMN,2026-09-11 00:00:00,https://www.sec.gov/Archives/edgar/data/1494582/000143774926030118/0001437749-26-030118-index.htm,EX-99.1,"EXHIBIT 99.1 PRESS RELEASE DATED SEPTEMBER 11, 2026",https://www.sec.gov/Archives/edgar/data/1494582/000143774926030118/ex_1014685.htm,False,
AA,2026-09-11 00:00:00,https://www.sec.gov/Archives/edgar/data/1675149/000119312526388649/0001193125-26-388649-index.htm,8-K,8-K,https://www.sec.gov/Archives/edgar/data/1675149/000119312526388649/d23778d8k.htm,False,
AA,2026-09-11 00:00:00,https://www.sec.gov/Archives/edgar/data/1675149/000119312526388649/0001193125-26-388649-index.htm,EX-99.1,EX-99.1,https://www.sec.gov/Archives/edgar/data/1675149/000119312526388649/d23778dex991.htm,True,
RENT,2026-09-11 00:00:00,https://www.sec.gov/Archives/edgar/data/1468327/000095010326013810/0000950103-26-013810-index.htm,8-K,FORM 8-K,https://www.sec.gov/Archives/edgar/data/1468327/000095010326013810/dp253178_8k.htm,True,
RENT,2026-09-11 00:00:00,https://www.sec.gov/Archives/edgar/data/1468327/000095010326013810/0000950103-26-013810-index.htm,EX-10.1,EXHIBIT 10.1,https://www.sec.gov/Archives/edgar/data/1468327/000095010326013810/dp253178_ex1001.htm,True,
JRSH,2026-09-11 00:00:00,https://www.sec.gov/Archives/edgar/data/1696558/000121390026098980/0001213900-26-098980-index.htm,8-K,CURRENT REPORT,https://www.sec.gov/Archives/edgar/data/1696558/000121390026098980/ea0305218-8k_jerash.htm,False,
JRSH,2026-09-11 00:00:00,https://www.sec.gov/Archives/edgar/data/1696558/000121390026098980/0001213900-26-098980-index.htm,EX-99.1,"PRESS RELEASE DATED SEPTEMBER 11, 2026",https://www.sec.gov/Archives/edgar/data/1696558/000121390026098980/ea030521801ex99-1.htm,False,
None,2026-09-11 00:00:00,https://www.sec.gov/Archives/edgar/data/1838126/000162828026061454/0001628280-26-061454-index.htm,8-K,8-K,https://www.sec.gov/Archives/edgar/data/1838126/000162828026061454/hlend-20260911.htm,False,
None,2026-09-11 00:00:00,https://www.sec.gov/Archives/edgar/data/1838126/000162828026061454/0001628280-26-061454-index.htm,EX-99.1,EX-99.1,https://www.sec.gov/Archives/edgar/data/1838126/000162828026061454/hlend3q2026tendersharehold.htm,False,
GOSS,2026-09-11 00:00:00,https://www.sec.gov/Archives/edgar/data/1728117/000172811726000094/0001728117-26-000094-index.htm,8-K,8-K,https://www.sec.gov/Archives/edgar/data/1728117/000172811726000094/goss-20260910.htm,False,
GOSS,2026-09-11 00:00:00,https://www.sec.gov/Archives/edgar/data/1728117/000172811726000094/0001728117-26-000094-index.htm,EX-99.1,EX-99.1,https://www.sec.gov/Archives/edgar/data/1728117/000172811726000094/ex991revstockspliteffectiv.htm,False,
None,2026-09-11 00:00:00,https://www.sec.gov/Archives/edgar/data/1989817/000162828026061453/0001628280-26-061453-index.htm,8-K,8-K,https://www.sec.gov/Archives/edgar/data/1989817/000162828026061453/hcap-20260911.htm,False,
None,2026-09-11 00:00:00,https://www.sec.gov/Archives/edgar/data/1816389/000119312526388633/0001193125-26-388633-index.htm,8-K,8-K,https://www.sec.gov/Archives/edgar/data/1816389/000119312526388633/d164708d8k.htm,False,
COLA,2026-09-11 00:00:00,https://www.sec.gov/Archives/edgar/data/2028201/000121390026098977/0001213900-26-098977-index.htm,8-K,CURRENT REPORT,https://www.sec.gov/Archives/edgar/data/2028201/000121390026098977/ea0305161-8k_columbus.htm,False,
COLA,2026-09-11 00:00:00,https://www.sec.gov/Archives/edgar/data/2028201/000121390026098977/0001213900-26-098977-index.htm,EX-99.1,"PRESS RELEASE DATED SEPTEMBER 11, 2026",https://www.sec.gov/Archives/edgar/data/2028201/000121390026098977/ea030516101ex99-1.htm,False,
COLAU,2026-09-11 00:00:00,https://www.sec.gov/Archives/edgar/data/2028201/000121390026098977/0001213900-26-098977-index.htm,8-K,CURRENT REPORT,https://www.sec.gov/Archives/edgar/data/2028201/000121390026098977/ea0305161-8k_columbus.htm,False,
COLAU,2026-09-11 00:00:00,https://www.sec.gov/Archives/edgar/data/2028201/000121390026098977/0001213900-26-098977-index.htm,EX-99.1,"PRESS RELEASE DATED SEPTEMBER 11, 2026",https://www.sec.gov/Archives/edgar/data/2028201/000121390026098977/ea030516101ex99-1.htm,False,
COLAR,2026-09-11 00:00:00,https://www.sec.gov/Archives/edgar/data/2028201/000121390026098977/0001213900-26-098977-index.htm,8-K,CURRENT REPORT,https://www.sec.gov/Archives/edgar/data/2028201/000121390026098977/ea0305161-8k_columbus.htm,False,
COLAR,2026-09-11 00:00:00,https://www.sec.gov/Archives/edgar/data/2028201/000121390026098977/0001213900-26-098977-index.htm,EX-99.1,"PRESS RELEASE DATED SEPTEMBER 11, 2026",https://www.sec.gov/Archives/edgar/data/2028201/000121390026098977/ea030516101ex99-1.htm,False,
MDCX,2026-09-11 00:00:00,https://www.sec.gov/Archives/edgar/data/1997296/000106299326004898/0001062993-26-004898-index.htm,8-K,FORM 8-K,https://www.sec.gov/Archives/edgar/data/1997296/000106299326004898/form8k.htm,False,
MDCXW,2026-09-11 00:00:00,https://www.sec.gov/Archives/edgar/data/1997296/000106299326004898/0001062993-26-004898-index.htm,8-K,FORM 8-K,https://www.sec.gov/Archives/edgar/data/1997296/000106299326004898/form8k.htm,False,
MDPLF,2026-09-11 00:00:00,https://www.sec.gov/Archives/edgar/data/1997296/000106299326004898/0001062993-26-004898-index.htm,8-K,FORM 8-K,https://www.sec.gov/Archives/edgar/data/1997296/000106299326004898/form8k.htm,False,
TCRX,2026-09-11 00:00:00,https://www.sec.gov/Archives/edgar/data/1783328/000119312526388631/0001193125-26-388631-index.htm,8-K,8-K,https://www.sec.gov/Archives/edgar/data/1783328/000119312526388631/d171735d8k.htm,False,
None,2026-09-11 00:00:00,https://www.sec.gov/Archives/edgar/data/1902649/000114036126036279/0001140361-26-036279-index.htm,8-K,8-K,https://www.sec.gov/Archives/edgar/data/1902649/000114036126036279/ef20081853_8k.htm,False,
LAC,2026-09-11 00:00:00,https://www.sec.gov/Archives/edgar/data/1966983/000119312526388629/0001193125-26-388629-index.htm,8-K,8-K,https://www.sec.gov/Archives/edgar/data/1966983/000119312526388629/d131278d8k.htm,False,
THRM,2026-09-11 00:00:00,https://www.sec.gov/Archives/edgar/data/903129/000119312526388630/0001193125-26-388630-index.htm,8-K,8-K,https://www.sec.gov/Archives/edgar/data/903129/000119312526388630/d39841d8k.htm,False,
RENT,2026-09-11 00:00:00,https://www.sec.gov/Archives/edgar/data/1468327/000146832726000086/0001468327-26-000086-index.htm,8-K,8-K,https://www.sec.gov/Archives/edgar/data/1468327/000146832726000086/wdq-20260911.htm,False,
RENT,2026-09-11 00:00:00,https://www.sec.gov/Archives/edgar/data/1468327/000146832726000086/0001468327-26-000086-index.htm,EX-99.1,EX-99.1,https://www.sec.gov/Archives/edgar/data/1468327/000146832726000086/q22026earningsrelease.htm,True,
OCUP,2026-09-11 00:00:00,https://www.sec.gov/Archives/edgar/data/1228627/000114036126036277/0001140361-26-036277-index.htm,8-K,8-K,https://www.sec.gov/Archives/edgar/data/1228627/000114036126036277/ef20081922_8k.htm,False,
OCUP,2026-09-11 00:00:00,https://www.sec.gov/Archives/edgar/data/1228627/000114036126036277/0001140361-26-036277-index.htm,EX-99.1,EXHIBIT 99.1,https://www.sec.gov/Archives/edgar/data/1228627/000114036126036277/ef20081922_ex99-1.htm,False,
RNN,2026-09-11 00:00:00,https://www.sec.gov/Archives/edgar/data/1228627/000114036126036277/0001140361-26-036277-index.htm,8-K,8-K,https://www.sec.gov/Archives/edgar/data/1228627/000114036126036277/ef20081922_8k.htm,False,
RNN,2026-09-11 00:00:00,https://www.sec.gov/Archives/edgar/data/1228627/000114036126036277/0001140361-26-036277-index.htm,EX-99.1,EXHIBIT 99.1,https://www.sec.gov/Archives/edgar/data/1228627/000114036126036277/ef20081922_ex99-1.htm,False,
IRD,2026-09-11 00:00:00,https://www.sec.gov/Archives/edgar/data/1228627/000114036126036277/0001140361-26-036277-index.htm,8-K,8-K,https://www.sec.gov/Archives/edgar/data/1228627/000114036126036277/ef20081922_8k.htm,False,
IRD,2026-09-11 00:00:00,https://www.sec.gov/Archives/edgar/data/1228627/000114036126036277/0001140361-26-036277-index.htm,EX-99.1,EXHIBIT 99.1,https://www.sec.gov/Archives/edgar/data/1228627/000114036126036277/ef20081922_ex99-1.htm,False,
APURR,2026-09-11 00:00:00,https://www.sec.gov/Archives/edgar/data/2093524/000121390026098971/0001213900-26-098971-index.htm,8-K,CURRENT REPORT,https://www.sec.gov/Archives/edgar/data/2093524/000121390026098971/ea0305143-8k425_aperture.htm,False,
APURR,2026-09-11 00:00:00,https://www.sec.gov/Archives/edgar/data/2093524/000121390026098971/0001213900-26-098971-index.htm,EX-99.1,"PRESS RELEASE, DATED SEPTEMBER 11, 2026",https://www.sec.gov/Archives/edgar/data/2093524/000121390026098971/ea030514301ex99-1.htm,False,
APURU,2026-09-11 00:00:00,https://www.sec.gov/Archives/edgar/data/2093524/000121390026098971/0001213900-26-098971-index.htm,8-K,CURRENT REPORT,https://www.sec.gov/Archives/edgar/data/2093524/000121390026098971/ea0305143-8k425_aperture.htm,False,
APURU,2026-09-11 00:00:00,https://www.sec.gov/Archives/edgar/data/2093524/000121390026098971/0001213900-26-098971-index.htm,EX-99.1,"PRESS RELEASE, DATED SEPTEMBER 11, 2026",https://www.sec.gov/Archives/edgar/data/2093524/000121390026098971/ea030514301ex99-1.htm,False,
APUR,2026-09-11 00:00:00,https://www.sec.gov/Archives/edgar/data/2093524/000121390026098971/0001213900-26-098971-index.htm,8-K,CURRENT REPORT,https://www.sec.gov/Archives/edgar/data/2093524/000121390026098971/ea0305143-8k425_aperture.htm,False,
APUR,2026-09-11 00:00:00,https://www.sec.gov/Archives/edgar/data/2093524/000121390026098971/0001213900-26-098971-index.htm,EX-99.1,"PRESS RELEASE, DATED SEPTEMBER 11, 2026",https://www.sec.gov/Archives/edgar/data/2093524/000121390026098971/ea030514301ex99-1.htm,False,
KPTI,2026-09-11 00:00:00,https://www.sec.gov/Archives/edgar/data/1503802/000119312526388621/0001193125-26-388621-index.htm,8-K,8-K,https://www.sec.gov/Archives/edgar/data/1503802/000119312526388621/d94769d8k.htm,True,
KPTI,2026-09-11 00:00:00,https://www.sec.gov/Archives/edgar/data/1503802/000119312526388621/0001193125-26-388621-index.htm,EX-10.1,EX-10.1,https://www.sec.gov/Archives/edgar/data/1503802/000119312526388621/d94769dex101.htm,True,
KPTI,2026-09-11 00:00:00,https://www.sec.gov/Archives/edgar/data/1503802/000119312526388621/0001193125-26-388621-index.htm,EX-10.2,EX-10.2,https://www.sec.gov/Archives/edgar/data/1503802/000119312526388621/d94769dex102.htm,True,
ALCC,2026-09-11 00:00:00,https://www.sec.gov/Archives/edgar/data/1849056/000110465926106897/0001104659-26-106897-index.htm,8-K,FORM 8-K,https://www.sec.gov/Archives/edgar/data/1849056/000110465926106897/tm2625056d1_8k.htm,True,
OKLO,2026-09-11 00:00:00,https://www.sec.gov/Archives/edgar/data/1849056/000110465926106897/0001104659-26-106897-index.htm,8-K,FORM 8-K,https://www.sec.gov/Archives/edgar/data/1849056/000110465926106897/tm2625056d1_8k.htm,True,
SHPH,2026-09-11 00:00:00,https://www.sec.gov/Archives/edgar/data/1757499/000149315226042299/0001493152-26-042299-index.htm,8-K,8-K,https://www.sec.gov/Archives/edgar/data/1757499/000149315226042299/form8-k.htm,False,
EXEL,2026-09-11 00:00:00,https://www.sec.gov/Archives/edgar/data/939767/000093976726000108/0000939767-26-000108-index.htm,8-K,8-K,https://www.sec.gov/Archives/edgar/data/939767/000093976726000108/exel-20260910.htm,False,
CRMT,2026-09-11 00:00:00,https://www.sec.gov/Archives/edgar/data/799850/000117184326005989/0001171843-26-005989-index.htm,8-K,FORM 8-K,https://www.sec.gov/Archives/edgar/data/799850/000117184326005989/f8k_091026.htm,True,
KR,2026-09-11 00:00:00,https://www.sec.gov/Archives/edgar/data/56873/000110465926106890/0001104659-26-106890-index.htm,8-K,FORM 8-K,https://www.sec.gov/Archives/edgar/data/56873/000110465926106890/tm2625060d1_8k.htm,False,
KR,2026-09-11 00:00:00,https://www.sec.gov/Archives/edgar/data/56873/000110465926106890/0001104659-26-106890-index.htm,EX-99.1,EXHIBIT 99.1,https://www.sec.gov/Archives/edgar/data/56873/000110465926106890/tm2625060d1_ex99-1.htm,True,
CTRN,2026-09-11 00:00:00,https://www.sec.gov/Archives/edgar/data/1318484/000110465926106889/0001104659-26-106889-index.htm,8-K,FORM 8-K,https://www.sec.gov/Archives/edgar/data/1318484/000110465926106889/tm2625224d1_8k.htm,False,
NHIC,2026-09-11 00:00:00,https://www.sec.gov/Archives/edgar/data/2043699/000114036126036270/0001140361-26-036270-index.htm,8-K,8-K,https://www.sec.gov/Archives/edgar/data/2043699/000114036126036270/ef20081851_8k.htm,True,
NHIC,2026-09-11 00:00:00,https://www.sec.gov/Archives/edgar/data/2043699/000114036126036270/0001140361-26-036270-index.htm,EX-10.1,EXHIBIT 10.1,https://www.sec.gov/Archives/edgar/data/2043699/000114036126036270/ef20081851_ex10-1.htm,True,
NHIC,2026-09-11 00:00:00,https://www.sec.gov/Archives/edgar/data/2043699/000114036126036270/0001140361-26-036270-index.htm,EX-99.1,EXHIBIT 99.1,https://www.sec.gov/Archives/edgar/data/2043699/000114036126036270/ef20081851_ex99-1.htm,False,
NHICU,2026-09-11 00:00:00,https://www.sec.gov/Archives/edgar/data/2043699/000114036126036270/0001140361-26-036270-index.htm,8-K,8-K,https://www.sec.gov/Archives/edgar/data/2043699/000114036126036270/ef20081851_8k.htm,True,
NHICU,2026-09-11 00:00:00,https://www.sec.gov/Archives/edgar/data/2043699/000114036126036270/0001140361-26-036270-index.htm,EX-10.1,EXHIBIT 10.1,https://www.sec.gov/Archives/edgar/data/2043699/000114036126036270/ef20081851_ex10-1.htm,True,
NHICU,2026-09-11 00:00:00,https://www.sec.gov/Archives/edgar/data/2043699/000114036126036270/0001140361-26-036270-index.htm,EX-99.1,EXHIBIT 99.1,https://www.sec.gov/Archives/edgar/data/2043699/000114036126036270/ef20081851_ex99-1.htm,False,
NHICW,2026-09-11 00:00:00,https://www.sec.gov/Archives/edgar/data/2043699/000114036126036270/0001140361-26-036270-index.htm,8-K,8-K,https://www.sec.gov/Archives/edgar/data/2043699/000114036126036270/ef20081851_8k.htm,True,
NHICW,2026-09-11 00:00:00,https://www.sec.gov/Archives/edgar/data/2043699/000114036126036270/0001140361-26-036270-index.htm,EX-10.1,EXHIBIT 10.1,https://www.sec.gov/Archives/edgar/data/2043699/000114036126036270/ef20081851_ex10-1.htm,True,
NHICW,2026-09-11 00:00:00,https://www.sec.gov/Archives/edgar/data/2043699/000114036126036270/0001140361-26-036270-index.htm,EX-99.1,EXHIBIT 99.1,https://www.sec.gov/Archives/edgar/data/2043699/000114036126036270/ef20081851_ex99-1.htm,False,
LPCN,2026-09-11 00:00:00,https://www.sec.gov/Archives/edgar/data/1535955/000149315226042286/0001493152-26-042286-index.htm,8-K,8-K,https://www.sec.gov/Archives/edgar/data/1535955/000149315226042286/form8-k.htm,False,
OPTT,2026-09-11 00:00:00,https://www.sec.gov/Archives/edgar/data/1378140/000149315226042282/0001493152-26-042282-index.htm,8-K,8-K,https://www.sec.gov/Archives/edgar/data/1378140/000149315226042282/form8-k.htm,False,
OPTT,2026-09-11 00:00:00,https://www.sec.gov/Archives/edgar/data/1378140/000149315226042282/0001493152-26-042282-index.htm,EX-99.1,EX-99.1,https://www.sec.gov/Archives/edgar/data/1378140/000149315226042282/ex99-1.htm,False,
PK,2026-09-11 00:00:00,https://www.sec.gov/Archives/edgar/data/1617406/000119312526388548/0001193125-26-388548-index.htm,8-K,8-K,https://www.sec.gov/Archives/edgar/data/1617406/000119312526388548/d122328d8k.htm,False,
PK,2026-09-11 00:00:00,https://www.sec.gov/Archives/edgar/data/1617406/000119312526388548/0001193125-26-388548-index.htm,EX-10.1,EX-10.1,https://www.sec.gov/Archives/edgar/data/1617406/000119312526388548/d122328dex101.htm,False,
HOFT,2026-09-11 00:00:00,https://www.sec.gov/Archives/edgar/data/1077688/000117184326005988/0001171843-26-005988-index.htm,8-K,FORM 8-K,https://www.sec.gov/Archives/edgar/data/1077688/000117184326005988/f8k_091126.htm,False,
HOFT,2026-09-11 00:00:00,https://www.sec.gov/Archives/edgar/data/1077688/000117184326005988/0001171843-26-005988-index.htm,EX-99.1,PRESS RELEASE,https://www.sec.gov/Archives/edgar/data/1077688/000117184326005988/exh_991.htm,True,
