symbol,filingDate,filing_detail_url,document_type,document_description,document_url,matched,error
ERNA,2026-09-16 00:00:00,https://www.sec.gov/Archives/edgar/data/748592/000149315226042963/0001493152-26-042963-index.htm,8-K,8-K,https://www.sec.gov/Archives/edgar/data/748592/000149315226042963/form8-k.htm,False,
ERNA,2026-09-16 00:00:00,https://www.sec.gov/Archives/edgar/data/748592/000149315226042963/0001493152-26-042963-index.htm,EX-99.1,EX-99.1,https://www.sec.gov/Archives/edgar/data/748592/000149315226042963/ex99-1.htm,False,
FGNX,2026-09-16 00:00:00,https://www.sec.gov/Archives/edgar/data/1591890/000149315226042957/0001493152-26-042957-index.htm,8-K,8-K,https://www.sec.gov/Archives/edgar/data/1591890/000149315226042957/form8-k.htm,False,
FGNX,2026-09-16 00:00:00,https://www.sec.gov/Archives/edgar/data/1591890/000149315226042957/0001493152-26-042957-index.htm,EX-99.1,EX-99.1,https://www.sec.gov/Archives/edgar/data/1591890/000149315226042957/ex99-1.htm,False,
FGF,2026-09-16 00:00:00,https://www.sec.gov/Archives/edgar/data/1591890/000149315226042957/0001493152-26-042957-index.htm,8-K,8-K,https://www.sec.gov/Archives/edgar/data/1591890/000149315226042957/form8-k.htm,False,
FGF,2026-09-16 00:00:00,https://www.sec.gov/Archives/edgar/data/1591890/000149315226042957/0001493152-26-042957-index.htm,EX-99.1,EX-99.1,https://www.sec.gov/Archives/edgar/data/1591890/000149315226042957/ex99-1.htm,False,
FGFPP,2026-09-16 00:00:00,https://www.sec.gov/Archives/edgar/data/1591890/000149315226042957/0001493152-26-042957-index.htm,8-K,8-K,https://www.sec.gov/Archives/edgar/data/1591890/000149315226042957/form8-k.htm,False,
FGFPP,2026-09-16 00:00:00,https://www.sec.gov/Archives/edgar/data/1591890/000149315226042957/0001493152-26-042957-index.htm,EX-99.1,EX-99.1,https://www.sec.gov/Archives/edgar/data/1591890/000149315226042957/ex99-1.htm,False,
APURR,2026-09-16 00:00:00,https://www.sec.gov/Archives/edgar/data/2093524/000121390026100601/0001213900-26-100601-index.htm,8-K,CURRENT REPORT,https://www.sec.gov/Archives/edgar/data/2093524/000121390026100601/ea0305349-8k425_aperture.htm,True,
APURR,2026-09-16 00:00:00,https://www.sec.gov/Archives/edgar/data/2093524/000121390026100601/0001213900-26-100601-index.htm,EX-10.1,"COMPANY SUPPORT AGREEMENT, DATED AS OF SEPTEMBER 10, 2026, BY AND AMONG APERTURE",https://www.sec.gov/Archives/edgar/data/2093524/000121390026100601/ea030534901ex10-1.htm,False,
APURR,2026-09-16 00:00:00,https://www.sec.gov/Archives/edgar/data/2093524/000121390026100601/0001213900-26-100601-index.htm,EX-10.2,"SPONSOR SUPPORT AGREEMENT, DATED AS OF SEPTEMBER 10, 2026, BY AND AMONG APERTURE",https://www.sec.gov/Archives/edgar/data/2093524/000121390026100601/ea030534901ex10-2.htm,False,
APUR,2026-09-16 00:00:00,https://www.sec.gov/Archives/edgar/data/2093524/000121390026100601/0001213900-26-100601-index.htm,8-K,CURRENT REPORT,https://www.sec.gov/Archives/edgar/data/2093524/000121390026100601/ea0305349-8k425_aperture.htm,True,
APUR,2026-09-16 00:00:00,https://www.sec.gov/Archives/edgar/data/2093524/000121390026100601/0001213900-26-100601-index.htm,EX-10.1,"COMPANY SUPPORT AGREEMENT, DATED AS OF SEPTEMBER 10, 2026, BY AND AMONG APERTURE",https://www.sec.gov/Archives/edgar/data/2093524/000121390026100601/ea030534901ex10-1.htm,False,
APUR,2026-09-16 00:00:00,https://www.sec.gov/Archives/edgar/data/2093524/000121390026100601/0001213900-26-100601-index.htm,EX-10.2,"SPONSOR SUPPORT AGREEMENT, DATED AS OF SEPTEMBER 10, 2026, BY AND AMONG APERTURE",https://www.sec.gov/Archives/edgar/data/2093524/000121390026100601/ea030534901ex10-2.htm,False,
APURU,2026-09-16 00:00:00,https://www.sec.gov/Archives/edgar/data/2093524/000121390026100601/0001213900-26-100601-index.htm,8-K,CURRENT REPORT,https://www.sec.gov/Archives/edgar/data/2093524/000121390026100601/ea0305349-8k425_aperture.htm,True,
APURU,2026-09-16 00:00:00,https://www.sec.gov/Archives/edgar/data/2093524/000121390026100601/0001213900-26-100601-index.htm,EX-10.1,"COMPANY SUPPORT AGREEMENT, DATED AS OF SEPTEMBER 10, 2026, BY AND AMONG APERTURE",https://www.sec.gov/Archives/edgar/data/2093524/000121390026100601/ea030534901ex10-1.htm,False,
APURU,2026-09-16 00:00:00,https://www.sec.gov/Archives/edgar/data/2093524/000121390026100601/0001213900-26-100601-index.htm,EX-10.2,"SPONSOR SUPPORT AGREEMENT, DATED AS OF SEPTEMBER 10, 2026, BY AND AMONG APERTURE",https://www.sec.gov/Archives/edgar/data/2093524/000121390026100601/ea030534901ex10-2.htm,False,
ARI,2026-09-16 00:00:00,https://www.sec.gov/Archives/edgar/data/1467760/000119312526393256/0001193125-26-393256-index.htm,8-K,8-K,https://www.sec.gov/Archives/edgar/data/1467760/000119312526393256/d170111d8k.htm,False,
TNON,2026-09-16 00:00:00,https://www.sec.gov/Archives/edgar/data/1560293/000121390026100596/0001213900-26-100596-index.htm,8-K,CURRENT REPORT,https://www.sec.gov/Archives/edgar/data/1560293/000121390026100596/ea0305668-8k_tenon.htm,True,
TNON,2026-09-16 00:00:00,https://www.sec.gov/Archives/edgar/data/1560293/000121390026100596/0001213900-26-100596-index.htm,EX-10.1,"INDUCEMENT AGREEMENT, DATED SEPTEMBER 11, 2026",https://www.sec.gov/Archives/edgar/data/1560293/000121390026100596/ea030566801ex10-1.htm,False,
TNON,2026-09-16 00:00:00,https://www.sec.gov/Archives/edgar/data/1560293/000121390026100596/0001213900-26-100596-index.htm,EX-10.2,"FINANCIAL ADVISORY AGREEMENT, DATED SEPTEMBER 11, 2026",https://www.sec.gov/Archives/edgar/data/1560293/000121390026100596/ea030566801ex10-2.htm,False,
TNON,2026-09-16 00:00:00,https://www.sec.gov/Archives/edgar/data/1560293/000121390026100596/0001213900-26-100596-index.htm,EX-99.1,"PRESS RELEASE, DATED SEPTEMBER 11, 2026",https://www.sec.gov/Archives/edgar/data/1560293/000121390026100596/ea030566801ex99-1.htm,False,
DAIC,2026-09-16 00:00:00,https://www.sec.gov/Archives/edgar/data/2033770/000121390026100595/0001213900-26-100595-index.htm,8-K,CURRENT REPORT,https://www.sec.gov/Archives/edgar/data/2033770/000121390026100595/ea0305699-8k_cidhold.htm,True,
DAIC,2026-09-16 00:00:00,https://www.sec.gov/Archives/edgar/data/2033770/000121390026100595/0001213900-26-100595-index.htm,EX-10.1,"BINDING SUMMARY OF PRINCIPAL TERMS, DATED SEPTEMBER 14, 2026, BY AND AMONG CID H",https://www.sec.gov/Archives/edgar/data/2033770/000121390026100595/ea030569901ex10-1.htm,False,
DAIC,2026-09-16 00:00:00,https://www.sec.gov/Archives/edgar/data/2033770/000121390026100595/0001213900-26-100595-index.htm,EX-10.2,"CONVERTIBLE PROMISSORY NOTE, DATED SEPTEMBER 10, 2026, ISSUED BY CID HOLDCO, INC",https://www.sec.gov/Archives/edgar/data/2033770/000121390026100595/ea030569901ex10-2.htm,False,
BATL,2026-09-16 00:00:00,https://www.sec.gov/Archives/edgar/data/1282648/000110465926108320/0001104659-26-108320-index.htm,8-K,8-K,https://www.sec.gov/Archives/edgar/data/1282648/000110465926108320/batl-20260916x8k.htm,False,
EPRT,2026-09-16 00:00:00,https://www.sec.gov/Archives/edgar/data/1728951/000172895126000066/0001728951-26-000066-index.htm,8-K,8-K,https://www.sec.gov/Archives/edgar/data/1728951/000172895126000066/eprt-20260914.htm,True,
EPRT,2026-09-16 00:00:00,https://www.sec.gov/Archives/edgar/data/1728951/000172895126000066/0001728951-26-000066-index.htm,EX-10.1,EX-10.1,https://www.sec.gov/Archives/edgar/data/1728951/000172895126000066/ex101-8thamendcreditagreem.htm,True,
MTNB,2026-09-16 00:00:00,https://www.sec.gov/Archives/edgar/data/1582554/000149315226042954/0001493152-26-042954-index.htm,8-K,8-K,https://www.sec.gov/Archives/edgar/data/1582554/000149315226042954/form8-k.htm,False,
CLNNW,2026-09-16 00:00:00,https://www.sec.gov/Archives/edgar/data/1822791/000143774926030581/0001437749-26-030581-index.htm,8-K,FORM 8-K,https://www.sec.gov/Archives/edgar/data/1822791/000143774926030581/clnn20260915_8k.htm,True,
CLNNW,2026-09-16 00:00:00,https://www.sec.gov/Archives/edgar/data/1822791/000143774926030581/0001437749-26-030581-index.htm,EX-10.1,EXHIBIT 10.1,https://www.sec.gov/Archives/edgar/data/1822791/000143774926030581/ex_1016887.htm,True,
CLNNW,2026-09-16 00:00:00,https://www.sec.gov/Archives/edgar/data/1822791/000143774926030581/0001437749-26-030581-index.htm,EX-99.1,EXHIBIT 99.1,https://www.sec.gov/Archives/edgar/data/1822791/000143774926030581/ex_1016807.htm,False,
CLNN,2026-09-16 00:00:00,https://www.sec.gov/Archives/edgar/data/1822791/000143774926030581/0001437749-26-030581-index.htm,8-K,FORM 8-K,https://www.sec.gov/Archives/edgar/data/1822791/000143774926030581/clnn20260915_8k.htm,True,
CLNN,2026-09-16 00:00:00,https://www.sec.gov/Archives/edgar/data/1822791/000143774926030581/0001437749-26-030581-index.htm,EX-10.1,EXHIBIT 10.1,https://www.sec.gov/Archives/edgar/data/1822791/000143774926030581/ex_1016887.htm,True,
CLNN,2026-09-16 00:00:00,https://www.sec.gov/Archives/edgar/data/1822791/000143774926030581/0001437749-26-030581-index.htm,EX-99.1,EXHIBIT 99.1,https://www.sec.gov/Archives/edgar/data/1822791/000143774926030581/ex_1016807.htm,False,
LGSTW,2026-09-16 00:00:00,https://www.sec.gov/Archives/edgar/data/1860871/000149315226042952/0001493152-26-042952-index.htm,8-K,8-K,https://www.sec.gov/Archives/edgar/data/1860871/000149315226042952/form8-k.htm,False,
LGSTW,2026-09-16 00:00:00,https://www.sec.gov/Archives/edgar/data/1860871/000149315226042952/0001493152-26-042952-index.htm,EX-10.1,EX-10.1,https://www.sec.gov/Archives/edgar/data/1860871/000149315226042952/ex10-1.htm,False,
LGSTU,2026-09-16 00:00:00,https://www.sec.gov/Archives/edgar/data/1860871/000149315226042952/0001493152-26-042952-index.htm,8-K,8-K,https://www.sec.gov/Archives/edgar/data/1860871/000149315226042952/form8-k.htm,False,
LGSTU,2026-09-16 00:00:00,https://www.sec.gov/Archives/edgar/data/1860871/000149315226042952/0001493152-26-042952-index.htm,EX-10.1,EX-10.1,https://www.sec.gov/Archives/edgar/data/1860871/000149315226042952/ex10-1.htm,False,
LGST,2026-09-16 00:00:00,https://www.sec.gov/Archives/edgar/data/1860871/000149315226042952/0001493152-26-042952-index.htm,8-K,8-K,https://www.sec.gov/Archives/edgar/data/1860871/000149315226042952/form8-k.htm,False,
LGST,2026-09-16 00:00:00,https://www.sec.gov/Archives/edgar/data/1860871/000149315226042952/0001493152-26-042952-index.htm,EX-10.1,EX-10.1,https://www.sec.gov/Archives/edgar/data/1860871/000149315226042952/ex10-1.htm,False,
TVGNW,2026-09-16 00:00:00,https://www.sec.gov/Archives/edgar/data/1860871/000149315226042952/0001493152-26-042952-index.htm,8-K,8-K,https://www.sec.gov/Archives/edgar/data/1860871/000149315226042952/form8-k.htm,False,
TVGNW,2026-09-16 00:00:00,https://www.sec.gov/Archives/edgar/data/1860871/000149315226042952/0001493152-26-042952-index.htm,EX-10.1,EX-10.1,https://www.sec.gov/Archives/edgar/data/1860871/000149315226042952/ex10-1.htm,False,
TVGN,2026-09-16 00:00:00,https://www.sec.gov/Archives/edgar/data/1860871/000149315226042952/0001493152-26-042952-index.htm,8-K,8-K,https://www.sec.gov/Archives/edgar/data/1860871/000149315226042952/form8-k.htm,False,
TVGN,2026-09-16 00:00:00,https://www.sec.gov/Archives/edgar/data/1860871/000149315226042952/0001493152-26-042952-index.htm,EX-10.1,EX-10.1,https://www.sec.gov/Archives/edgar/data/1860871/000149315226042952/ex10-1.htm,False,
WGRX,2026-09-16 00:00:00,https://www.sec.gov/Archives/edgar/data/2030763/000149315226042951/0001493152-26-042951-index.htm,8-K,8-K,https://www.sec.gov/Archives/edgar/data/2030763/000149315226042951/form8-k.htm,True,
WGRX,2026-09-16 00:00:00,https://www.sec.gov/Archives/edgar/data/2030763/000149315226042951/0001493152-26-042951-index.htm,EX-99.1,EX-99.1,https://www.sec.gov/Archives/edgar/data/2030763/000149315226042951/ex99-1.htm,False,
MEDS,2026-09-16 00:00:00,https://www.sec.gov/Archives/edgar/data/2030763/000149315226042951/0001493152-26-042951-index.htm,8-K,8-K,https://www.sec.gov/Archives/edgar/data/2030763/000149315226042951/form8-k.htm,True,
MEDS,2026-09-16 00:00:00,https://www.sec.gov/Archives/edgar/data/2030763/000149315226042951/0001493152-26-042951-index.htm,EX-99.1,EX-99.1,https://www.sec.gov/Archives/edgar/data/2030763/000149315226042951/ex99-1.htm,False,
BURU,2026-09-16 00:00:00,https://www.sec.gov/Archives/edgar/data/1814215/000119312526393238/0001193125-26-393238-index.htm,8-K,8-K,https://www.sec.gov/Archives/edgar/data/1814215/000119312526393238/buru-20260916.htm,False,
TWND-UN,2026-09-16 00:00:00,https://www.sec.gov/Archives/edgar/data/1814215/000119312526393238/0001193125-26-393238-index.htm,8-K,8-K,https://www.sec.gov/Archives/edgar/data/1814215/000119312526393238/buru-20260916.htm,False,
TWND,2026-09-16 00:00:00,https://www.sec.gov/Archives/edgar/data/1814215/000119312526393238/0001193125-26-393238-index.htm,8-K,8-K,https://www.sec.gov/Archives/edgar/data/1814215/000119312526393238/buru-20260916.htm,False,
TWND-WT,2026-09-16 00:00:00,https://www.sec.gov/Archives/edgar/data/1814215/000119312526393238/0001193125-26-393238-index.htm,8-K,8-K,https://www.sec.gov/Archives/edgar/data/1814215/000119312526393238/buru-20260916.htm,False,
CREE,2026-09-16 00:00:00,https://www.sec.gov/Archives/edgar/data/895419/000119312526393237/0001193125-26-393237-index.htm,8-K,8-K,https://www.sec.gov/Archives/edgar/data/895419/000119312526393237/d45459d8k.htm,False,
CREE,2026-09-16 00:00:00,https://www.sec.gov/Archives/edgar/data/895419/000119312526393237/0001193125-26-393237-index.htm,EX-99.1,EX-99.1,https://www.sec.gov/Archives/edgar/data/895419/000119312526393237/d45459dex991.htm,False,
WOLF,2026-09-16 00:00:00,https://www.sec.gov/Archives/edgar/data/895419/000119312526393237/0001193125-26-393237-index.htm,8-K,8-K,https://www.sec.gov/Archives/edgar/data/895419/000119312526393237/d45459d8k.htm,False,
WOLF,2026-09-16 00:00:00,https://www.sec.gov/Archives/edgar/data/895419/000119312526393237/0001193125-26-393237-index.htm,EX-99.1,EX-99.1,https://www.sec.gov/Archives/edgar/data/895419/000119312526393237/d45459dex991.htm,False,
XIII,2026-09-16 00:00:00,https://www.sec.gov/Archives/edgar/data/2114229/000121390026100578/0001213900-26-100578-index.htm,8-K,CURRENT REPORT,https://www.sec.gov/Archives/edgar/data/2114229/000121390026100578/ea0305743-8k_churchill13.htm,False,
XIII,2026-09-16 00:00:00,https://www.sec.gov/Archives/edgar/data/2114229/000121390026100578/0001213900-26-100578-index.htm,EX-99.1,"PRESS RELEASE DATED SEPTEMBER 16, 2026",https://www.sec.gov/Archives/edgar/data/2114229/000121390026100578/ea030574301ex99-1.htm,False,
ADILW,2026-09-16 00:00:00,https://www.sec.gov/Archives/edgar/data/1513525/000121390026100574/0001213900-26-100574-index.htm,8-K,CURRENT REPORT,https://www.sec.gov/Archives/edgar/data/1513525/000121390026100574/ea0305675-8k_adial.htm,True,
ADILW,2026-09-16 00:00:00,https://www.sec.gov/Archives/edgar/data/1513525/000121390026100574/0001213900-26-100574-index.htm,EX-10.1,"FORM OF AMENDMENT NO. 2 TO SECURITIES PURCHASE AGREEMENT, DATED SEPTEMBER 16, 20",https://www.sec.gov/Archives/edgar/data/1513525/000121390026100574/ea030567501ex10-1.htm,False,
ADILW,2026-09-16 00:00:00,https://www.sec.gov/Archives/edgar/data/1513525/000121390026100574/0001213900-26-100574-index.htm,EX-10.2,"FORM OF AMENDMENT NO. 1 TO NOTE EXCHANGE AGREEMENT, DATED SEPTEMBER 16, 2026, BY",https://www.sec.gov/Archives/edgar/data/1513525/000121390026100574/ea030567501ex10-2.htm,False,
ADILW,2026-09-16 00:00:00,https://www.sec.gov/Archives/edgar/data/1513525/000121390026100574/0001213900-26-100574-index.htm,EX-99.1,"UNAUDITED PRO FORMA CONDENSED BALANCE SHEET OF ADIAL PHARMACEUTICALS, INC. FOR T",https://www.sec.gov/Archives/edgar/data/1513525/000121390026100574/ea030567501ex99-1.htm,False,
ADIL,2026-09-16 00:00:00,https://www.sec.gov/Archives/edgar/data/1513525/000121390026100574/0001213900-26-100574-index.htm,8-K,CURRENT REPORT,https://www.sec.gov/Archives/edgar/data/1513525/000121390026100574/ea0305675-8k_adial.htm,True,
ADIL,2026-09-16 00:00:00,https://www.sec.gov/Archives/edgar/data/1513525/000121390026100574/0001213900-26-100574-index.htm,EX-10.1,"FORM OF AMENDMENT NO. 2 TO SECURITIES PURCHASE AGREEMENT, DATED SEPTEMBER 16, 20",https://www.sec.gov/Archives/edgar/data/1513525/000121390026100574/ea030567501ex10-1.htm,False,
ADIL,2026-09-16 00:00:00,https://www.sec.gov/Archives/edgar/data/1513525/000121390026100574/0001213900-26-100574-index.htm,EX-10.2,"FORM OF AMENDMENT NO. 1 TO NOTE EXCHANGE AGREEMENT, DATED SEPTEMBER 16, 2026, BY",https://www.sec.gov/Archives/edgar/data/1513525/000121390026100574/ea030567501ex10-2.htm,False,
ADIL,2026-09-16 00:00:00,https://www.sec.gov/Archives/edgar/data/1513525/000121390026100574/0001213900-26-100574-index.htm,EX-99.1,"UNAUDITED PRO FORMA CONDENSED BALANCE SHEET OF ADIAL PHARMACEUTICALS, INC. FOR T",https://www.sec.gov/Archives/edgar/data/1513525/000121390026100574/ea030567501ex99-1.htm,False,
ABML,2026-09-16 00:00:00,https://www.sec.gov/Archives/edgar/data/1576873/000149315226042948/0001493152-26-042948-index.htm,8-K,8-K,https://www.sec.gov/Archives/edgar/data/1576873/000149315226042948/form8-k.htm,False,
ABML,2026-09-16 00:00:00,https://www.sec.gov/Archives/edgar/data/1576873/000149315226042948/0001493152-26-042948-index.htm,EX-99.1,EX-99.1,https://www.sec.gov/Archives/edgar/data/1576873/000149315226042948/ex99-1.htm,False,
ABAT,2026-09-16 00:00:00,https://www.sec.gov/Archives/edgar/data/1576873/000149315226042948/0001493152-26-042948-index.htm,8-K,8-K,https://www.sec.gov/Archives/edgar/data/1576873/000149315226042948/form8-k.htm,False,
ABAT,2026-09-16 00:00:00,https://www.sec.gov/Archives/edgar/data/1576873/000149315226042948/0001493152-26-042948-index.htm,EX-99.1,EX-99.1,https://www.sec.gov/Archives/edgar/data/1576873/000149315226042948/ex99-1.htm,False,
EKSO,2026-09-16 00:00:00,https://www.sec.gov/Archives/edgar/data/1549084/000149315226042947/0001493152-26-042947-index.htm,8-K,8-K,https://www.sec.gov/Archives/edgar/data/1549084/000149315226042947/form8-k.htm,True,
EKSO,2026-09-16 00:00:00,https://www.sec.gov/Archives/edgar/data/1549084/000149315226042947/0001493152-26-042947-index.htm,EX-10.1,EX-10.1,https://www.sec.gov/Archives/edgar/data/1549084/000149315226042947/ex10-1.htm,False,
BBLG,2026-09-16 00:00:00,https://www.sec.gov/Archives/edgar/data/1419554/000149315226042940/0001493152-26-042940-index.htm,8-K,8-K,https://www.sec.gov/Archives/edgar/data/1419554/000149315226042940/form8-k.htm,False,
BBLGW,2026-09-16 00:00:00,https://www.sec.gov/Archives/edgar/data/1419554/000149315226042940/0001493152-26-042940-index.htm,8-K,8-K,https://www.sec.gov/Archives/edgar/data/1419554/000149315226042940/form8-k.htm,False,
SURGW,2026-09-16 00:00:00,https://www.sec.gov/Archives/edgar/data/1392694/000149315226042938/0001493152-26-042938-index.htm,8-K,8-K,https://www.sec.gov/Archives/edgar/data/1392694/000149315226042938/form8-k.htm,False,
SURG,2026-09-16 00:00:00,https://www.sec.gov/Archives/edgar/data/1392694/000149315226042938/0001493152-26-042938-index.htm,8-K,8-K,https://www.sec.gov/Archives/edgar/data/1392694/000149315226042938/form8-k.htm,False,
NWFL,2026-09-16 00:00:00,https://www.sec.gov/Archives/edgar/data/1013272/000101327226000020/0001013272-26-000020-index.htm,8-K,8-K,https://www.sec.gov/Archives/edgar/data/1013272/000101327226000020/nwfl-20260916x8k.htm,False,
NWFL,2026-09-16 00:00:00,https://www.sec.gov/Archives/edgar/data/1013272/000101327226000020/0001013272-26-000020-index.htm,EX-99.1,EX-99.1,https://www.sec.gov/Archives/edgar/data/1013272/000101327226000020/nwfl-20260916xex99_1.htm,False,
CE,2026-09-16 00:00:00,https://www.sec.gov/Archives/edgar/data/1306830/000130683026000119/0001306830-26-000119-index.htm,8-K,8-K,https://www.sec.gov/Archives/edgar/data/1306830/000130683026000119/ce-20260916.htm,False,
CE,2026-09-16 00:00:00,https://www.sec.gov/Archives/edgar/data/1306830/000130683026000119/0001306830-26-000119-index.htm,EX-99.1,EX-99.1,https://www.sec.gov/Archives/edgar/data/1306830/000130683026000119/a202609xx8-kex991.htm,False,
KTRA,2026-09-16 00:00:00,https://www.sec.gov/Archives/edgar/data/1498382/000119312526393206/0001193125-26-393206-index.htm,8-K,8-K,https://www.sec.gov/Archives/edgar/data/1498382/000119312526393206/hura-20260910.htm,False,
KTRA,2026-09-16 00:00:00,https://www.sec.gov/Archives/edgar/data/1498382/000119312526393206/0001193125-26-393206-index.htm,EX-10.1,EX-10.1,https://www.sec.gov/Archives/edgar/data/1498382/000119312526393206/hura-ex10_1.htm,True,
KTRA,2026-09-16 00:00:00,https://www.sec.gov/Archives/edgar/data/1498382/000119312526393206/0001193125-26-393206-index.htm,EX-10.2,EX-10.2,https://www.sec.gov/Archives/edgar/data/1498382/000119312526393206/hura-ex10_2.htm,False,
HURA,2026-09-16 00:00:00,https://www.sec.gov/Archives/edgar/data/1498382/000119312526393206/0001193125-26-393206-index.htm,8-K,8-K,https://www.sec.gov/Archives/edgar/data/1498382/000119312526393206/hura-20260910.htm,False,
HURA,2026-09-16 00:00:00,https://www.sec.gov/Archives/edgar/data/1498382/000119312526393206/0001193125-26-393206-index.htm,EX-10.1,EX-10.1,https://www.sec.gov/Archives/edgar/data/1498382/000119312526393206/hura-ex10_1.htm,True,
HURA,2026-09-16 00:00:00,https://www.sec.gov/Archives/edgar/data/1498382/000119312526393206/0001193125-26-393206-index.htm,EX-10.2,EX-10.2,https://www.sec.gov/Archives/edgar/data/1498382/000119312526393206/hura-ex10_2.htm,False,
None,2026-09-16 00:00:00,https://www.sec.gov/Archives/edgar/data/1585101/000162828026062301/0001628280-26-062301-index.htm,8-K,HGIT AUGUST 2026 NAV S-3 8-K,https://www.sec.gov/Archives/edgar/data/1585101/000162828026062301/hgit-20260916.htm,False,
ACDCW,2026-09-16 00:00:00,https://www.sec.gov/Archives/edgar/data/1881487/000110465926108302/0001104659-26-108302-index.htm,8-K,FORM 8-K,https://www.sec.gov/Archives/edgar/data/1881487/000110465926108302/tm2625564d1_8k.htm,True,
ACDCW,2026-09-16 00:00:00,https://www.sec.gov/Archives/edgar/data/1881487/000110465926108302/0001104659-26-108302-index.htm,EX-10.1,EXHIBIT 10.1,https://www.sec.gov/Archives/edgar/data/1881487/000110465926108302/tm2625564d1_ex10-1.htm,True,
ACDCW,2026-09-16 00:00:00,https://www.sec.gov/Archives/edgar/data/1881487/000110465926108302/0001104659-26-108302-index.htm,EX-10.2,EXHIBIT 10.2,https://www.sec.gov/Archives/edgar/data/1881487/000110465926108302/tm2625564d1_ex10-2.htm,True,
ACDC,2026-09-16 00:00:00,https://www.sec.gov/Archives/edgar/data/1881487/000110465926108302/0001104659-26-108302-index.htm,8-K,FORM 8-K,https://www.sec.gov/Archives/edgar/data/1881487/000110465926108302/tm2625564d1_8k.htm,True,
ACDC,2026-09-16 00:00:00,https://www.sec.gov/Archives/edgar/data/1881487/000110465926108302/0001104659-26-108302-index.htm,EX-10.1,EXHIBIT 10.1,https://www.sec.gov/Archives/edgar/data/1881487/000110465926108302/tm2625564d1_ex10-1.htm,True,
ACDC,2026-09-16 00:00:00,https://www.sec.gov/Archives/edgar/data/1881487/000110465926108302/0001104659-26-108302-index.htm,EX-10.2,EXHIBIT 10.2,https://www.sec.gov/Archives/edgar/data/1881487/000110465926108302/tm2625564d1_ex10-2.htm,True,
PFHC,2026-09-16 00:00:00,https://www.sec.gov/Archives/edgar/data/1881487/000110465926108302/0001104659-26-108302-index.htm,8-K,FORM 8-K,https://www.sec.gov/Archives/edgar/data/1881487/000110465926108302/tm2625564d1_8k.htm,True,
PFHC,2026-09-16 00:00:00,https://www.sec.gov/Archives/edgar/data/1881487/000110465926108302/0001104659-26-108302-index.htm,EX-10.1,EXHIBIT 10.1,https://www.sec.gov/Archives/edgar/data/1881487/000110465926108302/tm2625564d1_ex10-1.htm,True,
PFHC,2026-09-16 00:00:00,https://www.sec.gov/Archives/edgar/data/1881487/000110465926108302/0001104659-26-108302-index.htm,EX-10.2,EXHIBIT 10.2,https://www.sec.gov/Archives/edgar/data/1881487/000110465926108302/tm2625564d1_ex10-2.htm,True,
CLOQ,2026-09-16 00:00:00,https://www.sec.gov/Archives/edgar/data/1437517/000149315226042937/0001493152-26-042937-index.htm,8-K,8-K,https://www.sec.gov/Archives/edgar/data/1437517/000149315226042937/form8-k.htm,True,
None,2026-09-16 00:00:00,https://www.sec.gov/Archives/edgar/data/1901612/000190161226000036/0001901612-26-000036-index.htm,8-K,8-K,https://www.sec.gov/Archives/edgar/data/1901612/000190161226000036/gbdc4-20260914.htm,False,
BCBP,2026-09-16 00:00:00,https://www.sec.gov/Archives/edgar/data/1228454/000119312526393183/0001193125-26-393183-index.htm,8-K,8-K,https://www.sec.gov/Archives/edgar/data/1228454/000119312526393183/d156244d8k.htm,False,
BCBP,2026-09-16 00:00:00,https://www.sec.gov/Archives/edgar/data/1228454/000119312526393183/0001193125-26-393183-index.htm,EX-99.1,EX-99.1,https://www.sec.gov/Archives/edgar/data/1228454/000119312526393183/d156244dex991.htm,False,
SNYR,2026-09-16 00:00:00,https://www.sec.gov/Archives/edgar/data/1562733/000121390026100556/0001213900-26-100556-index.htm,8-K,CURRENT REPORT,https://www.sec.gov/Archives/edgar/data/1562733/000121390026100556/ea0305682-8k_synergy.htm,False,
ERNA,2026-09-16 00:00:00,https://www.sec.gov/Archives/edgar/data/748592/000149315226042934/0001493152-26-042934-index.htm,8-K,8-K,https://www.sec.gov/Archives/edgar/data/748592/000149315226042934/form8-k.htm,False,
AIG-PA,2026-09-16 00:00:00,https://www.sec.gov/Archives/edgar/data/5272/000000527226000091/0000005272-26-000091-index.htm,8-K,8-K,https://www.sec.gov/Archives/edgar/data/5272/000000527226000091/aig-20260916.htm,False,
AIG,2026-09-16 00:00:00,https://www.sec.gov/Archives/edgar/data/5272/000000527226000091/0000005272-26-000091-index.htm,8-K,8-K,https://www.sec.gov/Archives/edgar/data/5272/000000527226000091/aig-20260916.htm,False,
RM,2026-09-16 00:00:00,https://www.sec.gov/Archives/edgar/data/1519401/000119312526393175/0001193125-26-393175-index.htm,8-K,8-K,https://www.sec.gov/Archives/edgar/data/1519401/000119312526393175/rm-20260916.htm,False,
RM,2026-09-16 00:00:00,https://www.sec.gov/Archives/edgar/data/1519401/000119312526393175/0001193125-26-393175-index.htm,EX-99.1,EX-99.1,https://www.sec.gov/Archives/edgar/data/1519401/000119312526393175/rm-ex99_1.htm,False,
KDP,2026-09-16 00:00:00,https://www.sec.gov/Archives/edgar/data/1418135/000141813526000058/0001418135-26-000058-index.htm,8-K,8-K,https://www.sec.gov/Archives/edgar/data/1418135/000141813526000058/kdp-20260916.htm,False,
KDP,2026-09-16 00:00:00,https://www.sec.gov/Archives/edgar/data/1418135/000141813526000058/0001418135-26-000058-index.htm,EX-99.1,EX-99.1 KEURIG DR PEPPER DECLARES QUARTERLY DIVIDEND,https://www.sec.gov/Archives/edgar/data/1418135/000141813526000058/exhibit991keurigdrpepperde.htm,False,
RANGU,2026-09-16 00:00:00,https://www.sec.gov/Archives/edgar/data/2035644/000119312526393168/0001193125-26-393168-index.htm,8-K,8-K,https://www.sec.gov/Archives/edgar/data/2035644/000119312526393168/d157375d8k.htm,False,
RANGR,2026-09-16 00:00:00,https://www.sec.gov/Archives/edgar/data/2035644/000119312526393168/0001193125-26-393168-index.htm,8-K,8-K,https://www.sec.gov/Archives/edgar/data/2035644/000119312526393168/d157375d8k.htm,False,
RANG,2026-09-16 00:00:00,https://www.sec.gov/Archives/edgar/data/2035644/000119312526393168/0001193125-26-393168-index.htm,8-K,8-K,https://www.sec.gov/Archives/edgar/data/2035644/000119312526393168/d157375d8k.htm,False,
RGR,2026-09-16 00:00:00,https://www.sec.gov/Archives/edgar/data/95029/000117494726000877/0001174947-26-000877-index.htm,8-K,8-K,https://www.sec.gov/Archives/edgar/data/95029/000117494726000877/form8k-36350_rgr.htm,True,
RGR,2026-09-16 00:00:00,https://www.sec.gov/Archives/edgar/data/95029/000117494726000877/0001174947-26-000877-index.htm,EX-99.1,EX-99.1,https://www.sec.gov/Archives/edgar/data/95029/000117494726000877/ex99-1.htm,False,
RVYL,2026-09-16 00:00:00,https://www.sec.gov/Archives/edgar/data/1419275/000118518526004068/0001185185-26-004068-index.htm,8-K,FORM 8-K,https://www.sec.gov/Archives/edgar/data/1419275/000118518526004068/rtb8k091626.htm,False,
RVYL,2026-09-16 00:00:00,https://www.sec.gov/Archives/edgar/data/1419275/000118518526004068/0001185185-26-004068-index.htm,EX-10.1,EXHIBIT 10.1,https://www.sec.gov/Archives/edgar/data/1419275/000118518526004068/rtbex10-1.htm,False,
GBOX,2026-09-16 00:00:00,https://www.sec.gov/Archives/edgar/data/1419275/000118518526004068/0001185185-26-004068-index.htm,8-K,FORM 8-K,https://www.sec.gov/Archives/edgar/data/1419275/000118518526004068/rtb8k091626.htm,False,
GBOX,2026-09-16 00:00:00,https://www.sec.gov/Archives/edgar/data/1419275/000118518526004068/0001185185-26-004068-index.htm,EX-10.1,EXHIBIT 10.1,https://www.sec.gov/Archives/edgar/data/1419275/000118518526004068/rtbex10-1.htm,False,
ALMU,2026-09-16 00:00:00,https://www.sec.gov/Archives/edgar/data/1828805/000121390026100546/0001213900-26-100546-index.htm,8-K,CURRENT REPORT,https://www.sec.gov/Archives/edgar/data/1828805/000121390026100546/ea0305624-8k_aeluma.htm,False,
ALMU,2026-09-16 00:00:00,https://www.sec.gov/Archives/edgar/data/1828805/000121390026100546/0001213900-26-100546-index.htm,EX-99.1,"PRESS RELEASE OF AELUMA, INC. DATED SEPTEMBER 16, 2026",https://www.sec.gov/Archives/edgar/data/1828805/000121390026100546/ea030562401ex99-1.htm,False,
LEN-B,2026-09-16 00:00:00,https://www.sec.gov/Archives/edgar/data/920760/000162828026062287/0001628280-26-062287-index.htm,8-K,8-K,https://www.sec.gov/Archives/edgar/data/920760/000162828026062287/len-20260916.htm,False,
LEN-B,2026-09-16 00:00:00,https://www.sec.gov/Archives/edgar/data/920760/000162828026062287/0001628280-26-062287-index.htm,EX-99.1,EX-99.1,https://www.sec.gov/Archives/edgar/data/920760/000162828026062287/ex991-2026831x8kq3.htm,True,
LEN,2026-09-16 00:00:00,https://www.sec.gov/Archives/edgar/data/920760/000162828026062287/0001628280-26-062287-index.htm,8-K,8-K,https://www.sec.gov/Archives/edgar/data/920760/000162828026062287/len-20260916.htm,False,
LEN,2026-09-16 00:00:00,https://www.sec.gov/Archives/edgar/data/920760/000162828026062287/0001628280-26-062287-index.htm,EX-99.1,EX-99.1,https://www.sec.gov/Archives/edgar/data/920760/000162828026062287/ex991-2026831x8kq3.htm,True,
LW,2026-09-16 00:00:00,https://www.sec.gov/Archives/edgar/data/1679273/000167927326000041/0001679273-26-000041-index.htm,8-K,8-K,https://www.sec.gov/Archives/edgar/data/1679273/000167927326000041/lw-20260916.htm,False,
FNF,2026-09-16 00:00:00,https://www.sec.gov/Archives/edgar/data/1331875/000133187526000087/0001331875-26-000087-index.htm,8-K,8-K,https://www.sec.gov/Archives/edgar/data/1331875/000133187526000087/fnf-20260915.htm,False,
LPCN,2026-09-16 00:00:00,https://www.sec.gov/Archives/edgar/data/1535955/000149315226042933/0001493152-26-042933-index.htm,8-K,8-K,https://www.sec.gov/Archives/edgar/data/1535955/000149315226042933/form8-k.htm,False,
LPCN,2026-09-16 00:00:00,https://www.sec.gov/Archives/edgar/data/1535955/000149315226042933/0001493152-26-042933-index.htm,EX-99.1,EX-99.1,https://www.sec.gov/Archives/edgar/data/1535955/000149315226042933/ex99-1.htm,False,
MLND,2026-09-16 00:00:00,https://www.sec.gov/Archives/edgar/data/1544227/000119312526393151/0001193125-26-393151-index.htm,8-K,8-K,https://www.sec.gov/Archives/edgar/data/1544227/000119312526393151/d151966d8k.htm,False,
TPST,2026-09-16 00:00:00,https://www.sec.gov/Archives/edgar/data/1544227/000119312526393151/0001193125-26-393151-index.htm,8-K,8-K,https://www.sec.gov/Archives/edgar/data/1544227/000119312526393151/d151966d8k.htm,False,
SYY,2026-09-16 00:00:00,https://www.sec.gov/Archives/edgar/data/96021/000110465926108285/0001104659-26-108285-index.htm,8-K,FORM 8-K,https://www.sec.gov/Archives/edgar/data/96021/000110465926108285/tm2625144d7_8k.htm,False,
EPRT,2026-09-16 00:00:00,https://www.sec.gov/Archives/edgar/data/1728951/000172895126000064/0001728951-26-000064-index.htm,8-K,8-K,https://www.sec.gov/Archives/edgar/data/1728951/000172895126000064/eprt-20260916.htm,False,
EPRT,2026-09-16 00:00:00,https://www.sec.gov/Archives/edgar/data/1728951/000172895126000064/0001728951-26-000064-index.htm,EX-99.1,EX-99.1,https://www.sec.gov/Archives/edgar/data/1728951/000172895126000064/eprt2025corporatereport.htm,False,
PSA-PP,2026-09-16 00:00:00,https://www.sec.gov/Archives/edgar/data/1393311/000119312526393149/0001193125-26-393149-index.htm,8-K,8-K,https://www.sec.gov/Archives/edgar/data/1393311/000119312526393149/d130476d8k.htm,True,
PSA,2026-09-16 00:00:00,https://www.sec.gov/Archives/edgar/data/1393311/000119312526393149/0001193125-26-393149-index.htm,8-K,8-K,https://www.sec.gov/Archives/edgar/data/1393311/000119312526393149/d130476d8k.htm,True,
PSA-PF,2026-09-16 00:00:00,https://www.sec.gov/Archives/edgar/data/1393311/000119312526393149/0001193125-26-393149-index.htm,8-K,8-K,https://www.sec.gov/Archives/edgar/data/1393311/000119312526393149/d130476d8k.htm,True,
PSA-PG,2026-09-16 00:00:00,https://www.sec.gov/Archives/edgar/data/1393311/000119312526393149/0001193125-26-393149-index.htm,8-K,8-K,https://www.sec.gov/Archives/edgar/data/1393311/000119312526393149/d130476d8k.htm,True,
PSA-PH,2026-09-16 00:00:00,https://www.sec.gov/Archives/edgar/data/1393311/000119312526393149/0001193125-26-393149-index.htm,8-K,8-K,https://www.sec.gov/Archives/edgar/data/1393311/000119312526393149/d130476d8k.htm,True,
PSA-PI,2026-09-16 00:00:00,https://www.sec.gov/Archives/edgar/data/1393311/000119312526393149/0001193125-26-393149-index.htm,8-K,8-K,https://www.sec.gov/Archives/edgar/data/1393311/000119312526393149/d130476d8k.htm,True,
PSA-PJ,2026-09-16 00:00:00,https://www.sec.gov/Archives/edgar/data/1393311/000119312526393149/0001193125-26-393149-index.htm,8-K,8-K,https://www.sec.gov/Archives/edgar/data/1393311/000119312526393149/d130476d8k.htm,True,
PSA-PK,2026-09-16 00:00:00,https://www.sec.gov/Archives/edgar/data/1393311/000119312526393149/0001193125-26-393149-index.htm,8-K,8-K,https://www.sec.gov/Archives/edgar/data/1393311/000119312526393149/d130476d8k.htm,True,
PSA-PL,2026-09-16 00:00:00,https://www.sec.gov/Archives/edgar/data/1393311/000119312526393149/0001193125-26-393149-index.htm,8-K,8-K,https://www.sec.gov/Archives/edgar/data/1393311/000119312526393149/d130476d8k.htm,True,
PSA-PM,2026-09-16 00:00:00,https://www.sec.gov/Archives/edgar/data/1393311/000119312526393149/0001193125-26-393149-index.htm,8-K,8-K,https://www.sec.gov/Archives/edgar/data/1393311/000119312526393149/d130476d8k.htm,True,
PSA-PN,2026-09-16 00:00:00,https://www.sec.gov/Archives/edgar/data/1393311/000119312526393149/0001193125-26-393149-index.htm,8-K,8-K,https://www.sec.gov/Archives/edgar/data/1393311/000119312526393149/d130476d8k.htm,True,
PSA-PO,2026-09-16 00:00:00,https://www.sec.gov/Archives/edgar/data/1393311/000119312526393149/0001193125-26-393149-index.htm,8-K,8-K,https://www.sec.gov/Archives/edgar/data/1393311/000119312526393149/d130476d8k.htm,True,
PSA-PQ,2026-09-16 00:00:00,https://www.sec.gov/Archives/edgar/data/1393311/000119312526393149/0001193125-26-393149-index.htm,8-K,8-K,https://www.sec.gov/Archives/edgar/data/1393311/000119312526393149/d130476d8k.htm,True,
PSA-PR,2026-09-16 00:00:00,https://www.sec.gov/Archives/edgar/data/1393311/000119312526393149/0001193125-26-393149-index.htm,8-K,8-K,https://www.sec.gov/Archives/edgar/data/1393311/000119312526393149/d130476d8k.htm,True,
PSA-PS,2026-09-16 00:00:00,https://www.sec.gov/Archives/edgar/data/1393311/000119312526393149/0001193125-26-393149-index.htm,8-K,8-K,https://www.sec.gov/Archives/edgar/data/1393311/000119312526393149/d130476d8k.htm,True,
CPRI,2026-09-16 00:00:00,https://www.sec.gov/Archives/edgar/data/1530721/000095014226002556/0000950142-26-002556-index.htm,8-K,FORM 8-K,https://www.sec.gov/Archives/edgar/data/1530721/000095014226002556/eh260831247_8k.htm,False,
CPRI,2026-09-16 00:00:00,https://www.sec.gov/Archives/edgar/data/1530721/000095014226002556/0000950142-26-002556-index.htm,EX-99.1,EXHIBIT 99.1,https://www.sec.gov/Archives/edgar/data/1530721/000095014226002556/eh260831247_ex9901.htm,False,
None,2026-09-16 00:00:00,https://www.sec.gov/Archives/edgar/data/728391/000095010326014047/0000950103-26-014047-index.htm,8-K,FORM 8-K,https://www.sec.gov/Archives/edgar/data/728391/000095010326014047/dp253407_8k.htm,False,
XHLD,2026-09-16 00:00:00,https://www.sec.gov/Archives/edgar/data/2030954/000149315226042930/0001493152-26-042930-index.htm,8-K,8-K,https://www.sec.gov/Archives/edgar/data/2030954/000149315226042930/form8-k.htm,False,
None,2026-09-16 00:00:00,https://www.sec.gov/Archives/edgar/data/1756761/000175676126000132/0001756761-26-000132-index.htm,8-K,8-K,https://www.sec.gov/Archives/edgar/data/1756761/000175676126000132/inreit-20260831.htm,True,
HALO,2026-09-16 00:00:00,https://www.sec.gov/Archives/edgar/data/1159036/000115903626000121/0001159036-26-000121-index.htm,8-K,8-K,https://www.sec.gov/Archives/edgar/data/1159036/000115903626000121/halo-20260916.htm,False,
HALO,2026-09-16 00:00:00,https://www.sec.gov/Archives/edgar/data/1159036/000115903626000121/0001159036-26-000121-index.htm,EX-99.1,EX-99.1,https://www.sec.gov/Archives/edgar/data/1159036/000115903626000121/ex-991xhaloxlaunchpressrel.htm,False,
KFRC,2026-09-16 00:00:00,https://www.sec.gov/Archives/edgar/data/930420/000093042026000066/0000930420-26-000066-index.htm,8-K,FORM 8-K,https://www.sec.gov/Archives/edgar/data/930420/000093042026000066/kfrc-20260915.htm,False,
None,2026-09-16 00:00:00,https://www.sec.gov/Archives/edgar/data/1327978/000162828026062277/0001628280-26-062277-index.htm,8-K,8-K,https://www.sec.gov/Archives/edgar/data/1327978/000162828026062277/are-20260831.htm,True,
None,2026-09-16 00:00:00,https://www.sec.gov/Archives/edgar/data/1327978/000162828026062277/0001628280-26-062277-index.htm,EX-99.1,EX-99.1,https://www.sec.gov/Archives/edgar/data/1327978/000162828026062277/are-20260831ex991.htm,False,
None,2026-09-16 00:00:00,https://www.sec.gov/Archives/edgar/data/1625941/000162828026062275/0001628280-26-062275-index.htm,8-K,8-K,https://www.sec.gov/Archives/edgar/data/1625941/000162828026062275/aire-20260831.htm,True,
None,2026-09-16 00:00:00,https://www.sec.gov/Archives/edgar/data/1625941/000162828026062275/0001628280-26-062275-index.htm,EX-99.1,EX-99.1,https://www.sec.gov/Archives/edgar/data/1625941/000162828026062275/aire-20260831ex991.htm,False,
JOB,2026-09-16 00:00:00,https://www.sec.gov/Archives/edgar/data/40570/000147793226005642/0001477932-26-005642-index.htm,8-K,FORM 8-K,https://www.sec.gov/Archives/edgar/data/40570/000147793226005642/job_8k.htm,False,
JOB,2026-09-16 00:00:00,https://www.sec.gov/Archives/edgar/data/40570/000147793226005642/0001477932-26-005642-index.htm,EX-99.1,PRESS RELEASE,https://www.sec.gov/Archives/edgar/data/40570/000147793226005642/job_ex991.htm,False,
PWFL,2026-09-16 00:00:00,https://www.sec.gov/Archives/edgar/data/1774170/000149315226042928/0001493152-26-042928-index.htm,8-K,8-K,https://www.sec.gov/Archives/edgar/data/1774170/000149315226042928/form8-k.htm,False,
PWFL,2026-09-16 00:00:00,https://www.sec.gov/Archives/edgar/data/1774170/000149315226042928/0001493152-26-042928-index.htm,EX-10.1,EX-10.1,https://www.sec.gov/Archives/edgar/data/1774170/000149315226042928/ex10-1.htm,False,
AIOT,2026-09-16 00:00:00,https://www.sec.gov/Archives/edgar/data/1774170/000149315226042928/0001493152-26-042928-index.htm,8-K,8-K,https://www.sec.gov/Archives/edgar/data/1774170/000149315226042928/form8-k.htm,False,
AIOT,2026-09-16 00:00:00,https://www.sec.gov/Archives/edgar/data/1774170/000149315226042928/0001493152-26-042928-index.htm,EX-10.1,EX-10.1,https://www.sec.gov/Archives/edgar/data/1774170/000149315226042928/ex10-1.htm,False,
MIRA,2026-09-16 00:00:00,https://www.sec.gov/Archives/edgar/data/1904286/000149315226042927/0001493152-26-042927-index.htm,8-K,8-K,https://www.sec.gov/Archives/edgar/data/1904286/000149315226042927/form8-k.htm,False,
TELO,2026-09-16 00:00:00,https://www.sec.gov/Archives/edgar/data/1971532/000149315226042926/0001493152-26-042926-index.htm,8-K,8-K,https://www.sec.gov/Archives/edgar/data/1971532/000149315226042926/form8-k.htm,False,
SKFG,2026-09-16 00:00:00,https://www.sec.gov/Archives/edgar/data/1794942/000164033426001562/0001640334-26-001562-index.htm,8-K,FORM 8-K,https://www.sec.gov/Archives/edgar/data/1794942/000164033426001562/stark_8k.htm,False,
ATAX,2026-09-16 00:00:00,https://www.sec.gov/Archives/edgar/data/1059142/000119312526393130/0001193125-26-393130-index.htm,8-K,8-K,https://www.sec.gov/Archives/edgar/data/1059142/000119312526393130/ghi-20260916.htm,False,
ATAX,2026-09-16 00:00:00,https://www.sec.gov/Archives/edgar/data/1059142/000119312526393130/0001193125-26-393130-index.htm,EX-99.1,EX-99.1,https://www.sec.gov/Archives/edgar/data/1059142/000119312526393130/ghi-ex99_1.htm,False,
GHI,2026-09-16 00:00:00,https://www.sec.gov/Archives/edgar/data/1059142/000119312526393130/0001193125-26-393130-index.htm,8-K,8-K,https://www.sec.gov/Archives/edgar/data/1059142/000119312526393130/ghi-20260916.htm,False,
GHI,2026-09-16 00:00:00,https://www.sec.gov/Archives/edgar/data/1059142/000119312526393130/0001193125-26-393130-index.htm,EX-99.1,EX-99.1,https://www.sec.gov/Archives/edgar/data/1059142/000119312526393130/ghi-ex99_1.htm,False,
EMPR,2026-09-16 00:00:00,https://www.sec.gov/Archives/edgar/data/887396/000107261326000771/0001072613-26-000771-index.htm,8-K,"FORM 8K DATED SEPTEMBER 10, 2026",https://www.sec.gov/Archives/edgar/data/887396/000107261326000771/emp_8k-19095.htm,True,
EP,2026-09-16 00:00:00,https://www.sec.gov/Archives/edgar/data/887396/000107261326000771/0001072613-26-000771-index.htm,8-K,"FORM 8K DATED SEPTEMBER 10, 2026",https://www.sec.gov/Archives/edgar/data/887396/000107261326000771/emp_8k-19095.htm,True,
FLNC,2026-09-16 00:00:00,https://www.sec.gov/Archives/edgar/data/1868941/000110465926108270/0001104659-26-108270-index.htm,8-K,FORM 8-K,https://www.sec.gov/Archives/edgar/data/1868941/000110465926108270/tm2625477d1_8k.htm,False,
FLNC,2026-09-16 00:00:00,https://www.sec.gov/Archives/edgar/data/1868941/000110465926108270/0001104659-26-108270-index.htm,EX-10.1,EXHIBIT 10.1,https://www.sec.gov/Archives/edgar/data/1868941/000110465926108270/tm2625477d1_ex10-1.htm,False,
FLNC,2026-09-16 00:00:00,https://www.sec.gov/Archives/edgar/data/1868941/000110465926108270/0001104659-26-108270-index.htm,EX-99.1,EXHIBIT 99.1,https://www.sec.gov/Archives/edgar/data/1868941/000110465926108270/tm2625477d1_ex99-1.htm,False,
OC,2026-09-16 00:00:00,https://www.sec.gov/Archives/edgar/data/1370946/000137094626000211/0001370946-26-000211-index.htm,8-K,8-K,https://www.sec.gov/Archives/edgar/data/1370946/000137094626000211/oc-20260916.htm,False,
VERBW,2026-09-16 00:00:00,https://www.sec.gov/Archives/edgar/data/1566610/000149315226042920/0001493152-26-042920-index.htm,8-K,8-K,https://www.sec.gov/Archives/edgar/data/1566610/000149315226042920/form8-k.htm,False,
VERBW,2026-09-16 00:00:00,https://www.sec.gov/Archives/edgar/data/1566610/000149315226042920/0001493152-26-042920-index.htm,EX-99.1,EX-99.1,https://www.sec.gov/Archives/edgar/data/1566610/000149315226042920/ex99-1.htm,False,
TONX,2026-09-16 00:00:00,https://www.sec.gov/Archives/edgar/data/1566610/000149315226042920/0001493152-26-042920-index.htm,8-K,8-K,https://www.sec.gov/Archives/edgar/data/1566610/000149315226042920/form8-k.htm,False,
TONX,2026-09-16 00:00:00,https://www.sec.gov/Archives/edgar/data/1566610/000149315226042920/0001493152-26-042920-index.htm,EX-99.1,EX-99.1,https://www.sec.gov/Archives/edgar/data/1566610/000149315226042920/ex99-1.htm,False,
VERB,2026-09-16 00:00:00,https://www.sec.gov/Archives/edgar/data/1566610/000149315226042920/0001493152-26-042920-index.htm,8-K,8-K,https://www.sec.gov/Archives/edgar/data/1566610/000149315226042920/form8-k.htm,False,
VERB,2026-09-16 00:00:00,https://www.sec.gov/Archives/edgar/data/1566610/000149315226042920/0001493152-26-042920-index.htm,EX-99.1,EX-99.1,https://www.sec.gov/Archives/edgar/data/1566610/000149315226042920/ex99-1.htm,False,
TEVA,2026-09-16 00:00:00,https://www.sec.gov/Archives/edgar/data/818686/000119312526393116/0001193125-26-393116-index.htm,8-K,8-K,https://www.sec.gov/Archives/edgar/data/818686/000119312526393116/d155511d8k.htm,True,
TEVJF,2026-09-16 00:00:00,https://www.sec.gov/Archives/edgar/data/818686/000119312526393116/0001193125-26-393116-index.htm,8-K,8-K,https://www.sec.gov/Archives/edgar/data/818686/000119312526393116/d155511d8k.htm,True,
SNDKV,2026-09-16 00:00:00,https://www.sec.gov/Archives/edgar/data/2023554/000162828026062267/0001628280-26-062267-index.htm,8-K,8-K,https://www.sec.gov/Archives/edgar/data/2023554/000162828026062267/sndk-20260910.htm,False,
SNDK,2026-09-16 00:00:00,https://www.sec.gov/Archives/edgar/data/2023554/000162828026062267/0001628280-26-062267-index.htm,8-K,8-K,https://www.sec.gov/Archives/edgar/data/2023554/000162828026062267/sndk-20260910.htm,False,
GNRC,2026-09-16 00:00:00,https://www.sec.gov/Archives/edgar/data/1474735/000143774926030550/0001437749-26-030550-index.htm,8-K,FORM 8-K,https://www.sec.gov/Archives/edgar/data/1474735/000143774926030550/gnrc20260915_8k.htm,True,
GNRC,2026-09-16 00:00:00,https://www.sec.gov/Archives/edgar/data/1474735/000143774926030550/0001437749-26-030550-index.htm,EX-10.1,EXHIBIT 10.1,https://www.sec.gov/Archives/edgar/data/1474735/000143774926030550/ex_1016889.htm,False,
BZFD,2026-09-16 00:00:00,https://www.sec.gov/Archives/edgar/data/1828972/000182897226000146/0001828972-26-000146-index.htm,8-K,8-K,https://www.sec.gov/Archives/edgar/data/1828972/000182897226000146/bzfd-20260911.htm,True,
BZFD,2026-09-16 00:00:00,https://www.sec.gov/Archives/edgar/data/1828972/000182897226000146/0001828972-26-000146-index.htm,EX-10.1,EX-10.1,https://www.sec.gov/Archives/edgar/data/1828972/000182897226000146/ex101sharepurchaseagreemen.htm,False,
ENFA,2026-09-16 00:00:00,https://www.sec.gov/Archives/edgar/data/1828972/000182897226000146/0001828972-26-000146-index.htm,8-K,8-K,https://www.sec.gov/Archives/edgar/data/1828972/000182897226000146/bzfd-20260911.htm,True,
ENFA,2026-09-16 00:00:00,https://www.sec.gov/Archives/edgar/data/1828972/000182897226000146/0001828972-26-000146-index.htm,EX-10.1,EX-10.1,https://www.sec.gov/Archives/edgar/data/1828972/000182897226000146/ex101sharepurchaseagreemen.htm,False,
BZFDW,2026-09-16 00:00:00,https://www.sec.gov/Archives/edgar/data/1828972/000182897226000146/0001828972-26-000146-index.htm,8-K,8-K,https://www.sec.gov/Archives/edgar/data/1828972/000182897226000146/bzfd-20260911.htm,True,
BZFDW,2026-09-16 00:00:00,https://www.sec.gov/Archives/edgar/data/1828972/000182897226000146/0001828972-26-000146-index.htm,EX-10.1,EX-10.1,https://www.sec.gov/Archives/edgar/data/1828972/000182897226000146/ex101sharepurchaseagreemen.htm,False,
ENFAU,2026-09-16 00:00:00,https://www.sec.gov/Archives/edgar/data/1828972/000182897226000146/0001828972-26-000146-index.htm,8-K,8-K,https://www.sec.gov/Archives/edgar/data/1828972/000182897226000146/bzfd-20260911.htm,True,
ENFAU,2026-09-16 00:00:00,https://www.sec.gov/Archives/edgar/data/1828972/000182897226000146/0001828972-26-000146-index.htm,EX-10.1,EX-10.1,https://www.sec.gov/Archives/edgar/data/1828972/000182897226000146/ex101sharepurchaseagreemen.htm,False,
ENFAW,2026-09-16 00:00:00,https://www.sec.gov/Archives/edgar/data/1828972/000182897226000146/0001828972-26-000146-index.htm,8-K,8-K,https://www.sec.gov/Archives/edgar/data/1828972/000182897226000146/bzfd-20260911.htm,True,
ENFAW,2026-09-16 00:00:00,https://www.sec.gov/Archives/edgar/data/1828972/000182897226000146/0001828972-26-000146-index.htm,EX-10.1,EX-10.1,https://www.sec.gov/Archives/edgar/data/1828972/000182897226000146/ex101sharepurchaseagreemen.htm,False,
NKE,2026-09-16 00:00:00,https://www.sec.gov/Archives/edgar/data/320187/000032018726000170/0000320187-26-000170-index.htm,8-K,8-K,https://www.sec.gov/Archives/edgar/data/320187/000032018726000170/nke-20260915.htm,False,
NKE,2026-09-16 00:00:00,https://www.sec.gov/Archives/edgar/data/320187/000032018726000170/0000320187-26-000170-index.htm,EX-99.1,EX-99.1,https://www.sec.gov/Archives/edgar/data/320187/000032018726000170/a091626pressrelease.htm,False,
HP,2026-09-16 00:00:00,https://www.sec.gov/Archives/edgar/data/46765/000004676526000044/0000046765-26-000044-index.htm,8-K,8-K,https://www.sec.gov/Archives/edgar/data/46765/000004676526000044/hp-20260916.htm,False,
SIGI,2026-09-16 00:00:00,https://www.sec.gov/Archives/edgar/data/230557/000110465926108267/0001104659-26-108267-index.htm,8-K,FORM 8-K,https://www.sec.gov/Archives/edgar/data/230557/000110465926108267/tm2625551d1_8k.htm,False,
SIGI,2026-09-16 00:00:00,https://www.sec.gov/Archives/edgar/data/230557/000110465926108267/0001104659-26-108267-index.htm,EX-99.1,EXHIBIT 99.1,https://www.sec.gov/Archives/edgar/data/230557/000110465926108267/tm2625551d1_ex99-1.htm,False,
SIGIP,2026-09-16 00:00:00,https://www.sec.gov/Archives/edgar/data/230557/000110465926108267/0001104659-26-108267-index.htm,8-K,FORM 8-K,https://www.sec.gov/Archives/edgar/data/230557/000110465926108267/tm2625551d1_8k.htm,False,
SIGIP,2026-09-16 00:00:00,https://www.sec.gov/Archives/edgar/data/230557/000110465926108267/0001104659-26-108267-index.htm,EX-99.1,EXHIBIT 99.1,https://www.sec.gov/Archives/edgar/data/230557/000110465926108267/tm2625551d1_ex99-1.htm,False,
AES,2026-09-16 00:00:00,https://www.sec.gov/Archives/edgar/data/874761/000087476126000153/0000874761-26-000153-index.htm,8-K,8-K,https://www.sec.gov/Archives/edgar/data/874761/000087476126000153/aes-20260914.htm,False,
AESC,2026-09-16 00:00:00,https://www.sec.gov/Archives/edgar/data/874761/000087476126000153/0000874761-26-000153-index.htm,8-K,8-K,https://www.sec.gov/Archives/edgar/data/874761/000087476126000153/aes-20260914.htm,False,
IPWLK,2026-09-16 00:00:00,https://www.sec.gov/Archives/edgar/data/874761/000087476126000153/0000874761-26-000153-index.htm,8-K,8-K,https://www.sec.gov/Archives/edgar/data/874761/000087476126000153/aes-20260914.htm,False,
IPWLP,2026-09-16 00:00:00,https://www.sec.gov/Archives/edgar/data/874761/000087476126000153/0000874761-26-000153-index.htm,8-K,8-K,https://www.sec.gov/Archives/edgar/data/874761/000087476126000153/aes-20260914.htm,False,
TRST,2026-09-16 00:00:00,https://www.sec.gov/Archives/edgar/data/357301/000114036126036784/0001140361-26-036784-index.htm,8-K,8-K,https://www.sec.gov/Archives/edgar/data/357301/000114036126036784/ef20082117_8k.htm,False,
SWBI,2026-09-16 00:00:00,https://www.sec.gov/Archives/edgar/data/1092796/000119312526393097/0001193125-26-393097-index.htm,8-K,8-K,https://www.sec.gov/Archives/edgar/data/1092796/000119312526393097/d150341d8k.htm,False,
NNI,2026-09-16 00:00:00,https://www.sec.gov/Archives/edgar/data/1258602/000125860226000045/0001258602-26-000045-index.htm,8-K,8-K,https://www.sec.gov/Archives/edgar/data/1258602/000125860226000045/nni-20260915.htm,False,
NNI,2026-09-16 00:00:00,https://www.sec.gov/Archives/edgar/data/1258602/000125860226000045/0001258602-26-000045-index.htm,EX-99.1,EX-99.1,https://www.sec.gov/Archives/edgar/data/1258602/000125860226000045/exhibit991pressrelease0916.htm,False,
None,2026-09-16 00:00:00,https://www.sec.gov/Archives/edgar/data/54507/000119312526393088/0001193125-26-393088-index.htm,8-K,8-K,https://www.sec.gov/Archives/edgar/data/54507/000119312526393088/d504888d8k.htm,False,
EVRG,2026-09-16 00:00:00,https://www.sec.gov/Archives/edgar/data/1711269/000119312526393088/0001193125-26-393088-index.htm,8-K,8-K,https://www.sec.gov/Archives/edgar/data/54507/000119312526393088/d504888d8k.htm,False,
KFIIR,2026-09-16 00:00:00,https://www.sec.gov/Archives/edgar/data/2029976/000121390026100525/0001213900-26-100525-index.htm,8-K,CURRENT REPORT,https://www.sec.gov/Archives/edgar/data/2029976/000121390026100525/ea0305697-8k_kfgrow2.htm,False,
KFII,2026-09-16 00:00:00,https://www.sec.gov/Archives/edgar/data/2029976/000121390026100525/0001213900-26-100525-index.htm,8-K,CURRENT REPORT,https://www.sec.gov/Archives/edgar/data/2029976/000121390026100525/ea0305697-8k_kfgrow2.htm,False,
KFIIU,2026-09-16 00:00:00,https://www.sec.gov/Archives/edgar/data/2029976/000121390026100525/0001213900-26-100525-index.htm,8-K,CURRENT REPORT,https://www.sec.gov/Archives/edgar/data/2029976/000121390026100525/ea0305697-8k_kfgrow2.htm,False,
EYESW,2026-09-16 00:00:00,https://www.sec.gov/Archives/edgar/data/1266806/000175392626001808/0001753926-26-001808-index.htm,8-K,8-K,https://www.sec.gov/Archives/edgar/data/1266806/000175392626001808/vani-20260916.htm,False,
VANI,2026-09-16 00:00:00,https://www.sec.gov/Archives/edgar/data/1266806/000175392626001808/0001753926-26-001808-index.htm,8-K,8-K,https://www.sec.gov/Archives/edgar/data/1266806/000175392626001808/vani-20260916.htm,False,
VANIW,2026-09-16 00:00:00,https://www.sec.gov/Archives/edgar/data/1266806/000175392626001808/0001753926-26-001808-index.htm,8-K,8-K,https://www.sec.gov/Archives/edgar/data/1266806/000175392626001808/vani-20260916.htm,False,
GIPR,2026-09-16 00:00:00,https://www.sec.gov/Archives/edgar/data/1651721/000119312526393084/0001193125-26-393084-index.htm,8-K,8-K,https://www.sec.gov/Archives/edgar/data/1651721/000119312526393084/gipr-20260916.htm,False,
GIPRW,2026-09-16 00:00:00,https://www.sec.gov/Archives/edgar/data/1651721/000119312526393084/0001193125-26-393084-index.htm,8-K,8-K,https://www.sec.gov/Archives/edgar/data/1651721/000119312526393084/gipr-20260916.htm,False,
BRSP,2026-09-16 00:00:00,https://www.sec.gov/Archives/edgar/data/1717547/000171754726000065/0001717547-26-000065-index.htm,8-K,8-K,https://www.sec.gov/Archives/edgar/data/1717547/000171754726000065/brsp-20260914.htm,False,
BRSP,2026-09-16 00:00:00,https://www.sec.gov/Archives/edgar/data/1717547/000171754726000065/0001717547-26-000065-index.htm,EX-99.1,EX-99.1,https://www.sec.gov/Archives/edgar/data/1717547/000171754726000065/brsp8-k09142026exhibit991.htm,False,
CLNC,2026-09-16 00:00:00,https://www.sec.gov/Archives/edgar/data/1717547/000171754726000065/0001717547-26-000065-index.htm,8-K,8-K,https://www.sec.gov/Archives/edgar/data/1717547/000171754726000065/brsp-20260914.htm,False,
CLNC,2026-09-16 00:00:00,https://www.sec.gov/Archives/edgar/data/1717547/000171754726000065/0001717547-26-000065-index.htm,EX-99.1,EX-99.1,https://www.sec.gov/Archives/edgar/data/1717547/000171754726000065/brsp8-k09142026exhibit991.htm,False,
EROK,2026-09-16 00:00:00,https://www.sec.gov/Archives/edgar/data/2104882/000119312526393083/0001193125-26-393083-index.htm,8-K,8-K,https://www.sec.gov/Archives/edgar/data/2104882/000119312526393083/d165209d8k.htm,False,
None,2026-09-16 00:00:00,https://www.sec.gov/Archives/edgar/data/1540171/000119312526393081/0001193125-26-393081-index.htm,8-K,8-K,https://www.sec.gov/Archives/edgar/data/1540171/000119312526393081/ck0001540171-20260915.htm,False,
None,2026-09-16 00:00:00,https://www.sec.gov/Archives/edgar/data/1022344/000110465926108256/0001104659-26-108256-index.htm,8-K,FORM 8-K,https://www.sec.gov/Archives/edgar/data/1022344/000110465926108256/tm2625467d1_8k.htm,False,
MLM,2026-09-16 00:00:00,https://www.sec.gov/Archives/edgar/data/916076/000095015726001024/0000950157-26-001024-index.htm,8-K,CURRENT REPORT,https://www.sec.gov/Archives/edgar/data/916076/000095015726001024/form8-k.htm,True,
ACM,2026-09-16 00:00:00,https://www.sec.gov/Archives/edgar/data/868857/000110465926108255/0001104659-26-108255-index.htm,8-K,FORM 8-K,https://www.sec.gov/Archives/edgar/data/868857/000110465926108255/tm2625416d1_8k.htm,False,
HBNC,2026-09-16 00:00:00,https://www.sec.gov/Archives/edgar/data/706129/000070612926000073/0000706129-26-000073-index.htm,8-K,8-K,https://www.sec.gov/Archives/edgar/data/706129/000070612926000073/hbnc-20260915.htm,False,
NVVE,2026-09-16 00:00:00,https://www.sec.gov/Archives/edgar/data/1836875/000121390026100518/0001213900-26-100518-index.htm,8-K,CURRENT REPORT,https://www.sec.gov/Archives/edgar/data/1836875/000121390026100518/ea0305653-8k_nuvve.htm,True,
NVVE,2026-09-16 00:00:00,https://www.sec.gov/Archives/edgar/data/1836875/000121390026100518/0001213900-26-100518-index.htm,EX-10.1,"SECURITIES PURCHASE AGREEMENT, DATED SEPTEMBER 10, 2026, BETWEEN NUVVE HOLDING C",https://www.sec.gov/Archives/edgar/data/1836875/000121390026100518/ea030565301ex10-1.htm,False,
NVVE,2026-09-16 00:00:00,https://www.sec.gov/Archives/edgar/data/1836875/000121390026100518/0001213900-26-100518-index.htm,EX-10.2,"SECURITIES EXCHANGE AND AMENDMENT AGREEMENT, DATED SEPTEMBER 10, 2026, BETWEEN N",https://www.sec.gov/Archives/edgar/data/1836875/000121390026100518/ea030565301ex10-2.htm,False,
NVVE,2026-09-16 00:00:00,https://www.sec.gov/Archives/edgar/data/1836875/000121390026100518/0001213900-26-100518-index.htm,EX-99.1,"IRREVOCABLE INSTRUCTION LETTER TO TRANSFER AGENT, DATED SEPTEMBER 10, 2026",https://www.sec.gov/Archives/edgar/data/1836875/000121390026100518/ea030565301ex99-1.htm,False,
NVVEW,2026-09-16 00:00:00,https://www.sec.gov/Archives/edgar/data/1836875/000121390026100518/0001213900-26-100518-index.htm,8-K,CURRENT REPORT,https://www.sec.gov/Archives/edgar/data/1836875/000121390026100518/ea0305653-8k_nuvve.htm,True,
NVVEW,2026-09-16 00:00:00,https://www.sec.gov/Archives/edgar/data/1836875/000121390026100518/0001213900-26-100518-index.htm,EX-10.1,"SECURITIES PURCHASE AGREEMENT, DATED SEPTEMBER 10, 2026, BETWEEN NUVVE HOLDING C",https://www.sec.gov/Archives/edgar/data/1836875/000121390026100518/ea030565301ex10-1.htm,False,
NVVEW,2026-09-16 00:00:00,https://www.sec.gov/Archives/edgar/data/1836875/000121390026100518/0001213900-26-100518-index.htm,EX-10.2,"SECURITIES EXCHANGE AND AMENDMENT AGREEMENT, DATED SEPTEMBER 10, 2026, BETWEEN N",https://www.sec.gov/Archives/edgar/data/1836875/000121390026100518/ea030565301ex10-2.htm,False,
NVVEW,2026-09-16 00:00:00,https://www.sec.gov/Archives/edgar/data/1836875/000121390026100518/0001213900-26-100518-index.htm,EX-99.1,"IRREVOCABLE INSTRUCTION LETTER TO TRANSFER AGENT, DATED SEPTEMBER 10, 2026",https://www.sec.gov/Archives/edgar/data/1836875/000121390026100518/ea030565301ex99-1.htm,False,
ALLY,2026-09-16 00:00:00,https://www.sec.gov/Archives/edgar/data/40729/000119312526393065/0001193125-26-393065-index.htm,8-K,8-K,https://www.sec.gov/Archives/edgar/data/40729/000119312526393065/d169200d8k.htm,False,
KTTA,2026-09-16 00:00:00,https://www.sec.gov/Archives/edgar/data/1841330/000121390026100515/0001213900-26-100515-index.htm,8-K,CURRENT REPORT,https://www.sec.gov/Archives/edgar/data/1841330/000121390026100515/ea0305372-8k_pasithea.htm,False,
KTTAW,2026-09-16 00:00:00,https://www.sec.gov/Archives/edgar/data/1841330/000121390026100515/0001213900-26-100515-index.htm,8-K,CURRENT REPORT,https://www.sec.gov/Archives/edgar/data/1841330/000121390026100515/ea0305372-8k_pasithea.htm,False,
NVT,2026-09-16 00:00:00,https://www.sec.gov/Archives/edgar/data/1720635/000110465926108250/0001104659-26-108250-index.htm,8-K,FORM 8-K,https://www.sec.gov/Archives/edgar/data/1720635/000110465926108250/tm2625115d7_8k.htm,False,
GOSS,2026-09-16 00:00:00,https://www.sec.gov/Archives/edgar/data/1728117/000172811726000101/0001728117-26-000101-index.htm,8-K,8-K,https://www.sec.gov/Archives/edgar/data/1728117/000172811726000101/goss-20260916.htm,True,
GOSS,2026-09-16 00:00:00,https://www.sec.gov/Archives/edgar/data/1728117/000172811726000101/0001728117-26-000101-index.htm,EX-99.1,EX-99.1,https://www.sec.gov/Archives/edgar/data/1728117/000172811726000101/ex991pr-newdirector.htm,False,
OCSL,2026-09-16 00:00:00,https://www.sec.gov/Archives/edgar/data/1414932/000119312526393060/0001193125-26-393060-index.htm,8-K,8-K,https://www.sec.gov/Archives/edgar/data/1414932/000119312526393060/d158213d8k.htm,True,
YHNAR,2026-09-16 00:00:00,https://www.sec.gov/Archives/edgar/data/2020987/000168316826007194/0001683168-26-007194-index.htm,8-K,CURRENT REPORT,https://www.sec.gov/Archives/edgar/data/2020987/000168316826007194/yhn_8k.htm,True,
YHNAR,2026-09-16 00:00:00,https://www.sec.gov/Archives/edgar/data/2020987/000168316826007194/0001683168-26-007194-index.htm,EX-10.1,AMENDMENT NO. 2 TO THE INVESTMENT MANAGEMENT TRUST AGREEMENT,https://www.sec.gov/Archives/edgar/data/2020987/000168316826007194/yhn_ex1001.htm,False,
YHNA,2026-09-16 00:00:00,https://www.sec.gov/Archives/edgar/data/2020987/000168316826007194/0001683168-26-007194-index.htm,8-K,CURRENT REPORT,https://www.sec.gov/Archives/edgar/data/2020987/000168316826007194/yhn_8k.htm,True,
YHNA,2026-09-16 00:00:00,https://www.sec.gov/Archives/edgar/data/2020987/000168316826007194/0001683168-26-007194-index.htm,EX-10.1,AMENDMENT NO. 2 TO THE INVESTMENT MANAGEMENT TRUST AGREEMENT,https://www.sec.gov/Archives/edgar/data/2020987/000168316826007194/yhn_ex1001.htm,False,
YHNAU,2026-09-16 00:00:00,https://www.sec.gov/Archives/edgar/data/2020987/000168316826007194/0001683168-26-007194-index.htm,8-K,CURRENT REPORT,https://www.sec.gov/Archives/edgar/data/2020987/000168316826007194/yhn_8k.htm,True,
YHNAU,2026-09-16 00:00:00,https://www.sec.gov/Archives/edgar/data/2020987/000168316826007194/0001683168-26-007194-index.htm,EX-10.1,AMENDMENT NO. 2 TO THE INVESTMENT MANAGEMENT TRUST AGREEMENT,https://www.sec.gov/Archives/edgar/data/2020987/000168316826007194/yhn_ex1001.htm,False,
SBFMW,2026-09-16 00:00:00,https://www.sec.gov/Archives/edgar/data/1402328/000168316826007193/0001683168-26-007193-index.htm,8-K,FORM 8-K,https://www.sec.gov/Archives/edgar/data/1402328/000168316826007193/sunshine_8k.htm,False,
SBFM,2026-09-16 00:00:00,https://www.sec.gov/Archives/edgar/data/1402328/000168316826007193/0001683168-26-007193-index.htm,8-K,FORM 8-K,https://www.sec.gov/Archives/edgar/data/1402328/000168316826007193/sunshine_8k.htm,False,
CBFV,2026-09-16 00:00:00,https://www.sec.gov/Archives/edgar/data/1605301/000160530126000038/0001605301-26-000038-index.htm,8-K,8-K,https://www.sec.gov/Archives/edgar/data/1605301/000160530126000038/cbfv-20260916.htm,False,
None,2026-09-16 00:00:00,https://www.sec.gov/Archives/edgar/data/2074176/000110465926108245/0001104659-26-108245-index.htm,8-K,FORM 8-K,https://www.sec.gov/Archives/edgar/data/2074176/000110465926108245/tm2625491d1_8k.htm,False,
REPL,2026-09-16 00:00:00,https://www.sec.gov/Archives/edgar/data/1737953/000110465926108243/0001104659-26-108243-index.htm,8-K,FORM 8-K,https://www.sec.gov/Archives/edgar/data/1737953/000110465926108243/tm2625488d1_8k.htm,False,
HAL,2026-09-16 00:00:00,https://www.sec.gov/Archives/edgar/data/45012/000004501226000064/0000045012-26-000064-index.htm,8-K,8-K,https://www.sec.gov/Archives/edgar/data/45012/000004501226000064/hal-20260915.htm,False,
AVO,2026-09-16 00:00:00,https://www.sec.gov/Archives/edgar/data/1802974/000119312526393058/0001193125-26-393058-index.htm,8-K,8-K,https://www.sec.gov/Archives/edgar/data/1802974/000119312526393058/d162936d8k.htm,False,
AHH-PA,2026-09-16 00:00:00,https://www.sec.gov/Archives/edgar/data/1569187/000156918726000146/0001569187-26-000146-index.htm,8-K,8-K,https://www.sec.gov/Archives/edgar/data/1569187/000156918726000146/ahh-20260916.htm,False,
AHH-PA,2026-09-16 00:00:00,https://www.sec.gov/Archives/edgar/data/1569187/000156918726000146/0001569187-26-000146-index.htm,EX-99.1,EX-99.1,https://www.sec.gov/Archives/edgar/data/1569187/000156918726000146/q22026investordeck.htm,False,
AHH,2026-09-16 00:00:00,https://www.sec.gov/Archives/edgar/data/1569187/000156918726000146/0001569187-26-000146-index.htm,8-K,8-K,https://www.sec.gov/Archives/edgar/data/1569187/000156918726000146/ahh-20260916.htm,False,
AHH,2026-09-16 00:00:00,https://www.sec.gov/Archives/edgar/data/1569187/000156918726000146/0001569187-26-000146-index.htm,EX-99.1,EX-99.1,https://www.sec.gov/Archives/edgar/data/1569187/000156918726000146/q22026investordeck.htm,False,
GSBC,2026-09-16 00:00:00,https://www.sec.gov/Archives/edgar/data/854560/000117184326006075/0001171843-26-006075-index.htm,8-K,FORM 8-K,https://www.sec.gov/Archives/edgar/data/854560/000117184326006075/f8k_091626.htm,False,
GSBC,2026-09-16 00:00:00,https://www.sec.gov/Archives/edgar/data/854560/000117184326006075/0001171843-26-006075-index.htm,EX-99.1,PRESS RELEASE,https://www.sec.gov/Archives/edgar/data/854560/000117184326006075/exh_991.htm,False,
NROM,2026-09-16 00:00:00,https://www.sec.gov/Archives/edgar/data/709005/000165495426008411/0001654954-26-008411-index.htm,8-K,FORM 8-K,https://www.sec.gov/Archives/edgar/data/709005/000165495426008411/nrom_8k.htm,False,
PODD,2026-09-16 00:00:00,https://www.sec.gov/Archives/edgar/data/1145197/000114519726000177/0001145197-26-000177-index.htm,8-K,8-K,https://www.sec.gov/Archives/edgar/data/1145197/000114519726000177/podd-20260914.htm,False,
PODD,2026-09-16 00:00:00,https://www.sec.gov/Archives/edgar/data/1145197/000114519726000177/0001145197-26-000177-index.htm,EX-10.1,EX-10.1,https://www.sec.gov/Archives/edgar/data/1145197/000114519726000177/podd-2026x9x16ex101.htm,False,
CVU,2026-09-16 00:00:00,https://www.sec.gov/Archives/edgar/data/889348/000199937126020642/0001999371-26-020642-index.htm,8-K,CURRENT REPORT,https://www.sec.gov/Archives/edgar/data/889348/000199937126020642/cvu-8k_091626.htm,False,
CVUA,2026-09-16 00:00:00,https://www.sec.gov/Archives/edgar/data/889348/000199937126020642/0001999371-26-020642-index.htm,8-K,CURRENT REPORT,https://www.sec.gov/Archives/edgar/data/889348/000199937126020642/cvu-8k_091626.htm,False,
PLMIW,2026-09-16 00:00:00,https://www.sec.gov/Archives/edgar/data/1840317/000121390026100507/0001213900-26-100507-index.htm,8-K,CURRENT REPORT,https://www.sec.gov/Archives/edgar/data/1840317/000121390026100507/ea0305721-8k_veea.htm,False,
PLMIW,2026-09-16 00:00:00,https://www.sec.gov/Archives/edgar/data/1840317/000121390026100507/0001213900-26-100507-index.htm,EX-99.1,"PRESS RELEASE DATED SEPTEMBER 14, 2026",https://www.sec.gov/Archives/edgar/data/1840317/000121390026100507/ea030572101ex99-1.htm,False,
PLMIU,2026-09-16 00:00:00,https://www.sec.gov/Archives/edgar/data/1840317/000121390026100507/0001213900-26-100507-index.htm,8-K,CURRENT REPORT,https://www.sec.gov/Archives/edgar/data/1840317/000121390026100507/ea0305721-8k_veea.htm,False,
PLMIU,2026-09-16 00:00:00,https://www.sec.gov/Archives/edgar/data/1840317/000121390026100507/0001213900-26-100507-index.htm,EX-99.1,"PRESS RELEASE DATED SEPTEMBER 14, 2026",https://www.sec.gov/Archives/edgar/data/1840317/000121390026100507/ea030572101ex99-1.htm,False,
PLMI,2026-09-16 00:00:00,https://www.sec.gov/Archives/edgar/data/1840317/000121390026100507/0001213900-26-100507-index.htm,8-K,CURRENT REPORT,https://www.sec.gov/Archives/edgar/data/1840317/000121390026100507/ea0305721-8k_veea.htm,False,
PLMI,2026-09-16 00:00:00,https://www.sec.gov/Archives/edgar/data/1840317/000121390026100507/0001213900-26-100507-index.htm,EX-99.1,"PRESS RELEASE DATED SEPTEMBER 14, 2026",https://www.sec.gov/Archives/edgar/data/1840317/000121390026100507/ea030572101ex99-1.htm,False,
INVE,2026-09-16 00:00:00,https://www.sec.gov/Archives/edgar/data/1036044/000119312526393037/0001193125-26-393037-index.htm,8-K,8-K,https://www.sec.gov/Archives/edgar/data/1036044/000119312526393037/d180859d8k.htm,False,
INVE,2026-09-16 00:00:00,https://www.sec.gov/Archives/edgar/data/1036044/000119312526393037/0001193125-26-393037-index.htm,EX-99.1,EX-99.1,https://www.sec.gov/Archives/edgar/data/1036044/000119312526393037/d180859dex991.htm,False,
None,2026-09-16 00:00:00,https://www.sec.gov/Archives/edgar/data/1901037/000110465926108239/0001104659-26-108239-index.htm,8-K,FORM 8-K,https://www.sec.gov/Archives/edgar/data/1901037/000110465926108239/tm2625505d1_8k.htm,False,
TCBI,2026-09-16 00:00:00,https://www.sec.gov/Archives/edgar/data/1077428/000107742826000063/0001077428-26-000063-index.htm,8-K,8-K,https://www.sec.gov/Archives/edgar/data/1077428/000107742826000063/tcbi-20260916.htm,False,
TCBIO,2026-09-16 00:00:00,https://www.sec.gov/Archives/edgar/data/1077428/000107742826000063/0001077428-26-000063-index.htm,8-K,8-K,https://www.sec.gov/Archives/edgar/data/1077428/000107742826000063/tcbi-20260916.htm,False,
TCBIL,2026-09-16 00:00:00,https://www.sec.gov/Archives/edgar/data/1077428/000107742826000063/0001077428-26-000063-index.htm,8-K,8-K,https://www.sec.gov/Archives/edgar/data/1077428/000107742826000063/tcbi-20260916.htm,False,
GRAY,2026-09-16 00:00:00,https://www.sec.gov/Archives/edgar/data/1534133/000119312526393034/0001193125-26-393034-index.htm,8-K,8-K,https://www.sec.gov/Archives/edgar/data/1534133/000119312526393034/d166013d8k.htm,False,
CALC,2026-09-16 00:00:00,https://www.sec.gov/Archives/edgar/data/1534133/000119312526393034/0001193125-26-393034-index.htm,8-K,8-K,https://www.sec.gov/Archives/edgar/data/1534133/000119312526393034/d166013d8k.htm,False,
CHKEZ,2026-09-16 00:00:00,https://www.sec.gov/Archives/edgar/data/895126/000089512626000053/0000895126-26-000053-index.htm,8-K,8-K,https://www.sec.gov/Archives/edgar/data/895126/000089512626000053/exe-20260916.htm,False,
EXEEL,2026-09-16 00:00:00,https://www.sec.gov/Archives/edgar/data/895126/000089512626000053/0000895126-26-000053-index.htm,8-K,8-K,https://www.sec.gov/Archives/edgar/data/895126/000089512626000053/exe-20260916.htm,False,
EXE,2026-09-16 00:00:00,https://www.sec.gov/Archives/edgar/data/895126/000089512626000053/0000895126-26-000053-index.htm,8-K,8-K,https://www.sec.gov/Archives/edgar/data/895126/000089512626000053/exe-20260916.htm,False,
CHK,2026-09-16 00:00:00,https://www.sec.gov/Archives/edgar/data/895126/000089512626000053/0000895126-26-000053-index.htm,8-K,8-K,https://www.sec.gov/Archives/edgar/data/895126/000089512626000053/exe-20260916.htm,False,
EXEEZ,2026-09-16 00:00:00,https://www.sec.gov/Archives/edgar/data/895126/000089512626000053/0000895126-26-000053-index.htm,8-K,8-K,https://www.sec.gov/Archives/edgar/data/895126/000089512626000053/exe-20260916.htm,False,
CHKEL,2026-09-16 00:00:00,https://www.sec.gov/Archives/edgar/data/895126/000089512626000053/0000895126-26-000053-index.htm,8-K,8-K,https://www.sec.gov/Archives/edgar/data/895126/000089512626000053/exe-20260916.htm,False,
CHKEW,2026-09-16 00:00:00,https://www.sec.gov/Archives/edgar/data/895126/000089512626000053/0000895126-26-000053-index.htm,8-K,8-K,https://www.sec.gov/Archives/edgar/data/895126/000089512626000053/exe-20260916.htm,False,
EXEEW,2026-09-16 00:00:00,https://www.sec.gov/Archives/edgar/data/895126/000089512626000053/0000895126-26-000053-index.htm,8-K,8-K,https://www.sec.gov/Archives/edgar/data/895126/000089512626000053/exe-20260916.htm,False,
NMRK,2026-09-16 00:00:00,https://www.sec.gov/Archives/edgar/data/1690680/000121390026100504/0001213900-26-100504-index.htm,8-K,CURRENT REPORT,https://www.sec.gov/Archives/edgar/data/1690680/000121390026100504/ea0305724-8k_newmark.htm,False,
ALDFU,2026-09-16 00:00:00,https://www.sec.gov/Archives/edgar/data/2031561/000110465926108236/0001104659-26-108236-index.htm,8-K,FORM 8-K,https://www.sec.gov/Archives/edgar/data/2031561/000110465926108236/tm2625545d1_8k.htm,False,
ALDFW,2026-09-16 00:00:00,https://www.sec.gov/Archives/edgar/data/2031561/000110465926108236/0001104659-26-108236-index.htm,8-K,FORM 8-K,https://www.sec.gov/Archives/edgar/data/2031561/000110465926108236/tm2625545d1_8k.htm,False,
ALDF,2026-09-16 00:00:00,https://www.sec.gov/Archives/edgar/data/2031561/000110465926108236/0001104659-26-108236-index.htm,8-K,FORM 8-K,https://www.sec.gov/Archives/edgar/data/2031561/000110465926108236/tm2625545d1_8k.htm,False,
WWD,2026-09-16 00:00:00,https://www.sec.gov/Archives/edgar/data/108312/000117184326006074/0001171843-26-006074-index.htm,8-K,FORM 8-K,https://www.sec.gov/Archives/edgar/data/108312/000117184326006074/f8k_091626.htm,False,
WWD,2026-09-16 00:00:00,https://www.sec.gov/Archives/edgar/data/108312/000117184326006074/0001171843-26-006074-index.htm,EX-99.1,PRESS RELEASE,https://www.sec.gov/Archives/edgar/data/108312/000117184326006074/exh_991.htm,False,
QTRRF,2026-09-16 00:00:00,https://www.sec.gov/Archives/edgar/data/1339688/000106299326004984/0001062993-26-004984-index.htm,8-K,FORM 8-K,https://www.sec.gov/Archives/edgar/data/1339688/000106299326004984/form8k.htm,False,
QTRRF,2026-09-16 00:00:00,https://www.sec.gov/Archives/edgar/data/1339688/000106299326004984/0001062993-26-004984-index.htm,EX-99.1,EXHIBIT 99.1,https://www.sec.gov/Archives/edgar/data/1339688/000106299326004984/exhibit99-1.htm,False,
LCGMF,2026-09-16 00:00:00,https://www.sec.gov/Archives/edgar/data/1339688/000106299326004984/0001062993-26-004984-index.htm,8-K,FORM 8-K,https://www.sec.gov/Archives/edgar/data/1339688/000106299326004984/form8k.htm,False,
LCGMF,2026-09-16 00:00:00,https://www.sec.gov/Archives/edgar/data/1339688/000106299326004984/0001062993-26-004984-index.htm,EX-99.1,EXHIBIT 99.1,https://www.sec.gov/Archives/edgar/data/1339688/000106299326004984/exhibit99-1.htm,False,
None,2026-09-16 00:00:00,https://www.sec.gov/Archives/edgar/data/1976927/000197692726000071/0001976927-26-000071-index.htm,8-K,8-K,https://www.sec.gov/Archives/edgar/data/1976927/000197692726000071/incref-20260831.htm,True,
None,2026-09-16 00:00:00,https://www.sec.gov/Archives/edgar/data/1876255/000119312526392970/0001193125-26-392970-index.htm,8-K,8-K,https://www.sec.gov/Archives/edgar/data/1876255/000119312526392970/d414441d8k.htm,True,
None,2026-09-16 00:00:00,https://www.sec.gov/Archives/edgar/data/1876255/000119312526392970/0001193125-26-392970-index.htm,EX-10.1,EX-10.1,https://www.sec.gov/Archives/edgar/data/1876255/000119312526392970/d414441dex101.htm,False,
SPRU,2026-09-16 00:00:00,https://www.sec.gov/Archives/edgar/data/1772720/000162828026062216/0001628280-26-062216-index.htm,8-K,8-K,https://www.sec.gov/Archives/edgar/data/1772720/000162828026062216/spru-20260910.htm,False,
XL,2026-09-16 00:00:00,https://www.sec.gov/Archives/edgar/data/1772720/000162828026062216/0001628280-26-062216-index.htm,8-K,8-K,https://www.sec.gov/Archives/edgar/data/1772720/000162828026062216/spru-20260910.htm,False,
AWK,2026-09-16 00:00:00,https://www.sec.gov/Archives/edgar/data/1410636/000119312526392966/0001193125-26-392966-index.htm,8-K,8-K,https://www.sec.gov/Archives/edgar/data/1410636/000119312526392966/d36761d8k.htm,False,
QTRRF,2026-09-16 00:00:00,https://www.sec.gov/Archives/edgar/data/1339688/000106299326004982/0001062993-26-004982-index.htm,8-K,FORM 8-K,https://www.sec.gov/Archives/edgar/data/1339688/000106299326004982/form8k.htm,False,
QTRRF,2026-09-16 00:00:00,https://www.sec.gov/Archives/edgar/data/1339688/000106299326004982/0001062993-26-004982-index.htm,EX-99.1,EXHIBIT 99.1,https://www.sec.gov/Archives/edgar/data/1339688/000106299326004982/exhibit99-1.htm,False,
LCGMF,2026-09-16 00:00:00,https://www.sec.gov/Archives/edgar/data/1339688/000106299326004982/0001062993-26-004982-index.htm,8-K,FORM 8-K,https://www.sec.gov/Archives/edgar/data/1339688/000106299326004982/form8k.htm,False,
LCGMF,2026-09-16 00:00:00,https://www.sec.gov/Archives/edgar/data/1339688/000106299326004982/0001062993-26-004982-index.htm,EX-99.1,EXHIBIT 99.1,https://www.sec.gov/Archives/edgar/data/1339688/000106299326004982/exhibit99-1.htm,False,
None,2026-09-16 00:00:00,https://www.sec.gov/Archives/edgar/data/1003509/000110465926108211/0001104659-26-108211-index.htm,8-K,FORM 8-K,https://www.sec.gov/Archives/edgar/data/1003509/000110465926108211/tm2625503d1_8k.htm,False,
None,2026-09-16 00:00:00,https://www.sec.gov/Archives/edgar/data/1283434/000110465926108211/0001104659-26-108211-index.htm,8-K,FORM 8-K,https://www.sec.gov/Archives/edgar/data/1003509/000110465926108211/tm2625503d1_8k.htm,False,
EXPD,2026-09-16 00:00:00,https://www.sec.gov/Archives/edgar/data/746515/000119312526392952/0001193125-26-392952-index.htm,8-K,8-K,https://www.sec.gov/Archives/edgar/data/746515/000119312526392952/expd-20250916.htm,False,
FIBK,2026-09-16 00:00:00,https://www.sec.gov/Archives/edgar/data/860413/000086041326000092/0000860413-26-000092-index.htm,8-K,8-K,https://www.sec.gov/Archives/edgar/data/860413/000086041326000092/fibk-20260914.htm,False,
FIBK,2026-09-16 00:00:00,https://www.sec.gov/Archives/edgar/data/860413/000086041326000092/0000860413-26-000092-index.htm,EX-10.1,EX-10.1,https://www.sec.gov/Archives/edgar/data/860413/000086041326000092/fibk-20260914xex101xleeemp.htm,False,
None,2026-09-16 00:00:00,https://www.sec.gov/Archives/edgar/data/27879/000002787926000003/0000027879-26-000003-index.htm,8-K,8-K,https://www.sec.gov/Archives/edgar/data/27879/000002787926000003/exc-20260916.htm,True,
CURLF,2026-09-16 00:00:00,https://www.sec.gov/Archives/edgar/data/1756770/000175677026000111/0001756770-26-000111-index.htm,8-K,8-K,https://www.sec.gov/Archives/edgar/data/1756770/000175677026000111/curlf-20260916.htm,False,
CURLF,2026-09-16 00:00:00,https://www.sec.gov/Archives/edgar/data/1756770/000175677026000111/0001756770-26-000111-index.htm,EX-99.1,EX-99.1,https://www.sec.gov/Archives/edgar/data/1756770/000175677026000111/curaleafbrochure_final.htm,False,
APT,2026-09-16 00:00:00,https://www.sec.gov/Archives/edgar/data/884269/000143774926030517/0001437749-26-030517-index.htm,8-K,FORM 8-K,https://www.sec.gov/Archives/edgar/data/884269/000143774926030517/apt20260915_8k.htm,False,
BKRP,2026-09-16 00:00:00,https://www.sec.gov/Archives/edgar/data/1580095/000117152026000264/0001171520-26-000264-index.htm,8-K,,https://www.sec.gov/Archives/edgar/data/1580095/000117152026000264/eps12860_brpc.htm,False,
None,2026-09-16 00:00:00,https://www.sec.gov/Archives/edgar/data/92487/000009248726000032/0000092487-26-000032-index.htm,8-K,8-K,https://www.sec.gov/Archives/edgar/data/92487/000009248726000032/swepco-20260914.htm,False,
IPAR,2026-09-16 00:00:00,https://www.sec.gov/Archives/edgar/data/822663/000175392626001798/0001753926-26-001798-index.htm,8-K,8-K,https://www.sec.gov/Archives/edgar/data/822663/000175392626001798/ipar-20260915.htm,False,
IPAR,2026-09-16 00:00:00,https://www.sec.gov/Archives/edgar/data/822663/000175392626001798/0001753926-26-001798-index.htm,EX-99.1,EXHIBIT 99.1,https://www.sec.gov/Archives/edgar/data/822663/000175392626001798/ex991_1.htm,False,
None,2026-09-16 00:00:00,https://www.sec.gov/Archives/edgar/data/2035428/000203542826000060/0002035428-26-000060-index.htm,8-K,8-K,https://www.sec.gov/Archives/edgar/data/2035428/000203542826000060/fbred-20260914.htm,False,
None,2026-09-16 00:00:00,https://www.sec.gov/Archives/edgar/data/2119505/000119312526392667/0001193125-26-392667-index.htm,8-K,8-K,https://www.sec.gov/Archives/edgar/data/2119505/000119312526392667/d134637d8k.htm,False,
CODX,2026-09-16 00:00:00,https://www.sec.gov/Archives/edgar/data/1692415/000149315226042854/0001493152-26-042854-index.htm,8-K,8-K,https://www.sec.gov/Archives/edgar/data/1692415/000149315226042854/form8-k.htm,False,
CODX,2026-09-16 00:00:00,https://www.sec.gov/Archives/edgar/data/1692415/000149315226042854/0001493152-26-042854-index.htm,EX-99.1,EX-99.1,https://www.sec.gov/Archives/edgar/data/1692415/000149315226042854/ex99-1.htm,False,
XCUR,2026-09-16 00:00:00,https://www.sec.gov/Archives/edgar/data/1698530/000119312526392654/0001193125-26-392654-index.htm,8-K,8-K,https://www.sec.gov/Archives/edgar/data/1698530/000119312526392654/xcur-20260916.htm,False,
XCUR,2026-09-16 00:00:00,https://www.sec.gov/Archives/edgar/data/1698530/000119312526392654/0001193125-26-392654-index.htm,EX-99.1,EX-99.1,https://www.sec.gov/Archives/edgar/data/1698530/000119312526392654/xcur-ex99_1.htm,False,
MYSZ,2026-09-16 00:00:00,https://www.sec.gov/Archives/edgar/data/1211805/000149315226042852/0001493152-26-042852-index.htm,8-K,8-K,https://www.sec.gov/Archives/edgar/data/1211805/000149315226042852/form8-k.htm,True,
MYSZ,2026-09-16 00:00:00,https://www.sec.gov/Archives/edgar/data/1211805/000149315226042852/0001493152-26-042852-index.htm,EX-10.1,EX-10.1,https://www.sec.gov/Archives/edgar/data/1211805/000149315226042852/ex10-1.htm,True,
MYSZ,2026-09-16 00:00:00,https://www.sec.gov/Archives/edgar/data/1211805/000149315226042852/0001493152-26-042852-index.htm,EX-10.2,EX-10.2,https://www.sec.gov/Archives/edgar/data/1211805/000149315226042852/ex10-2.htm,False,
MYSZ,2026-09-16 00:00:00,https://www.sec.gov/Archives/edgar/data/1211805/000149315226042852/0001493152-26-042852-index.htm,EX-99.1,EX-99.1,https://www.sec.gov/Archives/edgar/data/1211805/000149315226042852/ex99-1.htm,False,
ABOS,2026-09-16 00:00:00,https://www.sec.gov/Archives/edgar/data/1576885/000162828026062137/0001628280-26-062137-index.htm,8-K,8-K,https://www.sec.gov/Archives/edgar/data/1576885/000162828026062137/abos-20260916.htm,False,
ABOS,2026-09-16 00:00:00,https://www.sec.gov/Archives/edgar/data/1576885/000162828026062137/0001628280-26-062137-index.htm,EX-99.1,EX-99.1,https://www.sec.gov/Archives/edgar/data/1576885/000162828026062137/finalinvestordayslides_9.htm,False,
VISM,2026-09-16 00:00:00,https://www.sec.gov/Archives/edgar/data/1082733/000165495426008404/0001654954-26-008404-index.htm,8-K,FORM 8-K,https://www.sec.gov/Archives/edgar/data/1082733/000165495426008404/vism_8k.htm,False,
VISMD,2026-09-16 00:00:00,https://www.sec.gov/Archives/edgar/data/1082733/000165495426008404/0001654954-26-008404-index.htm,8-K,FORM 8-K,https://www.sec.gov/Archives/edgar/data/1082733/000165495426008404/vism_8k.htm,False,
KNWN,2026-09-16 00:00:00,https://www.sec.gov/Archives/edgar/data/1074828/000107482826000078/0001074828-26-000078-index.htm,8-K,8-K,https://www.sec.gov/Archives/edgar/data/1074828/000107482826000078/usbc-20260911.htm,True,
KNW,2026-09-16 00:00:00,https://www.sec.gov/Archives/edgar/data/1074828/000107482826000078/0001074828-26-000078-index.htm,8-K,8-K,https://www.sec.gov/Archives/edgar/data/1074828/000107482826000078/usbc-20260911.htm,True,
USBC,2026-09-16 00:00:00,https://www.sec.gov/Archives/edgar/data/1074828/000107482826000078/0001074828-26-000078-index.htm,8-K,8-K,https://www.sec.gov/Archives/edgar/data/1074828/000107482826000078/usbc-20260911.htm,True,
JNRV,2026-09-16 00:00:00,https://www.sec.gov/Archives/edgar/data/1805526/000121390026100373/0001213900-26-100373-index.htm,8-K,CURRENT REPORT,https://www.sec.gov/Archives/edgar/data/1805526/000121390026100373/ea0305671-8k_defi.htm,False,
JNVR,2026-09-16 00:00:00,https://www.sec.gov/Archives/edgar/data/1805526/000121390026100373/0001213900-26-100373-index.htm,8-K,CURRENT REPORT,https://www.sec.gov/Archives/edgar/data/1805526/000121390026100373/ea0305671-8k_defi.htm,False,
DFDV,2026-09-16 00:00:00,https://www.sec.gov/Archives/edgar/data/1805526/000121390026100373/0001213900-26-100373-index.htm,8-K,CURRENT REPORT,https://www.sec.gov/Archives/edgar/data/1805526/000121390026100373/ea0305671-8k_defi.htm,False,
ALKS,2026-09-16 00:00:00,https://www.sec.gov/Archives/edgar/data/1520262/000119312526392527/0001193125-26-392527-index.htm,8-K,FORM 8-K,https://www.sec.gov/Archives/edgar/data/1520262/000119312526392527/alks-20260914.htm,False,
ALKSV,2026-09-16 00:00:00,https://www.sec.gov/Archives/edgar/data/1520262/000119312526392527/0001193125-26-392527-index.htm,8-K,FORM 8-K,https://www.sec.gov/Archives/edgar/data/1520262/000119312526392527/alks-20260914.htm,False,
LFUS,2026-09-16 00:00:00,https://www.sec.gov/Archives/edgar/data/889331/000088933126000012/0000889331-26-000012-index.htm,8-K,8-K,https://www.sec.gov/Archives/edgar/data/889331/000088933126000012/lfus-20260910.htm,False,
LFUS,2026-09-16 00:00:00,https://www.sec.gov/Archives/edgar/data/889331/000088933126000012/0000889331-26-000012-index.htm,EX-99.1,EX-99.1,https://www.sec.gov/Archives/edgar/data/889331/000088933126000012/a916bpressreleasedraftfina.htm,False,
FCCO,2026-09-16 00:00:00,https://www.sec.gov/Archives/edgar/data/932781/000155278126000489/0001552781-26-000489-index.htm,8-K,,https://www.sec.gov/Archives/edgar/data/932781/000155278126000489/e26386_fcco-8k.htm,False,
EZRA,2026-09-16 00:00:00,https://www.sec.gov/Archives/edgar/data/1812727/000149315226042846/0001493152-26-042846-index.htm,8-K,8-K,https://www.sec.gov/Archives/edgar/data/1812727/000149315226042846/form8-k.htm,True,
EZRA,2026-09-16 00:00:00,https://www.sec.gov/Archives/edgar/data/1812727/000149315226042846/0001493152-26-042846-index.htm,EX-99.1,EX-99.1,https://www.sec.gov/Archives/edgar/data/1812727/000149315226042846/ex99-1.htm,False,
RELIW,2026-09-16 00:00:00,https://www.sec.gov/Archives/edgar/data/1812727/000149315226042846/0001493152-26-042846-index.htm,8-K,8-K,https://www.sec.gov/Archives/edgar/data/1812727/000149315226042846/form8-k.htm,True,
RELIW,2026-09-16 00:00:00,https://www.sec.gov/Archives/edgar/data/1812727/000149315226042846/0001493152-26-042846-index.htm,EX-99.1,EX-99.1,https://www.sec.gov/Archives/edgar/data/1812727/000149315226042846/ex99-1.htm,False,
RELI,2026-09-16 00:00:00,https://www.sec.gov/Archives/edgar/data/1812727/000149315226042846/0001493152-26-042846-index.htm,8-K,8-K,https://www.sec.gov/Archives/edgar/data/1812727/000149315226042846/form8-k.htm,True,
RELI,2026-09-16 00:00:00,https://www.sec.gov/Archives/edgar/data/1812727/000149315226042846/0001493152-26-042846-index.htm,EX-99.1,EX-99.1,https://www.sec.gov/Archives/edgar/data/1812727/000149315226042846/ex99-1.htm,False,
None,2026-09-16 00:00:00,https://www.sec.gov/Archives/edgar/data/1788451/000119312526392523/0001193125-26-392523-index.htm,8-K,8-K,https://www.sec.gov/Archives/edgar/data/1788451/000119312526392523/d24330d8k.htm,False,
ACGCW,2026-09-16 00:00:00,https://www.sec.gov/Archives/edgar/data/2111542/000121390026100367/0001213900-26-100367-index.htm,8-K,CURRENT REPORT,https://www.sec.gov/Archives/edgar/data/2111542/000121390026100367/ea0304702-8k425_acpholdings.htm,True,
ACGCW,2026-09-16 00:00:00,https://www.sec.gov/Archives/edgar/data/2111542/000121390026100367/0001213900-26-100367-index.htm,EX-10.1,"SPONSOR SUPPORT AGREEMENT, DATED AS OF SEPTEMBER 15, 2026, BY AND AMONG UNION ST",https://www.sec.gov/Archives/edgar/data/2111542/000121390026100367/ea030470201ex10-1.htm,False,
ACGCW,2026-09-16 00:00:00,https://www.sec.gov/Archives/edgar/data/2111542/000121390026100367/0001213900-26-100367-index.htm,EX-10.2,FORM OF SELLER VOTING AND SUPPORT AGREEMENT,https://www.sec.gov/Archives/edgar/data/2111542/000121390026100367/ea030470201ex10-2.htm,False,
ACGCW,2026-09-16 00:00:00,https://www.sec.gov/Archives/edgar/data/2111542/000121390026100367/0001213900-26-100367-index.htm,EX-99.1,"PRESS RELEASE, DATED AS OF SEPTEMBER 16, 2026",https://www.sec.gov/Archives/edgar/data/2111542/000121390026100367/ea030470201ex99-1.htm,False,
ACGC,2026-09-16 00:00:00,https://www.sec.gov/Archives/edgar/data/2111542/000121390026100367/0001213900-26-100367-index.htm,8-K,CURRENT REPORT,https://www.sec.gov/Archives/edgar/data/2111542/000121390026100367/ea0304702-8k425_acpholdings.htm,True,
ACGC,2026-09-16 00:00:00,https://www.sec.gov/Archives/edgar/data/2111542/000121390026100367/0001213900-26-100367-index.htm,EX-10.1,"SPONSOR SUPPORT AGREEMENT, DATED AS OF SEPTEMBER 15, 2026, BY AND AMONG UNION ST",https://www.sec.gov/Archives/edgar/data/2111542/000121390026100367/ea030470201ex10-1.htm,False,
ACGC,2026-09-16 00:00:00,https://www.sec.gov/Archives/edgar/data/2111542/000121390026100367/0001213900-26-100367-index.htm,EX-10.2,FORM OF SELLER VOTING AND SUPPORT AGREEMENT,https://www.sec.gov/Archives/edgar/data/2111542/000121390026100367/ea030470201ex10-2.htm,False,
ACGC,2026-09-16 00:00:00,https://www.sec.gov/Archives/edgar/data/2111542/000121390026100367/0001213900-26-100367-index.htm,EX-99.1,"PRESS RELEASE, DATED AS OF SEPTEMBER 16, 2026",https://www.sec.gov/Archives/edgar/data/2111542/000121390026100367/ea030470201ex99-1.htm,False,
ACGCU,2026-09-16 00:00:00,https://www.sec.gov/Archives/edgar/data/2111542/000121390026100367/0001213900-26-100367-index.htm,8-K,CURRENT REPORT,https://www.sec.gov/Archives/edgar/data/2111542/000121390026100367/ea0304702-8k425_acpholdings.htm,True,
ACGCU,2026-09-16 00:00:00,https://www.sec.gov/Archives/edgar/data/2111542/000121390026100367/0001213900-26-100367-index.htm,EX-10.1,"SPONSOR SUPPORT AGREEMENT, DATED AS OF SEPTEMBER 15, 2026, BY AND AMONG UNION ST",https://www.sec.gov/Archives/edgar/data/2111542/000121390026100367/ea030470201ex10-1.htm,False,
ACGCU,2026-09-16 00:00:00,https://www.sec.gov/Archives/edgar/data/2111542/000121390026100367/0001213900-26-100367-index.htm,EX-10.2,FORM OF SELLER VOTING AND SUPPORT AGREEMENT,https://www.sec.gov/Archives/edgar/data/2111542/000121390026100367/ea030470201ex10-2.htm,False,
ACGCU,2026-09-16 00:00:00,https://www.sec.gov/Archives/edgar/data/2111542/000121390026100367/0001213900-26-100367-index.htm,EX-99.1,"PRESS RELEASE, DATED AS OF SEPTEMBER 16, 2026",https://www.sec.gov/Archives/edgar/data/2111542/000121390026100367/ea030470201ex99-1.htm,False,
SNDR,2026-09-16 00:00:00,https://www.sec.gov/Archives/edgar/data/1692063/000169206326000044/0001692063-26-000044-index.htm,8-K,8-K,https://www.sec.gov/Archives/edgar/data/1692063/000169206326000044/sndr-20260910.htm,True,
SNDR,2026-09-16 00:00:00,https://www.sec.gov/Archives/edgar/data/1692063/000169206326000044/0001692063-26-000044-index.htm,EX-10.1,EX-10.1,https://www.sec.gov/Archives/edgar/data/1692063/000169206326000044/schneidernational2026credi.htm,True,
SNDR,2026-09-16 00:00:00,https://www.sec.gov/Archives/edgar/data/1692063/000169206326000044/0001692063-26-000044-index.htm,EX-10.2,EX-10.2,https://www.sec.gov/Archives/edgar/data/1692063/000169206326000044/schneidernationalleasing.htm,True,
CODX,2026-09-16 00:00:00,https://www.sec.gov/Archives/edgar/data/1692415/000149315226042844/0001493152-26-042844-index.htm,8-K,8-K,https://www.sec.gov/Archives/edgar/data/1692415/000149315226042844/form8-k.htm,False,
CODX,2026-09-16 00:00:00,https://www.sec.gov/Archives/edgar/data/1692415/000149315226042844/0001493152-26-042844-index.htm,EX-99.1,EX-99.1,https://www.sec.gov/Archives/edgar/data/1692415/000149315226042844/ex99-1.htm,False,
None,2026-09-16 00:00:00,https://www.sec.gov/Archives/edgar/data/2133136/000121390026100364/0001213900-26-100364-index.htm,8-K,CURRENT REPORT,https://www.sec.gov/Archives/edgar/data/2133136/000121390026100364/ea0305658-8k_market.htm,False,
None,2026-09-16 00:00:00,https://www.sec.gov/Archives/edgar/data/2133136/000121390026100364/0001213900-26-100364-index.htm,EX-99.1,"PRESS RELEASE DATED SEPTEMBER 16, 2026",https://www.sec.gov/Archives/edgar/data/2133136/000121390026100364/ea030565801ex99-1.htm,False,
AMIX,2026-09-16 00:00:00,https://www.sec.gov/Archives/edgar/data/1617867/000143774926030505/0001437749-26-030505-index.htm,8-K,FORM 8-K,https://www.sec.gov/Archives/edgar/data/1617867/000143774926030505/amix20260914_8k.htm,False,
AMIX,2026-09-16 00:00:00,https://www.sec.gov/Archives/edgar/data/1617867/000143774926030505/0001437749-26-030505-index.htm,EX-99.1,EXHIBIT 99.1,https://www.sec.gov/Archives/edgar/data/1617867/000143774926030505/ex_1016420.htm,False,
OGEN,2026-09-16 00:00:00,https://www.sec.gov/Archives/edgar/data/1174940/000149315226042843/0001493152-26-042843-index.htm,8-K,8-K,https://www.sec.gov/Archives/edgar/data/1174940/000149315226042843/form8-k.htm,False,
OGEN,2026-09-16 00:00:00,https://www.sec.gov/Archives/edgar/data/1174940/000149315226042843/0001493152-26-042843-index.htm,EX-99.1,EX-99.1,https://www.sec.gov/Archives/edgar/data/1174940/000149315226042843/ex99-1.htm,False,
LRHC,2026-09-16 00:00:00,https://www.sec.gov/Archives/edgar/data/1879403/000121390026100362/0001213900-26-100362-index.htm,8-K,CURRENT REPORT,https://www.sec.gov/Archives/edgar/data/1879403/000121390026100362/ea0305514-8k_larosa.htm,True,
LRHC,2026-09-16 00:00:00,https://www.sec.gov/Archives/edgar/data/1879403/000121390026100362/0001213900-26-100362-index.htm,EX-10.1,"FORM OF THE SECURITIES PURCHASE AGREEMENT, BETWEEN THE COMPANY AND INVESTOR, DAT",https://www.sec.gov/Archives/edgar/data/1879403/000121390026100362/ea030551401ex10-1.htm,True,
JLL,2026-09-16 00:00:00,https://www.sec.gov/Archives/edgar/data/1037976/000103797626000167/0001037976-26-000167-index.htm,8-K,8-K,https://www.sec.gov/Archives/edgar/data/1037976/000103797626000167/jll-20260916.htm,False,
JLL,2026-09-16 00:00:00,https://www.sec.gov/Archives/edgar/data/1037976/000103797626000167/0001037976-26-000167-index.htm,EX-99.1,EX-99.1,https://www.sec.gov/Archives/edgar/data/1037976/000103797626000167/exhibit991-newsrelease.htm,False,
MRCY,2026-09-16 00:00:00,https://www.sec.gov/Archives/edgar/data/1049521/000104952126000073/0001049521-26-000073-index.htm,8-K,8-K,https://www.sec.gov/Archives/edgar/data/1049521/000104952126000073/mrcy-20260916.htm,True,
MRCY,2026-09-16 00:00:00,https://www.sec.gov/Archives/edgar/data/1049521/000104952126000073/0001049521-26-000073-index.htm,EX-10.1,EX-10.1,https://www.sec.gov/Archives/edgar/data/1049521/000104952126000073/ballhausamendmentno2toem.htm,False,
MRCY,2026-09-16 00:00:00,https://www.sec.gov/Archives/edgar/data/1049521/000104952126000073/0001049521-26-000073-index.htm,EX-99.1,EX-99.1,https://www.sec.gov/Archives/edgar/data/1049521/000104952126000073/mercurypressrelease_ceoc.htm,False,
PED,2026-09-16 00:00:00,https://www.sec.gov/Archives/edgar/data/1141197/000165495426008401/0001654954-26-008401-index.htm,8-K,FORM 8-K,https://www.sec.gov/Archives/edgar/data/1141197/000165495426008401/ped_8k.htm,False,
PED,2026-09-16 00:00:00,https://www.sec.gov/Archives/edgar/data/1141197/000165495426008401/0001654954-26-008401-index.htm,EX-99.1,PRESS RELEASE,https://www.sec.gov/Archives/edgar/data/1141197/000165495426008401/ped_ex991.htm,False,
MYGN,2026-09-16 00:00:00,https://www.sec.gov/Archives/edgar/data/899923/000089992326000079/0000899923-26-000079-index.htm,8-K,8-K,https://www.sec.gov/Archives/edgar/data/899923/000089992326000079/mygn-20260915.htm,False,
MYGN,2026-09-16 00:00:00,https://www.sec.gov/Archives/edgar/data/899923/000089992326000079/0000899923-26-000079-index.htm,EX-99.1,EX-99.1,https://www.sec.gov/Archives/edgar/data/899923/000089992326000079/ex991pressreleasedatedsept.htm,False,
BRRN,2026-09-16 00:00:00,https://www.sec.gov/Archives/edgar/data/1397795/000121390026100354/0001213900-26-100354-index.htm,8-K,CURRENT REPORT,https://www.sec.gov/Archives/edgar/data/1397795/000121390026100354/ea0305670-8k_bryn.htm,False,
VHNA,2026-09-16 00:00:00,https://www.sec.gov/Archives/edgar/data/1868640/000149315226042838/0001493152-26-042838-index.htm,8-K,8-K,https://www.sec.gov/Archives/edgar/data/1868640/000149315226042838/form8-k.htm,False,
VHNAW,2026-09-16 00:00:00,https://www.sec.gov/Archives/edgar/data/1868640/000149315226042838/0001493152-26-042838-index.htm,8-K,8-K,https://www.sec.gov/Archives/edgar/data/1868640/000149315226042838/form8-k.htm,False,
RDZN,2026-09-16 00:00:00,https://www.sec.gov/Archives/edgar/data/1868640/000149315226042838/0001493152-26-042838-index.htm,8-K,8-K,https://www.sec.gov/Archives/edgar/data/1868640/000149315226042838/form8-k.htm,False,
VHNAU,2026-09-16 00:00:00,https://www.sec.gov/Archives/edgar/data/1868640/000149315226042838/0001493152-26-042838-index.htm,8-K,8-K,https://www.sec.gov/Archives/edgar/data/1868640/000149315226042838/form8-k.htm,False,
CBDW,2026-09-16 00:00:00,https://www.sec.gov/Archives/edgar/data/1877461/000147793226005633/0001477932-26-005633-index.htm,8-K,FORM 8-K,https://www.sec.gov/Archives/edgar/data/1877461/000147793226005633/cbdw_8k.htm,False,
CBDW,2026-09-16 00:00:00,https://www.sec.gov/Archives/edgar/data/1877461/000147793226005633/0001477932-26-005633-index.htm,EX-99.1,PRESS RELEASE,https://www.sec.gov/Archives/edgar/data/1877461/000147793226005633/cbdw_ex991.htm,False,
ALLR,2026-09-16 00:00:00,https://www.sec.gov/Archives/edgar/data/1860657/000121390026100350/0001213900-26-100350-index.htm,8-K,CURRENT REPORT,https://www.sec.gov/Archives/edgar/data/1860657/000121390026100350/ea0305570-8k_allarity.htm,False,
ALLR,2026-09-16 00:00:00,https://www.sec.gov/Archives/edgar/data/1860657/000121390026100350/0001213900-26-100350-index.htm,EX-99.1,"PRESS RELEASE, DATED SEPTEMBER 15, 2026",https://www.sec.gov/Archives/edgar/data/1860657/000121390026100350/ea030557001ex99-1.htm,False,
SXC,2026-09-16 00:00:00,https://www.sec.gov/Archives/edgar/data/1514705/000151470526000039/0001514705-26-000039-index.htm,8-K,8-K,https://www.sec.gov/Archives/edgar/data/1514705/000151470526000039/sxc-20260915.htm,False,
SXC,2026-09-16 00:00:00,https://www.sec.gov/Archives/edgar/data/1514705/000151470526000039/0001514705-26-000039-index.htm,EX-99.1,EX-99.1,https://www.sec.gov/Archives/edgar/data/1514705/000151470526000039/wlcarter_pressrelx2026x0.htm,False,
BRN,2026-09-16 00:00:00,https://www.sec.gov/Archives/edgar/data/10048/000114036126036721/0001140361-26-036721-index.htm,8-K,8-K,https://www.sec.gov/Archives/edgar/data/10048/000114036126036721/ef20082080_8k.htm,False,
BRN,2026-09-16 00:00:00,https://www.sec.gov/Archives/edgar/data/10048/000114036126036721/0001140361-26-036721-index.htm,EX-99.1,EXHIBIT 99.1,https://www.sec.gov/Archives/edgar/data/10048/000114036126036721/ef20082080_ex99-1.htm,False,
XBIO,2026-09-16 00:00:00,https://www.sec.gov/Archives/edgar/data/1534525/000168316826007181/0001683168-26-007181-index.htm,8-K,FORM 8-K,https://www.sec.gov/Archives/edgar/data/1534525/000168316826007181/xenetic_8k.htm,True,
XBIO,2026-09-16 00:00:00,https://www.sec.gov/Archives/edgar/data/1534525/000168316826007181/0001683168-26-007181-index.htm,EX-10.1,,https://www.sec.gov/Archives/edgar/data/1534525/000168316826007181/xenetic_ex1001.htm,False,
XBIO,2026-09-16 00:00:00,https://www.sec.gov/Archives/edgar/data/1534525/000168316826007181/0001683168-26-007181-index.htm,EX-10.2,,https://www.sec.gov/Archives/edgar/data/1534525/000168316826007181/xenetic_ex1002.htm,False,
XBIO,2026-09-16 00:00:00,https://www.sec.gov/Archives/edgar/data/1534525/000168316826007181/0001683168-26-007181-index.htm,EX-99.1,PRESS RELEASE,https://www.sec.gov/Archives/edgar/data/1534525/000168316826007181/xenetic_ex9901.htm,False,
XBIOW,2026-09-16 00:00:00,https://www.sec.gov/Archives/edgar/data/1534525/000168316826007181/0001683168-26-007181-index.htm,8-K,FORM 8-K,https://www.sec.gov/Archives/edgar/data/1534525/000168316826007181/xenetic_8k.htm,True,
XBIOW,2026-09-16 00:00:00,https://www.sec.gov/Archives/edgar/data/1534525/000168316826007181/0001683168-26-007181-index.htm,EX-10.1,,https://www.sec.gov/Archives/edgar/data/1534525/000168316826007181/xenetic_ex1001.htm,False,
XBIOW,2026-09-16 00:00:00,https://www.sec.gov/Archives/edgar/data/1534525/000168316826007181/0001683168-26-007181-index.htm,EX-10.2,,https://www.sec.gov/Archives/edgar/data/1534525/000168316826007181/xenetic_ex1002.htm,False,
XBIOW,2026-09-16 00:00:00,https://www.sec.gov/Archives/edgar/data/1534525/000168316826007181/0001683168-26-007181-index.htm,EX-99.1,PRESS RELEASE,https://www.sec.gov/Archives/edgar/data/1534525/000168316826007181/xenetic_ex9901.htm,False,
YOU,2026-09-16 00:00:00,https://www.sec.gov/Archives/edgar/data/1856314/000095014226002552/0000950142-26-002552-index.htm,8-K,FORM 8-K,https://www.sec.gov/Archives/edgar/data/1856314/000095014226002552/eh260830672_8k.htm,False,
NVACR,2026-09-16 00:00:00,https://www.sec.gov/Archives/edgar/data/1859807/000121390026100304/0001213900-26-100304-index.htm,8-K,CURRENT REPORT,https://www.sec.gov/Archives/edgar/data/1859807/000121390026100304/ea0305651-8k_profusa.htm,True,
NVACR,2026-09-16 00:00:00,https://www.sec.gov/Archives/edgar/data/1859807/000121390026100304/0001213900-26-100304-index.htm,EX-10.1,"SENIOR SECURED CONVERTIBLE PROMISSORY NOTE, DATED SEPTEMBER 16, 2026, ISSUED BY",https://www.sec.gov/Archives/edgar/data/1859807/000121390026100304/ea030565101ex10-1.htm,False,
NVAC,2026-09-16 00:00:00,https://www.sec.gov/Archives/edgar/data/1859807/000121390026100304/0001213900-26-100304-index.htm,8-K,CURRENT REPORT,https://www.sec.gov/Archives/edgar/data/1859807/000121390026100304/ea0305651-8k_profusa.htm,True,
NVAC,2026-09-16 00:00:00,https://www.sec.gov/Archives/edgar/data/1859807/000121390026100304/0001213900-26-100304-index.htm,EX-10.1,"SENIOR SECURED CONVERTIBLE PROMISSORY NOTE, DATED SEPTEMBER 16, 2026, ISSUED BY",https://www.sec.gov/Archives/edgar/data/1859807/000121390026100304/ea030565101ex10-1.htm,False,
NVACW,2026-09-16 00:00:00,https://www.sec.gov/Archives/edgar/data/1859807/000121390026100304/0001213900-26-100304-index.htm,8-K,CURRENT REPORT,https://www.sec.gov/Archives/edgar/data/1859807/000121390026100304/ea0305651-8k_profusa.htm,True,
NVACW,2026-09-16 00:00:00,https://www.sec.gov/Archives/edgar/data/1859807/000121390026100304/0001213900-26-100304-index.htm,EX-10.1,"SENIOR SECURED CONVERTIBLE PROMISSORY NOTE, DATED SEPTEMBER 16, 2026, ISSUED BY",https://www.sec.gov/Archives/edgar/data/1859807/000121390026100304/ea030565101ex10-1.htm,False,
KRMN,2026-09-16 00:00:00,https://www.sec.gov/Archives/edgar/data/2040127/000119312526392480/0001193125-26-392480-index.htm,8-K,8-K,https://www.sec.gov/Archives/edgar/data/2040127/000119312526392480/d98785d8k.htm,False,
KRMN,2026-09-16 00:00:00,https://www.sec.gov/Archives/edgar/data/2040127/000119312526392480/0001193125-26-392480-index.htm,EX-99.1,EX-99.1,https://www.sec.gov/Archives/edgar/data/2040127/000119312526392480/d98785dex991.htm,False,
LDDD,2026-09-16 00:00:00,https://www.sec.gov/Archives/edgar/data/1892316/000121390026100300/0001213900-26-100300-index.htm,8-K,CURRENT REPORT,https://www.sec.gov/Archives/edgar/data/1892316/000121390026100300/ea0305656-8k_longdu.htm,False,
BENFW,2026-09-16 00:00:00,https://www.sec.gov/Archives/edgar/data/1775734/000149315226042821/0001493152-26-042821-index.htm,8-K,8-K,https://www.sec.gov/Archives/edgar/data/1775734/000149315226042821/form8-k.htm,False,
BENF,2026-09-16 00:00:00,https://www.sec.gov/Archives/edgar/data/1775734/000149315226042821/0001493152-26-042821-index.htm,8-K,8-K,https://www.sec.gov/Archives/edgar/data/1775734/000149315226042821/form8-k.htm,False,
OSCR,2026-09-16 00:00:00,https://www.sec.gov/Archives/edgar/data/1568651/000156865126000074/0001568651-26-000074-index.htm,8-K,8-K,https://www.sec.gov/Archives/edgar/data/1568651/000156865126000074/oscr-20260916.htm,False,
HBANM,2026-09-16 00:00:00,https://www.sec.gov/Archives/edgar/data/49196/000004919626000077/0000049196-26-000077-index.htm,8-K,8-K,https://www.sec.gov/Archives/edgar/data/49196/000004919626000077/hban-20260916.htm,False,
HBANM,2026-09-16 00:00:00,https://www.sec.gov/Archives/edgar/data/49196/000004919626000077/0000049196-26-000077-index.htm,EX-99.1,EX-99.1,https://www.sec.gov/Archives/edgar/data/49196/000004919626000077/hbanbarxpresentation_vf.htm,False,
HBAN,2026-09-16 00:00:00,https://www.sec.gov/Archives/edgar/data/49196/000004919626000077/0000049196-26-000077-index.htm,8-K,8-K,https://www.sec.gov/Archives/edgar/data/49196/000004919626000077/hban-20260916.htm,False,
HBAN,2026-09-16 00:00:00,https://www.sec.gov/Archives/edgar/data/49196/000004919626000077/0000049196-26-000077-index.htm,EX-99.1,EX-99.1,https://www.sec.gov/Archives/edgar/data/49196/000004919626000077/hbanbarxpresentation_vf.htm,False,
HBANL,2026-09-16 00:00:00,https://www.sec.gov/Archives/edgar/data/49196/000004919626000077/0000049196-26-000077-index.htm,8-K,8-K,https://www.sec.gov/Archives/edgar/data/49196/000004919626000077/hban-20260916.htm,False,
HBANL,2026-09-16 00:00:00,https://www.sec.gov/Archives/edgar/data/49196/000004919626000077/0000049196-26-000077-index.htm,EX-99.1,EX-99.1,https://www.sec.gov/Archives/edgar/data/49196/000004919626000077/hbanbarxpresentation_vf.htm,False,
HBANN,2026-09-16 00:00:00,https://www.sec.gov/Archives/edgar/data/49196/000004919626000077/0000049196-26-000077-index.htm,8-K,8-K,https://www.sec.gov/Archives/edgar/data/49196/000004919626000077/hban-20260916.htm,False,
HBANN,2026-09-16 00:00:00,https://www.sec.gov/Archives/edgar/data/49196/000004919626000077/0000049196-26-000077-index.htm,EX-99.1,EX-99.1,https://www.sec.gov/Archives/edgar/data/49196/000004919626000077/hbanbarxpresentation_vf.htm,False,
HBANO,2026-09-16 00:00:00,https://www.sec.gov/Archives/edgar/data/49196/000004919626000077/0000049196-26-000077-index.htm,8-K,8-K,https://www.sec.gov/Archives/edgar/data/49196/000004919626000077/hban-20260916.htm,False,
HBANO,2026-09-16 00:00:00,https://www.sec.gov/Archives/edgar/data/49196/000004919626000077/0000049196-26-000077-index.htm,EX-99.1,EX-99.1,https://www.sec.gov/Archives/edgar/data/49196/000004919626000077/hbanbarxpresentation_vf.htm,False,
HBANP,2026-09-16 00:00:00,https://www.sec.gov/Archives/edgar/data/49196/000004919626000077/0000049196-26-000077-index.htm,8-K,8-K,https://www.sec.gov/Archives/edgar/data/49196/000004919626000077/hban-20260916.htm,False,
HBANP,2026-09-16 00:00:00,https://www.sec.gov/Archives/edgar/data/49196/000004919626000077/0000049196-26-000077-index.htm,EX-99.1,EX-99.1,https://www.sec.gov/Archives/edgar/data/49196/000004919626000077/hbanbarxpresentation_vf.htm,False,
AITX,2026-09-16 00:00:00,https://www.sec.gov/Archives/edgar/data/1498148/000106299326004974/0001062993-26-004974-index.htm,8-K,FORM 8-K,https://www.sec.gov/Archives/edgar/data/1498148/000106299326004974/form8k.htm,False,
AITX,2026-09-16 00:00:00,https://www.sec.gov/Archives/edgar/data/1498148/000106299326004974/0001062993-26-004974-index.htm,EX-99.1,EXHIBIT 99.1,https://www.sec.gov/Archives/edgar/data/1498148/000106299326004974/exhibit99-1.htm,False,
AITXD,2026-09-16 00:00:00,https://www.sec.gov/Archives/edgar/data/1498148/000106299326004974/0001062993-26-004974-index.htm,8-K,FORM 8-K,https://www.sec.gov/Archives/edgar/data/1498148/000106299326004974/form8k.htm,False,
AITXD,2026-09-16 00:00:00,https://www.sec.gov/Archives/edgar/data/1498148/000106299326004974/0001062993-26-004974-index.htm,EX-99.1,EXHIBIT 99.1,https://www.sec.gov/Archives/edgar/data/1498148/000106299326004974/exhibit99-1.htm,False,
