symbol,cik,filingDate,acceptedDate,formType,hasFinancials,link,finalLink
CTNT,0001951667,2026-08-13 00:00:00,2026-08-13 17:31:02,8-K,True,https://www.sec.gov/Archives/edgar/data/1951667/000110465926096060/0001104659-26-096060-index.htm,https://www.sec.gov/Archives/edgar/data/1951667/000110465926096060/tm2623100d1_ex99-1.htm
VIVK,0001450704,2026-08-13 00:00:00,2026-08-13 17:29:33,8-K,False,https://www.sec.gov/Archives/edgar/data/1450704/000182912626008777/0001829126-26-008777-index.htm,https://www.sec.gov/Archives/edgar/data/1450704/000182912626008777/vivakorinc_8k.htm
AIRJW,0001855474,2026-08-13 00:00:00,2026-08-13 17:26:08,8-K,True,https://www.sec.gov/Archives/edgar/data/1855474/000119312526349663/0001193125-26-349663-index.htm,https://www.sec.gov/Archives/edgar/data/1855474/000119312526349663/airj-ex99_1.htm
AIRJ,0001855474,2026-08-13 00:00:00,2026-08-13 17:26:08,8-K,True,https://www.sec.gov/Archives/edgar/data/1855474/000119312526349663/0001193125-26-349663-index.htm,https://www.sec.gov/Archives/edgar/data/1855474/000119312526349663/airj-ex99_1.htm
XPDBU,0001855474,2026-08-13 00:00:00,2026-08-13 17:26:08,8-K,True,https://www.sec.gov/Archives/edgar/data/1855474/000119312526349663/0001193125-26-349663-index.htm,https://www.sec.gov/Archives/edgar/data/1855474/000119312526349663/airj-ex99_1.htm
XPDBW,0001855474,2026-08-13 00:00:00,2026-08-13 17:26:08,8-K,True,https://www.sec.gov/Archives/edgar/data/1855474/000119312526349663/0001193125-26-349663-index.htm,https://www.sec.gov/Archives/edgar/data/1855474/000119312526349663/airj-ex99_1.htm
XPDB,0001855474,2026-08-13 00:00:00,2026-08-13 17:26:08,8-K,True,https://www.sec.gov/Archives/edgar/data/1855474/000119312526349663/0001193125-26-349663-index.htm,https://www.sec.gov/Archives/edgar/data/1855474/000119312526349663/airj-ex99_1.htm
ADIL,0001513525,2026-08-13 00:00:00,2026-08-13 17:25:45,8-K,False,https://www.sec.gov/Archives/edgar/data/1513525/000121390026089270/0001213900-26-089270-index.htm,https://www.sec.gov/Archives/edgar/data/1513525/000121390026089270/ea0301965-8k_adial.htm
ADILW,0001513525,2026-08-13 00:00:00,2026-08-13 17:25:45,8-K,False,https://www.sec.gov/Archives/edgar/data/1513525/000121390026089270/0001213900-26-089270-index.htm,https://www.sec.gov/Archives/edgar/data/1513525/000121390026089270/ea0301965-8k_adial.htm
HCWC,0001948864,2026-08-13 00:00:00,2026-08-13 17:23:28,8-K,False,https://www.sec.gov/Archives/edgar/data/1948864/000149315226037865/0001493152-26-037865-index.htm,https://www.sec.gov/Archives/edgar/data/1948864/000149315226037865/form8-k.htm
SQLLW,0001605888,2026-08-13 00:00:00,2026-08-13 17:23:18,8-K,False,https://www.sec.gov/Archives/edgar/data/1605888/000121390026089264/0001213900-26-089264-index.htm,https://www.sec.gov/Archives/edgar/data/1605888/000121390026089264/ea0301845-8k_circle8.htm
SQL,0001605888,2026-08-13 00:00:00,2026-08-13 17:23:18,8-K,False,https://www.sec.gov/Archives/edgar/data/1605888/000121390026089264/0001213900-26-089264-index.htm,https://www.sec.gov/Archives/edgar/data/1605888/000121390026089264/ea0301845-8k_circle8.htm
ATLN,0001605888,2026-08-13 00:00:00,2026-08-13 17:23:18,8-K,False,https://www.sec.gov/Archives/edgar/data/1605888/000121390026089264/0001213900-26-089264-index.htm,https://www.sec.gov/Archives/edgar/data/1605888/000121390026089264/ea0301845-8k_circle8.htm
None,0001979414,2026-08-13 00:00:00,2026-08-13 17:21:36,8-K,False,https://www.sec.gov/Archives/edgar/data/1979414/000182912626008773/0001829126-26-008773-index.htm,https://www.sec.gov/Archives/edgar/data/1979414/000182912626008773/neonctechnologies_8k.htm
HLI,0001302215,2026-08-13 00:00:00,2026-08-13 17:19:30,8-K,False,https://www.sec.gov/Archives/edgar/data/1302215/000119312526349634/0001193125-26-349634-index.htm,https://www.sec.gov/Archives/edgar/data/1302215/000119312526349634/d133997d8k.htm
HIT,0002019505,2026-08-13 00:00:00,2026-08-13 17:17:22,8-K,False,https://www.sec.gov/Archives/edgar/data/2019505/000121390026089249/0001213900-26-089249-index.htm,https://www.sec.gov/Archives/edgar/data/2019505/000121390026089249/ea0301984-8k_health.htm
LINK,0000828146,2026-08-13 00:00:00,2026-08-13 17:16:46,8-K,True,https://www.sec.gov/Archives/edgar/data/828146/000110465926096044/0001104659-26-096044-index.htm,https://www.sec.gov/Archives/edgar/data/828146/000110465926096044/tm2620504d2_ex99-1.htm
ASNS,0001141284,2026-08-13 00:00:00,2026-08-13 17:16:23,8-K,True,https://www.sec.gov/Archives/edgar/data/1141284/000121390026089246/0001213900-26-089246-index.htm,https://www.sec.gov/Archives/edgar/data/1141284/000121390026089246/ea030129901ex99-1.htm
None,0001851048,2026-08-13 00:00:00,2026-08-13 17:14:14,8-K,False,https://www.sec.gov/Archives/edgar/data/1851048/000185104826000015/0001851048-26-000015-index.htm,https://www.sec.gov/Archives/edgar/data/1851048/000185104826000015/cyrb8kext20260731.htm
BLBX,0001567900,2026-08-13 00:00:00,2026-08-13 17:13:57,8-K,True,https://www.sec.gov/Archives/edgar/data/1567900/000118518526003512/0001185185-26-003512-index.htm,https://www.sec.gov/Archives/edgar/data/1567900/000118518526003512/realloysex99-1.htm
DWSN,0000799165,2026-08-13 00:00:00,2026-08-13 17:10:45,8-K,True,https://www.sec.gov/Archives/edgar/data/799165/000110465926096033/0001104659-26-096033-index.htm,https://www.sec.gov/Archives/edgar/data/799165/000110465926096033/dwsn-20260813xex99d1.htm
LFT,0001547546,2026-08-13 00:00:00,2026-08-13 17:06:47,8-K,True,https://www.sec.gov/Archives/edgar/data/1547546/000110465926096028/0001104659-26-096028-index.htm,https://www.sec.gov/Archives/edgar/data/1547546/000110465926096028/tm2623066d1_ex99-2.htm
LFT-PA,0001547546,2026-08-13 00:00:00,2026-08-13 17:06:47,8-K,True,https://www.sec.gov/Archives/edgar/data/1547546/000110465926096028/0001104659-26-096028-index.htm,https://www.sec.gov/Archives/edgar/data/1547546/000110465926096028/tm2623066d1_ex99-2.htm
SLXNW,0002022416,2026-08-13 00:00:00,2026-08-13 17:06:26,8-K,True,https://www.sec.gov/Archives/edgar/data/2022416/000117891326004128/0001178913-26-004128-index.htm,https://www.sec.gov/Archives/edgar/data/2022416/000117891326004128/exhibit_99-1.htm
SLXN,0002022416,2026-08-13 00:00:00,2026-08-13 17:06:26,8-K,True,https://www.sec.gov/Archives/edgar/data/2022416/000117891326004128/0001178913-26-004128-index.htm,https://www.sec.gov/Archives/edgar/data/2022416/000117891326004128/exhibit_99-1.htm
NEU,0001282637,2026-08-13 00:00:00,2026-08-13 17:05:05,8-K,False,https://www.sec.gov/Archives/edgar/data/1282637/000119312526349568/0001193125-26-349568-index.htm,https://www.sec.gov/Archives/edgar/data/1282637/000119312526349568/d157718d8k.htm
MQ,0001522540,2026-08-13 00:00:00,2026-08-13 17:03:49,8-K,False,https://www.sec.gov/Archives/edgar/data/1522540/000152254026000068/0001522540-26-000068-index.htm,https://www.sec.gov/Archives/edgar/data/1522540/000152254026000068/mq-20260810.htm
DAAQU,0002052162,2026-08-13 00:00:00,2026-08-13 17:02:11,8-K,False,https://www.sec.gov/Archives/edgar/data/2052162/000121390026089219/0001213900-26-089219-index.htm,https://www.sec.gov/Archives/edgar/data/2052162/000121390026089219/ea0302045-8k425_digital.htm
DAAQ,0002052162,2026-08-13 00:00:00,2026-08-13 17:02:11,8-K,False,https://www.sec.gov/Archives/edgar/data/2052162/000121390026089219/0001213900-26-089219-index.htm,https://www.sec.gov/Archives/edgar/data/2052162/000121390026089219/ea0302045-8k425_digital.htm
DAAQW,0002052162,2026-08-13 00:00:00,2026-08-13 17:02:11,8-K,False,https://www.sec.gov/Archives/edgar/data/2052162/000121390026089219/0001213900-26-089219-index.htm,https://www.sec.gov/Archives/edgar/data/2052162/000121390026089219/ea0302045-8k425_digital.htm
NET,0001477333,2026-08-13 00:00:00,2026-08-13 17:01:16,8-K,False,https://www.sec.gov/Archives/edgar/data/1477333/000095010326012340/0000950103-26-012340-index.htm,https://www.sec.gov/Archives/edgar/data/1477333/000095010326012340/dp251721_8k.htm
SLP,0001023459,2026-08-13 00:00:00,2026-08-13 17:00:38,8-K,False,https://www.sec.gov/Archives/edgar/data/1023459/000102345926000054/0001023459-26-000054-index.htm,https://www.sec.gov/Archives/edgar/data/1023459/000102345926000054/slp-20260813.htm
PLAG,0001117057,2026-08-13 00:00:00,2026-08-13 17:00:34,8-K,False,https://www.sec.gov/Archives/edgar/data/1117057/000121390026089212/0001213900-26-089212-index.htm,https://www.sec.gov/Archives/edgar/data/1117057/000121390026089212/ea0301637-8k_planet.htm
NILE-PD,0000896493,2026-08-13 00:00:00,2026-08-13 17:00:31,8-K,False,https://www.sec.gov/Archives/edgar/data/896493/000121465926010099/0001214659-26-010099-index.htm,https://www.sec.gov/Archives/edgar/data/896493/000121465926010099/o8132658k.htm
NILE,0000896493,2026-08-13 00:00:00,2026-08-13 17:00:31,8-K,False,https://www.sec.gov/Archives/edgar/data/896493/000121465926010099/0001214659-26-010099-index.htm,https://www.sec.gov/Archives/edgar/data/896493/000121465926010099/o8132658k.htm
GPUS,0000896493,2026-08-13 00:00:00,2026-08-13 17:00:31,8-K,False,https://www.sec.gov/Archives/edgar/data/896493/000121465926010099/0001214659-26-010099-index.htm,https://www.sec.gov/Archives/edgar/data/896493/000121465926010099/o8132658k.htm
DPW,0000896493,2026-08-13 00:00:00,2026-08-13 17:00:31,8-K,False,https://www.sec.gov/Archives/edgar/data/896493/000121465926010099/0001214659-26-010099-index.htm,https://www.sec.gov/Archives/edgar/data/896493/000121465926010099/o8132658k.htm
GPUS-PD,0000896493,2026-08-13 00:00:00,2026-08-13 17:00:31,8-K,False,https://www.sec.gov/Archives/edgar/data/896493/000121465926010099/0001214659-26-010099-index.htm,https://www.sec.gov/Archives/edgar/data/896493/000121465926010099/o8132658k.htm
AULT,0000896493,2026-08-13 00:00:00,2026-08-13 17:00:31,8-K,False,https://www.sec.gov/Archives/edgar/data/896493/000121465926010099/0001214659-26-010099-index.htm,https://www.sec.gov/Archives/edgar/data/896493/000121465926010099/o8132658k.htm
NCRA,0001756180,2026-08-13 00:00:00,2026-08-13 17:00:31,8-K,False,https://www.sec.gov/Archives/edgar/data/1756180/000168316826006346/0001683168-26-006346-index.htm,https://www.sec.gov/Archives/edgar/data/1756180/000168316826006346/nocera_8k.htm
KTRA,0001498382,2026-08-13 00:00:00,2026-08-13 17:00:17,8-K,False,https://www.sec.gov/Archives/edgar/data/1498382/000119312526349540/0001193125-26-349540-index.htm,https://www.sec.gov/Archives/edgar/data/1498382/000119312526349540/hura-20260807.htm
HURA,0001498382,2026-08-13 00:00:00,2026-08-13 17:00:17,8-K,False,https://www.sec.gov/Archives/edgar/data/1498382/000119312526349540/0001193125-26-349540-index.htm,https://www.sec.gov/Archives/edgar/data/1498382/000119312526349540/hura-20260807.htm
TIL,0001789769,2026-08-13 00:00:00,2026-08-13 16:59:21,8-K,False,https://www.sec.gov/Archives/edgar/data/1789769/000178976926000055/0001789769-26-000055-index.htm,https://www.sec.gov/Archives/edgar/data/1789769/000178976926000055/til-20260813.htm
GVA,0000861459,2026-08-13 00:00:00,2026-08-13 16:59:05,8-K,False,https://www.sec.gov/Archives/edgar/data/861459/000086145926000036/0000861459-26-000036-index.htm,https://www.sec.gov/Archives/edgar/data/861459/000086145926000036/gva-20260811.htm
WRLD,0000108385,2026-08-13 00:00:00,2026-08-13 16:58:42,8-K,False,https://www.sec.gov/Archives/edgar/data/108385/000010838526000037/0000108385-26-000037-index.htm,https://www.sec.gov/Archives/edgar/data/108385/000010838526000037/wrld-20260813.htm
EURKU,0002000410,2026-08-13 00:00:00,2026-08-13 16:57:45,8-K,False,https://www.sec.gov/Archives/edgar/data/2000410/000121390026089205/0001213900-26-089205-index.htm,https://www.sec.gov/Archives/edgar/data/2000410/000121390026089205/ea0301982-8k425_eureka.htm
EURK,0002000410,2026-08-13 00:00:00,2026-08-13 16:57:45,8-K,False,https://www.sec.gov/Archives/edgar/data/2000410/000121390026089205/0001213900-26-089205-index.htm,https://www.sec.gov/Archives/edgar/data/2000410/000121390026089205/ea0301982-8k425_eureka.htm
EURKR,0002000410,2026-08-13 00:00:00,2026-08-13 16:57:45,8-K,False,https://www.sec.gov/Archives/edgar/data/2000410/000121390026089205/0001213900-26-089205-index.htm,https://www.sec.gov/Archives/edgar/data/2000410/000121390026089205/ea0301982-8k425_eureka.htm
BKYI,0001019034,2026-08-13 00:00:00,2026-08-13 16:56:20,8-K,False,https://www.sec.gov/Archives/edgar/data/1019034/000143774926027730/0001437749-26-027730-index.htm,https://www.sec.gov/Archives/edgar/data/1019034/000143774926027730/bkyi20260813_8k.htm
BNET,0000875729,2026-08-13 00:00:00,2026-08-13 16:53:45,8-K,False,https://www.sec.gov/Archives/edgar/data/875729/000107997326001084/0001079973-26-001084-index.htm,https://www.sec.gov/Archives/edgar/data/875729/000107997326001084/bion_8k.htm
None,0001770069,2026-08-13 00:00:00,2026-08-13 16:51:37,8-K,False,https://www.sec.gov/Archives/edgar/data/1770069/000119312526349490/0001193125-26-349490-index.htm,https://www.sec.gov/Archives/edgar/data/1770069/000119312526349490/d48818d8k.htm
None,0002093101,2026-08-13 00:00:00,2026-08-13 16:50:28,8-K,True,https://www.sec.gov/Archives/edgar/data/2093101/000119312526349482/0001193125-26-349482-index.htm,https://www.sec.gov/Archives/edgar/data/2093101/000119312526349482/d149126dex991.htm
OPLN,0001395942,2026-08-13 00:00:00,2026-08-13 16:50:13,8-K,False,https://www.sec.gov/Archives/edgar/data/1395942/000110465926096008/0001104659-26-096008-index.htm,https://www.sec.gov/Archives/edgar/data/1395942/000110465926096008/tm2623104d1_8k.htm
KAR,0001395942,2026-08-13 00:00:00,2026-08-13 16:50:13,8-K,False,https://www.sec.gov/Archives/edgar/data/1395942/000110465926096008/0001104659-26-096008-index.htm,https://www.sec.gov/Archives/edgar/data/1395942/000110465926096008/tm2623104d1_8k.htm
KCA-UN,0001899287,2026-08-13 00:00:00,2026-08-13 16:49:44,8-K,False,https://www.sec.gov/Archives/edgar/data/1899287/000189928726000062/0001899287-26-000062-index.htm,https://www.sec.gov/Archives/edgar/data/1899287/000189928726000062/ampx-20260807.htm
KCAC-WT,0001899287,2026-08-13 00:00:00,2026-08-13 16:49:44,8-K,False,https://www.sec.gov/Archives/edgar/data/1899287/000189928726000062/0001899287-26-000062-index.htm,https://www.sec.gov/Archives/edgar/data/1899287/000189928726000062/ampx-20260807.htm
KCAC-UN,0001899287,2026-08-13 00:00:00,2026-08-13 16:49:44,8-K,False,https://www.sec.gov/Archives/edgar/data/1899287/000189928726000062/0001899287-26-000062-index.htm,https://www.sec.gov/Archives/edgar/data/1899287/000189928726000062/ampx-20260807.htm
KCAC,0001899287,2026-08-13 00:00:00,2026-08-13 16:49:44,8-K,False,https://www.sec.gov/Archives/edgar/data/1899287/000189928726000062/0001899287-26-000062-index.htm,https://www.sec.gov/Archives/edgar/data/1899287/000189928726000062/ampx-20260807.htm
AMPX,0001899287,2026-08-13 00:00:00,2026-08-13 16:49:44,8-K,False,https://www.sec.gov/Archives/edgar/data/1899287/000189928726000062/0001899287-26-000062-index.htm,https://www.sec.gov/Archives/edgar/data/1899287/000189928726000062/ampx-20260807.htm
AMPX-WT,0001899287,2026-08-13 00:00:00,2026-08-13 16:49:44,8-K,False,https://www.sec.gov/Archives/edgar/data/1899287/000189928726000062/0001899287-26-000062-index.htm,https://www.sec.gov/Archives/edgar/data/1899287/000189928726000062/ampx-20260807.htm
None,0001136586,2026-08-13 00:00:00,2026-08-13 16:47:07,8-K,False,https://www.sec.gov/Archives/edgar/data/1136586/000092963826003031/0000929638-26-003031-index.htm,https://www.sec.gov/Archives/edgar/data/1136586/000092963826003031/bmw2026-a_8k.htm
None,0002143474,2026-08-13 00:00:00,2026-08-13 16:47:07,8-K,False,https://www.sec.gov/Archives/edgar/data/2143474/000092963826003031/0000929638-26-003031-index.htm,https://www.sec.gov/Archives/edgar/data/1136586/000092963826003031/bmw2026-a_8k.htm
CLDI,0001855485,2026-08-13 00:00:00,2026-08-13 16:45:32,8-K,False,https://www.sec.gov/Archives/edgar/data/1855485/000149315226037840/0001493152-26-037840-index.htm,https://www.sec.gov/Archives/edgar/data/1855485/000149315226037840/form8-k.htm
FLAG-UN,0001855485,2026-08-13 00:00:00,2026-08-13 16:45:32,8-K,False,https://www.sec.gov/Archives/edgar/data/1855485/000149315226037840/0001493152-26-037840-index.htm,https://www.sec.gov/Archives/edgar/data/1855485/000149315226037840/form8-k.htm
FLAG,0001855485,2026-08-13 00:00:00,2026-08-13 16:45:32,8-K,False,https://www.sec.gov/Archives/edgar/data/1855485/000149315226037840/0001493152-26-037840-index.htm,https://www.sec.gov/Archives/edgar/data/1855485/000149315226037840/form8-k.htm
FLAG-WT,0001855485,2026-08-13 00:00:00,2026-08-13 16:45:32,8-K,False,https://www.sec.gov/Archives/edgar/data/1855485/000149315226037840/0001493152-26-037840-index.htm,https://www.sec.gov/Archives/edgar/data/1855485/000149315226037840/form8-k.htm
SVV,0001883313,2026-08-13 00:00:00,2026-08-13 16:42:28,8-K,False,https://www.sec.gov/Archives/edgar/data/1883313/000119312526349410/0001193125-26-349410-index.htm,https://www.sec.gov/Archives/edgar/data/1883313/000119312526349410/d374510d8k.htm
None,0001903784,2026-08-13 00:00:00,2026-08-13 16:41:52,8-K,False,https://www.sec.gov/Archives/edgar/data/1903784/000118518526003505/0001185185-26-003505-index.htm,https://www.sec.gov/Archives/edgar/data/1903784/000118518526003505/vogenx8k081126.htm
CLAQR,0001849820,2026-08-13 00:00:00,2026-08-13 16:41:35,8-K,False,https://www.sec.gov/Archives/edgar/data/1849820/000184982026000128/0001849820-26-000128-index.htm,https://www.sec.gov/Archives/edgar/data/1849820/000184982026000128/kitt-20260812.htm
CLAQW,0001849820,2026-08-13 00:00:00,2026-08-13 16:41:35,8-K,False,https://www.sec.gov/Archives/edgar/data/1849820/000184982026000128/0001849820-26-000128-index.htm,https://www.sec.gov/Archives/edgar/data/1849820/000184982026000128/kitt-20260812.htm
KITT,0001849820,2026-08-13 00:00:00,2026-08-13 16:41:35,8-K,False,https://www.sec.gov/Archives/edgar/data/1849820/000184982026000128/0001849820-26-000128-index.htm,https://www.sec.gov/Archives/edgar/data/1849820/000184982026000128/kitt-20260812.htm
CLAQU,0001849820,2026-08-13 00:00:00,2026-08-13 16:41:35,8-K,False,https://www.sec.gov/Archives/edgar/data/1849820/000184982026000128/0001849820-26-000128-index.htm,https://www.sec.gov/Archives/edgar/data/1849820/000184982026000128/kitt-20260812.htm
KITTW,0001849820,2026-08-13 00:00:00,2026-08-13 16:41:35,8-K,False,https://www.sec.gov/Archives/edgar/data/1849820/000184982026000128/0001849820-26-000128-index.htm,https://www.sec.gov/Archives/edgar/data/1849820/000184982026000128/kitt-20260812.htm
CLAQ,0001849820,2026-08-13 00:00:00,2026-08-13 16:41:35,8-K,False,https://www.sec.gov/Archives/edgar/data/1849820/000184982026000128/0001849820-26-000128-index.htm,https://www.sec.gov/Archives/edgar/data/1849820/000184982026000128/kitt-20260812.htm
LOGC,0002064307,2026-08-13 00:00:00,2026-08-13 16:40:45,8-K,True,https://www.sec.gov/Archives/edgar/data/2064307/000206430726000015/0002064307-26-000015-index.htm,https://www.sec.gov/Archives/edgar/data/2064307/000206430726000015/logc-ex99_1.htm
EUBG,0001171326,2026-08-13 00:00:00,2026-08-13 16:40:27,8-K,False,https://www.sec.gov/Archives/edgar/data/1171326/000121390026089175/0001213900-26-089175-index.htm,https://www.sec.gov/Archives/edgar/data/1171326/000121390026089175/ea0301884-8k_entrepre.htm
BOC,0001494582,2026-08-13 00:00:00,2026-08-13 16:40:22,8-K,False,https://www.sec.gov/Archives/edgar/data/1494582/000143774926027715/0001437749-26-027715-index.htm,https://www.sec.gov/Archives/edgar/data/1494582/000143774926027715/bomn20260807_8k.htm
BOMN,0001494582,2026-08-13 00:00:00,2026-08-13 16:40:22,8-K,False,https://www.sec.gov/Archives/edgar/data/1494582/000143774926027715/0001437749-26-027715-index.htm,https://www.sec.gov/Archives/edgar/data/1494582/000143774926027715/bomn20260807_8k.htm
CWD,0001627282,2026-08-13 00:00:00,2026-08-13 16:39:43,8-K,True,https://www.sec.gov/Archives/edgar/data/1627282/000162728226000054/0001627282-26-000054-index.htm,https://www.sec.gov/Archives/edgar/data/1627282/000162728226000054/cwd-er_q22026.htm
MAR,0001048286,2026-08-13 00:00:00,2026-08-13 16:39:39,8-K,False,https://www.sec.gov/Archives/edgar/data/1048286/000119312526349395/0001193125-26-349395-index.htm,https://www.sec.gov/Archives/edgar/data/1048286/000119312526349395/d162127d8k.htm
EHC,0000785161,2026-08-13 00:00:00,2026-08-13 16:39:17,8-K,False,https://www.sec.gov/Archives/edgar/data/785161/000078516126000195/0000785161-26-000195-index.htm,https://www.sec.gov/Archives/edgar/data/785161/000078516126000195/ehc-20260813.htm
ABX,0001814287,2026-08-13 00:00:00,2026-08-13 16:39:05,8-K,False,https://www.sec.gov/Archives/edgar/data/1814287/000162828026056792/0001628280-26-056792-index.htm,https://www.sec.gov/Archives/edgar/data/1814287/000162828026056792/abl-20260813.htm
ERESU,0001814287,2026-08-13 00:00:00,2026-08-13 16:39:05,8-K,False,https://www.sec.gov/Archives/edgar/data/1814287/000162828026056792/0001628280-26-056792-index.htm,https://www.sec.gov/Archives/edgar/data/1814287/000162828026056792/abl-20260813.htm
ERESW,0001814287,2026-08-13 00:00:00,2026-08-13 16:39:05,8-K,False,https://www.sec.gov/Archives/edgar/data/1814287/000162828026056792/0001628280-26-056792-index.htm,https://www.sec.gov/Archives/edgar/data/1814287/000162828026056792/abl-20260813.htm
ABL,0001814287,2026-08-13 00:00:00,2026-08-13 16:39:05,8-K,False,https://www.sec.gov/Archives/edgar/data/1814287/000162828026056792/0001628280-26-056792-index.htm,https://www.sec.gov/Archives/edgar/data/1814287/000162828026056792/abl-20260813.htm
ABLLL,0001814287,2026-08-13 00:00:00,2026-08-13 16:39:05,8-K,False,https://www.sec.gov/Archives/edgar/data/1814287/000162828026056792/0001628280-26-056792-index.htm,https://www.sec.gov/Archives/edgar/data/1814287/000162828026056792/abl-20260813.htm
ERES,0001814287,2026-08-13 00:00:00,2026-08-13 16:39:05,8-K,False,https://www.sec.gov/Archives/edgar/data/1814287/000162828026056792/0001628280-26-056792-index.htm,https://www.sec.gov/Archives/edgar/data/1814287/000162828026056792/abl-20260813.htm
ABLLW,0001814287,2026-08-13 00:00:00,2026-08-13 16:39:05,8-K,False,https://www.sec.gov/Archives/edgar/data/1814287/000162828026056792/0001628280-26-056792-index.htm,https://www.sec.gov/Archives/edgar/data/1814287/000162828026056792/abl-20260813.htm
NUWE,0001506492,2026-08-13 00:00:00,2026-08-13 16:38:45,8-K,True,https://www.sec.gov/Archives/edgar/data/1506492/000114036126032838/0001140361-26-032838-index.htm,https://www.sec.gov/Archives/edgar/data/1506492/000114036126032838/ef20080204_ex99-1.htm
FWONA,0001560385,2026-08-13 00:00:00,2026-08-13 16:38:33,8-K,False,https://www.sec.gov/Archives/edgar/data/1560385/000110465926095991/0001104659-26-095991-index.htm,https://www.sec.gov/Archives/edgar/data/1560385/000110465926095991/tm2622631d2_8k.htm
LSXMK,0001560385,2026-08-13 00:00:00,2026-08-13 16:38:33,8-K,False,https://www.sec.gov/Archives/edgar/data/1560385/000110465926095991/0001104659-26-095991-index.htm,https://www.sec.gov/Archives/edgar/data/1560385/000110465926095991/tm2622631d2_8k.htm
LSXMB,0001560385,2026-08-13 00:00:00,2026-08-13 16:38:33,8-K,False,https://www.sec.gov/Archives/edgar/data/1560385/000110465926095991/0001104659-26-095991-index.htm,https://www.sec.gov/Archives/edgar/data/1560385/000110465926095991/tm2622631d2_8k.htm
LSXMA,0001560385,2026-08-13 00:00:00,2026-08-13 16:38:33,8-K,False,https://www.sec.gov/Archives/edgar/data/1560385/000110465926095991/0001104659-26-095991-index.htm,https://www.sec.gov/Archives/edgar/data/1560385/000110465926095991/tm2622631d2_8k.htm
LLYVA,0001560385,2026-08-13 00:00:00,2026-08-13 16:38:33,8-K,False,https://www.sec.gov/Archives/edgar/data/1560385/000110465926095991/0001104659-26-095991-index.htm,https://www.sec.gov/Archives/edgar/data/1560385/000110465926095991/tm2622631d2_8k.htm
LLYVB,0001560385,2026-08-13 00:00:00,2026-08-13 16:38:33,8-K,False,https://www.sec.gov/Archives/edgar/data/1560385/000110465926095991/0001104659-26-095991-index.htm,https://www.sec.gov/Archives/edgar/data/1560385/000110465926095991/tm2622631d2_8k.htm
LLYVK,0001560385,2026-08-13 00:00:00,2026-08-13 16:38:33,8-K,False,https://www.sec.gov/Archives/edgar/data/1560385/000110465926095991/0001104659-26-095991-index.htm,https://www.sec.gov/Archives/edgar/data/1560385/000110465926095991/tm2622631d2_8k.htm
FWONB,0001560385,2026-08-13 00:00:00,2026-08-13 16:38:33,8-K,False,https://www.sec.gov/Archives/edgar/data/1560385/000110465926095991/0001104659-26-095991-index.htm,https://www.sec.gov/Archives/edgar/data/1560385/000110465926095991/tm2622631d2_8k.htm
BATRK,0001560385,2026-08-13 00:00:00,2026-08-13 16:38:33,8-K,False,https://www.sec.gov/Archives/edgar/data/1560385/000110465926095991/0001104659-26-095991-index.htm,https://www.sec.gov/Archives/edgar/data/1560385/000110465926095991/tm2622631d2_8k.htm
FWONK,0001560385,2026-08-13 00:00:00,2026-08-13 16:38:33,8-K,False,https://www.sec.gov/Archives/edgar/data/1560385/000110465926095991/0001104659-26-095991-index.htm,https://www.sec.gov/Archives/edgar/data/1560385/000110465926095991/tm2622631d2_8k.htm
BATRB,0001560385,2026-08-13 00:00:00,2026-08-13 16:38:33,8-K,False,https://www.sec.gov/Archives/edgar/data/1560385/000110465926095991/0001104659-26-095991-index.htm,https://www.sec.gov/Archives/edgar/data/1560385/000110465926095991/tm2622631d2_8k.htm
BATRA,0001560385,2026-08-13 00:00:00,2026-08-13 16:38:33,8-K,False,https://www.sec.gov/Archives/edgar/data/1560385/000110465926095991/0001104659-26-095991-index.htm,https://www.sec.gov/Archives/edgar/data/1560385/000110465926095991/tm2622631d2_8k.htm
PNW,0000764622,2026-08-13 00:00:00,2026-08-13 16:37:47,8-K,False,https://www.sec.gov/Archives/edgar/data/764622/000110465926095989/0001104659-26-095989-index.htm,https://www.sec.gov/Archives/edgar/data/7286/000110465926095989/tm2622461d5_8k.htm
None,0000007286,2026-08-13 00:00:00,2026-08-13 16:37:47,8-K,False,https://www.sec.gov/Archives/edgar/data/7286/000110465926095989/0001104659-26-095989-index.htm,https://www.sec.gov/Archives/edgar/data/7286/000110465926095989/tm2622461d5_8k.htm
STSFF,0001585389,2026-08-13 00:00:00,2026-08-13 16:37:28,8-K,False,https://www.sec.gov/Archives/edgar/data/1585389/000119312526349382/0001193125-26-349382-index.htm,https://www.sec.gov/Archives/edgar/data/1585389/000119312526349382/ck0001585389-20260813.htm
SMA,0001585389,2026-08-13 00:00:00,2026-08-13 16:37:28,8-K,False,https://www.sec.gov/Archives/edgar/data/1585389/000119312526349382/0001193125-26-349382-index.htm,https://www.sec.gov/Archives/edgar/data/1585389/000119312526349382/ck0001585389-20260813.htm
SMST,0001585389,2026-08-13 00:00:00,2026-08-13 16:37:28,8-K,False,https://www.sec.gov/Archives/edgar/data/1585389/000119312526349382/0001193125-26-349382-index.htm,https://www.sec.gov/Archives/edgar/data/1585389/000119312526349382/ck0001585389-20260813.htm
IPDN,0001546296,2026-08-13 00:00:00,2026-08-13 16:37:21,8-K,False,https://www.sec.gov/Archives/edgar/data/1546296/000143774926027711/0001437749-26-027711-index.htm,https://www.sec.gov/Archives/edgar/data/1546296/000143774926027711/ipdn20260812_8k.htm
APVO,0001671584,2026-08-13 00:00:00,2026-08-13 16:37:17,8-K,False,https://www.sec.gov/Archives/edgar/data/1671584/000119312526349380/0001193125-26-349380-index.htm,https://www.sec.gov/Archives/edgar/data/1671584/000119312526349380/apvo-20260812.htm
ADGM,0002006986,2026-08-13 00:00:00,2026-08-13 16:37:14,8-K,False,https://www.sec.gov/Archives/edgar/data/2006986/000110465926095987/0001104659-26-095987-index.htm,https://www.sec.gov/Archives/edgar/data/2006986/000110465926095987/tm2623192d1_8k.htm
EZFL,0001817004,2026-08-13 00:00:00,2026-08-13 16:36:22,8-K,False,https://www.sec.gov/Archives/edgar/data/1817004/000149315226037830/0001493152-26-037830-index.htm,https://www.sec.gov/Archives/edgar/data/1817004/000149315226037830/form8-k.htm
NXXT,0001817004,2026-08-13 00:00:00,2026-08-13 16:36:22,8-K,False,https://www.sec.gov/Archives/edgar/data/1817004/000149315226037830/0001493152-26-037830-index.htm,https://www.sec.gov/Archives/edgar/data/1817004/000149315226037830/form8-k.htm
MLND,0001544227,2026-08-13 00:00:00,2026-08-13 16:36:03,8-K,False,https://www.sec.gov/Archives/edgar/data/1544227/000119312526349374/0001193125-26-349374-index.htm,https://www.sec.gov/Archives/edgar/data/1544227/000119312526349374/tpst-20260813.htm
TPST,0001544227,2026-08-13 00:00:00,2026-08-13 16:36:03,8-K,False,https://www.sec.gov/Archives/edgar/data/1544227/000119312526349374/0001193125-26-349374-index.htm,https://www.sec.gov/Archives/edgar/data/1544227/000119312526349374/tpst-20260813.htm
HIT,0002019505,2026-08-13 00:00:00,2026-08-13 16:35:20,8-K,False,https://www.sec.gov/Archives/edgar/data/2019505/000121390026089165/0001213900-26-089165-index.htm,https://www.sec.gov/Archives/edgar/data/2019505/000121390026089165/ea0301981-8k_health.htm
HIT,0002019505,2026-08-13 00:00:00,2026-08-13 16:35:15,8-K,True,https://www.sec.gov/Archives/edgar/data/2019505/000121390026089164/0001213900-26-089164-index.htm,https://www.sec.gov/Archives/edgar/data/2019505/000121390026089164/ea030198001ex99-1.htm
SKLZ,0001801661,2026-08-13 00:00:00,2026-08-13 16:33:40,8-K,True,https://www.sec.gov/Archives/edgar/data/1801661/000180166126000090/0001801661-26-000090-index.htm,https://www.sec.gov/Archives/edgar/data/1801661/000180166126000090/q226firyex991-earningsrele.htm
FIRY,0001801661,2026-08-13 00:00:00,2026-08-13 16:33:40,8-K,True,https://www.sec.gov/Archives/edgar/data/1801661/000180166126000090/0001801661-26-000090-index.htm,https://www.sec.gov/Archives/edgar/data/1801661/000180166126000090/q226firyex991-earningsrele.htm
ABCL,0001703057,2026-08-13 00:00:00,2026-08-13 16:33:34,8-K,False,https://www.sec.gov/Archives/edgar/data/1703057/000119312526349353/0001193125-26-349353-index.htm,https://www.sec.gov/Archives/edgar/data/1703057/000119312526349353/d20959d8k.htm
MUSA,0001573516,2026-08-13 00:00:00,2026-08-13 16:32:49,8-K,False,https://www.sec.gov/Archives/edgar/data/1573516/000157351626000168/0001573516-26-000168-index.htm,https://www.sec.gov/Archives/edgar/data/1573516/000157351626000168/musa-20260813.htm
VNRX,0000093314,2026-08-13 00:00:00,2026-08-13 16:32:38,8-K,False,https://www.sec.gov/Archives/edgar/data/93314/000147793226004991/0001477932-26-004991-index.htm,https://www.sec.gov/Archives/edgar/data/93314/000147793226004991/vnrx_8k.htm
BK,0001390777,2026-08-13 00:00:00,2026-08-13 16:31:42,8-K,False,https://www.sec.gov/Archives/edgar/data/1390777/000119312526349341/0001193125-26-349341-index.htm,https://www.sec.gov/Archives/edgar/data/1390777/000119312526349341/d342446d8k.htm
BNY,0001390777,2026-08-13 00:00:00,2026-08-13 16:31:42,8-K,False,https://www.sec.gov/Archives/edgar/data/1390777/000119312526349341/0001193125-26-349341-index.htm,https://www.sec.gov/Archives/edgar/data/1390777/000119312526349341/d342446d8k.htm
INVLW,0002001557,2026-08-13 00:00:00,2026-08-13 16:31:41,8-K,True,https://www.sec.gov/Archives/edgar/data/2001557/000200155726000152/0002001557-26-000152-index.htm,https://www.sec.gov/Archives/edgar/data/2001557/000200155726000152/a991innventure-2q26earning.htm
INV,0002001557,2026-08-13 00:00:00,2026-08-13 16:31:41,8-K,True,https://www.sec.gov/Archives/edgar/data/2001557/000200155726000152/0002001557-26-000152-index.htm,https://www.sec.gov/Archives/edgar/data/2001557/000200155726000152/a991innventure-2q26earning.htm
KIDZW,0002022308,2026-08-13 00:00:00,2026-08-13 16:31:33,8-K,False,https://www.sec.gov/Archives/edgar/data/2022308/000147793226004990/0001477932-26-004990-index.htm,https://www.sec.gov/Archives/edgar/data/2022308/000147793226004990/class_8k.htm
KIDZ,0002022308,2026-08-13 00:00:00,2026-08-13 16:31:33,8-K,False,https://www.sec.gov/Archives/edgar/data/2022308/000147793226004990/0001477932-26-004990-index.htm,https://www.sec.gov/Archives/edgar/data/2022308/000147793226004990/class_8k.htm
IPEX,0002028355,2026-08-13 00:00:00,2026-08-13 16:31:28,8-K,False,https://www.sec.gov/Archives/edgar/data/2028355/000121390026089160/0001213900-26-089160-index.htm,https://www.sec.gov/Archives/edgar/data/2028355/000121390026089160/ea0301795-8k_inflection5.htm
MAYAU,0002028355,2026-08-13 00:00:00,2026-08-13 16:31:28,8-K,False,https://www.sec.gov/Archives/edgar/data/2028355/000121390026089160/0001213900-26-089160-index.htm,https://www.sec.gov/Archives/edgar/data/2028355/000121390026089160/ea0301795-8k_inflection5.htm
MAYA,0002028355,2026-08-13 00:00:00,2026-08-13 16:31:28,8-K,False,https://www.sec.gov/Archives/edgar/data/2028355/000121390026089160/0001213900-26-089160-index.htm,https://www.sec.gov/Archives/edgar/data/2028355/000121390026089160/ea0301795-8k_inflection5.htm
IPEXU,0002028355,2026-08-13 00:00:00,2026-08-13 16:31:28,8-K,False,https://www.sec.gov/Archives/edgar/data/2028355/000121390026089160/0001213900-26-089160-index.htm,https://www.sec.gov/Archives/edgar/data/2028355/000121390026089160/ea0301795-8k_inflection5.htm
IPEXR,0002028355,2026-08-13 00:00:00,2026-08-13 16:31:28,8-K,False,https://www.sec.gov/Archives/edgar/data/2028355/000121390026089160/0001213900-26-089160-index.htm,https://www.sec.gov/Archives/edgar/data/2028355/000121390026089160/ea0301795-8k_inflection5.htm
MAYAR,0002028355,2026-08-13 00:00:00,2026-08-13 16:31:28,8-K,False,https://www.sec.gov/Archives/edgar/data/2028355/000121390026089160/0001213900-26-089160-index.htm,https://www.sec.gov/Archives/edgar/data/2028355/000121390026089160/ea0301795-8k_inflection5.htm
MLND,0001544227,2026-08-13 00:00:00,2026-08-13 16:31:25,8-K,False,https://www.sec.gov/Archives/edgar/data/1544227/000119312526349334/0001193125-26-349334-index.htm,https://www.sec.gov/Archives/edgar/data/1544227/000119312526349334/d290418d8k.htm
TPST,0001544227,2026-08-13 00:00:00,2026-08-13 16:31:25,8-K,False,https://www.sec.gov/Archives/edgar/data/1544227/000119312526349334/0001193125-26-349334-index.htm,https://www.sec.gov/Archives/edgar/data/1544227/000119312526349334/d290418d8k.htm
GEMI,0002055592,2026-08-13 00:00:00,2026-08-13 16:31:23,8-K,True,https://www.sec.gov/Archives/edgar/data/2055592/000205559226000063/0002055592-26-000063-index.htm,https://www.sec.gov/Archives/edgar/data/2055592/000205559226000063/q226earningspressrelease.htm
EYESW,0001266806,2026-08-13 00:00:00,2026-08-13 16:31:12,8-K,False,https://www.sec.gov/Archives/edgar/data/1266806/000175392626001482/0001753926-26-001482-index.htm,https://www.sec.gov/Archives/edgar/data/1266806/000175392626001482/vani-20260813.htm
VANI,0001266806,2026-08-13 00:00:00,2026-08-13 16:31:12,8-K,False,https://www.sec.gov/Archives/edgar/data/1266806/000175392626001482/0001753926-26-001482-index.htm,https://www.sec.gov/Archives/edgar/data/1266806/000175392626001482/vani-20260813.htm
VANIW,0001266806,2026-08-13 00:00:00,2026-08-13 16:31:12,8-K,False,https://www.sec.gov/Archives/edgar/data/1266806/000175392626001482/0001753926-26-001482-index.htm,https://www.sec.gov/Archives/edgar/data/1266806/000175392626001482/vani-20260813.htm
NEM,0001164727,2026-08-13 00:00:00,2026-08-13 16:31:11,8-K,False,https://www.sec.gov/Archives/edgar/data/1164727/000110465926095968/0001104659-26-095968-index.htm,https://www.sec.gov/Archives/edgar/data/1164727/000110465926095968/tm2623048d1_8k.htm
TWFG,0002007596,2026-08-13 00:00:00,2026-08-13 16:30:49,8-K,True,https://www.sec.gov/Archives/edgar/data/2007596/000200759626000014/0002007596-26-000014-index.htm,https://www.sec.gov/Archives/edgar/data/2007596/000200759626000014/a101amendedandrestatedcred.htm
MVEN,0000894871,2026-08-13 00:00:00,2026-08-13 16:30:45,8-K,False,https://www.sec.gov/Archives/edgar/data/894871/000149315226037810/0001493152-26-037810-index.htm,https://www.sec.gov/Archives/edgar/data/894871/000149315226037810/form8-k.htm
AREN,0000894871,2026-08-13 00:00:00,2026-08-13 16:30:45,8-K,False,https://www.sec.gov/Archives/edgar/data/894871/000149315226037810/0001493152-26-037810-index.htm,https://www.sec.gov/Archives/edgar/data/894871/000149315226037810/form8-k.htm
DGLY,0001342958,2026-08-13 00:00:00,2026-08-13 16:30:43,8-K,False,https://www.sec.gov/Archives/edgar/data/1342958/000149315226037809/0001493152-26-037809-index.htm,https://www.sec.gov/Archives/edgar/data/1342958/000149315226037809/form8-k.htm
KUST,0001342958,2026-08-13 00:00:00,2026-08-13 16:30:43,8-K,False,https://www.sec.gov/Archives/edgar/data/1342958/000149315226037809/0001493152-26-037809-index.htm,https://www.sec.gov/Archives/edgar/data/1342958/000149315226037809/form8-k.htm
OFAL,0002036307,2026-08-13 00:00:00,2026-08-13 16:30:41,8-K,False,https://www.sec.gov/Archives/edgar/data/2036307/000149315226037808/0001493152-26-037808-index.htm,https://www.sec.gov/Archives/edgar/data/2036307/000149315226037808/form8-k.htm
MQ,0001522540,2026-08-13 00:00:00,2026-08-13 16:30:36,8-K,False,https://www.sec.gov/Archives/edgar/data/1522540/000152254026000066/0001522540-26-000066-index.htm,https://www.sec.gov/Archives/edgar/data/1522540/000152254026000066/mq-20260810.htm
PROF,0001628808,2026-08-13 00:00:00,2026-08-13 16:30:30,8-K,False,https://www.sec.gov/Archives/edgar/data/1628808/000117184326005500/0001171843-26-005500-index.htm,https://www.sec.gov/Archives/edgar/data/1628808/000117184326005500/f8k_081326.htm
RILYN,0001464790,2026-08-13 00:00:00,2026-08-13 16:30:18,8-K,False,https://www.sec.gov/Archives/edgar/data/1464790/000121390026089148/0001213900-26-089148-index.htm,https://www.sec.gov/Archives/edgar/data/1464790/000121390026089148/ea0301417-8k_brcgroup.htm
RILYK,0001464790,2026-08-13 00:00:00,2026-08-13 16:30:18,8-K,False,https://www.sec.gov/Archives/edgar/data/1464790/000121390026089148/0001213900-26-089148-index.htm,https://www.sec.gov/Archives/edgar/data/1464790/000121390026089148/ea0301417-8k_brcgroup.htm
RILYO,0001464790,2026-08-13 00:00:00,2026-08-13 16:30:18,8-K,False,https://www.sec.gov/Archives/edgar/data/1464790/000121390026089148/0001213900-26-089148-index.htm,https://www.sec.gov/Archives/edgar/data/1464790/000121390026089148/ea0301417-8k_brcgroup.htm
RILYP,0001464790,2026-08-13 00:00:00,2026-08-13 16:30:18,8-K,False,https://www.sec.gov/Archives/edgar/data/1464790/000121390026089148/0001213900-26-089148-index.htm,https://www.sec.gov/Archives/edgar/data/1464790/000121390026089148/ea0301417-8k_brcgroup.htm
RILYI,0001464790,2026-08-13 00:00:00,2026-08-13 16:30:18,8-K,False,https://www.sec.gov/Archives/edgar/data/1464790/000121390026089148/0001213900-26-089148-index.htm,https://www.sec.gov/Archives/edgar/data/1464790/000121390026089148/ea0301417-8k_brcgroup.htm
RILYT,0001464790,2026-08-13 00:00:00,2026-08-13 16:30:18,8-K,False,https://www.sec.gov/Archives/edgar/data/1464790/000121390026089148/0001213900-26-089148-index.htm,https://www.sec.gov/Archives/edgar/data/1464790/000121390026089148/ea0301417-8k_brcgroup.htm
RILYH,0001464790,2026-08-13 00:00:00,2026-08-13 16:30:18,8-K,False,https://www.sec.gov/Archives/edgar/data/1464790/000121390026089148/0001213900-26-089148-index.htm,https://www.sec.gov/Archives/edgar/data/1464790/000121390026089148/ea0301417-8k_brcgroup.htm
RILYZ,0001464790,2026-08-13 00:00:00,2026-08-13 16:30:18,8-K,False,https://www.sec.gov/Archives/edgar/data/1464790/000121390026089148/0001213900-26-089148-index.htm,https://www.sec.gov/Archives/edgar/data/1464790/000121390026089148/ea0301417-8k_brcgroup.htm
RILYG,0001464790,2026-08-13 00:00:00,2026-08-13 16:30:18,8-K,False,https://www.sec.gov/Archives/edgar/data/1464790/000121390026089148/0001213900-26-089148-index.htm,https://www.sec.gov/Archives/edgar/data/1464790/000121390026089148/ea0301417-8k_brcgroup.htm
RILY,0001464790,2026-08-13 00:00:00,2026-08-13 16:30:18,8-K,False,https://www.sec.gov/Archives/edgar/data/1464790/000121390026089148/0001213900-26-089148-index.htm,https://www.sec.gov/Archives/edgar/data/1464790/000121390026089148/ea0301417-8k_brcgroup.htm
RILYL,0001464790,2026-08-13 00:00:00,2026-08-13 16:30:18,8-K,False,https://www.sec.gov/Archives/edgar/data/1464790/000121390026089148/0001213900-26-089148-index.htm,https://www.sec.gov/Archives/edgar/data/1464790/000121390026089148/ea0301417-8k_brcgroup.htm
RILYM,0001464790,2026-08-13 00:00:00,2026-08-13 16:30:18,8-K,False,https://www.sec.gov/Archives/edgar/data/1464790/000121390026089148/0001213900-26-089148-index.htm,https://www.sec.gov/Archives/edgar/data/1464790/000121390026089148/ea0301417-8k_brcgroup.htm
CVKD,0001937993,2026-08-13 00:00:00,2026-08-13 16:30:17,8-K,True,https://www.sec.gov/Archives/edgar/data/1937993/000121390026089147/0001213900-26-089147-index.htm,https://www.sec.gov/Archives/edgar/data/1937993/000121390026089147/ea030204201ex99-1.htm
SLGD,0000088000,2026-08-13 00:00:00,2026-08-13 16:30:16,8-K,True,https://www.sec.gov/Archives/edgar/data/88000/000119312526349306/0001193125-26-349306-index.htm,https://www.sec.gov/Archives/edgar/data/88000/000119312526349306/hkhc-ex99_1.htm
RENT,0001468327,2026-08-13 00:00:00,2026-08-13 16:30:15,8-K,False,https://www.sec.gov/Archives/edgar/data/1468327/000146832726000064/0001468327-26-000064-index.htm,https://www.sec.gov/Archives/edgar/data/1468327/000146832726000064/form8-k3rdarbylaws.htm
None,0001684682,2026-08-13 00:00:00,2026-08-13 16:29:34,8-K,False,https://www.sec.gov/Archives/edgar/data/1684682/000199937126017872/0001999371-26-017872-index.htm,https://www.sec.gov/Archives/edgar/data/1684682/000199937126017872/cnl-8k_081326.htm
TSN,0000100493,2026-08-13 00:00:00,2026-08-13 16:29:12,8-K,False,https://www.sec.gov/Archives/edgar/data/100493/000010049326000063/0000100493-26-000063-index.htm,https://www.sec.gov/Archives/edgar/data/100493/000010049326000063/tsn-20260813.htm
TSNU,0000100493,2026-08-13 00:00:00,2026-08-13 16:29:12,8-K,False,https://www.sec.gov/Archives/edgar/data/100493/000010049326000063/0000100493-26-000063-index.htm,https://www.sec.gov/Archives/edgar/data/100493/000010049326000063/tsn-20260813.htm
CFFEW,0001839530,2026-08-13 00:00:00,2026-08-13 16:26:35,8-K,True,https://www.sec.gov/Archives/edgar/data/1839530/000110465926095954/0001104659-26-095954-index.htm,https://www.sec.gov/Archives/edgar/data/1839530/000110465926095954/xbp-20260813xex99d1.htm
CFFEU,0001839530,2026-08-13 00:00:00,2026-08-13 16:26:35,8-K,True,https://www.sec.gov/Archives/edgar/data/1839530/000110465926095954/0001104659-26-095954-index.htm,https://www.sec.gov/Archives/edgar/data/1839530/000110465926095954/xbp-20260813xex99d1.htm
XBP,0001839530,2026-08-13 00:00:00,2026-08-13 16:26:35,8-K,True,https://www.sec.gov/Archives/edgar/data/1839530/000110465926095954/0001104659-26-095954-index.htm,https://www.sec.gov/Archives/edgar/data/1839530/000110465926095954/xbp-20260813xex99d1.htm
XBPEW,0001839530,2026-08-13 00:00:00,2026-08-13 16:26:35,8-K,True,https://www.sec.gov/Archives/edgar/data/1839530/000110465926095954/0001104659-26-095954-index.htm,https://www.sec.gov/Archives/edgar/data/1839530/000110465926095954/xbp-20260813xex99d1.htm
CFFE,0001839530,2026-08-13 00:00:00,2026-08-13 16:26:35,8-K,True,https://www.sec.gov/Archives/edgar/data/1839530/000110465926095954/0001104659-26-095954-index.htm,https://www.sec.gov/Archives/edgar/data/1839530/000110465926095954/xbp-20260813xex99d1.htm
CVUA,0000889348,2026-08-13 00:00:00,2026-08-13 16:25:48,8-K,True,https://www.sec.gov/Archives/edgar/data/889348/000199937126017871/0001999371-26-017871-index.htm,https://www.sec.gov/Archives/edgar/data/889348/000199937126017871/ex99-1.htm
CVU,0000889348,2026-08-13 00:00:00,2026-08-13 16:25:48,8-K,True,https://www.sec.gov/Archives/edgar/data/889348/000199937126017871/0001999371-26-017871-index.htm,https://www.sec.gov/Archives/edgar/data/889348/000199937126017871/ex99-1.htm
TNON,0001560293,2026-08-13 00:00:00,2026-08-13 16:25:42,8-K,True,https://www.sec.gov/Archives/edgar/data/1560293/000121390026089138/0001213900-26-089138-index.htm,https://www.sec.gov/Archives/edgar/data/1560293/000121390026089138/ea030193501ex99-1.htm
NKTR,0000906709,2026-08-13 00:00:00,2026-08-13 16:25:23,8-K,True,https://www.sec.gov/Archives/edgar/data/906709/000121390026089137/0001213900-26-089137-index.htm,https://www.sec.gov/Archives/edgar/data/906709/000121390026089137/ea030192901ex99-1.htm
None,0002136643,2026-08-13 00:00:00,2026-08-13 16:25:13,8-K,True,https://www.sec.gov/Archives/edgar/data/2136643/000153949726002210/0001539497-26-002210-index.htm,https://www.sec.gov/Archives/edgar/data/2136643/000153949726002210/exh4_1-5c16psa.htm
BKSY,0001753539,2026-08-13 00:00:00,2026-08-13 16:24:28,8-K,False,https://www.sec.gov/Archives/edgar/data/1753539/000175353926000128/0001753539-26-000128-index.htm,https://www.sec.gov/Archives/edgar/data/1753539/000175353926000128/bksy-20260807.htm
BKSY-WT,0001753539,2026-08-13 00:00:00,2026-08-13 16:24:28,8-K,False,https://www.sec.gov/Archives/edgar/data/1753539/000175353926000128/0001753539-26-000128-index.htm,https://www.sec.gov/Archives/edgar/data/1753539/000175353926000128/bksy-20260807.htm
SFTW,0001753539,2026-08-13 00:00:00,2026-08-13 16:24:28,8-K,False,https://www.sec.gov/Archives/edgar/data/1753539/000175353926000128/0001753539-26-000128-index.htm,https://www.sec.gov/Archives/edgar/data/1753539/000175353926000128/bksy-20260807.htm
RONI-UN,0001845437,2026-08-13 00:00:00,2026-08-13 16:23:04,8-K,False,https://www.sec.gov/Archives/edgar/data/1845437/000184543726000031/0001845437-26-000031-index.htm,https://www.sec.gov/Archives/edgar/data/1845437/000184543726000031/npwr-20260813.htm
RONI,0001845437,2026-08-13 00:00:00,2026-08-13 16:23:04,8-K,False,https://www.sec.gov/Archives/edgar/data/1845437/000184543726000031/0001845437-26-000031-index.htm,https://www.sec.gov/Archives/edgar/data/1845437/000184543726000031/npwr-20260813.htm
RONI-WT,0001845437,2026-08-13 00:00:00,2026-08-13 16:23:04,8-K,False,https://www.sec.gov/Archives/edgar/data/1845437/000184543726000031/0001845437-26-000031-index.htm,https://www.sec.gov/Archives/edgar/data/1845437/000184543726000031/npwr-20260813.htm
NPWR,0001845437,2026-08-13 00:00:00,2026-08-13 16:23:04,8-K,False,https://www.sec.gov/Archives/edgar/data/1845437/000184543726000031/0001845437-26-000031-index.htm,https://www.sec.gov/Archives/edgar/data/1845437/000184543726000031/npwr-20260813.htm
XYL,0001524472,2026-08-13 00:00:00,2026-08-13 16:22:51,8-K,False,https://www.sec.gov/Archives/edgar/data/1524472/000152447226000119/0001524472-26-000119-index.htm,https://www.sec.gov/Archives/edgar/data/1524472/000152447226000119/xyl-20260813.htm
CAMP,0001736730,2026-08-13 00:00:00,2026-08-13 16:22:35,8-K,False,https://www.sec.gov/Archives/edgar/data/1736730/000162828026056758/0001628280-26-056758-index.htm,https://www.sec.gov/Archives/edgar/data/1736730/000162828026056758/camp-20260813.htm
PEW-WT,0002051380,2026-08-13 00:00:00,2026-08-13 16:22:19,8-K,False,https://www.sec.gov/Archives/edgar/data/2051380/000121390026089130/0001213900-26-089130-index.htm,https://www.sec.gov/Archives/edgar/data/2051380/000121390026089130/ea0302041-8k_grabagun.htm
PEW,0002051380,2026-08-13 00:00:00,2026-08-13 16:22:19,8-K,False,https://www.sec.gov/Archives/edgar/data/2051380/000121390026089130/0001213900-26-089130-index.htm,https://www.sec.gov/Archives/edgar/data/2051380/000121390026089130/ea0302041-8k_grabagun.htm
LACQW,0001716947,2026-08-13 00:00:00,2026-08-13 16:20:20,8-K,True,https://www.sec.gov/Archives/edgar/data/1716947/000149315226037794/0001493152-26-037794-index.htm,https://www.sec.gov/Archives/edgar/data/1716947/000149315226037794/ex99-1.htm
LACQU,0001716947,2026-08-13 00:00:00,2026-08-13 16:20:20,8-K,True,https://www.sec.gov/Archives/edgar/data/1716947/000149315226037794/0001493152-26-037794-index.htm,https://www.sec.gov/Archives/edgar/data/1716947/000149315226037794/ex99-1.htm
ENSCW,0001716947,2026-08-13 00:00:00,2026-08-13 16:20:20,8-K,True,https://www.sec.gov/Archives/edgar/data/1716947/000149315226037794/0001493152-26-037794-index.htm,https://www.sec.gov/Archives/edgar/data/1716947/000149315226037794/ex99-1.htm
LACQ,0001716947,2026-08-13 00:00:00,2026-08-13 16:20:20,8-K,True,https://www.sec.gov/Archives/edgar/data/1716947/000149315226037794/0001493152-26-037794-index.htm,https://www.sec.gov/Archives/edgar/data/1716947/000149315226037794/ex99-1.htm
ENSC,0001716947,2026-08-13 00:00:00,2026-08-13 16:20:20,8-K,True,https://www.sec.gov/Archives/edgar/data/1716947/000149315226037794/0001493152-26-037794-index.htm,https://www.sec.gov/Archives/edgar/data/1716947/000149315226037794/ex99-1.htm
EDSA,0001540159,2026-08-13 00:00:00,2026-08-13 16:20:17,8-K,True,https://www.sec.gov/Archives/edgar/data/1540159/000117184326005499/0001171843-26-005499-index.htm,https://www.sec.gov/Archives/edgar/data/1540159/000117184326005499/exh_991.htm
KLC,0001873529,2026-08-13 00:00:00,2026-08-13 16:20:15,8-K,True,https://www.sec.gov/Archives/edgar/data/1873529/000119312526349267/0001193125-26-349267-index.htm,https://www.sec.gov/Archives/edgar/data/1873529/000119312526349267/klc-ex99_1.htm
LULU,0001397187,2026-08-13 00:00:00,2026-08-13 16:20:13,8-K,False,https://www.sec.gov/Archives/edgar/data/1397187/000139718726000120/0001397187-26-000120-index.htm,https://www.sec.gov/Archives/edgar/data/1397187/000139718726000120/lulu-20260813.htm
OXBRW,0001584831,2026-08-13 00:00:00,2026-08-13 16:19:55,8-K,True,https://www.sec.gov/Archives/edgar/data/1584831/000149315226037792/0001493152-26-037792-index.htm,https://www.sec.gov/Archives/edgar/data/1584831/000149315226037792/ex99-1.htm
OXBR,0001584831,2026-08-13 00:00:00,2026-08-13 16:19:55,8-K,True,https://www.sec.gov/Archives/edgar/data/1584831/000149315226037792/0001493152-26-037792-index.htm,https://www.sec.gov/Archives/edgar/data/1584831/000149315226037792/ex99-1.htm
VHNA,0001868640,2026-08-13 00:00:00,2026-08-13 16:19:04,8-K,True,https://www.sec.gov/Archives/edgar/data/1868640/000149315226037791/0001493152-26-037791-index.htm,https://www.sec.gov/Archives/edgar/data/1868640/000149315226037791/ex99-1.htm
VHNAW,0001868640,2026-08-13 00:00:00,2026-08-13 16:19:04,8-K,True,https://www.sec.gov/Archives/edgar/data/1868640/000149315226037791/0001493152-26-037791-index.htm,https://www.sec.gov/Archives/edgar/data/1868640/000149315226037791/ex99-1.htm
VHNAU,0001868640,2026-08-13 00:00:00,2026-08-13 16:19:04,8-K,True,https://www.sec.gov/Archives/edgar/data/1868640/000149315226037791/0001493152-26-037791-index.htm,https://www.sec.gov/Archives/edgar/data/1868640/000149315226037791/ex99-1.htm
RDZN,0001868640,2026-08-13 00:00:00,2026-08-13 16:19:04,8-K,True,https://www.sec.gov/Archives/edgar/data/1868640/000149315226037791/0001493152-26-037791-index.htm,https://www.sec.gov/Archives/edgar/data/1868640/000149315226037791/ex99-1.htm
ILMN,0001110803,2026-08-13 00:00:00,2026-08-13 16:18:46,8-K,False,https://www.sec.gov/Archives/edgar/data/1110803/000095015726000888/0000950157-26-000888-index.htm,https://www.sec.gov/Archives/edgar/data/1110803/000095015726000888/form8-k.htm
None,0001868878,2026-08-13 00:00:00,2026-08-13 16:18:25,8-K,False,https://www.sec.gov/Archives/edgar/data/1868878/000186887826000032/0001868878-26-000032-index.htm,https://www.sec.gov/Archives/edgar/data/1868878/000186887826000032/gdlc-20260813.htm
ELTP,0001053369,2026-08-13 00:00:00,2026-08-13 16:17:54,8-K,False,https://www.sec.gov/Archives/edgar/data/1053369/000149315226037787/0001493152-26-037787-index.htm,https://www.sec.gov/Archives/edgar/data/1053369/000149315226037787/form8-k.htm
NGAC,0001819493,2026-08-13 00:00:00,2026-08-13 16:17:50,8-K,True,https://www.sec.gov/Archives/edgar/data/1819493/000181949326000055/0001819493-26-000055-index.htm,https://www.sec.gov/Archives/edgar/data/1819493/000181949326000055/xos-ex99_1.htm
NGACU,0001819493,2026-08-13 00:00:00,2026-08-13 16:17:50,8-K,True,https://www.sec.gov/Archives/edgar/data/1819493/000181949326000055/0001819493-26-000055-index.htm,https://www.sec.gov/Archives/edgar/data/1819493/000181949326000055/xos-ex99_1.htm
XOS,0001819493,2026-08-13 00:00:00,2026-08-13 16:17:50,8-K,True,https://www.sec.gov/Archives/edgar/data/1819493/000181949326000055/0001819493-26-000055-index.htm,https://www.sec.gov/Archives/edgar/data/1819493/000181949326000055/xos-ex99_1.htm
XOSWW,0001819493,2026-08-13 00:00:00,2026-08-13 16:17:50,8-K,True,https://www.sec.gov/Archives/edgar/data/1819493/000181949326000055/0001819493-26-000055-index.htm,https://www.sec.gov/Archives/edgar/data/1819493/000181949326000055/xos-ex99_1.htm
TPH,0001561680,2026-08-13 00:00:00,2026-08-13 16:17:24,8-K,True,https://www.sec.gov/Archives/edgar/data/1561680/000156168026000035/0001561680-26-000035-index.htm,https://www.sec.gov/Archives/edgar/data/1561680/000156168026000035/tphex991q22026.htm
BZAIW,0001871638,2026-08-13 00:00:00,2026-08-13 16:17:14,8-K,True,https://www.sec.gov/Archives/edgar/data/1871638/000187163826000044/0001871638-26-000044-index.htm,https://www.sec.gov/Archives/edgar/data/1871638/000187163826000044/ex991-2026xq2pressrelease.htm
BZAI,0001871638,2026-08-13 00:00:00,2026-08-13 16:17:14,8-K,True,https://www.sec.gov/Archives/edgar/data/1871638/000187163826000044/0001871638-26-000044-index.htm,https://www.sec.gov/Archives/edgar/data/1871638/000187163826000044/ex991-2026xq2pressrelease.htm
PETS,0001040130,2026-08-13 00:00:00,2026-08-13 16:17:02,8-K,True,https://www.sec.gov/Archives/edgar/data/1040130/000104013026000040/0001040130-26-000040-index.htm,https://www.sec.gov/Archives/edgar/data/1040130/000104013026000040/pets-q12027xex991.htm
VERI,0001615165,2026-08-13 00:00:00,2026-08-13 16:16:40,8-K,True,https://www.sec.gov/Archives/edgar/data/1615165/000162828026056736/0001628280-26-056736-index.htm,https://www.sec.gov/Archives/edgar/data/1615165/000162828026056736/veriearningsreleaseq22026e.htm
FFAI,0001805521,2026-08-13 00:00:00,2026-08-13 16:16:37,8-K,True,https://www.sec.gov/Archives/edgar/data/1805521/000121390026089124/0001213900-26-089124-index.htm,https://www.sec.gov/Archives/edgar/data/1805521/000121390026089124/ea030205601ex99-1.htm
FFAIW,0001805521,2026-08-13 00:00:00,2026-08-13 16:16:37,8-K,True,https://www.sec.gov/Archives/edgar/data/1805521/000121390026089124/0001213900-26-089124-index.htm,https://www.sec.gov/Archives/edgar/data/1805521/000121390026089124/ea030205601ex99-1.htm
FFIE,0001805521,2026-08-13 00:00:00,2026-08-13 16:16:37,8-K,True,https://www.sec.gov/Archives/edgar/data/1805521/000121390026089124/0001213900-26-089124-index.htm,https://www.sec.gov/Archives/edgar/data/1805521/000121390026089124/ea030205601ex99-1.htm
FFIEW,0001805521,2026-08-13 00:00:00,2026-08-13 16:16:37,8-K,True,https://www.sec.gov/Archives/edgar/data/1805521/000121390026089124/0001213900-26-089124-index.htm,https://www.sec.gov/Archives/edgar/data/1805521/000121390026089124/ea030205601ex99-1.htm
PSACU,0001805521,2026-08-13 00:00:00,2026-08-13 16:16:37,8-K,True,https://www.sec.gov/Archives/edgar/data/1805521/000121390026089124/0001213900-26-089124-index.htm,https://www.sec.gov/Archives/edgar/data/1805521/000121390026089124/ea030205601ex99-1.htm
PSAC,0001805521,2026-08-13 00:00:00,2026-08-13 16:16:37,8-K,True,https://www.sec.gov/Archives/edgar/data/1805521/000121390026089124/0001213900-26-089124-index.htm,https://www.sec.gov/Archives/edgar/data/1805521/000121390026089124/ea030205601ex99-1.htm
BYD,0000906553,2026-08-13 00:00:00,2026-08-13 16:16:17,8-K,False,https://www.sec.gov/Archives/edgar/data/906553/000143774926027683/0001437749-26-027683-index.htm,https://www.sec.gov/Archives/edgar/data/906553/000143774926027683/bgc20260812_8k.htm
LTH,0001869198,2026-08-13 00:00:00,2026-08-13 16:16:14,8-K,True,https://www.sec.gov/Archives/edgar/data/1869198/000186919826000045/0001869198-26-000045-index.htm,https://www.sec.gov/Archives/edgar/data/1869198/000186919826000045/lifetime-sixteenthamendmen.htm
TPCS,0001328792,2026-08-13 00:00:00,2026-08-13 16:16:13,8-K,True,https://www.sec.gov/Archives/edgar/data/1328792/000110465926095939/0001104659-26-095939-index.htm,https://www.sec.gov/Archives/edgar/data/1328792/000110465926095939/tm2623163d1_ex99-1.htm
KULR,0001662684,2026-08-13 00:00:00,2026-08-13 16:16:09,8-K,False,https://www.sec.gov/Archives/edgar/data/1662684/000110465926095937/0001104659-26-095937-index.htm,https://www.sec.gov/Archives/edgar/data/1662684/000110465926095937/tm2623145d1_8k.htm
OSAT,0001058307,2026-08-13 00:00:00,2026-08-13 16:16:08,8-K,True,https://www.sec.gov/Archives/edgar/data/1058307/000143774926027680/0001437749-26-027680-index.htm,https://www.sec.gov/Archives/edgar/data/1058307/000143774926027680/ex_968076.htm
NXPL,0001058307,2026-08-13 00:00:00,2026-08-13 16:16:08,8-K,True,https://www.sec.gov/Archives/edgar/data/1058307/000143774926027680/0001437749-26-027680-index.htm,https://www.sec.gov/Archives/edgar/data/1058307/000143774926027680/ex_968076.htm
NXPLW,0001058307,2026-08-13 00:00:00,2026-08-13 16:16:08,8-K,True,https://www.sec.gov/Archives/edgar/data/1058307/000143774926027680/0001437749-26-027680-index.htm,https://www.sec.gov/Archives/edgar/data/1058307/000143774926027680/ex_968076.htm
ADUS,0001468328,2026-08-13 00:00:00,2026-08-13 16:16:07,8-K,False,https://www.sec.gov/Archives/edgar/data/1468328/000143774926027682/0001437749-26-027682-index.htm,https://www.sec.gov/Archives/edgar/data/1468328/000143774926027682/adus20260813_8k.htm
QXOBV,0001236275,2026-08-13 00:00:00,2026-08-13 16:16:03,8-K,True,https://www.sec.gov/Archives/edgar/data/1236275/000162828026056734/0001628280-26-056734-index.htm,https://www.sec.gov/Archives/edgar/data/1236275/000162828026056734/qxoq2-26earningsrelease.htm
SSNT,0001236275,2026-08-13 00:00:00,2026-08-13 16:16:03,8-K,True,https://www.sec.gov/Archives/edgar/data/1236275/000162828026056734/0001628280-26-056734-index.htm,https://www.sec.gov/Archives/edgar/data/1236275/000162828026056734/qxoq2-26earningsrelease.htm
QXO,0001236275,2026-08-13 00:00:00,2026-08-13 16:16:03,8-K,True,https://www.sec.gov/Archives/edgar/data/1236275/000162828026056734/0001628280-26-056734-index.htm,https://www.sec.gov/Archives/edgar/data/1236275/000162828026056734/qxoq2-26earningsrelease.htm
AMPG,0001518461,2026-08-13 00:00:00,2026-08-13 16:15:49,8-K,False,https://www.sec.gov/Archives/edgar/data/1518461/000149315226037776/0001493152-26-037776-index.htm,https://www.sec.gov/Archives/edgar/data/1518461/000149315226037776/form8-k.htm
AMPGW,0001518461,2026-08-13 00:00:00,2026-08-13 16:15:49,8-K,False,https://www.sec.gov/Archives/edgar/data/1518461/000149315226037776/0001493152-26-037776-index.htm,https://www.sec.gov/Archives/edgar/data/1518461/000149315226037776/form8-k.htm
SWMR,0002092574,2026-08-13 00:00:00,2026-08-13 16:15:47,8-K,True,https://www.sec.gov/Archives/edgar/data/2092574/000119312526349241/0001193125-26-349241-index.htm,https://www.sec.gov/Archives/edgar/data/2092574/000119312526349241/swmr-ex99_1.htm
None,0002080216,2026-08-13 00:00:00,2026-08-13 16:15:38,8-K,False,https://www.sec.gov/Archives/edgar/data/2080216/000119312526349238/0001193125-26-349238-index.htm,https://www.sec.gov/Archives/edgar/data/2080216/000119312526349238/d169182d8k.htm
AEMD,0000882291,2026-08-13 00:00:00,2026-08-13 16:15:36,8-K,False,https://www.sec.gov/Archives/edgar/data/882291/000168316826006344/0001683168-26-006344-index.htm,https://www.sec.gov/Archives/edgar/data/882291/000168316826006344/aethlon_8k.htm
IRTC,0001388658,2026-08-13 00:00:00,2026-08-13 16:15:35,8-K,False,https://www.sec.gov/Archives/edgar/data/1388658/000138865826000076/0001388658-26-000076-index.htm,https://www.sec.gov/Archives/edgar/data/1388658/000138865826000076/irtc-20260811.htm
MOBX,0001855467,2026-08-13 00:00:00,2026-08-13 16:15:30,8-K,False,https://www.sec.gov/Archives/edgar/data/1855467/000149315226037774/0001493152-26-037774-index.htm,https://www.sec.gov/Archives/edgar/data/1855467/000149315226037774/form8-k.htm
CLAYW,0001855467,2026-08-13 00:00:00,2026-08-13 16:15:30,8-K,False,https://www.sec.gov/Archives/edgar/data/1855467/000149315226037774/0001493152-26-037774-index.htm,https://www.sec.gov/Archives/edgar/data/1855467/000149315226037774/form8-k.htm
CLAYU,0001855467,2026-08-13 00:00:00,2026-08-13 16:15:30,8-K,False,https://www.sec.gov/Archives/edgar/data/1855467/000149315226037774/0001493152-26-037774-index.htm,https://www.sec.gov/Archives/edgar/data/1855467/000149315226037774/form8-k.htm
CLAY,0001855467,2026-08-13 00:00:00,2026-08-13 16:15:30,8-K,False,https://www.sec.gov/Archives/edgar/data/1855467/000149315226037774/0001493152-26-037774-index.htm,https://www.sec.gov/Archives/edgar/data/1855467/000149315226037774/form8-k.htm
MOBXW,0001855467,2026-08-13 00:00:00,2026-08-13 16:15:30,8-K,False,https://www.sec.gov/Archives/edgar/data/1855467/000149315226037774/0001493152-26-037774-index.htm,https://www.sec.gov/Archives/edgar/data/1855467/000149315226037774/form8-k.htm
FSK,0001422183,2026-08-13 00:00:00,2026-08-13 16:15:27,8-K,False,https://www.sec.gov/Archives/edgar/data/1422183/000110465926095932/0001104659-26-095932-index.htm,https://www.sec.gov/Archives/edgar/data/1422183/000110465926095932/tm2622981d1_8k.htm
ELUT,0001708527,2026-08-13 00:00:00,2026-08-13 16:15:24,8-K,True,https://www.sec.gov/Archives/edgar/data/1708527/000110465926095934/0001104659-26-095934-index.htm,https://www.sec.gov/Archives/edgar/data/1708527/000110465926095934/elut-20260813xex99d1.htm
AZYO,0001708527,2026-08-13 00:00:00,2026-08-13 16:15:24,8-K,True,https://www.sec.gov/Archives/edgar/data/1708527/000110465926095934/0001104659-26-095934-index.htm,https://www.sec.gov/Archives/edgar/data/1708527/000110465926095934/elut-20260813xex99d1.htm
FBIOP,0001429260,2026-08-13 00:00:00,2026-08-13 16:15:21,8-K,True,https://www.sec.gov/Archives/edgar/data/1429260/000110465926095931/0001104659-26-095931-index.htm,https://www.sec.gov/Archives/edgar/data/1429260/000110465926095931/fbio-20260813xex99d1.htm
FBIO,0001429260,2026-08-13 00:00:00,2026-08-13 16:15:21,8-K,True,https://www.sec.gov/Archives/edgar/data/1429260/000110465926095931/0001104659-26-095931-index.htm,https://www.sec.gov/Archives/edgar/data/1429260/000110465926095931/fbio-20260813xex99d1.htm
CELC,0001603454,2026-08-13 00:00:00,2026-08-13 16:15:17,8-K,True,https://www.sec.gov/Archives/edgar/data/1603454/000119312526349227/0001193125-26-349227-index.htm,https://www.sec.gov/Archives/edgar/data/1603454/000119312526349227/celc-ex99_1.htm
CIDM,0001173204,2026-08-13 00:00:00,2026-08-13 16:15:16,8-K,True,https://www.sec.gov/Archives/edgar/data/1173204/000119312526349221/0001193125-26-349221-index.htm,https://www.sec.gov/Archives/edgar/data/1173204/000119312526349221/cnvs-ex99_1.htm
PYYX,0000939930,2026-08-13 00:00:00,2026-08-13 16:15:07,8-K,False,https://www.sec.gov/Archives/edgar/data/939930/000093993026000039/0000939930-26-000039-index.htm,https://www.sec.gov/Archives/edgar/data/939930/000093993026000039/pyx-20260813.htm
None,0001859919,2026-08-13 00:00:00,2026-08-13 16:15:06,8-K,False,https://www.sec.gov/Archives/edgar/data/1859919/000185991926000073/0001859919-26-000073-index.htm,https://www.sec.gov/Archives/edgar/data/1859919/000185991926000073/bdc-20260813.htm
CBUS,0001705843,2026-08-13 00:00:00,2026-08-13 16:14:58,8-K,True,https://www.sec.gov/Archives/edgar/data/1705843/000162828026056731/0001628280-26-056731-index.htm,https://www.sec.gov/Archives/edgar/data/1705843/000162828026056731/cbus-20260630xpr.htm
CLXT,0001705843,2026-08-13 00:00:00,2026-08-13 16:14:58,8-K,True,https://www.sec.gov/Archives/edgar/data/1705843/000162828026056731/0001628280-26-056731-index.htm,https://www.sec.gov/Archives/edgar/data/1705843/000162828026056731/cbus-20260630xpr.htm
SRTS,0001494891,2026-08-13 00:00:00,2026-08-13 16:13:36,8-K,True,https://www.sec.gov/Archives/edgar/data/1494891/000175392626001479/0001753926-26-001479-index.htm,https://www.sec.gov/Archives/edgar/data/1494891/000175392626001479/g085863_ex99-1.htm
SSTI,0001351636,2026-08-13 00:00:00,2026-08-13 16:13:20,8-K,True,https://www.sec.gov/Archives/edgar/data/1351636/000119312526349212/0001193125-26-349212-index.htm,https://www.sec.gov/Archives/edgar/data/1351636/000119312526349212/ssti-ex99_1.htm
WYY,0001034760,2026-08-13 00:00:00,2026-08-13 16:12:57,8-K,False,https://www.sec.gov/Archives/edgar/data/1034760/000165495426007590/0001654954-26-007590-index.htm,https://www.sec.gov/Archives/edgar/data/1034760/000165495426007590/wyy_8k.htm
LBTYA,0001570585,2026-08-13 00:00:00,2026-08-13 16:12:32,8-K,False,https://www.sec.gov/Archives/edgar/data/1570585/000157058526000127/0001570585-26-000127-index.htm,https://www.sec.gov/Archives/edgar/data/1570585/000157058526000127/lbtya-20260813.htm
LBTYK,0001570585,2026-08-13 00:00:00,2026-08-13 16:12:32,8-K,False,https://www.sec.gov/Archives/edgar/data/1570585/000157058526000127/0001570585-26-000127-index.htm,https://www.sec.gov/Archives/edgar/data/1570585/000157058526000127/lbtya-20260813.htm
LBTYB,0001570585,2026-08-13 00:00:00,2026-08-13 16:12:32,8-K,False,https://www.sec.gov/Archives/edgar/data/1570585/000157058526000127/0001570585-26-000127-index.htm,https://www.sec.gov/Archives/edgar/data/1570585/000157058526000127/lbtya-20260813.htm
DDT,0000028917,2026-08-13 00:00:00,2026-08-13 16:11:50,8-K,True,https://www.sec.gov/Archives/edgar/data/28917/000002891726000024/0000028917-26-000024-index.htm,https://www.sec.gov/Archives/edgar/data/28917/000002891726000024/dds-20260813xex99d1.htm
DDS,0000028917,2026-08-13 00:00:00,2026-08-13 16:11:50,8-K,True,https://www.sec.gov/Archives/edgar/data/28917/000002891726000024/0000028917-26-000024-index.htm,https://www.sec.gov/Archives/edgar/data/28917/000002891726000024/dds-20260813xex99d1.htm
QSIAW,0001816431,2026-08-13 00:00:00,2026-08-13 16:11:45,8-K,True,https://www.sec.gov/Archives/edgar/data/1816431/000181643126000053/0001816431-26-000053-index.htm,https://www.sec.gov/Archives/edgar/data/1816431/000181643126000053/qsi8132026ex991.htm
QSI,0001816431,2026-08-13 00:00:00,2026-08-13 16:11:45,8-K,True,https://www.sec.gov/Archives/edgar/data/1816431/000181643126000053/0001816431-26-000053-index.htm,https://www.sec.gov/Archives/edgar/data/1816431/000181643126000053/qsi8132026ex991.htm
IDAI,0001718939,2026-08-13 00:00:00,2026-08-13 16:11:38,8-K,False,https://www.sec.gov/Archives/edgar/data/1718939/000171893926000054/0001718939-26-000054-index.htm,https://www.sec.gov/Archives/edgar/data/1718939/000171893926000054/idai-20260813.htm
ASMB,0001426800,2026-08-13 00:00:00,2026-08-13 16:11:18,8-K,True,https://www.sec.gov/Archives/edgar/data/1426800/000119312526349198/0001193125-26-349198-index.htm,https://www.sec.gov/Archives/edgar/data/1426800/000119312526349198/asmb-ex99_1.htm
RANI,0001856725,2026-08-13 00:00:00,2026-08-13 16:11:12,8-K,False,https://www.sec.gov/Archives/edgar/data/1856725/000119312526349197/0001193125-26-349197-index.htm,https://www.sec.gov/Archives/edgar/data/1856725/000119312526349197/rani-20260813.htm
IVVD,0001832038,2026-08-13 00:00:00,2026-08-13 16:11:08,8-K,True,https://www.sec.gov/Archives/edgar/data/1832038/000119312526349193/0001193125-26-349193-index.htm,https://www.sec.gov/Archives/edgar/data/1832038/000119312526349193/ivvd-ex99_1.htm
ADGI,0001832038,2026-08-13 00:00:00,2026-08-13 16:11:08,8-K,True,https://www.sec.gov/Archives/edgar/data/1832038/000119312526349193/0001193125-26-349193-index.htm,https://www.sec.gov/Archives/edgar/data/1832038/000119312526349193/ivvd-ex99_1.htm
ETON,0001710340,2026-08-13 00:00:00,2026-08-13 16:10:53,8-K,True,https://www.sec.gov/Archives/edgar/data/1710340/000143774926027672/0001437749-26-027672-index.htm,https://www.sec.gov/Archives/edgar/data/1710340/000143774926027672/ex_974033.htm
LSF,0001650696,2026-08-13 00:00:00,2026-08-13 16:10:48,8-K,True,https://www.sec.gov/Archives/edgar/data/1650696/000143774926027671/0001437749-26-027671-index.htm,https://www.sec.gov/Archives/edgar/data/1650696/000143774926027671/ex_996694.htm
RLI,0000084246,2026-08-13 00:00:00,2026-08-13 16:10:34,8-K,False,https://www.sec.gov/Archives/edgar/data/84246/000110465926095914/0001104659-26-095914-index.htm,https://www.sec.gov/Archives/edgar/data/84246/000110465926095914/rli-20260813x8k.htm
PEW,0002051380,2026-08-13 00:00:00,2026-08-13 16:10:33,8-K,True,https://www.sec.gov/Archives/edgar/data/2051380/000119312526349184/0001193125-26-349184-index.htm,https://www.sec.gov/Archives/edgar/data/2051380/000119312526349184/pew-ex99.htm
PEW-WT,0002051380,2026-08-13 00:00:00,2026-08-13 16:10:33,8-K,True,https://www.sec.gov/Archives/edgar/data/2051380/000119312526349184/0001193125-26-349184-index.htm,https://www.sec.gov/Archives/edgar/data/2051380/000119312526349184/pew-ex99.htm
AEYE,0001362190,2026-08-13 00:00:00,2026-08-13 16:10:33,8-K,True,https://www.sec.gov/Archives/edgar/data/1362190/000110465926095913/0001104659-26-095913-index.htm,https://www.sec.gov/Archives/edgar/data/1362190/000110465926095913/aeye-20260813xex99d1.htm
NXB,0002067767,2026-08-13 00:00:00,2026-08-13 16:10:27,8-K,True,https://www.sec.gov/Archives/edgar/data/2067767/000149315226037764/0001493152-26-037764-index.htm,https://www.sec.gov/Archives/edgar/data/2067767/000149315226037764/ex99-1.htm
EQ,0001746466,2026-08-13 00:00:00,2026-08-13 16:10:16,8-K,False,https://www.sec.gov/Archives/edgar/data/1746466/000119312526349182/0001193125-26-349182-index.htm,https://www.sec.gov/Archives/edgar/data/1746466/000119312526349182/eq-20260813.htm
INBX,0002007919,2026-08-13 00:00:00,2026-08-13 16:10:15,8-K,True,https://www.sec.gov/Archives/edgar/data/2007919/000200791926000044/0002007919-26-000044-index.htm,https://www.sec.gov/Archives/edgar/data/2007919/000200791926000044/exhibit99106302026.htm
RKDA,0001469443,2026-08-13 00:00:00,2026-08-13 16:10:12,8-K,True,https://www.sec.gov/Archives/edgar/data/1469443/000119312526349180/0001193125-26-349180-index.htm,https://www.sec.gov/Archives/edgar/data/1469443/000119312526349180/rkda-ex99_2.htm
GNSS,0000924383,2026-08-13 00:00:00,2026-08-13 16:10:09,8-K,True,https://www.sec.gov/Archives/edgar/data/924383/000119312526349179/0001193125-26-349179-index.htm,https://www.sec.gov/Archives/edgar/data/924383/000119312526349179/gnss-ex99_1.htm
IDN,0001040896,2026-08-13 00:00:00,2026-08-13 16:10:04,8-K,True,https://www.sec.gov/Archives/edgar/data/1040896/000104089626000034/0001040896-26-000034-index.htm,https://www.sec.gov/Archives/edgar/data/1040896/000104089626000034/idn_q22026pressrelease.htm
MRLN,0002028707,2026-08-13 00:00:00,2026-08-13 16:09:36,8-K,True,https://www.sec.gov/Archives/edgar/data/2028707/000162828026056712/0001628280-26-056712-index.htm,https://www.sec.gov/Archives/edgar/data/2028707/000162828026056712/merlininc8-kxex99181326.htm
BACQU,0002028707,2026-08-13 00:00:00,2026-08-13 16:09:36,8-K,True,https://www.sec.gov/Archives/edgar/data/2028707/000162828026056712/0001628280-26-056712-index.htm,https://www.sec.gov/Archives/edgar/data/2028707/000162828026056712/merlininc8-kxex99181326.htm
BACQR,0002028707,2026-08-13 00:00:00,2026-08-13 16:09:36,8-K,True,https://www.sec.gov/Archives/edgar/data/2028707/000162828026056712/0001628280-26-056712-index.htm,https://www.sec.gov/Archives/edgar/data/2028707/000162828026056712/merlininc8-kxex99181326.htm
BACQ,0002028707,2026-08-13 00:00:00,2026-08-13 16:09:36,8-K,True,https://www.sec.gov/Archives/edgar/data/2028707/000162828026056712/0001628280-26-056712-index.htm,https://www.sec.gov/Archives/edgar/data/2028707/000162828026056712/merlininc8-kxex99181326.htm
ELDN,0001404281,2026-08-13 00:00:00,2026-08-13 16:08:48,8-K,False,https://www.sec.gov/Archives/edgar/data/1404281/000119312526349170/0001193125-26-349170-index.htm,https://www.sec.gov/Archives/edgar/data/1404281/000119312526349170/eldn-20260813.htm
TKAI,0001404281,2026-08-13 00:00:00,2026-08-13 16:08:48,8-K,False,https://www.sec.gov/Archives/edgar/data/1404281/000119312526349170/0001193125-26-349170-index.htm,https://www.sec.gov/Archives/edgar/data/1404281/000119312526349170/eldn-20260813.htm
ATLO,0001132651,2026-08-13 00:00:00,2026-08-13 16:08:40,8-K,False,https://www.sec.gov/Archives/edgar/data/1132651/000143774926027669/0001437749-26-027669-index.htm,https://www.sec.gov/Archives/edgar/data/1132651/000143774926027669/atlo20260813_8k.htm
CRBU,0001619856,2026-08-13 00:00:00,2026-08-13 16:07:54,8-K,False,https://www.sec.gov/Archives/edgar/data/1619856/000161985626000053/0001619856-26-000053-index.htm,https://www.sec.gov/Archives/edgar/data/1619856/000161985626000053/crbu-20260813.htm
MGNX,0001125345,2026-08-13 00:00:00,2026-08-13 16:07:52,8-K,False,https://www.sec.gov/Archives/edgar/data/1125345/000112534526000054/0001125345-26-000054-index.htm,https://www.sec.gov/Archives/edgar/data/1125345/000112534526000054/mgnx-20260813.htm
ICCC,0000811641,2026-08-13 00:00:00,2026-08-13 16:07:45,8-K,False,https://www.sec.gov/Archives/edgar/data/811641/000143774926027667/0001437749-26-027667-index.htm,https://www.sec.gov/Archives/edgar/data/811641/000143774926027667/iccc20260808_8k.htm
WKHS,0001425287,2026-08-13 00:00:00,2026-08-13 16:07:45,8-K,True,https://www.sec.gov/Archives/edgar/data/1425287/000162828026056707/0001628280-26-056707-index.htm,https://www.sec.gov/Archives/edgar/data/1425287/000162828026056707/q22026earningspressrelease.htm
ALMS,0001847367,2026-08-13 00:00:00,2026-08-13 16:07:36,8-K,False,https://www.sec.gov/Archives/edgar/data/1847367/000184736726000016/0001847367-26-000016-index.htm,https://www.sec.gov/Archives/edgar/data/1847367/000184736726000016/alms-20260813x8k.htm
CAPR,0001133869,2026-08-13 00:00:00,2026-08-13 16:07:30,8-K,False,https://www.sec.gov/Archives/edgar/data/1133869/000110465926095908/0001104659-26-095908-index.htm,https://www.sec.gov/Archives/edgar/data/1133869/000110465926095908/capr-20260813x8k.htm
MFPVV,0002088281,2026-08-13 00:00:00,2026-08-13 16:07:23,8-K,True,https://www.sec.gov/Archives/edgar/data/2088281/000119312526349163/0001193125-26-349163-index.htm,https://www.sec.gov/Archives/edgar/data/2088281/000119312526349163/ck0002088281-ex99_1.htm
MFP,0002088281,2026-08-13 00:00:00,2026-08-13 16:07:23,8-K,True,https://www.sec.gov/Archives/edgar/data/2088281/000119312526349163/0001193125-26-349163-index.htm,https://www.sec.gov/Archives/edgar/data/2088281/000119312526349163/ck0002088281-ex99_1.htm
TSSI,0001320760,2026-08-13 00:00:00,2026-08-13 16:07:17,8-K,True,https://www.sec.gov/Archives/edgar/data/1320760/000165495426007587/0001654954-26-007587-index.htm,https://www.sec.gov/Archives/edgar/data/1320760/000165495426007587/tssi_ex991.htm
CV,0001378325,2026-08-13 00:00:00,2026-08-13 16:07:15,8-K,True,https://www.sec.gov/Archives/edgar/data/1378325/000137832526000035/0001378325-26-000035-index.htm,https://www.sec.gov/Archives/edgar/data/1378325/000137832526000035/cv-20260813xex991q22026ear.htm
None,0001956439,2026-08-13 00:00:00,2026-08-13 16:07:03,8-K,True,https://www.sec.gov/Archives/edgar/data/1956439/000162828026056706/0001628280-26-056706-index.htm,https://www.sec.gov/Archives/edgar/data/1956439/000162828026056706/exhibit991-pressrelease.htm
ARFXF,0001374339,2026-08-13 00:00:00,2026-08-13 16:07:03,8-K,False,https://www.sec.gov/Archives/edgar/data/1374339/000110465926095905/0001104659-26-095905-index.htm,https://www.sec.gov/Archives/edgar/data/1374339/000110465926095905/pmn-20260813x8k.htm
ARFXD,0001374339,2026-08-13 00:00:00,2026-08-13 16:07:03,8-K,False,https://www.sec.gov/Archives/edgar/data/1374339/000110465926095905/0001104659-26-095905-index.htm,https://www.sec.gov/Archives/edgar/data/1374339/000110465926095905/pmn-20260813x8k.htm
PMN,0001374339,2026-08-13 00:00:00,2026-08-13 16:07:03,8-K,False,https://www.sec.gov/Archives/edgar/data/1374339/000110465926095905/0001104659-26-095905-index.htm,https://www.sec.gov/Archives/edgar/data/1374339/000110465926095905/pmn-20260813x8k.htm
HQI,0001140102,2026-08-13 00:00:00,2026-08-13 16:06:59,8-K,False,https://www.sec.gov/Archives/edgar/data/1140102/000143774926027666/0001437749-26-027666-index.htm,https://www.sec.gov/Archives/edgar/data/1140102/000143774926027666/hqi20260813_8k.htm
YSS,0002086587,2026-08-13 00:00:00,2026-08-13 16:06:53,8-K,True,https://www.sec.gov/Archives/edgar/data/2086587/000162828026056704/0001628280-26-056704-index.htm,https://www.sec.gov/Archives/edgar/data/2086587/000162828026056704/pressreleaseq22026.htm
ANGN,0001601485,2026-08-13 00:00:00,2026-08-13 16:06:49,8-K,False,https://www.sec.gov/Archives/edgar/data/1601485/000160148526000055/0001601485-26-000055-index.htm,https://www.sec.gov/Archives/edgar/data/1601485/000160148526000055/eltx-20260813.htm
ELTX,0001601485,2026-08-13 00:00:00,2026-08-13 16:06:49,8-K,False,https://www.sec.gov/Archives/edgar/data/1601485/000160148526000055/0001601485-26-000055-index.htm,https://www.sec.gov/Archives/edgar/data/1601485/000160148526000055/eltx-20260813.htm
FDMT,0001650648,2026-08-13 00:00:00,2026-08-13 16:06:44,8-K,False,https://www.sec.gov/Archives/edgar/data/1650648/000119312526349160/0001193125-26-349160-index.htm,https://www.sec.gov/Archives/edgar/data/1650648/000119312526349160/fdmt-20260813.htm
PED,0001141197,2026-08-13 00:00:00,2026-08-13 16:06:41,8-K,True,https://www.sec.gov/Archives/edgar/data/1141197/000165495426007586/0001654954-26-007586-index.htm,https://www.sec.gov/Archives/edgar/data/1141197/000165495426007586/ped_ex991.htm
LAC,0001966983,2026-08-13 00:00:00,2026-08-13 16:06:37,8-K,False,https://www.sec.gov/Archives/edgar/data/1966983/000119312526349161/0001193125-26-349161-index.htm,https://www.sec.gov/Archives/edgar/data/1966983/000119312526349161/d131555d8k.htm
DUKH,0001326160,2026-08-13 00:00:00,2026-08-13 16:06:33,8-K,False,https://www.sec.gov/Archives/edgar/data/1326160/000110465926095903/0001104659-26-095903-index.htm,https://www.sec.gov/Archives/edgar/data/1326160/000110465926095903/tm2623082d1_8k.htm
DUK,0001326160,2026-08-13 00:00:00,2026-08-13 16:06:33,8-K,False,https://www.sec.gov/Archives/edgar/data/1326160/000110465926095903/0001104659-26-095903-index.htm,https://www.sec.gov/Archives/edgar/data/1326160/000110465926095903/tm2623082d1_8k.htm
DUK-PA,0001326160,2026-08-13 00:00:00,2026-08-13 16:06:33,8-K,False,https://www.sec.gov/Archives/edgar/data/1326160/000110465926095903/0001104659-26-095903-index.htm,https://www.sec.gov/Archives/edgar/data/1326160/000110465926095903/tm2623082d1_8k.htm
DUKB,0001326160,2026-08-13 00:00:00,2026-08-13 16:06:33,8-K,False,https://www.sec.gov/Archives/edgar/data/1326160/000110465926095903/0001104659-26-095903-index.htm,https://www.sec.gov/Archives/edgar/data/1326160/000110465926095903/tm2623082d1_8k.htm
NMAX,0002026478,2026-08-13 00:00:00,2026-08-13 16:06:24,8-K,True,https://www.sec.gov/Archives/edgar/data/2026478/000202647826000060/0002026478-26-000060-index.htm,https://www.sec.gov/Archives/edgar/data/2026478/000202647826000060/nmax_q22026earningsrelease.htm
MSAIW,0001863990,2026-08-13 00:00:00,2026-08-13 16:06:16,8-K,True,https://www.sec.gov/Archives/edgar/data/1863990/000110465926095901/0001104659-26-095901-index.htm,https://www.sec.gov/Archives/edgar/data/1863990/000110465926095901/msai-20260813xex99d1.htm
SMAPW,0001863990,2026-08-13 00:00:00,2026-08-13 16:06:16,8-K,True,https://www.sec.gov/Archives/edgar/data/1863990/000110465926095901/0001104659-26-095901-index.htm,https://www.sec.gov/Archives/edgar/data/1863990/000110465926095901/msai-20260813xex99d1.htm
SMAPU,0001863990,2026-08-13 00:00:00,2026-08-13 16:06:16,8-K,True,https://www.sec.gov/Archives/edgar/data/1863990/000110465926095901/0001104659-26-095901-index.htm,https://www.sec.gov/Archives/edgar/data/1863990/000110465926095901/msai-20260813xex99d1.htm
MSAI,0001863990,2026-08-13 00:00:00,2026-08-13 16:06:16,8-K,True,https://www.sec.gov/Archives/edgar/data/1863990/000110465926095901/0001104659-26-095901-index.htm,https://www.sec.gov/Archives/edgar/data/1863990/000110465926095901/msai-20260813xex99d1.htm
None,0001861123,2026-08-13 00:00:00,2026-08-13 16:06:11,8-K,False,https://www.sec.gov/Archives/edgar/data/1861123/000119312526349154/0001193125-26-349154-index.htm,https://www.sec.gov/Archives/edgar/data/1861123/000119312526349154/eikn-20260813.htm
OGS,0001587732,2026-08-13 00:00:00,2026-08-13 16:06:07,8-K,False,https://www.sec.gov/Archives/edgar/data/1587732/000119312526349155/0001193125-26-349155-index.htm,https://www.sec.gov/Archives/edgar/data/1587732/000119312526349155/d152660d8k.htm
SER,0001708599,2026-08-13 00:00:00,2026-08-13 16:05:58,8-K,True,https://www.sec.gov/Archives/edgar/data/1708599/000170859926000048/0001708599-26-000048-index.htm,https://www.sec.gov/Archives/edgar/data/1708599/000170859926000048/ser-20260813xex991_earning.htm
AGE,0001708599,2026-08-13 00:00:00,2026-08-13 16:05:58,8-K,True,https://www.sec.gov/Archives/edgar/data/1708599/000170859926000048/0001708599-26-000048-index.htm,https://www.sec.gov/Archives/edgar/data/1708599/000170859926000048/ser-20260813xex991_earning.htm
SGLY,0001422892,2026-08-13 00:00:00,2026-08-13 16:05:56,8-K,False,https://www.sec.gov/Archives/edgar/data/1422892/000121390026089086/0001213900-26-089086-index.htm,https://www.sec.gov/Archives/edgar/data/1422892/000121390026089086/ea0301820-8k_singularity.htm
SINO,0001422892,2026-08-13 00:00:00,2026-08-13 16:05:56,8-K,False,https://www.sec.gov/Archives/edgar/data/1422892/000121390026089086/0001213900-26-089086-index.htm,https://www.sec.gov/Archives/edgar/data/1422892/000121390026089086/ea0301820-8k_singularity.htm
None,0002119322,2026-08-13 00:00:00,2026-08-13 16:05:51,8-K,True,https://www.sec.gov/Archives/edgar/data/2119322/000143774926027662/0001437749-26-027662-index.htm,https://www.sec.gov/Archives/edgar/data/2119322/000143774926027662/ex_972586.htm
OMER,0001285819,2026-08-13 00:00:00,2026-08-13 16:05:44,8-K,False,https://www.sec.gov/Archives/edgar/data/1285819/000155278126000441/0001552781-26-000441-index.htm,https://www.sec.gov/Archives/edgar/data/1285819/000155278126000441/e26350_omer-8k.htm
SGLA,0001433551,2026-08-13 00:00:00,2026-08-13 16:05:35,8-K,False,https://www.sec.gov/Archives/edgar/data/1433551/000149315226037747/0001493152-26-037747-index.htm,https://www.sec.gov/Archives/edgar/data/1433551/000149315226037747/form8-k.htm
SGLAD,0001433551,2026-08-13 00:00:00,2026-08-13 16:05:35,8-K,False,https://www.sec.gov/Archives/edgar/data/1433551/000149315226037747/0001493152-26-037747-index.htm,https://www.sec.gov/Archives/edgar/data/1433551/000149315226037747/form8-k.htm
ITW,0000049826,2026-08-13 00:00:00,2026-08-13 16:05:32,8-K,False,https://www.sec.gov/Archives/edgar/data/49826/000119312526349149/0001193125-26-349149-index.htm,https://www.sec.gov/Archives/edgar/data/49826/000119312526349149/d23818d8k.htm
NNE,0001923891,2026-08-13 00:00:00,2026-08-13 16:05:30,8-K,False,https://www.sec.gov/Archives/edgar/data/1923891/000149315226037746/0001493152-26-037746-index.htm,https://www.sec.gov/Archives/edgar/data/1923891/000149315226037746/form8-k.htm
BLNE,0001534708,2026-08-13 00:00:00,2026-08-13 16:05:30,8-K,False,https://www.sec.gov/Archives/edgar/data/1534708/000149315226037744/0001493152-26-037744-index.htm,https://www.sec.gov/Archives/edgar/data/1534708/000149315226037744/form8-k.htm
EAST,0001534708,2026-08-13 00:00:00,2026-08-13 16:05:30,8-K,False,https://www.sec.gov/Archives/edgar/data/1534708/000149315226037744/0001493152-26-037744-index.htm,https://www.sec.gov/Archives/edgar/data/1534708/000149315226037744/form8-k.htm
BOF,0001962481,2026-08-13 00:00:00,2026-08-13 16:05:27,8-K,False,https://www.sec.gov/Archives/edgar/data/1962481/000149315226037745/0001493152-26-037745-index.htm,https://www.sec.gov/Archives/edgar/data/1962481/000149315226037745/form8-k.htm
EMAT,0001866226,2026-08-13 00:00:00,2026-08-13 16:05:21,8-K,False,https://www.sec.gov/Archives/edgar/data/1866226/000121390026089079/0001213900-26-089079-index.htm,https://www.sec.gov/Archives/edgar/data/1866226/000121390026089079/ea0302058-8k_evolution.htm
WTMA,0001866226,2026-08-13 00:00:00,2026-08-13 16:05:21,8-K,False,https://www.sec.gov/Archives/edgar/data/1866226/000121390026089079/0001213900-26-089079-index.htm,https://www.sec.gov/Archives/edgar/data/1866226/000121390026089079/ea0302058-8k_evolution.htm
WTMAU,0001866226,2026-08-13 00:00:00,2026-08-13 16:05:21,8-K,False,https://www.sec.gov/Archives/edgar/data/1866226/000121390026089079/0001213900-26-089079-index.htm,https://www.sec.gov/Archives/edgar/data/1866226/000121390026089079/ea0302058-8k_evolution.htm
WTMAR,0001866226,2026-08-13 00:00:00,2026-08-13 16:05:21,8-K,False,https://www.sec.gov/Archives/edgar/data/1866226/000121390026089079/0001213900-26-089079-index.htm,https://www.sec.gov/Archives/edgar/data/1866226/000121390026089079/ea0302058-8k_evolution.htm
ATEK,0001882198,2026-08-13 00:00:00,2026-08-13 16:05:20,8-K,False,https://www.sec.gov/Archives/edgar/data/1882198/000121390026089078/0001213900-26-089078-index.htm,https://www.sec.gov/Archives/edgar/data/1882198/000121390026089078/ea0301886-8k_athena2.htm
ATEK-UN,0001882198,2026-08-13 00:00:00,2026-08-13 16:05:20,8-K,False,https://www.sec.gov/Archives/edgar/data/1882198/000121390026089078/0001213900-26-089078-index.htm,https://www.sec.gov/Archives/edgar/data/1882198/000121390026089078/ea0301886-8k_athena2.htm
ATEK-WT,0001882198,2026-08-13 00:00:00,2026-08-13 16:05:20,8-K,False,https://www.sec.gov/Archives/edgar/data/1882198/000121390026089078/0001213900-26-089078-index.htm,https://www.sec.gov/Archives/edgar/data/1882198/000121390026089078/ea0301886-8k_athena2.htm
KYNB,0000921299,2026-08-13 00:00:00,2026-08-13 16:05:16,8-K,True,https://www.sec.gov/Archives/edgar/data/921299/000119312526349141/0001193125-26-349141-index.htm,https://www.sec.gov/Archives/edgar/data/921299/000119312526349141/kynb-ex99_1.htm
FGEN,0000921299,2026-08-13 00:00:00,2026-08-13 16:05:16,8-K,True,https://www.sec.gov/Archives/edgar/data/921299/000119312526349141/0001193125-26-349141-index.htm,https://www.sec.gov/Archives/edgar/data/921299/000119312526349141/kynb-ex99_1.htm
PH,0000076334,2026-08-13 00:00:00,2026-08-13 16:05:15,8-K,False,https://www.sec.gov/Archives/edgar/data/76334/000119312526349148/0001193125-26-349148-index.htm,https://www.sec.gov/Archives/edgar/data/76334/000119312526349148/d105152d8k.htm
JCAP,0002046042,2026-08-13 00:00:00,2026-08-13 16:05:12,8-K,True,https://www.sec.gov/Archives/edgar/data/2046042/000110465926095891/0001104659-26-095891-index.htm,https://www.sec.gov/Archives/edgar/data/2046042/000110465926095891/jcap-20260813xex99d1.htm
ZSPC,0001637147,2026-08-13 00:00:00,2026-08-13 16:05:11,8-K,True,https://www.sec.gov/Archives/edgar/data/1637147/000110465926095890/0001104659-26-095890-index.htm,https://www.sec.gov/Archives/edgar/data/1637147/000110465926095890/zspc-20260813xex99d1.htm
TDOC,0001477449,2026-08-13 00:00:00,2026-08-13 16:05:07,8-K,False,https://www.sec.gov/Archives/edgar/data/1477449/000147744926000042/0001477449-26-000042-index.htm,https://www.sec.gov/Archives/edgar/data/1477449/000147744926000042/tdoc-20260810.htm
None,0001750704,2026-08-13 00:00:00,2026-08-13 16:05:06,8-K,True,https://www.sec.gov/Archives/edgar/data/1750704/000175070426000018/0001750704-26-000018-index.htm,https://www.sec.gov/Archives/edgar/data/1750704/000175070426000018/exhibit991-earningsrelease.htm
CVSI,0001510964,2026-08-13 00:00:00,2026-08-13 16:04:52,8-K,True,https://www.sec.gov/Archives/edgar/data/1510964/000119312526349136/0001193125-26-349136-index.htm,https://www.sec.gov/Archives/edgar/data/1510964/000119312526349136/cvsi-ex99_1.htm
None,0002035832,2026-08-13 00:00:00,2026-08-13 16:04:16,8-K,False,https://www.sec.gov/Archives/edgar/data/2035832/000119312526349133/0001193125-26-349133-index.htm,https://www.sec.gov/Archives/edgar/data/2035832/000119312526349133/ck0002035832-20260813.htm
AGGI,0001109262,2026-08-13 00:00:00,2026-08-13 16:04:05,8-K,False,https://www.sec.gov/Archives/edgar/data/1109262/000168316826006338/0001683168-26-006338-index.htm,https://www.sec.gov/Archives/edgar/data/1109262/000168316826006338/bili_8k.htm
BSCL,0001109262,2026-08-13 00:00:00,2026-08-13 16:04:05,8-K,False,https://www.sec.gov/Archives/edgar/data/1109262/000168316826006338/0001683168-26-006338-index.htm,https://www.sec.gov/Archives/edgar/data/1109262/000168316826006338/bili_8k.htm
AGGID,0001109262,2026-08-13 00:00:00,2026-08-13 16:04:05,8-K,False,https://www.sec.gov/Archives/edgar/data/1109262/000168316826006338/0001683168-26-006338-index.htm,https://www.sec.gov/Archives/edgar/data/1109262/000168316826006338/bili_8k.htm
AMAT,0000006951,2026-08-13 00:00:00,2026-08-13 16:03:36,8-K,True,https://www.sec.gov/Archives/edgar/data/6951/000162828026056699/0001628280-26-056699-index.htm,https://www.sec.gov/Archives/edgar/data/6951/000162828026056699/exhibit991q32026earningsre.htm
CODX,0001692415,2026-08-13 00:00:00,2026-08-13 16:03:21,8-K,True,https://www.sec.gov/Archives/edgar/data/1692415/000149315226037739/0001493152-26-037739-index.htm,https://www.sec.gov/Archives/edgar/data/1692415/000149315226037739/ex99-1.htm
SPRY,0001671858,2026-08-13 00:00:00,2026-08-13 16:03:18,8-K,True,https://www.sec.gov/Archives/edgar/data/1671858/000119312526349127/0001193125-26-349127-index.htm,https://www.sec.gov/Archives/edgar/data/1671858/000119312526349127/spry-ex99_1.htm
SBTX,0001671858,2026-08-13 00:00:00,2026-08-13 16:03:18,8-K,True,https://www.sec.gov/Archives/edgar/data/1671858/000119312526349127/0001193125-26-349127-index.htm,https://www.sec.gov/Archives/edgar/data/1671858/000119312526349127/spry-ex99_1.htm
SLXN,0002022416,2026-08-13 00:00:00,2026-08-13 16:02:40,8-K,False,https://www.sec.gov/Archives/edgar/data/2022416/000117891326004122/0001178913-26-004122-index.htm,https://www.sec.gov/Archives/edgar/data/2022416/000117891326004122/zk2635949.htm
SLXNW,0002022416,2026-08-13 00:00:00,2026-08-13 16:02:40,8-K,False,https://www.sec.gov/Archives/edgar/data/2022416/000117891326004122/0001178913-26-004122-index.htm,https://www.sec.gov/Archives/edgar/data/2022416/000117891326004122/zk2635949.htm
TMC,0001798562,2026-08-13 00:00:00,2026-08-13 16:02:38,8-K,True,https://www.sec.gov/Archives/edgar/data/1798562/000110465926095883/0001104659-26-095883-index.htm,https://www.sec.gov/Archives/edgar/data/1798562/000110465926095883/tm2623094d1_ex99-1.htm
TMCWW,0001798562,2026-08-13 00:00:00,2026-08-13 16:02:38,8-K,True,https://www.sec.gov/Archives/edgar/data/1798562/000110465926095883/0001104659-26-095883-index.htm,https://www.sec.gov/Archives/edgar/data/1798562/000110465926095883/tm2623094d1_ex99-1.htm
SOAC-UN,0001798562,2026-08-13 00:00:00,2026-08-13 16:02:38,8-K,True,https://www.sec.gov/Archives/edgar/data/1798562/000110465926095883/0001104659-26-095883-index.htm,https://www.sec.gov/Archives/edgar/data/1798562/000110465926095883/tm2623094d1_ex99-1.htm
SOAC,0001798562,2026-08-13 00:00:00,2026-08-13 16:02:38,8-K,True,https://www.sec.gov/Archives/edgar/data/1798562/000110465926095883/0001104659-26-095883-index.htm,https://www.sec.gov/Archives/edgar/data/1798562/000110465926095883/tm2623094d1_ex99-1.htm
SMSI,0000948708,2026-08-13 00:00:00,2026-08-13 16:02:35,8-K,True,https://www.sec.gov/Archives/edgar/data/948708/000143774926027656/0001437749-26-027656-index.htm,https://www.sec.gov/Archives/edgar/data/948708/000143774926027656/ex_979029.htm
HTFL,0001464521,2026-08-13 00:00:00,2026-08-13 16:02:24,8-K,True,https://www.sec.gov/Archives/edgar/data/1464521/000146452126000129/0001464521-26-000129-index.htm,https://www.sec.gov/Archives/edgar/data/1464521/000146452126000129/htfl-20260813xex99_1.htm
CLTX,0001541157,2026-08-13 00:00:00,2026-08-13 16:02:20,8-K,False,https://www.sec.gov/Archives/edgar/data/1541157/000149315226037736/0001493152-26-037736-index.htm,https://www.sec.gov/Archives/edgar/data/1541157/000149315226037736/form8-k.htm
AKTX,0001541157,2026-08-13 00:00:00,2026-08-13 16:02:20,8-K,False,https://www.sec.gov/Archives/edgar/data/1541157/000149315226037736/0001493152-26-037736-index.htm,https://www.sec.gov/Archives/edgar/data/1541157/000149315226037736/form8-k.htm
DARE,0001401914,2026-08-13 00:00:00,2026-08-13 16:02:19,8-K,False,https://www.sec.gov/Archives/edgar/data/1401914/000149315226037737/0001493152-26-037737-index.htm,https://www.sec.gov/Archives/edgar/data/1401914/000149315226037737/form8-k.htm
CERU,0001401914,2026-08-13 00:00:00,2026-08-13 16:02:19,8-K,False,https://www.sec.gov/Archives/edgar/data/1401914/000149315226037737/0001493152-26-037737-index.htm,https://www.sec.gov/Archives/edgar/data/1401914/000149315226037737/form8-k.htm
GOSS,0001728117,2026-08-13 00:00:00,2026-08-13 16:02:19,8-K,True,https://www.sec.gov/Archives/edgar/data/1728117/000172811726000073/0001728117-26-000073-index.htm,https://www.sec.gov/Archives/edgar/data/1728117/000172811726000073/goss-20260813xexx991xearni.htm
EDAP,0001041934,2026-08-13 00:00:00,2026-08-13 16:02:17,8-K,True,https://www.sec.gov/Archives/edgar/data/1041934/000117184326005498/0001171843-26-005498-index.htm,https://www.sec.gov/Archives/edgar/data/1041934/000117184326005498/exh_991.htm
NUTX,0001479681,2026-08-13 00:00:00,2026-08-13 16:01:31,8-K,False,https://www.sec.gov/Archives/edgar/data/1479681/000162828026056696/0001628280-26-056696-index.htm,https://www.sec.gov/Archives/edgar/data/1479681/000162828026056696/nutx-20260811.htm
CLNH,0001479681,2026-08-13 00:00:00,2026-08-13 16:01:31,8-K,False,https://www.sec.gov/Archives/edgar/data/1479681/000162828026056696/0001628280-26-056696-index.htm,https://www.sec.gov/Archives/edgar/data/1479681/000162828026056696/nutx-20260811.htm
SLNH,0000064463,2026-08-13 00:00:00,2026-08-13 16:01:18,8-K,True,https://www.sec.gov/Archives/edgar/data/64463/000149315226037734/0001493152-26-037734-index.htm,https://www.sec.gov/Archives/edgar/data/64463/000149315226037734/ex99-1.htm
SLNHP,0000064463,2026-08-13 00:00:00,2026-08-13 16:01:18,8-K,True,https://www.sec.gov/Archives/edgar/data/64463/000149315226037734/0001493152-26-037734-index.htm,https://www.sec.gov/Archives/edgar/data/64463/000149315226037734/ex99-1.htm
MKTY,0000064463,2026-08-13 00:00:00,2026-08-13 16:01:18,8-K,True,https://www.sec.gov/Archives/edgar/data/64463/000149315226037734/0001493152-26-037734-index.htm,https://www.sec.gov/Archives/edgar/data/64463/000149315226037734/ex99-1.htm
None,0002134183,2026-08-13 00:00:00,2026-08-13 16:00:57,8-K,True,https://www.sec.gov/Archives/edgar/data/2134183/000119312526349114/0001193125-26-349114-index.htm,https://www.sec.gov/Archives/edgar/data/2134183/000119312526349114/d101885dex991.htm
BAFN,0001649739,2026-08-13 00:00:00,2026-08-13 16:00:39,8-K,True,https://www.sec.gov/Archives/edgar/data/1649739/000164973926000058/0001649739-26-000058-index.htm,https://www.sec.gov/Archives/edgar/data/1649739/000164973926000058/bayfirstq22026earningsrele.htm
KOD,0001468748,2026-08-13 00:00:00,2026-08-13 16:00:18,8-K,False,https://www.sec.gov/Archives/edgar/data/1468748/000119312526349107/0001193125-26-349107-index.htm,https://www.sec.gov/Archives/edgar/data/1468748/000119312526349107/kod-20260813.htm
None,0001720286,2026-08-13 00:00:00,2026-08-13 15:47:52,8-K,False,https://www.sec.gov/Archives/edgar/data/1720286/000158064226005261/0001580642-26-005261-index.htm,https://www.sec.gov/Archives/edgar/data/1720286/000158064226005261/internetsciences_8k.htm
None,0001727255,2026-08-13 00:00:00,2026-08-13 15:47:07,8-K,False,https://www.sec.gov/Archives/edgar/data/1727255/000168316826006334/0001683168-26-006334-index.htm,https://www.sec.gov/Archives/edgar/data/1727255/000168316826006334/chilean_8k.htm
None,0001331463,2026-08-13 00:00:00,2026-08-13 14:49:51,8-K,False,https://www.sec.gov/Archives/edgar/data/1331463/000133146326000160/0001331463-26-000160-index.htm,https://www.sec.gov/Archives/edgar/data/1331463/000133146326000160/fhlbbost-20260811.htm
ESSI,0001490873,2026-08-13 00:00:00,2026-08-13 14:27:52,8-K,False,https://www.sec.gov/Archives/edgar/data/1490873/000147793226004974/0001477932-26-004974-index.htm,https://www.sec.gov/Archives/edgar/data/1490873/000147793226004974/essi_8k.htm
None,0001325814,2026-08-13 00:00:00,2026-08-13 13:51:38,8-K,False,https://www.sec.gov/Archives/edgar/data/1325814/000132581426000126/0001325814-26-000126-index.htm,https://www.sec.gov/Archives/edgar/data/1325814/000132581426000126/fhlbdm-20260810.htm
VSTD,0001898604,2026-08-13 00:00:00,2026-08-13 12:48:36,8-K,False,https://www.sec.gov/Archives/edgar/data/1898604/000149315226037659/0001493152-26-037659-index.htm,https://www.sec.gov/Archives/edgar/data/1898604/000149315226037659/form8-k.htm
YOSH,0001898604,2026-08-13 00:00:00,2026-08-13 12:48:36,8-K,False,https://www.sec.gov/Archives/edgar/data/1898604/000149315226037659/0001493152-26-037659-index.htm,https://www.sec.gov/Archives/edgar/data/1898604/000149315226037659/form8-k.htm
None,0002142914,2026-08-13 00:00:00,2026-08-13 12:45:50,8-K,False,https://www.sec.gov/Archives/edgar/data/2142914/000119312526348547/0001193125-26-348547-index.htm,https://www.sec.gov/Archives/edgar/data/1631055/000119312526348547/d164829d8k.htm
None,0001631055,2026-08-13 00:00:00,2026-08-13 12:45:50,8-K,False,https://www.sec.gov/Archives/edgar/data/1631055/000119312526348547/0001193125-26-348547-index.htm,https://www.sec.gov/Archives/edgar/data/1631055/000119312526348547/d164829d8k.htm
AMS,0000744825,2026-08-13 00:00:00,2026-08-13 12:44:14,8-K,False,https://www.sec.gov/Archives/edgar/data/744825/000143774926027549/0001437749-26-027549-index.htm,https://www.sec.gov/Archives/edgar/data/744825/000143774926027549/asha20260812_8k.htm
None,0002033615,2026-08-13 00:00:00,2026-08-13 12:18:01,8-K,False,https://www.sec.gov/Archives/edgar/data/2033615/000092708926000148/0000927089-26-000148-index.htm,https://www.sec.gov/Archives/edgar/data/2033615/000092708926000148/mban20260813_8k.htm
None,0001316944,2026-08-13 00:00:00,2026-08-13 12:12:57,8-K,False,https://www.sec.gov/Archives/edgar/data/1316944/000131694426000138/0001316944-26-000138-index.htm,https://www.sec.gov/Archives/edgar/data/1316944/000131694426000138/fhlbsf-20260810.htm
None,0001326771,2026-08-13 00:00:00,2026-08-13 11:36:45,8-K,False,https://www.sec.gov/Archives/edgar/data/1326771/000132677126000135/0001326771-26-000135-index.htm,https://www.sec.gov/Archives/edgar/data/1326771/000132677126000135/fhlbcin-20260810.htm
None,0001314152,2026-08-13 00:00:00,2026-08-13 11:33:26,8-K,False,https://www.sec.gov/Archives/edgar/data/1314152/000131415226000156/0001314152-26-000156-index.htm,https://www.sec.gov/Archives/edgar/data/1314152/000131415226000156/jllip-20260812.htm
None,0001331451,2026-08-13 00:00:00,2026-08-13 11:30:20,8-K,False,https://www.sec.gov/Archives/edgar/data/1331451/000133145126000152/0001331451-26-000152-index.htm,https://www.sec.gov/Archives/edgar/data/1331451/000133145126000152/fhlbc-20260810.htm
ELC,0001348952,2026-08-13 00:00:00,2026-08-13 10:51:41,8-K,False,https://www.sec.gov/Archives/edgar/data/1348952/000119312526348222/0001193125-26-348222-index.htm,https://www.sec.gov/Archives/edgar/data/1348952/000119312526348222/d139037d8k.htm
None,0000038009,2026-08-13 00:00:00,2026-08-13 10:37:11,8-K,False,https://www.sec.gov/Archives/edgar/data/38009/000003800926000052/0000038009-26-000052-index.htm,https://www.sec.gov/Archives/edgar/data/38009/000003800926000052/fmcc-20260813.htm
AAON,0000824142,2026-08-13 00:00:00,2026-08-13 10:31:51,8-K,False,https://www.sec.gov/Archives/edgar/data/824142/000082414226000057/0000824142-26-000057-index.htm,https://www.sec.gov/Archives/edgar/data/824142/000082414226000057/aaon-20260812.htm
None,0001325878,2026-08-13 00:00:00,2026-08-13 10:05:55,8-K,False,https://www.sec.gov/Archives/edgar/data/1325878/000132587826000163/0001325878-26-000163-index.htm,https://www.sec.gov/Archives/edgar/data/1325878/000132587826000163/fhlbt-20260811.htm
FXNC,0000719402,2026-08-13 00:00:00,2026-08-13 10:05:44,8-K,False,https://www.sec.gov/Archives/edgar/data/719402/000143774926027512/0001437749-26-027512-index.htm,https://www.sec.gov/Archives/edgar/data/719402/000143774926027512/fxnc20260811_8k.htm
None,0001331757,2026-08-13 00:00:00,2026-08-13 10:05:33,8-K,False,https://www.sec.gov/Archives/edgar/data/1331757/000133175726000148/0001331757-26-000148-index.htm,https://www.sec.gov/Archives/edgar/data/1331757/000133175726000148/fhlbd-20260811.htm
DBGI,0001668010,2026-08-13 00:00:00,2026-08-13 10:00:14,8-K,False,https://www.sec.gov/Archives/edgar/data/1668010/000149315226037622/0001493152-26-037622-index.htm,https://www.sec.gov/Archives/edgar/data/1668010/000149315226037622/form8-k.htm
DBGIW,0001668010,2026-08-13 00:00:00,2026-08-13 10:00:14,8-K,False,https://www.sec.gov/Archives/edgar/data/1668010/000149315226037622/0001493152-26-037622-index.htm,https://www.sec.gov/Archives/edgar/data/1668010/000149315226037622/form8-k.htm
EPSN,0001726126,2026-08-13 00:00:00,2026-08-13 09:54:19,8-K,False,https://www.sec.gov/Archives/edgar/data/1726126/000110465926095564/0001104659-26-095564-index.htm,https://www.sec.gov/Archives/edgar/data/1726126/000110465926095564/epsn-20260813x8k.htm
AIT,0000109563,2026-08-13 00:00:00,2026-08-13 09:46:12,8-K,True,https://www.sec.gov/Archives/edgar/data/109563/000010956326000031/0000109563-26-000031-index.htm,https://www.sec.gov/Archives/edgar/data/109563/000010956326000031/a8k8132026releaseexhibit991.htm
SCTC,0001577445,2026-08-13 00:00:00,2026-08-13 09:27:33,8-K,True,https://www.sec.gov/Archives/edgar/data/1577445/000149315226037619/0001493152-26-037619-index.htm,https://www.sec.gov/Archives/edgar/data/1577445/000149315226037619/ex99-1.htm
ODYS,0001577445,2026-08-13 00:00:00,2026-08-13 09:27:33,8-K,True,https://www.sec.gov/Archives/edgar/data/1577445/000149315226037619/0001493152-26-037619-index.htm,https://www.sec.gov/Archives/edgar/data/1577445/000149315226037619/ex99-1.htm
CYTK,0001061983,2026-08-13 00:00:00,2026-08-13 09:25:17,8-K,False,https://www.sec.gov/Archives/edgar/data/1061983/000119312526348060/0001193125-26-348060-index.htm,https://www.sec.gov/Archives/edgar/data/1061983/000119312526348060/cytk-20260813.htm
IPWR,0001507957,2026-08-13 00:00:00,2026-08-13 09:25:11,8-K,False,https://www.sec.gov/Archives/edgar/data/1507957/000143774926027505/0001437749-26-027505-index.htm,https://www.sec.gov/Archives/edgar/data/1507957/000143774926027505/ipwr20260810_8k.htm
BTBT,0001710350,2026-08-13 00:00:00,2026-08-13 09:24:55,8-K,False,https://www.sec.gov/Archives/edgar/data/1710350/000121390026088768/0001213900-26-088768-index.htm,https://www.sec.gov/Archives/edgar/data/1710350/000121390026088768/ea0301811-8k_bitdigital.htm
ISSC,0000836690,2026-08-13 00:00:00,2026-08-13 09:23:49,8-K,True,https://www.sec.gov/Archives/edgar/data/836690/000110465926095548/0001104659-26-095548-index.htm,https://www.sec.gov/Archives/edgar/data/836690/000110465926095548/tm2623046d1_ex99-1.htm
UHID,0000352915,2026-08-13 00:00:00,2026-08-13 09:23:03,8-K,False,https://www.sec.gov/Archives/edgar/data/352915/000119312526348057/0001193125-26-348057-index.htm,https://www.sec.gov/Archives/edgar/data/352915/000119312526348057/d177070d8k.htm
UHS,0000352915,2026-08-13 00:00:00,2026-08-13 09:23:03,8-K,False,https://www.sec.gov/Archives/edgar/data/352915/000119312526348057/0001193125-26-348057-index.htm,https://www.sec.gov/Archives/edgar/data/352915/000119312526348057/d177070d8k.htm
None,0000107833,2026-08-13 00:00:00,2026-08-13 09:21:05,8-K,False,https://www.sec.gov/Archives/edgar/data/107833/000110465926095547/0001104659-26-095547-index.htm,https://www.sec.gov/Archives/edgar/data/107833/000110465926095547/tm2622231d4_8k.htm
CNTM,0001895249,2026-08-13 00:00:00,2026-08-13 09:20:34,8-K,False,https://www.sec.gov/Archives/edgar/data/1895249/000110465926095546/0001104659-26-095546-index.htm,https://www.sec.gov/Archives/edgar/data/1895249/000110465926095546/tm2622942d1_8k.htm
MCAC,0001895249,2026-08-13 00:00:00,2026-08-13 09:20:34,8-K,False,https://www.sec.gov/Archives/edgar/data/1895249/000110465926095546/0001104659-26-095546-index.htm,https://www.sec.gov/Archives/edgar/data/1895249/000110465926095546/tm2622942d1_8k.htm
MCACU,0001895249,2026-08-13 00:00:00,2026-08-13 09:20:34,8-K,False,https://www.sec.gov/Archives/edgar/data/1895249/000110465926095546/0001104659-26-095546-index.htm,https://www.sec.gov/Archives/edgar/data/1895249/000110465926095546/tm2622942d1_8k.htm
MCACW,0001895249,2026-08-13 00:00:00,2026-08-13 09:20:34,8-K,False,https://www.sec.gov/Archives/edgar/data/1895249/000110465926095546/0001104659-26-095546-index.htm,https://www.sec.gov/Archives/edgar/data/1895249/000110465926095546/tm2622942d1_8k.htm
MCACR,0001895249,2026-08-13 00:00:00,2026-08-13 09:20:34,8-K,False,https://www.sec.gov/Archives/edgar/data/1895249/000110465926095546/0001104659-26-095546-index.htm,https://www.sec.gov/Archives/edgar/data/1895249/000110465926095546/tm2622942d1_8k.htm
None,0001330399,2026-08-13 00:00:00,2026-08-13 09:20:01,8-K,False,https://www.sec.gov/Archives/edgar/data/1330399/000133039926000097/0001330399-26-000097-index.htm,https://www.sec.gov/Archives/edgar/data/1330399/000133039926000097/ck0001330399-20260810.htm
BANR,0000946673,2026-08-13 00:00:00,2026-08-13 09:17:40,8-K,False,https://www.sec.gov/Archives/edgar/data/946673/000094667326000176/0000946673-26-000176-index.htm,https://www.sec.gov/Archives/edgar/data/946673/000094667326000176/banr-20260811.htm
WBI,0002064947,2026-08-13 00:00:00,2026-08-13 09:17:01,8-K,False,https://www.sec.gov/Archives/edgar/data/2064947/000119312526348048/0001193125-26-348048-index.htm,https://www.sec.gov/Archives/edgar/data/2064947/000119312526348048/d135161d8k.htm
FFAIW,0001805521,2026-08-13 00:00:00,2026-08-13 09:15:14,8-K,False,https://www.sec.gov/Archives/edgar/data/1805521/000121390026088759/0001213900-26-088759-index.htm,https://www.sec.gov/Archives/edgar/data/1805521/000121390026088759/ea0301841-8k_faraday.htm
FFIE,0001805521,2026-08-13 00:00:00,2026-08-13 09:15:14,8-K,False,https://www.sec.gov/Archives/edgar/data/1805521/000121390026088759/0001213900-26-088759-index.htm,https://www.sec.gov/Archives/edgar/data/1805521/000121390026088759/ea0301841-8k_faraday.htm
FFAI,0001805521,2026-08-13 00:00:00,2026-08-13 09:15:14,8-K,False,https://www.sec.gov/Archives/edgar/data/1805521/000121390026088759/0001213900-26-088759-index.htm,https://www.sec.gov/Archives/edgar/data/1805521/000121390026088759/ea0301841-8k_faraday.htm
FFIEW,0001805521,2026-08-13 00:00:00,2026-08-13 09:15:14,8-K,False,https://www.sec.gov/Archives/edgar/data/1805521/000121390026088759/0001213900-26-088759-index.htm,https://www.sec.gov/Archives/edgar/data/1805521/000121390026088759/ea0301841-8k_faraday.htm
PSACU,0001805521,2026-08-13 00:00:00,2026-08-13 09:15:14,8-K,False,https://www.sec.gov/Archives/edgar/data/1805521/000121390026088759/0001213900-26-088759-index.htm,https://www.sec.gov/Archives/edgar/data/1805521/000121390026088759/ea0301841-8k_faraday.htm
PSAC,0001805521,2026-08-13 00:00:00,2026-08-13 09:15:14,8-K,False,https://www.sec.gov/Archives/edgar/data/1805521/000121390026088759/0001213900-26-088759-index.htm,https://www.sec.gov/Archives/edgar/data/1805521/000121390026088759/ea0301841-8k_faraday.htm
ADCT,0001771910,2026-08-13 00:00:00,2026-08-13 09:14:34,8-K,True,https://www.sec.gov/Archives/edgar/data/1771910/000095010326012287/0000950103-26-012287-index.htm,https://www.sec.gov/Archives/edgar/data/1771910/000095010326012287/dp251718_ex9901.htm
LIVE,0001045742,2026-08-13 00:00:00,2026-08-13 09:09:46,8-K,False,https://www.sec.gov/Archives/edgar/data/1045742/000143774926027498/0001437749-26-027498-index.htm,https://www.sec.gov/Archives/edgar/data/1045742/000143774926027498/live20260604_8k.htm
BKTI,0000002186,2026-08-13 00:00:00,2026-08-13 09:06:00,8-K,False,https://www.sec.gov/Archives/edgar/data/2186/000143774926027497/0001437749-26-027497-index.htm,https://www.sec.gov/Archives/edgar/data/2186/000143774926027497/bkti20260812_8k.htm
CHCI,0001299969,2026-08-13 00:00:00,2026-08-13 09:05:41,8-K,False,https://www.sec.gov/Archives/edgar/data/1299969/000162828026056508/0001628280-26-056508-index.htm,https://www.sec.gov/Archives/edgar/data/1299969/000162828026056508/chci-20260813.htm
SGA,0000886136,2026-08-13 00:00:00,2026-08-13 09:05:25,8-K,True,https://www.sec.gov/Archives/edgar/data/886136/000110465926095527/0001104659-26-095527-index.htm,https://www.sec.gov/Archives/edgar/data/886136/000110465926095527/sga-20260813xex99d1.htm
SINT,0001269026,2026-08-13 00:00:00,2026-08-13 09:05:19,8-K,False,https://www.sec.gov/Archives/edgar/data/1269026/000149315226037613/0001493152-26-037613-index.htm,https://www.sec.gov/Archives/edgar/data/1269026/000149315226037613/form8-k.htm
OPHC,0001288855,2026-08-13 00:00:00,2026-08-13 09:00:44,8-K,False,https://www.sec.gov/Archives/edgar/data/1288855/000149315226037611/0001493152-26-037611-index.htm,https://www.sec.gov/Archives/edgar/data/1288855/000149315226037611/form8-k.htm
BFRIW,0001858685,2026-08-13 00:00:00,2026-08-13 09:00:44,8-K,True,https://www.sec.gov/Archives/edgar/data/1858685/000149315226037610/0001493152-26-037610-index.htm,https://www.sec.gov/Archives/edgar/data/1858685/000149315226037610/ex99-1.htm
BFRI,0001858685,2026-08-13 00:00:00,2026-08-13 09:00:44,8-K,True,https://www.sec.gov/Archives/edgar/data/1858685/000149315226037610/0001493152-26-037610-index.htm,https://www.sec.gov/Archives/edgar/data/1858685/000149315226037610/ex99-1.htm
SGD,0001959023,2026-08-13 00:00:00,2026-08-13 09:00:29,8-K,False,https://www.sec.gov/Archives/edgar/data/1959023/000121390026088753/0001213900-26-088753-index.htm,https://www.sec.gov/Archives/edgar/data/1959023/000121390026088753/ea0301893-8k_renx.htm
SGDVV,0001959023,2026-08-13 00:00:00,2026-08-13 09:00:29,8-K,False,https://www.sec.gov/Archives/edgar/data/1959023/000121390026088753/0001213900-26-088753-index.htm,https://www.sec.gov/Archives/edgar/data/1959023/000121390026088753/ea0301893-8k_renx.htm
LWAY,0000814586,2026-08-13 00:00:00,2026-08-13 09:00:16,8-K,True,https://www.sec.gov/Archives/edgar/data/814586/000168316826006301/0001683168-26-006301-index.htm,https://www.sec.gov/Archives/edgar/data/814586/000168316826006301/lifeway_ex9901.htm
USBL,0000764630,2026-08-13 00:00:00,2026-08-13 08:56:14,8-K,False,https://www.sec.gov/Archives/edgar/data/764630/000149315226037609/0001493152-26-037609-index.htm,https://www.sec.gov/Archives/edgar/data/764630/000149315226037609/form8-k.htm
SPEV,0000764630,2026-08-13 00:00:00,2026-08-13 08:56:14,8-K,False,https://www.sec.gov/Archives/edgar/data/764630/000149315226037609/0001493152-26-037609-index.htm,https://www.sec.gov/Archives/edgar/data/764630/000149315226037609/form8-k.htm
VIRI,0001818844,2026-08-13 00:00:00,2026-08-13 08:50:09,8-K,True,https://www.sec.gov/Archives/edgar/data/1818844/000110465926095512/0001104659-26-095512-index.htm,https://www.sec.gov/Archives/edgar/data/1818844/000110465926095512/dwtx-20260813xex99d1.htm
BBBY,0001130713,2026-08-13 00:00:00,2026-08-13 08:48:37,8-K,False,https://www.sec.gov/Archives/edgar/data/1130713/000114036126032653/0001140361-26-032653-index.htm,https://www.sec.gov/Archives/edgar/data/1130713/000114036126032653/ef20079981_8k.htm
BYON,0001130713,2026-08-13 00:00:00,2026-08-13 08:48:37,8-K,False,https://www.sec.gov/Archives/edgar/data/1130713/000114036126032653/0001140361-26-032653-index.htm,https://www.sec.gov/Archives/edgar/data/1130713/000114036126032653/ef20079981_8k.htm
OSTK,0001130713,2026-08-13 00:00:00,2026-08-13 08:48:37,8-K,False,https://www.sec.gov/Archives/edgar/data/1130713/000114036126032653/0001140361-26-032653-index.htm,https://www.sec.gov/Archives/edgar/data/1130713/000114036126032653/ef20079981_8k.htm
OSTKO,0001130713,2026-08-13 00:00:00,2026-08-13 08:48:37,8-K,False,https://www.sec.gov/Archives/edgar/data/1130713/000114036126032653/0001140361-26-032653-index.htm,https://www.sec.gov/Archives/edgar/data/1130713/000114036126032653/ef20079981_8k.htm
OSTBP,0001130713,2026-08-13 00:00:00,2026-08-13 08:48:37,8-K,False,https://www.sec.gov/Archives/edgar/data/1130713/000114036126032653/0001140361-26-032653-index.htm,https://www.sec.gov/Archives/edgar/data/1130713/000114036126032653/ef20079981_8k.htm
CINGW,0001862150,2026-08-13 00:00:00,2026-08-13 08:40:15,8-K,False,https://www.sec.gov/Archives/edgar/data/1862150/000149315226037605/0001493152-26-037605-index.htm,https://www.sec.gov/Archives/edgar/data/1862150/000149315226037605/form8-k.htm
CING,0001862150,2026-08-13 00:00:00,2026-08-13 08:40:15,8-K,False,https://www.sec.gov/Archives/edgar/data/1862150/000149315226037605/0001493152-26-037605-index.htm,https://www.sec.gov/Archives/edgar/data/1862150/000149315226037605/form8-k.htm
EDGE,0001472091,2026-08-13 00:00:00,2026-08-13 08:35:22,8-K,False,https://www.sec.gov/Archives/edgar/data/1472091/000114036126032650/0001140361-26-032650-index.htm,https://www.sec.gov/Archives/edgar/data/1472091/000114036126032650/ef20080122_8k.htm
PDSB,0001472091,2026-08-13 00:00:00,2026-08-13 08:35:22,8-K,False,https://www.sec.gov/Archives/edgar/data/1472091/000114036126032650/0001140361-26-032650-index.htm,https://www.sec.gov/Archives/edgar/data/1472091/000114036126032650/ef20080122_8k.htm
OVID,0001636651,2026-08-13 00:00:00,2026-08-13 08:32:09,8-K,True,https://www.sec.gov/Archives/edgar/data/1636651/000162828026056497/0001628280-26-056497-index.htm,https://www.sec.gov/Archives/edgar/data/1636651/000162828026056497/ovidexhibit9912026-q2.htm
FATE,0001434316,2026-08-13 00:00:00,2026-08-13 08:31:59,8-K,False,https://www.sec.gov/Archives/edgar/data/1434316/000119312526347984/0001193125-26-347984-index.htm,https://www.sec.gov/Archives/edgar/data/1434316/000119312526347984/fate-20260813.htm
TRON,0001956744,2026-08-13 00:00:00,2026-08-13 08:30:37,8-K,False,https://www.sec.gov/Archives/edgar/data/1956744/000149315226037601/0001493152-26-037601-index.htm,https://www.sec.gov/Archives/edgar/data/1956744/000149315226037601/form8-k.htm
SRM,0001956744,2026-08-13 00:00:00,2026-08-13 08:30:37,8-K,False,https://www.sec.gov/Archives/edgar/data/1956744/000149315226037601/0001493152-26-037601-index.htm,https://www.sec.gov/Archives/edgar/data/1956744/000149315226037601/form8-k.htm
HTCR,0001892322,2026-08-13 00:00:00,2026-08-13 08:30:37,8-K,True,https://www.sec.gov/Archives/edgar/data/1892322/000149315226037600/0001493152-26-037600-index.htm,https://www.sec.gov/Archives/edgar/data/1892322/000149315226037600/ex99-1.htm
FTLF,0001374328,2026-08-13 00:00:00,2026-08-13 08:30:27,8-K,False,https://www.sec.gov/Archives/edgar/data/1374328/000143774926027493/0001437749-26-027493-index.htm,https://www.sec.gov/Archives/edgar/data/1374328/000143774926027493/ftlf20260813_8k.htm
SSII,0001676163,2026-08-13 00:00:00,2026-08-13 08:30:26,8-K,True,https://www.sec.gov/Archives/edgar/data/1676163/000121390026088726/0001213900-26-088726-index.htm,https://www.sec.gov/Archives/edgar/data/1676163/000121390026088726/ea030188701ex99-1.htm
AVMR,0001676163,2026-08-13 00:00:00,2026-08-13 08:30:26,8-K,True,https://www.sec.gov/Archives/edgar/data/1676163/000121390026088726/0001213900-26-088726-index.htm,https://www.sec.gov/Archives/edgar/data/1676163/000121390026088726/ea030188701ex99-1.htm
VIIAU,0001826011,2026-08-13 00:00:00,2026-08-13 08:28:39,8-K,False,https://www.sec.gov/Archives/edgar/data/1826011/000149315226037599/0001493152-26-037599-index.htm,https://www.sec.gov/Archives/edgar/data/1826011/000149315226037599/form8-k.htm
VIIAW,0001826011,2026-08-13 00:00:00,2026-08-13 08:28:39,8-K,False,https://www.sec.gov/Archives/edgar/data/1826011/000149315226037599/0001493152-26-037599-index.htm,https://www.sec.gov/Archives/edgar/data/1826011/000149315226037599/form8-k.htm
PARA,0001826011,2026-08-13 00:00:00,2026-08-13 08:28:39,8-K,False,https://www.sec.gov/Archives/edgar/data/1826011/000149315226037599/0001493152-26-037599-index.htm,https://www.sec.gov/Archives/edgar/data/1826011/000149315226037599/form8-k.htm
PARAW,0001826011,2026-08-13 00:00:00,2026-08-13 08:28:39,8-K,False,https://www.sec.gov/Archives/edgar/data/1826011/000149315226037599/0001493152-26-037599-index.htm,https://www.sec.gov/Archives/edgar/data/1826011/000149315226037599/form8-k.htm
BNZI,0001826011,2026-08-13 00:00:00,2026-08-13 08:28:39,8-K,False,https://www.sec.gov/Archives/edgar/data/1826011/000149315226037599/0001493152-26-037599-index.htm,https://www.sec.gov/Archives/edgar/data/1826011/000149315226037599/form8-k.htm
BNZIW,0001826011,2026-08-13 00:00:00,2026-08-13 08:28:39,8-K,False,https://www.sec.gov/Archives/edgar/data/1826011/000149315226037599/0001493152-26-037599-index.htm,https://www.sec.gov/Archives/edgar/data/1826011/000149315226037599/form8-k.htm
ONDS,0001646188,2026-08-13 00:00:00,2026-08-13 08:26:02,8-K,True,https://www.sec.gov/Archives/edgar/data/1646188/000119312526347973/0001193125-26-347973-index.htm,https://www.sec.gov/Archives/edgar/data/1646188/000119312526347973/onds-ex99_1.htm
CSU,0001043000,2026-08-13 00:00:00,2026-08-13 08:24:23,8-K,False,https://www.sec.gov/Archives/edgar/data/1043000/000119312526347968/0001193125-26-347968-index.htm,https://www.sec.gov/Archives/edgar/data/1043000/000119312526347968/d104963d8k.htm
SNDA,0001043000,2026-08-13 00:00:00,2026-08-13 08:24:23,8-K,False,https://www.sec.gov/Archives/edgar/data/1043000/000119312526347968/0001193125-26-347968-index.htm,https://www.sec.gov/Archives/edgar/data/1043000/000119312526347968/d104963d8k.htm
LUCD,0001799011,2026-08-13 00:00:00,2026-08-13 08:23:31,8-K,False,https://www.sec.gov/Archives/edgar/data/1799011/000149315226037596/0001493152-26-037596-index.htm,https://www.sec.gov/Archives/edgar/data/1799011/000149315226037596/form8-k.htm
SGRP,0001004989,2026-08-13 00:00:00,2026-08-13 08:15:36,8-K,False,https://www.sec.gov/Archives/edgar/data/1004989/000143774926027489/0001437749-26-027489-index.htm,https://www.sec.gov/Archives/edgar/data/1004989/000143774926027489/sgrp20260812c_8k.htm
NMTC,0001500198,2026-08-13 00:00:00,2026-08-13 08:15:26,8-K,True,https://www.sec.gov/Archives/edgar/data/1500198/000121390026088719/0001213900-26-088719-index.htm,https://www.sec.gov/Archives/edgar/data/1500198/000121390026088719/ea030178701ex99-1.htm
CADL,0001841387,2026-08-13 00:00:00,2026-08-13 08:15:15,8-K,False,https://www.sec.gov/Archives/edgar/data/1841387/000119312526347957/0001193125-26-347957-index.htm,https://www.sec.gov/Archives/edgar/data/1841387/000119312526347957/cadl-20260813.htm
PULM,0001574235,2026-08-13 00:00:00,2026-08-13 08:15:11,8-K,True,https://www.sec.gov/Archives/edgar/data/1574235/000149315226037592/0001493152-26-037592-index.htm,https://www.sec.gov/Archives/edgar/data/1574235/000149315226037592/ex99-1.htm
DTC,0001870600,2026-08-13 00:00:00,2026-08-13 08:07:45,8-K,True,https://www.sec.gov/Archives/edgar/data/1870600/000187060026000043/0001870600-26-000043-index.htm,https://www.sec.gov/Archives/edgar/data/1870600/000187060026000043/solobrands-q22026er.htm
DTCB,0001870600,2026-08-13 00:00:00,2026-08-13 08:07:45,8-K,True,https://www.sec.gov/Archives/edgar/data/1870600/000187060026000043/0001870600-26-000043-index.htm,https://www.sec.gov/Archives/edgar/data/1870600/000187060026000043/solobrands-q22026er.htm
SBDS,0001870600,2026-08-13 00:00:00,2026-08-13 08:07:45,8-K,True,https://www.sec.gov/Archives/edgar/data/1870600/000187060026000043/0001870600-26-000043-index.htm,https://www.sec.gov/Archives/edgar/data/1870600/000187060026000043/solobrands-q22026er.htm
MGTX,0001735438,2026-08-13 00:00:00,2026-08-13 08:05:59,8-K,True,https://www.sec.gov/Archives/edgar/data/1735438/000110465926095491/0001104659-26-095491-index.htm,https://www.sec.gov/Archives/edgar/data/1735438/000110465926095491/mgtx-20260813xex99d1.htm
PLMI,0001840317,2026-08-13 00:00:00,2026-08-13 08:05:24,8-K,False,https://www.sec.gov/Archives/edgar/data/1840317/000121390026088713/0001213900-26-088713-index.htm,https://www.sec.gov/Archives/edgar/data/1840317/000121390026088713/ea0301833-8k_veea.htm
PLMIW,0001840317,2026-08-13 00:00:00,2026-08-13 08:05:24,8-K,False,https://www.sec.gov/Archives/edgar/data/1840317/000121390026088713/0001213900-26-088713-index.htm,https://www.sec.gov/Archives/edgar/data/1840317/000121390026088713/ea0301833-8k_veea.htm
PLMIU,0001840317,2026-08-13 00:00:00,2026-08-13 08:05:24,8-K,False,https://www.sec.gov/Archives/edgar/data/1840317/000121390026088713/0001213900-26-088713-index.htm,https://www.sec.gov/Archives/edgar/data/1840317/000121390026088713/ea0301833-8k_veea.htm
USDR,0001638911,2026-08-13 00:00:00,2026-08-13 08:05:24,8-K,True,https://www.sec.gov/Archives/edgar/data/1638911/000121390026088712/0001213900-26-088712-index.htm,https://www.sec.gov/Archives/edgar/data/1638911/000121390026088712/ea030176201ex99-1.htm
DUKR,0001638911,2026-08-13 00:00:00,2026-08-13 08:05:24,8-K,True,https://www.sec.gov/Archives/edgar/data/1638911/000121390026088712/0001213900-26-088712-index.htm,https://www.sec.gov/Archives/edgar/data/1638911/000121390026088712/ea030176201ex99-1.htm
ELMT,0002101698,2026-08-13 00:00:00,2026-08-13 08:05:24,8-K,True,https://www.sec.gov/Archives/edgar/data/2101698/000121390026088714/0001213900-26-088714-index.htm,https://www.sec.gov/Archives/edgar/data/2101698/000121390026088714/ea030166201ex99-1.htm
MNRO,0000876427,2026-08-13 00:00:00,2026-08-13 08:01:58,8-K,False,https://www.sec.gov/Archives/edgar/data/876427/000119312526347931/0001193125-26-347931-index.htm,https://www.sec.gov/Archives/edgar/data/876427/000119312526347931/d143308d8k.htm
ACST,0001444192,2026-08-13 00:00:00,2026-08-13 08:01:03,8-K,True,https://www.sec.gov/Archives/edgar/data/1444192/000114036126032644/0001140361-26-032644-index.htm,https://www.sec.gov/Archives/edgar/data/1444192/000114036126032644/ef20079525_ex99-1.htm
GRCE,0001444192,2026-08-13 00:00:00,2026-08-13 08:01:03,8-K,True,https://www.sec.gov/Archives/edgar/data/1444192/000114036126032644/0001140361-26-032644-index.htm,https://www.sec.gov/Archives/edgar/data/1444192/000114036126032644/ef20079525_ex99-1.htm
VENU,0001770501,2026-08-13 00:00:00,2026-08-13 08:00:24,8-K,True,https://www.sec.gov/Archives/edgar/data/1770501/000149315226037587/0001493152-26-037587-index.htm,https://www.sec.gov/Archives/edgar/data/1770501/000149315226037587/ex99-1.htm
HCWC,0001948864,2026-08-13 00:00:00,2026-08-13 08:00:23,8-K,False,https://www.sec.gov/Archives/edgar/data/1948864/000149315226037586/0001493152-26-037586-index.htm,https://www.sec.gov/Archives/edgar/data/1948864/000149315226037586/form8-k.htm
AACBU,0002034334,2026-08-13 00:00:00,2026-08-13 08:00:22,8-K,False,https://www.sec.gov/Archives/edgar/data/2034334/000114036126032643/0001140361-26-032643-index.htm,https://www.sec.gov/Archives/edgar/data/2034334/000114036126032643/ef20080099_8k.htm
AACB,0002034334,2026-08-13 00:00:00,2026-08-13 08:00:22,8-K,False,https://www.sec.gov/Archives/edgar/data/2034334/000114036126032643/0001140361-26-032643-index.htm,https://www.sec.gov/Archives/edgar/data/2034334/000114036126032643/ef20080099_8k.htm
AACBR,0002034334,2026-08-13 00:00:00,2026-08-13 08:00:22,8-K,False,https://www.sec.gov/Archives/edgar/data/2034334/000114036126032643/0001140361-26-032643-index.htm,https://www.sec.gov/Archives/edgar/data/2034334/000114036126032643/ef20080099_8k.htm
REKR,0001697851,2026-08-13 00:00:00,2026-08-13 08:00:12,8-K,False,https://www.sec.gov/Archives/edgar/data/1697851/000143774926027481/0001437749-26-027481-index.htm,https://www.sec.gov/Archives/edgar/data/1697851/000143774926027481/rekr20260812_8k.htm
SCIA,0000830616,2026-08-13 00:00:00,2026-08-13 08:00:11,8-K,False,https://www.sec.gov/Archives/edgar/data/830616/000110465926095488/0001104659-26-095488-index.htm,https://www.sec.gov/Archives/edgar/data/830616/000110465926095488/scia-20260813x8k.htm
ARX,0001997350,2026-08-13 00:00:00,2026-08-13 07:57:39,8-K,True,https://www.sec.gov/Archives/edgar/data/1997350/000119312526347925/0001193125-26-347925-index.htm,https://www.sec.gov/Archives/edgar/data/1997350/000119312526347925/d286225dex991.htm
BJDX,0001704287,2026-08-13 00:00:00,2026-08-13 07:56:27,8-K,False,https://www.sec.gov/Archives/edgar/data/1704287/000121390026088701/0001213900-26-088701-index.htm,https://www.sec.gov/Archives/edgar/data/1704287/000121390026088701/ea0301888-8k_bluejay.htm
IREN,0001878848,2026-08-13 00:00:00,2026-08-13 07:46:14,8-K,False,https://www.sec.gov/Archives/edgar/data/1878848/000114036126032638/0001140361-26-032638-index.htm,https://www.sec.gov/Archives/edgar/data/1878848/000114036126032638/ef20080141_8k.htm
PYXS,0001782223,2026-08-13 00:00:00,2026-08-13 07:42:49,8-K,True,https://www.sec.gov/Archives/edgar/data/1782223/000119312526347911/0001193125-26-347911-index.htm,https://www.sec.gov/Archives/edgar/data/1782223/000119312526347911/pyxs-ex99_1.htm
INKT,0001840229,2026-08-13 00:00:00,2026-08-13 07:40:44,8-K,False,https://www.sec.gov/Archives/edgar/data/1840229/000119312526347907/0001193125-26-347907-index.htm,https://www.sec.gov/Archives/edgar/data/1840229/000119312526347907/inkt-20260813.htm
CREX,0001356093,2026-08-13 00:00:00,2026-08-13 07:40:07,8-K,False,https://www.sec.gov/Archives/edgar/data/1356093/000143774926027479/0001437749-26-027479-index.htm,https://www.sec.gov/Archives/edgar/data/1356093/000143774926027479/crex20260811_8k.htm
CREXW,0001356093,2026-08-13 00:00:00,2026-08-13 07:40:07,8-K,False,https://www.sec.gov/Archives/edgar/data/1356093/000143774926027479/0001437749-26-027479-index.htm,https://www.sec.gov/Archives/edgar/data/1356093/000143774926027479/crex20260811_8k.htm
MSGS,0001636519,2026-08-13 00:00:00,2026-08-13 07:40:05,8-K,True,https://www.sec.gov/Archives/edgar/data/1636519/000162828026056478/0001628280-26-056478-index.htm,https://www.sec.gov/Archives/edgar/data/1636519/000162828026056478/msgsportscorpex991forearni.htm
CXM,0001569345,2026-08-13 00:00:00,2026-08-13 07:37:32,8-K,False,https://www.sec.gov/Archives/edgar/data/1569345/000119312526347899/0001193125-26-347899-index.htm,https://www.sec.gov/Archives/edgar/data/1569345/000119312526347899/d40248d8k.htm
KPTI,0001503802,2026-08-13 00:00:00,2026-08-13 07:37:30,8-K,True,https://www.sec.gov/Archives/edgar/data/1503802/000119312526347897/0001193125-26-347897-index.htm,https://www.sec.gov/Archives/edgar/data/1503802/000119312526347897/kpti-ex99_1.htm
IPAXU,0001844452,2026-08-13 00:00:00,2026-08-13 07:35:43,8-K,True,https://www.sec.gov/Archives/edgar/data/1844452/000162828026056476/0001628280-26-056476-index.htm,https://www.sec.gov/Archives/edgar/data/1844452/000162828026056476/lunr-20260630xexx991.htm
LUNR,0001844452,2026-08-13 00:00:00,2026-08-13 07:35:43,8-K,True,https://www.sec.gov/Archives/edgar/data/1844452/000162828026056476/0001628280-26-056476-index.htm,https://www.sec.gov/Archives/edgar/data/1844452/000162828026056476/lunr-20260630xexx991.htm
IPAXW,0001844452,2026-08-13 00:00:00,2026-08-13 07:35:43,8-K,True,https://www.sec.gov/Archives/edgar/data/1844452/000162828026056476/0001628280-26-056476-index.htm,https://www.sec.gov/Archives/edgar/data/1844452/000162828026056476/lunr-20260630xexx991.htm
IPAX,0001844452,2026-08-13 00:00:00,2026-08-13 07:35:43,8-K,True,https://www.sec.gov/Archives/edgar/data/1844452/000162828026056476/0001628280-26-056476-index.htm,https://www.sec.gov/Archives/edgar/data/1844452/000162828026056476/lunr-20260630xexx991.htm
AFCG,0001822523,2026-08-13 00:00:00,2026-08-13 07:35:11,8-K,True,https://www.sec.gov/Archives/edgar/data/1822523/000162828026056475/0001628280-26-056475-index.htm,https://www.sec.gov/Archives/edgar/data/1822523/000162828026056475/afcg-20260813xex991afcgear.htm
CABA,0001759138,2026-08-13 00:00:00,2026-08-13 07:32:31,8-K,False,https://www.sec.gov/Archives/edgar/data/1759138/000175913826000038/0001759138-26-000038-index.htm,https://www.sec.gov/Archives/edgar/data/1759138/000175913826000038/caba-20260813.htm
CRMD,0001410098,2026-08-13 00:00:00,2026-08-13 07:32:23,8-K,True,https://www.sec.gov/Archives/edgar/data/1410098/000141009826000054/0001410098-26-000054-index.htm,https://www.sec.gov/Archives/edgar/data/1410098/000141009826000054/crmd_q22026earningspr.htm
BHLB,0001108134,2026-08-13 00:00:00,2026-08-13 07:30:54,8-K,False,https://www.sec.gov/Archives/edgar/data/1108134/000110465926095466/0001104659-26-095466-index.htm,https://www.sec.gov/Archives/edgar/data/1108134/000110465926095466/tm2622869d1_8k.htm
None,0001859836,2026-08-13 00:00:00,2026-08-13 07:30:34,8-K,True,https://www.sec.gov/Archives/edgar/data/1859836/000110465926095465/0001104659-26-095465-index.htm,https://www.sec.gov/Archives/edgar/data/1859836/000110465926095465/tm2622997d1_ex99-1.htm
COLL,0001267565,2026-08-13 00:00:00,2026-08-13 07:30:31,8-K,False,https://www.sec.gov/Archives/edgar/data/1267565/000110465926095464/0001104659-26-095464-index.htm,https://www.sec.gov/Archives/edgar/data/1267565/000110465926095464/tm2623090d1_8k.htm
FBYDP,0001937987,2026-08-13 00:00:00,2026-08-13 07:30:16,8-K,True,https://www.sec.gov/Archives/edgar/data/1937987/000119312526347883/0001193125-26-347883-index.htm,https://www.sec.gov/Archives/edgar/data/1937987/000119312526347883/fbyd-ex99_1.htm
FBYDW,0001937987,2026-08-13 00:00:00,2026-08-13 07:30:16,8-K,True,https://www.sec.gov/Archives/edgar/data/1937987/000119312526347883/0001193125-26-347883-index.htm,https://www.sec.gov/Archives/edgar/data/1937987/000119312526347883/fbyd-ex99_1.htm
FBYD,0001937987,2026-08-13 00:00:00,2026-08-13 07:30:16,8-K,True,https://www.sec.gov/Archives/edgar/data/1937987/000119312526347883/0001193125-26-347883-index.htm,https://www.sec.gov/Archives/edgar/data/1937987/000119312526347883/fbyd-ex99_1.htm
INDP,0001857044,2026-08-13 00:00:00,2026-08-13 07:30:16,8-K,True,https://www.sec.gov/Archives/edgar/data/1857044/000149315226037574/0001493152-26-037574-index.htm,https://www.sec.gov/Archives/edgar/data/1857044/000149315226037574/ex99-1.htm
ABEO,0000318306,2026-08-13 00:00:00,2026-08-13 07:30:14,8-K,False,https://www.sec.gov/Archives/edgar/data/318306/000149315226037575/0001493152-26-037575-index.htm,https://www.sec.gov/Archives/edgar/data/318306/000149315226037575/form8-k.htm
WNC,0000879526,2026-08-13 00:00:00,2026-08-13 07:30:07,8-K,False,https://www.sec.gov/Archives/edgar/data/879526/000119312526347884/0001193125-26-347884-index.htm,https://www.sec.gov/Archives/edgar/data/879526/000119312526347884/d53407d8k.htm
RMTI,0001041024,2026-08-13 00:00:00,2026-08-13 07:27:19,8-K,False,https://www.sec.gov/Archives/edgar/data/1041024/000162828026056470/0001628280-26-056470-index.htm,https://www.sec.gov/Archives/edgar/data/1041024/000162828026056470/rmti-20260813.htm
ADIG,0002105139,2026-08-13 00:00:00,2026-08-13 07:26:06,8-K,True,https://www.sec.gov/Archives/edgar/data/2105139/000162828026056469/0001628280-26-056469-index.htm,https://www.sec.gov/Archives/edgar/data/2105139/000162828026056469/adi-742026erexhibit991.htm
CLRB,0001279704,2026-08-13 00:00:00,2026-08-13 07:25:27,8-K,False,https://www.sec.gov/Archives/edgar/data/1279704/000110465926095460/0001104659-26-095460-index.htm,https://www.sec.gov/Archives/edgar/data/1279704/000110465926095460/tm2623056d1_8k.htm
ENCUD,0001500881,2026-08-13 00:00:00,2026-08-13 07:24:58,8-K,False,https://www.sec.gov/Archives/edgar/data/1500881/000119312526347878/0001193125-26-347878-index.htm,https://www.sec.gov/Archives/edgar/data/1500881/000119312526347878/d349999d8k.htm
EU,0001500881,2026-08-13 00:00:00,2026-08-13 07:24:58,8-K,False,https://www.sec.gov/Archives/edgar/data/1500881/000119312526347878/0001193125-26-347878-index.htm,https://www.sec.gov/Archives/edgar/data/1500881/000119312526347878/d349999d8k.htm
ENCUF,0001500881,2026-08-13 00:00:00,2026-08-13 07:24:58,8-K,False,https://www.sec.gov/Archives/edgar/data/1500881/000119312526347878/0001193125-26-347878-index.htm,https://www.sec.gov/Archives/edgar/data/1500881/000119312526347878/d349999d8k.htm
LGN,0002052568,2026-08-13 00:00:00,2026-08-13 07:23:08,8-K,True,https://www.sec.gov/Archives/edgar/data/2052568/000119312526347873/0001193125-26-347873-index.htm,https://www.sec.gov/Archives/edgar/data/2052568/000119312526347873/d175420dex991.htm
PBLS,0001657677,2026-08-13 00:00:00,2026-08-13 07:19:04,8-K,True,https://www.sec.gov/Archives/edgar/data/1657677/000119312526347869/0001193125-26-347869-index.htm,https://www.sec.gov/Archives/edgar/data/1657677/000119312526347869/ck0001657677-ex99_1.htm
CHRO,0001919246,2026-08-13 00:00:00,2026-08-13 07:15:56,8-K,True,https://www.sec.gov/Archives/edgar/data/1919246/000191924626000112/0001919246-26-000112-index.htm,https://www.sec.gov/Archives/edgar/data/1919246/000191924626000112/pths-pressreleasex20260813.htm
MH,0001951070,2026-08-13 00:00:00,2026-08-13 07:15:27,8-K,True,https://www.sec.gov/Archives/edgar/data/1951070/000195107026000038/0001951070-26-000038-index.htm,https://www.sec.gov/Archives/edgar/data/1951070/000195107026000038/mh-2026630xpressreleaseex9.htm
None,0001317685,2026-08-13 00:00:00,2026-08-13 07:12:01,8-K,True,https://www.sec.gov/Archives/edgar/data/1317685/000162828026056465/0001628280-26-056465-index.htm,https://www.sec.gov/Archives/edgar/data/1317685/000162828026056465/q2-26pressrelease.htm
RKLB,0001819994,2026-08-13 00:00:00,2026-08-13 07:10:48,8-K,False,https://www.sec.gov/Archives/edgar/data/1819994/000175392626001463/0001753926-26-001463-index.htm,https://www.sec.gov/Archives/edgar/data/1819994/000175392626001463/g085846_8k.htm
VACQ,0001819994,2026-08-13 00:00:00,2026-08-13 07:10:48,8-K,False,https://www.sec.gov/Archives/edgar/data/1819994/000175392626001463/0001753926-26-001463-index.htm,https://www.sec.gov/Archives/edgar/data/1819994/000175392626001463/g085846_8k.htm
VACQU,0001819994,2026-08-13 00:00:00,2026-08-13 07:10:48,8-K,False,https://www.sec.gov/Archives/edgar/data/1819994/000175392626001463/0001753926-26-001463-index.htm,https://www.sec.gov/Archives/edgar/data/1819994/000175392626001463/g085846_8k.htm
LNSR,0001320350,2026-08-13 00:00:00,2026-08-13 07:10:18,8-K,True,https://www.sec.gov/Archives/edgar/data/1320350/000119312526347859/0001193125-26-347859-index.htm,https://www.sec.gov/Archives/edgar/data/1320350/000119312526347859/lnsr-ex99_1.htm
LGTOU,0001883814,2026-08-13 00:00:00,2026-08-13 07:10:16,8-K,False,https://www.sec.gov/Archives/edgar/data/1883814/000182912626008737/0001829126-26-008737-index.htm,https://www.sec.gov/Archives/edgar/data/1883814/000182912626008737/southland_8k.htm
LGTO,0001883814,2026-08-13 00:00:00,2026-08-13 07:10:16,8-K,False,https://www.sec.gov/Archives/edgar/data/1883814/000182912626008737/0001829126-26-008737-index.htm,https://www.sec.gov/Archives/edgar/data/1883814/000182912626008737/southland_8k.htm
LGTOW,0001883814,2026-08-13 00:00:00,2026-08-13 07:10:16,8-K,False,https://www.sec.gov/Archives/edgar/data/1883814/000182912626008737/0001829126-26-008737-index.htm,https://www.sec.gov/Archives/edgar/data/1883814/000182912626008737/southland_8k.htm
SLND,0001883814,2026-08-13 00:00:00,2026-08-13 07:10:16,8-K,False,https://www.sec.gov/Archives/edgar/data/1883814/000182912626008737/0001829126-26-008737-index.htm,https://www.sec.gov/Archives/edgar/data/1883814/000182912626008737/southland_8k.htm
FRMI,0002071778,2026-08-13 00:00:00,2026-08-13 07:10:13,8-K,True,https://www.sec.gov/Archives/edgar/data/2071778/000207177826000046/0002071778-26-000046-index.htm,https://www.sec.gov/Archives/edgar/data/2071778/000207177826000046/fermiq22026erex_991.htm
None,0002065636,2026-08-13 00:00:00,2026-08-13 07:09:13,8-K,True,https://www.sec.gov/Archives/edgar/data/2065636/000119312526347858/0001193125-26-347858-index.htm,https://www.sec.gov/Archives/edgar/data/2065636/000119312526347858/d82759dex991.htm
CWBHF,0001750155,2026-08-13 00:00:00,2026-08-13 07:07:49,8-K,True,https://www.sec.gov/Archives/edgar/data/1750155/000175015526000116/0001750155-26-000116-index.htm,https://www.sec.gov/Archives/edgar/data/1750155/000175015526000116/q22026earningspressrelease.htm
ZBIO,0001953926,2026-08-13 00:00:00,2026-08-13 07:05:49,8-K,False,https://www.sec.gov/Archives/edgar/data/1953926/000110465926095437/0001104659-26-095437-index.htm,https://www.sec.gov/Archives/edgar/data/1953926/000110465926095437/tm2622871d1_8k.htm
OLMA,0001750284,2026-08-13 00:00:00,2026-08-13 07:05:15,8-K,False,https://www.sec.gov/Archives/edgar/data/1750284/000119312526347853/0001193125-26-347853-index.htm,https://www.sec.gov/Archives/edgar/data/1750284/000119312526347853/olma-20260813.htm
SGMT,0001400118,2026-08-13 00:00:00,2026-08-13 07:05:06,8-K,False,https://www.sec.gov/Archives/edgar/data/1400118/000119312526347854/0001193125-26-347854-index.htm,https://www.sec.gov/Archives/edgar/data/1400118/000119312526347854/d150919d8k.htm
APOS,0001858681,2026-08-13 00:00:00,2026-08-13 07:03:59,8-K,False,https://www.sec.gov/Archives/edgar/data/1858681/000185868126000046/0001858681-26-000046-index.htm,https://www.sec.gov/Archives/edgar/data/1858681/000185868126000046/apo-20260813.htm
APO-PA,0001858681,2026-08-13 00:00:00,2026-08-13 07:03:59,8-K,False,https://www.sec.gov/Archives/edgar/data/1858681/000185868126000046/0001858681-26-000046-index.htm,https://www.sec.gov/Archives/edgar/data/1858681/000185868126000046/apo-20260813.htm
APO,0001858681,2026-08-13 00:00:00,2026-08-13 07:03:59,8-K,False,https://www.sec.gov/Archives/edgar/data/1858681/000185868126000046/0001858681-26-000046-index.htm,https://www.sec.gov/Archives/edgar/data/1858681/000185868126000046/apo-20260813.htm
IBATF,0001786318,2026-08-13 00:00:00,2026-08-13 07:03:45,8-K,False,https://www.sec.gov/Archives/edgar/data/1786318/000119312526347849/0001193125-26-347849-index.htm,https://www.sec.gov/Archives/edgar/data/1786318/000119312526347849/ibatf-20260813.htm
ATH,0001527469,2026-08-13 00:00:00,2026-08-13 07:02:34,8-K,False,https://www.sec.gov/Archives/edgar/data/1527469/000152746926000063/0001527469-26-000063-index.htm,https://www.sec.gov/Archives/edgar/data/1527469/000152746926000063/ahl-20260813.htm
ATHLL,0001527469,2026-08-13 00:00:00,2026-08-13 07:02:34,8-K,False,https://www.sec.gov/Archives/edgar/data/1527469/000152746926000063/0001527469-26-000063-index.htm,https://www.sec.gov/Archives/edgar/data/1527469/000152746926000063/ahl-20260813.htm
ATHLV,0001527469,2026-08-13 00:00:00,2026-08-13 07:02:34,8-K,False,https://www.sec.gov/Archives/edgar/data/1527469/000152746926000063/0001527469-26-000063-index.htm,https://www.sec.gov/Archives/edgar/data/1527469/000152746926000063/ahl-20260813.htm
ATH-PA,0001527469,2026-08-13 00:00:00,2026-08-13 07:02:34,8-K,False,https://www.sec.gov/Archives/edgar/data/1527469/000152746926000063/0001527469-26-000063-index.htm,https://www.sec.gov/Archives/edgar/data/1527469/000152746926000063/ahl-20260813.htm
ATH-PB,0001527469,2026-08-13 00:00:00,2026-08-13 07:02:34,8-K,False,https://www.sec.gov/Archives/edgar/data/1527469/000152746926000063/0001527469-26-000063-index.htm,https://www.sec.gov/Archives/edgar/data/1527469/000152746926000063/ahl-20260813.htm
ATH-PC,0001527469,2026-08-13 00:00:00,2026-08-13 07:02:34,8-K,False,https://www.sec.gov/Archives/edgar/data/1527469/000152746926000063/0001527469-26-000063-index.htm,https://www.sec.gov/Archives/edgar/data/1527469/000152746926000063/ahl-20260813.htm
ATH-PD,0001527469,2026-08-13 00:00:00,2026-08-13 07:02:34,8-K,False,https://www.sec.gov/Archives/edgar/data/1527469/000152746926000063/0001527469-26-000063-index.htm,https://www.sec.gov/Archives/edgar/data/1527469/000152746926000063/ahl-20260813.htm
ATH-PE,0001527469,2026-08-13 00:00:00,2026-08-13 07:02:34,8-K,False,https://www.sec.gov/Archives/edgar/data/1527469/000152746926000063/0001527469-26-000063-index.htm,https://www.sec.gov/Archives/edgar/data/1527469/000152746926000063/ahl-20260813.htm
ATHS,0001527469,2026-08-13 00:00:00,2026-08-13 07:02:34,8-K,False,https://www.sec.gov/Archives/edgar/data/1527469/000152746926000063/0001527469-26-000063-index.htm,https://www.sec.gov/Archives/edgar/data/1527469/000152746926000063/ahl-20260813.htm
SSIC,0001843162,2026-08-13 00:00:00,2026-08-13 07:02:06,8-K,False,https://www.sec.gov/Archives/edgar/data/1843162/000121390026088673/0001213900-26-088673-index.htm,https://www.sec.gov/Archives/edgar/data/1843162/000121390026088673/ea0301791-8k425_chicago.htm
LIEN,0001843162,2026-08-13 00:00:00,2026-08-13 07:02:06,8-K,False,https://www.sec.gov/Archives/edgar/data/1843162/000121390026088673/0001213900-26-088673-index.htm,https://www.sec.gov/Archives/edgar/data/1843162/000121390026088673/ea0301791-8k425_chicago.htm
VREOF,0001771706,2026-08-13 00:00:00,2026-08-13 07:00:35,8-K,False,https://www.sec.gov/Archives/edgar/data/1771706/000110465926095427/0001104659-26-095427-index.htm,https://www.sec.gov/Archives/edgar/data/1771706/000110465926095427/tm2622759d4_8k.htm
GDNSF,0001771706,2026-08-13 00:00:00,2026-08-13 07:00:35,8-K,False,https://www.sec.gov/Archives/edgar/data/1771706/000110465926095427/0001104659-26-095427-index.htm,https://www.sec.gov/Archives/edgar/data/1771706/000110465926095427/tm2622759d4_8k.htm
CHRO,0001919246,2026-08-13 00:00:00,2026-08-13 07:00:34,8-K,False,https://www.sec.gov/Archives/edgar/data/1919246/000191924626000110/0001919246-26-000110-index.htm,https://www.sec.gov/Archives/edgar/data/1919246/000191924626000110/pths-20260812.htm
AEBI,0002048519,2026-08-13 00:00:00,2026-08-13 07:00:21,8-K,False,https://www.sec.gov/Archives/edgar/data/2048519/000117184326005477/0001171843-26-005477-index.htm,https://www.sec.gov/Archives/edgar/data/2048519/000117184326005477/f8k_081226.htm
AVAH,0001832332,2026-08-13 00:00:00,2026-08-13 07:00:21,8-K,True,https://www.sec.gov/Archives/edgar/data/1832332/000119312526347840/0001193125-26-347840-index.htm,https://www.sec.gov/Archives/edgar/data/1832332/000119312526347840/avah-ex99_1.htm
PTCT,0001070081,2026-08-13 00:00:00,2026-08-13 07:00:19,8-K,False,https://www.sec.gov/Archives/edgar/data/1070081/000110465926095424/0001104659-26-095424-index.htm,https://www.sec.gov/Archives/edgar/data/1070081/000110465926095424/tmb-20260812x8k.htm
AVAH,0001832332,2026-08-13 00:00:00,2026-08-13 07:00:19,8-K,True,https://www.sec.gov/Archives/edgar/data/1832332/000119312526347839/0001193125-26-347839-index.htm,https://www.sec.gov/Archives/edgar/data/1832332/000119312526347839/avah-ex99_1.htm
LAC,0001966983,2026-08-13 00:00:00,2026-08-13 06:55:16,8-K,True,https://www.sec.gov/Archives/edgar/data/1966983/000119312526347834/0001193125-26-347834-index.htm,https://www.sec.gov/Archives/edgar/data/1966983/000119312526347834/lac-ex99_1.htm
SBCWW,0001930313,2026-08-13 00:00:00,2026-08-13 06:50:16,8-K,True,https://www.sec.gov/Archives/edgar/data/1930313/000119312526347825/0001193125-26-347825-index.htm,https://www.sec.gov/Archives/edgar/data/1930313/000119312526347825/sbc-ex99_1.htm
PTWOU,0001930313,2026-08-13 00:00:00,2026-08-13 06:50:16,8-K,True,https://www.sec.gov/Archives/edgar/data/1930313/000119312526347825/0001193125-26-347825-index.htm,https://www.sec.gov/Archives/edgar/data/1930313/000119312526347825/sbc-ex99_1.htm
SBC,0001930313,2026-08-13 00:00:00,2026-08-13 06:50:16,8-K,True,https://www.sec.gov/Archives/edgar/data/1930313/000119312526347825/0001193125-26-347825-index.htm,https://www.sec.gov/Archives/edgar/data/1930313/000119312526347825/sbc-ex99_1.htm
PTWOW,0001930313,2026-08-13 00:00:00,2026-08-13 06:50:16,8-K,True,https://www.sec.gov/Archives/edgar/data/1930313/000119312526347825/0001193125-26-347825-index.htm,https://www.sec.gov/Archives/edgar/data/1930313/000119312526347825/sbc-ex99_1.htm
PTWO,0001930313,2026-08-13 00:00:00,2026-08-13 06:50:16,8-K,True,https://www.sec.gov/Archives/edgar/data/1930313/000119312526347825/0001193125-26-347825-index.htm,https://www.sec.gov/Archives/edgar/data/1930313/000119312526347825/sbc-ex99_1.htm
TPR,0001116132,2026-08-13 00:00:00,2026-08-13 06:46:05,8-K,True,https://www.sec.gov/Archives/edgar/data/1116132/000114036126032624/0001140361-26-032624-index.htm,https://www.sec.gov/Archives/edgar/data/1116132/000114036126032624/ef20079840_ex99-1.htm
FIGR,0002064124,2026-08-13 00:00:00,2026-08-13 06:45:19,8-K,True,https://www.sec.gov/Archives/edgar/data/2064124/000206412426000031/0002064124-26-000031-index.htm,https://www.sec.gov/Archives/edgar/data/2064124/000206412426000031/ex991-pressrelease2q26.htm
ADNT,0001670541,2026-08-13 00:00:00,2026-08-13 06:45:08,8-K,False,https://www.sec.gov/Archives/edgar/data/1670541/000167054126000097/0001670541-26-000097-index.htm,https://www.sec.gov/Archives/edgar/data/1670541/000167054126000097/adnt-20260813.htm
IVCPW,0001845123,2026-08-13 00:00:00,2026-08-13 06:35:15,8-K,True,https://www.sec.gov/Archives/edgar/data/1845123/000121390026088659/0001213900-26-088659-index.htm,https://www.sec.gov/Archives/edgar/data/1845123/000121390026088659/ea030179801ex99-1.htm
IVCP,0001845123,2026-08-13 00:00:00,2026-08-13 06:35:15,8-K,True,https://www.sec.gov/Archives/edgar/data/1845123/000121390026088659/0001213900-26-088659-index.htm,https://www.sec.gov/Archives/edgar/data/1845123/000121390026088659/ea030179801ex99-1.htm
IVCPU,0001845123,2026-08-13 00:00:00,2026-08-13 06:35:15,8-K,True,https://www.sec.gov/Archives/edgar/data/1845123/000121390026088659/0001213900-26-088659-index.htm,https://www.sec.gov/Archives/edgar/data/1845123/000121390026088659/ea030179801ex99-1.htm
ANNAW,0001845123,2026-08-13 00:00:00,2026-08-13 06:35:15,8-K,True,https://www.sec.gov/Archives/edgar/data/1845123/000121390026088659/0001213900-26-088659-index.htm,https://www.sec.gov/Archives/edgar/data/1845123/000121390026088659/ea030179801ex99-1.htm
ANNA,0001845123,2026-08-13 00:00:00,2026-08-13 06:35:15,8-K,True,https://www.sec.gov/Archives/edgar/data/1845123/000121390026088659/0001213900-26-088659-index.htm,https://www.sec.gov/Archives/edgar/data/1845123/000121390026088659/ea030179801ex99-1.htm
WWW,0000110471,2026-08-13 00:00:00,2026-08-13 06:31:06,8-K,True,https://www.sec.gov/Archives/edgar/data/110471/000162828026056455/0001628280-26-056455-index.htm,https://www.sec.gov/Archives/edgar/data/110471/000162828026056455/earningsrelease2026-q2.htm
AIRO,0001927958,2026-08-13 00:00:00,2026-08-13 06:30:22,8-K,True,https://www.sec.gov/Archives/edgar/data/1927958/000149315226037544/0001493152-26-037544-index.htm,https://www.sec.gov/Archives/edgar/data/1927958/000149315226037544/ex99-1.htm
CCHWF,0001776738,2026-08-13 00:00:00,2026-08-13 06:28:11,8-K,False,https://www.sec.gov/Archives/edgar/data/1776738/000114036126032617/0001140361-26-032617-index.htm,https://www.sec.gov/Archives/edgar/data/1776738/000114036126032617/ef20080128_8k.htm
GNL-PE,0001526113,2026-08-13 00:00:00,2026-08-13 06:15:38,8-K,False,https://www.sec.gov/Archives/edgar/data/1526113/000110465926095323/0001104659-26-095323-index.htm,https://www.sec.gov/Archives/edgar/data/1526113/000110465926095323/tm2622741d1_8k.htm
GNL-PD,0001526113,2026-08-13 00:00:00,2026-08-13 06:15:38,8-K,False,https://www.sec.gov/Archives/edgar/data/1526113/000110465926095323/0001104659-26-095323-index.htm,https://www.sec.gov/Archives/edgar/data/1526113/000110465926095323/tm2622741d1_8k.htm
GNL-PA,0001526113,2026-08-13 00:00:00,2026-08-13 06:15:38,8-K,False,https://www.sec.gov/Archives/edgar/data/1526113/000110465926095323/0001104659-26-095323-index.htm,https://www.sec.gov/Archives/edgar/data/1526113/000110465926095323/tm2622741d1_8k.htm
GNL-PB,0001526113,2026-08-13 00:00:00,2026-08-13 06:15:38,8-K,False,https://www.sec.gov/Archives/edgar/data/1526113/000110465926095323/0001104659-26-095323-index.htm,https://www.sec.gov/Archives/edgar/data/1526113/000110465926095323/tm2622741d1_8k.htm
GNL,0001526113,2026-08-13 00:00:00,2026-08-13 06:15:38,8-K,False,https://www.sec.gov/Archives/edgar/data/1526113/000110465926095323/0001104659-26-095323-index.htm,https://www.sec.gov/Archives/edgar/data/1526113/000110465926095323/tm2622741d1_8k.htm
RMTI,0001041024,2026-08-13 00:00:00,2026-08-13 06:14:04,8-K,True,https://www.sec.gov/Archives/edgar/data/1041024/000162828026056454/0001628280-26-056454-index.htm,https://www.sec.gov/Archives/edgar/data/1041024/000162828026056454/a2026q2-26xearningsxpr.htm
VACQ,0001819994,2026-08-13 00:00:00,2026-08-13 06:09:50,8-K,True,https://www.sec.gov/Archives/edgar/data/1819994/000175392626001454/0001753926-26-001454-index.htm,https://www.sec.gov/Archives/edgar/data/1819994/000175392626001454/g085841_ex99-3.htm
RKLB,0001819994,2026-08-13 00:00:00,2026-08-13 06:09:50,8-K,True,https://www.sec.gov/Archives/edgar/data/1819994/000175392626001454/0001753926-26-001454-index.htm,https://www.sec.gov/Archives/edgar/data/1819994/000175392626001454/g085841_ex99-3.htm
VACQU,0001819994,2026-08-13 00:00:00,2026-08-13 06:09:50,8-K,True,https://www.sec.gov/Archives/edgar/data/1819994/000175392626001454/0001753926-26-001454-index.htm,https://www.sec.gov/Archives/edgar/data/1819994/000175392626001454/g085841_ex99-3.htm
XXII,0001347858,2026-08-13 00:00:00,2026-08-13 06:06:03,8-K,True,https://www.sec.gov/Archives/edgar/data/1347858/000149315226037524/0001493152-26-037524-index.htm,https://www.sec.gov/Archives/edgar/data/1347858/000149315226037524/ex99-1.htm
IPOBU,0001801169,2026-08-13 00:00:00,2026-08-13 06:05:25,8-K,False,https://www.sec.gov/Archives/edgar/data/1801169/000114036126032600/0001140361-26-032600-index.htm,https://www.sec.gov/Archives/edgar/data/1801169/000114036126032600/ef20080105_8k.htm
IPOCU,0001801169,2026-08-13 00:00:00,2026-08-13 06:05:25,8-K,False,https://www.sec.gov/Archives/edgar/data/1801169/000114036126032600/0001140361-26-032600-index.htm,https://www.sec.gov/Archives/edgar/data/1801169/000114036126032600/ef20080105_8k.htm
OPEN,0001801169,2026-08-13 00:00:00,2026-08-13 06:05:25,8-K,False,https://www.sec.gov/Archives/edgar/data/1801169/000114036126032600/0001140361-26-032600-index.htm,https://www.sec.gov/Archives/edgar/data/1801169/000114036126032600/ef20080105_8k.htm
XE,0002088896,2026-08-13 00:00:00,2026-08-13 06:04:30,8-K,True,https://www.sec.gov/Archives/edgar/data/2088896/000119312526347740/0001193125-26-347740-index.htm,https://www.sec.gov/Archives/edgar/data/2088896/000119312526347740/xe-ex99_1.htm
YETI,0001670592,2026-08-13 00:00:00,2026-08-13 06:04:03,8-K,True,https://www.sec.gov/Archives/edgar/data/1670592/000167059226000039/0001670592-26-000039-index.htm,https://www.sec.gov/Archives/edgar/data/1670592/000167059226000039/yeti-20260813xex991pressre.htm
DKL,0001552797,2026-08-13 00:00:00,2026-08-13 06:03:21,8-K,False,https://www.sec.gov/Archives/edgar/data/1552797/000119312526347734/0001193125-26-347734-index.htm,https://www.sec.gov/Archives/edgar/data/1552797/000119312526347734/d92225d8k.htm
SMTC,0000088941,2026-08-13 00:00:00,2026-08-13 06:01:11,8-K,False,https://www.sec.gov/Archives/edgar/data/88941/000119312526347716/0001193125-26-347716-index.htm,https://www.sec.gov/Archives/edgar/data/88941/000119312526347716/d123711d8k.htm
ON,0001097864,2026-08-13 00:00:00,2026-08-13 06:01:02,8-K,False,https://www.sec.gov/Archives/edgar/data/1097864/000114036126032594/0001140361-26-032594-index.htm,https://www.sec.gov/Archives/edgar/data/1097864/000114036126032594/ef20080111_8k.htm
