symbol,filingDate,filing_detail_url,document_type,document_description,document_url,matched,error
NSAI,2026-08-28 00:00:00,https://www.sec.gov/Archives/edgar/data/2133719/000121390026094593/0001213900-26-094593-index.htm,8-K,CURRENT REPORT,https://www.sec.gov/Archives/edgar/data/2133719/000121390026094593/ea0303366-8k_northstrive1.htm,False,
NSAI,2026-08-28 00:00:00,https://www.sec.gov/Archives/edgar/data/2133719/000121390026094593/0001213900-26-094593-index.htm,EX-99.1,"AUDITED BALANCE SHEET AS OF AUGUST 19, 2026",https://www.sec.gov/Archives/edgar/data/2133719/000121390026094593/ea030336601ex99-1.htm,False,
NSAIU,2026-08-28 00:00:00,https://www.sec.gov/Archives/edgar/data/2133719/000121390026094593/0001213900-26-094593-index.htm,8-K,CURRENT REPORT,https://www.sec.gov/Archives/edgar/data/2133719/000121390026094593/ea0303366-8k_northstrive1.htm,False,
NSAIU,2026-08-28 00:00:00,https://www.sec.gov/Archives/edgar/data/2133719/000121390026094593/0001213900-26-094593-index.htm,EX-99.1,"AUDITED BALANCE SHEET AS OF AUGUST 19, 2026",https://www.sec.gov/Archives/edgar/data/2133719/000121390026094593/ea030336601ex99-1.htm,False,
ESI,2026-08-28 00:00:00,https://www.sec.gov/Archives/edgar/data/1590714/000110465926102559/0001104659-26-102559-index.htm,8-K,FORM 8-K,https://www.sec.gov/Archives/edgar/data/1590714/000110465926102559/tm2624245d1_8k.htm,True,
ESI,2026-08-28 00:00:00,https://www.sec.gov/Archives/edgar/data/1590714/000110465926102559/0001104659-26-102559-index.htm,EX-99.1,EXHIBIT 99.1,https://www.sec.gov/Archives/edgar/data/1590714/000110465926102559/tm2624245d1_ex99-1.htm,False,
BBCQ,2026-08-27 00:00:00,https://www.sec.gov/Archives/edgar/data/2088295/000121390026094397/0001213900-26-094397-index.htm,8-K,CURRENT REPORT,https://www.sec.gov/Archives/edgar/data/2088295/000121390026094397/ea0303688-8k_bleich2.htm,False,
BBCQ,2026-08-27 00:00:00,https://www.sec.gov/Archives/edgar/data/2088295/000121390026094397/0001213900-26-094397-index.htm,EX-99.1,"PRESS RELEASE, DATED AUGUST 27, 2026",https://www.sec.gov/Archives/edgar/data/2088295/000121390026094397/ea030368801ex99-1.htm,False,
BBCQU,2026-08-27 00:00:00,https://www.sec.gov/Archives/edgar/data/2088295/000121390026094397/0001213900-26-094397-index.htm,8-K,CURRENT REPORT,https://www.sec.gov/Archives/edgar/data/2088295/000121390026094397/ea0303688-8k_bleich2.htm,False,
BBCQU,2026-08-27 00:00:00,https://www.sec.gov/Archives/edgar/data/2088295/000121390026094397/0001213900-26-094397-index.htm,EX-99.1,"PRESS RELEASE, DATED AUGUST 27, 2026",https://www.sec.gov/Archives/edgar/data/2088295/000121390026094397/ea030368801ex99-1.htm,False,
BBCQW,2026-08-27 00:00:00,https://www.sec.gov/Archives/edgar/data/2088295/000121390026094397/0001213900-26-094397-index.htm,8-K,CURRENT REPORT,https://www.sec.gov/Archives/edgar/data/2088295/000121390026094397/ea0303688-8k_bleich2.htm,False,
BBCQW,2026-08-27 00:00:00,https://www.sec.gov/Archives/edgar/data/2088295/000121390026094397/0001213900-26-094397-index.htm,EX-99.1,"PRESS RELEASE, DATED AUGUST 27, 2026",https://www.sec.gov/Archives/edgar/data/2088295/000121390026094397/ea030368801ex99-1.htm,False,
NWS,2026-08-28 00:00:00,https://www.sec.gov/Archives/edgar/data/1564708/000156470826000190/0001564708-26-000190-index.htm,8-K,8-K,https://www.sec.gov/Archives/edgar/data/1564708/000156470826000190/nws-20260827.htm,False,
NWS,2026-08-28 00:00:00,https://www.sec.gov/Archives/edgar/data/1564708/000156470826000190/0001564708-26-000190-index.htm,EX-99.1,EX-99.1,https://www.sec.gov/Archives/edgar/data/1564708/000156470826000190/appendix3cclassa20260827.htm,False,
NWSA,2026-08-28 00:00:00,https://www.sec.gov/Archives/edgar/data/1564708/000156470826000190/0001564708-26-000190-index.htm,8-K,8-K,https://www.sec.gov/Archives/edgar/data/1564708/000156470826000190/nws-20260827.htm,False,
NWSA,2026-08-28 00:00:00,https://www.sec.gov/Archives/edgar/data/1564708/000156470826000190/0001564708-26-000190-index.htm,EX-99.1,EX-99.1,https://www.sec.gov/Archives/edgar/data/1564708/000156470826000190/appendix3cclassa20260827.htm,False,
LMT,2026-08-28 00:00:00,https://www.sec.gov/Archives/edgar/data/936468/000119312526371750/0001193125-26-371750-index.htm,8-K,8-K,https://www.sec.gov/Archives/edgar/data/936468/000119312526371750/d177255d8k.htm,True,
LMT,2026-08-28 00:00:00,https://www.sec.gov/Archives/edgar/data/936468/000119312526371750/0001193125-26-371750-index.htm,EX-10.1,EX-10.1,https://www.sec.gov/Archives/edgar/data/936468/000119312526371750/d177255dex101.htm,True,
LMT,2026-08-28 00:00:00,https://www.sec.gov/Archives/edgar/data/936468/000119312526371750/0001193125-26-371750-index.htm,EX-10.2,EX-10.2,https://www.sec.gov/Archives/edgar/data/936468/000119312526371750/d177255dex102.htm,True,
JBGS,2026-08-28 00:00:00,https://www.sec.gov/Archives/edgar/data/1689796/000110465926102540/0001104659-26-102540-index.htm,8-K,FORM 8-K,https://www.sec.gov/Archives/edgar/data/1689796/000110465926102540/tm2624164d1_8k.htm,True,
JBGS,2026-08-28 00:00:00,https://www.sec.gov/Archives/edgar/data/1689796/000110465926102540/0001104659-26-102540-index.htm,EX-10.1,EXHIBIT 10.1,https://www.sec.gov/Archives/edgar/data/1689796/000110465926102540/tm2624164d1_ex10-1.htm,True,
JBGS,2026-08-28 00:00:00,https://www.sec.gov/Archives/edgar/data/1689796/000110465926102540/0001104659-26-102540-index.htm,EX-10.2,EXHIBIT 10.2,https://www.sec.gov/Archives/edgar/data/1689796/000110465926102540/tm2624164d1_ex10-2.htm,True,
None,2026-08-28 00:00:00,https://www.sec.gov/Archives/edgar/data/2083477/000119312526371676/0001193125-26-371676-index.htm,8-K,8-K,https://www.sec.gov/Archives/edgar/data/2083477/000119312526371676/d160741d8k.htm,True,
None,2026-08-28 00:00:00,https://www.sec.gov/Archives/edgar/data/2083477/000119312526371676/0001193125-26-371676-index.htm,EX-10.1,EX-10.1,https://www.sec.gov/Archives/edgar/data/2083477/000119312526371676/d160741dex101.htm,True,
SFST,2026-08-28 00:00:00,https://www.sec.gov/Archives/edgar/data/1090009/000120677426000469/0001206774-26-000469-index.htm,8-K,CURRENT REPORT,https://www.sec.gov/Archives/edgar/data/1090009/000120677426000469/sfst4682181-8k.htm,False,
BTGO,2026-08-28 00:00:00,https://www.sec.gov/Archives/edgar/data/1740604/000174060426000056/0001740604-26-000056-index.htm,8-K,8-K,https://www.sec.gov/Archives/edgar/data/1740604/000174060426000056/btgo-20260827.htm,True,
BTGO,2026-08-28 00:00:00,https://www.sec.gov/Archives/edgar/data/1740604/000174060426000056/0001740604-26-000056-index.htm,EX-99.1,EX-99.1,https://www.sec.gov/Archives/edgar/data/1740604/000174060426000056/btgo-exhibit991_20260827.htm,False,
WSBC,2026-08-27 00:00:00,https://www.sec.gov/Archives/edgar/data/203596/000119312526371610/0001193125-26-371610-index.htm,8-K,8-K,https://www.sec.gov/Archives/edgar/data/203596/000119312526371610/wsbc-20260827.htm,False,
WSBC,2026-08-27 00:00:00,https://www.sec.gov/Archives/edgar/data/203596/000119312526371610/0001193125-26-371610-index.htm,EX-99.1,EX-99.1,https://www.sec.gov/Archives/edgar/data/203596/000119312526371610/wsbc-ex99_1.htm,False,
WSBCP,2026-08-27 00:00:00,https://www.sec.gov/Archives/edgar/data/203596/000119312526371610/0001193125-26-371610-index.htm,8-K,8-K,https://www.sec.gov/Archives/edgar/data/203596/000119312526371610/wsbc-20260827.htm,False,
WSBCP,2026-08-27 00:00:00,https://www.sec.gov/Archives/edgar/data/203596/000119312526371610/0001193125-26-371610-index.htm,EX-99.1,EX-99.1,https://www.sec.gov/Archives/edgar/data/203596/000119312526371610/wsbc-ex99_1.htm,False,
ANZU,2026-08-27 00:00:00,https://www.sec.gov/Archives/edgar/data/1840877/000121390026094447/0001213900-26-094447-index.htm,8-K,CURRENT REPORT,https://www.sec.gov/Archives/edgar/data/1840877/000121390026094447/ea0303543-8k_envoy.htm,False,
ANZU,2026-08-27 00:00:00,https://www.sec.gov/Archives/edgar/data/1840877/000121390026094447/0001213900-26-094447-index.htm,EX-10.1,"EMPLOYMENT AGREEMENT BETWEEN ENVOY MEDICAL CORPORATION AND ROBERT POTASHNICK, DA",https://www.sec.gov/Archives/edgar/data/1840877/000121390026094447/ea030354301ex10-1.htm,False,
COCH,2026-08-27 00:00:00,https://www.sec.gov/Archives/edgar/data/1840877/000121390026094447/0001213900-26-094447-index.htm,8-K,CURRENT REPORT,https://www.sec.gov/Archives/edgar/data/1840877/000121390026094447/ea0303543-8k_envoy.htm,False,
COCH,2026-08-27 00:00:00,https://www.sec.gov/Archives/edgar/data/1840877/000121390026094447/0001213900-26-094447-index.htm,EX-10.1,"EMPLOYMENT AGREEMENT BETWEEN ENVOY MEDICAL CORPORATION AND ROBERT POTASHNICK, DA",https://www.sec.gov/Archives/edgar/data/1840877/000121390026094447/ea030354301ex10-1.htm,False,
COCHW,2026-08-27 00:00:00,https://www.sec.gov/Archives/edgar/data/1840877/000121390026094447/0001213900-26-094447-index.htm,8-K,CURRENT REPORT,https://www.sec.gov/Archives/edgar/data/1840877/000121390026094447/ea0303543-8k_envoy.htm,False,
COCHW,2026-08-27 00:00:00,https://www.sec.gov/Archives/edgar/data/1840877/000121390026094447/0001213900-26-094447-index.htm,EX-10.1,"EMPLOYMENT AGREEMENT BETWEEN ENVOY MEDICAL CORPORATION AND ROBERT POTASHNICK, DA",https://www.sec.gov/Archives/edgar/data/1840877/000121390026094447/ea030354301ex10-1.htm,False,
ANZUU,2026-08-27 00:00:00,https://www.sec.gov/Archives/edgar/data/1840877/000121390026094447/0001213900-26-094447-index.htm,8-K,CURRENT REPORT,https://www.sec.gov/Archives/edgar/data/1840877/000121390026094447/ea0303543-8k_envoy.htm,False,
ANZUU,2026-08-27 00:00:00,https://www.sec.gov/Archives/edgar/data/1840877/000121390026094447/0001213900-26-094447-index.htm,EX-10.1,"EMPLOYMENT AGREEMENT BETWEEN ENVOY MEDICAL CORPORATION AND ROBERT POTASHNICK, DA",https://www.sec.gov/Archives/edgar/data/1840877/000121390026094447/ea030354301ex10-1.htm,False,
ANZUW,2026-08-27 00:00:00,https://www.sec.gov/Archives/edgar/data/1840877/000121390026094447/0001213900-26-094447-index.htm,8-K,CURRENT REPORT,https://www.sec.gov/Archives/edgar/data/1840877/000121390026094447/ea0303543-8k_envoy.htm,False,
ANZUW,2026-08-27 00:00:00,https://www.sec.gov/Archives/edgar/data/1840877/000121390026094447/0001213900-26-094447-index.htm,EX-10.1,"EMPLOYMENT AGREEMENT BETWEEN ENVOY MEDICAL CORPORATION AND ROBERT POTASHNICK, DA",https://www.sec.gov/Archives/edgar/data/1840877/000121390026094447/ea030354301ex10-1.htm,False,
HCWC,2026-08-27 00:00:00,https://www.sec.gov/Archives/edgar/data/1948864/000149315226040455/0001493152-26-040455-index.htm,8-K,8-K,https://www.sec.gov/Archives/edgar/data/1948864/000149315226040455/form8-k.htm,False,
HCWC,2026-08-27 00:00:00,https://www.sec.gov/Archives/edgar/data/1948864/000149315226040455/0001493152-26-040455-index.htm,EX-99.1,EX-99.1,https://www.sec.gov/Archives/edgar/data/1948864/000149315226040455/ex99-1.htm,False,
None,2026-08-27 00:00:00,https://www.sec.gov/Archives/edgar/data/2038564/000203856426000012/0002038564-26-000012-index.htm,8-K,CURRENT REPORT,https://www.sec.gov/Archives/edgar/data/2038564/000203856426000012/alpga-20260825_8k.htm,True,
None,2026-08-27 00:00:00,https://www.sec.gov/Archives/edgar/data/2038564/000203856426000012/0002038564-26-000012-index.htm,EX-10.1,EXECUTIVE EMPLOYMENT AGREEMENT - LCU,https://www.sec.gov/Archives/edgar/data/2038564/000203856426000012/alpga_ex10-1.htm,False,
None,2026-08-27 00:00:00,https://www.sec.gov/Archives/edgar/data/2038564/000203856426000012/0002038564-26-000012-index.htm,EX-10.2,EXECUTIVE EMPLOYMENT AGREEMENT - SS,https://www.sec.gov/Archives/edgar/data/2038564/000203856426000012/alpga_ex10-2.htm,False,
ELAB,2026-08-27 00:00:00,https://www.sec.gov/Archives/edgar/data/1840563/000121390026094443/0001213900-26-094443-index.htm,8-K,CURRENT REPORT,https://www.sec.gov/Archives/edgar/data/1840563/000121390026094443/ea0303620-8k_pmgc.htm,True,
ELAB,2026-08-27 00:00:00,https://www.sec.gov/Archives/edgar/data/1840563/000121390026094443/0001213900-26-094443-index.htm,EX-10.1,TRADEMARK LICENSE AGREEMENT BETWEEN THE COMPANY AND NORTHSTRIVE COMPANIES INC. D,https://www.sec.gov/Archives/edgar/data/1840563/000121390026094443/ea030362001ex10-1.htm,False,
ELAB,2026-08-27 00:00:00,https://www.sec.gov/Archives/edgar/data/1840563/000121390026094443/0001213900-26-094443-index.htm,EX-10.2,"EXCHANGE AGREEMENT BETWEEN THE COMPANY AND STREETERVILLE CAPITAL, LLC DATED AUGU",https://www.sec.gov/Archives/edgar/data/1840563/000121390026094443/ea030362001ex10-2.htm,False,
ELAB,2026-08-27 00:00:00,https://www.sec.gov/Archives/edgar/data/1840563/000121390026094443/0001213900-26-094443-index.htm,EX-99.1,"PRESS RELEASE DATED AUGUST 25, 2026",https://www.sec.gov/Archives/edgar/data/1840563/000121390026094443/ea030362001ex99-1.htm,False,
ROIVW,2026-08-27 00:00:00,https://www.sec.gov/Archives/edgar/data/1635088/000114036126034735/0001140361-26-034735-index.htm,8-K,8-K,https://www.sec.gov/Archives/edgar/data/1635088/000114036126034735/ef20081229_8k.htm,False,
ROIVW,2026-08-27 00:00:00,https://www.sec.gov/Archives/edgar/data/1635088/000114036126034735/0001140361-26-034735-index.htm,EX-99.1,EXHIBIT 99.1,https://www.sec.gov/Archives/edgar/data/1635088/000114036126034735/ef20081229_ex99-1.htm,False,
ROIV,2026-08-27 00:00:00,https://www.sec.gov/Archives/edgar/data/1635088/000114036126034735/0001140361-26-034735-index.htm,8-K,8-K,https://www.sec.gov/Archives/edgar/data/1635088/000114036126034735/ef20081229_8k.htm,False,
ROIV,2026-08-27 00:00:00,https://www.sec.gov/Archives/edgar/data/1635088/000114036126034735/0001140361-26-034735-index.htm,EX-99.1,EXHIBIT 99.1,https://www.sec.gov/Archives/edgar/data/1635088/000114036126034735/ef20081229_ex99-1.htm,False,
LRCX,2026-08-27 00:00:00,https://www.sec.gov/Archives/edgar/data/707549/000070754926000043/0000707549-26-000043-index.htm,8-K,8-K,https://www.sec.gov/Archives/edgar/data/707549/000070754926000043/lrcx-20260824.htm,False,
KOSS,2026-08-27 00:00:00,https://www.sec.gov/Archives/edgar/data/56701/000005670126000032/0000056701-26-000032-index.htm,8-K,8-K,https://www.sec.gov/Archives/edgar/data/56701/000005670126000032/koss-20260827x8k.htm,False,
KOSS,2026-08-27 00:00:00,https://www.sec.gov/Archives/edgar/data/56701/000005670126000032/0000056701-26-000032-index.htm,EX-99.1,EX-99.1,https://www.sec.gov/Archives/edgar/data/56701/000005670126000032/koss-20260827xex99_1.htm,False,
SOLS,2026-08-27 00:00:00,https://www.sec.gov/Archives/edgar/data/2064953/000110465926102503/0001104659-26-102503-index.htm,8-K,FORM 8-K,https://www.sec.gov/Archives/edgar/data/2064953/000110465926102503/tm2620579d9_8k.htm,True,
SOLS,2026-08-27 00:00:00,https://www.sec.gov/Archives/edgar/data/2064953/000110465926102503/0001104659-26-102503-index.htm,EX-10.1,EXHIBIT 10.1,https://www.sec.gov/Archives/edgar/data/2064953/000110465926102503/tm2620579d9_ex10-1.htm,False,
SOLS,2026-08-27 00:00:00,https://www.sec.gov/Archives/edgar/data/2064953/000110465926102503/0001104659-26-102503-index.htm,EX-99.1,EXHIBIT 99.1,https://www.sec.gov/Archives/edgar/data/2064953/000110465926102503/tm2620579d9_ex99-1.htm,False,
ANRO,2026-08-27 00:00:00,https://www.sec.gov/Archives/edgar/data/1999480/000199948026000024/0001999480-26-000024-index.htm,8-K,8-K,https://www.sec.gov/Archives/edgar/data/1999480/000199948026000024/alto-20260826.htm,False,
ANRO,2026-08-27 00:00:00,https://www.sec.gov/Archives/edgar/data/1999480/000199948026000024/0001999480-26-000024-index.htm,EX-10.1,EX-10.1,https://www.sec.gov/Archives/edgar/data/1999480/000199948026000024/ex101-promotionretentionag.htm,False,
SOV,2026-08-27 00:00:00,https://www.sec.gov/Archives/edgar/data/811830/000119312526371544/0001193125-26-371544-index.htm,8-K,8-K,https://www.sec.gov/Archives/edgar/data/811830/000119312526371544/d430633d8k.htm,False,
None,2026-08-27 00:00:00,https://www.sec.gov/Archives/edgar/data/1329842/000165495426007923/0001654954-26-007923-index.htm,8-K,FORM 8-K,https://www.sec.gov/Archives/edgar/data/1329842/000165495426007923/fhlbny_8k.htm,False,
None,2026-08-27 00:00:00,https://www.sec.gov/Archives/edgar/data/1329842/000165495426007923/0001654954-26-007923-index.htm,EX-99.1,SCHEDULE A,https://www.sec.gov/Archives/edgar/data/1329842/000165495426007923/fhlbny_ex991.htm,False,
DMAQR,2026-08-27 00:00:00,https://www.sec.gov/Archives/edgar/data/1857086/000149315226040430/0001493152-26-040430-index.htm,8-K,8-K,https://www.sec.gov/Archives/edgar/data/1857086/000149315226040430/form8-k.htm,True,
DMAQ,2026-08-27 00:00:00,https://www.sec.gov/Archives/edgar/data/1857086/000149315226040430/0001493152-26-040430-index.htm,8-K,8-K,https://www.sec.gov/Archives/edgar/data/1857086/000149315226040430/form8-k.htm,True,
TRUG,2026-08-27 00:00:00,https://www.sec.gov/Archives/edgar/data/1857086/000149315226040430/0001493152-26-040430-index.htm,8-K,8-K,https://www.sec.gov/Archives/edgar/data/1857086/000149315226040430/form8-k.htm,True,
None,2026-08-27 00:00:00,https://www.sec.gov/Archives/edgar/data/2068385/000149315226040426/0001493152-26-040426-index.htm,8-K,8-K,https://www.sec.gov/Archives/edgar/data/2068385/000149315226040426/form8-k.htm,True,
None,2026-08-27 00:00:00,https://www.sec.gov/Archives/edgar/data/2068385/000149315226040426/0001493152-26-040426-index.htm,EX-10.1,EX-10.1,https://www.sec.gov/Archives/edgar/data/2068385/000149315226040426/ex10-1.htm,False,
None,2026-08-27 00:00:00,https://www.sec.gov/Archives/edgar/data/2068385/000149315226040426/0001493152-26-040426-index.htm,EX-99.1,EX-99.1,https://www.sec.gov/Archives/edgar/data/2068385/000149315226040426/ex99-1.htm,False,
SOBR,2026-08-27 00:00:00,https://www.sec.gov/Archives/edgar/data/1425627/000147793226005300/0001477932-26-005300-index.htm,8-K,FORM 8-K,https://www.sec.gov/Archives/edgar/data/1425627/000147793226005300/sobr_8k.htm,False,
RWODU,2026-08-27 00:00:00,https://www.sec.gov/Archives/edgar/data/1907223/000121390026094429/0001213900-26-094429-index.htm,8-K,CURRENT REPORT,https://www.sec.gov/Archives/edgar/data/1907223/000121390026094429/ea0303537-8k_greenland.htm,True,
RWODU,2026-08-27 00:00:00,https://www.sec.gov/Archives/edgar/data/1907223/000121390026094429/0001213900-26-094429-index.htm,EX-10.1,FORM OF SECURITIES PURCHASE AGREEMENT,https://www.sec.gov/Archives/edgar/data/1907223/000121390026094429/ea030353701ex10-1.htm,True,
RWODU,2026-08-27 00:00:00,https://www.sec.gov/Archives/edgar/data/1907223/000121390026094429/0001213900-26-094429-index.htm,EX-10.2,"PLACEMENT AGENCY AGREEMENT, DATED AUGUST 26, 2026, BETWEEN GREENLAND MINES LTD A",https://www.sec.gov/Archives/edgar/data/1907223/000121390026094429/ea030353701ex10-2.htm,False,
RWODU,2026-08-27 00:00:00,https://www.sec.gov/Archives/edgar/data/1907223/000121390026094429/0001213900-26-094429-index.htm,EX-99.1,"LAUNCH PRESS RELEASE DATED AUGUST 25, 2026",https://www.sec.gov/Archives/edgar/data/1907223/000121390026094429/ea030353701ex99-1.htm,False,
RWODR,2026-08-27 00:00:00,https://www.sec.gov/Archives/edgar/data/1907223/000121390026094429/0001213900-26-094429-index.htm,8-K,CURRENT REPORT,https://www.sec.gov/Archives/edgar/data/1907223/000121390026094429/ea0303537-8k_greenland.htm,True,
RWODR,2026-08-27 00:00:00,https://www.sec.gov/Archives/edgar/data/1907223/000121390026094429/0001213900-26-094429-index.htm,EX-10.1,FORM OF SECURITIES PURCHASE AGREEMENT,https://www.sec.gov/Archives/edgar/data/1907223/000121390026094429/ea030353701ex10-1.htm,True,
RWODR,2026-08-27 00:00:00,https://www.sec.gov/Archives/edgar/data/1907223/000121390026094429/0001213900-26-094429-index.htm,EX-10.2,"PLACEMENT AGENCY AGREEMENT, DATED AUGUST 26, 2026, BETWEEN GREENLAND MINES LTD A",https://www.sec.gov/Archives/edgar/data/1907223/000121390026094429/ea030353701ex10-2.htm,False,
RWODR,2026-08-27 00:00:00,https://www.sec.gov/Archives/edgar/data/1907223/000121390026094429/0001213900-26-094429-index.htm,EX-99.1,"LAUNCH PRESS RELEASE DATED AUGUST 25, 2026",https://www.sec.gov/Archives/edgar/data/1907223/000121390026094429/ea030353701ex99-1.htm,False,
RWODW,2026-08-27 00:00:00,https://www.sec.gov/Archives/edgar/data/1907223/000121390026094429/0001213900-26-094429-index.htm,8-K,CURRENT REPORT,https://www.sec.gov/Archives/edgar/data/1907223/000121390026094429/ea0303537-8k_greenland.htm,True,
RWODW,2026-08-27 00:00:00,https://www.sec.gov/Archives/edgar/data/1907223/000121390026094429/0001213900-26-094429-index.htm,EX-10.1,FORM OF SECURITIES PURCHASE AGREEMENT,https://www.sec.gov/Archives/edgar/data/1907223/000121390026094429/ea030353701ex10-1.htm,True,
RWODW,2026-08-27 00:00:00,https://www.sec.gov/Archives/edgar/data/1907223/000121390026094429/0001213900-26-094429-index.htm,EX-10.2,"PLACEMENT AGENCY AGREEMENT, DATED AUGUST 26, 2026, BETWEEN GREENLAND MINES LTD A",https://www.sec.gov/Archives/edgar/data/1907223/000121390026094429/ea030353701ex10-2.htm,False,
RWODW,2026-08-27 00:00:00,https://www.sec.gov/Archives/edgar/data/1907223/000121390026094429/0001213900-26-094429-index.htm,EX-99.1,"LAUNCH PRESS RELEASE DATED AUGUST 25, 2026",https://www.sec.gov/Archives/edgar/data/1907223/000121390026094429/ea030353701ex99-1.htm,False,
RWOD,2026-08-27 00:00:00,https://www.sec.gov/Archives/edgar/data/1907223/000121390026094429/0001213900-26-094429-index.htm,8-K,CURRENT REPORT,https://www.sec.gov/Archives/edgar/data/1907223/000121390026094429/ea0303537-8k_greenland.htm,True,
RWOD,2026-08-27 00:00:00,https://www.sec.gov/Archives/edgar/data/1907223/000121390026094429/0001213900-26-094429-index.htm,EX-10.1,FORM OF SECURITIES PURCHASE AGREEMENT,https://www.sec.gov/Archives/edgar/data/1907223/000121390026094429/ea030353701ex10-1.htm,True,
RWOD,2026-08-27 00:00:00,https://www.sec.gov/Archives/edgar/data/1907223/000121390026094429/0001213900-26-094429-index.htm,EX-10.2,"PLACEMENT AGENCY AGREEMENT, DATED AUGUST 26, 2026, BETWEEN GREENLAND MINES LTD A",https://www.sec.gov/Archives/edgar/data/1907223/000121390026094429/ea030353701ex10-2.htm,False,
RWOD,2026-08-27 00:00:00,https://www.sec.gov/Archives/edgar/data/1907223/000121390026094429/0001213900-26-094429-index.htm,EX-99.1,"LAUNCH PRESS RELEASE DATED AUGUST 25, 2026",https://www.sec.gov/Archives/edgar/data/1907223/000121390026094429/ea030353701ex99-1.htm,False,
LGTOW,2026-08-27 00:00:00,https://www.sec.gov/Archives/edgar/data/1883814/000182912626009431/0001829126-26-009431-index.htm,8-K,8-K,https://www.sec.gov/Archives/edgar/data/1883814/000182912626009431/southland_8k.htm,True,
LGTOW,2026-08-27 00:00:00,https://www.sec.gov/Archives/edgar/data/1883814/000182912626009431/0001829126-26-009431-index.htm,EX-10.1,EXHIBIT 10.1,https://www.sec.gov/Archives/edgar/data/1883814/000182912626009431/southland_ex10-1.htm,False,
LGTO,2026-08-27 00:00:00,https://www.sec.gov/Archives/edgar/data/1883814/000182912626009431/0001829126-26-009431-index.htm,8-K,8-K,https://www.sec.gov/Archives/edgar/data/1883814/000182912626009431/southland_8k.htm,True,
LGTO,2026-08-27 00:00:00,https://www.sec.gov/Archives/edgar/data/1883814/000182912626009431/0001829126-26-009431-index.htm,EX-10.1,EXHIBIT 10.1,https://www.sec.gov/Archives/edgar/data/1883814/000182912626009431/southland_ex10-1.htm,False,
LGTOU,2026-08-27 00:00:00,https://www.sec.gov/Archives/edgar/data/1883814/000182912626009431/0001829126-26-009431-index.htm,8-K,8-K,https://www.sec.gov/Archives/edgar/data/1883814/000182912626009431/southland_8k.htm,True,
LGTOU,2026-08-27 00:00:00,https://www.sec.gov/Archives/edgar/data/1883814/000182912626009431/0001829126-26-009431-index.htm,EX-10.1,EXHIBIT 10.1,https://www.sec.gov/Archives/edgar/data/1883814/000182912626009431/southland_ex10-1.htm,False,
SLND,2026-08-27 00:00:00,https://www.sec.gov/Archives/edgar/data/1883814/000182912626009431/0001829126-26-009431-index.htm,8-K,8-K,https://www.sec.gov/Archives/edgar/data/1883814/000182912626009431/southland_8k.htm,True,
SLND,2026-08-27 00:00:00,https://www.sec.gov/Archives/edgar/data/1883814/000182912626009431/0001829126-26-009431-index.htm,EX-10.1,EXHIBIT 10.1,https://www.sec.gov/Archives/edgar/data/1883814/000182912626009431/southland_ex10-1.htm,False,
KTWOU,2026-08-27 00:00:00,https://www.sec.gov/Archives/edgar/data/2086524/000121390026094428/0001213900-26-094428-index.htm,8-K,CURRENT REPORT,https://www.sec.gov/Archives/edgar/data/2086524/000121390026094428/ea0303576-8k_k2cap.htm,True,
KTWOU,2026-08-27 00:00:00,https://www.sec.gov/Archives/edgar/data/2086524/000121390026094428/0001213900-26-094428-index.htm,EX-10.1,AMENDMENT NO. 1 TO INSIDER LETTER,https://www.sec.gov/Archives/edgar/data/2086524/000121390026094428/ea030357601ex10-1.htm,False,
KTWOR,2026-08-27 00:00:00,https://www.sec.gov/Archives/edgar/data/2086524/000121390026094428/0001213900-26-094428-index.htm,8-K,CURRENT REPORT,https://www.sec.gov/Archives/edgar/data/2086524/000121390026094428/ea0303576-8k_k2cap.htm,True,
KTWOR,2026-08-27 00:00:00,https://www.sec.gov/Archives/edgar/data/2086524/000121390026094428/0001213900-26-094428-index.htm,EX-10.1,AMENDMENT NO. 1 TO INSIDER LETTER,https://www.sec.gov/Archives/edgar/data/2086524/000121390026094428/ea030357601ex10-1.htm,False,
FSEA,2026-08-27 00:00:00,https://www.sec.gov/Archives/edgar/data/1943802/000094337426000392/0000943374-26-000392-index.htm,8-K,CURRENT REPORT FILING,https://www.sec.gov/Archives/edgar/data/1943802/000094337426000392/fsea-20260827.htm,False,
UA,2026-08-27 00:00:00,https://www.sec.gov/Archives/edgar/data/1336917/000133691726000119/0001336917-26-000119-index.htm,8-K,8-K,https://www.sec.gov/Archives/edgar/data/1336917/000133691726000119/ua-20260826.htm,False,
UA,2026-08-27 00:00:00,https://www.sec.gov/Archives/edgar/data/1336917/000133691726000119/0001336917-26-000119-index.htm,EX-10.1,EX-10.1,https://www.sec.gov/Archives/edgar/data/1336917/000133691726000119/ex101fifthamendedandrestat.htm,False,
UAA,2026-08-27 00:00:00,https://www.sec.gov/Archives/edgar/data/1336917/000133691726000119/0001336917-26-000119-index.htm,8-K,8-K,https://www.sec.gov/Archives/edgar/data/1336917/000133691726000119/ua-20260826.htm,False,
UAA,2026-08-27 00:00:00,https://www.sec.gov/Archives/edgar/data/1336917/000133691726000119/0001336917-26-000119-index.htm,EX-10.1,EX-10.1,https://www.sec.gov/Archives/edgar/data/1336917/000133691726000119/ex101fifthamendedandrestat.htm,False,
TDAC,2026-08-27 00:00:00,https://www.sec.gov/Archives/edgar/data/1673481/000149315226040421/0001493152-26-040421-index.htm,8-K,8-K,https://www.sec.gov/Archives/edgar/data/1673481/000149315226040421/form8-k.htm,False,
TDACU,2026-08-27 00:00:00,https://www.sec.gov/Archives/edgar/data/1673481/000149315226040421/0001493152-26-040421-index.htm,8-K,8-K,https://www.sec.gov/Archives/edgar/data/1673481/000149315226040421/form8-k.htm,False,
LTRYW,2026-08-27 00:00:00,https://www.sec.gov/Archives/edgar/data/1673481/000149315226040421/0001493152-26-040421-index.htm,8-K,8-K,https://www.sec.gov/Archives/edgar/data/1673481/000149315226040421/form8-k.htm,False,
LTRY,2026-08-27 00:00:00,https://www.sec.gov/Archives/edgar/data/1673481/000149315226040421/0001493152-26-040421-index.htm,8-K,8-K,https://www.sec.gov/Archives/edgar/data/1673481/000149315226040421/form8-k.htm,False,
LTRX,2026-08-27 00:00:00,https://www.sec.gov/Archives/edgar/data/1114925/000168316826006750/0001683168-26-006750-index.htm,8-K,CURRENT REPORT,https://www.sec.gov/Archives/edgar/data/1114925/000168316826006750/lantronix_8k.htm,False,
LTRX,2026-08-27 00:00:00,https://www.sec.gov/Archives/edgar/data/1114925/000168316826006750/0001683168-26-006750-index.htm,EX-10.1,"AMENDMENT TO EMPLOYMENT AGREEMENT BETWEEN LANTRONIX, INC. AND SALEEL AWSARE",https://www.sec.gov/Archives/edgar/data/1114925/000168316826006750/lantronix_ex1001.htm,False,
LTRX,2026-08-27 00:00:00,https://www.sec.gov/Archives/edgar/data/1114925/000168316826006750/0001683168-26-006750-index.htm,EX-10.2,"AMENDMENT TO OFFER LETTER BETWEEN LANTRONIX, INC. AND KURT HOFF",https://www.sec.gov/Archives/edgar/data/1114925/000168316826006750/lantronix_ex1002.htm,False,
SATL,2026-08-27 00:00:00,https://www.sec.gov/Archives/edgar/data/1874315/000187431526000035/0001874315-26-000035-index.htm,8-K,8-K,https://www.sec.gov/Archives/edgar/data/1874315/000187431526000035/satl-20260821.htm,False,
SATLW,2026-08-27 00:00:00,https://www.sec.gov/Archives/edgar/data/1874315/000187431526000035/0001874315-26-000035-index.htm,8-K,8-K,https://www.sec.gov/Archives/edgar/data/1874315/000187431526000035/satl-20260821.htm,False,
GWAV,2026-08-27 00:00:00,https://www.sec.gov/Archives/edgar/data/1589149/000149315226040419/0001493152-26-040419-index.htm,8-K,8-K,https://www.sec.gov/Archives/edgar/data/1589149/000149315226040419/form8-k.htm,True,
GWAV,2026-08-27 00:00:00,https://www.sec.gov/Archives/edgar/data/1589149/000149315226040419/0001493152-26-040419-index.htm,EX-10.1,EX-10.1,https://www.sec.gov/Archives/edgar/data/1589149/000149315226040419/ex10-1.htm,False,
MSRT,2026-08-27 00:00:00,https://www.sec.gov/Archives/edgar/data/1589149/000149315226040419/0001493152-26-040419-index.htm,8-K,8-K,https://www.sec.gov/Archives/edgar/data/1589149/000149315226040419/form8-k.htm,True,
MSRT,2026-08-27 00:00:00,https://www.sec.gov/Archives/edgar/data/1589149/000149315226040419/0001493152-26-040419-index.htm,EX-10.1,EX-10.1,https://www.sec.gov/Archives/edgar/data/1589149/000149315226040419/ex10-1.htm,False,
CON,2026-08-27 00:00:00,https://www.sec.gov/Archives/edgar/data/2014596/000201459626000060/0002014596-26-000060-index.htm,8-K,8-K,https://www.sec.gov/Archives/edgar/data/2014596/000201459626000060/cghp-20260821.htm,True,
CON,2026-08-27 00:00:00,https://www.sec.gov/Archives/edgar/data/2014596/000201459626000060/0002014596-26-000060-index.htm,EX-10.1,EX-10.1,https://www.sec.gov/Archives/edgar/data/2014596/000201459626000060/exhibitversion-executedf.htm,False,
JBLU,2026-08-27 00:00:00,https://www.sec.gov/Archives/edgar/data/1158463/000115846326000085/0001158463-26-000085-index.htm,8-K,8-K,https://www.sec.gov/Archives/edgar/data/1158463/000115846326000085/jblu-20260824.htm,False,
None,2026-08-27 00:00:00,https://www.sec.gov/Archives/edgar/data/1948056/000194805626000072/0001948056-26-000072-index.htm,8-K,8-K,https://www.sec.gov/Archives/edgar/data/1948056/000194805626000072/kkr-20260821.htm,False,
DT,2026-08-27 00:00:00,https://www.sec.gov/Archives/edgar/data/1773383/000177338326000057/0001773383-26-000057-index.htm,8-K,8-K,https://www.sec.gov/Archives/edgar/data/1773383/000177338326000057/dt-20260826.htm,False,
SOWG,2026-08-27 00:00:00,https://www.sec.gov/Archives/edgar/data/1490161/000182912626009427/0001829126-26-009427-index.htm,8-K,8-K,https://www.sec.gov/Archives/edgar/data/1490161/000182912626009427/sowgood_8k.htm,True,
SOWG,2026-08-27 00:00:00,https://www.sec.gov/Archives/edgar/data/1490161/000182912626009427/0001829126-26-009427-index.htm,EX-10.1,EXHIBIT 10.1,https://www.sec.gov/Archives/edgar/data/1490161/000182912626009427/sowgood_ex10-1.htm,False,
RRBI,2026-08-27 00:00:00,https://www.sec.gov/Archives/edgar/data/1071236/000107123626000059/0001071236-26-000059-index.htm,8-K,8-K,https://www.sec.gov/Archives/edgar/data/1071236/000107123626000059/rrbi-20260827.htm,False,
RRBI,2026-08-27 00:00:00,https://www.sec.gov/Archives/edgar/data/1071236/000107123626000059/0001071236-26-000059-index.htm,EX-99.1,EX-99.1,https://www.sec.gov/Archives/edgar/data/1071236/000107123626000059/q32026dividendex991.htm,False,
CSWC,2026-08-27 00:00:00,https://www.sec.gov/Archives/edgar/data/17313/000001731326000131/0000017313-26-000131-index.htm,8-K,8-K,https://www.sec.gov/Archives/edgar/data/17313/000001731326000131/cswc-20260827.htm,False,
CSWC,2026-08-27 00:00:00,https://www.sec.gov/Archives/edgar/data/17313/000001731326000131/0000017313-26-000131-index.htm,EX-99.1,EX-99.1,https://www.sec.gov/Archives/edgar/data/17313/000001731326000131/cswc-pressreleasex123126di.htm,False,
CSWCZ,2026-08-27 00:00:00,https://www.sec.gov/Archives/edgar/data/17313/000001731326000131/0000017313-26-000131-index.htm,8-K,8-K,https://www.sec.gov/Archives/edgar/data/17313/000001731326000131/cswc-20260827.htm,False,
CSWCZ,2026-08-27 00:00:00,https://www.sec.gov/Archives/edgar/data/17313/000001731326000131/0000017313-26-000131-index.htm,EX-99.1,EX-99.1,https://www.sec.gov/Archives/edgar/data/17313/000001731326000131/cswc-pressreleasex123126di.htm,False,
ISBA,2026-08-27 00:00:00,https://www.sec.gov/Archives/edgar/data/842517/000084251726000190/0000842517-26-000190-index.htm,8-K,8-K,https://www.sec.gov/Archives/edgar/data/842517/000084251726000190/isba-20260827.htm,False,
ISBA,2026-08-27 00:00:00,https://www.sec.gov/Archives/edgar/data/842517/000084251726000190/0000842517-26-000190-index.htm,EX-99.1,EX-99.1,https://www.sec.gov/Archives/edgar/data/842517/000084251726000190/isba_2026q3xdivannxex991.htm,False,
None,2026-08-27 00:00:00,https://www.sec.gov/Archives/edgar/data/1957845/000195784526000078/0001957845-26-000078-index.htm,8-K,8-K,https://www.sec.gov/Archives/edgar/data/1957845/000195784526000078/kkr-20260821.htm,False,
AFRM,2026-08-27 00:00:00,https://www.sec.gov/Archives/edgar/data/1820953/000162828026059271/0001628280-26-059271-index.htm,8-K,8-K,https://www.sec.gov/Archives/edgar/data/1820953/000162828026059271/afrm-20260825.htm,False,
AFRM,2026-08-27 00:00:00,https://www.sec.gov/Archives/edgar/data/1820953/000162828026059271/0001628280-26-059271-index.htm,EX-99.1,EX-99.1,https://www.sec.gov/Archives/edgar/data/1820953/000162828026059271/affirmfq426shareholderle.htm,False,
HEPA,2026-08-27 00:00:00,https://www.sec.gov/Archives/edgar/data/1583771/000149315226040411/0001493152-26-040411-index.htm,8-K,8-K,https://www.sec.gov/Archives/edgar/data/1583771/000149315226040411/form8-k.htm,True,
CRTX,2026-08-27 00:00:00,https://www.sec.gov/Archives/edgar/data/1662774/000119312526371389/0001193125-26-371389-index.htm,8-K,8-K,https://www.sec.gov/Archives/edgar/data/1662774/000119312526371389/d124795d8k.htm,False,
QNCX,2026-08-27 00:00:00,https://www.sec.gov/Archives/edgar/data/1662774/000119312526371389/0001193125-26-371389-index.htm,8-K,8-K,https://www.sec.gov/Archives/edgar/data/1662774/000119312526371389/d124795d8k.htm,False,
NVVEW,2026-08-27 00:00:00,https://www.sec.gov/Archives/edgar/data/1836875/000183687526000079/0001836875-26-000079-index.htm,8-K,8-K,https://www.sec.gov/Archives/edgar/data/1836875/000183687526000079/nvve-20260824.htm,False,
NVVE,2026-08-27 00:00:00,https://www.sec.gov/Archives/edgar/data/1836875/000183687526000079/0001836875-26-000079-index.htm,8-K,8-K,https://www.sec.gov/Archives/edgar/data/1836875/000183687526000079/nvve-20260824.htm,False,
AES,2026-08-27 00:00:00,https://www.sec.gov/Archives/edgar/data/874761/000114036126034714/0001140361-26-034714-index.htm,8-K,8-K,https://www.sec.gov/Archives/edgar/data/874761/000114036126034714/ef20081101_8k.htm,False,
IPWLK,2026-08-27 00:00:00,https://www.sec.gov/Archives/edgar/data/874761/000114036126034714/0001140361-26-034714-index.htm,8-K,8-K,https://www.sec.gov/Archives/edgar/data/874761/000114036126034714/ef20081101_8k.htm,False,
AESC,2026-08-27 00:00:00,https://www.sec.gov/Archives/edgar/data/874761/000114036126034714/0001140361-26-034714-index.htm,8-K,8-K,https://www.sec.gov/Archives/edgar/data/874761/000114036126034714/ef20081101_8k.htm,False,
IPWLP,2026-08-27 00:00:00,https://www.sec.gov/Archives/edgar/data/874761/000114036126034714/0001140361-26-034714-index.htm,8-K,8-K,https://www.sec.gov/Archives/edgar/data/874761/000114036126034714/ef20081101_8k.htm,False,
None,2026-08-27 00:00:00,https://www.sec.gov/Archives/edgar/data/2027033/000110465926102465/0001104659-26-102465-index.htm,8-K,FORM 8-K,https://www.sec.gov/Archives/edgar/data/2027033/000110465926102465/tm2624157d1_8k.htm,False,
ARR-PC,2026-08-27 00:00:00,https://www.sec.gov/Archives/edgar/data/1428205/000142820526000105/0001428205-26-000105-index.htm,8-K,8-K,https://www.sec.gov/Archives/edgar/data/1428205/000142820526000105/arr-20260827.htm,False,
ARR-PC,2026-08-27 00:00:00,https://www.sec.gov/Archives/edgar/data/1428205/000142820526000105/0001428205-26-000105-index.htm,EX-99.1,EX-99.1,https://www.sec.gov/Archives/edgar/data/1428205/000142820526000105/prforseptember2026commondi.htm,False,
ARR,2026-08-27 00:00:00,https://www.sec.gov/Archives/edgar/data/1428205/000142820526000105/0001428205-26-000105-index.htm,8-K,8-K,https://www.sec.gov/Archives/edgar/data/1428205/000142820526000105/arr-20260827.htm,False,
ARR,2026-08-27 00:00:00,https://www.sec.gov/Archives/edgar/data/1428205/000142820526000105/0001428205-26-000105-index.htm,EX-99.1,EX-99.1,https://www.sec.gov/Archives/edgar/data/1428205/000142820526000105/prforseptember2026commondi.htm,False,
GAP,2026-08-27 00:00:00,https://www.sec.gov/Archives/edgar/data/39911/000162828026059262/0001628280-26-059262-index.htm,8-K,8-K,https://www.sec.gov/Archives/edgar/data/39911/000162828026059262/gps-20260827.htm,False,
GAP,2026-08-27 00:00:00,https://www.sec.gov/Archives/edgar/data/39911/000162828026059262/0001628280-26-059262-index.htm,EX-99.1,EX-99.1,https://www.sec.gov/Archives/edgar/data/39911/000162828026059262/q22026eprexhibit991.htm,False,
GPS,2026-08-27 00:00:00,https://www.sec.gov/Archives/edgar/data/39911/000162828026059262/0001628280-26-059262-index.htm,8-K,8-K,https://www.sec.gov/Archives/edgar/data/39911/000162828026059262/gps-20260827.htm,False,
GPS,2026-08-27 00:00:00,https://www.sec.gov/Archives/edgar/data/39911/000162828026059262/0001628280-26-059262-index.htm,EX-99.1,EX-99.1,https://www.sec.gov/Archives/edgar/data/39911/000162828026059262/q22026eprexhibit991.htm,False,
AHT,2026-08-27 00:00:00,https://www.sec.gov/Archives/edgar/data/1232582/000123258226000188/0001232582-26-000188-index.htm,8-K,8-K,https://www.sec.gov/Archives/edgar/data/1232582/000123258226000188/aht-20260824.htm,False,
AHT,2026-08-27 00:00:00,https://www.sec.gov/Archives/edgar/data/1232582/000123258226000188/0001232582-26-000188-index.htm,EX-99.1,EX-99.1,https://www.sec.gov/Archives/edgar/data/1232582/000123258226000188/ahtesdullesproformas.htm,False,
AHT-PF,2026-08-27 00:00:00,https://www.sec.gov/Archives/edgar/data/1232582/000123258226000188/0001232582-26-000188-index.htm,8-K,8-K,https://www.sec.gov/Archives/edgar/data/1232582/000123258226000188/aht-20260824.htm,False,
AHT-PF,2026-08-27 00:00:00,https://www.sec.gov/Archives/edgar/data/1232582/000123258226000188/0001232582-26-000188-index.htm,EX-99.1,EX-99.1,https://www.sec.gov/Archives/edgar/data/1232582/000123258226000188/ahtesdullesproformas.htm,False,
AHT-PG,2026-08-27 00:00:00,https://www.sec.gov/Archives/edgar/data/1232582/000123258226000188/0001232582-26-000188-index.htm,8-K,8-K,https://www.sec.gov/Archives/edgar/data/1232582/000123258226000188/aht-20260824.htm,False,
AHT-PG,2026-08-27 00:00:00,https://www.sec.gov/Archives/edgar/data/1232582/000123258226000188/0001232582-26-000188-index.htm,EX-99.1,EX-99.1,https://www.sec.gov/Archives/edgar/data/1232582/000123258226000188/ahtesdullesproformas.htm,False,
AHT-PH,2026-08-27 00:00:00,https://www.sec.gov/Archives/edgar/data/1232582/000123258226000188/0001232582-26-000188-index.htm,8-K,8-K,https://www.sec.gov/Archives/edgar/data/1232582/000123258226000188/aht-20260824.htm,False,
AHT-PH,2026-08-27 00:00:00,https://www.sec.gov/Archives/edgar/data/1232582/000123258226000188/0001232582-26-000188-index.htm,EX-99.1,EX-99.1,https://www.sec.gov/Archives/edgar/data/1232582/000123258226000188/ahtesdullesproformas.htm,False,
AHT-PD,2026-08-27 00:00:00,https://www.sec.gov/Archives/edgar/data/1232582/000123258226000188/0001232582-26-000188-index.htm,8-K,8-K,https://www.sec.gov/Archives/edgar/data/1232582/000123258226000188/aht-20260824.htm,False,
AHT-PD,2026-08-27 00:00:00,https://www.sec.gov/Archives/edgar/data/1232582/000123258226000188/0001232582-26-000188-index.htm,EX-99.1,EX-99.1,https://www.sec.gov/Archives/edgar/data/1232582/000123258226000188/ahtesdullesproformas.htm,False,
AHT-PI,2026-08-27 00:00:00,https://www.sec.gov/Archives/edgar/data/1232582/000123258226000188/0001232582-26-000188-index.htm,8-K,8-K,https://www.sec.gov/Archives/edgar/data/1232582/000123258226000188/aht-20260824.htm,False,
AHT-PI,2026-08-27 00:00:00,https://www.sec.gov/Archives/edgar/data/1232582/000123258226000188/0001232582-26-000188-index.htm,EX-99.1,EX-99.1,https://www.sec.gov/Archives/edgar/data/1232582/000123258226000188/ahtesdullesproformas.htm,False,
None,2026-08-27 00:00:00,https://www.sec.gov/Archives/edgar/data/1993402/000119312526371350/0001193125-26-371350-index.htm,8-K,8-K,https://www.sec.gov/Archives/edgar/data/1993402/000119312526371350/ck0001993402-20260827.htm,False,
None,2026-08-27 00:00:00,https://www.sec.gov/Archives/edgar/data/2088295/000121390026094397/0001213900-26-094397-index.htm,8-K,CURRENT REPORT,https://www.sec.gov/Archives/edgar/data/2088295/000121390026094397/ea0303688-8k_bleich2.htm,False,
None,2026-08-27 00:00:00,https://www.sec.gov/Archives/edgar/data/2088295/000121390026094397/0001213900-26-094397-index.htm,EX-99.1,"PRESS RELEASE, DATED AUGUST 27, 2026",https://www.sec.gov/Archives/edgar/data/2088295/000121390026094397/ea030368801ex99-1.htm,False,
None,2026-08-27 00:00:00,https://www.sec.gov/Archives/edgar/data/2133239/000192998026000510/0001929980-26-000510-index.htm,8-K,FORM 8-K,https://www.sec.gov/Archives/edgar/data/2133239/000192998026000510/scacii_8k.htm,True,
None,2026-08-27 00:00:00,https://www.sec.gov/Archives/edgar/data/2133239/000192998026000510/0001929980-26-000510-index.htm,EX-10.1,SECURITIES TRANSFER AGREEMENT,https://www.sec.gov/Archives/edgar/data/2133239/000192998026000510/scacii_ex101.htm,False,
None,2026-08-27 00:00:00,https://www.sec.gov/Archives/edgar/data/2133239/000192998026000510/0001929980-26-000510-index.htm,EX-10.2,SECURITIES TRANSFER AGREEMENT,https://www.sec.gov/Archives/edgar/data/2133239/000192998026000510/scacii_ex102.htm,False,
None,2026-08-27 00:00:00,https://www.sec.gov/Archives/edgar/data/2133239/000192998026000510/0001929980-26-000510-index.htm,EX-99.1,PRESS RELEASE,https://www.sec.gov/Archives/edgar/data/2133239/000192998026000510/scacii_ex991.htm,False,
GEV,2026-08-27 00:00:00,https://www.sec.gov/Archives/edgar/data/1996810/000199681026000153/0001996810-26-000153-index.htm,8-K,8-K,https://www.sec.gov/Archives/edgar/data/1996810/000199681026000153/gev-20260825.htm,False,
FKYS,2026-08-27 00:00:00,https://www.sec.gov/Archives/edgar/data/737875/000073787526000031/0000737875-26-000031-index.htm,8-K,8-K,https://www.sec.gov/Archives/edgar/data/737875/000073787526000031/fkys-20260827x8k.htm,False,
FKYS,2026-08-27 00:00:00,https://www.sec.gov/Archives/edgar/data/737875/000073787526000031/0000737875-26-000031-index.htm,EX-99.1,EX-99.1,https://www.sec.gov/Archives/edgar/data/737875/000073787526000031/fkys-20260827xex99d1.htm,False,
DVN,2026-08-27 00:00:00,https://www.sec.gov/Archives/edgar/data/1090012/000119312526371317/0001193125-26-371317-index.htm,8-K,8-K,https://www.sec.gov/Archives/edgar/data/1090012/000119312526371317/d153860d8k.htm,False,
WKSPW,2026-08-27 00:00:00,https://www.sec.gov/Archives/edgar/data/1096275/000149315226040401/0001493152-26-040401-index.htm,8-K,8-K,https://www.sec.gov/Archives/edgar/data/1096275/000149315226040401/form8-k.htm,True,
WKSPW,2026-08-27 00:00:00,https://www.sec.gov/Archives/edgar/data/1096275/000149315226040401/0001493152-26-040401-index.htm,EX-10.1,EX-10.1,https://www.sec.gov/Archives/edgar/data/1096275/000149315226040401/ex10-1.htm,False,
WKSP,2026-08-27 00:00:00,https://www.sec.gov/Archives/edgar/data/1096275/000149315226040401/0001493152-26-040401-index.htm,8-K,8-K,https://www.sec.gov/Archives/edgar/data/1096275/000149315226040401/form8-k.htm,True,
WKSP,2026-08-27 00:00:00,https://www.sec.gov/Archives/edgar/data/1096275/000149315226040401/0001493152-26-040401-index.htm,EX-10.1,EX-10.1,https://www.sec.gov/Archives/edgar/data/1096275/000149315226040401/ex10-1.htm,False,
NX,2026-08-27 00:00:00,https://www.sec.gov/Archives/edgar/data/1423221/000117184326005764/0001171843-26-005764-index.htm,8-K,FORM 8-K,https://www.sec.gov/Archives/edgar/data/1423221/000117184326005764/f8k_082726.htm,False,
NX,2026-08-27 00:00:00,https://www.sec.gov/Archives/edgar/data/1423221/000117184326005764/0001171843-26-005764-index.htm,EX-99.1,PRESS RELEASE,https://www.sec.gov/Archives/edgar/data/1423221/000117184326005764/exh_991.htm,False,
ESTC,2026-08-27 00:00:00,https://www.sec.gov/Archives/edgar/data/1707753/000170775326000036/0001707753-26-000036-index.htm,8-K,8-K,https://www.sec.gov/Archives/edgar/data/1707753/000170775326000036/estc-20260824.htm,False,
ESTC,2026-08-27 00:00:00,https://www.sec.gov/Archives/edgar/data/1707753/000170775326000036/0001707753-26-000036-index.htm,EX-99.1,EX-99.1,https://www.sec.gov/Archives/edgar/data/1707753/000170775326000036/a20260827_exx991xpr.htm,False,
FBRX,2026-08-27 00:00:00,https://www.sec.gov/Archives/edgar/data/1419041/000114036126034698/0001140361-26-034698-index.htm,8-K,8-K,https://www.sec.gov/Archives/edgar/data/1419041/000114036126034698/ef20081182_8k.htm,False,
SF-PC,2026-08-27 00:00:00,https://www.sec.gov/Archives/edgar/data/720672/000119312526371310/0001193125-26-371310-index.htm,8-K,8-K,https://www.sec.gov/Archives/edgar/data/720672/000119312526371310/d180692d8k.htm,False,
SF-PC,2026-08-27 00:00:00,https://www.sec.gov/Archives/edgar/data/720672/000119312526371310/0001193125-26-371310-index.htm,EX-99.1,EX-99.1,https://www.sec.gov/Archives/edgar/data/720672/000119312526371310/d180692dex991.htm,False,
SF-PD,2026-08-27 00:00:00,https://www.sec.gov/Archives/edgar/data/720672/000119312526371310/0001193125-26-371310-index.htm,8-K,8-K,https://www.sec.gov/Archives/edgar/data/720672/000119312526371310/d180692d8k.htm,False,
SF-PD,2026-08-27 00:00:00,https://www.sec.gov/Archives/edgar/data/720672/000119312526371310/0001193125-26-371310-index.htm,EX-99.1,EX-99.1,https://www.sec.gov/Archives/edgar/data/720672/000119312526371310/d180692dex991.htm,False,
SF-PB,2026-08-27 00:00:00,https://www.sec.gov/Archives/edgar/data/720672/000119312526371310/0001193125-26-371310-index.htm,8-K,8-K,https://www.sec.gov/Archives/edgar/data/720672/000119312526371310/d180692d8k.htm,False,
SF-PB,2026-08-27 00:00:00,https://www.sec.gov/Archives/edgar/data/720672/000119312526371310/0001193125-26-371310-index.htm,EX-99.1,EX-99.1,https://www.sec.gov/Archives/edgar/data/720672/000119312526371310/d180692dex991.htm,False,
SF,2026-08-27 00:00:00,https://www.sec.gov/Archives/edgar/data/720672/000119312526371310/0001193125-26-371310-index.htm,8-K,8-K,https://www.sec.gov/Archives/edgar/data/720672/000119312526371310/d180692d8k.htm,False,
SF,2026-08-27 00:00:00,https://www.sec.gov/Archives/edgar/data/720672/000119312526371310/0001193125-26-371310-index.htm,EX-99.1,EX-99.1,https://www.sec.gov/Archives/edgar/data/720672/000119312526371310/d180692dex991.htm,False,
WY,2026-08-27 00:00:00,https://www.sec.gov/Archives/edgar/data/106535/000010653526000009/0000106535-26-000009-index.htm,8-K,8-K,https://www.sec.gov/Archives/edgar/data/106535/000010653526000009/wy-20260827.htm,False,
WY,2026-08-27 00:00:00,https://www.sec.gov/Archives/edgar/data/106535/000010653526000009/0000106535-26-000009-index.htm,EX-99.1,EX-99.1,https://www.sec.gov/Archives/edgar/data/106535/000010653526000009/wy-ex99_1.htm,True,
EKSO,2026-08-27 00:00:00,https://www.sec.gov/Archives/edgar/data/1549084/000149315226040398/0001493152-26-040398-index.htm,8-K,8-K,https://www.sec.gov/Archives/edgar/data/1549084/000149315226040398/form8-k.htm,False,
EKSO,2026-08-27 00:00:00,https://www.sec.gov/Archives/edgar/data/1549084/000149315226040398/0001493152-26-040398-index.htm,EX-99.1,EX-99.1,https://www.sec.gov/Archives/edgar/data/1549084/000149315226040398/ex99-1.htm,False,
OCLT,2026-08-27 00:00:00,https://www.sec.gov/Archives/edgar/data/2137679/000182912626009426/0001829126-26-009426-index.htm,8-K,8-K,https://www.sec.gov/Archives/edgar/data/2137679/000182912626009426/oceanlightacq_8k.htm,False,
OCLT,2026-08-27 00:00:00,https://www.sec.gov/Archives/edgar/data/2137679/000182912626009426/0001829126-26-009426-index.htm,EX-99.1,EXHIBIT 99.1,https://www.sec.gov/Archives/edgar/data/2137679/000182912626009426/oceanlightacq_ex99-1.htm,False,
AVBH,2026-08-27 00:00:00,https://www.sec.gov/Archives/edgar/data/1443575/000143774926029104/0001437749-26-029104-index.htm,8-K,FORM 8-K,https://www.sec.gov/Archives/edgar/data/1443575/000143774926029104/avbh20260429_8k.htm,True,
AVBH,2026-08-27 00:00:00,https://www.sec.gov/Archives/edgar/data/1443575/000143774926029104/0001437749-26-029104-index.htm,EX-10.1,EXHIBIT 10.1,https://www.sec.gov/Archives/edgar/data/1443575/000143774926029104/ex_1007276.htm,True,
AVBH,2026-08-27 00:00:00,https://www.sec.gov/Archives/edgar/data/1443575/000143774926029104/0001437749-26-029104-index.htm,EX-99.1,EXHIBIT 99.1,https://www.sec.gov/Archives/edgar/data/1443575/000143774926029104/ex_1007254.htm,False,
SKIL-WT,2026-08-27 00:00:00,https://www.sec.gov/Archives/edgar/data/1774675/000143774926029105/0001437749-26-029105-index.htm,8-K,FORM 8-K,https://www.sec.gov/Archives/edgar/data/1774675/000143774926029105/skil20260826_8k.htm,False,
SKIL,2026-08-27 00:00:00,https://www.sec.gov/Archives/edgar/data/1774675/000143774926029105/0001437749-26-029105-index.htm,8-K,FORM 8-K,https://www.sec.gov/Archives/edgar/data/1774675/000143774926029105/skil20260826_8k.htm,False,
LTH,2026-08-27 00:00:00,https://www.sec.gov/Archives/edgar/data/1869198/000186919826000049/0001869198-26-000049-index.htm,8-K,8-K,https://www.sec.gov/Archives/edgar/data/1869198/000186919826000049/lth-20260826.htm,False,
IREN,2026-08-27 00:00:00,https://www.sec.gov/Archives/edgar/data/1878848/000187884826000051/0001878848-26-000051-index.htm,8-K,8-K,https://www.sec.gov/Archives/edgar/data/1878848/000187884826000051/iren-20260827.htm,False,
IREN,2026-08-27 00:00:00,https://www.sec.gov/Archives/edgar/data/1878848/000187884826000051/0001878848-26-000051-index.htm,EX-99.1,EX-99.1,https://www.sec.gov/Archives/edgar/data/1878848/000187884826000051/irenreportsfy26results.htm,False,
BOOT,2026-08-27 00:00:00,https://www.sec.gov/Archives/edgar/data/1610250/000110465926102449/0001104659-26-102449-index.htm,8-K,8-K,https://www.sec.gov/Archives/edgar/data/1610250/000110465926102449/boot-20260826x8k.htm,False,
BOOT,2026-08-27 00:00:00,https://www.sec.gov/Archives/edgar/data/1610250/000110465926102449/0001104659-26-102449-index.htm,EX-10.1,EX-10.1,https://www.sec.gov/Archives/edgar/data/1610250/000110465926102449/boot-20260826xex10d1.htm,False,
AMAT,2026-08-27 00:00:00,https://www.sec.gov/Archives/edgar/data/6951/000162828026059257/0001628280-26-059257-index.htm,8-K,8-K,https://www.sec.gov/Archives/edgar/data/6951/000162828026059257/amat-20260827.htm,False,
AMAT,2026-08-27 00:00:00,https://www.sec.gov/Archives/edgar/data/6951/000162828026059257/0001628280-26-059257-index.htm,EX-99.1,EX-99.1,https://www.sec.gov/Archives/edgar/data/6951/000162828026059257/ex991pr.htm,False,
PPLC,2026-08-27 00:00:00,https://www.sec.gov/Archives/edgar/data/922224/000092222426000048/0000922224-26-000048-index.htm,8-K,8-K,https://www.sec.gov/Archives/edgar/data/922224/000092222426000048/ppl-20260827.htm,False,
PPL,2026-08-27 00:00:00,https://www.sec.gov/Archives/edgar/data/922224/000092222426000048/0000922224-26-000048-index.htm,8-K,8-K,https://www.sec.gov/Archives/edgar/data/922224/000092222426000048/ppl-20260827.htm,False,
OTLK,2026-08-27 00:00:00,https://www.sec.gov/Archives/edgar/data/1649989/000110465926102446/0001104659-26-102446-index.htm,8-K,FORM 8-K,https://www.sec.gov/Archives/edgar/data/1649989/000110465926102446/tm2624167d1_8k.htm,False,
OTLK,2026-08-27 00:00:00,https://www.sec.gov/Archives/edgar/data/1649989/000110465926102446/0001104659-26-102446-index.htm,EX-10.1,EXHIBIT 10.1,https://www.sec.gov/Archives/edgar/data/1649989/000110465926102446/tm2624167d1_ex10-1.htm,False,
OTLK,2026-08-27 00:00:00,https://www.sec.gov/Archives/edgar/data/1649989/000110465926102446/0001104659-26-102446-index.htm,EX-10.2,EXHIBIT 10.2,https://www.sec.gov/Archives/edgar/data/1649989/000110465926102446/tm2624167d1_ex10-2.htm,False,
OTLKW,2026-08-27 00:00:00,https://www.sec.gov/Archives/edgar/data/1649989/000110465926102446/0001104659-26-102446-index.htm,8-K,FORM 8-K,https://www.sec.gov/Archives/edgar/data/1649989/000110465926102446/tm2624167d1_8k.htm,False,
OTLKW,2026-08-27 00:00:00,https://www.sec.gov/Archives/edgar/data/1649989/000110465926102446/0001104659-26-102446-index.htm,EX-10.1,EXHIBIT 10.1,https://www.sec.gov/Archives/edgar/data/1649989/000110465926102446/tm2624167d1_ex10-1.htm,False,
OTLKW,2026-08-27 00:00:00,https://www.sec.gov/Archives/edgar/data/1649989/000110465926102446/0001104659-26-102446-index.htm,EX-10.2,EXHIBIT 10.2,https://www.sec.gov/Archives/edgar/data/1649989/000110465926102446/tm2624167d1_ex10-2.htm,False,
TACHW,2026-08-27 00:00:00,https://www.sec.gov/Archives/edgar/data/2009183/000182912626009424/0001829126-26-009424-index.htm,8-K,8-K,https://www.sec.gov/Archives/edgar/data/2009183/000182912626009424/titanacq_8k.htm,False,
TACHW,2026-08-27 00:00:00,https://www.sec.gov/Archives/edgar/data/2009183/000182912626009424/0001829126-26-009424-index.htm,EX-99.1,EXHIBIT 99.1,https://www.sec.gov/Archives/edgar/data/2009183/000182912626009424/titanacq_ex99-1.htm,False,
TACHU,2026-08-27 00:00:00,https://www.sec.gov/Archives/edgar/data/2009183/000182912626009424/0001829126-26-009424-index.htm,8-K,8-K,https://www.sec.gov/Archives/edgar/data/2009183/000182912626009424/titanacq_8k.htm,False,
TACHU,2026-08-27 00:00:00,https://www.sec.gov/Archives/edgar/data/2009183/000182912626009424/0001829126-26-009424-index.htm,EX-99.1,EXHIBIT 99.1,https://www.sec.gov/Archives/edgar/data/2009183/000182912626009424/titanacq_ex99-1.htm,False,
TACH,2026-08-27 00:00:00,https://www.sec.gov/Archives/edgar/data/2009183/000182912626009424/0001829126-26-009424-index.htm,8-K,8-K,https://www.sec.gov/Archives/edgar/data/2009183/000182912626009424/titanacq_8k.htm,False,
TACH,2026-08-27 00:00:00,https://www.sec.gov/Archives/edgar/data/2009183/000182912626009424/0001829126-26-009424-index.htm,EX-99.1,EXHIBIT 99.1,https://www.sec.gov/Archives/edgar/data/2009183/000182912626009424/titanacq_ex99-1.htm,False,
CHAR,2026-08-27 00:00:00,https://www.sec.gov/Archives/edgar/data/2024459/000121390026094383/0001213900-26-094383-index.htm,8-K,CURRENT REPORT,https://www.sec.gov/Archives/edgar/data/2024459/000121390026094383/ea0303574-8k_charlton.htm,True,
CHAR,2026-08-27 00:00:00,https://www.sec.gov/Archives/edgar/data/2024459/000121390026094383/0001213900-26-094383-index.htm,EX-10.1,"WORKING CAPITAL NOTE, DATED AUGUST 25, 2026, ISSUED BY THE COMPANY TO THE SPONSO",https://www.sec.gov/Archives/edgar/data/2024459/000121390026094383/ea030357401ex10-1.htm,False,
CHARR,2026-08-27 00:00:00,https://www.sec.gov/Archives/edgar/data/2024459/000121390026094383/0001213900-26-094383-index.htm,8-K,CURRENT REPORT,https://www.sec.gov/Archives/edgar/data/2024459/000121390026094383/ea0303574-8k_charlton.htm,True,
CHARR,2026-08-27 00:00:00,https://www.sec.gov/Archives/edgar/data/2024459/000121390026094383/0001213900-26-094383-index.htm,EX-10.1,"WORKING CAPITAL NOTE, DATED AUGUST 25, 2026, ISSUED BY THE COMPANY TO THE SPONSO",https://www.sec.gov/Archives/edgar/data/2024459/000121390026094383/ea030357401ex10-1.htm,False,
CHARU,2026-08-27 00:00:00,https://www.sec.gov/Archives/edgar/data/2024459/000121390026094383/0001213900-26-094383-index.htm,8-K,CURRENT REPORT,https://www.sec.gov/Archives/edgar/data/2024459/000121390026094383/ea0303574-8k_charlton.htm,True,
CHARU,2026-08-27 00:00:00,https://www.sec.gov/Archives/edgar/data/2024459/000121390026094383/0001213900-26-094383-index.htm,EX-10.1,"WORKING CAPITAL NOTE, DATED AUGUST 25, 2026, ISSUED BY THE COMPANY TO THE SPONSO",https://www.sec.gov/Archives/edgar/data/2024459/000121390026094383/ea030357401ex10-1.htm,False,
DIOD,2026-08-27 00:00:00,https://www.sec.gov/Archives/edgar/data/29002/000119312526371294/0001193125-26-371294-index.htm,8-K,8-K,https://www.sec.gov/Archives/edgar/data/29002/000119312526371294/diod-20260827.htm,False,
DIOD,2026-08-27 00:00:00,https://www.sec.gov/Archives/edgar/data/29002/000119312526371294/0001193125-26-371294-index.htm,EX-99.1,EX-99.1,https://www.sec.gov/Archives/edgar/data/29002/000119312526371294/diod-ex99_1.htm,False,
NHI,2026-08-27 00:00:00,https://www.sec.gov/Archives/edgar/data/877860/000087786026000205/0000877860-26-000205-index.htm,8-K,8-K,https://www.sec.gov/Archives/edgar/data/877860/000087786026000205/nhi-20260827.htm,False,
NHI,2026-08-27 00:00:00,https://www.sec.gov/Archives/edgar/data/877860/000087786026000205/0000877860-26-000205-index.htm,EX-10.1,EX-10.1 CIC AGREEMENT - MAINGOT,https://www.sec.gov/Archives/edgar/data/877860/000087786026000205/ex101cicmaingot8272026.htm,False,
S,2026-08-27 00:00:00,https://www.sec.gov/Archives/edgar/data/1583708/000158370826000052/0001583708-26-000052-index.htm,8-K,8-K,https://www.sec.gov/Archives/edgar/data/1583708/000158370826000052/s-20260827.htm,False,
S,2026-08-27 00:00:00,https://www.sec.gov/Archives/edgar/data/1583708/000158370826000052/0001583708-26-000052-index.htm,EX-99.1,EX-99.1,https://www.sec.gov/Archives/edgar/data/1583708/000158370826000052/sentineloneq227exhibit991.htm,False,
CTAS,2026-08-27 00:00:00,https://www.sec.gov/Archives/edgar/data/723254/000095010326013001/0000950103-26-013001-index.htm,8-K,FORM 8-K,https://www.sec.gov/Archives/edgar/data/723254/000095010326013001/dp252376_8k.htm,False,
HZEN,2026-08-27 00:00:00,https://www.sec.gov/Archives/edgar/data/1748945/000119312526371276/0001193125-26-371276-index.htm,8-K,8-K,https://www.sec.gov/Archives/edgar/data/1748945/000119312526371276/hzen-20260827.htm,False,
ULTA,2026-08-27 00:00:00,https://www.sec.gov/Archives/edgar/data/1403568/000110465926102438/0001104659-26-102438-index.htm,8-K,8-K,https://www.sec.gov/Archives/edgar/data/1403568/000110465926102438/ulta-20260827x8k.htm,False,
ULTA,2026-08-27 00:00:00,https://www.sec.gov/Archives/edgar/data/1403568/000110465926102438/0001104659-26-102438-index.htm,EX-99.1,EX-99.1,https://www.sec.gov/Archives/edgar/data/1403568/000110465926102438/ulta-20260827xex99d1.htm,False,
ESTC,2026-08-27 00:00:00,https://www.sec.gov/Archives/edgar/data/1707753/000170775326000035/0001707753-26-000035-index.htm,8-K,8-K,https://www.sec.gov/Archives/edgar/data/1707753/000170775326000035/estc-20260827.htm,False,
ESTC,2026-08-27 00:00:00,https://www.sec.gov/Archives/edgar/data/1707753/000170775326000035/0001707753-26-000035-index.htm,EX-99.1,EX-99.1,https://www.sec.gov/Archives/edgar/data/1707753/000170775326000035/a27q1erex991.htm,False,
AI,2026-08-27 00:00:00,https://www.sec.gov/Archives/edgar/data/1577526/000157752626000103/0001577526-26-000103-index.htm,8-K,8-K,https://www.sec.gov/Archives/edgar/data/1577526/000157752626000103/ai-20260825.htm,False,
BNET,2026-08-27 00:00:00,https://www.sec.gov/Archives/edgar/data/875729/000107997326001186/0001079973-26-001186-index.htm,8-K,FORM 8-K,https://www.sec.gov/Archives/edgar/data/875729/000107997326001186/bion_8k.htm,False,
BNET,2026-08-27 00:00:00,https://www.sec.gov/Archives/edgar/data/875729/000107997326001186/0001079973-26-001186-index.htm,EX-10.1,NPH SETTLEMENT AND MUTUAL RELEASE AGREEMENT,https://www.sec.gov/Archives/edgar/data/875729/000107997326001186/ex10x1.htm,False,
BNET,2026-08-27 00:00:00,https://www.sec.gov/Archives/edgar/data/875729/000107997326001186/0001079973-26-001186-index.htm,EX-10.2,NPH CONVERTIBLE PROMISSORY NOTE,https://www.sec.gov/Archives/edgar/data/875729/000107997326001186/ex10x2.htm,False,
PD,2026-08-27 00:00:00,https://www.sec.gov/Archives/edgar/data/1568100/000156810026000044/0001568100-26-000044-index.htm,8-K,8-K,https://www.sec.gov/Archives/edgar/data/1568100/000156810026000044/pd-20260826.htm,False,
PD,2026-08-27 00:00:00,https://www.sec.gov/Archives/edgar/data/1568100/000156810026000044/0001568100-26-000044-index.htm,EX-99.1,EX-99.1,https://www.sec.gov/Archives/edgar/data/1568100/000156810026000044/ex991-pagerdutyq2fy27earni.htm,False,
RCKT,2026-08-27 00:00:00,https://www.sec.gov/Archives/edgar/data/1281895/000114036126034689/0001140361-26-034689-index.htm,8-K,8-K,https://www.sec.gov/Archives/edgar/data/1281895/000114036126034689/ef20081170_8k.htm,False,
RBRK,2026-08-27 00:00:00,https://www.sec.gov/Archives/edgar/data/1943896/000194389626000055/0001943896-26-000055-index.htm,8-K,8-K,https://www.sec.gov/Archives/edgar/data/1943896/000194389626000055/rbrk-20260826.htm,False,
RBRK,2026-08-27 00:00:00,https://www.sec.gov/Archives/edgar/data/1943896/000194389626000055/0001943896-26-000055-index.htm,EX-99.1,EX-99.1,https://www.sec.gov/Archives/edgar/data/1943896/000194389626000055/rubrikinc-991pressrelease7.htm,False,
LFVN,2026-08-27 00:00:00,https://www.sec.gov/Archives/edgar/data/849146/000119312526371265/0001193125-26-371265-index.htm,8-K,8-K,https://www.sec.gov/Archives/edgar/data/849146/000119312526371265/lfvn-20260827.htm,False,
LFVN,2026-08-27 00:00:00,https://www.sec.gov/Archives/edgar/data/849146/000119312526371265/0001193125-26-371265-index.htm,EX-99.1,EX-99.1,https://www.sec.gov/Archives/edgar/data/849146/000119312526371265/lfvn-ex99_1.htm,False,
None,2026-08-27 00:00:00,https://www.sec.gov/Archives/edgar/data/2065397/000119312526371264/0001193125-26-371264-index.htm,8-K,8-K,https://www.sec.gov/Archives/edgar/data/2065397/000119312526371264/ck0002065397-20260827.htm,False,
ETCG,2026-08-27 00:00:00,https://www.sec.gov/Archives/edgar/data/1705181/000119312526371263/0001193125-26-371263-index.htm,8-K,8-K,https://www.sec.gov/Archives/edgar/data/1705181/000119312526371263/etcg-20260827.htm,False,
MRVL,2026-08-27 00:00:00,https://www.sec.gov/Archives/edgar/data/1835632/000183563226000022/0001835632-26-000022-index.htm,8-K,FORM 8-K,https://www.sec.gov/Archives/edgar/data/1835632/000183563226000022/mrvl-20260827.htm,False,
MRVL,2026-08-27 00:00:00,https://www.sec.gov/Archives/edgar/data/1835632/000183563226000022/0001835632-26-000022-index.htm,EX-99.1,EXHIBIT 99.1,https://www.sec.gov/Archives/edgar/data/1835632/000183563226000022/q227_8kx812026ex-991.htm,False,
RIVN,2026-08-27 00:00:00,https://www.sec.gov/Archives/edgar/data/1874178/000110465926102435/0001104659-26-102435-index.htm,8-K,FORM 8-K,https://www.sec.gov/Archives/edgar/data/1874178/000110465926102435/tm2624125d1_8k.htm,False,
RIVN,2026-08-27 00:00:00,https://www.sec.gov/Archives/edgar/data/1874178/000110465926102435/0001104659-26-102435-index.htm,EX-99.1,EXHIBIT 99.1,https://www.sec.gov/Archives/edgar/data/1874178/000110465926102435/tm2624125d1_ex99-1.htm,False,
EZRA,2026-08-27 00:00:00,https://www.sec.gov/Archives/edgar/data/1812727/000149315226040390/0001493152-26-040390-index.htm,8-K,8-K,https://www.sec.gov/Archives/edgar/data/1812727/000149315226040390/form8-k.htm,False,
RELI,2026-08-27 00:00:00,https://www.sec.gov/Archives/edgar/data/1812727/000149315226040390/0001493152-26-040390-index.htm,8-K,8-K,https://www.sec.gov/Archives/edgar/data/1812727/000149315226040390/form8-k.htm,False,
RELIW,2026-08-27 00:00:00,https://www.sec.gov/Archives/edgar/data/1812727/000149315226040390/0001493152-26-040390-index.htm,8-K,8-K,https://www.sec.gov/Archives/edgar/data/1812727/000149315226040390/form8-k.htm,False,
None,2026-08-27 00:00:00,https://www.sec.gov/Archives/edgar/data/2067627/000121390026094377/0001213900-26-094377-index.htm,8-K,CURRENT REPORT,https://www.sec.gov/Archives/edgar/data/2067627/000121390026094377/ea0303634-8k_terra.htm,False,
None,2026-08-27 00:00:00,https://www.sec.gov/Archives/edgar/data/2067627/000121390026094377/0001213900-26-094377-index.htm,EX-10.1,EMPLOYMENT AGREEMENT BETWEEN TERRA INNOVATUM CORP. AND KATHERINE WILLIAMS,https://www.sec.gov/Archives/edgar/data/2067627/000121390026094377/ea030363401ex10-1.htm,False,
None,2026-08-27 00:00:00,https://www.sec.gov/Archives/edgar/data/2067627/000121390026094377/0001213900-26-094377-index.htm,EX-10.2,DIRECTORSHIP AGREEMENT BETWEEN TERRA INNOVATUM GLOBAL N.V. AND KATHERINE WILLIAM,https://www.sec.gov/Archives/edgar/data/2067627/000121390026094377/ea030363401ex10-2.htm,False,
ALRN,2026-08-27 00:00:00,https://www.sec.gov/Archives/edgar/data/1420565/000119312526371260/0001193125-26-371260-index.htm,8-K,8-K,https://www.sec.gov/Archives/edgar/data/1420565/000119312526371260/d154403d8k.htm,False,
RNTX,2026-08-27 00:00:00,https://www.sec.gov/Archives/edgar/data/1420565/000119312526371260/0001193125-26-371260-index.htm,8-K,8-K,https://www.sec.gov/Archives/edgar/data/1420565/000119312526371260/d154403d8k.htm,False,
ACMR,2026-08-27 00:00:00,https://www.sec.gov/Archives/edgar/data/1680062/000162828026059251/0001628280-26-059251-index.htm,8-K,8-K,https://www.sec.gov/Archives/edgar/data/1680062/000162828026059251/acmr-20260817.htm,False,
ACMR,2026-08-27 00:00:00,https://www.sec.gov/Archives/edgar/data/1680062/000162828026059251/0001628280-26-059251-index.htm,EX-99.1,EX-99.1,https://www.sec.gov/Archives/edgar/data/1680062/000162828026059251/recordsofinvestorrelatio.htm,False,
ADSK,2026-08-27 00:00:00,https://www.sec.gov/Archives/edgar/data/769397/000076939726000059/0000769397-26-000059-index.htm,8-K,8-K,https://www.sec.gov/Archives/edgar/data/769397/000076939726000059/adsk-20260827.htm,False,
ADSK,2026-08-27 00:00:00,https://www.sec.gov/Archives/edgar/data/769397/000076939726000059/0000769397-26-000059-index.htm,EX-99.1,EX-99.1,https://www.sec.gov/Archives/edgar/data/769397/000076939726000059/q227pressrelease.htm,False,
None,2026-08-27 00:00:00,https://www.sec.gov/Archives/edgar/data/2029297/000119312526371250/0001193125-26-371250-index.htm,8-K,8-K,https://www.sec.gov/Archives/edgar/data/2029297/000119312526371250/gtao-20260825.htm,False,
None,2026-08-27 00:00:00,https://www.sec.gov/Archives/edgar/data/1976336/000119312526371247/0001193125-26-371247-index.htm,8-K,8-K,https://www.sec.gov/Archives/edgar/data/1976336/000119312526371247/ck0001976336-20260827.htm,False,
None,2026-08-27 00:00:00,https://www.sec.gov/Archives/edgar/data/1702510/000170251026000089/0001702510-26-000089-index.htm,8-K,8-K,https://www.sec.gov/Archives/edgar/data/1702510/000170251026000089/cars-20260826.htm,False,
ALRS,2026-08-27 00:00:00,https://www.sec.gov/Archives/edgar/data/903419/000143774926029099/0001437749-26-029099-index.htm,8-K,FORM 8-K,https://www.sec.gov/Archives/edgar/data/903419/000143774926029099/alrs20260825_8k.htm,False,
ALRS,2026-08-27 00:00:00,https://www.sec.gov/Archives/edgar/data/903419/000143774926029099/0001437749-26-029099-index.htm,EX-99.1,EXHIBIT 99.1,https://www.sec.gov/Archives/edgar/data/903419/000143774926029099/ex_1008992.htm,False,
SUI,2026-08-27 00:00:00,https://www.sec.gov/Archives/edgar/data/912593/000091259326000243/0000912593-26-000243-index.htm,8-K,8-K,https://www.sec.gov/Archives/edgar/data/912593/000091259326000243/sui-20260821.htm,False,
SUI,2026-08-27 00:00:00,https://www.sec.gov/Archives/edgar/data/912593/000091259326000243/0000912593-26-000243-index.htm,EX-10.1,EX-10.1,https://www.sec.gov/Archives/edgar/data/912593/000091259326000243/amendedandrestatedemployme.htm,False,
SCHL,2026-08-27 00:00:00,https://www.sec.gov/Archives/edgar/data/866729/000119312526371245/0001193125-26-371245-index.htm,8-K,8-K,https://www.sec.gov/Archives/edgar/data/866729/000119312526371245/schl-20260827.htm,False,
TFSL,2026-08-27 00:00:00,https://www.sec.gov/Archives/edgar/data/1381668/000138166826000041/0001381668-26-000041-index.htm,8-K,8-K,https://www.sec.gov/Archives/edgar/data/1381668/000138166826000041/tfsl-20260827.htm,False,
TFSL,2026-08-27 00:00:00,https://www.sec.gov/Archives/edgar/data/1381668/000138166826000041/0001381668-26-000041-index.htm,EX-99.1,EX-99.1,https://www.sec.gov/Archives/edgar/data/1381668/000138166826000041/dividend08272026.htm,False,
WDAY,2026-08-27 00:00:00,https://www.sec.gov/Archives/edgar/data/1327811/000132781126000042/0001327811-26-000042-index.htm,8-K,8-K,https://www.sec.gov/Archives/edgar/data/1327811/000132781126000042/wday-20260827.htm,False,
WDAY,2026-08-27 00:00:00,https://www.sec.gov/Archives/edgar/data/1327811/000132781126000042/0001327811-26-000042-index.htm,EX-99.1,EX-99.1,https://www.sec.gov/Archives/edgar/data/1327811/000132781126000042/wday-07312026x991.htm,False,
VRSN,2026-08-27 00:00:00,https://www.sec.gov/Archives/edgar/data/1014473/000101447326000030/0001014473-26-000030-index.htm,8-K,8-K,https://www.sec.gov/Archives/edgar/data/1014473/000101447326000030/vrsn-20260827.htm,False,
NTRP,2026-08-27 00:00:00,https://www.sec.gov/Archives/edgar/data/788611/000149315226040388/0001493152-26-040388-index.htm,8-K,8-K,https://www.sec.gov/Archives/edgar/data/788611/000149315226040388/form8-k.htm,True,
NTRP,2026-08-27 00:00:00,https://www.sec.gov/Archives/edgar/data/788611/000149315226040388/0001493152-26-040388-index.htm,EX-10.1,EX-10.1,https://www.sec.gov/Archives/edgar/data/788611/000149315226040388/ex10-1.htm,True,
SASI,2026-08-27 00:00:00,https://www.sec.gov/Archives/edgar/data/788611/000149315226040388/0001493152-26-040388-index.htm,8-K,8-K,https://www.sec.gov/Archives/edgar/data/788611/000149315226040388/form8-k.htm,True,
SASI,2026-08-27 00:00:00,https://www.sec.gov/Archives/edgar/data/788611/000149315226040388/0001493152-26-040388-index.htm,EX-10.1,EX-10.1,https://www.sec.gov/Archives/edgar/data/788611/000149315226040388/ex10-1.htm,True,
SGLB,2026-08-27 00:00:00,https://www.sec.gov/Archives/edgar/data/788611/000149315226040388/0001493152-26-040388-index.htm,8-K,8-K,https://www.sec.gov/Archives/edgar/data/788611/000149315226040388/form8-k.htm,True,
SGLB,2026-08-27 00:00:00,https://www.sec.gov/Archives/edgar/data/788611/000149315226040388/0001493152-26-040388-index.htm,EX-10.1,EX-10.1,https://www.sec.gov/Archives/edgar/data/788611/000149315226040388/ex10-1.htm,True,
SGLBW,2026-08-27 00:00:00,https://www.sec.gov/Archives/edgar/data/788611/000149315226040388/0001493152-26-040388-index.htm,8-K,8-K,https://www.sec.gov/Archives/edgar/data/788611/000149315226040388/form8-k.htm,True,
SGLBW,2026-08-27 00:00:00,https://www.sec.gov/Archives/edgar/data/788611/000149315226040388/0001493152-26-040388-index.htm,EX-10.1,EX-10.1,https://www.sec.gov/Archives/edgar/data/788611/000149315226040388/ex10-1.htm,True,
KTCC,2026-08-27 00:00:00,https://www.sec.gov/Archives/edgar/data/719733/000071973326000028/0000719733-26-000028-index.htm,8-K,8-K,https://www.sec.gov/Archives/edgar/data/719733/000071973326000028/ktcc-20260827.htm,False,
KTCC,2026-08-27 00:00:00,https://www.sec.gov/Archives/edgar/data/719733/000071973326000028/0000719733-26-000028-index.htm,EX-99.1,EX-99.1,https://www.sec.gov/Archives/edgar/data/719733/000071973326000028/q42026exhibit991.htm,False,
BAFN,2026-08-27 00:00:00,https://www.sec.gov/Archives/edgar/data/1649739/000164973926000091/0001649739-26-000091-index.htm,8-K,8-K,https://www.sec.gov/Archives/edgar/data/1649739/000164973926000091/bafn-20260826.htm,False,
None,2026-08-27 00:00:00,https://www.sec.gov/Archives/edgar/data/1920453/000119312526371231/0001193125-26-371231-index.htm,8-K,8-K,https://www.sec.gov/Archives/edgar/data/1920453/000119312526371231/ck0001920453-20260827.htm,False,
None,2026-08-27 00:00:00,https://www.sec.gov/Archives/edgar/data/1920453/000119312526371231/0001193125-26-371231-index.htm,EX-99.1,EX-99.1,https://www.sec.gov/Archives/edgar/data/1920453/000119312526371231/ck0001920453-ex99_1.htm,False,
CWD,2026-08-27 00:00:00,https://www.sec.gov/Archives/edgar/data/1627282/000162728226000067/0001627282-26-000067-index.htm,8-K,8-K,https://www.sec.gov/Archives/edgar/data/1627282/000162728226000067/cwd-20260827.htm,False,
CWD,2026-08-27 00:00:00,https://www.sec.gov/Archives/edgar/data/1627282/000162728226000067/0001627282-26-000067-index.htm,EX-99.1,EX-99.1,https://www.sec.gov/Archives/edgar/data/1627282/000162728226000067/ex_991xcalibertokenization.htm,False,
THFF,2026-08-27 00:00:00,https://www.sec.gov/Archives/edgar/data/714562/000071456226000056/0000714562-26-000056-index.htm,8-K,8-K,https://www.sec.gov/Archives/edgar/data/714562/000071456226000056/thff-20260826x8k.htm,True,
THFF,2026-08-27 00:00:00,https://www.sec.gov/Archives/edgar/data/714562/000071456226000056/0000714562-26-000056-index.htm,EX-99.1,EX-99.1,https://www.sec.gov/Archives/edgar/data/714562/000071456226000056/thff-20260826xex99d1.htm,False,
None,2026-08-27 00:00:00,https://www.sec.gov/Archives/edgar/data/1325814/000132581426000134/0001325814-26-000134-index.htm,8-K,8-K,https://www.sec.gov/Archives/edgar/data/1325814/000132581426000134/fhlbdm-20260824.htm,False,
None,2026-08-27 00:00:00,https://www.sec.gov/Archives/edgar/data/1325814/000132581426000134/0001325814-26-000134-index.htm,EX-99.1,EX-99.1,https://www.sec.gov/Archives/edgar/data/1325814/000132581426000134/tsy082726ex991.htm,False,
None,2026-08-27 00:00:00,https://www.sec.gov/Archives/edgar/data/1331463/000133146326000168/0001331463-26-000168-index.htm,8-K,CURRENT REPORT ITEM 2.03,https://www.sec.gov/Archives/edgar/data/1331463/000133146326000168/fhlbbost-20260824.htm,False,
LIVE,2026-08-27 00:00:00,https://www.sec.gov/Archives/edgar/data/1045742/000143774926029083/0001437749-26-029083-index.htm,8-K,FORM 8-K,https://www.sec.gov/Archives/edgar/data/1045742/000143774926029083/live20260826_8k.htm,False,
LIVE,2026-08-27 00:00:00,https://www.sec.gov/Archives/edgar/data/1045742/000143774926029083/0001437749-26-029083-index.htm,EX-99.1,EXHIBIT 99.1,https://www.sec.gov/Archives/edgar/data/1045742/000143774926029083/ex_1009607.htm,False,
None,2026-08-27 00:00:00,https://www.sec.gov/Archives/edgar/data/1331465/000133146526000155/0001331465-26-000155-index.htm,8-K,8-K,https://www.sec.gov/Archives/edgar/data/1331465/000133146526000155/fhlba-20260824.htm,False,
VICR,2026-08-27 00:00:00,https://www.sec.gov/Archives/edgar/data/751978/000119312526370420/0001193125-26-370420-index.htm,8-K,8-K,https://www.sec.gov/Archives/edgar/data/751978/000119312526370420/d161606d8k.htm,False,
None,2026-08-27 00:00:00,https://www.sec.gov/Archives/edgar/data/1692345/000110465926102253/0001104659-26-102253-index.htm,8-K,FORM 8-K,https://www.sec.gov/Archives/edgar/data/1692345/000110465926102253/tm2624202d1_8k.htm,False,
RVSB,2026-08-27 00:00:00,https://www.sec.gov/Archives/edgar/data/1041368/000093905726000211/0000939057-26-000211-index.htm,8-K,,https://www.sec.gov/Archives/edgar/data/1041368/000093905726000211/riv8k82026.htm,False,
RVSB,2026-08-27 00:00:00,https://www.sec.gov/Archives/edgar/data/1041368/000093905726000211/0000939057-26-000211-index.htm,EX-99.1,,https://www.sec.gov/Archives/edgar/data/1041368/000093905726000211/riv8k82026exh991.htm,False,
None,2026-08-27 00:00:00,https://www.sec.gov/Archives/edgar/data/1326771/000132677126000141/0001326771-26-000141-index.htm,8-K,8-K,https://www.sec.gov/Archives/edgar/data/1326771/000132677126000141/fhlbcin-20260824.htm,False,
None,2026-08-27 00:00:00,https://www.sec.gov/Archives/edgar/data/1331451/000133145126000160/0001331451-26-000160-index.htm,8-K,8-K,https://www.sec.gov/Archives/edgar/data/1331451/000133145126000160/fhlbc-20260824.htm,False,
None,2026-08-27 00:00:00,https://www.sec.gov/Archives/edgar/data/1325878/000132587826000172/0001325878-26-000172-index.htm,8-K,8-K,https://www.sec.gov/Archives/edgar/data/1325878/000132587826000172/fhlbt-20260824.htm,False,
URBN,2026-08-27 00:00:00,https://www.sec.gov/Archives/edgar/data/912615/000119312526369924/0001193125-26-369924-index.htm,8-K,8-K,https://www.sec.gov/Archives/edgar/data/912615/000119312526369924/urbn-20260826.htm,False,
URBN,2026-08-27 00:00:00,https://www.sec.gov/Archives/edgar/data/912615/000119312526369924/0001193125-26-369924-index.htm,EX-99.1,EX-99.1,https://www.sec.gov/Archives/edgar/data/912615/000119312526369924/urbn-ex99_1.htm,False,
None,2026-08-27 00:00:00,https://www.sec.gov/Archives/edgar/data/1331757/000133175726000157/0001331757-26-000157-index.htm,8-K,8-K,https://www.sec.gov/Archives/edgar/data/1331757/000133175726000157/fhlbd-20260824.htm,False,
None,2026-08-27 00:00:00,https://www.sec.gov/Archives/edgar/data/1661306/000166130626000085/0001661306-26-000085-index.htm,8-K,8-K,https://www.sec.gov/Archives/edgar/data/1661306/000166130626000085/ck0001661306-20260827.htm,False,
None,2026-08-27 00:00:00,https://www.sec.gov/Archives/edgar/data/2112554/000119312526369737/0001193125-26-369737-index.htm,8-K,8-K,https://www.sec.gov/Archives/edgar/data/2112554/000119312526369737/ck0002112554-20260825.htm,True,
None,2026-08-27 00:00:00,https://www.sec.gov/Archives/edgar/data/2112554/000119312526369737/0001193125-26-369737-index.htm,EX-10.1,EX-10.1,https://www.sec.gov/Archives/edgar/data/2112554/000119312526369737/ck0002112554-ex10_1.htm,True,
UOLI,2026-08-27 00:00:00,https://www.sec.gov/Archives/edgar/data/1081834/000121465926010939/0001214659-26-010939-index.htm,8-K,,https://www.sec.gov/Archives/edgar/data/1081834/000121465926010939/x8262618k.htm,False,
KUBR,2026-08-27 00:00:00,https://www.sec.gov/Archives/edgar/data/1081834/000121465926010939/0001214659-26-010939-index.htm,8-K,,https://www.sec.gov/Archives/edgar/data/1081834/000121465926010939/x8262618k.htm,False,
None,2026-08-27 00:00:00,https://www.sec.gov/Archives/edgar/data/1330399/000133039926000107/0001330399-26-000107-index.htm,8-K,8-K,https://www.sec.gov/Archives/edgar/data/1330399/000133039926000107/ck0001330399-20260824.htm,False,
None,2026-08-27 00:00:00,https://www.sec.gov/Archives/edgar/data/1330399/000133039926000107/0001330399-26-000107-index.htm,EX-99.1,EX-99.1,https://www.sec.gov/Archives/edgar/data/1330399/000133039926000107/ck0001330399-ex99_1.htm,False,
QVCD,2026-08-27 00:00:00,https://www.sec.gov/Archives/edgar/data/1254699/000110465926102177/0001104659-26-102177-index.htm,8-K,FORM 8-K,https://www.sec.gov/Archives/edgar/data/1254699/000110465926102177/tm2624165d1_8k.htm,False,
QVCC,2026-08-27 00:00:00,https://www.sec.gov/Archives/edgar/data/1254699/000110465926102177/0001104659-26-102177-index.htm,8-K,FORM 8-K,https://www.sec.gov/Archives/edgar/data/1254699/000110465926102177/tm2624165d1_8k.htm,False,
CALC,2026-08-27 00:00:00,https://www.sec.gov/Archives/edgar/data/1534133/000119312526369713/0001193125-26-369713-index.htm,8-K,8-K,https://www.sec.gov/Archives/edgar/data/1534133/000119312526369713/d165361d8k.htm,False,
GRAY,2026-08-27 00:00:00,https://www.sec.gov/Archives/edgar/data/1534133/000119312526369713/0001193125-26-369713-index.htm,8-K,8-K,https://www.sec.gov/Archives/edgar/data/1534133/000119312526369713/d165361d8k.htm,False,
NMTC,2026-08-27 00:00:00,https://www.sec.gov/Archives/edgar/data/1500198/000121390026094174/0001213900-26-094174-index.htm,8-K,CURRENT REPORT,https://www.sec.gov/Archives/edgar/data/1500198/000121390026094174/ea0303530-8k_neuroone.htm,False,
NMTC,2026-08-27 00:00:00,https://www.sec.gov/Archives/edgar/data/1500198/000121390026094174/0001213900-26-094174-index.htm,EX-99.1,"PRESS RELEASE, DATED AUGUST 27, 2026",https://www.sec.gov/Archives/edgar/data/1500198/000121390026094174/ea030353001ex99-1.htm,False,
FFAI,2026-08-27 00:00:00,https://www.sec.gov/Archives/edgar/data/1805521/000121390026094175/0001213900-26-094175-index.htm,8-K,CURRENT REPORT,https://www.sec.gov/Archives/edgar/data/1805521/000121390026094175/ea0303580-8k_faraday.htm,False,
FFAI,2026-08-27 00:00:00,https://www.sec.gov/Archives/edgar/data/1805521/000121390026094175/0001213900-26-094175-index.htm,EX-99.1,"PRESS RELEASE DATED AUGUST 26, 2026",https://www.sec.gov/Archives/edgar/data/1805521/000121390026094175/ea030358001ex99-1.htm,False,
FFIE,2026-08-27 00:00:00,https://www.sec.gov/Archives/edgar/data/1805521/000121390026094175/0001213900-26-094175-index.htm,8-K,CURRENT REPORT,https://www.sec.gov/Archives/edgar/data/1805521/000121390026094175/ea0303580-8k_faraday.htm,False,
FFIE,2026-08-27 00:00:00,https://www.sec.gov/Archives/edgar/data/1805521/000121390026094175/0001213900-26-094175-index.htm,EX-99.1,"PRESS RELEASE DATED AUGUST 26, 2026",https://www.sec.gov/Archives/edgar/data/1805521/000121390026094175/ea030358001ex99-1.htm,False,
FFIEW,2026-08-27 00:00:00,https://www.sec.gov/Archives/edgar/data/1805521/000121390026094175/0001213900-26-094175-index.htm,8-K,CURRENT REPORT,https://www.sec.gov/Archives/edgar/data/1805521/000121390026094175/ea0303580-8k_faraday.htm,False,
FFIEW,2026-08-27 00:00:00,https://www.sec.gov/Archives/edgar/data/1805521/000121390026094175/0001213900-26-094175-index.htm,EX-99.1,"PRESS RELEASE DATED AUGUST 26, 2026",https://www.sec.gov/Archives/edgar/data/1805521/000121390026094175/ea030358001ex99-1.htm,False,
FFAIW,2026-08-27 00:00:00,https://www.sec.gov/Archives/edgar/data/1805521/000121390026094175/0001213900-26-094175-index.htm,8-K,CURRENT REPORT,https://www.sec.gov/Archives/edgar/data/1805521/000121390026094175/ea0303580-8k_faraday.htm,False,
FFAIW,2026-08-27 00:00:00,https://www.sec.gov/Archives/edgar/data/1805521/000121390026094175/0001213900-26-094175-index.htm,EX-99.1,"PRESS RELEASE DATED AUGUST 26, 2026",https://www.sec.gov/Archives/edgar/data/1805521/000121390026094175/ea030358001ex99-1.htm,False,
PSACU,2026-08-27 00:00:00,https://www.sec.gov/Archives/edgar/data/1805521/000121390026094175/0001213900-26-094175-index.htm,8-K,CURRENT REPORT,https://www.sec.gov/Archives/edgar/data/1805521/000121390026094175/ea0303580-8k_faraday.htm,False,
PSACU,2026-08-27 00:00:00,https://www.sec.gov/Archives/edgar/data/1805521/000121390026094175/0001213900-26-094175-index.htm,EX-99.1,"PRESS RELEASE DATED AUGUST 26, 2026",https://www.sec.gov/Archives/edgar/data/1805521/000121390026094175/ea030358001ex99-1.htm,False,
PSAC,2026-08-27 00:00:00,https://www.sec.gov/Archives/edgar/data/1805521/000121390026094175/0001213900-26-094175-index.htm,8-K,CURRENT REPORT,https://www.sec.gov/Archives/edgar/data/1805521/000121390026094175/ea0303580-8k_faraday.htm,False,
PSAC,2026-08-27 00:00:00,https://www.sec.gov/Archives/edgar/data/1805521/000121390026094175/0001213900-26-094175-index.htm,EX-99.1,"PRESS RELEASE DATED AUGUST 26, 2026",https://www.sec.gov/Archives/edgar/data/1805521/000121390026094175/ea030358001ex99-1.htm,False,
ONFO,2026-08-27 00:00:00,https://www.sec.gov/Archives/edgar/data/1825452/000121390026094172/0001213900-26-094172-index.htm,8-K,CURRENT REPORT,https://www.sec.gov/Archives/edgar/data/1825452/000121390026094172/ea0303550-8k_onfolio.htm,False,
ONFO,2026-08-27 00:00:00,https://www.sec.gov/Archives/edgar/data/1825452/000121390026094172/0001213900-26-094172-index.htm,EX-99.1,"PRESS RELEASE DATED AUGUST 27, 2026",https://www.sec.gov/Archives/edgar/data/1825452/000121390026094172/ea030355001ex99-1.htm,False,
ONFOW,2026-08-27 00:00:00,https://www.sec.gov/Archives/edgar/data/1825452/000121390026094172/0001213900-26-094172-index.htm,8-K,CURRENT REPORT,https://www.sec.gov/Archives/edgar/data/1825452/000121390026094172/ea0303550-8k_onfolio.htm,False,
ONFOW,2026-08-27 00:00:00,https://www.sec.gov/Archives/edgar/data/1825452/000121390026094172/0001213900-26-094172-index.htm,EX-99.1,"PRESS RELEASE DATED AUGUST 27, 2026",https://www.sec.gov/Archives/edgar/data/1825452/000121390026094172/ea030355001ex99-1.htm,False,
DLB,2026-08-27 00:00:00,https://www.sec.gov/Archives/edgar/data/1308547/000119312526369707/0001193125-26-369707-index.htm,8-K,8-K,https://www.sec.gov/Archives/edgar/data/1308547/000119312526369707/d349287d8k.htm,False,
DLB,2026-08-27 00:00:00,https://www.sec.gov/Archives/edgar/data/1308547/000119312526369707/0001193125-26-369707-index.htm,EX-99.1,EX-99.1,https://www.sec.gov/Archives/edgar/data/1308547/000119312526369707/d349287dex991.htm,False,
None,2026-08-27 00:00:00,https://www.sec.gov/Archives/edgar/data/1939433/000193943326000145/0001939433-26-000145-index.htm,8-K,8-K,https://www.sec.gov/Archives/edgar/data/1939433/000193943326000145/cnsreit-20260827.htm,False,
INAQU,2026-08-27 00:00:00,https://www.sec.gov/Archives/edgar/data/1862463/000149315226040333/0001493152-26-040333-index.htm,8-K,8-K,https://www.sec.gov/Archives/edgar/data/1862463/000149315226040333/form8-k.htm,True,
INAQU,2026-08-27 00:00:00,https://www.sec.gov/Archives/edgar/data/1862463/000149315226040333/0001493152-26-040333-index.htm,EX-10.1,EX-10.1,https://www.sec.gov/Archives/edgar/data/1862463/000149315226040333/ex10-1.htm,True,
INAQU,2026-08-27 00:00:00,https://www.sec.gov/Archives/edgar/data/1862463/000149315226040333/0001493152-26-040333-index.htm,EX-10.2,EX-10.2,https://www.sec.gov/Archives/edgar/data/1862463/000149315226040333/ex10-2.htm,False,
INAQU,2026-08-27 00:00:00,https://www.sec.gov/Archives/edgar/data/1862463/000149315226040333/0001493152-26-040333-index.htm,EX-99.1,EX-99.1,https://www.sec.gov/Archives/edgar/data/1862463/000149315226040333/ex99-1.htm,False,
AMODW,2026-08-27 00:00:00,https://www.sec.gov/Archives/edgar/data/1862463/000149315226040333/0001493152-26-040333-index.htm,8-K,8-K,https://www.sec.gov/Archives/edgar/data/1862463/000149315226040333/form8-k.htm,True,
AMODW,2026-08-27 00:00:00,https://www.sec.gov/Archives/edgar/data/1862463/000149315226040333/0001493152-26-040333-index.htm,EX-10.1,EX-10.1,https://www.sec.gov/Archives/edgar/data/1862463/000149315226040333/ex10-1.htm,True,
AMODW,2026-08-27 00:00:00,https://www.sec.gov/Archives/edgar/data/1862463/000149315226040333/0001493152-26-040333-index.htm,EX-10.2,EX-10.2,https://www.sec.gov/Archives/edgar/data/1862463/000149315226040333/ex10-2.htm,False,
AMODW,2026-08-27 00:00:00,https://www.sec.gov/Archives/edgar/data/1862463/000149315226040333/0001493152-26-040333-index.htm,EX-99.1,EX-99.1,https://www.sec.gov/Archives/edgar/data/1862463/000149315226040333/ex99-1.htm,False,
AMOD,2026-08-27 00:00:00,https://www.sec.gov/Archives/edgar/data/1862463/000149315226040333/0001493152-26-040333-index.htm,8-K,8-K,https://www.sec.gov/Archives/edgar/data/1862463/000149315226040333/form8-k.htm,True,
AMOD,2026-08-27 00:00:00,https://www.sec.gov/Archives/edgar/data/1862463/000149315226040333/0001493152-26-040333-index.htm,EX-10.1,EX-10.1,https://www.sec.gov/Archives/edgar/data/1862463/000149315226040333/ex10-1.htm,True,
AMOD,2026-08-27 00:00:00,https://www.sec.gov/Archives/edgar/data/1862463/000149315226040333/0001493152-26-040333-index.htm,EX-10.2,EX-10.2,https://www.sec.gov/Archives/edgar/data/1862463/000149315226040333/ex10-2.htm,False,
AMOD,2026-08-27 00:00:00,https://www.sec.gov/Archives/edgar/data/1862463/000149315226040333/0001493152-26-040333-index.htm,EX-99.1,EX-99.1,https://www.sec.gov/Archives/edgar/data/1862463/000149315226040333/ex99-1.htm,False,
INAQ,2026-08-27 00:00:00,https://www.sec.gov/Archives/edgar/data/1862463/000149315226040333/0001493152-26-040333-index.htm,8-K,8-K,https://www.sec.gov/Archives/edgar/data/1862463/000149315226040333/form8-k.htm,True,
INAQ,2026-08-27 00:00:00,https://www.sec.gov/Archives/edgar/data/1862463/000149315226040333/0001493152-26-040333-index.htm,EX-10.1,EX-10.1,https://www.sec.gov/Archives/edgar/data/1862463/000149315226040333/ex10-1.htm,True,
INAQ,2026-08-27 00:00:00,https://www.sec.gov/Archives/edgar/data/1862463/000149315226040333/0001493152-26-040333-index.htm,EX-10.2,EX-10.2,https://www.sec.gov/Archives/edgar/data/1862463/000149315226040333/ex10-2.htm,False,
INAQ,2026-08-27 00:00:00,https://www.sec.gov/Archives/edgar/data/1862463/000149315226040333/0001493152-26-040333-index.htm,EX-99.1,EX-99.1,https://www.sec.gov/Archives/edgar/data/1862463/000149315226040333/ex99-1.htm,False,
INAQ-UN,2026-08-27 00:00:00,https://www.sec.gov/Archives/edgar/data/1862463/000149315226040333/0001493152-26-040333-index.htm,8-K,8-K,https://www.sec.gov/Archives/edgar/data/1862463/000149315226040333/form8-k.htm,True,
INAQ-UN,2026-08-27 00:00:00,https://www.sec.gov/Archives/edgar/data/1862463/000149315226040333/0001493152-26-040333-index.htm,EX-10.1,EX-10.1,https://www.sec.gov/Archives/edgar/data/1862463/000149315226040333/ex10-1.htm,True,
INAQ-UN,2026-08-27 00:00:00,https://www.sec.gov/Archives/edgar/data/1862463/000149315226040333/0001493152-26-040333-index.htm,EX-10.2,EX-10.2,https://www.sec.gov/Archives/edgar/data/1862463/000149315226040333/ex10-2.htm,False,
INAQ-UN,2026-08-27 00:00:00,https://www.sec.gov/Archives/edgar/data/1862463/000149315226040333/0001493152-26-040333-index.htm,EX-99.1,EX-99.1,https://www.sec.gov/Archives/edgar/data/1862463/000149315226040333/ex99-1.htm,False,
INAQ-WT,2026-08-27 00:00:00,https://www.sec.gov/Archives/edgar/data/1862463/000149315226040333/0001493152-26-040333-index.htm,8-K,8-K,https://www.sec.gov/Archives/edgar/data/1862463/000149315226040333/form8-k.htm,True,
INAQ-WT,2026-08-27 00:00:00,https://www.sec.gov/Archives/edgar/data/1862463/000149315226040333/0001493152-26-040333-index.htm,EX-10.1,EX-10.1,https://www.sec.gov/Archives/edgar/data/1862463/000149315226040333/ex10-1.htm,True,
INAQ-WT,2026-08-27 00:00:00,https://www.sec.gov/Archives/edgar/data/1862463/000149315226040333/0001493152-26-040333-index.htm,EX-10.2,EX-10.2,https://www.sec.gov/Archives/edgar/data/1862463/000149315226040333/ex10-2.htm,False,
INAQ-WT,2026-08-27 00:00:00,https://www.sec.gov/Archives/edgar/data/1862463/000149315226040333/0001493152-26-040333-index.htm,EX-99.1,EX-99.1,https://www.sec.gov/Archives/edgar/data/1862463/000149315226040333/ex99-1.htm,False,
EMAT,2026-08-27 00:00:00,https://www.sec.gov/Archives/edgar/data/1866226/000121390026094170/0001213900-26-094170-index.htm,8-K,CURRENT REPORT,https://www.sec.gov/Archives/edgar/data/1866226/000121390026094170/ea0303126-8k_evolution.htm,False,
EMAT,2026-08-27 00:00:00,https://www.sec.gov/Archives/edgar/data/1866226/000121390026094170/0001213900-26-094170-index.htm,EX-99.1,"PRESS RELEASE DATED AUGUST 27, 2026",https://www.sec.gov/Archives/edgar/data/1866226/000121390026094170/ea030312601ex99-1.htm,False,
WTMAR,2026-08-27 00:00:00,https://www.sec.gov/Archives/edgar/data/1866226/000121390026094170/0001213900-26-094170-index.htm,8-K,CURRENT REPORT,https://www.sec.gov/Archives/edgar/data/1866226/000121390026094170/ea0303126-8k_evolution.htm,False,
WTMAR,2026-08-27 00:00:00,https://www.sec.gov/Archives/edgar/data/1866226/000121390026094170/0001213900-26-094170-index.htm,EX-99.1,"PRESS RELEASE DATED AUGUST 27, 2026",https://www.sec.gov/Archives/edgar/data/1866226/000121390026094170/ea030312601ex99-1.htm,False,
WTMA,2026-08-27 00:00:00,https://www.sec.gov/Archives/edgar/data/1866226/000121390026094170/0001213900-26-094170-index.htm,8-K,CURRENT REPORT,https://www.sec.gov/Archives/edgar/data/1866226/000121390026094170/ea0303126-8k_evolution.htm,False,
WTMA,2026-08-27 00:00:00,https://www.sec.gov/Archives/edgar/data/1866226/000121390026094170/0001213900-26-094170-index.htm,EX-99.1,"PRESS RELEASE DATED AUGUST 27, 2026",https://www.sec.gov/Archives/edgar/data/1866226/000121390026094170/ea030312601ex99-1.htm,False,
WTMAU,2026-08-27 00:00:00,https://www.sec.gov/Archives/edgar/data/1866226/000121390026094170/0001213900-26-094170-index.htm,8-K,CURRENT REPORT,https://www.sec.gov/Archives/edgar/data/1866226/000121390026094170/ea0303126-8k_evolution.htm,False,
WTMAU,2026-08-27 00:00:00,https://www.sec.gov/Archives/edgar/data/1866226/000121390026094170/0001213900-26-094170-index.htm,EX-99.1,"PRESS RELEASE DATED AUGUST 27, 2026",https://www.sec.gov/Archives/edgar/data/1866226/000121390026094170/ea030312601ex99-1.htm,False,
IGAP,2026-08-27 00:00:00,https://www.sec.gov/Archives/edgar/data/1506983/000149315226040332/0001493152-26-040332-index.htm,8-K,8-K,https://www.sec.gov/Archives/edgar/data/1506983/000149315226040332/form8-k.htm,False,
IGAP,2026-08-27 00:00:00,https://www.sec.gov/Archives/edgar/data/1506983/000149315226040332/0001493152-26-040332-index.htm,EX-99.1,EX-99.1,https://www.sec.gov/Archives/edgar/data/1506983/000149315226040332/ex99-1.htm,False,
GCTK,2026-08-27 00:00:00,https://www.sec.gov/Archives/edgar/data/1506983/000149315226040332/0001493152-26-040332-index.htm,8-K,8-K,https://www.sec.gov/Archives/edgar/data/1506983/000149315226040332/form8-k.htm,False,
GCTK,2026-08-27 00:00:00,https://www.sec.gov/Archives/edgar/data/1506983/000149315226040332/0001493152-26-040332-index.htm,EX-99.1,EX-99.1,https://www.sec.gov/Archives/edgar/data/1506983/000149315226040332/ex99-1.htm,False,
JNVR,2026-08-27 00:00:00,https://www.sec.gov/Archives/edgar/data/1805526/000180552626000058/0001805526-26-000058-index.htm,8-K,8-K,https://www.sec.gov/Archives/edgar/data/1805526/000180552626000058/dfdv-20260827.htm,False,
JNVR,2026-08-27 00:00:00,https://www.sec.gov/Archives/edgar/data/1805526/000180552626000058/0001805526-26-000058-index.htm,EX-99.1,EX-99.1,https://www.sec.gov/Archives/edgar/data/1805526/000180552626000058/dfdv-exx991_82726.htm,False,
DFDV,2026-08-27 00:00:00,https://www.sec.gov/Archives/edgar/data/1805526/000180552626000058/0001805526-26-000058-index.htm,8-K,8-K,https://www.sec.gov/Archives/edgar/data/1805526/000180552626000058/dfdv-20260827.htm,False,
DFDV,2026-08-27 00:00:00,https://www.sec.gov/Archives/edgar/data/1805526/000180552626000058/0001805526-26-000058-index.htm,EX-99.1,EX-99.1,https://www.sec.gov/Archives/edgar/data/1805526/000180552626000058/dfdv-exx991_82726.htm,False,
JNRV,2026-08-27 00:00:00,https://www.sec.gov/Archives/edgar/data/1805526/000180552626000058/0001805526-26-000058-index.htm,8-K,8-K,https://www.sec.gov/Archives/edgar/data/1805526/000180552626000058/dfdv-20260827.htm,False,
JNRV,2026-08-27 00:00:00,https://www.sec.gov/Archives/edgar/data/1805526/000180552626000058/0001805526-26-000058-index.htm,EX-99.1,EX-99.1,https://www.sec.gov/Archives/edgar/data/1805526/000180552626000058/dfdv-exx991_82726.htm,False,
VNCE,2026-08-27 00:00:00,https://www.sec.gov/Archives/edgar/data/1579157/000119312526369683/0001193125-26-369683-index.htm,8-K,8-K,https://www.sec.gov/Archives/edgar/data/1579157/000119312526369683/vnce-20260827.htm,True,
VNCE,2026-08-27 00:00:00,https://www.sec.gov/Archives/edgar/data/1579157/000119312526369683/0001193125-26-369683-index.htm,EX-10.1,EX-10.1,https://www.sec.gov/Archives/edgar/data/1579157/000119312526369683/vnce-ex10_1.htm,True,
VNCE,2026-08-27 00:00:00,https://www.sec.gov/Archives/edgar/data/1579157/000119312526369683/0001193125-26-369683-index.htm,EX-10.2,EX-10.2,https://www.sec.gov/Archives/edgar/data/1579157/000119312526369683/vnce-ex10_2.htm,False,
VNCE,2026-08-27 00:00:00,https://www.sec.gov/Archives/edgar/data/1579157/000119312526369683/0001193125-26-369683-index.htm,EX-99.1,EX-99.1,https://www.sec.gov/Archives/edgar/data/1579157/000119312526369683/vnce-ex99_1.htm,True,
MBX,2026-08-27 00:00:00,https://www.sec.gov/Archives/edgar/data/1776111/000119312526369674/0001193125-26-369674-index.htm,8-K,8-K,https://www.sec.gov/Archives/edgar/data/1776111/000119312526369674/mbx-20260827.htm,False,
MBX,2026-08-27 00:00:00,https://www.sec.gov/Archives/edgar/data/1776111/000119312526369674/0001193125-26-369674-index.htm,EX-99.1,EX-99.1,https://www.sec.gov/Archives/edgar/data/1776111/000119312526369674/mbx-ex99_1.htm,False,
None,2026-08-27 00:00:00,https://www.sec.gov/Archives/edgar/data/2078856/000119312526369668/0001193125-26-369668-index.htm,8-K,8-K,https://www.sec.gov/Archives/edgar/data/2078856/000119312526369668/purr-20260827.htm,False,
None,2026-08-27 00:00:00,https://www.sec.gov/Archives/edgar/data/2078856/000119312526369668/0001193125-26-369668-index.htm,EX-99.1,EX-99.1,https://www.sec.gov/Archives/edgar/data/2078856/000119312526369668/purr-ex99_1.htm,False,
ARTL,2026-08-27 00:00:00,https://www.sec.gov/Archives/edgar/data/1621221/000164033426001421/0001640334-26-001421-index.htm,8-K,FORM 8-K,https://www.sec.gov/Archives/edgar/data/1621221/000164033426001421/artl_8k.htm,False,
ARTL,2026-08-27 00:00:00,https://www.sec.gov/Archives/edgar/data/1621221/000164033426001421/0001640334-26-001421-index.htm,EX-99.1,PRESS RELEASE,https://www.sec.gov/Archives/edgar/data/1621221/000164033426001421/artl_ex991.htm,False,
ARTLW,2026-08-27 00:00:00,https://www.sec.gov/Archives/edgar/data/1621221/000164033426001421/0001640334-26-001421-index.htm,8-K,FORM 8-K,https://www.sec.gov/Archives/edgar/data/1621221/000164033426001421/artl_8k.htm,False,
ARTLW,2026-08-27 00:00:00,https://www.sec.gov/Archives/edgar/data/1621221/000164033426001421/0001640334-26-001421-index.htm,EX-99.1,PRESS RELEASE,https://www.sec.gov/Archives/edgar/data/1621221/000164033426001421/artl_ex991.htm,False,
None,2026-08-27 00:00:00,https://www.sec.gov/Archives/edgar/data/2108359/000121390026094153/0001213900-26-094153-index.htm,8-K,CURRENT REPORT,https://www.sec.gov/Archives/edgar/data/2108359/000121390026094153/ea0302906-8k_biokey.htm,True,
None,2026-08-27 00:00:00,https://www.sec.gov/Archives/edgar/data/2108359/000121390026094153/0001213900-26-094153-index.htm,EX-10.1,"TRANSITIONAL SERVICES AGREEMENT, DATED AS OF JUNE 22, 2026, BY AND BETWEEN ABVC",https://www.sec.gov/Archives/edgar/data/2108359/000121390026094153/ea030290601ex10-1.htm,False,
None,2026-08-27 00:00:00,https://www.sec.gov/Archives/edgar/data/2108359/000121390026094153/0001213900-26-094153-index.htm,EX-10.2,"TAX MATTERS AGREEMENT, DATED AS OF JUNE 22, 2026, BY AND BETWEEN ABVC BIOPHARMA,",https://www.sec.gov/Archives/edgar/data/2108359/000121390026094153/ea030290601ex10-2.htm,False,
None,2026-08-27 00:00:00,https://www.sec.gov/Archives/edgar/data/2108359/000121390026094153/0001213900-26-094153-index.htm,EX-99.1,"INFORMATION STATEMENT OF BIOKEY (CAYMAN), INC., DATED AUGUST [ ], 2026",https://www.sec.gov/Archives/edgar/data/2108359/000121390026094153/ea030290601ex99-1.htm,True,
ABVC,2026-08-27 00:00:00,https://www.sec.gov/Archives/edgar/data/1173313/000121390026094152/0001213900-26-094152-index.htm,8-K,CURRENT REPORT,https://www.sec.gov/Archives/edgar/data/1173313/000121390026094152/ea0302908-8k_abvc.htm,True,
ABVC,2026-08-27 00:00:00,https://www.sec.gov/Archives/edgar/data/1173313/000121390026094152/0001213900-26-094152-index.htm,EX-10.1,"TRANSITIONAL SERVICES AGREEMENT, DATED AS OF JUNE 22, 2026, BY AND BETWEEN ABVC",https://www.sec.gov/Archives/edgar/data/1173313/000121390026094152/ea030290801ex10-1.htm,False,
ABVC,2026-08-27 00:00:00,https://www.sec.gov/Archives/edgar/data/1173313/000121390026094152/0001213900-26-094152-index.htm,EX-10.2,"TAX MATTERS AGREEMENT, DATED AS OF JUNE 22, 2026, BY AND BETWEEN ABVC BIOPHARMA,",https://www.sec.gov/Archives/edgar/data/1173313/000121390026094152/ea030290801ex10-2.htm,False,
IDXG,2026-08-27 00:00:00,https://www.sec.gov/Archives/edgar/data/1054102/000149315226040329/0001493152-26-040329-index.htm,8-K,8-K,https://www.sec.gov/Archives/edgar/data/1054102/000149315226040329/form8-k.htm,False,
IDXG,2026-08-27 00:00:00,https://www.sec.gov/Archives/edgar/data/1054102/000149315226040329/0001493152-26-040329-index.htm,EX-99.1,EX-99.1,https://www.sec.gov/Archives/edgar/data/1054102/000149315226040329/ex99-1.htm,False,
TIVC,2026-08-27 00:00:00,https://www.sec.gov/Archives/edgar/data/1787740/000168316826006742/0001683168-26-006742-index.htm,8-K,CURRENT REPORT,https://www.sec.gov/Archives/edgar/data/1787740/000168316826006742/valion_8k.htm,False,
TIVC,2026-08-27 00:00:00,https://www.sec.gov/Archives/edgar/data/1787740/000168316826006742/0001683168-26-006742-index.htm,EX-99.1,PRESS RELEASE,https://www.sec.gov/Archives/edgar/data/1787740/000168316826006742/valion_ex9901.htm,False,
GRBK-PA,2026-08-27 00:00:00,https://www.sec.gov/Archives/edgar/data/1373670/000162828026059193/0001628280-26-059193-index.htm,8-K,8-K,https://www.sec.gov/Archives/edgar/data/1373670/000162828026059193/grbk-20260821.htm,False,
GRBK,2026-08-27 00:00:00,https://www.sec.gov/Archives/edgar/data/1373670/000162828026059193/0001628280-26-059193-index.htm,8-K,8-K,https://www.sec.gov/Archives/edgar/data/1373670/000162828026059193/grbk-20260821.htm,False,
WTM,2026-08-27 00:00:00,https://www.sec.gov/Archives/edgar/data/776867/000162828026059191/0001628280-26-059191-index.htm,8-K,8-K,https://www.sec.gov/Archives/edgar/data/776867/000162828026059191/wtm-20260826.htm,False,
WTM,2026-08-27 00:00:00,https://www.sec.gov/Archives/edgar/data/776867/000162828026059191/0001628280-26-059191-index.htm,EX-99.1,EX-99.1,https://www.sec.gov/Archives/edgar/data/776867/000162828026059191/wtmex991pressrelease2026st.htm,False,
SMG,2026-08-27 00:00:00,https://www.sec.gov/Archives/edgar/data/825542/000082554226000043/0000825542-26-000043-index.htm,8-K,8-K,https://www.sec.gov/Archives/edgar/data/825542/000082554226000043/smg-20260827.htm,True,
SMG,2026-08-27 00:00:00,https://www.sec.gov/Archives/edgar/data/825542/000082554226000043/0000825542-26-000043-index.htm,EX-10.1,EX-10.1,https://www.sec.gov/Archives/edgar/data/825542/000082554226000043/smg2026-08x278xkxexhibit101.htm,True,
AVNW,2026-08-27 00:00:00,https://www.sec.gov/Archives/edgar/data/1377789/000162828026059186/0001628280-26-059186-index.htm,8-K,8-K,https://www.sec.gov/Archives/edgar/data/1377789/000162828026059186/avnw-20260827.htm,False,
AVNW,2026-08-27 00:00:00,https://www.sec.gov/Archives/edgar/data/1377789/000162828026059186/0001628280-26-059186-index.htm,EX-99.1,EX-99.1,https://www.sec.gov/Archives/edgar/data/1377789/000162828026059186/fy26q4pressreleaseex991.htm,False,
HQY,2026-08-27 00:00:00,https://www.sec.gov/Archives/edgar/data/1428336/000142833626000040/0001428336-26-000040-index.htm,8-K,8-K,https://www.sec.gov/Archives/edgar/data/1428336/000142833626000040/hqy-20260827.htm,False,
HQY,2026-08-27 00:00:00,https://www.sec.gov/Archives/edgar/data/1428336/000142833626000040/0001428336-26-000040-index.htm,EX-99.1,EX-99.1,https://www.sec.gov/Archives/edgar/data/1428336/000142833626000040/hqyearningsrelease-fy27q2.htm,False,
GHM,2026-08-27 00:00:00,https://www.sec.gov/Archives/edgar/data/716314/000119312526369611/0001193125-26-369611-index.htm,8-K,8-K,https://www.sec.gov/Archives/edgar/data/716314/000119312526369611/d131891d8k.htm,False,
KEQU,2026-08-27 00:00:00,https://www.sec.gov/Archives/edgar/data/55529/000005552926000028/0000055529-26-000028-index.htm,8-K,8-K,https://www.sec.gov/Archives/edgar/data/55529/000005552926000028/kequ-20260826.htm,False,
None,2026-08-27 00:00:00,https://www.sec.gov/Archives/edgar/data/2087087/000110465926102023/0001104659-26-102023-index.htm,8-K,FORM 8-K,https://www.sec.gov/Archives/edgar/data/2087087/000110465926102023/tm2624075d1_8k.htm,True,
None,2026-08-27 00:00:00,https://www.sec.gov/Archives/edgar/data/2087087/000110465926102023/0001104659-26-102023-index.htm,EX-10.1,EXHIBIT 10.1,https://www.sec.gov/Archives/edgar/data/2087087/000110465926102023/tm2624075d1_ex10-1.htm,False,
None,2026-08-27 00:00:00,https://www.sec.gov/Archives/edgar/data/2087087/000110465926102023/0001104659-26-102023-index.htm,EX-10.2,EXHIBIT 10.2,https://www.sec.gov/Archives/edgar/data/2087087/000110465926102023/tm2624075d1_ex10-2.htm,False,
None,2026-08-27 00:00:00,https://www.sec.gov/Archives/edgar/data/2087087/000110465926102023/0001104659-26-102023-index.htm,EX-99.1,EXHIBIT 99.1,https://www.sec.gov/Archives/edgar/data/2087087/000110465926102023/tm2624075d1_ex99-1.htm,False,
PPIH,2026-08-27 00:00:00,https://www.sec.gov/Archives/edgar/data/914122/000143774926029064/0001437749-26-029064-index.htm,8-K,FORM 8-K,https://www.sec.gov/Archives/edgar/data/914122/000143774926029064/ppih20260826_8k.htm,True,
PPIH,2026-08-27 00:00:00,https://www.sec.gov/Archives/edgar/data/914122/000143774926029064/0001437749-26-029064-index.htm,EX-10.1,EXHIBIT 10.1,https://www.sec.gov/Archives/edgar/data/914122/000143774926029064/ex_1009311.htm,True,
PPIH,2026-08-27 00:00:00,https://www.sec.gov/Archives/edgar/data/914122/000143774926029064/0001437749-26-029064-index.htm,EX-99.1,EXHIBIT 99.1 - PERMA-PIPE ANNOUNCES CLOSING OF GLOBAL CREDIT FACILITY OF UP TO $,https://www.sec.gov/Archives/edgar/data/914122/000143774926029064/ex_1009802.htm,True,
VEL,2026-08-27 00:00:00,https://www.sec.gov/Archives/edgar/data/1692376/000119312526369585/0001193125-26-369585-index.htm,8-K,8-K,https://www.sec.gov/Archives/edgar/data/1692376/000119312526369585/d277042d8k.htm,True,
VEL,2026-08-27 00:00:00,https://www.sec.gov/Archives/edgar/data/1692376/000119312526369585/0001193125-26-369585-index.htm,EX-10.1,EX-10.1,https://www.sec.gov/Archives/edgar/data/1692376/000119312526369585/d277042dex101.htm,False,
VEL,2026-08-27 00:00:00,https://www.sec.gov/Archives/edgar/data/1692376/000119312526369585/0001193125-26-369585-index.htm,EX-99.1,EX-99.1,https://www.sec.gov/Archives/edgar/data/1692376/000119312526369585/d277042dex991.htm,False,
SONM,2026-08-27 00:00:00,https://www.sec.gov/Archives/edgar/data/1178697/000149315226040324/0001493152-26-040324-index.htm,8-K,8-K,https://www.sec.gov/Archives/edgar/data/1178697/000149315226040324/form8-k.htm,False,
BOWL,2026-08-27 00:00:00,https://www.sec.gov/Archives/edgar/data/1840572/000162828026059178/0001628280-26-059178-index.htm,8-K,8-K,https://www.sec.gov/Archives/edgar/data/1840572/000162828026059178/bowl-20260827.htm,False,
BOWL,2026-08-27 00:00:00,https://www.sec.gov/Archives/edgar/data/1840572/000162828026059178/0001628280-26-059178-index.htm,EX-99.1,EX-99.1,https://www.sec.gov/Archives/edgar/data/1840572/000162828026059178/pressreleaseq4fy-26.htm,False,
LUCK,2026-08-27 00:00:00,https://www.sec.gov/Archives/edgar/data/1840572/000162828026059178/0001628280-26-059178-index.htm,8-K,8-K,https://www.sec.gov/Archives/edgar/data/1840572/000162828026059178/bowl-20260827.htm,False,
LUCK,2026-08-27 00:00:00,https://www.sec.gov/Archives/edgar/data/1840572/000162828026059178/0001628280-26-059178-index.htm,EX-99.1,EX-99.1,https://www.sec.gov/Archives/edgar/data/1840572/000162828026059178/pressreleaseq4fy-26.htm,False,
KRMN,2026-08-27 00:00:00,https://www.sec.gov/Archives/edgar/data/2040127/000119312526369561/0001193125-26-369561-index.htm,8-K,8-K,https://www.sec.gov/Archives/edgar/data/2040127/000119312526369561/d116376d8k.htm,False,
KRMN,2026-08-27 00:00:00,https://www.sec.gov/Archives/edgar/data/2040127/000119312526369561/0001193125-26-369561-index.htm,EX-10.1,EX-10.1,https://www.sec.gov/Archives/edgar/data/2040127/000119312526369561/d116376dex101.htm,False,
KRMN,2026-08-27 00:00:00,https://www.sec.gov/Archives/edgar/data/2040127/000119312526369561/0001193125-26-369561-index.htm,EX-99.1,EX-99.1,https://www.sec.gov/Archives/edgar/data/2040127/000119312526369561/d116376dex991.htm,False,
NXLIW,2026-08-27 00:00:00,https://www.sec.gov/Archives/edgar/data/1527352/000182912626009387/0001829126-26-009387-index.htm,8-K,8-K,https://www.sec.gov/Archives/edgar/data/1527352/000182912626009387/nexalintec_8k.htm,False,
NXLIW,2026-08-27 00:00:00,https://www.sec.gov/Archives/edgar/data/1527352/000182912626009387/0001829126-26-009387-index.htm,EX-99.1,EXHIBIT 99.1,https://www.sec.gov/Archives/edgar/data/1527352/000182912626009387/nexalintec_ex99-1.htm,False,
NXL,2026-08-27 00:00:00,https://www.sec.gov/Archives/edgar/data/1527352/000182912626009387/0001829126-26-009387-index.htm,8-K,8-K,https://www.sec.gov/Archives/edgar/data/1527352/000182912626009387/nexalintec_8k.htm,False,
NXL,2026-08-27 00:00:00,https://www.sec.gov/Archives/edgar/data/1527352/000182912626009387/0001829126-26-009387-index.htm,EX-99.1,EXHIBIT 99.1,https://www.sec.gov/Archives/edgar/data/1527352/000182912626009387/nexalintec_ex99-1.htm,False,
TITN,2026-08-27 00:00:00,https://www.sec.gov/Archives/edgar/data/1409171/000162828026059170/0001628280-26-059170-index.htm,8-K,8-K,https://www.sec.gov/Archives/edgar/data/1409171/000162828026059170/titn-20260827.htm,False,
TITN,2026-08-27 00:00:00,https://www.sec.gov/Archives/edgar/data/1409171/000162828026059170/0001628280-26-059170-index.htm,EX-99.1,EX-99.1,https://www.sec.gov/Archives/edgar/data/1409171/000162828026059170/afy27q2ex991earningsrelease.htm,False,
CORZZ,2026-08-27 00:00:00,https://www.sec.gov/Archives/edgar/data/1839341/000183934126000021/0001839341-26-000021-index.htm,8-K,8-K,https://www.sec.gov/Archives/edgar/data/1839341/000183934126000021/core-20260825.htm,True,
CORZZ,2026-08-27 00:00:00,https://www.sec.gov/Archives/edgar/data/1839341/000183934126000021/0001839341-26-000021-index.htm,EX-10.1,EX-10.1,https://www.sec.gov/Archives/edgar/data/1839341/000183934126000021/a01corescientificrevolve.htm,True,
CORZZ,2026-08-27 00:00:00,https://www.sec.gov/Archives/edgar/data/1839341/000183934126000021/0001839341-26-000021-index.htm,EX-99.1,EX-99.1,https://www.sec.gov/Archives/edgar/data/1839341/000183934126000021/revolverprvf.htm,True,
CORZR,2026-08-27 00:00:00,https://www.sec.gov/Archives/edgar/data/1839341/000183934126000021/0001839341-26-000021-index.htm,8-K,8-K,https://www.sec.gov/Archives/edgar/data/1839341/000183934126000021/core-20260825.htm,True,
CORZR,2026-08-27 00:00:00,https://www.sec.gov/Archives/edgar/data/1839341/000183934126000021/0001839341-26-000021-index.htm,EX-10.1,EX-10.1,https://www.sec.gov/Archives/edgar/data/1839341/000183934126000021/a01corescientificrevolve.htm,True,
CORZR,2026-08-27 00:00:00,https://www.sec.gov/Archives/edgar/data/1839341/000183934126000021/0001839341-26-000021-index.htm,EX-99.1,EX-99.1,https://www.sec.gov/Archives/edgar/data/1839341/000183934126000021/revolverprvf.htm,True,
CORZ,2026-08-27 00:00:00,https://www.sec.gov/Archives/edgar/data/1839341/000183934126000021/0001839341-26-000021-index.htm,8-K,8-K,https://www.sec.gov/Archives/edgar/data/1839341/000183934126000021/core-20260825.htm,True,
CORZ,2026-08-27 00:00:00,https://www.sec.gov/Archives/edgar/data/1839341/000183934126000021/0001839341-26-000021-index.htm,EX-10.1,EX-10.1,https://www.sec.gov/Archives/edgar/data/1839341/000183934126000021/a01corescientificrevolve.htm,True,
CORZ,2026-08-27 00:00:00,https://www.sec.gov/Archives/edgar/data/1839341/000183934126000021/0001839341-26-000021-index.htm,EX-99.1,EX-99.1,https://www.sec.gov/Archives/edgar/data/1839341/000183934126000021/revolverprvf.htm,True,
CORZW,2026-08-27 00:00:00,https://www.sec.gov/Archives/edgar/data/1839341/000183934126000021/0001839341-26-000021-index.htm,8-K,8-K,https://www.sec.gov/Archives/edgar/data/1839341/000183934126000021/core-20260825.htm,True,
CORZW,2026-08-27 00:00:00,https://www.sec.gov/Archives/edgar/data/1839341/000183934126000021/0001839341-26-000021-index.htm,EX-10.1,EX-10.1,https://www.sec.gov/Archives/edgar/data/1839341/000183934126000021/a01corescientificrevolve.htm,True,
CORZW,2026-08-27 00:00:00,https://www.sec.gov/Archives/edgar/data/1839341/000183934126000021/0001839341-26-000021-index.htm,EX-99.1,EX-99.1,https://www.sec.gov/Archives/edgar/data/1839341/000183934126000021/revolverprvf.htm,True,
XPDI,2026-08-27 00:00:00,https://www.sec.gov/Archives/edgar/data/1839341/000183934126000021/0001839341-26-000021-index.htm,8-K,8-K,https://www.sec.gov/Archives/edgar/data/1839341/000183934126000021/core-20260825.htm,True,
XPDI,2026-08-27 00:00:00,https://www.sec.gov/Archives/edgar/data/1839341/000183934126000021/0001839341-26-000021-index.htm,EX-10.1,EX-10.1,https://www.sec.gov/Archives/edgar/data/1839341/000183934126000021/a01corescientificrevolve.htm,True,
XPDI,2026-08-27 00:00:00,https://www.sec.gov/Archives/edgar/data/1839341/000183934126000021/0001839341-26-000021-index.htm,EX-99.1,EX-99.1,https://www.sec.gov/Archives/edgar/data/1839341/000183934126000021/revolverprvf.htm,True,
XPDIW,2026-08-27 00:00:00,https://www.sec.gov/Archives/edgar/data/1839341/000183934126000021/0001839341-26-000021-index.htm,8-K,8-K,https://www.sec.gov/Archives/edgar/data/1839341/000183934126000021/core-20260825.htm,True,
XPDIW,2026-08-27 00:00:00,https://www.sec.gov/Archives/edgar/data/1839341/000183934126000021/0001839341-26-000021-index.htm,EX-10.1,EX-10.1,https://www.sec.gov/Archives/edgar/data/1839341/000183934126000021/a01corescientificrevolve.htm,True,
XPDIW,2026-08-27 00:00:00,https://www.sec.gov/Archives/edgar/data/1839341/000183934126000021/0001839341-26-000021-index.htm,EX-99.1,EX-99.1,https://www.sec.gov/Archives/edgar/data/1839341/000183934126000021/revolverprvf.htm,True,
XPDIU,2026-08-27 00:00:00,https://www.sec.gov/Archives/edgar/data/1839341/000183934126000021/0001839341-26-000021-index.htm,8-K,8-K,https://www.sec.gov/Archives/edgar/data/1839341/000183934126000021/core-20260825.htm,True,
XPDIU,2026-08-27 00:00:00,https://www.sec.gov/Archives/edgar/data/1839341/000183934126000021/0001839341-26-000021-index.htm,EX-10.1,EX-10.1,https://www.sec.gov/Archives/edgar/data/1839341/000183934126000021/a01corescientificrevolve.htm,True,
XPDIU,2026-08-27 00:00:00,https://www.sec.gov/Archives/edgar/data/1839341/000183934126000021/0001839341-26-000021-index.htm,EX-99.1,EX-99.1,https://www.sec.gov/Archives/edgar/data/1839341/000183934126000021/revolverprvf.htm,True,
MBUU,2026-08-27 00:00:00,https://www.sec.gov/Archives/edgar/data/1590976/000159097626000035/0001590976-26-000035-index.htm,8-K,8-K,https://www.sec.gov/Archives/edgar/data/1590976/000159097626000035/mbuu-20260827.htm,False,
MBUU,2026-08-27 00:00:00,https://www.sec.gov/Archives/edgar/data/1590976/000159097626000035/0001590976-26-000035-index.htm,EX-99.1,EX-99.1,https://www.sec.gov/Archives/edgar/data/1590976/000159097626000035/exhibit991-4q2026earningre.htm,True,
NBRWF,2026-08-27 00:00:00,https://www.sec.gov/Archives/edgar/data/1163739/000110465926101937/0001104659-26-101937-index.htm,8-K,FORM 8-K,https://www.sec.gov/Archives/edgar/data/1163739/000110465926101937/tm2622350d4_8k.htm,False,
NBRWF,2026-08-27 00:00:00,https://www.sec.gov/Archives/edgar/data/1163739/000110465926101937/0001104659-26-101937-index.htm,EX-99.1,EXHIBIT 99.1,https://www.sec.gov/Archives/edgar/data/1163739/000110465926101937/tm2622350d4_ex99-1.htm,False,
NBR,2026-08-27 00:00:00,https://www.sec.gov/Archives/edgar/data/1163739/000110465926101937/0001104659-26-101937-index.htm,8-K,FORM 8-K,https://www.sec.gov/Archives/edgar/data/1163739/000110465926101937/tm2622350d4_8k.htm,False,
NBR,2026-08-27 00:00:00,https://www.sec.gov/Archives/edgar/data/1163739/000110465926101937/0001104659-26-101937-index.htm,EX-99.1,EXHIBIT 99.1,https://www.sec.gov/Archives/edgar/data/1163739/000110465926101937/tm2622350d4_ex99-1.htm,False,
None,2026-08-27 00:00:00,https://www.sec.gov/Archives/edgar/data/2086716/000162828026059165/0001628280-26-059165-index.htm,8-K,8-K,https://www.sec.gov/Archives/edgar/data/2086716/000162828026059165/stdn-20260827.htm,False,
None,2026-08-27 00:00:00,https://www.sec.gov/Archives/edgar/data/2086716/000162828026059165/0001628280-26-059165-index.htm,EX-99.1,EX-99.1,https://www.sec.gov/Archives/edgar/data/2086716/000162828026059165/antares_fuelxsupplyxagreem.htm,False,
BBY,2026-08-27 00:00:00,https://www.sec.gov/Archives/edgar/data/764478/000076447826000037/0000764478-26-000037-index.htm,8-K,8-K,https://www.sec.gov/Archives/edgar/data/764478/000076447826000037/bby-20260827.htm,False,
DIN,2026-08-27 00:00:00,https://www.sec.gov/Archives/edgar/data/49754/000119312526369514/0001193125-26-369514-index.htm,8-K,8-K,https://www.sec.gov/Archives/edgar/data/49754/000119312526369514/d162454d8k.htm,False,
DG,2026-08-27 00:00:00,https://www.sec.gov/Archives/edgar/data/29534/000110465926101918/0001104659-26-101918-index.htm,8-K,FORM 8-K,https://www.sec.gov/Archives/edgar/data/29534/000110465926101918/tm2623914d1_8k.htm,False,
BBW,2026-08-27 00:00:00,https://www.sec.gov/Archives/edgar/data/1113809/000143774926029054/0001437749-26-029054-index.htm,8-K,FORM 8-K,https://www.sec.gov/Archives/edgar/data/1113809/000143774926029054/bbw20260826_8k.htm,False,
BBW,2026-08-27 00:00:00,https://www.sec.gov/Archives/edgar/data/1113809/000143774926029054/0001437749-26-029054-index.htm,EX-10.1,EXHIBIT 10.1,https://www.sec.gov/Archives/edgar/data/1113809/000143774926029054/ex_1009465.htm,False,
BBW,2026-08-27 00:00:00,https://www.sec.gov/Archives/edgar/data/1113809/000143774926029054/0001437749-26-029054-index.htm,EX-99.1,EXHIBIT 99.1,https://www.sec.gov/Archives/edgar/data/1113809/000143774926029054/ex_1009466.htm,True,
BURL,2026-08-27 00:00:00,https://www.sec.gov/Archives/edgar/data/1579298/000119312526369502/0001193125-26-369502-index.htm,8-K,8-K,https://www.sec.gov/Archives/edgar/data/1579298/000119312526369502/burl-20260827.htm,False,
BURL,2026-08-27 00:00:00,https://www.sec.gov/Archives/edgar/data/1579298/000119312526369502/0001193125-26-369502-index.htm,EX-99.1,EX-99.1,https://www.sec.gov/Archives/edgar/data/1579298/000119312526369502/burl-ex99_1.htm,True,
NVAWW,2026-08-27 00:00:00,https://www.sec.gov/Archives/edgar/data/1852551/000149315226040312/0001493152-26-040312-index.htm,8-K,8-K,https://www.sec.gov/Archives/edgar/data/1852551/000149315226040312/form8-k.htm,False,
NVAWW,2026-08-27 00:00:00,https://www.sec.gov/Archives/edgar/data/1852551/000149315226040312/0001493152-26-040312-index.htm,EX-99.1,EX-99.1,https://www.sec.gov/Archives/edgar/data/1852551/000149315226040312/ex99-1.htm,False,
NVAAF,2026-08-27 00:00:00,https://www.sec.gov/Archives/edgar/data/1852551/000149315226040312/0001493152-26-040312-index.htm,8-K,8-K,https://www.sec.gov/Archives/edgar/data/1852551/000149315226040312/form8-k.htm,False,
NVAAF,2026-08-27 00:00:00,https://www.sec.gov/Archives/edgar/data/1852551/000149315226040312/0001493152-26-040312-index.htm,EX-99.1,EX-99.1,https://www.sec.gov/Archives/edgar/data/1852551/000149315226040312/ex99-1.htm,False,
NVA,2026-08-27 00:00:00,https://www.sec.gov/Archives/edgar/data/1852551/000149315226040312/0001493152-26-040312-index.htm,8-K,8-K,https://www.sec.gov/Archives/edgar/data/1852551/000149315226040312/form8-k.htm,False,
NVA,2026-08-27 00:00:00,https://www.sec.gov/Archives/edgar/data/1852551/000149315226040312/0001493152-26-040312-index.htm,EX-99.1,EX-99.1,https://www.sec.gov/Archives/edgar/data/1852551/000149315226040312/ex99-1.htm,False,
USGOW,2026-08-27 00:00:00,https://www.sec.gov/Archives/edgar/data/1947244/000149315226040313/0001493152-26-040313-index.htm,8-K,8-K,https://www.sec.gov/Archives/edgar/data/1947244/000149315226040313/form8-k.htm,False,
USGOW,2026-08-27 00:00:00,https://www.sec.gov/Archives/edgar/data/1947244/000149315226040313/0001493152-26-040313-index.htm,EX-99.1,EX-99.1,https://www.sec.gov/Archives/edgar/data/1947244/000149315226040313/ex99-1.htm,False,
USGO,2026-08-27 00:00:00,https://www.sec.gov/Archives/edgar/data/1947244/000149315226040313/0001493152-26-040313-index.htm,8-K,8-K,https://www.sec.gov/Archives/edgar/data/1947244/000149315226040313/form8-k.htm,False,
USGO,2026-08-27 00:00:00,https://www.sec.gov/Archives/edgar/data/1947244/000149315226040313/0001493152-26-040313-index.htm,EX-99.1,EX-99.1,https://www.sec.gov/Archives/edgar/data/1947244/000149315226040313/ex99-1.htm,False,
DLTR,2026-08-27 00:00:00,https://www.sec.gov/Archives/edgar/data/935703/000093570326000108/0000935703-26-000108-index.htm,8-K,8-K,https://www.sec.gov/Archives/edgar/data/935703/000093570326000108/dltr-20260827.htm,False,
DLTR,2026-08-27 00:00:00,https://www.sec.gov/Archives/edgar/data/935703/000093570326000108/0000935703-26-000108-index.htm,EX-99.1,EX-99.1,https://www.sec.gov/Archives/edgar/data/935703/000093570326000108/ex991q2-26earningspressrel.htm,True,
JUNSW,2026-08-27 00:00:00,https://www.sec.gov/Archives/edgar/data/1679628/000149315226040308/0001493152-26-040308-index.htm,8-K,8-K,https://www.sec.gov/Archives/edgar/data/1679628/000149315226040308/form8-k.htm,True,
JUNSW,2026-08-27 00:00:00,https://www.sec.gov/Archives/edgar/data/1679628/000149315226040308/0001493152-26-040308-index.htm,EX-10.1,EX-10.1,https://www.sec.gov/Archives/edgar/data/1679628/000149315226040308/ex10-1.htm,False,
JUNS,2026-08-27 00:00:00,https://www.sec.gov/Archives/edgar/data/1679628/000149315226040308/0001493152-26-040308-index.htm,8-K,8-K,https://www.sec.gov/Archives/edgar/data/1679628/000149315226040308/form8-k.htm,True,
JUNS,2026-08-27 00:00:00,https://www.sec.gov/Archives/edgar/data/1679628/000149315226040308/0001493152-26-040308-index.htm,EX-10.1,EX-10.1,https://www.sec.gov/Archives/edgar/data/1679628/000149315226040308/ex10-1.htm,False,
None,2026-08-27 00:00:00,https://www.sec.gov/Archives/edgar/data/1756064/000149315226040297/0001493152-26-040297-index.htm,8-K,8-K,https://www.sec.gov/Archives/edgar/data/1756064/000149315226040297/form8-k.htm,False,
None,2026-08-27 00:00:00,https://www.sec.gov/Archives/edgar/data/1756064/000149315226040297/0001493152-26-040297-index.htm,EX-99.1,EX-99.1,https://www.sec.gov/Archives/edgar/data/1756064/000149315226040297/ex99-1.htm,False,
CYCN,2026-08-27 00:00:00,https://www.sec.gov/Archives/edgar/data/1755237/000119312526369426/0001193125-26-369426-index.htm,8-K,8-K,https://www.sec.gov/Archives/edgar/data/1755237/000119312526369426/d264301d8k.htm,False,
AITXD,2026-08-27 00:00:00,https://www.sec.gov/Archives/edgar/data/1498148/000106299326004661/0001062993-26-004661-index.htm,8-K,FORM 8-K,https://www.sec.gov/Archives/edgar/data/1498148/000106299326004661/form8k.htm,False,
AITXD,2026-08-27 00:00:00,https://www.sec.gov/Archives/edgar/data/1498148/000106299326004661/0001062993-26-004661-index.htm,EX-99.1,EXHIBIT 99.1,https://www.sec.gov/Archives/edgar/data/1498148/000106299326004661/exhibit99-1.htm,False,
AITX,2026-08-27 00:00:00,https://www.sec.gov/Archives/edgar/data/1498148/000106299326004661/0001062993-26-004661-index.htm,8-K,FORM 8-K,https://www.sec.gov/Archives/edgar/data/1498148/000106299326004661/form8k.htm,False,
AITX,2026-08-27 00:00:00,https://www.sec.gov/Archives/edgar/data/1498148/000106299326004661/0001062993-26-004661-index.htm,EX-99.1,EXHIBIT 99.1,https://www.sec.gov/Archives/edgar/data/1498148/000106299326004661/exhibit99-1.htm,False,
