symbol,filingDate,filing_detail_url,document_type,document_description,document_url,matched,error
VVOS,2026-08-03 00:00:00,https://www.sec.gov/Archives/edgar/data/1716166/000149315226035867/0001493152-26-035867-index.htm,8-K,8-K,https://www.sec.gov/Archives/edgar/data/1716166/000149315226035867/form8-k.htm,True,
VVOS,2026-08-03 00:00:00,https://www.sec.gov/Archives/edgar/data/1716166/000149315226035867/0001493152-26-035867-index.htm,EX-10.1,EX-10.1,https://www.sec.gov/Archives/edgar/data/1716166/000149315226035867/ex10-1.htm,False,
VVOS,2026-08-03 00:00:00,https://www.sec.gov/Archives/edgar/data/1716166/000149315226035867/0001493152-26-035867-index.htm,EX-10.2,EX-10.2,https://www.sec.gov/Archives/edgar/data/1716166/000149315226035867/ex10-2.htm,False,
EGHT,2026-08-03 00:00:00,https://www.sec.gov/Archives/edgar/data/1023731/000102373126000102/0001023731-26-000102-index.htm,8-K,8-K,https://www.sec.gov/Archives/edgar/data/1023731/000102373126000102/eght-20260803.htm,False,
LTRN,2026-08-03 00:00:00,https://www.sec.gov/Archives/edgar/data/1763950/000149315226035864/0001493152-26-035864-index.htm,8-K,8-K,https://www.sec.gov/Archives/edgar/data/1763950/000149315226035864/form8-k.htm,False,
LTRN,2026-08-03 00:00:00,https://www.sec.gov/Archives/edgar/data/1763950/000149315226035864/0001493152-26-035864-index.htm,EX-99.1,EX-99.1,https://www.sec.gov/Archives/edgar/data/1763950/000149315226035864/ex99-1.htm,False,
GBS,2026-08-03 00:00:00,https://www.sec.gov/Archives/edgar/data/1725430/000149315226035861/0001493152-26-035861-index.htm,8-K,8-K,https://www.sec.gov/Archives/edgar/data/1725430/000149315226035861/form8-k.htm,False,
GBS,2026-08-03 00:00:00,https://www.sec.gov/Archives/edgar/data/1725430/000149315226035861/0001493152-26-035861-index.htm,EX-99.1,EX-99.1,https://www.sec.gov/Archives/edgar/data/1725430/000149315226035861/ex99-1.htm,False,
INBS,2026-08-03 00:00:00,https://www.sec.gov/Archives/edgar/data/1725430/000149315226035861/0001493152-26-035861-index.htm,8-K,8-K,https://www.sec.gov/Archives/edgar/data/1725430/000149315226035861/form8-k.htm,False,
INBS,2026-08-03 00:00:00,https://www.sec.gov/Archives/edgar/data/1725430/000149315226035861/0001493152-26-035861-index.htm,EX-99.1,EX-99.1,https://www.sec.gov/Archives/edgar/data/1725430/000149315226035861/ex99-1.htm,False,
OB,2026-08-03 00:00:00,https://www.sec.gov/Archives/edgar/data/1454938/000145493826000048/0001454938-26-000048-index.htm,8-K,8-K,https://www.sec.gov/Archives/edgar/data/1454938/000145493826000048/tead-20260803.htm,False,
OB,2026-08-03 00:00:00,https://www.sec.gov/Archives/edgar/data/1454938/000145493826000048/0001454938-26-000048-index.htm,EX-99.1,EX-99.1,https://www.sec.gov/Archives/edgar/data/1454938/000145493826000048/exh991pr.htm,False,
BANR,2026-08-03 00:00:00,https://www.sec.gov/Archives/edgar/data/946673/000094667326000169/0000946673-26-000169-index.htm,8-K,8-K,https://www.sec.gov/Archives/edgar/data/946673/000094667326000169/banr-20260803.htm,False,
BANR,2026-08-03 00:00:00,https://www.sec.gov/Archives/edgar/data/946673/000094667326000169/0000946673-26-000169-index.htm,EX-99.1,"PRESS RELEASE OF BANNER CORPORATION DATED AUGUST 3, 2026",https://www.sec.gov/Archives/edgar/data/946673/000094667326000169/banr-ex991stockrepurchasep.htm,False,
CAPS,2026-08-03 00:00:00,https://www.sec.gov/Archives/edgar/data/887151/000143774926025475/0001437749-26-025475-index.htm,8-K,FORM 8-K,https://www.sec.gov/Archives/edgar/data/887151/000143774926025475/caps20260803_8k.htm,True,
CAPS,2026-08-03 00:00:00,https://www.sec.gov/Archives/edgar/data/887151/000143774926025475/0001437749-26-025475-index.htm,EX-10.1,EXHIBIT 10.1,https://www.sec.gov/Archives/edgar/data/887151/000143774926025475/ex_997720.htm,False,
GBS,2026-08-03 00:00:00,https://www.sec.gov/Archives/edgar/data/1725430/000149315226035860/0001493152-26-035860-index.htm,8-K,8-K,https://www.sec.gov/Archives/edgar/data/1725430/000149315226035860/form8-k.htm,False,
INBS,2026-08-03 00:00:00,https://www.sec.gov/Archives/edgar/data/1725430/000149315226035860/0001493152-26-035860-index.htm,8-K,8-K,https://www.sec.gov/Archives/edgar/data/1725430/000149315226035860/form8-k.htm,False,
AIMDW,2026-08-03 00:00:00,https://www.sec.gov/Archives/edgar/data/1014763/000149315226035859/0001493152-26-035859-index.htm,8-K,8-K,https://www.sec.gov/Archives/edgar/data/1014763/000149315226035859/form8-k.htm,False,
AIMDW,2026-08-03 00:00:00,https://www.sec.gov/Archives/edgar/data/1014763/000149315226035859/0001493152-26-035859-index.htm,EX-99.1,EX-99.1,https://www.sec.gov/Archives/edgar/data/1014763/000149315226035859/ex99-1.htm,False,
AIMD,2026-08-03 00:00:00,https://www.sec.gov/Archives/edgar/data/1014763/000149315226035859/0001493152-26-035859-index.htm,8-K,8-K,https://www.sec.gov/Archives/edgar/data/1014763/000149315226035859/form8-k.htm,False,
AIMD,2026-08-03 00:00:00,https://www.sec.gov/Archives/edgar/data/1014763/000149315226035859/0001493152-26-035859-index.htm,EX-99.1,EX-99.1,https://www.sec.gov/Archives/edgar/data/1014763/000149315226035859/ex99-1.htm,False,
None,2026-08-03 00:00:00,https://www.sec.gov/Archives/edgar/data/1849089/000110465926089871/0001104659-26-089871-index.htm,8-K,FORM 8-K,https://www.sec.gov/Archives/edgar/data/1849089/000110465926089871/tm2621825d1_8k.htm,False,
None,2026-08-03 00:00:00,https://www.sec.gov/Archives/edgar/data/1849089/000110465926089871/0001104659-26-089871-index.htm,EX-99.1,EXHIBIT 99.1,https://www.sec.gov/Archives/edgar/data/1849089/000110465926089871/tm2621825d1_ex99-1.htm,False,
None,2026-08-03 00:00:00,https://www.sec.gov/Archives/edgar/data/1489993/000119312526330853/0001193125-26-330853-index.htm,8-K,8-K,https://www.sec.gov/Archives/edgar/data/1489993/000119312526330853/mobi-20260730.htm,False,
ABR-PB,2026-08-03 00:00:00,https://www.sec.gov/Archives/edgar/data/1253986/000125398626000051/0001253986-26-000051-index.htm,8-K,8-K,https://www.sec.gov/Archives/edgar/data/1253986/000125398626000051/abr-7312026x8k.htm,False,
ABR-PB,2026-08-03 00:00:00,https://www.sec.gov/Archives/edgar/data/1253986/000125398626000051/0001253986-26-000051-index.htm,EX-99.1,EX-99.1,https://www.sec.gov/Archives/edgar/data/1253986/000125398626000051/arborrealtytrustinvestor.htm,False,
ABR-PF,2026-08-03 00:00:00,https://www.sec.gov/Archives/edgar/data/1253986/000125398626000051/0001253986-26-000051-index.htm,8-K,8-K,https://www.sec.gov/Archives/edgar/data/1253986/000125398626000051/abr-7312026x8k.htm,False,
ABR-PF,2026-08-03 00:00:00,https://www.sec.gov/Archives/edgar/data/1253986/000125398626000051/0001253986-26-000051-index.htm,EX-99.1,EX-99.1,https://www.sec.gov/Archives/edgar/data/1253986/000125398626000051/arborrealtytrustinvestor.htm,False,
ABR-PE,2026-08-03 00:00:00,https://www.sec.gov/Archives/edgar/data/1253986/000125398626000051/0001253986-26-000051-index.htm,8-K,8-K,https://www.sec.gov/Archives/edgar/data/1253986/000125398626000051/abr-7312026x8k.htm,False,
ABR-PE,2026-08-03 00:00:00,https://www.sec.gov/Archives/edgar/data/1253986/000125398626000051/0001253986-26-000051-index.htm,EX-99.1,EX-99.1,https://www.sec.gov/Archives/edgar/data/1253986/000125398626000051/arborrealtytrustinvestor.htm,False,
ABR-PD,2026-08-03 00:00:00,https://www.sec.gov/Archives/edgar/data/1253986/000125398626000051/0001253986-26-000051-index.htm,8-K,8-K,https://www.sec.gov/Archives/edgar/data/1253986/000125398626000051/abr-7312026x8k.htm,False,
ABR-PD,2026-08-03 00:00:00,https://www.sec.gov/Archives/edgar/data/1253986/000125398626000051/0001253986-26-000051-index.htm,EX-99.1,EX-99.1,https://www.sec.gov/Archives/edgar/data/1253986/000125398626000051/arborrealtytrustinvestor.htm,False,
ABR-PC,2026-08-03 00:00:00,https://www.sec.gov/Archives/edgar/data/1253986/000125398626000051/0001253986-26-000051-index.htm,8-K,8-K,https://www.sec.gov/Archives/edgar/data/1253986/000125398626000051/abr-7312026x8k.htm,False,
ABR-PC,2026-08-03 00:00:00,https://www.sec.gov/Archives/edgar/data/1253986/000125398626000051/0001253986-26-000051-index.htm,EX-99.1,EX-99.1,https://www.sec.gov/Archives/edgar/data/1253986/000125398626000051/arborrealtytrustinvestor.htm,False,
ABR,2026-08-03 00:00:00,https://www.sec.gov/Archives/edgar/data/1253986/000125398626000051/0001253986-26-000051-index.htm,8-K,8-K,https://www.sec.gov/Archives/edgar/data/1253986/000125398626000051/abr-7312026x8k.htm,False,
ABR,2026-08-03 00:00:00,https://www.sec.gov/Archives/edgar/data/1253986/000125398626000051/0001253986-26-000051-index.htm,EX-99.1,EX-99.1,https://www.sec.gov/Archives/edgar/data/1253986/000125398626000051/arborrealtytrustinvestor.htm,False,
BLFS,2026-08-03 00:00:00,https://www.sec.gov/Archives/edgar/data/834365/000162828026051964/0001628280-26-051964-index.htm,8-K,8-K,https://www.sec.gov/Archives/edgar/data/834365/000162828026051964/blfs-20260803.htm,False,
BLFS,2026-08-03 00:00:00,https://www.sec.gov/Archives/edgar/data/834365/000162828026051964/0001628280-26-051964-index.htm,EX-99.1,EX-99.1,https://www.sec.gov/Archives/edgar/data/834365/000162828026051964/a991_repligen832026videotr.htm,False,
WAVS,2026-08-03 00:00:00,https://www.sec.gov/Archives/edgar/data/1868419/000149315226035854/0001493152-26-035854-index.htm,8-K,8-K,https://www.sec.gov/Archives/edgar/data/1868419/000149315226035854/form8-k.htm,True,
WAVS,2026-08-03 00:00:00,https://www.sec.gov/Archives/edgar/data/1868419/000149315226035854/0001493152-26-035854-index.htm,EX-10.1,EX-10.1,https://www.sec.gov/Archives/edgar/data/1868419/000149315226035854/ex10-1.htm,False,
WAVS,2026-08-03 00:00:00,https://www.sec.gov/Archives/edgar/data/1868419/000149315226035854/0001493152-26-035854-index.htm,EX-99.1,EX-99.1,https://www.sec.gov/Archives/edgar/data/1868419/000149315226035854/ex99-1.htm,False,
WAVSU,2026-08-03 00:00:00,https://www.sec.gov/Archives/edgar/data/1868419/000149315226035854/0001493152-26-035854-index.htm,8-K,8-K,https://www.sec.gov/Archives/edgar/data/1868419/000149315226035854/form8-k.htm,True,
WAVSU,2026-08-03 00:00:00,https://www.sec.gov/Archives/edgar/data/1868419/000149315226035854/0001493152-26-035854-index.htm,EX-10.1,EX-10.1,https://www.sec.gov/Archives/edgar/data/1868419/000149315226035854/ex10-1.htm,False,
WAVSU,2026-08-03 00:00:00,https://www.sec.gov/Archives/edgar/data/1868419/000149315226035854/0001493152-26-035854-index.htm,EX-99.1,EX-99.1,https://www.sec.gov/Archives/edgar/data/1868419/000149315226035854/ex99-1.htm,False,
WAVSW,2026-08-03 00:00:00,https://www.sec.gov/Archives/edgar/data/1868419/000149315226035854/0001493152-26-035854-index.htm,8-K,8-K,https://www.sec.gov/Archives/edgar/data/1868419/000149315226035854/form8-k.htm,True,
WAVSW,2026-08-03 00:00:00,https://www.sec.gov/Archives/edgar/data/1868419/000149315226035854/0001493152-26-035854-index.htm,EX-10.1,EX-10.1,https://www.sec.gov/Archives/edgar/data/1868419/000149315226035854/ex10-1.htm,False,
WAVSW,2026-08-03 00:00:00,https://www.sec.gov/Archives/edgar/data/1868419/000149315226035854/0001493152-26-035854-index.htm,EX-99.1,EX-99.1,https://www.sec.gov/Archives/edgar/data/1868419/000149315226035854/ex99-1.htm,False,
CYCU,2026-08-03 00:00:00,https://www.sec.gov/Archives/edgar/data/1868419/000149315226035854/0001493152-26-035854-index.htm,8-K,8-K,https://www.sec.gov/Archives/edgar/data/1868419/000149315226035854/form8-k.htm,True,
CYCU,2026-08-03 00:00:00,https://www.sec.gov/Archives/edgar/data/1868419/000149315226035854/0001493152-26-035854-index.htm,EX-10.1,EX-10.1,https://www.sec.gov/Archives/edgar/data/1868419/000149315226035854/ex10-1.htm,False,
CYCU,2026-08-03 00:00:00,https://www.sec.gov/Archives/edgar/data/1868419/000149315226035854/0001493152-26-035854-index.htm,EX-99.1,EX-99.1,https://www.sec.gov/Archives/edgar/data/1868419/000149315226035854/ex99-1.htm,False,
CYCUW,2026-08-03 00:00:00,https://www.sec.gov/Archives/edgar/data/1868419/000149315226035854/0001493152-26-035854-index.htm,8-K,8-K,https://www.sec.gov/Archives/edgar/data/1868419/000149315226035854/form8-k.htm,True,
CYCUW,2026-08-03 00:00:00,https://www.sec.gov/Archives/edgar/data/1868419/000149315226035854/0001493152-26-035854-index.htm,EX-10.1,EX-10.1,https://www.sec.gov/Archives/edgar/data/1868419/000149315226035854/ex10-1.htm,False,
CYCUW,2026-08-03 00:00:00,https://www.sec.gov/Archives/edgar/data/1868419/000149315226035854/0001493152-26-035854-index.htm,EX-99.1,EX-99.1,https://www.sec.gov/Archives/edgar/data/1868419/000149315226035854/ex99-1.htm,False,
SEII,2026-08-03 00:00:00,https://www.sec.gov/Archives/edgar/data/819926/000147793226004679/0001477932-26-004679-index.htm,8-K,FORM 8-K,https://www.sec.gov/Archives/edgar/data/819926/000147793226004679/seii_8k.htm,True,
SEII,2026-08-03 00:00:00,https://www.sec.gov/Archives/edgar/data/819926/000147793226004679/0001477932-26-004679-index.htm,EX-99.1,AUDITED CONSOLIDATED FINANCIAL STATEMENTS,https://www.sec.gov/Archives/edgar/data/819926/000147793226004679/seii_ex991.htm,True,
None,2026-08-03 00:00:00,https://www.sec.gov/Archives/edgar/data/1787117/000110465926089857/0001104659-26-089857-index.htm,8-K,FORM 8-K,https://www.sec.gov/Archives/edgar/data/1787117/000110465926089857/tm2513004d22_8k.htm,False,
MBRX,2026-08-03 00:00:00,https://www.sec.gov/Archives/edgar/data/1659617/000143774926025474/0001437749-26-025474-index.htm,8-K,FORM 8-K,https://www.sec.gov/Archives/edgar/data/1659617/000143774926025474/mbrx20260803_8k.htm,True,
MBRX,2026-08-03 00:00:00,https://www.sec.gov/Archives/edgar/data/1659617/000143774926025474/0001437749-26-025474-index.htm,EX-10.1,EXHIBIT 10.1,https://www.sec.gov/Archives/edgar/data/1659617/000143774926025474/ex_997517.htm,True,
PAYC,2026-08-03 00:00:00,https://www.sec.gov/Archives/edgar/data/1590955/000119312526330818/0001193125-26-330818-index.htm,8-K,8-K,https://www.sec.gov/Archives/edgar/data/1590955/000119312526330818/payc-20260803.htm,False,
PAYC,2026-08-03 00:00:00,https://www.sec.gov/Archives/edgar/data/1590955/000119312526330818/0001193125-26-330818-index.htm,EX-99.1,EX-99.1,https://www.sec.gov/Archives/edgar/data/1590955/000119312526330818/payc-ex99_1.htm,False,
None,2026-08-03 00:00:00,https://www.sec.gov/Archives/edgar/data/2130606/000119312526330810/0001193125-26-330810-index.htm,8-K,8-K,https://www.sec.gov/Archives/edgar/data/2130606/000119312526330810/d309963d8k.htm,True,
None,2026-08-03 00:00:00,https://www.sec.gov/Archives/edgar/data/2130606/000119312526330810/0001193125-26-330810-index.htm,EX-10.1,EX-10.1,https://www.sec.gov/Archives/edgar/data/2130606/000119312526330810/d309963dex101.htm,False,
None,2026-08-03 00:00:00,https://www.sec.gov/Archives/edgar/data/2130606/000119312526330810/0001193125-26-330810-index.htm,EX-10.2,EX-10.2,https://www.sec.gov/Archives/edgar/data/2130606/000119312526330810/d309963dex102.htm,False,
None,2026-08-03 00:00:00,https://www.sec.gov/Archives/edgar/data/2130606/000119312526330810/0001193125-26-330810-index.htm,EX-99.1,EX-99.1,https://www.sec.gov/Archives/edgar/data/2130606/000119312526330810/d309963dex991.htm,False,
AYRO,2026-08-03 00:00:00,https://www.sec.gov/Archives/edgar/data/1086745/000149315226035850/0001493152-26-035850-index.htm,8-K,8-K,https://www.sec.gov/Archives/edgar/data/1086745/000149315226035850/form8-k.htm,False,
AYRO,2026-08-03 00:00:00,https://www.sec.gov/Archives/edgar/data/1086745/000149315226035850/0001493152-26-035850-index.htm,EX-99.1,EX-99.1,https://www.sec.gov/Archives/edgar/data/1086745/000149315226035850/ex99-1.htm,False,
SBLX,2026-08-03 00:00:00,https://www.sec.gov/Archives/edgar/data/1086745/000149315226035850/0001493152-26-035850-index.htm,8-K,8-K,https://www.sec.gov/Archives/edgar/data/1086745/000149315226035850/form8-k.htm,False,
SBLX,2026-08-03 00:00:00,https://www.sec.gov/Archives/edgar/data/1086745/000149315226035850/0001493152-26-035850-index.htm,EX-99.1,EX-99.1,https://www.sec.gov/Archives/edgar/data/1086745/000149315226035850/ex99-1.htm,False,
LGMK,2026-08-03 00:00:00,https://www.sec.gov/Archives/edgar/data/1566826/000121390026084705/0001213900-26-084705-index.htm,8-K,CURRENT REPORT,https://www.sec.gov/Archives/edgar/data/1566826/000121390026084705/ea0300342-8k425_logicmar.htm,True,
LGMK,2026-08-03 00:00:00,https://www.sec.gov/Archives/edgar/data/1566826/000121390026084705/0001213900-26-084705-index.htm,EX-10.1,"MERGER AGREEMENT, BY AND AMONG THE COMPANY, PARENT AND MERGER SUB, DATED AS OF J",https://www.sec.gov/Archives/edgar/data/1566826/000121390026084705/ea030034201ex10-1.htm,False,
NXTD,2026-08-03 00:00:00,https://www.sec.gov/Archives/edgar/data/1566826/000121390026084705/0001213900-26-084705-index.htm,8-K,CURRENT REPORT,https://www.sec.gov/Archives/edgar/data/1566826/000121390026084705/ea0300342-8k425_logicmar.htm,True,
NXTD,2026-08-03 00:00:00,https://www.sec.gov/Archives/edgar/data/1566826/000121390026084705/0001213900-26-084705-index.htm,EX-10.1,"MERGER AGREEMENT, BY AND AMONG THE COMPANY, PARENT AND MERGER SUB, DATED AS OF J",https://www.sec.gov/Archives/edgar/data/1566826/000121390026084705/ea030034201ex10-1.htm,False,
CVGI,2026-08-03 00:00:00,https://www.sec.gov/Archives/edgar/data/1290900/000162828026051951/0001628280-26-051951-index.htm,8-K,8-K,https://www.sec.gov/Archives/edgar/data/1290900/000162828026051951/cvgi-20260803.htm,False,
CVGI,2026-08-03 00:00:00,https://www.sec.gov/Archives/edgar/data/1290900/000162828026051951/0001628280-26-051951-index.htm,EX-99.1,EX-99.1,https://www.sec.gov/Archives/edgar/data/1290900/000162828026051951/cvgq22026earningsrelease.htm,True,
STOK,2026-08-03 00:00:00,https://www.sec.gov/Archives/edgar/data/1623526/000119312526330804/0001193125-26-330804-index.htm,8-K,8-K,https://www.sec.gov/Archives/edgar/data/1623526/000119312526330804/d135735d8k.htm,False,
GPMT,2026-08-03 00:00:00,https://www.sec.gov/Archives/edgar/data/1703644/000170364426000026/0001703644-26-000026-index.htm,8-K,8-K,https://www.sec.gov/Archives/edgar/data/1703644/000170364426000026/gpmt-20260728.htm,True,
GPMT,2026-08-03 00:00:00,https://www.sec.gov/Archives/edgar/data/1703644/000170364426000026/0001703644-26-000026-index.htm,EX-10.1,EX-10.1,https://www.sec.gov/Archives/edgar/data/1703644/000170364426000026/amendmentno14tomasterrepur.htm,False,
GPMT,2026-08-03 00:00:00,https://www.sec.gov/Archives/edgar/data/1703644/000170364426000026/0001703644-26-000026-index.htm,EX-10.2,EX-10.2,https://www.sec.gov/Archives/edgar/data/1703644/000170364426000026/secondamendedandrestatedgu.htm,False,
GPMT-PA,2026-08-03 00:00:00,https://www.sec.gov/Archives/edgar/data/1703644/000170364426000026/0001703644-26-000026-index.htm,8-K,8-K,https://www.sec.gov/Archives/edgar/data/1703644/000170364426000026/gpmt-20260728.htm,True,
GPMT-PA,2026-08-03 00:00:00,https://www.sec.gov/Archives/edgar/data/1703644/000170364426000026/0001703644-26-000026-index.htm,EX-10.1,EX-10.1,https://www.sec.gov/Archives/edgar/data/1703644/000170364426000026/amendmentno14tomasterrepur.htm,False,
GPMT-PA,2026-08-03 00:00:00,https://www.sec.gov/Archives/edgar/data/1703644/000170364426000026/0001703644-26-000026-index.htm,EX-10.2,EX-10.2,https://www.sec.gov/Archives/edgar/data/1703644/000170364426000026/secondamendedandrestatedgu.htm,False,
CPT,2026-08-03 00:00:00,https://www.sec.gov/Archives/edgar/data/906345/000162828026051942/0001628280-26-051942-index.htm,8-K,8-K,https://www.sec.gov/Archives/edgar/data/906345/000162828026051942/cpt-20260803.htm,False,
IVR,2026-08-03 00:00:00,https://www.sec.gov/Archives/edgar/data/1437071/000143707126000058/0001437071-26-000058-index.htm,8-K,8-K,https://www.sec.gov/Archives/edgar/data/1437071/000143707126000058/ivr-20260803.htm,False,
IVR,2026-08-03 00:00:00,https://www.sec.gov/Archives/edgar/data/1437071/000143707126000058/0001437071-26-000058-index.htm,EX-99.1,EX-99.1,https://www.sec.gov/Archives/edgar/data/1437071/000143707126000058/ivr08032026-8kxex991.htm,False,
IVR-PA,2026-08-03 00:00:00,https://www.sec.gov/Archives/edgar/data/1437071/000143707126000058/0001437071-26-000058-index.htm,8-K,8-K,https://www.sec.gov/Archives/edgar/data/1437071/000143707126000058/ivr-20260803.htm,False,
IVR-PA,2026-08-03 00:00:00,https://www.sec.gov/Archives/edgar/data/1437071/000143707126000058/0001437071-26-000058-index.htm,EX-99.1,EX-99.1,https://www.sec.gov/Archives/edgar/data/1437071/000143707126000058/ivr08032026-8kxex991.htm,False,
IVR-PB,2026-08-03 00:00:00,https://www.sec.gov/Archives/edgar/data/1437071/000143707126000058/0001437071-26-000058-index.htm,8-K,8-K,https://www.sec.gov/Archives/edgar/data/1437071/000143707126000058/ivr-20260803.htm,False,
IVR-PB,2026-08-03 00:00:00,https://www.sec.gov/Archives/edgar/data/1437071/000143707126000058/0001437071-26-000058-index.htm,EX-99.1,EX-99.1,https://www.sec.gov/Archives/edgar/data/1437071/000143707126000058/ivr08032026-8kxex991.htm,False,
IVR-PC,2026-08-03 00:00:00,https://www.sec.gov/Archives/edgar/data/1437071/000143707126000058/0001437071-26-000058-index.htm,8-K,8-K,https://www.sec.gov/Archives/edgar/data/1437071/000143707126000058/ivr-20260803.htm,False,
IVR-PC,2026-08-03 00:00:00,https://www.sec.gov/Archives/edgar/data/1437071/000143707126000058/0001437071-26-000058-index.htm,EX-99.1,EX-99.1,https://www.sec.gov/Archives/edgar/data/1437071/000143707126000058/ivr08032026-8kxex991.htm,False,
VMD,2026-08-03 00:00:00,https://www.sec.gov/Archives/edgar/data/1729149/000172914926000041/0001729149-26-000041-index.htm,8-K,8-K,https://www.sec.gov/Archives/edgar/data/1729149/000172914926000041/vmd-20260803.htm,False,
VMD,2026-08-03 00:00:00,https://www.sec.gov/Archives/edgar/data/1729149/000172914926000041/0001729149-26-000041-index.htm,EX-99.1,EX-99.1,https://www.sec.gov/Archives/edgar/data/1729149/000172914926000041/q22026earningsrelease.htm,True,
SUPN,2026-08-03 00:00:00,https://www.sec.gov/Archives/edgar/data/1356576/000110465926089839/0001104659-26-089839-index.htm,8-K,FORM 8-K,https://www.sec.gov/Archives/edgar/data/1356576/000110465926089839/tm2622009d7_8k.htm,False,
SUPN,2026-08-03 00:00:00,https://www.sec.gov/Archives/edgar/data/1356576/000110465926089839/0001104659-26-089839-index.htm,EX-99.1,EXHIBIT 99.1,https://www.sec.gov/Archives/edgar/data/1356576/000110465926089839/tm2622009d7_ex99-1.htm,False,
VENU,2026-08-03 00:00:00,https://www.sec.gov/Archives/edgar/data/1770501/000149315226035846/0001493152-26-035846-index.htm,8-K,8-K,https://www.sec.gov/Archives/edgar/data/1770501/000149315226035846/form8-k.htm,True,
VENU,2026-08-03 00:00:00,https://www.sec.gov/Archives/edgar/data/1770501/000149315226035846/0001493152-26-035846-index.htm,EX-10.1,EX-10.1,https://www.sec.gov/Archives/edgar/data/1770501/000149315226035846/ex10-1.htm,True,
VENU,2026-08-03 00:00:00,https://www.sec.gov/Archives/edgar/data/1770501/000149315226035846/0001493152-26-035846-index.htm,EX-10.2,EX-10.2,https://www.sec.gov/Archives/edgar/data/1770501/000149315226035846/ex10-2.htm,False,
IPAXW,2026-08-03 00:00:00,https://www.sec.gov/Archives/edgar/data/1844452/000119312526330778/0001193125-26-330778-index.htm,8-K,8-K,https://www.sec.gov/Archives/edgar/data/1844452/000119312526330778/d323986d8k.htm,True,
IPAXW,2026-08-03 00:00:00,https://www.sec.gov/Archives/edgar/data/1844452/000119312526330778/0001193125-26-330778-index.htm,EX-99.1,EX-99.1,https://www.sec.gov/Archives/edgar/data/1844452/000119312526330778/d323986dex991.htm,False,
LUNR,2026-08-03 00:00:00,https://www.sec.gov/Archives/edgar/data/1844452/000119312526330778/0001193125-26-330778-index.htm,8-K,8-K,https://www.sec.gov/Archives/edgar/data/1844452/000119312526330778/d323986d8k.htm,True,
LUNR,2026-08-03 00:00:00,https://www.sec.gov/Archives/edgar/data/1844452/000119312526330778/0001193125-26-330778-index.htm,EX-99.1,EX-99.1,https://www.sec.gov/Archives/edgar/data/1844452/000119312526330778/d323986dex991.htm,False,
IPAX,2026-08-03 00:00:00,https://www.sec.gov/Archives/edgar/data/1844452/000119312526330778/0001193125-26-330778-index.htm,8-K,8-K,https://www.sec.gov/Archives/edgar/data/1844452/000119312526330778/d323986d8k.htm,True,
IPAX,2026-08-03 00:00:00,https://www.sec.gov/Archives/edgar/data/1844452/000119312526330778/0001193125-26-330778-index.htm,EX-99.1,EX-99.1,https://www.sec.gov/Archives/edgar/data/1844452/000119312526330778/d323986dex991.htm,False,
IPAXU,2026-08-03 00:00:00,https://www.sec.gov/Archives/edgar/data/1844452/000119312526330778/0001193125-26-330778-index.htm,8-K,8-K,https://www.sec.gov/Archives/edgar/data/1844452/000119312526330778/d323986d8k.htm,True,
IPAXU,2026-08-03 00:00:00,https://www.sec.gov/Archives/edgar/data/1844452/000119312526330778/0001193125-26-330778-index.htm,EX-99.1,EX-99.1,https://www.sec.gov/Archives/edgar/data/1844452/000119312526330778/d323986dex991.htm,False,
NTRS,2026-08-03 00:00:00,https://www.sec.gov/Archives/edgar/data/73124/000007312426000051/0000073124-26-000051-index.htm,8-K,8-K,https://www.sec.gov/Archives/edgar/data/73124/000007312426000051/ntrs-20260803.htm,False,
NTRS,2026-08-03 00:00:00,https://www.sec.gov/Archives/edgar/data/73124/000007312426000051/0000073124-26-000051-index.htm,EX-99.1,EX-99.1,https://www.sec.gov/Archives/edgar/data/73124/000007312426000051/ex991pressreleaseofnorther.htm,False,
NTRSO,2026-08-03 00:00:00,https://www.sec.gov/Archives/edgar/data/73124/000007312426000051/0000073124-26-000051-index.htm,8-K,8-K,https://www.sec.gov/Archives/edgar/data/73124/000007312426000051/ntrs-20260803.htm,False,
NTRSO,2026-08-03 00:00:00,https://www.sec.gov/Archives/edgar/data/73124/000007312426000051/0000073124-26-000051-index.htm,EX-99.1,EX-99.1,https://www.sec.gov/Archives/edgar/data/73124/000007312426000051/ex991pressreleaseofnorther.htm,False,
KNW,2026-08-03 00:00:00,https://www.sec.gov/Archives/edgar/data/1074828/000107482826000058/0001074828-26-000058-index.htm,8-K,8-K,https://www.sec.gov/Archives/edgar/data/1074828/000107482826000058/usbc-20260728.htm,True,
KNWN,2026-08-03 00:00:00,https://www.sec.gov/Archives/edgar/data/1074828/000107482826000058/0001074828-26-000058-index.htm,8-K,8-K,https://www.sec.gov/Archives/edgar/data/1074828/000107482826000058/usbc-20260728.htm,True,
USBC,2026-08-03 00:00:00,https://www.sec.gov/Archives/edgar/data/1074828/000107482826000058/0001074828-26-000058-index.htm,8-K,8-K,https://www.sec.gov/Archives/edgar/data/1074828/000107482826000058/usbc-20260728.htm,True,
ANDE,2026-08-03 00:00:00,https://www.sec.gov/Archives/edgar/data/821026/000082102626000120/0000821026-26-000120-index.htm,8-K,8-K,https://www.sec.gov/Archives/edgar/data/821026/000082102626000120/ande-20260803.htm,False,
ANDE,2026-08-03 00:00:00,https://www.sec.gov/Archives/edgar/data/821026/000082102626000120/0000821026-26-000120-index.htm,EX-99.1,EX-99.1,https://www.sec.gov/Archives/edgar/data/821026/000082102626000120/q22026ex-99pressrelease.htm,False,
ON,2026-08-03 00:00:00,https://www.sec.gov/Archives/edgar/data/1097864/000114036126030989/0001140361-26-030989-index.htm,8-K,8-K,https://www.sec.gov/Archives/edgar/data/1097864/000114036126030989/ef20079200_8k.htm,False,
DMLP,2026-08-03 00:00:00,https://www.sec.gov/Archives/edgar/data/1172358/000143774926025470/0001437749-26-025470-index.htm,8-K,FORM 8-K,https://www.sec.gov/Archives/edgar/data/1172358/000143774926025470/dmlp20260803_8k.htm,False,
DMLP,2026-08-03 00:00:00,https://www.sec.gov/Archives/edgar/data/1172358/000143774926025470/0001437749-26-025470-index.htm,EX-99.1,EXHIBIT 99.1,https://www.sec.gov/Archives/edgar/data/1172358/000143774926025470/ex_997582.htm,False,
TRIP,2026-08-03 00:00:00,https://www.sec.gov/Archives/edgar/data/1526520/000119312526330742/0001193125-26-330742-index.htm,8-K,8-K,https://www.sec.gov/Archives/edgar/data/1526520/000119312526330742/trip-20260802.htm,True,
TRIP,2026-08-03 00:00:00,https://www.sec.gov/Archives/edgar/data/1526520/000119312526330742/0001193125-26-330742-index.htm,EX-10.1,EX-10.1,https://www.sec.gov/Archives/edgar/data/1526520/000119312526330742/trip-ex10_1.htm,True,
AESI,2026-08-03 00:00:00,https://www.sec.gov/Archives/edgar/data/1984060/000119312526330740/0001193125-26-330740-index.htm,8-K,8-K,https://www.sec.gov/Archives/edgar/data/1984060/000119312526330740/aesi-20260803.htm,False,
AESI,2026-08-03 00:00:00,https://www.sec.gov/Archives/edgar/data/1984060/000119312526330740/0001193125-26-330740-index.htm,EX-99.1,EX-99.1,https://www.sec.gov/Archives/edgar/data/1984060/000119312526330740/aesi-ex99_1.htm,True,
MTD,2026-08-03 00:00:00,https://www.sec.gov/Archives/edgar/data/1037646/000103764626000054/0001037646-26-000054-index.htm,8-K,8-K,https://www.sec.gov/Archives/edgar/data/1037646/000103764626000054/mtd-20260730.htm,False,
MTD,2026-08-03 00:00:00,https://www.sec.gov/Archives/edgar/data/1037646/000103764626000054/0001037646-26-000054-index.htm,EX-99.1,EX-99.1,https://www.sec.gov/Archives/edgar/data/1037646/000103764626000054/ex-991pressreleasexshuman.htm,False,
VNTH,2026-08-03 00:00:00,https://www.sec.gov/Archives/edgar/data/1497130/000190359626000287/0001903596-26-000287-index.htm,8-K,,https://www.sec.gov/Archives/edgar/data/1497130/000190359626000287/vnth_8k.htm,True,
VNTH,2026-08-03 00:00:00,https://www.sec.gov/Archives/edgar/data/1497130/000190359626000287/0001903596-26-000287-index.htm,EX-10.1,,https://www.sec.gov/Archives/edgar/data/1497130/000190359626000287/ex10_1.htm,False,
VNTH,2026-08-03 00:00:00,https://www.sec.gov/Archives/edgar/data/1497130/000190359626000287/0001903596-26-000287-index.htm,EX-10.2,,https://www.sec.gov/Archives/edgar/data/1497130/000190359626000287/ex10_2.htm,False,
JSPR,2026-08-03 00:00:00,https://www.sec.gov/Archives/edgar/data/1788028/000121390026084687/0001213900-26-084687-index.htm,8-K,CURRENT REPORT,https://www.sec.gov/Archives/edgar/data/1788028/000121390026084687/ea0300286-8k_jasper.htm,False,
AMHCW,2026-08-03 00:00:00,https://www.sec.gov/Archives/edgar/data/1788028/000121390026084687/0001213900-26-084687-index.htm,8-K,CURRENT REPORT,https://www.sec.gov/Archives/edgar/data/1788028/000121390026084687/ea0300286-8k_jasper.htm,False,
JSPRW,2026-08-03 00:00:00,https://www.sec.gov/Archives/edgar/data/1788028/000121390026084687/0001213900-26-084687-index.htm,8-K,CURRENT REPORT,https://www.sec.gov/Archives/edgar/data/1788028/000121390026084687/ea0300286-8k_jasper.htm,False,
AMHC,2026-08-03 00:00:00,https://www.sec.gov/Archives/edgar/data/1788028/000121390026084687/0001213900-26-084687-index.htm,8-K,CURRENT REPORT,https://www.sec.gov/Archives/edgar/data/1788028/000121390026084687/ea0300286-8k_jasper.htm,False,
AMHCU,2026-08-03 00:00:00,https://www.sec.gov/Archives/edgar/data/1788028/000121390026084687/0001213900-26-084687-index.htm,8-K,CURRENT REPORT,https://www.sec.gov/Archives/edgar/data/1788028/000121390026084687/ea0300286-8k_jasper.htm,False,
CUE,2026-08-03 00:00:00,https://www.sec.gov/Archives/edgar/data/1645460/000119312526330730/0001193125-26-330730-index.htm,8-K,8-K,https://www.sec.gov/Archives/edgar/data/1645460/000119312526330730/d134183d8k.htm,False,
NBRGU,2026-08-03 00:00:00,https://www.sec.gov/Archives/edgar/data/1918414/000121390026084680/0001213900-26-084680-index.htm,8-K,CURRENT REPORT,https://www.sec.gov/Archives/edgar/data/1918414/000121390026084680/ea0300228-8k425_newbridge.htm,True,
NBRGU,2026-08-03 00:00:00,https://www.sec.gov/Archives/edgar/data/1918414/000121390026084680/0001213900-26-084680-index.htm,EX-10.1,"PARENT SUPPORT AGREEMENT, DATED AS OF AUGUST 3, 2026, BY AND AMONG WEALTH PATH H",https://www.sec.gov/Archives/edgar/data/1918414/000121390026084680/ea030022801ex10-1.htm,False,
NBRGU,2026-08-03 00:00:00,https://www.sec.gov/Archives/edgar/data/1918414/000121390026084680/0001213900-26-084680-index.htm,EX-10.2,"COMPANY SUPPORT AGREEMENT, DATED AS OF AUGUST 3, 2026, BY AND AMONG NEWBRIDGE AC",https://www.sec.gov/Archives/edgar/data/1918414/000121390026084680/ea030022801ex10-2.htm,False,
NBRGU,2026-08-03 00:00:00,https://www.sec.gov/Archives/edgar/data/1918414/000121390026084680/0001213900-26-084680-index.htm,EX-99.1,"JOINT PRESS RELEASE, DATED AUGUST 3, 2026",https://www.sec.gov/Archives/edgar/data/1918414/000121390026084680/ea030022801ex99-1.htm,False,
NBRG,2026-08-03 00:00:00,https://www.sec.gov/Archives/edgar/data/1918414/000121390026084680/0001213900-26-084680-index.htm,8-K,CURRENT REPORT,https://www.sec.gov/Archives/edgar/data/1918414/000121390026084680/ea0300228-8k425_newbridge.htm,True,
NBRG,2026-08-03 00:00:00,https://www.sec.gov/Archives/edgar/data/1918414/000121390026084680/0001213900-26-084680-index.htm,EX-10.1,"PARENT SUPPORT AGREEMENT, DATED AS OF AUGUST 3, 2026, BY AND AMONG WEALTH PATH H",https://www.sec.gov/Archives/edgar/data/1918414/000121390026084680/ea030022801ex10-1.htm,False,
NBRG,2026-08-03 00:00:00,https://www.sec.gov/Archives/edgar/data/1918414/000121390026084680/0001213900-26-084680-index.htm,EX-10.2,"COMPANY SUPPORT AGREEMENT, DATED AS OF AUGUST 3, 2026, BY AND AMONG NEWBRIDGE AC",https://www.sec.gov/Archives/edgar/data/1918414/000121390026084680/ea030022801ex10-2.htm,False,
NBRG,2026-08-03 00:00:00,https://www.sec.gov/Archives/edgar/data/1918414/000121390026084680/0001213900-26-084680-index.htm,EX-99.1,"JOINT PRESS RELEASE, DATED AUGUST 3, 2026",https://www.sec.gov/Archives/edgar/data/1918414/000121390026084680/ea030022801ex99-1.htm,False,
NBRGR,2026-08-03 00:00:00,https://www.sec.gov/Archives/edgar/data/1918414/000121390026084680/0001213900-26-084680-index.htm,8-K,CURRENT REPORT,https://www.sec.gov/Archives/edgar/data/1918414/000121390026084680/ea0300228-8k425_newbridge.htm,True,
NBRGR,2026-08-03 00:00:00,https://www.sec.gov/Archives/edgar/data/1918414/000121390026084680/0001213900-26-084680-index.htm,EX-10.1,"PARENT SUPPORT AGREEMENT, DATED AS OF AUGUST 3, 2026, BY AND AMONG WEALTH PATH H",https://www.sec.gov/Archives/edgar/data/1918414/000121390026084680/ea030022801ex10-1.htm,False,
NBRGR,2026-08-03 00:00:00,https://www.sec.gov/Archives/edgar/data/1918414/000121390026084680/0001213900-26-084680-index.htm,EX-10.2,"COMPANY SUPPORT AGREEMENT, DATED AS OF AUGUST 3, 2026, BY AND AMONG NEWBRIDGE AC",https://www.sec.gov/Archives/edgar/data/1918414/000121390026084680/ea030022801ex10-2.htm,False,
NBRGR,2026-08-03 00:00:00,https://www.sec.gov/Archives/edgar/data/1918414/000121390026084680/0001213900-26-084680-index.htm,EX-99.1,"JOINT PRESS RELEASE, DATED AUGUST 3, 2026",https://www.sec.gov/Archives/edgar/data/1918414/000121390026084680/ea030022801ex99-1.htm,False,
ITGR,2026-08-03 00:00:00,https://www.sec.gov/Archives/edgar/data/1114483/000095010326011683/0000950103-26-011683-index.htm,8-K,FORM 8-K,https://www.sec.gov/Archives/edgar/data/1114483/000095010326011683/dp251107_8k.htm,False,
ITGR,2026-08-03 00:00:00,https://www.sec.gov/Archives/edgar/data/1114483/000095010326011683/0000950103-26-011683-index.htm,EX-99.1,EXHIBIT 99.1,https://www.sec.gov/Archives/edgar/data/1114483/000095010326011683/dp251107_ex9901.htm,False,
NPK,2026-08-03 00:00:00,https://www.sec.gov/Archives/edgar/data/80172/000143774926025460/0001437749-26-025460-index.htm,8-K,FORM 8-K,https://www.sec.gov/Archives/edgar/data/80172/000143774926025460/npk20260803_8k.htm,False,
NPK,2026-08-03 00:00:00,https://www.sec.gov/Archives/edgar/data/80172/000143774926025460/0001437749-26-025460-index.htm,EX-99.1,EXHIBIT 99.1,https://www.sec.gov/Archives/edgar/data/80172/000143774926025460/ex_997628.htm,False,
None,2026-08-03 00:00:00,https://www.sec.gov/Archives/edgar/data/1861123/000119312526330710/0001193125-26-330710-index.htm,8-K,8-K,https://www.sec.gov/Archives/edgar/data/1861123/000119312526330710/eikn-20260731.htm,False,
CBT,2026-08-03 00:00:00,https://www.sec.gov/Archives/edgar/data/16040/000119312526330708/0001193125-26-330708-index.htm,8-K,8-K,https://www.sec.gov/Archives/edgar/data/16040/000119312526330708/cbt-20260803.htm,False,
CBT,2026-08-03 00:00:00,https://www.sec.gov/Archives/edgar/data/16040/000119312526330708/0001193125-26-330708-index.htm,EX-99.1,EX-99.1,https://www.sec.gov/Archives/edgar/data/16040/000119312526330708/cbt-ex99_1.htm,False,
TEX,2026-08-03 00:00:00,https://www.sec.gov/Archives/edgar/data/97216/000009721626000130/0000097216-26-000130-index.htm,8-K,8-K,https://www.sec.gov/Archives/edgar/data/97216/000009721626000130/tex-20260730.htm,False,
TEX,2026-08-03 00:00:00,https://www.sec.gov/Archives/edgar/data/97216/000009721626000130/0000097216-26-000130-index.htm,EX-99.1,EX-99.1 PREPARED REMARKS Q2 2026,https://www.sec.gov/Archives/edgar/data/97216/000009721626000130/aexh99_120260730q2prepared.htm,False,
VNO-PL,2026-08-03 00:00:00,https://www.sec.gov/Archives/edgar/data/899689/000089968926000048/0000899689-26-000048-index.htm,8-K,8-K,https://www.sec.gov/Archives/edgar/data/899689/000089968926000048/vno-20260803.htm,False,
VNO-PL,2026-08-03 00:00:00,https://www.sec.gov/Archives/edgar/data/899689/000089968926000048/0000899689-26-000048-index.htm,EX-99.1,EX-99.1,https://www.sec.gov/Archives/edgar/data/899689/000089968926000048/vno-063026xxex991xearnings.htm,True,
VNO-PM,2026-08-03 00:00:00,https://www.sec.gov/Archives/edgar/data/899689/000089968926000048/0000899689-26-000048-index.htm,8-K,8-K,https://www.sec.gov/Archives/edgar/data/899689/000089968926000048/vno-20260803.htm,False,
VNO-PM,2026-08-03 00:00:00,https://www.sec.gov/Archives/edgar/data/899689/000089968926000048/0000899689-26-000048-index.htm,EX-99.1,EX-99.1,https://www.sec.gov/Archives/edgar/data/899689/000089968926000048/vno-063026xxex991xearnings.htm,True,
VNORP,2026-08-03 00:00:00,https://www.sec.gov/Archives/edgar/data/899689/000089968926000048/0000899689-26-000048-index.htm,8-K,8-K,https://www.sec.gov/Archives/edgar/data/899689/000089968926000048/vno-20260803.htm,False,
VNORP,2026-08-03 00:00:00,https://www.sec.gov/Archives/edgar/data/899689/000089968926000048/0000899689-26-000048-index.htm,EX-99.1,EX-99.1,https://www.sec.gov/Archives/edgar/data/899689/000089968926000048/vno-063026xxex991xearnings.htm,True,
VNO-PO,2026-08-03 00:00:00,https://www.sec.gov/Archives/edgar/data/899689/000089968926000048/0000899689-26-000048-index.htm,8-K,8-K,https://www.sec.gov/Archives/edgar/data/899689/000089968926000048/vno-20260803.htm,False,
VNO-PO,2026-08-03 00:00:00,https://www.sec.gov/Archives/edgar/data/899689/000089968926000048/0000899689-26-000048-index.htm,EX-99.1,EX-99.1,https://www.sec.gov/Archives/edgar/data/899689/000089968926000048/vno-063026xxex991xearnings.htm,True,
VNO-PN,2026-08-03 00:00:00,https://www.sec.gov/Archives/edgar/data/899689/000089968926000048/0000899689-26-000048-index.htm,8-K,8-K,https://www.sec.gov/Archives/edgar/data/899689/000089968926000048/vno-20260803.htm,False,
VNO-PN,2026-08-03 00:00:00,https://www.sec.gov/Archives/edgar/data/899689/000089968926000048/0000899689-26-000048-index.htm,EX-99.1,EX-99.1,https://www.sec.gov/Archives/edgar/data/899689/000089968926000048/vno-063026xxex991xearnings.htm,True,
None,2026-08-03 00:00:00,https://www.sec.gov/Archives/edgar/data/1040765/000089968926000048/0000899689-26-000048-index.htm,8-K,8-K,https://www.sec.gov/Archives/edgar/data/899689/000089968926000048/vno-20260803.htm,False,
None,2026-08-03 00:00:00,https://www.sec.gov/Archives/edgar/data/1040765/000089968926000048/0000899689-26-000048-index.htm,EX-99.1,EX-99.1,https://www.sec.gov/Archives/edgar/data/899689/000089968926000048/vno-063026xxex991xearnings.htm,True,
VNO,2026-08-03 00:00:00,https://www.sec.gov/Archives/edgar/data/899689/000089968926000048/0000899689-26-000048-index.htm,8-K,8-K,https://www.sec.gov/Archives/edgar/data/899689/000089968926000048/vno-20260803.htm,False,
VNO,2026-08-03 00:00:00,https://www.sec.gov/Archives/edgar/data/899689/000089968926000048/0000899689-26-000048-index.htm,EX-99.1,EX-99.1,https://www.sec.gov/Archives/edgar/data/899689/000089968926000048/vno-063026xxex991xearnings.htm,True,
INVX,2026-08-03 00:00:00,https://www.sec.gov/Archives/edgar/data/1042893/000119312526330695/0001193125-26-330695-index.htm,8-K,8-K,https://www.sec.gov/Archives/edgar/data/1042893/000119312526330695/invx-20260803.htm,False,
INVX,2026-08-03 00:00:00,https://www.sec.gov/Archives/edgar/data/1042893/000119312526330695/0001193125-26-330695-index.htm,EX-99.1,EX-99.1,https://www.sec.gov/Archives/edgar/data/1042893/000119312526330695/invx-ex99_1.htm,True,
DRQ,2026-08-03 00:00:00,https://www.sec.gov/Archives/edgar/data/1042893/000119312526330695/0001193125-26-330695-index.htm,8-K,8-K,https://www.sec.gov/Archives/edgar/data/1042893/000119312526330695/invx-20260803.htm,False,
DRQ,2026-08-03 00:00:00,https://www.sec.gov/Archives/edgar/data/1042893/000119312526330695/0001193125-26-330695-index.htm,EX-99.1,EX-99.1,https://www.sec.gov/Archives/edgar/data/1042893/000119312526330695/invx-ex99_1.htm,True,
XRN,2026-08-03 00:00:00,https://www.sec.gov/Archives/edgar/data/1533615/000110465926089818/0001104659-26-089818-index.htm,8-K,FORM 8-K,https://www.sec.gov/Archives/edgar/data/1533615/000110465926089818/tm2620590d1_8k.htm,False,
XRN,2026-08-03 00:00:00,https://www.sec.gov/Archives/edgar/data/1533615/000110465926089818/0001104659-26-089818-index.htm,EX-10.1,EXHIBIT 10.1,https://www.sec.gov/Archives/edgar/data/1533615/000110465926089818/tm2622020d1_ex10-1.htm,False,
XRN,2026-08-03 00:00:00,https://www.sec.gov/Archives/edgar/data/1533615/000110465926089818/0001104659-26-089818-index.htm,EX-10.2,EXHIBIT 10.2,https://www.sec.gov/Archives/edgar/data/1533615/000110465926089818/tm2622020d1_ex10-2.htm,False,
GMRE-PA,2026-08-03 00:00:00,https://www.sec.gov/Archives/edgar/data/1533615/000110465926089818/0001104659-26-089818-index.htm,8-K,FORM 8-K,https://www.sec.gov/Archives/edgar/data/1533615/000110465926089818/tm2620590d1_8k.htm,False,
GMRE-PA,2026-08-03 00:00:00,https://www.sec.gov/Archives/edgar/data/1533615/000110465926089818/0001104659-26-089818-index.htm,EX-10.1,EXHIBIT 10.1,https://www.sec.gov/Archives/edgar/data/1533615/000110465926089818/tm2622020d1_ex10-1.htm,False,
GMRE-PA,2026-08-03 00:00:00,https://www.sec.gov/Archives/edgar/data/1533615/000110465926089818/0001104659-26-089818-index.htm,EX-10.2,EXHIBIT 10.2,https://www.sec.gov/Archives/edgar/data/1533615/000110465926089818/tm2622020d1_ex10-2.htm,False,
GMRE-PB,2026-08-03 00:00:00,https://www.sec.gov/Archives/edgar/data/1533615/000110465926089818/0001104659-26-089818-index.htm,8-K,FORM 8-K,https://www.sec.gov/Archives/edgar/data/1533615/000110465926089818/tm2620590d1_8k.htm,False,
GMRE-PB,2026-08-03 00:00:00,https://www.sec.gov/Archives/edgar/data/1533615/000110465926089818/0001104659-26-089818-index.htm,EX-10.1,EXHIBIT 10.1,https://www.sec.gov/Archives/edgar/data/1533615/000110465926089818/tm2622020d1_ex10-1.htm,False,
GMRE-PB,2026-08-03 00:00:00,https://www.sec.gov/Archives/edgar/data/1533615/000110465926089818/0001104659-26-089818-index.htm,EX-10.2,EXHIBIT 10.2,https://www.sec.gov/Archives/edgar/data/1533615/000110465926089818/tm2622020d1_ex10-2.htm,False,
GMRE,2026-08-03 00:00:00,https://www.sec.gov/Archives/edgar/data/1533615/000110465926089818/0001104659-26-089818-index.htm,8-K,FORM 8-K,https://www.sec.gov/Archives/edgar/data/1533615/000110465926089818/tm2620590d1_8k.htm,False,
GMRE,2026-08-03 00:00:00,https://www.sec.gov/Archives/edgar/data/1533615/000110465926089818/0001104659-26-089818-index.htm,EX-10.1,EXHIBIT 10.1,https://www.sec.gov/Archives/edgar/data/1533615/000110465926089818/tm2622020d1_ex10-1.htm,False,
GMRE,2026-08-03 00:00:00,https://www.sec.gov/Archives/edgar/data/1533615/000110465926089818/0001104659-26-089818-index.htm,EX-10.2,EXHIBIT 10.2,https://www.sec.gov/Archives/edgar/data/1533615/000110465926089818/tm2622020d1_ex10-2.htm,False,
JELD,2026-08-03 00:00:00,https://www.sec.gov/Archives/edgar/data/1674335/000167433526000119/0001674335-26-000119-index.htm,8-K,8-K,https://www.sec.gov/Archives/edgar/data/1674335/000167433526000119/jeld-20260803.htm,False,
JELD,2026-08-03 00:00:00,https://www.sec.gov/Archives/edgar/data/1674335/000167433526000119/0001674335-26-000119-index.htm,EX-99.1,EX-99.1,https://www.sec.gov/Archives/edgar/data/1674335/000167433526000119/q22026jeld-wenex991.htm,False,
NUWE,2026-08-03 00:00:00,https://www.sec.gov/Archives/edgar/data/1506492/000114036126030985/0001140361-26-030985-index.htm,8-K,8-K,https://www.sec.gov/Archives/edgar/data/1506492/000114036126030985/ef20079229_8k.htm,True,
NUWE,2026-08-03 00:00:00,https://www.sec.gov/Archives/edgar/data/1506492/000114036126030985/0001140361-26-030985-index.htm,EX-10.1,EXHIBIT 10.1,https://www.sec.gov/Archives/edgar/data/1506492/000114036126030985/ef20079229_ex10-1.htm,False,
NUWE,2026-08-03 00:00:00,https://www.sec.gov/Archives/edgar/data/1506492/000114036126030985/0001140361-26-030985-index.htm,EX-10.2,EXHIBIT 10.2,https://www.sec.gov/Archives/edgar/data/1506492/000114036126030985/ef20079229_ex10-2.htm,True,
NUWE,2026-08-03 00:00:00,https://www.sec.gov/Archives/edgar/data/1506492/000114036126030985/0001140361-26-030985-index.htm,EX-99.1,EXHIBIT 99.1,https://www.sec.gov/Archives/edgar/data/1506492/000114036126030985/ef20079229_ex99-1.htm,False,
TFX,2026-08-03 00:00:00,https://www.sec.gov/Archives/edgar/data/96943/000009694326000084/0000096943-26-000084-index.htm,8-K,8-K,https://www.sec.gov/Archives/edgar/data/96943/000009694326000084/tfx-20260803.htm,False,
TFX,2026-08-03 00:00:00,https://www.sec.gov/Archives/edgar/data/96943/000009694326000084/0000096943-26-000084-index.htm,EX-99.1,EX-99.1,https://www.sec.gov/Archives/edgar/data/96943/000009694326000084/exhibit991to8-3x2026reoemd.htm,False,
HSTM,2026-08-03 00:00:00,https://www.sec.gov/Archives/edgar/data/1095565/000143774926025455/0001437749-26-025455-index.htm,8-K,FORM 8-K,https://www.sec.gov/Archives/edgar/data/1095565/000143774926025455/hstm20260522_8k.htm,False,
HSTM,2026-08-03 00:00:00,https://www.sec.gov/Archives/edgar/data/1095565/000143774926025455/0001437749-26-025455-index.htm,EX-99.1,EXHIBIT 99.1,https://www.sec.gov/Archives/edgar/data/1095565/000143774926025455/ex_967176.htm,False,
DORM,2026-08-03 00:00:00,https://www.sec.gov/Archives/edgar/data/868780/000086878026000037/0000868780-26-000037-index.htm,8-K,8-K,https://www.sec.gov/Archives/edgar/data/868780/000086878026000037/dorm-20260803.htm,False,
DORM,2026-08-03 00:00:00,https://www.sec.gov/Archives/edgar/data/868780/000086878026000037/0000868780-26-000037-index.htm,EX-99.1,EX-99.1,https://www.sec.gov/Archives/edgar/data/868780/000086878026000037/dorm-20260627xexx991.htm,True,
OGE,2026-08-03 00:00:00,https://www.sec.gov/Archives/edgar/data/1021635/000102163526000028/0001021635-26-000028-index.htm,8-K,8-K,https://www.sec.gov/Archives/edgar/data/1021635/000102163526000028/oge-20260728.htm,False,
GBCI,2026-08-03 00:00:00,https://www.sec.gov/Archives/edgar/data/868671/000086867126000065/0000868671-26-000065-index.htm,8-K,8-K,https://www.sec.gov/Archives/edgar/data/868671/000086867126000065/gbci-20260803.htm,False,
GBCI,2026-08-03 00:00:00,https://www.sec.gov/Archives/edgar/data/868671/000086867126000065/0000868671-26-000065-index.htm,EX-99.1,EX-99.1,https://www.sec.gov/Archives/edgar/data/868671/000086867126000065/exhibit991investorslides.htm,False,
MDCA,2026-08-03 00:00:00,https://www.sec.gov/Archives/edgar/data/876883/000110465926089814/0001104659-26-089814-index.htm,8-K,FORM 8-K,https://www.sec.gov/Archives/edgar/data/876883/000110465926089814/tm2622028d1_8k.htm,False,
MDCA,2026-08-03 00:00:00,https://www.sec.gov/Archives/edgar/data/876883/000110465926089814/0001104659-26-089814-index.htm,EX-10.1,EXHIBIT 10.1,https://www.sec.gov/Archives/edgar/data/876883/000110465926089814/tm2622028d1_ex10-1.htm,False,
MDCA,2026-08-03 00:00:00,https://www.sec.gov/Archives/edgar/data/876883/000110465926089814/0001104659-26-089814-index.htm,EX-10.2,EXHIBIT 10.2,https://www.sec.gov/Archives/edgar/data/876883/000110465926089814/tm2622028d1_ex10-2.htm,False,
STGW,2026-08-03 00:00:00,https://www.sec.gov/Archives/edgar/data/876883/000110465926089814/0001104659-26-089814-index.htm,8-K,FORM 8-K,https://www.sec.gov/Archives/edgar/data/876883/000110465926089814/tm2622028d1_8k.htm,False,
STGW,2026-08-03 00:00:00,https://www.sec.gov/Archives/edgar/data/876883/000110465926089814/0001104659-26-089814-index.htm,EX-10.1,EXHIBIT 10.1,https://www.sec.gov/Archives/edgar/data/876883/000110465926089814/tm2622028d1_ex10-1.htm,False,
STGW,2026-08-03 00:00:00,https://www.sec.gov/Archives/edgar/data/876883/000110465926089814/0001104659-26-089814-index.htm,EX-10.2,EXHIBIT 10.2,https://www.sec.gov/Archives/edgar/data/876883/000110465926089814/tm2622028d1_ex10-2.htm,False,
TDOC,2026-08-03 00:00:00,https://www.sec.gov/Archives/edgar/data/1477449/000147744926000040/0001477449-26-000040-index.htm,8-K,8-K,https://www.sec.gov/Archives/edgar/data/1477449/000147744926000040/tdoc-20260803.htm,False,
TDOC,2026-08-03 00:00:00,https://www.sec.gov/Archives/edgar/data/1477449/000147744926000040/0001477449-26-000040-index.htm,EX-99.1,EX-99.1,https://www.sec.gov/Archives/edgar/data/1477449/000147744926000040/exhibit9916.htm,False,
ALG,2026-08-03 00:00:00,https://www.sec.gov/Archives/edgar/data/897077/000089707726000091/0000897077-26-000091-index.htm,8-K,8-K,https://www.sec.gov/Archives/edgar/data/897077/000089707726000091/alg-20260803.htm,False,
ALG,2026-08-03 00:00:00,https://www.sec.gov/Archives/edgar/data/897077/000089707726000091/0000897077-26-000091-index.htm,EX-99.1,EX-99.1,https://www.sec.gov/Archives/edgar/data/897077/000089707726000091/ex991q22026.htm,True,
TBBK,2026-08-03 00:00:00,https://www.sec.gov/Archives/edgar/data/1295401/000203985226000115/0002039852-26-000115-index.htm,8-K,"THE BANCORP, INC. FORM 8-K",https://www.sec.gov/Archives/edgar/data/1295401/000203985226000115/tbbk8k.htm,False,
TBBK,2026-08-03 00:00:00,https://www.sec.gov/Archives/edgar/data/1295401/000203985226000115/0002039852-26-000115-index.htm,EX-99.1,EXHIBIT 99.1,https://www.sec.gov/Archives/edgar/data/1295401/000203985226000115/ex99-1.htm,False,
NJR,2026-08-03 00:00:00,https://www.sec.gov/Archives/edgar/data/356309/000114036126030982/0001140361-26-030982-index.htm,8-K,8-K,https://www.sec.gov/Archives/edgar/data/356309/000114036126030982/ef20079106_8k.htm,False,
NJR,2026-08-03 00:00:00,https://www.sec.gov/Archives/edgar/data/356309/000114036126030982/0001140361-26-030982-index.htm,EX-99.1,EXHIBIT 99.1,https://www.sec.gov/Archives/edgar/data/356309/000114036126030982/ef20079106_ex99-1.htm,False,
ALZN,2026-08-03 00:00:00,https://www.sec.gov/Archives/edgar/data/1677077/000121465926009469/0001214659-26-009469-index.htm,8-K,,https://www.sec.gov/Archives/edgar/data/1677077/000121465926009469/az7312618k.htm,True,
ALZN,2026-08-03 00:00:00,https://www.sec.gov/Archives/edgar/data/1677077/000121465926009469/0001214659-26-009469-index.htm,EX-10.1,EXHIBIT 10.1,https://www.sec.gov/Archives/edgar/data/1677077/000121465926009469/ex10_1.htm,True,
ALZN,2026-08-03 00:00:00,https://www.sec.gov/Archives/edgar/data/1677077/000121465926009469/0001214659-26-009469-index.htm,EX-10.2,EXHIBIT 10.2,https://www.sec.gov/Archives/edgar/data/1677077/000121465926009469/ex10_2.htm,False,
SKY,2026-08-03 00:00:00,https://www.sec.gov/Archives/edgar/data/90896/000119312526330664/0001193125-26-330664-index.htm,8-K,8-K,https://www.sec.gov/Archives/edgar/data/90896/000119312526330664/sky-20260730.htm,False,
None,2026-08-03 00:00:00,https://www.sec.gov/Archives/edgar/data/1999261/000121390026084657/0001213900-26-084657-index.htm,8-K,CURRENT REPORT,https://www.sec.gov/Archives/edgar/data/1999261/000121390026084657/ea0300168-8k_stagewise.htm,False,
CLOK,2026-08-03 00:00:00,https://www.sec.gov/Archives/edgar/data/1022505/000149315226035836/0001493152-26-035836-index.htm,8-K,8-K,https://www.sec.gov/Archives/edgar/data/1022505/000149315226035836/form8-k.htm,False,
SDCH,2026-08-03 00:00:00,https://www.sec.gov/Archives/edgar/data/1022505/000149315226035836/0001493152-26-035836-index.htm,8-K,8-K,https://www.sec.gov/Archives/edgar/data/1022505/000149315226035836/form8-k.htm,False,
BWXT,2026-08-03 00:00:00,https://www.sec.gov/Archives/edgar/data/1486957/000148695726000041/0001486957-26-000041-index.htm,8-K,8-K,https://www.sec.gov/Archives/edgar/data/1486957/000148695726000041/bwxt_63026x8k.htm,False,
BWXT,2026-08-03 00:00:00,https://www.sec.gov/Archives/edgar/data/1486957/000148695726000041/0001486957-26-000041-index.htm,EX-99.1,EX-99.1,https://www.sec.gov/Archives/edgar/data/1486957/000148695726000041/bwxt_63026xerexhibit991.htm,False,
TDW,2026-08-03 00:00:00,https://www.sec.gov/Archives/edgar/data/98222/000143774926025451/0001437749-26-025451-index.htm,8-K,FORM 8-K,https://www.sec.gov/Archives/edgar/data/98222/000143774926025451/tdw20260505_8k.htm,False,
TDW,2026-08-03 00:00:00,https://www.sec.gov/Archives/edgar/data/98222/000143774926025451/0001437749-26-025451-index.htm,EX-99.1,EXHIBIT 99.1,https://www.sec.gov/Archives/edgar/data/98222/000143774926025451/ex_956944.htm,False,
TDW-WT,2026-08-03 00:00:00,https://www.sec.gov/Archives/edgar/data/98222/000143774926025451/0001437749-26-025451-index.htm,8-K,FORM 8-K,https://www.sec.gov/Archives/edgar/data/98222/000143774926025451/tdw20260505_8k.htm,False,
TDW-WT,2026-08-03 00:00:00,https://www.sec.gov/Archives/edgar/data/98222/000143774926025451/0001437749-26-025451-index.htm,EX-99.1,EXHIBIT 99.1,https://www.sec.gov/Archives/edgar/data/98222/000143774926025451/ex_956944.htm,False,
TDW-WTA,2026-08-03 00:00:00,https://www.sec.gov/Archives/edgar/data/98222/000143774926025451/0001437749-26-025451-index.htm,8-K,FORM 8-K,https://www.sec.gov/Archives/edgar/data/98222/000143774926025451/tdw20260505_8k.htm,False,
TDW-WTA,2026-08-03 00:00:00,https://www.sec.gov/Archives/edgar/data/98222/000143774926025451/0001437749-26-025451-index.htm,EX-99.1,EXHIBIT 99.1,https://www.sec.gov/Archives/edgar/data/98222/000143774926025451/ex_956944.htm,False,
TDW-WTB,2026-08-03 00:00:00,https://www.sec.gov/Archives/edgar/data/98222/000143774926025451/0001437749-26-025451-index.htm,8-K,FORM 8-K,https://www.sec.gov/Archives/edgar/data/98222/000143774926025451/tdw20260505_8k.htm,False,
TDW-WTB,2026-08-03 00:00:00,https://www.sec.gov/Archives/edgar/data/98222/000143774926025451/0001437749-26-025451-index.htm,EX-99.1,EXHIBIT 99.1,https://www.sec.gov/Archives/edgar/data/98222/000143774926025451/ex_956944.htm,False,
TDGMW,2026-08-03 00:00:00,https://www.sec.gov/Archives/edgar/data/98222/000143774926025451/0001437749-26-025451-index.htm,8-K,FORM 8-K,https://www.sec.gov/Archives/edgar/data/98222/000143774926025451/tdw20260505_8k.htm,False,
TDGMW,2026-08-03 00:00:00,https://www.sec.gov/Archives/edgar/data/98222/000143774926025451/0001437749-26-025451-index.htm,EX-99.1,EXHIBIT 99.1,https://www.sec.gov/Archives/edgar/data/98222/000143774926025451/ex_956944.htm,False,
AMRX,2026-08-03 00:00:00,https://www.sec.gov/Archives/edgar/data/1723128/000162828026051900/0001628280-26-051900-index.htm,8-K,8-K,https://www.sec.gov/Archives/edgar/data/1723128/000162828026051900/amrx-20260803.htm,True,
AMRX,2026-08-03 00:00:00,https://www.sec.gov/Archives/edgar/data/1723128/000162828026051900/0001628280-26-051900-index.htm,EX-10.1,EX-10.1,https://www.sec.gov/Archives/edgar/data/1723128/000162828026051900/a20260803_repricingpacka.htm,True,
POWL,2026-08-03 00:00:00,https://www.sec.gov/Archives/edgar/data/80420/000008042026000103/0000080420-26-000103-index.htm,8-K,8-K,https://www.sec.gov/Archives/edgar/data/80420/000008042026000103/powl-20260803.htm,False,
POWL,2026-08-03 00:00:00,https://www.sec.gov/Archives/edgar/data/80420/000008042026000103/0000080420-26-000103-index.htm,EX-99.1,EX-99.1,https://www.sec.gov/Archives/edgar/data/80420/000008042026000103/ex991-powlq3xfy2026earning.htm,False,
DHR,2026-08-03 00:00:00,https://www.sec.gov/Archives/edgar/data/313616/000119312526330652/0001193125-26-330652-index.htm,8-K,8-K,https://www.sec.gov/Archives/edgar/data/313616/000119312526330652/d161342d8k.htm,False,
DHR,2026-08-03 00:00:00,https://www.sec.gov/Archives/edgar/data/313616/000119312526330652/0001193125-26-330652-index.htm,EX-10.1,EX-10.1,https://www.sec.gov/Archives/edgar/data/313616/000119312526330652/d161342dex101.htm,False,
DHR,2026-08-03 00:00:00,https://www.sec.gov/Archives/edgar/data/313616/000119312526330652/0001193125-26-330652-index.htm,EX-10.2,EX-10.2,https://www.sec.gov/Archives/edgar/data/313616/000119312526330652/d161342dex102.htm,False,
DHR,2026-08-03 00:00:00,https://www.sec.gov/Archives/edgar/data/313616/000119312526330652/0001193125-26-330652-index.htm,EX-99.1,EX-99.1,https://www.sec.gov/Archives/edgar/data/313616/000119312526330652/d161342dex991.htm,False,
DHR-PB,2026-08-03 00:00:00,https://www.sec.gov/Archives/edgar/data/313616/000119312526330652/0001193125-26-330652-index.htm,8-K,8-K,https://www.sec.gov/Archives/edgar/data/313616/000119312526330652/d161342d8k.htm,False,
DHR-PB,2026-08-03 00:00:00,https://www.sec.gov/Archives/edgar/data/313616/000119312526330652/0001193125-26-330652-index.htm,EX-10.1,EX-10.1,https://www.sec.gov/Archives/edgar/data/313616/000119312526330652/d161342dex101.htm,False,
DHR-PB,2026-08-03 00:00:00,https://www.sec.gov/Archives/edgar/data/313616/000119312526330652/0001193125-26-330652-index.htm,EX-10.2,EX-10.2,https://www.sec.gov/Archives/edgar/data/313616/000119312526330652/d161342dex102.htm,False,
DHR-PB,2026-08-03 00:00:00,https://www.sec.gov/Archives/edgar/data/313616/000119312526330652/0001193125-26-330652-index.htm,EX-99.1,EX-99.1,https://www.sec.gov/Archives/edgar/data/313616/000119312526330652/d161342dex991.htm,False,
DHR-PA,2026-08-03 00:00:00,https://www.sec.gov/Archives/edgar/data/313616/000119312526330652/0001193125-26-330652-index.htm,8-K,8-K,https://www.sec.gov/Archives/edgar/data/313616/000119312526330652/d161342d8k.htm,False,
DHR-PA,2026-08-03 00:00:00,https://www.sec.gov/Archives/edgar/data/313616/000119312526330652/0001193125-26-330652-index.htm,EX-10.1,EX-10.1,https://www.sec.gov/Archives/edgar/data/313616/000119312526330652/d161342dex101.htm,False,
DHR-PA,2026-08-03 00:00:00,https://www.sec.gov/Archives/edgar/data/313616/000119312526330652/0001193125-26-330652-index.htm,EX-10.2,EX-10.2,https://www.sec.gov/Archives/edgar/data/313616/000119312526330652/d161342dex102.htm,False,
DHR-PA,2026-08-03 00:00:00,https://www.sec.gov/Archives/edgar/data/313616/000119312526330652/0001193125-26-330652-index.htm,EX-99.1,EX-99.1,https://www.sec.gov/Archives/edgar/data/313616/000119312526330652/d161342dex991.htm,False,
FOA,2026-08-03 00:00:00,https://www.sec.gov/Archives/edgar/data/1828937/000162828026051897/0001628280-26-051897-index.htm,8-K,8-K,https://www.sec.gov/Archives/edgar/data/1828937/000162828026051897/foa-20260731.htm,True,
FOA,2026-08-03 00:00:00,https://www.sec.gov/Archives/edgar/data/1828937/000162828026051897/0001628280-26-051897-index.htm,EX-10.1,EX-10.1,https://www.sec.gov/Archives/edgar/data/1828937/000162828026051897/exhibit101-foaecxthirdar.htm,False,
FOA-WT,2026-08-03 00:00:00,https://www.sec.gov/Archives/edgar/data/1828937/000162828026051897/0001628280-26-051897-index.htm,8-K,8-K,https://www.sec.gov/Archives/edgar/data/1828937/000162828026051897/foa-20260731.htm,True,
FOA-WT,2026-08-03 00:00:00,https://www.sec.gov/Archives/edgar/data/1828937/000162828026051897/0001628280-26-051897-index.htm,EX-10.1,EX-10.1,https://www.sec.gov/Archives/edgar/data/1828937/000162828026051897/exhibit101-foaecxthirdar.htm,False,
ADUS,2026-08-03 00:00:00,https://www.sec.gov/Archives/edgar/data/1468328/000143774926025448/0001437749-26-025448-index.htm,8-K,FORM 8-K,https://www.sec.gov/Archives/edgar/data/1468328/000143774926025448/adus20260803_8k.htm,False,
ADUS,2026-08-03 00:00:00,https://www.sec.gov/Archives/edgar/data/1468328/000143774926025448/0001437749-26-025448-index.htm,EX-99.1,EXHIBIT 99.1,https://www.sec.gov/Archives/edgar/data/1468328/000143774926025448/ex_997368.htm,True,
CRSP,2026-08-03 00:00:00,https://www.sec.gov/Archives/edgar/data/1674416/000119312526330644/0001193125-26-330644-index.htm,8-K,8-K,https://www.sec.gov/Archives/edgar/data/1674416/000119312526330644/crsp-20260803.htm,False,
CRSP,2026-08-03 00:00:00,https://www.sec.gov/Archives/edgar/data/1674416/000119312526330644/0001193125-26-330644-index.htm,EX-99.1,EX-99.1,https://www.sec.gov/Archives/edgar/data/1674416/000119312526330644/crsp-ex99_1.htm,False,
DHC,2026-08-03 00:00:00,https://www.sec.gov/Archives/edgar/data/1075415/000107541526000029/0001075415-26-000029-index.htm,8-K,8-K,https://www.sec.gov/Archives/edgar/data/1075415/000107541526000029/dhc-20260803.htm,False,
DHC,2026-08-03 00:00:00,https://www.sec.gov/Archives/edgar/data/1075415/000107541526000029/0001075415-26-000029-index.htm,EX-99.1,EX-99.1,https://www.sec.gov/Archives/edgar/data/1075415/000107541526000029/dhc_063026x8-kxexhibitx991.htm,False,
DHCNI,2026-08-03 00:00:00,https://www.sec.gov/Archives/edgar/data/1075415/000107541526000029/0001075415-26-000029-index.htm,8-K,8-K,https://www.sec.gov/Archives/edgar/data/1075415/000107541526000029/dhc-20260803.htm,False,
DHCNI,2026-08-03 00:00:00,https://www.sec.gov/Archives/edgar/data/1075415/000107541526000029/0001075415-26-000029-index.htm,EX-99.1,EX-99.1,https://www.sec.gov/Archives/edgar/data/1075415/000107541526000029/dhc_063026x8-kxexhibitx991.htm,False,
DHCNL,2026-08-03 00:00:00,https://www.sec.gov/Archives/edgar/data/1075415/000107541526000029/0001075415-26-000029-index.htm,8-K,8-K,https://www.sec.gov/Archives/edgar/data/1075415/000107541526000029/dhc-20260803.htm,False,
DHCNL,2026-08-03 00:00:00,https://www.sec.gov/Archives/edgar/data/1075415/000107541526000029/0001075415-26-000029-index.htm,EX-99.1,EX-99.1,https://www.sec.gov/Archives/edgar/data/1075415/000107541526000029/dhc_063026x8-kxexhibitx991.htm,False,
JBTM,2026-08-03 00:00:00,https://www.sec.gov/Archives/edgar/data/1433660/000162828026051894/0001628280-26-051894-index.htm,8-K,8-K,https://www.sec.gov/Archives/edgar/data/1433660/000162828026051894/jbt-20260803.htm,False,
JBTM,2026-08-03 00:00:00,https://www.sec.gov/Archives/edgar/data/1433660/000162828026051894/0001628280-26-051894-index.htm,EX-99.1,EX-99.1,https://www.sec.gov/Archives/edgar/data/1433660/000162828026051894/a2026q2earningsexhibit9918k.htm,True,
JBT,2026-08-03 00:00:00,https://www.sec.gov/Archives/edgar/data/1433660/000162828026051894/0001628280-26-051894-index.htm,8-K,8-K,https://www.sec.gov/Archives/edgar/data/1433660/000162828026051894/jbt-20260803.htm,False,
JBT,2026-08-03 00:00:00,https://www.sec.gov/Archives/edgar/data/1433660/000162828026051894/0001628280-26-051894-index.htm,EX-99.1,EX-99.1,https://www.sec.gov/Archives/edgar/data/1433660/000162828026051894/a2026q2earningsexhibit9918k.htm,True,
QVCD,2026-08-03 00:00:00,https://www.sec.gov/Archives/edgar/data/1254699/000110465926089810/0001104659-26-089810-index.htm,8-K,FORM 8-K,https://www.sec.gov/Archives/edgar/data/1254699/000110465926089810/tm2621892d1_8k.htm,False,
QVCD,2026-08-03 00:00:00,https://www.sec.gov/Archives/edgar/data/1254699/000110465926089810/0001104659-26-089810-index.htm,EX-99.1,EXHIBIT 99.1,https://www.sec.gov/Archives/edgar/data/1254699/000110465926089810/tm2621892d1_ex99-1.htm,False,
QVCC,2026-08-03 00:00:00,https://www.sec.gov/Archives/edgar/data/1254699/000110465926089810/0001104659-26-089810-index.htm,8-K,FORM 8-K,https://www.sec.gov/Archives/edgar/data/1254699/000110465926089810/tm2621892d1_8k.htm,False,
QVCC,2026-08-03 00:00:00,https://www.sec.gov/Archives/edgar/data/1254699/000110465926089810/0001104659-26-089810-index.htm,EX-99.1,EXHIBIT 99.1,https://www.sec.gov/Archives/edgar/data/1254699/000110465926089810/tm2621892d1_ex99-1.htm,False,
SBAC,2026-08-03 00:00:00,https://www.sec.gov/Archives/edgar/data/1034054/000119312526330639/0001193125-26-330639-index.htm,8-K,8-K,https://www.sec.gov/Archives/edgar/data/1034054/000119312526330639/d154311d8k.htm,False,
SBAC,2026-08-03 00:00:00,https://www.sec.gov/Archives/edgar/data/1034054/000119312526330639/0001193125-26-330639-index.htm,EX-99.1,EX-99.1,https://www.sec.gov/Archives/edgar/data/1034054/000119312526330639/d154311dex991.htm,True,
OKE,2026-08-03 00:00:00,https://www.sec.gov/Archives/edgar/data/1039684/000103968426000027/0001039684-26-000027-index.htm,8-K,8-K,https://www.sec.gov/Archives/edgar/data/1039684/000103968426000027/oke-20260803.htm,False,
OKE,2026-08-03 00:00:00,https://www.sec.gov/Archives/edgar/data/1039684/000103968426000027/0001039684-26-000027-index.htm,EX-99.1,EX-99.1,https://www.sec.gov/Archives/edgar/data/1039684/000103968426000027/okeq22026earningsrelease.htm,True,
JXN-PA,2026-08-03 00:00:00,https://www.sec.gov/Archives/edgar/data/1822993/000110465926089809/0001104659-26-089809-index.htm,8-K,FORM 8-K,https://www.sec.gov/Archives/edgar/data/1822993/000110465926089809/tm2621730d1_8k.htm,False,
JXN-PA,2026-08-03 00:00:00,https://www.sec.gov/Archives/edgar/data/1822993/000110465926089809/0001104659-26-089809-index.htm,EX-99.1,EXHIBIT 99.1,https://www.sec.gov/Archives/edgar/data/1822993/000110465926089809/tm2621730d1_ex99-1.htm,True,
JXN,2026-08-03 00:00:00,https://www.sec.gov/Archives/edgar/data/1822993/000110465926089809/0001104659-26-089809-index.htm,8-K,FORM 8-K,https://www.sec.gov/Archives/edgar/data/1822993/000110465926089809/tm2621730d1_8k.htm,False,
JXN,2026-08-03 00:00:00,https://www.sec.gov/Archives/edgar/data/1822993/000110465926089809/0001104659-26-089809-index.htm,EX-99.1,EXHIBIT 99.1,https://www.sec.gov/Archives/edgar/data/1822993/000110465926089809/tm2621730d1_ex99-1.htm,True,
QRTEA,2026-08-03 00:00:00,https://www.sec.gov/Archives/edgar/data/1355096/000110465926089808/0001104659-26-089808-index.htm,8-K,FORM 8-K,https://www.sec.gov/Archives/edgar/data/1355096/000110465926089808/tm2621891d1_8k.htm,False,
QRTEA,2026-08-03 00:00:00,https://www.sec.gov/Archives/edgar/data/1355096/000110465926089808/0001104659-26-089808-index.htm,EX-99.1,EXHIBIT 99.1,https://www.sec.gov/Archives/edgar/data/1355096/000110465926089808/tm2621891d1_ex99-1.htm,False,
QRTEB,2026-08-03 00:00:00,https://www.sec.gov/Archives/edgar/data/1355096/000110465926089808/0001104659-26-089808-index.htm,8-K,FORM 8-K,https://www.sec.gov/Archives/edgar/data/1355096/000110465926089808/tm2621891d1_8k.htm,False,
QRTEB,2026-08-03 00:00:00,https://www.sec.gov/Archives/edgar/data/1355096/000110465926089808/0001104659-26-089808-index.htm,EX-99.1,EXHIBIT 99.1,https://www.sec.gov/Archives/edgar/data/1355096/000110465926089808/tm2621891d1_ex99-1.htm,False,
QRTEP,2026-08-03 00:00:00,https://www.sec.gov/Archives/edgar/data/1355096/000110465926089808/0001104659-26-089808-index.htm,8-K,FORM 8-K,https://www.sec.gov/Archives/edgar/data/1355096/000110465926089808/tm2621891d1_8k.htm,False,
QRTEP,2026-08-03 00:00:00,https://www.sec.gov/Archives/edgar/data/1355096/000110465926089808/0001104659-26-089808-index.htm,EX-99.1,EXHIBIT 99.1,https://www.sec.gov/Archives/edgar/data/1355096/000110465926089808/tm2621891d1_ex99-1.htm,False,
CRGY,2026-08-03 00:00:00,https://www.sec.gov/Archives/edgar/data/1866175/000186617526000112/0001866175-26-000112-index.htm,8-K,8-K,https://www.sec.gov/Archives/edgar/data/1866175/000186617526000112/crgy-20260803.htm,False,
CRGY,2026-08-03 00:00:00,https://www.sec.gov/Archives/edgar/data/1866175/000186617526000112/0001866175-26-000112-index.htm,EX-99.1,EX-99.1,https://www.sec.gov/Archives/edgar/data/1866175/000186617526000112/exhibit991q22026earningsre.htm,True,
BCC,2026-08-03 00:00:00,https://www.sec.gov/Archives/edgar/data/1328581/000132858126000025/0001328581-26-000025-index.htm,8-K,8-K,https://www.sec.gov/Archives/edgar/data/1328581/000132858126000025/bcc-20260803.htm,False,
BCC,2026-08-03 00:00:00,https://www.sec.gov/Archives/edgar/data/1328581/000132858126000025/0001328581-26-000025-index.htm,EX-99.1,EARNINGS RELEASE,https://www.sec.gov/Archives/edgar/data/1328581/000132858126000025/bccexhibit9916302026.htm,True,
DDD,2026-08-03 00:00:00,https://www.sec.gov/Archives/edgar/data/910638/000162828026051889/0001628280-26-051889-index.htm,8-K,8-K,https://www.sec.gov/Archives/edgar/data/910638/000162828026051889/ddd-20260803.htm,False,
DDD,2026-08-03 00:00:00,https://www.sec.gov/Archives/edgar/data/910638/000162828026051889/0001628280-26-051889-index.htm,EX-99.1,EX-99.1,https://www.sec.gov/Archives/edgar/data/910638/000162828026051889/a3dq22026earningsrelease.htm,False,
KFY,2026-08-03 00:00:00,https://www.sec.gov/Archives/edgar/data/56679/000119312526330632/0001193125-26-330632-index.htm,8-K,8-K,https://www.sec.gov/Archives/edgar/data/56679/000119312526330632/d927555d8k.htm,True,
MSBB,2026-08-03 00:00:00,https://www.sec.gov/Archives/edgar/data/1967306/000094337426000346/0000943374-26-000346-index.htm,8-K,CURRENT REPORT FILING,https://www.sec.gov/Archives/edgar/data/1967306/000094337426000346/msbb-20260803.htm,False,
JXN-PA,2026-08-03 00:00:00,https://www.sec.gov/Archives/edgar/data/1822993/000182299326000123/0001822993-26-000123-index.htm,8-K,8-K,https://www.sec.gov/Archives/edgar/data/1822993/000182299326000123/jxn-20260803.htm,False,
JXN-PA,2026-08-03 00:00:00,https://www.sec.gov/Archives/edgar/data/1822993/000182299326000123/0001822993-26-000123-index.htm,EX-99.1,EX-99.1,https://www.sec.gov/Archives/edgar/data/1822993/000182299326000123/exhibit991-2q26.htm,False,
JXN,2026-08-03 00:00:00,https://www.sec.gov/Archives/edgar/data/1822993/000182299326000123/0001822993-26-000123-index.htm,8-K,8-K,https://www.sec.gov/Archives/edgar/data/1822993/000182299326000123/jxn-20260803.htm,False,
JXN,2026-08-03 00:00:00,https://www.sec.gov/Archives/edgar/data/1822993/000182299326000123/0001822993-26-000123-index.htm,EX-99.1,EX-99.1,https://www.sec.gov/Archives/edgar/data/1822993/000182299326000123/exhibit991-2q26.htm,False,
CRD-B,2026-08-03 00:00:00,https://www.sec.gov/Archives/edgar/data/25475/000119312526330626/0001193125-26-330626-index.htm,8-K,8-K,https://www.sec.gov/Archives/edgar/data/25475/000119312526330626/crda-20260803.htm,False,
CRD-B,2026-08-03 00:00:00,https://www.sec.gov/Archives/edgar/data/25475/000119312526330626/0001193125-26-330626-index.htm,EX-99.1,EX-99.1,https://www.sec.gov/Archives/edgar/data/25475/000119312526330626/crda-ex99_1.htm,True,
CRD-A,2026-08-03 00:00:00,https://www.sec.gov/Archives/edgar/data/25475/000119312526330626/0001193125-26-330626-index.htm,8-K,8-K,https://www.sec.gov/Archives/edgar/data/25475/000119312526330626/crda-20260803.htm,False,
CRD-A,2026-08-03 00:00:00,https://www.sec.gov/Archives/edgar/data/25475/000119312526330626/0001193125-26-330626-index.htm,EX-99.1,EX-99.1,https://www.sec.gov/Archives/edgar/data/25475/000119312526330626/crda-ex99_1.htm,True,
WMB,2026-08-03 00:00:00,https://www.sec.gov/Archives/edgar/data/107263/000010726326000024/0000107263-26-000024-index.htm,8-K,8-K,https://www.sec.gov/Archives/edgar/data/107263/000010726326000024/wmb-20260803.htm,False,
WMB,2026-08-03 00:00:00,https://www.sec.gov/Archives/edgar/data/107263/000010726326000024/0000107263-26-000024-index.htm,EX-99.1,EX-99.1,https://www.sec.gov/Archives/edgar/data/107263/000010726326000024/wmb_20260630xer.htm,True,
IVT,2026-08-03 00:00:00,https://www.sec.gov/Archives/edgar/data/1307748/000130774826000197/0001307748-26-000197-index.htm,8-K,8-K - INVESTOR PRESENTATION AUGUST 2026,https://www.sec.gov/Archives/edgar/data/1307748/000130774826000197/ivtp-20260803.htm,False,
IVT,2026-08-03 00:00:00,https://www.sec.gov/Archives/edgar/data/1307748/000130774826000197/0001307748-26-000197-index.htm,EX-99.1,EX-99.1 - INVENTRUST PROPERTIES INVESTOR PRESENTATION,https://www.sec.gov/Archives/edgar/data/1307748/000130774826000197/investorpresentation_aug.htm,False,
GPOR,2026-08-03 00:00:00,https://www.sec.gov/Archives/edgar/data/874499/000121390026084634/0001213900-26-084634-index.htm,8-K,CURRENT REPORT,https://www.sec.gov/Archives/edgar/data/874499/000121390026084634/ea0300102-8k_gulfport.htm,False,
GPOR,2026-08-03 00:00:00,https://www.sec.gov/Archives/edgar/data/874499/000121390026084634/0001213900-26-084634-index.htm,EX-99.1,"PRESS RELEASE DATED AUGUST 3, 2026 ENTITLED ""GULFPORT ENERGY REPORTS SECOND QUAR",https://www.sec.gov/Archives/edgar/data/874499/000121390026084634/ea030010201ex99-1.htm,True,
NMFCZ,2026-08-03 00:00:00,https://www.sec.gov/Archives/edgar/data/1496099/000149609926000027/0001496099-26-000027-index.htm,8-K,8-K,https://www.sec.gov/Archives/edgar/data/1496099/000149609926000027/nmfc-20260803.htm,False,
NMFCZ,2026-08-03 00:00:00,https://www.sec.gov/Archives/edgar/data/1496099/000149609926000027/0001496099-26-000027-index.htm,EX-99.1,EX-99.1,https://www.sec.gov/Archives/edgar/data/1496099/000149609926000027/nmfcearningspressreleaseq2.htm,False,
NMFC,2026-08-03 00:00:00,https://www.sec.gov/Archives/edgar/data/1496099/000149609926000027/0001496099-26-000027-index.htm,8-K,8-K,https://www.sec.gov/Archives/edgar/data/1496099/000149609926000027/nmfc-20260803.htm,False,
NMFC,2026-08-03 00:00:00,https://www.sec.gov/Archives/edgar/data/1496099/000149609926000027/0001496099-26-000027-index.htm,EX-99.1,EX-99.1,https://www.sec.gov/Archives/edgar/data/1496099/000149609926000027/nmfcearningspressreleaseq2.htm,False,
NMFCL,2026-08-03 00:00:00,https://www.sec.gov/Archives/edgar/data/1496099/000149609926000027/0001496099-26-000027-index.htm,8-K,8-K,https://www.sec.gov/Archives/edgar/data/1496099/000149609926000027/nmfc-20260803.htm,False,
NMFCL,2026-08-03 00:00:00,https://www.sec.gov/Archives/edgar/data/1496099/000149609926000027/0001496099-26-000027-index.htm,EX-99.1,EX-99.1,https://www.sec.gov/Archives/edgar/data/1496099/000149609926000027/nmfcearningspressreleaseq2.htm,False,
UFCS,2026-08-03 00:00:00,https://www.sec.gov/Archives/edgar/data/101199/000010119926000049/0000101199-26-000049-index.htm,8-K,8-K,https://www.sec.gov/Archives/edgar/data/101199/000010119926000049/ufcs-20260803.htm,False,
UFCS,2026-08-03 00:00:00,https://www.sec.gov/Archives/edgar/data/101199/000010119926000049/0000101199-26-000049-index.htm,EX-99.1,EX-99.1,https://www.sec.gov/Archives/edgar/data/101199/000010119926000049/q22026-pressrelease.htm,False,
VOYG,2026-08-03 00:00:00,https://www.sec.gov/Archives/edgar/data/1788060/000162828026051870/0001628280-26-051870-index.htm,8-K,8-K,https://www.sec.gov/Archives/edgar/data/1788060/000162828026051870/voyg-20260803.htm,False,
VOYG,2026-08-03 00:00:00,https://www.sec.gov/Archives/edgar/data/1788060/000162828026051870/0001628280-26-051870-index.htm,EX-99.1,EX-99.1,https://www.sec.gov/Archives/edgar/data/1788060/000162828026051870/q22026-earningsreleasexex9.htm,True,
IBTA,2026-08-03 00:00:00,https://www.sec.gov/Archives/edgar/data/1538379/000162828026051867/0001628280-26-051867-index.htm,8-K,8-K,https://www.sec.gov/Archives/edgar/data/1538379/000162828026051867/ibta-20260803.htm,False,
IBTA,2026-08-03 00:00:00,https://www.sec.gov/Archives/edgar/data/1538379/000162828026051867/0001628280-26-051867-index.htm,EX-99.1,EX-99.1,https://www.sec.gov/Archives/edgar/data/1538379/000162828026051867/earningsrelease63026.htm,False,
CSR-PC,2026-08-03 00:00:00,https://www.sec.gov/Archives/edgar/data/798359/000079835926000079/0000798359-26-000079-index.htm,8-K,8-K,https://www.sec.gov/Archives/edgar/data/798359/000079835926000079/iret-20260803.htm,False,
CSR-PC,2026-08-03 00:00:00,https://www.sec.gov/Archives/edgar/data/798359/000079835926000079/0000798359-26-000079-index.htm,EX-99.1,EX-99.1,https://www.sec.gov/Archives/edgar/data/798359/000079835926000079/centerspace063026exhibit991.htm,False,
CSR,2026-08-03 00:00:00,https://www.sec.gov/Archives/edgar/data/798359/000079835926000079/0000798359-26-000079-index.htm,8-K,8-K,https://www.sec.gov/Archives/edgar/data/798359/000079835926000079/iret-20260803.htm,False,
CSR,2026-08-03 00:00:00,https://www.sec.gov/Archives/edgar/data/798359/000079835926000079/0000798359-26-000079-index.htm,EX-99.1,EX-99.1,https://www.sec.gov/Archives/edgar/data/798359/000079835926000079/centerspace063026exhibit991.htm,False,
DBO,2026-08-03 00:00:00,https://www.sec.gov/Archives/edgar/data/1383058/000119312526330606/0001193125-26-330606-index.htm,8-K,8-K,https://www.sec.gov/Archives/edgar/data/1367306/000119312526330606/d157919d8k.htm,False,
DBP,2026-08-03 00:00:00,https://www.sec.gov/Archives/edgar/data/1383057/000119312526330606/0001193125-26-330606-index.htm,8-K,8-K,https://www.sec.gov/Archives/edgar/data/1367306/000119312526330606/d157919d8k.htm,False,
None,2026-08-03 00:00:00,https://www.sec.gov/Archives/edgar/data/1367306/000119312526330606/0001193125-26-330606-index.htm,8-K,8-K,https://www.sec.gov/Archives/edgar/data/1367306/000119312526330606/d157919d8k.htm,False,
DBB,2026-08-03 00:00:00,https://www.sec.gov/Archives/edgar/data/1383084/000119312526330606/0001193125-26-330606-index.htm,8-K,8-K,https://www.sec.gov/Archives/edgar/data/1367306/000119312526330606/d157919d8k.htm,False,
DBA,2026-08-03 00:00:00,https://www.sec.gov/Archives/edgar/data/1383082/000119312526330606/0001193125-26-330606-index.htm,8-K,8-K,https://www.sec.gov/Archives/edgar/data/1367306/000119312526330606/d157919d8k.htm,False,
DBE,2026-08-03 00:00:00,https://www.sec.gov/Archives/edgar/data/1383062/000119312526330606/0001193125-26-330606-index.htm,8-K,8-K,https://www.sec.gov/Archives/edgar/data/1367306/000119312526330606/d157919d8k.htm,False,
RAIL,2026-08-03 00:00:00,https://www.sec.gov/Archives/edgar/data/1320854/000119312526330605/0001193125-26-330605-index.htm,8-K,8-K,https://www.sec.gov/Archives/edgar/data/1320854/000119312526330605/rail-20260803.htm,False,
RAIL,2026-08-03 00:00:00,https://www.sec.gov/Archives/edgar/data/1320854/000119312526330605/0001193125-26-330605-index.htm,EX-99.1,EX-99.1,https://www.sec.gov/Archives/edgar/data/1320854/000119312526330605/rail-ex99_1.htm,True,
WEC,2026-08-03 00:00:00,https://www.sec.gov/Archives/edgar/data/783325/000078332526000084/0000783325-26-000084-index.htm,8-K,8-K,https://www.sec.gov/Archives/edgar/data/783325/000078332526000084/wec-20260803.htm,False,
WEC,2026-08-03 00:00:00,https://www.sec.gov/Archives/edgar/data/783325/000078332526000084/0000783325-26-000084-index.htm,EX-99.1,EX-99.1,https://www.sec.gov/Archives/edgar/data/783325/000078332526000084/a082026augustfinal.htm,False,
CRUS,2026-08-03 00:00:00,https://www.sec.gov/Archives/edgar/data/772406/000077240626000031/0000772406-26-000031-index.htm,8-K,8-K,https://www.sec.gov/Archives/edgar/data/772406/000077240626000031/crus-20260731.htm,False,
BRCC,2026-08-03 00:00:00,https://www.sec.gov/Archives/edgar/data/1891101/000189110126000037/0001891101-26-000037-index.htm,8-K,8-K,https://www.sec.gov/Archives/edgar/data/1891101/000189110126000037/brcc-20260803.htm,False,
BRCC,2026-08-03 00:00:00,https://www.sec.gov/Archives/edgar/data/1891101/000189110126000037/0001891101-26-000037-index.htm,EX-99.1,EX-99.1,https://www.sec.gov/Archives/edgar/data/1891101/000189110126000037/brcinc_exhibit991xq22026.htm,False,
RNAZ,2026-08-03 00:00:00,https://www.sec.gov/Archives/edgar/data/1829635/000110465926089805/0001104659-26-089805-index.htm,8-K,FORM 8-K,https://www.sec.gov/Archives/edgar/data/1829635/000110465926089805/tm2622073d1_8k.htm,False,
BL,2026-08-03 00:00:00,https://www.sec.gov/Archives/edgar/data/1666134/000162828026051856/0001628280-26-051856-index.htm,8-K,8-K,https://www.sec.gov/Archives/edgar/data/1666134/000162828026051856/bl-20260731.htm,False,
BL,2026-08-03 00:00:00,https://www.sec.gov/Archives/edgar/data/1666134/000162828026051856/0001628280-26-051856-index.htm,EX-10.1,EX-10.1,https://www.sec.gov/Archives/edgar/data/1666134/000162828026051856/ex10120260731consultingagr.htm,False,
BSAI,2026-08-03 00:00:00,https://www.sec.gov/Archives/edgar/data/1416090/000149315226035832/0001493152-26-035832-index.htm,8-K,8-K,https://www.sec.gov/Archives/edgar/data/1416090/000149315226035832/form8-k.htm,False,
IMII,2026-08-03 00:00:00,https://www.sec.gov/Archives/edgar/data/1416090/000149315226035832/0001493152-26-035832-index.htm,8-K,8-K,https://www.sec.gov/Archives/edgar/data/1416090/000149315226035832/form8-k.htm,False,
CTAS,2026-08-03 00:00:00,https://www.sec.gov/Archives/edgar/data/723254/000095010326011666/0000950103-26-011666-index.htm,8-K,FORM 8-K,https://www.sec.gov/Archives/edgar/data/723254/000095010326011666/dp251069_8k.htm,False,
BEATW,2026-08-03 00:00:00,https://www.sec.gov/Archives/edgar/data/1779372/000121390026084622/0001213900-26-084622-index.htm,8-K,CURRENT REPORT,https://www.sec.gov/Archives/edgar/data/1779372/000121390026084622/ea0300304-8k_heartbeam.htm,False,
BEAT,2026-08-03 00:00:00,https://www.sec.gov/Archives/edgar/data/1779372/000121390026084622/0001213900-26-084622-index.htm,8-K,CURRENT REPORT,https://www.sec.gov/Archives/edgar/data/1779372/000121390026084622/ea0300304-8k_heartbeam.htm,False,
WHR,2026-08-03 00:00:00,https://www.sec.gov/Archives/edgar/data/106640/000010664026000056/0000106640-26-000056-index.htm,8-K,8-K,https://www.sec.gov/Archives/edgar/data/106640/000010664026000056/whr-20260803.htm,False,
WHR,2026-08-03 00:00:00,https://www.sec.gov/Archives/edgar/data/106640/000010664026000056/0000106640-26-000056-index.htm,EX-99.1,EX-99.1,https://www.sec.gov/Archives/edgar/data/106640/000010664026000056/exhibit991pressrelease0630.htm,False,
CATX,2026-08-03 00:00:00,https://www.sec.gov/Archives/edgar/data/728387/000119312526330599/0001193125-26-330599-index.htm,8-K,8-K,https://www.sec.gov/Archives/edgar/data/728387/000119312526330599/catx-20260803.htm,False,
CATX,2026-08-03 00:00:00,https://www.sec.gov/Archives/edgar/data/728387/000119312526330599/0001193125-26-330599-index.htm,EX-99.1,EX-99.1,https://www.sec.gov/Archives/edgar/data/728387/000119312526330599/catx-ex99_1.htm,False,
ISR,2026-08-03 00:00:00,https://www.sec.gov/Archives/edgar/data/728387/000119312526330599/0001193125-26-330599-index.htm,8-K,8-K,https://www.sec.gov/Archives/edgar/data/728387/000119312526330599/catx-20260803.htm,False,
ISR,2026-08-03 00:00:00,https://www.sec.gov/Archives/edgar/data/728387/000119312526330599/0001193125-26-330599-index.htm,EX-99.1,EX-99.1,https://www.sec.gov/Archives/edgar/data/728387/000119312526330599/catx-ex99_1.htm,False,
PMGM,2026-08-03 00:00:00,https://www.sec.gov/Archives/edgar/data/1837607/000183760726000057/0001837607-26-000057-index.htm,8-K,8-K,https://www.sec.gov/Archives/edgar/data/1837607/000183760726000057/aeon-20260803x8k.htm,False,
PMGM,2026-08-03 00:00:00,https://www.sec.gov/Archives/edgar/data/1837607/000183760726000057/0001837607-26-000057-index.htm,EX-99.1,EX-99.1,https://www.sec.gov/Archives/edgar/data/1837607/000183760726000057/aeon-20260803xex99d1.htm,False,
PMGMW,2026-08-03 00:00:00,https://www.sec.gov/Archives/edgar/data/1837607/000183760726000057/0001837607-26-000057-index.htm,8-K,8-K,https://www.sec.gov/Archives/edgar/data/1837607/000183760726000057/aeon-20260803x8k.htm,False,
PMGMW,2026-08-03 00:00:00,https://www.sec.gov/Archives/edgar/data/1837607/000183760726000057/0001837607-26-000057-index.htm,EX-99.1,EX-99.1,https://www.sec.gov/Archives/edgar/data/1837607/000183760726000057/aeon-20260803xex99d1.htm,False,
PMGMU,2026-08-03 00:00:00,https://www.sec.gov/Archives/edgar/data/1837607/000183760726000057/0001837607-26-000057-index.htm,8-K,8-K,https://www.sec.gov/Archives/edgar/data/1837607/000183760726000057/aeon-20260803x8k.htm,False,
PMGMU,2026-08-03 00:00:00,https://www.sec.gov/Archives/edgar/data/1837607/000183760726000057/0001837607-26-000057-index.htm,EX-99.1,EX-99.1,https://www.sec.gov/Archives/edgar/data/1837607/000183760726000057/aeon-20260803xex99d1.htm,False,
OPAD-WT,2026-08-03 00:00:00,https://www.sec.gov/Archives/edgar/data/1825024/000119312526330597/0001193125-26-330597-index.htm,8-K,8-K,https://www.sec.gov/Archives/edgar/data/1825024/000119312526330597/opad-20260803.htm,False,
OPAD-WT,2026-08-03 00:00:00,https://www.sec.gov/Archives/edgar/data/1825024/000119312526330597/0001193125-26-330597-index.htm,EX-99.1,EX-99.1,https://www.sec.gov/Archives/edgar/data/1825024/000119312526330597/opad-ex99_1.htm,True,
OPAD,2026-08-03 00:00:00,https://www.sec.gov/Archives/edgar/data/1825024/000119312526330597/0001193125-26-330597-index.htm,8-K,8-K,https://www.sec.gov/Archives/edgar/data/1825024/000119312526330597/opad-20260803.htm,False,
OPAD,2026-08-03 00:00:00,https://www.sec.gov/Archives/edgar/data/1825024/000119312526330597/0001193125-26-330597-index.htm,EX-99.1,EX-99.1,https://www.sec.gov/Archives/edgar/data/1825024/000119312526330597/opad-ex99_1.htm,True,
SPNV-UN,2026-08-03 00:00:00,https://www.sec.gov/Archives/edgar/data/1825024/000119312526330597/0001193125-26-330597-index.htm,8-K,8-K,https://www.sec.gov/Archives/edgar/data/1825024/000119312526330597/opad-20260803.htm,False,
SPNV-UN,2026-08-03 00:00:00,https://www.sec.gov/Archives/edgar/data/1825024/000119312526330597/0001193125-26-330597-index.htm,EX-99.1,EX-99.1,https://www.sec.gov/Archives/edgar/data/1825024/000119312526330597/opad-ex99_1.htm,True,
SPNV,2026-08-03 00:00:00,https://www.sec.gov/Archives/edgar/data/1825024/000119312526330597/0001193125-26-330597-index.htm,8-K,8-K,https://www.sec.gov/Archives/edgar/data/1825024/000119312526330597/opad-20260803.htm,False,
SPNV,2026-08-03 00:00:00,https://www.sec.gov/Archives/edgar/data/1825024/000119312526330597/0001193125-26-330597-index.htm,EX-99.1,EX-99.1,https://www.sec.gov/Archives/edgar/data/1825024/000119312526330597/opad-ex99_1.htm,True,
VERX,2026-08-03 00:00:00,https://www.sec.gov/Archives/edgar/data/1806837/000110465926089802/0001104659-26-089802-index.htm,8-K,8-K,https://www.sec.gov/Archives/edgar/data/1806837/000110465926089802/verx-20260803x8k.htm,False,
VERX,2026-08-03 00:00:00,https://www.sec.gov/Archives/edgar/data/1806837/000110465926089802/0001104659-26-089802-index.htm,EX-99.1,EX-99.1,https://www.sec.gov/Archives/edgar/data/1806837/000110465926089802/verx-20260803xex99d1.htm,False,
UCTT,2026-08-03 00:00:00,https://www.sec.gov/Archives/edgar/data/1275014/000162828026051853/0001628280-26-051853-index.htm,8-K,8-K,https://www.sec.gov/Archives/edgar/data/1275014/000162828026051853/uctt-20260803.htm,False,
UCTT,2026-08-03 00:00:00,https://www.sec.gov/Archives/edgar/data/1275014/000162828026051853/0001628280-26-051853-index.htm,EX-99.1,EX-99.1,https://www.sec.gov/Archives/edgar/data/1275014/000162828026051853/q22026pressrelease.htm,True,
WGSWW,2026-08-03 00:00:00,https://www.sec.gov/Archives/edgar/data/1818331/000162828026051852/0001628280-26-051852-index.htm,8-K,8-K,https://www.sec.gov/Archives/edgar/data/1818331/000162828026051852/wgs-20260803.htm,False,
WGSWW,2026-08-03 00:00:00,https://www.sec.gov/Archives/edgar/data/1818331/000162828026051852/0001628280-26-051852-index.htm,EX-99.1,EX-99.1,https://www.sec.gov/Archives/edgar/data/1818331/000162828026051852/exhibit991-q22026pressrele.htm,True,
WGS,2026-08-03 00:00:00,https://www.sec.gov/Archives/edgar/data/1818331/000162828026051852/0001628280-26-051852-index.htm,8-K,8-K,https://www.sec.gov/Archives/edgar/data/1818331/000162828026051852/wgs-20260803.htm,False,
WGS,2026-08-03 00:00:00,https://www.sec.gov/Archives/edgar/data/1818331/000162828026051852/0001628280-26-051852-index.htm,EX-99.1,EX-99.1,https://www.sec.gov/Archives/edgar/data/1818331/000162828026051852/exhibit991-q22026pressrele.htm,True,
SMFR,2026-08-03 00:00:00,https://www.sec.gov/Archives/edgar/data/1818331/000162828026051852/0001628280-26-051852-index.htm,8-K,8-K,https://www.sec.gov/Archives/edgar/data/1818331/000162828026051852/wgs-20260803.htm,False,
SMFR,2026-08-03 00:00:00,https://www.sec.gov/Archives/edgar/data/1818331/000162828026051852/0001628280-26-051852-index.htm,EX-99.1,EX-99.1,https://www.sec.gov/Archives/edgar/data/1818331/000162828026051852/exhibit991-q22026pressrele.htm,True,
SMFRW,2026-08-03 00:00:00,https://www.sec.gov/Archives/edgar/data/1818331/000162828026051852/0001628280-26-051852-index.htm,8-K,8-K,https://www.sec.gov/Archives/edgar/data/1818331/000162828026051852/wgs-20260803.htm,False,
SMFRW,2026-08-03 00:00:00,https://www.sec.gov/Archives/edgar/data/1818331/000162828026051852/0001628280-26-051852-index.htm,EX-99.1,EX-99.1,https://www.sec.gov/Archives/edgar/data/1818331/000162828026051852/exhibit991-q22026pressrele.htm,True,
CMLFU,2026-08-03 00:00:00,https://www.sec.gov/Archives/edgar/data/1818331/000162828026051852/0001628280-26-051852-index.htm,8-K,8-K,https://www.sec.gov/Archives/edgar/data/1818331/000162828026051852/wgs-20260803.htm,False,
CMLFU,2026-08-03 00:00:00,https://www.sec.gov/Archives/edgar/data/1818331/000162828026051852/0001628280-26-051852-index.htm,EX-99.1,EX-99.1,https://www.sec.gov/Archives/edgar/data/1818331/000162828026051852/exhibit991-q22026pressrele.htm,True,
CMLF,2026-08-03 00:00:00,https://www.sec.gov/Archives/edgar/data/1818331/000162828026051852/0001628280-26-051852-index.htm,8-K,8-K,https://www.sec.gov/Archives/edgar/data/1818331/000162828026051852/wgs-20260803.htm,False,
CMLF,2026-08-03 00:00:00,https://www.sec.gov/Archives/edgar/data/1818331/000162828026051852/0001628280-26-051852-index.htm,EX-99.1,EX-99.1,https://www.sec.gov/Archives/edgar/data/1818331/000162828026051852/exhibit991-q22026pressrele.htm,True,
TMST,2026-08-03 00:00:00,https://www.sec.gov/Archives/edgar/data/1598428/000119312526330589/0001193125-26-330589-index.htm,8-K,8-K,https://www.sec.gov/Archives/edgar/data/1598428/000119312526330589/mtus-20260803.htm,False,
TMST,2026-08-03 00:00:00,https://www.sec.gov/Archives/edgar/data/1598428/000119312526330589/0001193125-26-330589-index.htm,EX-99.1,EX-99.1,https://www.sec.gov/Archives/edgar/data/1598428/000119312526330589/mtus-ex99_1.htm,True,
DBC,2026-08-03 00:00:00,https://www.sec.gov/Archives/edgar/data/1328237/000119312526330591/0001193125-26-330591-index.htm,8-K,8-K,https://www.sec.gov/Archives/edgar/data/1328237/000119312526330591/d157742d8k.htm,False,
MTUS,2026-08-03 00:00:00,https://www.sec.gov/Archives/edgar/data/1598428/000119312526330589/0001193125-26-330589-index.htm,8-K,8-K,https://www.sec.gov/Archives/edgar/data/1598428/000119312526330589/mtus-20260803.htm,False,
MTUS,2026-08-03 00:00:00,https://www.sec.gov/Archives/edgar/data/1598428/000119312526330589/0001193125-26-330589-index.htm,EX-99.1,EX-99.1,https://www.sec.gov/Archives/edgar/data/1598428/000119312526330589/mtus-ex99_1.htm,True,
CTOS-WT,2026-08-03 00:00:00,https://www.sec.gov/Archives/edgar/data/1709682/000170968226000039/0001709682-26-000039-index.htm,8-K,8-K,https://www.sec.gov/Archives/edgar/data/1709682/000170968226000039/ctos-20260803.htm,False,
CTOS-WT,2026-08-03 00:00:00,https://www.sec.gov/Archives/edgar/data/1709682/000170968226000039/0001709682-26-000039-index.htm,EX-99.1,EX-99.1,https://www.sec.gov/Archives/edgar/data/1709682/000170968226000039/ex991q22026pressrelease.htm,True,
CTOS,2026-08-03 00:00:00,https://www.sec.gov/Archives/edgar/data/1709682/000170968226000039/0001709682-26-000039-index.htm,8-K,8-K,https://www.sec.gov/Archives/edgar/data/1709682/000170968226000039/ctos-20260803.htm,False,
CTOS,2026-08-03 00:00:00,https://www.sec.gov/Archives/edgar/data/1709682/000170968226000039/0001709682-26-000039-index.htm,EX-99.1,EX-99.1,https://www.sec.gov/Archives/edgar/data/1709682/000170968226000039/ex991q22026pressrelease.htm,True,
PAY,2026-08-03 00:00:00,https://www.sec.gov/Archives/edgar/data/1841156/000119312526330585/0001193125-26-330585-index.htm,8-K,8-K,https://www.sec.gov/Archives/edgar/data/1841156/000119312526330585/pay-20260803.htm,False,
PAY,2026-08-03 00:00:00,https://www.sec.gov/Archives/edgar/data/1841156/000119312526330585/0001193125-26-330585-index.htm,EX-99.1,EX-99.1,https://www.sec.gov/Archives/edgar/data/1841156/000119312526330585/pay-ex99_1.htm,False,
OAK-PA,2026-08-03 00:00:00,https://www.sec.gov/Archives/edgar/data/1403528/000140352826000068/0001403528-26-000068-index.htm,8-K,8-K,https://www.sec.gov/Archives/edgar/data/1403528/000140352826000068/oak-20260731.htm,False,
OAK-PB,2026-08-03 00:00:00,https://www.sec.gov/Archives/edgar/data/1403528/000140352826000068/0001403528-26-000068-index.htm,8-K,8-K,https://www.sec.gov/Archives/edgar/data/1403528/000140352826000068/oak-20260731.htm,False,
IIPR-PA,2026-08-03 00:00:00,https://www.sec.gov/Archives/edgar/data/1677576/000167757626000003/0001677576-26-000003-index.htm,8-K,8-K,https://www.sec.gov/Archives/edgar/data/1677576/000167757626000003/iipr-20260803.htm,False,
IIPR-PA,2026-08-03 00:00:00,https://www.sec.gov/Archives/edgar/data/1677576/000167757626000003/0001677576-26-000003-index.htm,EX-99.1,EX-99.1,https://www.sec.gov/Archives/edgar/data/1677576/000167757626000003/iipr-20260803xexx991.htm,True,
IIPR,2026-08-03 00:00:00,https://www.sec.gov/Archives/edgar/data/1677576/000167757626000003/0001677576-26-000003-index.htm,8-K,8-K,https://www.sec.gov/Archives/edgar/data/1677576/000167757626000003/iipr-20260803.htm,False,
IIPR,2026-08-03 00:00:00,https://www.sec.gov/Archives/edgar/data/1677576/000167757626000003/0001677576-26-000003-index.htm,EX-99.1,EX-99.1,https://www.sec.gov/Archives/edgar/data/1677576/000167757626000003/iipr-20260803xexx991.htm,True,
GBTG-WT,2026-08-03 00:00:00,https://www.sec.gov/Archives/edgar/data/1820872/000114036126030979/0001140361-26-030979-index.htm,8-K,8-K,https://www.sec.gov/Archives/edgar/data/1820872/000114036126030979/ef20079327_8k.htm,False,
GBTG,2026-08-03 00:00:00,https://www.sec.gov/Archives/edgar/data/1820872/000114036126030979/0001140361-26-030979-index.htm,8-K,8-K,https://www.sec.gov/Archives/edgar/data/1820872/000114036126030979/ef20079327_8k.htm,False,
APSG,2026-08-03 00:00:00,https://www.sec.gov/Archives/edgar/data/1820872/000114036126030979/0001140361-26-030979-index.htm,8-K,8-K,https://www.sec.gov/Archives/edgar/data/1820872/000114036126030979/ef20079327_8k.htm,False,
APSG-UN,2026-08-03 00:00:00,https://www.sec.gov/Archives/edgar/data/1820872/000114036126030979/0001140361-26-030979-index.htm,8-K,8-K,https://www.sec.gov/Archives/edgar/data/1820872/000114036126030979/ef20079327_8k.htm,False,
KMI,2026-08-03 00:00:00,https://www.sec.gov/Archives/edgar/data/1506307/000110465926089797/0001104659-26-089797-index.htm,8-K,FORM 8-K,https://www.sec.gov/Archives/edgar/data/1506307/000110465926089797/tm2622061d1_8k.htm,False,
EP-PC,2026-08-03 00:00:00,https://www.sec.gov/Archives/edgar/data/1506307/000110465926089797/0001104659-26-089797-index.htm,8-K,FORM 8-K,https://www.sec.gov/Archives/edgar/data/1506307/000110465926089797/tm2622061d1_8k.htm,False,
SNAP,2026-08-03 00:00:00,https://www.sec.gov/Archives/edgar/data/1564408/000156440826000047/0001564408-26-000047-index.htm,8-K,8-K,https://www.sec.gov/Archives/edgar/data/1564408/000156440826000047/snap-20260803.htm,False,
SNAP,2026-08-03 00:00:00,https://www.sec.gov/Archives/edgar/data/1564408/000156440826000047/0001564408-26-000047-index.htm,EX-99.1,EX-99.1,https://www.sec.gov/Archives/edgar/data/1564408/000156440826000047/snap-20260803xexx991pressr.htm,False,
None,2026-08-03 00:00:00,https://www.sec.gov/Archives/edgar/data/1371571/000119312526330579/0001193125-26-330579-index.htm,8-K,8-K,https://www.sec.gov/Archives/edgar/data/1371571/000119312526330579/d157396d8k.htm,False,
UDN,2026-08-03 00:00:00,https://www.sec.gov/Archives/edgar/data/1383149/000119312526330579/0001193125-26-330579-index.htm,8-K,8-K,https://www.sec.gov/Archives/edgar/data/1371571/000119312526330579/d157396d8k.htm,False,
UUP,2026-08-03 00:00:00,https://www.sec.gov/Archives/edgar/data/1383151/000119312526330579/0001193125-26-330579-index.htm,8-K,8-K,https://www.sec.gov/Archives/edgar/data/1371571/000119312526330579/d157396d8k.htm,False,
UFPT,2026-08-03 00:00:00,https://www.sec.gov/Archives/edgar/data/914156/000162828026051846/0001628280-26-051846-index.htm,8-K,8-K,https://www.sec.gov/Archives/edgar/data/914156/000162828026051846/ufpt-20260803.htm,False,
UFPT,2026-08-03 00:00:00,https://www.sec.gov/Archives/edgar/data/914156/000162828026051846/0001628280-26-051846-index.htm,EX-99.1,EX-99.1,https://www.sec.gov/Archives/edgar/data/914156/000162828026051846/ufpt-20260803x8kxexx991.htm,False,
MED,2026-08-03 00:00:00,https://www.sec.gov/Archives/edgar/data/910329/000162828026051845/0001628280-26-051845-index.htm,8-K,8-K,https://www.sec.gov/Archives/edgar/data/910329/000162828026051845/med-20260803.htm,False,
MED,2026-08-03 00:00:00,https://www.sec.gov/Archives/edgar/data/910329/000162828026051845/0001628280-26-051845-index.htm,EX-99.1,EX-99.1,https://www.sec.gov/Archives/edgar/data/910329/000162828026051845/medq22026earningsrelease.htm,False,
CLX,2026-08-03 00:00:00,https://www.sec.gov/Archives/edgar/data/21076/000002107626000028/0000021076-26-000028-index.htm,8-K,8-K,https://www.sec.gov/Archives/edgar/data/21076/000002107626000028/clx-20260803.htm,False,
CLX,2026-08-03 00:00:00,https://www.sec.gov/Archives/edgar/data/21076/000002107626000028/0000021076-26-000028-index.htm,EX-99.1,EX-99.1,https://www.sec.gov/Archives/edgar/data/21076/000002107626000028/ex991-pressreleasedatedaug.htm,False,
SIBN,2026-08-03 00:00:00,https://www.sec.gov/Archives/edgar/data/1459839/000145983926000066/0001459839-26-000066-index.htm,8-K,8-K,https://www.sec.gov/Archives/edgar/data/1459839/000145983926000066/sibn-20260803.htm,False,
SIBN,2026-08-03 00:00:00,https://www.sec.gov/Archives/edgar/data/1459839/000145983926000066/0001459839-26-000066-index.htm,EX-99.1,EX-99.1,https://www.sec.gov/Archives/edgar/data/1459839/000145983926000066/exhibit991_q226earningsrel.htm,False,
VTS,2026-08-03 00:00:00,https://www.sec.gov/Archives/edgar/data/1944558/000194455826000045/0001944558-26-000045-index.htm,8-K,8-K,https://www.sec.gov/Archives/edgar/data/1944558/000194455826000045/vitesse-20260803.htm,False,
VTS,2026-08-03 00:00:00,https://www.sec.gov/Archives/edgar/data/1944558/000194455826000045/0001944558-26-000045-index.htm,EX-99.1,EX-99.1,https://www.sec.gov/Archives/edgar/data/1944558/000194455826000045/a2q2026earningspressreleas.htm,True,
None,2026-08-03 00:00:00,https://www.sec.gov/Archives/edgar/data/2074409/000119312526330571/0001193125-26-330571-index.htm,8-K,8-K,https://www.sec.gov/Archives/edgar/data/2074409/000119312526330571/d156142d8k.htm,False,
BLNE,2026-08-03 00:00:00,https://www.sec.gov/Archives/edgar/data/1534708/000149315226035827/0001493152-26-035827-index.htm,8-K,8-K,https://www.sec.gov/Archives/edgar/data/1534708/000149315226035827/form8-k.htm,True,
BLNE,2026-08-03 00:00:00,https://www.sec.gov/Archives/edgar/data/1534708/000149315226035827/0001493152-26-035827-index.htm,EX-10.1,EX-10.1,https://www.sec.gov/Archives/edgar/data/1534708/000149315226035827/ex10-1.htm,False,
BLNE,2026-08-03 00:00:00,https://www.sec.gov/Archives/edgar/data/1534708/000149315226035827/0001493152-26-035827-index.htm,EX-99.1,EX-99.1,https://www.sec.gov/Archives/edgar/data/1534708/000149315226035827/ex99-1.htm,False,
EAST,2026-08-03 00:00:00,https://www.sec.gov/Archives/edgar/data/1534708/000149315226035827/0001493152-26-035827-index.htm,8-K,8-K,https://www.sec.gov/Archives/edgar/data/1534708/000149315226035827/form8-k.htm,True,
EAST,2026-08-03 00:00:00,https://www.sec.gov/Archives/edgar/data/1534708/000149315226035827/0001493152-26-035827-index.htm,EX-10.1,EX-10.1,https://www.sec.gov/Archives/edgar/data/1534708/000149315226035827/ex10-1.htm,False,
EAST,2026-08-03 00:00:00,https://www.sec.gov/Archives/edgar/data/1534708/000149315226035827/0001493152-26-035827-index.htm,EX-99.1,EX-99.1,https://www.sec.gov/Archives/edgar/data/1534708/000149315226035827/ex99-1.htm,False,
SITC-PA,2026-08-03 00:00:00,https://www.sec.gov/Archives/edgar/data/894315/000119312526330569/0001193125-26-330569-index.htm,8-K,8-K,https://www.sec.gov/Archives/edgar/data/894315/000119312526330569/sitc-20260803.htm,False,
SITC-PA,2026-08-03 00:00:00,https://www.sec.gov/Archives/edgar/data/894315/000119312526330569/0001193125-26-330569-index.htm,EX-99.1,EX-99.1,https://www.sec.gov/Archives/edgar/data/894315/000119312526330569/sitc-ex99_1.htm,False,
None,2026-08-03 00:00:00,https://www.sec.gov/Archives/edgar/data/2114229/000121390026084616/0001213900-26-084616-index.htm,8-K,CURRENT REPORT,https://www.sec.gov/Archives/edgar/data/2114229/000121390026084616/ea0300086-8k_churchill13.htm,True,
None,2026-08-03 00:00:00,https://www.sec.gov/Archives/edgar/data/2114229/000121390026084616/0001213900-26-084616-index.htm,EX-10.1,"INVESTMENT MANAGEMENT TRUST AGREEMENT, DATED JULY 30, 2026, BY AND BETWEEN THE C",https://www.sec.gov/Archives/edgar/data/2114229/000121390026084616/ea030008601ex10-1.htm,False,
None,2026-08-03 00:00:00,https://www.sec.gov/Archives/edgar/data/2114229/000121390026084616/0001213900-26-084616-index.htm,EX-10.2,"REGISTRATION RIGHTS AGREEMENT, DATED JULY 30, 2026, BY AND AMONG THE COMPANY AND",https://www.sec.gov/Archives/edgar/data/2114229/000121390026084616/ea030008601ex10-2.htm,False,
None,2026-08-03 00:00:00,https://www.sec.gov/Archives/edgar/data/2114229/000121390026084616/0001213900-26-084616-index.htm,EX-99.1,"PRESS RELEASE, DATED JULY 30, 2026",https://www.sec.gov/Archives/edgar/data/2114229/000121390026084616/ea030008601ex99-1.htm,False,
SITC,2026-08-03 00:00:00,https://www.sec.gov/Archives/edgar/data/894315/000119312526330569/0001193125-26-330569-index.htm,8-K,8-K,https://www.sec.gov/Archives/edgar/data/894315/000119312526330569/sitc-20260803.htm,False,
SITC,2026-08-03 00:00:00,https://www.sec.gov/Archives/edgar/data/894315/000119312526330569/0001193125-26-330569-index.htm,EX-99.1,EX-99.1,https://www.sec.gov/Archives/edgar/data/894315/000119312526330569/sitc-ex99_1.htm,False,
MATX,2026-08-03 00:00:00,https://www.sec.gov/Archives/edgar/data/3453/000110465926089794/0001104659-26-089794-index.htm,8-K,8-K,https://www.sec.gov/Archives/edgar/data/3453/000110465926089794/matx-20260803x8k.htm,False,
MATX,2026-08-03 00:00:00,https://www.sec.gov/Archives/edgar/data/3453/000110465926089794/0001104659-26-089794-index.htm,EX-99.1,EX-99.1,https://www.sec.gov/Archives/edgar/data/3453/000110465926089794/matx-20260803xex99d1.htm,True,
ORIC,2026-08-03 00:00:00,https://www.sec.gov/Archives/edgar/data/1796280/000119312526330568/0001193125-26-330568-index.htm,8-K,8-K,https://www.sec.gov/Archives/edgar/data/1796280/000119312526330568/oric-20260803.htm,False,
ORIC,2026-08-03 00:00:00,https://www.sec.gov/Archives/edgar/data/1796280/000119312526330568/0001193125-26-330568-index.htm,EX-99.1,EX-99.1,https://www.sec.gov/Archives/edgar/data/1796280/000119312526330568/oric-ex99_1.htm,False,
IAC,2026-08-03 00:00:00,https://www.sec.gov/Archives/edgar/data/1800227/000162828026051836/0001628280-26-051836-index.htm,8-K,8-K,https://www.sec.gov/Archives/edgar/data/1800227/000162828026051836/ppli-20260801.htm,False,
IAC,2026-08-03 00:00:00,https://www.sec.gov/Archives/edgar/data/1800227/000162828026051836/0001628280-26-051836-index.htm,EX-10.1,EX-10.1,https://www.sec.gov/Archives/edgar/data/1800227/000162828026051836/ex_101vogelemploymentagree.htm,False,
IAC,2026-08-03 00:00:00,https://www.sec.gov/Archives/edgar/data/1800227/000162828026051836/0001628280-26-051836-index.htm,EX-10.2,EX-10.2,https://www.sec.gov/Archives/edgar/data/1800227/000162828026051836/ex_102quinnemploymentagree.htm,False,
IAC,2026-08-03 00:00:00,https://www.sec.gov/Archives/edgar/data/1800227/000162828026051836/0001628280-26-051836-index.htm,EX-99.1,EX-99.1,https://www.sec.gov/Archives/edgar/data/1800227/000162828026051836/ex_991q22026ppli-pressrele.htm,True,
VRTX,2026-08-03 00:00:00,https://www.sec.gov/Archives/edgar/data/875320/000087532026000256/0000875320-26-000256-index.htm,8-K,8-K,https://www.sec.gov/Archives/edgar/data/875320/000087532026000256/vrtx-20260803.htm,False,
VRTX,2026-08-03 00:00:00,https://www.sec.gov/Archives/edgar/data/875320/000087532026000256/0000875320-26-000256-index.htm,EX-99.1,EX-99.1,https://www.sec.gov/Archives/edgar/data/875320/000087532026000256/ex-991_q22026.htm,False,
BTCO,2026-08-03 00:00:00,https://www.sec.gov/Archives/edgar/data/1855781/000119312526330566/0001193125-26-330566-index.htm,8-K,8-K,https://www.sec.gov/Archives/edgar/data/1855781/000119312526330566/d154882d8k.htm,False,
CRNX,2026-08-03 00:00:00,https://www.sec.gov/Archives/edgar/data/1658247/000165824726000052/0001658247-26-000052-index.htm,8-K,8-K,https://www.sec.gov/Archives/edgar/data/1658247/000165824726000052/crnx-20260803.htm,False,
CRNX,2026-08-03 00:00:00,https://www.sec.gov/Archives/edgar/data/1658247/000165824726000052/0001658247-26-000052-index.htm,EX-99.1,EX-99.1,https://www.sec.gov/Archives/edgar/data/1658247/000165824726000052/crnxq226earningspr.htm,False,
BBY,2026-08-03 00:00:00,https://www.sec.gov/Archives/edgar/data/764478/000076447826000034/0000764478-26-000034-index.htm,8-K,8-K,https://www.sec.gov/Archives/edgar/data/764478/000076447826000034/bby-20260801.htm,False,
BBY,2026-08-03 00:00:00,https://www.sec.gov/Archives/edgar/data/764478/000076447826000034/0000764478-26-000034-index.htm,EX-99.1,EX-99.1,https://www.sec.gov/Archives/edgar/data/764478/000076447826000034/exhibit991newsrelease803.htm,False,
TKO,2026-08-03 00:00:00,https://www.sec.gov/Archives/edgar/data/1973266/000119312526330561/0001193125-26-330561-index.htm,8-K,8-K,https://www.sec.gov/Archives/edgar/data/1973266/000119312526330561/tko-20260803.htm,False,
TKO,2026-08-03 00:00:00,https://www.sec.gov/Archives/edgar/data/1973266/000119312526330561/0001193125-26-330561-index.htm,EX-99.1,EX-99.1,https://www.sec.gov/Archives/edgar/data/1973266/000119312526330561/tko-ex99_1.htm,False,
QETH,2026-08-03 00:00:00,https://www.sec.gov/Archives/edgar/data/1995569/000119312526330562/0001193125-26-330562-index.htm,8-K,8-K,https://www.sec.gov/Archives/edgar/data/1995569/000119312526330562/d153140d8k.htm,False,
KROS,2026-08-03 00:00:00,https://www.sec.gov/Archives/edgar/data/1664710/000166471026000050/0001664710-26-000050-index.htm,8-K,8-K,https://www.sec.gov/Archives/edgar/data/1664710/000166471026000050/kros-20260803.htm,False,
KROS,2026-08-03 00:00:00,https://www.sec.gov/Archives/edgar/data/1664710/000166471026000050/0001664710-26-000050-index.htm,EX-99.1,EX-99.1,https://www.sec.gov/Archives/edgar/data/1664710/000166471026000050/a826corporatepresentatio.htm,False,
ARE,2026-08-03 00:00:00,https://www.sec.gov/Archives/edgar/data/1035443/000103544326000067/0001035443-26-000067-index.htm,8-K,8-K,https://www.sec.gov/Archives/edgar/data/1035443/000103544326000067/are-20260803.htm,False,
ARE,2026-08-03 00:00:00,https://www.sec.gov/Archives/edgar/data/1035443/000103544326000067/0001035443-26-000067-index.htm,EX-99.1,EX-99.1,https://www.sec.gov/Archives/edgar/data/1035443/000103544326000067/a2q26ex991supp.htm,True,
FXA,2026-08-03 00:00:00,https://www.sec.gov/Archives/edgar/data/1353614/000119312526330559/0001193125-26-330559-index.htm,8-K,8-K,https://www.sec.gov/Archives/edgar/data/1353614/000119312526330559/d171709d8k.htm,False,
AMRC,2026-08-03 00:00:00,https://www.sec.gov/Archives/edgar/data/1488139/000162828026051825/0001628280-26-051825-index.htm,8-K,8-K,https://www.sec.gov/Archives/edgar/data/1488139/000162828026051825/amrc-20260803.htm,False,
AMRC,2026-08-03 00:00:00,https://www.sec.gov/Archives/edgar/data/1488139/000162828026051825/0001628280-26-051825-index.htm,EX-99.1,EX-99.1,https://www.sec.gov/Archives/edgar/data/1488139/000162828026051825/amrc_20260630x8-kxexx9911.htm,True,
None,2026-08-03 00:00:00,https://www.sec.gov/Archives/edgar/data/1788451/000119312526330556/0001193125-26-330556-index.htm,8-K,8-K,https://www.sec.gov/Archives/edgar/data/1788451/000119312526330556/life-20260803.htm,False,
None,2026-08-03 00:00:00,https://www.sec.gov/Archives/edgar/data/1788451/000119312526330556/0001193125-26-330556-index.htm,EX-99.1,EX-99.1,https://www.sec.gov/Archives/edgar/data/1788451/000119312526330556/life-ex99_1.htm,False,
VEC,2026-08-03 00:00:00,https://www.sec.gov/Archives/edgar/data/1601548/000160154826000039/0001601548-26-000039-index.htm,8-K,8-K,https://www.sec.gov/Archives/edgar/data/1601548/000160154826000039/vec-20260803.htm,False,
VEC,2026-08-03 00:00:00,https://www.sec.gov/Archives/edgar/data/1601548/000160154826000039/0001601548-26-000039-index.htm,EX-99.1,EX-99.1,https://www.sec.gov/Archives/edgar/data/1601548/000160154826000039/a2q2026pressreleasefinal.htm,False,
VVX,2026-08-03 00:00:00,https://www.sec.gov/Archives/edgar/data/1601548/000160154826000039/0001601548-26-000039-index.htm,8-K,8-K,https://www.sec.gov/Archives/edgar/data/1601548/000160154826000039/vec-20260803.htm,False,
VVX,2026-08-03 00:00:00,https://www.sec.gov/Archives/edgar/data/1601548/000160154826000039/0001601548-26-000039-index.htm,EX-99.1,EX-99.1,https://www.sec.gov/Archives/edgar/data/1601548/000160154826000039/a2q2026pressreleasefinal.htm,False,
GTY,2026-08-03 00:00:00,https://www.sec.gov/Archives/edgar/data/1052752/000119312526330555/0001193125-26-330555-index.htm,8-K,8-K,https://www.sec.gov/Archives/edgar/data/1052752/000119312526330555/d102495d8k.htm,False,
HWKN,2026-08-03 00:00:00,https://www.sec.gov/Archives/edgar/data/46250/000004625026000037/0000046250-26-000037-index.htm,8-K,8-K,https://www.sec.gov/Archives/edgar/data/46250/000004625026000037/hwkn-20260729.htm,False,
JAZZ,2026-08-03 00:00:00,https://www.sec.gov/Archives/edgar/data/1232524/000123252426000044/0001232524-26-000044-index.htm,8-K,8-K,https://www.sec.gov/Archives/edgar/data/1232524/000123252426000044/jazz-20260803.htm,False,
JAZZ,2026-08-03 00:00:00,https://www.sec.gov/Archives/edgar/data/1232524/000123252426000044/0001232524-26-000044-index.htm,EX-99.1,EX-99.1,https://www.sec.gov/Archives/edgar/data/1232524/000123252426000044/a2q26financialpr.htm,True,
FXF,2026-08-03 00:00:00,https://www.sec.gov/Archives/edgar/data/1353615/000119312526330552/0001193125-26-330552-index.htm,8-K,8-K,https://www.sec.gov/Archives/edgar/data/1353615/000119312526330552/d171256d8k.htm,False,
BLZE,2026-08-03 00:00:00,https://www.sec.gov/Archives/edgar/data/1462056/000162828026051812/0001628280-26-051812-index.htm,8-K,8-K,https://www.sec.gov/Archives/edgar/data/1462056/000162828026051812/blze-20260803.htm,False,
BLZE,2026-08-03 00:00:00,https://www.sec.gov/Archives/edgar/data/1462056/000162828026051812/0001628280-26-051812-index.htm,EX-99.1,EX-99.1,https://www.sec.gov/Archives/edgar/data/1462056/000162828026051812/ex991blze20260630earningsp.htm,False,
PLTR,2026-08-03 00:00:00,https://www.sec.gov/Archives/edgar/data/1321655/000132165526000039/0001321655-26-000039-index.htm,8-K,8-K,https://www.sec.gov/Archives/edgar/data/1321655/000132165526000039/pltr-20260803.htm,False,
PLTR,2026-08-03 00:00:00,https://www.sec.gov/Archives/edgar/data/1321655/000132165526000039/0001321655-26-000039-index.htm,EX-99.1,EX-99.1,https://www.sec.gov/Archives/edgar/data/1321655/000132165526000039/a2026q2ex991pressrelease.htm,False,
IVT,2026-08-03 00:00:00,https://www.sec.gov/Archives/edgar/data/1307748/000130774826000191/0001307748-26-000191-index.htm,8-K,8-K,https://www.sec.gov/Archives/edgar/data/1307748/000130774826000191/ivtp-20260803.htm,False,
IVT,2026-08-03 00:00:00,https://www.sec.gov/Archives/edgar/data/1307748/000130774826000191/0001307748-26-000191-index.htm,EX-99.1,EX-99.1,https://www.sec.gov/Archives/edgar/data/1307748/000130774826000191/q22026earningsrelease.htm,True,
FANG,2026-08-03 00:00:00,https://www.sec.gov/Archives/edgar/data/1539838/000153983826000137/0001539838-26-000137-index.htm,8-K,8-K,https://www.sec.gov/Archives/edgar/data/1539838/000153983826000137/fang-20260803.htm,False,
FANG,2026-08-03 00:00:00,https://www.sec.gov/Archives/edgar/data/1539838/000153983826000137/0001539838-26-000137-index.htm,EX-99.1,EX-99.1,https://www.sec.gov/Archives/edgar/data/1539838/000153983826000137/diamondbackex991-8x3x26.htm,True,
AHH,2026-08-03 00:00:00,https://www.sec.gov/Archives/edgar/data/1569187/000156918726000138/0001569187-26-000138-index.htm,8-K,8-K,https://www.sec.gov/Archives/edgar/data/1569187/000156918726000138/ahh-20260803.htm,False,
AHH,2026-08-03 00:00:00,https://www.sec.gov/Archives/edgar/data/1569187/000156918726000138/0001569187-26-000138-index.htm,EX-99.1,EX-99.1,https://www.sec.gov/Archives/edgar/data/1569187/000156918726000138/ahrt2026q2ex991earningsrel.htm,True,
AHH-PA,2026-08-03 00:00:00,https://www.sec.gov/Archives/edgar/data/1569187/000156918726000138/0001569187-26-000138-index.htm,8-K,8-K,https://www.sec.gov/Archives/edgar/data/1569187/000156918726000138/ahh-20260803.htm,False,
AHH-PA,2026-08-03 00:00:00,https://www.sec.gov/Archives/edgar/data/1569187/000156918726000138/0001569187-26-000138-index.htm,EX-99.1,EX-99.1,https://www.sec.gov/Archives/edgar/data/1569187/000156918726000138/ahrt2026q2ex991earningsrel.htm,True,
FXB,2026-08-03 00:00:00,https://www.sec.gov/Archives/edgar/data/1353611/000119312526330547/0001193125-26-330547-index.htm,8-K,8-K,https://www.sec.gov/Archives/edgar/data/1353611/000119312526330547/d171960d8k.htm,False,
STRL,2026-08-03 00:00:00,https://www.sec.gov/Archives/edgar/data/874238/000087423826000100/0000874238-26-000100-index.htm,8-K,FORM 8-K,https://www.sec.gov/Archives/edgar/data/874238/000087423826000100/strl-20260803.htm,False,
STRL,2026-08-03 00:00:00,https://www.sec.gov/Archives/edgar/data/874238/000087423826000100/0000874238-26-000100-index.htm,EX-99.1,EX-99.1,https://www.sec.gov/Archives/edgar/data/874238/000087423826000100/a20260803ex991earningsrele.htm,False,
OXACU,2026-08-03 00:00:00,https://www.sec.gov/Archives/edgar/data/1861622/000149315226035824/0001493152-26-035824-index.htm,8-K,8-K,https://www.sec.gov/Archives/edgar/data/1861622/000149315226035824/form8-k.htm,False,
OXACU,2026-08-03 00:00:00,https://www.sec.gov/Archives/edgar/data/1861622/000149315226035824/0001493152-26-035824-index.htm,EX-99.1,EX-99.1,https://www.sec.gov/Archives/edgar/data/1861622/000149315226035824/ex99-1.htm,False,
OXAC,2026-08-03 00:00:00,https://www.sec.gov/Archives/edgar/data/1861622/000149315226035824/0001493152-26-035824-index.htm,8-K,8-K,https://www.sec.gov/Archives/edgar/data/1861622/000149315226035824/form8-k.htm,False,
OXAC,2026-08-03 00:00:00,https://www.sec.gov/Archives/edgar/data/1861622/000149315226035824/0001493152-26-035824-index.htm,EX-99.1,EX-99.1,https://www.sec.gov/Archives/edgar/data/1861622/000149315226035824/ex99-1.htm,False,
OXACW,2026-08-03 00:00:00,https://www.sec.gov/Archives/edgar/data/1861622/000149315226035824/0001493152-26-035824-index.htm,8-K,8-K,https://www.sec.gov/Archives/edgar/data/1861622/000149315226035824/form8-k.htm,False,
OXACW,2026-08-03 00:00:00,https://www.sec.gov/Archives/edgar/data/1861622/000149315226035824/0001493152-26-035824-index.htm,EX-99.1,EX-99.1,https://www.sec.gov/Archives/edgar/data/1861622/000149315226035824/ex99-1.htm,False,
JTAI,2026-08-03 00:00:00,https://www.sec.gov/Archives/edgar/data/1861622/000149315226035824/0001493152-26-035824-index.htm,8-K,8-K,https://www.sec.gov/Archives/edgar/data/1861622/000149315226035824/form8-k.htm,False,
JTAI,2026-08-03 00:00:00,https://www.sec.gov/Archives/edgar/data/1861622/000149315226035824/0001493152-26-035824-index.htm,EX-99.1,EX-99.1,https://www.sec.gov/Archives/edgar/data/1861622/000149315226035824/ex99-1.htm,False,
JTAIZ,2026-08-03 00:00:00,https://www.sec.gov/Archives/edgar/data/1861622/000149315226035824/0001493152-26-035824-index.htm,8-K,8-K,https://www.sec.gov/Archives/edgar/data/1861622/000149315226035824/form8-k.htm,False,
JTAIZ,2026-08-03 00:00:00,https://www.sec.gov/Archives/edgar/data/1861622/000149315226035824/0001493152-26-035824-index.htm,EX-99.1,EX-99.1,https://www.sec.gov/Archives/edgar/data/1861622/000149315226035824/ex99-1.htm,False,
JTAIW,2026-08-03 00:00:00,https://www.sec.gov/Archives/edgar/data/1861622/000149315226035824/0001493152-26-035824-index.htm,8-K,8-K,https://www.sec.gov/Archives/edgar/data/1861622/000149315226035824/form8-k.htm,False,
JTAIW,2026-08-03 00:00:00,https://www.sec.gov/Archives/edgar/data/1861622/000149315226035824/0001493152-26-035824-index.htm,EX-99.1,EX-99.1,https://www.sec.gov/Archives/edgar/data/1861622/000149315226035824/ex99-1.htm,False,
SBRA,2026-08-03 00:00:00,https://www.sec.gov/Archives/edgar/data/1492298/000149229826000027/0001492298-26-000027-index.htm,8-K,8-K,https://www.sec.gov/Archives/edgar/data/1492298/000149229826000027/sbra-20260803.htm,False,
SBRA,2026-08-03 00:00:00,https://www.sec.gov/Archives/edgar/data/1492298/000149229826000027/0001492298-26-000027-index.htm,EX-99.1,Q2 2026 EARNINGS RELEASE,https://www.sec.gov/Archives/edgar/data/1492298/000149229826000027/sbraex9912026q2.htm,True,
FXE,2026-08-03 00:00:00,https://www.sec.gov/Archives/edgar/data/1328598/000119312526330545/0001193125-26-330545-index.htm,8-K,8-K,https://www.sec.gov/Archives/edgar/data/1328598/000119312526330545/d171923d8k.htm,False,
FXC,2026-08-03 00:00:00,https://www.sec.gov/Archives/edgar/data/1353612/000119312526330546/0001193125-26-330546-index.htm,8-K,8-K,https://www.sec.gov/Archives/edgar/data/1353612/000119312526330546/d173396d8k.htm,False,
FTK,2026-08-03 00:00:00,https://www.sec.gov/Archives/edgar/data/928054/000092805426000075/0000928054-26-000075-index.htm,8-K,8-K,https://www.sec.gov/Archives/edgar/data/928054/000092805426000075/ftk-20260803.htm,False,
FTK,2026-08-03 00:00:00,https://www.sec.gov/Archives/edgar/data/928054/000092805426000075/0000928054-26-000075-index.htm,EX-99.1,EX-99.1,https://www.sec.gov/Archives/edgar/data/928054/000092805426000075/ex991-prepacontract.htm,False,
ALSN,2026-08-03 00:00:00,https://www.sec.gov/Archives/edgar/data/1411207/000119312526330544/0001193125-26-330544-index.htm,8-K,8-K,https://www.sec.gov/Archives/edgar/data/1411207/000119312526330544/d95413d8k.htm,False,
ALSN,2026-08-03 00:00:00,https://www.sec.gov/Archives/edgar/data/1411207/000119312526330544/0001193125-26-330544-index.htm,EX-99.1,EX-99.1,https://www.sec.gov/Archives/edgar/data/1411207/000119312526330544/d95413dex991.htm,True,
CLPT,2026-08-03 00:00:00,https://www.sec.gov/Archives/edgar/data/1285550/000119312526330541/0001193125-26-330541-index.htm,8-K,8-K,https://www.sec.gov/Archives/edgar/data/1285550/000119312526330541/clpt-20260803.htm,False,
CLPT,2026-08-03 00:00:00,https://www.sec.gov/Archives/edgar/data/1285550/000119312526330541/0001193125-26-330541-index.htm,EX-99.1,EX-99.1,https://www.sec.gov/Archives/edgar/data/1285550/000119312526330541/clpt-ex99_1.htm,False,
EVER,2026-08-03 00:00:00,https://www.sec.gov/Archives/edgar/data/1640428/000119312526330540/0001193125-26-330540-index.htm,8-K,8-K,https://www.sec.gov/Archives/edgar/data/1640428/000119312526330540/ever-20260803.htm,False,
EVER,2026-08-03 00:00:00,https://www.sec.gov/Archives/edgar/data/1640428/000119312526330540/0001193125-26-330540-index.htm,EX-99.1,EX-99.1,https://www.sec.gov/Archives/edgar/data/1640428/000119312526330540/ever-ex99_1.htm,False,
ICHR,2026-08-03 00:00:00,https://www.sec.gov/Archives/edgar/data/1652535/000165253526000066/0001652535-26-000066-index.htm,8-K,8-K,https://www.sec.gov/Archives/edgar/data/1652535/000165253526000066/ichr-20260803.htm,False,
ICHR,2026-08-03 00:00:00,https://www.sec.gov/Archives/edgar/data/1652535/000165253526000066/0001652535-26-000066-index.htm,EX-99.1,2026 Q2 EARNINGS RELEASE,https://www.sec.gov/Archives/edgar/data/1652535/000165253526000066/ex-991_26q2xearnings.htm,True,
XPER,2026-08-03 00:00:00,https://www.sec.gov/Archives/edgar/data/1803696/000119312526330539/0001193125-26-330539-index.htm,8-K,8-K,https://www.sec.gov/Archives/edgar/data/1803696/000119312526330539/adea-20260803.htm,False,
XPER,2026-08-03 00:00:00,https://www.sec.gov/Archives/edgar/data/1803696/000119312526330539/0001193125-26-330539-index.htm,EX-99.1,EX-99.1,https://www.sec.gov/Archives/edgar/data/1803696/000119312526330539/adea-ex99_1.htm,True,
ADEA,2026-08-03 00:00:00,https://www.sec.gov/Archives/edgar/data/1803696/000119312526330539/0001193125-26-330539-index.htm,8-K,8-K,https://www.sec.gov/Archives/edgar/data/1803696/000119312526330539/adea-20260803.htm,False,
ADEA,2026-08-03 00:00:00,https://www.sec.gov/Archives/edgar/data/1803696/000119312526330539/0001193125-26-330539-index.htm,EX-99.1,EX-99.1,https://www.sec.gov/Archives/edgar/data/1803696/000119312526330539/adea-ex99_1.htm,True,
LFVN,2026-08-03 00:00:00,https://www.sec.gov/Archives/edgar/data/849146/000119312526330531/0001193125-26-330531-index.htm,8-K,8-K,https://www.sec.gov/Archives/edgar/data/849146/000119312526330531/lfvn-20260731.htm,False,
LFVN,2026-08-03 00:00:00,https://www.sec.gov/Archives/edgar/data/849146/000119312526330531/0001193125-26-330531-index.htm,EX-10.1,EX-10.1,https://www.sec.gov/Archives/edgar/data/849146/000119312526330531/lfvn-ex10_1.htm,False,
FXY,2026-08-03 00:00:00,https://www.sec.gov/Archives/edgar/data/1353613/000119312526330543/0001193125-26-330543-index.htm,8-K,8-K,https://www.sec.gov/Archives/edgar/data/1353613/000119312526330543/d172751d8k.htm,False,
STOK,2026-08-03 00:00:00,https://www.sec.gov/Archives/edgar/data/1623526/000119312526330537/0001193125-26-330537-index.htm,8-K,8-K,https://www.sec.gov/Archives/edgar/data/1623526/000119312526330537/stok-20260803.htm,False,
STOK,2026-08-03 00:00:00,https://www.sec.gov/Archives/edgar/data/1623526/000119312526330537/0001193125-26-330537-index.htm,EX-99.1,EX-99.1,https://www.sec.gov/Archives/edgar/data/1623526/000119312526330537/stok-ex99_1.htm,False,
BTOC,2026-08-03 00:00:00,https://www.sec.gov/Archives/edgar/data/1972529/000121390026084605/0001213900-26-084605-index.htm,8-K,CURRENT REPORT,https://www.sec.gov/Archives/edgar/data/1972529/000121390026084605/ea0300120-8k_armlogi.htm,False,
BTOC,2026-08-03 00:00:00,https://www.sec.gov/Archives/edgar/data/1972529/000121390026084605/0001213900-26-084605-index.htm,EX-10.1,"APPOINTMENT AGREEMENT DATED AUGUST 1, 2026 BY AND BETWEEN TONG WU AND THE COMPAN",https://www.sec.gov/Archives/edgar/data/1972529/000121390026084605/ea030012001ex10-1.htm,False,
SNX,2026-08-03 00:00:00,https://www.sec.gov/Archives/edgar/data/1177394/000162828026051808/0001628280-26-051808-index.htm,8-K,8-K,https://www.sec.gov/Archives/edgar/data/1177394/000162828026051808/snx-20260728.htm,False,
SNX,2026-08-03 00:00:00,https://www.sec.gov/Archives/edgar/data/1177394/000162828026051808/0001628280-26-051808-index.htm,EX-10.1,EX-10.1,https://www.sec.gov/Archives/edgar/data/1177394/000162828026051808/ex101tdsynnex-noticeofrsua.htm,False,
SNX,2026-08-03 00:00:00,https://www.sec.gov/Archives/edgar/data/1177394/000162828026051808/0001628280-26-051808-index.htm,EX-10.2,EX-10.2,https://www.sec.gov/Archives/edgar/data/1177394/000162828026051808/ex102tdsynnex-noticeofrsua.htm,False,
IRT,2026-08-03 00:00:00,https://www.sec.gov/Archives/edgar/data/1466085/000143774926025436/0001437749-26-025436-index.htm,8-K,FORM 8-K,https://www.sec.gov/Archives/edgar/data/1466085/000143774926025436/irt20260504c_8k.htm,False,
IRT,2026-08-03 00:00:00,https://www.sec.gov/Archives/edgar/data/1466085/000143774926025436/0001437749-26-025436-index.htm,EX-99.1,EXHIBIT 99.1,https://www.sec.gov/Archives/edgar/data/1466085/000143774926025436/ex_955949.htm,False,
CSWCZ,2026-08-03 00:00:00,https://www.sec.gov/Archives/edgar/data/17313/000001731326000093/0000017313-26-000093-index.htm,8-K,8-K,https://www.sec.gov/Archives/edgar/data/17313/000001731326000093/cswc-20260803.htm,False,
CSWCZ,2026-08-03 00:00:00,https://www.sec.gov/Archives/edgar/data/17313/000001731326000093/0000017313-26-000093-index.htm,EX-99.1,EX-99.1,https://www.sec.gov/Archives/edgar/data/17313/000001731326000093/q12027earningsrelease.htm,True,
GLRE,2026-08-03 00:00:00,https://www.sec.gov/Archives/edgar/data/1385613/000138561326000093/0001385613-26-000093-index.htm,8-K,8-K,https://www.sec.gov/Archives/edgar/data/1385613/000138561326000093/glre-20260728.htm,False,
CSWC,2026-08-03 00:00:00,https://www.sec.gov/Archives/edgar/data/17313/000001731326000093/0000017313-26-000093-index.htm,8-K,8-K,https://www.sec.gov/Archives/edgar/data/17313/000001731326000093/cswc-20260803.htm,False,
CSWC,2026-08-03 00:00:00,https://www.sec.gov/Archives/edgar/data/17313/000001731326000093/0000017313-26-000093-index.htm,EX-99.1,EX-99.1,https://www.sec.gov/Archives/edgar/data/17313/000001731326000093/q12027earningsrelease.htm,True,
GBDC,2026-08-03 00:00:00,https://www.sec.gov/Archives/edgar/data/1476765/000147676526000047/0001476765-26-000047-index.htm,8-K,8-K,https://www.sec.gov/Archives/edgar/data/1476765/000147676526000047/gbdc-20260803.htm,False,
GBDC,2026-08-03 00:00:00,https://www.sec.gov/Archives/edgar/data/1476765/000147676526000047/0001476765-26-000047-index.htm,EX-99.1,EX-99.1,https://www.sec.gov/Archives/edgar/data/1476765/000147676526000047/gbdcfy2026q3epfinal.htm,True,
AEIS,2026-08-03 00:00:00,https://www.sec.gov/Archives/edgar/data/927003/000092700326000030/0000927003-26-000030-index.htm,8-K,8-K,https://www.sec.gov/Archives/edgar/data/927003/000092700326000030/aeis-20260803x8k.htm,False,
AEIS,2026-08-03 00:00:00,https://www.sec.gov/Archives/edgar/data/927003/000092700326000030/0000927003-26-000030-index.htm,EX-99.1,EX-99.1,https://www.sec.gov/Archives/edgar/data/927003/000092700326000030/aeis-20260803xex99d1.htm,False,
None,2026-08-03 00:00:00,https://www.sec.gov/Archives/edgar/data/2074176/000207417626000050/0002074176-26-000050-index.htm,8-K,8-K,https://www.sec.gov/Archives/edgar/data/2074176/000207417626000050/vnom-20260803.htm,False,
None,2026-08-03 00:00:00,https://www.sec.gov/Archives/edgar/data/2074176/000207417626000050/0002074176-26-000050-index.htm,EX-99.1,EX-99.1,https://www.sec.gov/Archives/edgar/data/2074176/000207417626000050/viperex991-8x3x26.htm,True,
GBDC,2026-08-03 00:00:00,https://www.sec.gov/Archives/edgar/data/1476765/000147676526000045/0001476765-26-000045-index.htm,8-K,8-K,https://www.sec.gov/Archives/edgar/data/1476765/000147676526000045/gbdc-20260803.htm,False,
GBDC,2026-08-03 00:00:00,https://www.sec.gov/Archives/edgar/data/1476765/000147676526000045/0001476765-26-000045-index.htm,EX-99.1,EX-99.1,https://www.sec.gov/Archives/edgar/data/1476765/000147676526000045/gbdcfy2026q3earningsprxex.htm,True,
INSP,2026-08-03 00:00:00,https://www.sec.gov/Archives/edgar/data/1609550/000160955026000045/0001609550-26-000045-index.htm,8-K,8-K,https://www.sec.gov/Archives/edgar/data/1609550/000160955026000045/insp-20260803.htm,False,
INSP,2026-08-03 00:00:00,https://www.sec.gov/Archives/edgar/data/1609550/000160955026000045/0001609550-26-000045-index.htm,EX-99.1,EX-99.1,https://www.sec.gov/Archives/edgar/data/1609550/000160955026000045/insp2026-q2pressreleaseex9.htm,False,
None,2026-08-03 00:00:00,https://www.sec.gov/Archives/edgar/data/2073537/000119312526330520/0001193125-26-330520-index.htm,8-K,8-K,https://www.sec.gov/Archives/edgar/data/2073537/000119312526330520/d166233d8k.htm,False,
None,2026-08-03 00:00:00,https://www.sec.gov/Archives/edgar/data/2073537/000119312526330520/0001193125-26-330520-index.htm,EX-99.1,EX-99.1,https://www.sec.gov/Archives/edgar/data/2073537/000119312526330520/d166233dex991.htm,False,
SPOK,2026-08-03 00:00:00,https://www.sec.gov/Archives/edgar/data/1289945/000128994526000052/0001289945-26-000052-index.htm,8-K,8-K,https://www.sec.gov/Archives/edgar/data/1289945/000128994526000052/spok-20260803.htm,False,
SPOK,2026-08-03 00:00:00,https://www.sec.gov/Archives/edgar/data/1289945/000128994526000052/0001289945-26-000052-index.htm,EX-99.1,EX-99.1,https://www.sec.gov/Archives/edgar/data/1289945/000128994526000052/investorpresentation2q26.htm,False,
KROS,2026-08-03 00:00:00,https://www.sec.gov/Archives/edgar/data/1664710/000166471026000048/0001664710-26-000048-index.htm,8-K,8-K,https://www.sec.gov/Archives/edgar/data/1664710/000166471026000048/kros-20260803.htm,False,
KROS,2026-08-03 00:00:00,https://www.sec.gov/Archives/edgar/data/1664710/000166471026000048/0001664710-26-000048-index.htm,EX-99.1,EX-99.1,https://www.sec.gov/Archives/edgar/data/1664710/000166471026000048/exhibit991q22026.htm,False,
FIX,2026-08-03 00:00:00,https://www.sec.gov/Archives/edgar/data/1035983/000110465926089781/0001104659-26-089781-index.htm,8-K,FORM 8-K,https://www.sec.gov/Archives/edgar/data/1035983/000110465926089781/tm2621841d1_8k.htm,False,
FIX,2026-08-03 00:00:00,https://www.sec.gov/Archives/edgar/data/1035983/000110465926089781/0001104659-26-089781-index.htm,EX-99.1,EXHIBIT 99.1,https://www.sec.gov/Archives/edgar/data/1035983/000110465926089781/tm2621841d1_ex99-1.htm,True,
None,2026-08-03 00:00:00,https://www.sec.gov/Archives/edgar/data/1745648/000119312526330509/0001193125-26-330509-index.htm,8-K,8-K,https://www.sec.gov/Archives/edgar/data/1745648/000119312526330509/apmd-20260803.htm,False,
None,2026-08-03 00:00:00,https://www.sec.gov/Archives/edgar/data/2029586/000149315226035820/0001493152-26-035820-index.htm,8-K,8-K,https://www.sec.gov/Archives/edgar/data/2029586/000149315226035820/form8-k.htm,False,
None,2026-08-03 00:00:00,https://www.sec.gov/Archives/edgar/data/2112554/000119312526330466/0001193125-26-330466-index.htm,8-K,8-K,https://www.sec.gov/Archives/edgar/data/2112554/000119312526330466/ck0002112554-20260731.htm,True,
None,2026-08-03 00:00:00,https://www.sec.gov/Archives/edgar/data/2082826/000119312526330454/0001193125-26-330454-index.htm,8-K,8-K,https://www.sec.gov/Archives/edgar/data/2082826/000119312526330454/ck0002082826-20260728.htm,False,
RHI,2026-08-03 00:00:00,https://www.sec.gov/Archives/edgar/data/315213/000031521326000043/0000315213-26-000043-index.htm,8-K,8-K,https://www.sec.gov/Archives/edgar/data/315213/000031521326000043/rhi-20260803.htm,False,
RHI,2026-08-03 00:00:00,https://www.sec.gov/Archives/edgar/data/315213/000031521326000043/0000315213-26-000043-index.htm,EX-99.1,EX-99.1,https://www.sec.gov/Archives/edgar/data/315213/000031521326000043/ex991pressrelease.htm,False,
BSTG,2026-08-03 00:00:00,https://www.sec.gov/Archives/edgar/data/1563665/000143774926025423/0001437749-26-025423-index.htm,8-K,FORM 8-K,https://www.sec.gov/Archives/edgar/data/1563665/000143774926025423/hrgn20260731_8k.htm,True,
BSTG,2026-08-03 00:00:00,https://www.sec.gov/Archives/edgar/data/1563665/000143774926025423/0001437749-26-025423-index.htm,EX-10.1,EXHIBIT 10.1,https://www.sec.gov/Archives/edgar/data/1563665/000143774926025423/ex_996518.htm,False,
BSTG,2026-08-03 00:00:00,https://www.sec.gov/Archives/edgar/data/1563665/000143774926025423/0001437749-26-025423-index.htm,EX-10.2,EXHIBIT 10.2,https://www.sec.gov/Archives/edgar/data/1563665/000143774926025423/ex_996519.htm,False,
HRGN,2026-08-03 00:00:00,https://www.sec.gov/Archives/edgar/data/1563665/000143774926025423/0001437749-26-025423-index.htm,8-K,FORM 8-K,https://www.sec.gov/Archives/edgar/data/1563665/000143774926025423/hrgn20260731_8k.htm,True,
HRGN,2026-08-03 00:00:00,https://www.sec.gov/Archives/edgar/data/1563665/000143774926025423/0001437749-26-025423-index.htm,EX-10.1,EXHIBIT 10.1,https://www.sec.gov/Archives/edgar/data/1563665/000143774926025423/ex_996518.htm,False,
HRGN,2026-08-03 00:00:00,https://www.sec.gov/Archives/edgar/data/1563665/000143774926025423/0001437749-26-025423-index.htm,EX-10.2,EXHIBIT 10.2,https://www.sec.gov/Archives/edgar/data/1563665/000143774926025423/ex_996519.htm,False,
AZZ,2026-08-03 00:00:00,https://www.sec.gov/Archives/edgar/data/8947/000000894726000167/0000008947-26-000167-index.htm,8-K,8-K,https://www.sec.gov/Archives/edgar/data/8947/000000894726000167/azz-20260803.htm,False,
AZZ,2026-08-03 00:00:00,https://www.sec.gov/Archives/edgar/data/8947/000000894726000167/0000008947-26-000167-index.htm,EX-99.1,EX-99.1,https://www.sec.gov/Archives/edgar/data/8947/000000894726000167/azzpressrelease-davenport.htm,False,
IVHI,2026-08-03 00:00:00,https://www.sec.gov/Archives/edgar/data/1009919/000168316826005918/0001683168-26-005918-index.htm,8-K,FORM 8-K,https://www.sec.gov/Archives/edgar/data/1009919/000168316826005918/invech_8k.htm,True,
IVHI,2026-08-03 00:00:00,https://www.sec.gov/Archives/edgar/data/1009919/000168316826005918/0001683168-26-005918-index.htm,EX-10.1,UNANIMOUS WRITTEN CONSEND OF THE BOARD OF DIRECTORS,https://www.sec.gov/Archives/edgar/data/1009919/000168316826005918/invech_ex1001.htm,False,
IVHI,2026-08-03 00:00:00,https://www.sec.gov/Archives/edgar/data/1009919/000168316826005918/0001683168-26-005918-index.htm,EX-10.2,STOCK PURCHASE AGREEMENT,https://www.sec.gov/Archives/edgar/data/1009919/000168316826005918/invech_ex1002.htm,False,
NXST,2026-08-03 00:00:00,https://www.sec.gov/Archives/edgar/data/1142417/000119312526330355/0001193125-26-330355-index.htm,8-K,8-K,https://www.sec.gov/Archives/edgar/data/1142417/000119312526330355/nxst-20260730.htm,False,
NXST,2026-08-03 00:00:00,https://www.sec.gov/Archives/edgar/data/1142417/000119312526330355/0001193125-26-330355-index.htm,EX-99.1,EX-99.1,https://www.sec.gov/Archives/edgar/data/1142417/000119312526330355/nxst-ex99_1.htm,False,
HSTA,2026-08-03 00:00:00,https://www.sec.gov/Archives/edgar/data/1813603/000168316826005916/0001683168-26-005916-index.htm,8-K,FORM 8-K,https://www.sec.gov/Archives/edgar/data/1813603/000168316826005916/hestia_8k.htm,True,
HSTA,2026-08-03 00:00:00,https://www.sec.gov/Archives/edgar/data/1813603/000168316826005916/0001683168-26-005916-index.htm,EX-10.1,STRATEGIC DIVESTITURE & SETTLEMENT AGREEMENT,https://www.sec.gov/Archives/edgar/data/1813603/000168316826005916/hestia_ex1001.htm,False,
HSTA,2026-08-03 00:00:00,https://www.sec.gov/Archives/edgar/data/1813603/000168316826005916/0001683168-26-005916-index.htm,EX-10.2,AMENDMENT NO. 1 TO THE STRATEGIC DIVESTITURE & SETTLEMENT AGREEMENT,https://www.sec.gov/Archives/edgar/data/1813603/000168316826005916/hestia_ex1002.htm,False,
None,2026-08-03 00:00:00,https://www.sec.gov/Archives/edgar/data/81061/000008106126000088/0000081061-26-000088-index.htm,8-K,8-K,https://www.sec.gov/Archives/edgar/data/81061/000008106126000088/ck0000081061-20260803.htm,False,
None,2026-08-03 00:00:00,https://www.sec.gov/Archives/edgar/data/81061/000008106126000088/0000081061-26-000088-index.htm,EX-99.1,EX-99.1,https://www.sec.gov/Archives/edgar/data/81061/000008106126000088/exhibit9912q2026earningsre.htm,False,
None,2026-08-03 00:00:00,https://www.sec.gov/Archives/edgar/data/1692951/000169295126000134/0001692951-26-000134-index.htm,8-K,8-K CCI SERIES 2025 UPDATE 8.3.26,https://www.sec.gov/Archives/edgar/data/1692951/000169295126000134/cci-20260728.htm,False,
GTTJ,2026-08-03 00:00:00,https://www.sec.gov/Archives/edgar/data/1368757/000119312526330213/0001193125-26-330213-index.htm,8-K,8-K,https://www.sec.gov/Archives/edgar/data/1368757/000119312526330213/gttj-20260730.htm,True,
None,2026-08-03 00:00:00,https://www.sec.gov/Archives/edgar/data/2093809/000209380926000023/0002093809-26-000023-index.htm,8-K,8-K,https://www.sec.gov/Archives/edgar/data/2093809/000209380926000023/freit-20260801.htm,False,
CSAI,2026-08-03 00:00:00,https://www.sec.gov/Archives/edgar/data/1709628/000168316826005913/0001683168-26-005913-index.htm,8-K,CURRENT REPORT,https://www.sec.gov/Archives/edgar/data/1709628/000168316826005913/cloud_8k.htm,False,
CSAI,2026-08-03 00:00:00,https://www.sec.gov/Archives/edgar/data/1709628/000168316826005913/0001683168-26-005913-index.htm,EX-99.1,PRESS RELEASE,https://www.sec.gov/Archives/edgar/data/1709628/000168316826005913/cloud_ex9901.htm,False,
ALGT,2026-08-03 00:00:00,https://www.sec.gov/Archives/edgar/data/1362468/000136246826000044/0001362468-26-000044-index.htm,8-K,8-K,https://www.sec.gov/Archives/edgar/data/1362468/000136246826000044/algt-20260731.htm,False,
MNKPF,2026-08-03 00:00:00,https://www.sec.gov/Archives/edgar/data/1567892/000110465926089655/0001104659-26-089655-index.htm,8-K,FORM 8-K,https://www.sec.gov/Archives/edgar/data/1567892/000110465926089655/tm2621903d1_8k.htm,False,
MNK,2026-08-03 00:00:00,https://www.sec.gov/Archives/edgar/data/1567892/000110465926089655/0001104659-26-089655-index.htm,8-K,FORM 8-K,https://www.sec.gov/Archives/edgar/data/1567892/000110465926089655/tm2621903d1_8k.htm,False,
MNKKQ,2026-08-03 00:00:00,https://www.sec.gov/Archives/edgar/data/1567892/000110465926089655/0001104659-26-089655-index.htm,8-K,FORM 8-K,https://www.sec.gov/Archives/edgar/data/1567892/000110465926089655/tm2621903d1_8k.htm,False,
FKYS,2026-08-03 00:00:00,https://www.sec.gov/Archives/edgar/data/737875/000073787526000027/0000737875-26-000027-index.htm,8-K,8-K,https://www.sec.gov/Archives/edgar/data/737875/000073787526000027/fkys-20260730x8k.htm,False,
FKYS,2026-08-03 00:00:00,https://www.sec.gov/Archives/edgar/data/737875/000073787526000027/0000737875-26-000027-index.htm,EX-99.1,EX-99.1,https://www.sec.gov/Archives/edgar/data/737875/000073787526000027/fkys-20260730xex99d1.htm,False,
SNES,2026-08-03 00:00:00,https://www.sec.gov/Archives/edgar/data/1680378/000162828026051635/0001628280-26-051635-index.htm,8-K,8-K,https://www.sec.gov/Archives/edgar/data/1680378/000162828026051635/snes-20260803.htm,False,
SNES,2026-08-03 00:00:00,https://www.sec.gov/Archives/edgar/data/1680378/000162828026051635/0001628280-26-051635-index.htm,EX-99.1,EX-99.1,https://www.sec.gov/Archives/edgar/data/1680378/000162828026051635/snes-20260803xexx991.htm,False,
IBOC,2026-08-03 00:00:00,https://www.sec.gov/Archives/edgar/data/315709/000110465926089623/0001104659-26-089623-index.htm,8-K,FORM 8-K,https://www.sec.gov/Archives/edgar/data/315709/000110465926089623/tm2621694d1_8k.htm,False,
None,2026-08-03 00:00:00,https://www.sec.gov/Archives/edgar/data/1911321/000191132126000025/0001911321-26-000025-index.htm,8-K,8-K,https://www.sec.gov/Archives/edgar/data/1911321/000191132126000025/ck0001911321-20260728.htm,False,
BAND,2026-08-03 00:00:00,https://www.sec.gov/Archives/edgar/data/1514416/000151441626000060/0001514416-26-000060-index.htm,8-K,8-K,https://www.sec.gov/Archives/edgar/data/1514416/000151441626000060/band-20260803.htm,False,
VAC,2026-08-03 00:00:00,https://www.sec.gov/Archives/edgar/data/1524358/000152435826000031/0001524358-26-000031-index.htm,8-K,8-K,https://www.sec.gov/Archives/edgar/data/1524358/000152435826000031/vac-20260730.htm,False,
VAC,2026-08-03 00:00:00,https://www.sec.gov/Archives/edgar/data/1524358/000152435826000031/0001524358-26-000031-index.htm,EX-10.1,EX-10.1,https://www.sec.gov/Archives/edgar/data/1524358/000152435826000031/exhibit101-cfoemploymentag.htm,False,
LSAK,2026-08-03 00:00:00,https://www.sec.gov/Archives/edgar/data/1041514/000106299326003974/0001062993-26-003974-index.htm,8-K,FORM 8-K,https://www.sec.gov/Archives/edgar/data/1041514/000106299326003974/form8k.htm,False,
UEPS,2026-08-03 00:00:00,https://www.sec.gov/Archives/edgar/data/1041514/000106299326003974/0001062993-26-003974-index.htm,8-K,FORM 8-K,https://www.sec.gov/Archives/edgar/data/1041514/000106299326003974/form8k.htm,False,
LPCN,2026-08-03 00:00:00,https://www.sec.gov/Archives/edgar/data/1535955/000149315226035762/0001493152-26-035762-index.htm,8-K,8-K,https://www.sec.gov/Archives/edgar/data/1535955/000149315226035762/form8-k.htm,False,
LPCN,2026-08-03 00:00:00,https://www.sec.gov/Archives/edgar/data/1535955/000149315226035762/0001493152-26-035762-index.htm,EX-99.1,EX-99.1,https://www.sec.gov/Archives/edgar/data/1535955/000149315226035762/ex99-1.htm,False,
SPAI,2026-08-03 00:00:00,https://www.sec.gov/Archives/edgar/data/2011208/000149315226035761/0001493152-26-035761-index.htm,8-K,8-K,https://www.sec.gov/Archives/edgar/data/2011208/000149315226035761/form8-k.htm,False,
SPAI,2026-08-03 00:00:00,https://www.sec.gov/Archives/edgar/data/2011208/000149315226035761/0001493152-26-035761-index.htm,EX-99.1,EX-99.1,https://www.sec.gov/Archives/edgar/data/2011208/000149315226035761/ex99-1.htm,False,
SLXN,2026-08-03 00:00:00,https://www.sec.gov/Archives/edgar/data/2022416/000117891326003761/0001178913-26-003761-index.htm,8-K,8-K,https://www.sec.gov/Archives/edgar/data/2022416/000117891326003761/zk2635816.htm,False,
SLXNW,2026-08-03 00:00:00,https://www.sec.gov/Archives/edgar/data/2022416/000117891326003761/0001178913-26-003761-index.htm,8-K,8-K,https://www.sec.gov/Archives/edgar/data/2022416/000117891326003761/zk2635816.htm,False,
CMTL,2026-08-03 00:00:00,https://www.sec.gov/Archives/edgar/data/23197/000002319726000084/0000023197-26-000084-index.htm,8-K,8-K,https://www.sec.gov/Archives/edgar/data/23197/000002319726000084/cmtl-20260730.htm,True,
CMTL,2026-08-03 00:00:00,https://www.sec.gov/Archives/edgar/data/23197/000002319726000084/0000023197-26-000084-index.htm,EX-10.1,EX-10.1,https://www.sec.gov/Archives/edgar/data/23197/000002319726000084/ex101comtech-amendmentno5t.htm,True,
CMTL,2026-08-03 00:00:00,https://www.sec.gov/Archives/edgar/data/23197/000002319726000084/0000023197-26-000084-index.htm,EX-10.2,EX-10.2,https://www.sec.gov/Archives/edgar/data/23197/000002319726000084/ex102comtech-subordinatedc.htm,True,
OPY,2026-08-03 00:00:00,https://www.sec.gov/Archives/edgar/data/791963/000162828026051561/0001628280-26-051561-index.htm,8-K,8-K,https://www.sec.gov/Archives/edgar/data/791963/000162828026051561/opy-20260803.htm,False,
OPY,2026-08-03 00:00:00,https://www.sec.gov/Archives/edgar/data/791963/000162828026051561/0001628280-26-051561-index.htm,EX-99.1,EX-99.1,https://www.sec.gov/Archives/edgar/data/791963/000162828026051561/opy2q-2026investorpresen.htm,False,
GRNQ,2026-08-03 00:00:00,https://www.sec.gov/Archives/edgar/data/1597846/000149315226035758/0001493152-26-035758-index.htm,8-K,8-K,https://www.sec.gov/Archives/edgar/data/1597846/000149315226035758/form8-k.htm,False,
GRNQ,2026-08-03 00:00:00,https://www.sec.gov/Archives/edgar/data/1597846/000149315226035758/0001493152-26-035758-index.htm,EX-99.1,EX-99.1,https://www.sec.gov/Archives/edgar/data/1597846/000149315226035758/ex99-1.htm,False,
CAVA,2026-08-03 00:00:00,https://www.sec.gov/Archives/edgar/data/1639438/000162828026051556/0001628280-26-051556-index.htm,8-K,8-K,https://www.sec.gov/Archives/edgar/data/1639438/000162828026051556/cava-20260729.htm,False,
VINE,2026-08-03 00:00:00,https://www.sec.gov/Archives/edgar/data/1880343/000149315226035755/0001493152-26-035755-index.htm,8-K,8-K,https://www.sec.gov/Archives/edgar/data/1880343/000149315226035755/form8-k.htm,False,
VINE,2026-08-03 00:00:00,https://www.sec.gov/Archives/edgar/data/1880343/000149315226035755/0001493152-26-035755-index.htm,EX-99.1,EX-99.1,https://www.sec.gov/Archives/edgar/data/1880343/000149315226035755/ex99-1.htm,False,
AMZE,2026-08-03 00:00:00,https://www.sec.gov/Archives/edgar/data/1880343/000149315226035755/0001493152-26-035755-index.htm,8-K,8-K,https://www.sec.gov/Archives/edgar/data/1880343/000149315226035755/form8-k.htm,False,
AMZE,2026-08-03 00:00:00,https://www.sec.gov/Archives/edgar/data/1880343/000149315226035755/0001493152-26-035755-index.htm,EX-99.1,EX-99.1,https://www.sec.gov/Archives/edgar/data/1880343/000149315226035755/ex99-1.htm,False,
TDC,2026-08-03 00:00:00,https://www.sec.gov/Archives/edgar/data/816761/000081676126000028/0000816761-26-000028-index.htm,8-K,8-K,https://www.sec.gov/Archives/edgar/data/816761/000081676126000028/tdc-20260730.htm,False,
TDC,2026-08-03 00:00:00,https://www.sec.gov/Archives/edgar/data/816761/000081676126000028/0000816761-26-000028-index.htm,EX-99.1,EX-99.1,https://www.sec.gov/Archives/edgar/data/816761/000081676126000028/tdc08012026exhibit991.htm,False,
UCBI,2026-08-03 00:00:00,https://www.sec.gov/Archives/edgar/data/857855/000085785526000071/0000857855-26-000071-index.htm,8-K,8-K,https://www.sec.gov/Archives/edgar/data/857855/000085785526000071/ucbi-20260801.htm,False,
UCBI,2026-08-03 00:00:00,https://www.sec.gov/Archives/edgar/data/857855/000085785526000071/0000857855-26-000071-index.htm,EX-99.1,EX-99.1,https://www.sec.gov/Archives/edgar/data/857855/000085785526000071/exhibit991-pressreleaseann.htm,False,
UCB-PI,2026-08-03 00:00:00,https://www.sec.gov/Archives/edgar/data/857855/000085785526000071/0000857855-26-000071-index.htm,8-K,8-K,https://www.sec.gov/Archives/edgar/data/857855/000085785526000071/ucbi-20260801.htm,False,
UCB-PI,2026-08-03 00:00:00,https://www.sec.gov/Archives/edgar/data/857855/000085785526000071/0000857855-26-000071-index.htm,EX-99.1,EX-99.1,https://www.sec.gov/Archives/edgar/data/857855/000085785526000071/exhibit991-pressreleaseann.htm,False,
UCB,2026-08-03 00:00:00,https://www.sec.gov/Archives/edgar/data/857855/000085785526000071/0000857855-26-000071-index.htm,8-K,8-K,https://www.sec.gov/Archives/edgar/data/857855/000085785526000071/ucbi-20260801.htm,False,
UCB,2026-08-03 00:00:00,https://www.sec.gov/Archives/edgar/data/857855/000085785526000071/0000857855-26-000071-index.htm,EX-99.1,EX-99.1,https://www.sec.gov/Archives/edgar/data/857855/000085785526000071/exhibit991-pressreleaseann.htm,False,
UCBIO,2026-08-03 00:00:00,https://www.sec.gov/Archives/edgar/data/857855/000085785526000071/0000857855-26-000071-index.htm,8-K,8-K,https://www.sec.gov/Archives/edgar/data/857855/000085785526000071/ucbi-20260801.htm,False,
UCBIO,2026-08-03 00:00:00,https://www.sec.gov/Archives/edgar/data/857855/000085785526000071/0000857855-26-000071-index.htm,EX-99.1,EX-99.1,https://www.sec.gov/Archives/edgar/data/857855/000085785526000071/exhibit991-pressreleaseann.htm,False,
LBTYA,2026-08-03 00:00:00,https://www.sec.gov/Archives/edgar/data/1570585/000157058526000119/0001570585-26-000119-index.htm,8-K,8-K,https://www.sec.gov/Archives/edgar/data/1570585/000157058526000119/lbtya-20260731.htm,False,
LBTYA,2026-08-03 00:00:00,https://www.sec.gov/Archives/edgar/data/1570585/000157058526000119/0001570585-26-000119-index.htm,EX-99.1,EX-99.1,https://www.sec.gov/Archives/edgar/data/1570585/000157058526000119/ex991-libertyglobalannounc.htm,False,
LBTYB,2026-08-03 00:00:00,https://www.sec.gov/Archives/edgar/data/1570585/000157058526000119/0001570585-26-000119-index.htm,8-K,8-K,https://www.sec.gov/Archives/edgar/data/1570585/000157058526000119/lbtya-20260731.htm,False,
LBTYB,2026-08-03 00:00:00,https://www.sec.gov/Archives/edgar/data/1570585/000157058526000119/0001570585-26-000119-index.htm,EX-99.1,EX-99.1,https://www.sec.gov/Archives/edgar/data/1570585/000157058526000119/ex991-libertyglobalannounc.htm,False,
LBTYK,2026-08-03 00:00:00,https://www.sec.gov/Archives/edgar/data/1570585/000157058526000119/0001570585-26-000119-index.htm,8-K,8-K,https://www.sec.gov/Archives/edgar/data/1570585/000157058526000119/lbtya-20260731.htm,False,
LBTYK,2026-08-03 00:00:00,https://www.sec.gov/Archives/edgar/data/1570585/000157058526000119/0001570585-26-000119-index.htm,EX-99.1,EX-99.1,https://www.sec.gov/Archives/edgar/data/1570585/000157058526000119/ex991-libertyglobalannounc.htm,False,
AVR,2026-08-03 00:00:00,https://www.sec.gov/Archives/edgar/data/2011514/000114036126030586/0001140361-26-030586-index.htm,8-K,8-K,https://www.sec.gov/Archives/edgar/data/2011514/000114036126030586/ef20079264_8k.htm,False,
AVR,2026-08-03 00:00:00,https://www.sec.gov/Archives/edgar/data/2011514/000114036126030586/0001140361-26-030586-index.htm,EX-99.1,EXHIBIT 99.1,https://www.sec.gov/Archives/edgar/data/2011514/000114036126030586/ef20079264_ex99-1.htm,False,
FFIE,2026-08-03 00:00:00,https://www.sec.gov/Archives/edgar/data/1805521/000121390026084296/0001213900-26-084296-index.htm,8-K,CURRENT REPORT,https://www.sec.gov/Archives/edgar/data/1805521/000121390026084296/ea0300217-8k_faraday.htm,False,
FFIE,2026-08-03 00:00:00,https://www.sec.gov/Archives/edgar/data/1805521/000121390026084296/0001213900-26-084296-index.htm,EX-99.1,"PRESS RELEASE, DATED AUGUST 2, 2026",https://www.sec.gov/Archives/edgar/data/1805521/000121390026084296/ea030021701ex99-1.htm,False,
FFAI,2026-08-03 00:00:00,https://www.sec.gov/Archives/edgar/data/1805521/000121390026084296/0001213900-26-084296-index.htm,8-K,CURRENT REPORT,https://www.sec.gov/Archives/edgar/data/1805521/000121390026084296/ea0300217-8k_faraday.htm,False,
FFAI,2026-08-03 00:00:00,https://www.sec.gov/Archives/edgar/data/1805521/000121390026084296/0001213900-26-084296-index.htm,EX-99.1,"PRESS RELEASE, DATED AUGUST 2, 2026",https://www.sec.gov/Archives/edgar/data/1805521/000121390026084296/ea030021701ex99-1.htm,False,
FFIEW,2026-08-03 00:00:00,https://www.sec.gov/Archives/edgar/data/1805521/000121390026084296/0001213900-26-084296-index.htm,8-K,CURRENT REPORT,https://www.sec.gov/Archives/edgar/data/1805521/000121390026084296/ea0300217-8k_faraday.htm,False,
FFIEW,2026-08-03 00:00:00,https://www.sec.gov/Archives/edgar/data/1805521/000121390026084296/0001213900-26-084296-index.htm,EX-99.1,"PRESS RELEASE, DATED AUGUST 2, 2026",https://www.sec.gov/Archives/edgar/data/1805521/000121390026084296/ea030021701ex99-1.htm,False,
FFAIW,2026-08-03 00:00:00,https://www.sec.gov/Archives/edgar/data/1805521/000121390026084296/0001213900-26-084296-index.htm,8-K,CURRENT REPORT,https://www.sec.gov/Archives/edgar/data/1805521/000121390026084296/ea0300217-8k_faraday.htm,False,
FFAIW,2026-08-03 00:00:00,https://www.sec.gov/Archives/edgar/data/1805521/000121390026084296/0001213900-26-084296-index.htm,EX-99.1,"PRESS RELEASE, DATED AUGUST 2, 2026",https://www.sec.gov/Archives/edgar/data/1805521/000121390026084296/ea030021701ex99-1.htm,False,
PSAC,2026-08-03 00:00:00,https://www.sec.gov/Archives/edgar/data/1805521/000121390026084296/0001213900-26-084296-index.htm,8-K,CURRENT REPORT,https://www.sec.gov/Archives/edgar/data/1805521/000121390026084296/ea0300217-8k_faraday.htm,False,
PSAC,2026-08-03 00:00:00,https://www.sec.gov/Archives/edgar/data/1805521/000121390026084296/0001213900-26-084296-index.htm,EX-99.1,"PRESS RELEASE, DATED AUGUST 2, 2026",https://www.sec.gov/Archives/edgar/data/1805521/000121390026084296/ea030021701ex99-1.htm,False,
PSACU,2026-08-03 00:00:00,https://www.sec.gov/Archives/edgar/data/1805521/000121390026084296/0001213900-26-084296-index.htm,8-K,CURRENT REPORT,https://www.sec.gov/Archives/edgar/data/1805521/000121390026084296/ea0300217-8k_faraday.htm,False,
PSACU,2026-08-03 00:00:00,https://www.sec.gov/Archives/edgar/data/1805521/000121390026084296/0001213900-26-084296-index.htm,EX-99.1,"PRESS RELEASE, DATED AUGUST 2, 2026",https://www.sec.gov/Archives/edgar/data/1805521/000121390026084296/ea030021701ex99-1.htm,False,
DEFI,2026-08-03 00:00:00,https://www.sec.gov/Archives/edgar/data/1985840/000121390026084293/0001213900-26-084293-index.htm,8-K,CURRENT REPORT,https://www.sec.gov/Archives/edgar/data/1985840/000121390026084293/ea0300170-8k_hashdex.htm,True,
DEFI,2026-08-03 00:00:00,https://www.sec.gov/Archives/edgar/data/1985840/000121390026084293/0001213900-26-084293-index.htm,EX-10.1,"PLAN OF LIQUIDATION, DATED AUGUST 3, 2026",https://www.sec.gov/Archives/edgar/data/1985840/000121390026084293/ea030017001ex10-1.htm,False,
DEFI,2026-08-03 00:00:00,https://www.sec.gov/Archives/edgar/data/1985840/000121390026084293/0001213900-26-084293-index.htm,EX-99.1,"PRESS RELEASE, DATED AUGUST 3, 2026",https://www.sec.gov/Archives/edgar/data/1985840/000121390026084293/ea030017001ex99-1.htm,False,
RSSS,2026-08-03 00:00:00,https://www.sec.gov/Archives/edgar/data/1386301/000110465926089546/0001104659-26-089546-index.htm,8-K,FORM 8-K,https://www.sec.gov/Archives/edgar/data/1386301/000110465926089546/tm2621884d1_8k.htm,False,
RSSS,2026-08-03 00:00:00,https://www.sec.gov/Archives/edgar/data/1386301/000110465926089546/0001104659-26-089546-index.htm,EX-10.1,EXHIBIT 10.1,https://www.sec.gov/Archives/edgar/data/1386301/000110465926089546/tm2621884d1_ex10-1.htm,False,
KERNW,2026-08-03 00:00:00,https://www.sec.gov/Archives/edgar/data/1755953/000119312526329645/0001193125-26-329645-index.htm,8-K,8-K,https://www.sec.gov/Archives/edgar/data/1755953/000119312526329645/abtc-20260730.htm,False,
KERN,2026-08-03 00:00:00,https://www.sec.gov/Archives/edgar/data/1755953/000119312526329645/0001193125-26-329645-index.htm,8-K,8-K,https://www.sec.gov/Archives/edgar/data/1755953/000119312526329645/abtc-20260730.htm,False,
ABTC,2026-08-03 00:00:00,https://www.sec.gov/Archives/edgar/data/1755953/000119312526329645/0001193125-26-329645-index.htm,8-K,8-K,https://www.sec.gov/Archives/edgar/data/1755953/000119312526329645/abtc-20260730.htm,False,
GRYP,2026-08-03 00:00:00,https://www.sec.gov/Archives/edgar/data/1755953/000119312526329645/0001193125-26-329645-index.htm,8-K,8-K,https://www.sec.gov/Archives/edgar/data/1755953/000119312526329645/abtc-20260730.htm,False,
DFPHU,2026-08-03 00:00:00,https://www.sec.gov/Archives/edgar/data/1799191/000107997326000997/0001079973-26-000997-index.htm,8-K,FORM 8-K,https://www.sec.gov/Archives/edgar/data/1799191/000107997326000997/toi_8k.htm,False,
DFPHU,2026-08-03 00:00:00,https://www.sec.gov/Archives/edgar/data/1799191/000107997326000997/0001079973-26-000997-index.htm,EX-99.1,EXHIBIT 99.1,https://www.sec.gov/Archives/edgar/data/1799191/000107997326000997/ex99x1.htm,False,
DFPHW,2026-08-03 00:00:00,https://www.sec.gov/Archives/edgar/data/1799191/000107997326000997/0001079973-26-000997-index.htm,8-K,FORM 8-K,https://www.sec.gov/Archives/edgar/data/1799191/000107997326000997/toi_8k.htm,False,
DFPHW,2026-08-03 00:00:00,https://www.sec.gov/Archives/edgar/data/1799191/000107997326000997/0001079973-26-000997-index.htm,EX-99.1,EXHIBIT 99.1,https://www.sec.gov/Archives/edgar/data/1799191/000107997326000997/ex99x1.htm,False,
TOIIW,2026-08-03 00:00:00,https://www.sec.gov/Archives/edgar/data/1799191/000107997326000997/0001079973-26-000997-index.htm,8-K,FORM 8-K,https://www.sec.gov/Archives/edgar/data/1799191/000107997326000997/toi_8k.htm,False,
TOIIW,2026-08-03 00:00:00,https://www.sec.gov/Archives/edgar/data/1799191/000107997326000997/0001079973-26-000997-index.htm,EX-99.1,EXHIBIT 99.1,https://www.sec.gov/Archives/edgar/data/1799191/000107997326000997/ex99x1.htm,False,
TOI,2026-08-03 00:00:00,https://www.sec.gov/Archives/edgar/data/1799191/000107997326000997/0001079973-26-000997-index.htm,8-K,FORM 8-K,https://www.sec.gov/Archives/edgar/data/1799191/000107997326000997/toi_8k.htm,False,
TOI,2026-08-03 00:00:00,https://www.sec.gov/Archives/edgar/data/1799191/000107997326000997/0001079973-26-000997-index.htm,EX-99.1,EXHIBIT 99.1,https://www.sec.gov/Archives/edgar/data/1799191/000107997326000997/ex99x1.htm,False,
HGBL,2026-08-03 00:00:00,https://www.sec.gov/Archives/edgar/data/849145/000119312526329644/0001193125-26-329644-index.htm,8-K,8-K,https://www.sec.gov/Archives/edgar/data/849145/000119312526329644/hgbl-20260803.htm,False,
HGBL,2026-08-03 00:00:00,https://www.sec.gov/Archives/edgar/data/849145/000119312526329644/0001193125-26-329644-index.htm,EX-99.1,EX-99.1,https://www.sec.gov/Archives/edgar/data/849145/000119312526329644/hgbl-ex99_1.htm,False,
ESQ,2026-08-03 00:00:00,https://www.sec.gov/Archives/edgar/data/1531031/000110465926089537/0001104659-26-089537-index.htm,8-K,FORM 8-K,https://www.sec.gov/Archives/edgar/data/1531031/000110465926089537/tm2621793d1_8k.htm,False,
ESQ,2026-08-03 00:00:00,https://www.sec.gov/Archives/edgar/data/1531031/000110465926089537/0001104659-26-089537-index.htm,EX-99.1,EXHIBIT 99.1,https://www.sec.gov/Archives/edgar/data/1531031/000110465926089537/tm2621793d1_ex99-1.htm,False,
STHO,2026-08-03 00:00:00,https://www.sec.gov/Archives/edgar/data/1953366/000195336626000017/0001953366-26-000017-index.htm,8-K,8-K,https://www.sec.gov/Archives/edgar/data/1953366/000195336626000017/stho-20260801x8k.htm,False,
BLRK,2026-08-03 00:00:00,https://www.sec.gov/Archives/edgar/data/2081532/000121390026084282/0001213900-26-084282-index.htm,8-K,CURRENT REPORT,https://www.sec.gov/Archives/edgar/data/2081532/000121390026084282/ea0299624-8k425_bluerock.htm,True,
BLRK,2026-08-03 00:00:00,https://www.sec.gov/Archives/edgar/data/2081532/000121390026084282/0001213900-26-084282-index.htm,EX-10.1,"SPONSOR SUPPORT AGREEMENT, DATED AS OF JULY 31, 2026, BY AND AMONG BLUEROCK ACQU",https://www.sec.gov/Archives/edgar/data/2081532/000121390026084282/ea029962401ex10-1.htm,False,
BLRK,2026-08-03 00:00:00,https://www.sec.gov/Archives/edgar/data/2081532/000121390026084282/0001213900-26-084282-index.htm,EX-10.2,"COMPANY SUPPORT AGREEMENT, BY AND AMONG BLUEROCK ACQUISITION CORP., BITONIC TECH",https://www.sec.gov/Archives/edgar/data/2081532/000121390026084282/ea029962401ex10-2.htm,False,
BLRK,2026-08-03 00:00:00,https://www.sec.gov/Archives/edgar/data/2081532/000121390026084282/0001213900-26-084282-index.htm,EX-99.1,"PRESS RELEASE, DATED AUGUST 3, 2026",https://www.sec.gov/Archives/edgar/data/2081532/000121390026084282/ea029962401ex99-1.htm,False,
BLRKU,2026-08-03 00:00:00,https://www.sec.gov/Archives/edgar/data/2081532/000121390026084282/0001213900-26-084282-index.htm,8-K,CURRENT REPORT,https://www.sec.gov/Archives/edgar/data/2081532/000121390026084282/ea0299624-8k425_bluerock.htm,True,
BLRKU,2026-08-03 00:00:00,https://www.sec.gov/Archives/edgar/data/2081532/000121390026084282/0001213900-26-084282-index.htm,EX-10.1,"SPONSOR SUPPORT AGREEMENT, DATED AS OF JULY 31, 2026, BY AND AMONG BLUEROCK ACQU",https://www.sec.gov/Archives/edgar/data/2081532/000121390026084282/ea029962401ex10-1.htm,False,
BLRKU,2026-08-03 00:00:00,https://www.sec.gov/Archives/edgar/data/2081532/000121390026084282/0001213900-26-084282-index.htm,EX-10.2,"COMPANY SUPPORT AGREEMENT, BY AND AMONG BLUEROCK ACQUISITION CORP., BITONIC TECH",https://www.sec.gov/Archives/edgar/data/2081532/000121390026084282/ea029962401ex10-2.htm,False,
BLRKU,2026-08-03 00:00:00,https://www.sec.gov/Archives/edgar/data/2081532/000121390026084282/0001213900-26-084282-index.htm,EX-99.1,"PRESS RELEASE, DATED AUGUST 3, 2026",https://www.sec.gov/Archives/edgar/data/2081532/000121390026084282/ea029962401ex99-1.htm,False,
SBFMW,2026-08-03 00:00:00,https://www.sec.gov/Archives/edgar/data/1402328/000168316826005899/0001683168-26-005899-index.htm,8-K,FORM 8-K,https://www.sec.gov/Archives/edgar/data/1402328/000168316826005899/sunshine_8k.htm,False,
SBFM,2026-08-03 00:00:00,https://www.sec.gov/Archives/edgar/data/1402328/000168316826005899/0001683168-26-005899-index.htm,8-K,FORM 8-K,https://www.sec.gov/Archives/edgar/data/1402328/000168316826005899/sunshine_8k.htm,False,
UCBI,2026-08-03 00:00:00,https://www.sec.gov/Archives/edgar/data/857855/000085785526000069/0000857855-26-000069-index.htm,8-K,8-K,https://www.sec.gov/Archives/edgar/data/857855/000085785526000069/ucbi-20260803.htm,False,
UCBI,2026-08-03 00:00:00,https://www.sec.gov/Archives/edgar/data/857855/000085785526000069/0000857855-26-000069-index.htm,EX-99.1,EX-99.1,https://www.sec.gov/Archives/edgar/data/857855/000085785526000069/exhibit991-pressreleaseann.htm,False,
UCB-PI,2026-08-03 00:00:00,https://www.sec.gov/Archives/edgar/data/857855/000085785526000069/0000857855-26-000069-index.htm,8-K,8-K,https://www.sec.gov/Archives/edgar/data/857855/000085785526000069/ucbi-20260803.htm,False,
UCB-PI,2026-08-03 00:00:00,https://www.sec.gov/Archives/edgar/data/857855/000085785526000069/0000857855-26-000069-index.htm,EX-99.1,EX-99.1,https://www.sec.gov/Archives/edgar/data/857855/000085785526000069/exhibit991-pressreleaseann.htm,False,
UCB,2026-08-03 00:00:00,https://www.sec.gov/Archives/edgar/data/857855/000085785526000069/0000857855-26-000069-index.htm,8-K,8-K,https://www.sec.gov/Archives/edgar/data/857855/000085785526000069/ucbi-20260803.htm,False,
UCB,2026-08-03 00:00:00,https://www.sec.gov/Archives/edgar/data/857855/000085785526000069/0000857855-26-000069-index.htm,EX-99.1,EX-99.1,https://www.sec.gov/Archives/edgar/data/857855/000085785526000069/exhibit991-pressreleaseann.htm,False,
UCBIO,2026-08-03 00:00:00,https://www.sec.gov/Archives/edgar/data/857855/000085785526000069/0000857855-26-000069-index.htm,8-K,8-K,https://www.sec.gov/Archives/edgar/data/857855/000085785526000069/ucbi-20260803.htm,False,
UCBIO,2026-08-03 00:00:00,https://www.sec.gov/Archives/edgar/data/857855/000085785526000069/0000857855-26-000069-index.htm,EX-99.1,EX-99.1,https://www.sec.gov/Archives/edgar/data/857855/000085785526000069/exhibit991-pressreleaseann.htm,False,
SNBR,2026-08-03 00:00:00,https://www.sec.gov/Archives/edgar/data/827187/000095010326011603/0000950103-26-011603-index.htm,8-K,FORM 8-K,https://www.sec.gov/Archives/edgar/data/827187/000095010326011603/dp251018_8k.htm,True,
STAR-PG,2026-08-03 00:00:00,https://www.sec.gov/Archives/edgar/data/1095651/000109565126000028/0001095651-26-000028-index.htm,8-K,8-K,https://www.sec.gov/Archives/edgar/data/1095651/000109565126000028/safe-20260801x8k.htm,False,
STAR-PD,2026-08-03 00:00:00,https://www.sec.gov/Archives/edgar/data/1095651/000109565126000028/0001095651-26-000028-index.htm,8-K,8-K,https://www.sec.gov/Archives/edgar/data/1095651/000109565126000028/safe-20260801x8k.htm,False,
STAR,2026-08-03 00:00:00,https://www.sec.gov/Archives/edgar/data/1095651/000109565126000028/0001095651-26-000028-index.htm,8-K,8-K,https://www.sec.gov/Archives/edgar/data/1095651/000109565126000028/safe-20260801x8k.htm,False,
STAR-PI,2026-08-03 00:00:00,https://www.sec.gov/Archives/edgar/data/1095651/000109565126000028/0001095651-26-000028-index.htm,8-K,8-K,https://www.sec.gov/Archives/edgar/data/1095651/000109565126000028/safe-20260801x8k.htm,False,
BMNR,2026-08-03 00:00:00,https://www.sec.gov/Archives/edgar/data/1829311/000149315226035752/0001493152-26-035752-index.htm,8-K,8-K,https://www.sec.gov/Archives/edgar/data/1829311/000149315226035752/form8-k.htm,False,
BMNR,2026-08-03 00:00:00,https://www.sec.gov/Archives/edgar/data/1829311/000149315226035752/0001493152-26-035752-index.htm,EX-99.1,EX-99.1,https://www.sec.gov/Archives/edgar/data/1829311/000149315226035752/ex99-1.htm,False,
SSHI,2026-08-03 00:00:00,https://www.sec.gov/Archives/edgar/data/1829311/000149315226035752/0001493152-26-035752-index.htm,8-K,8-K,https://www.sec.gov/Archives/edgar/data/1829311/000149315226035752/form8-k.htm,False,
SSHI,2026-08-03 00:00:00,https://www.sec.gov/Archives/edgar/data/1829311/000149315226035752/0001493152-26-035752-index.htm,EX-99.1,EX-99.1,https://www.sec.gov/Archives/edgar/data/1829311/000149315226035752/ex99-1.htm,False,
AIRI,2026-08-03 00:00:00,https://www.sec.gov/Archives/edgar/data/1009891/000121390026084279/0001213900-26-084279-index.htm,8-K,CURRENT REPORT,https://www.sec.gov/Archives/edgar/data/1009891/000121390026084279/ea0300196-8k_air.htm,True,
AIRI,2026-08-03 00:00:00,https://www.sec.gov/Archives/edgar/data/1009891/000121390026084279/0001213900-26-084279-index.htm,EX-99.1,"PRESS RELEASE OF AIR INDUSTRIES GROUP DATED AUGUST 3, 2026",https://www.sec.gov/Archives/edgar/data/1009891/000121390026084279/ea030019601ex99-1.htm,False,
HWCPZ,2026-08-03 00:00:00,https://www.sec.gov/Archives/edgar/data/750577/000119312526329625/0001193125-26-329625-index.htm,8-K,8-K,https://www.sec.gov/Archives/edgar/data/750577/000119312526329625/d118362d8k.htm,False,
HWCPZ,2026-08-03 00:00:00,https://www.sec.gov/Archives/edgar/data/750577/000119312526329625/0001193125-26-329625-index.htm,EX-99.1,EX-99.1,https://www.sec.gov/Archives/edgar/data/750577/000119312526329625/d118362dex991.htm,False,
HWC,2026-08-03 00:00:00,https://www.sec.gov/Archives/edgar/data/750577/000119312526329625/0001193125-26-329625-index.htm,8-K,8-K,https://www.sec.gov/Archives/edgar/data/750577/000119312526329625/d118362d8k.htm,False,
HWC,2026-08-03 00:00:00,https://www.sec.gov/Archives/edgar/data/750577/000119312526329625/0001193125-26-329625-index.htm,EX-99.1,EX-99.1,https://www.sec.gov/Archives/edgar/data/750577/000119312526329625/d118362dex991.htm,False,
ADSK,2026-08-03 00:00:00,https://www.sec.gov/Archives/edgar/data/769397/000121390026084276/0001213900-26-084276-index.htm,8-K,CURRENT REPORT,https://www.sec.gov/Archives/edgar/data/769397/000121390026084276/ea0300009-8k_autodesk.htm,False,
LNTH,2026-08-03 00:00:00,https://www.sec.gov/Archives/edgar/data/1521036/000119312526329622/0001193125-26-329622-index.htm,8-K,8-K,https://www.sec.gov/Archives/edgar/data/1521036/000119312526329622/d148563d8k.htm,False,
LNTH,2026-08-03 00:00:00,https://www.sec.gov/Archives/edgar/data/1521036/000119312526329622/0001193125-26-329622-index.htm,EX-99.1,EX-99.1,https://www.sec.gov/Archives/edgar/data/1521036/000119312526329622/d148563dex991.htm,False,
LRHC,2026-08-03 00:00:00,https://www.sec.gov/Archives/edgar/data/1879403/000121390026084275/0001213900-26-084275-index.htm,8-K,CURRENT REPORT,https://www.sec.gov/Archives/edgar/data/1879403/000121390026084275/ea0300212-8k_larosa.htm,True,
LRHC,2026-08-03 00:00:00,https://www.sec.gov/Archives/edgar/data/1879403/000121390026084275/0001213900-26-084275-index.htm,EX-10.1,"FORM OF THE SECURITIES PURCHASE AGREEMENT, BETWEEN THE COMPANY AND INVESTOR, DAT",https://www.sec.gov/Archives/edgar/data/1879403/000121390026084275/ea030021201ex10-1.htm,True,
LRHC,2026-08-03 00:00:00,https://www.sec.gov/Archives/edgar/data/1879403/000121390026084275/0001213900-26-084275-index.htm,EX-99.1,"PRESS RELEASE OF LA ROSA HOLDINGS CORP., DATED AUGUST 3 2026",https://www.sec.gov/Archives/edgar/data/1879403/000121390026084275/ea030021201ex99-1.htm,False,
WMG,2026-08-03 00:00:00,https://www.sec.gov/Archives/edgar/data/1319161/000119312526329621/0001193125-26-329621-index.htm,8-K,8-K,https://www.sec.gov/Archives/edgar/data/1319161/000119312526329621/d113003d8k.htm,False,
WMG,2026-08-03 00:00:00,https://www.sec.gov/Archives/edgar/data/1319161/000119312526329621/0001193125-26-329621-index.htm,EX-99.1,EX-99.1,https://www.sec.gov/Archives/edgar/data/1319161/000119312526329621/d113003dex991.htm,False,
SUPN,2026-08-03 00:00:00,https://www.sec.gov/Archives/edgar/data/1356576/000110465926089524/0001104659-26-089524-index.htm,8-K,FORM 8-K,https://www.sec.gov/Archives/edgar/data/1356576/000110465926089524/tm2622009d4_8k.htm,False,
SUPN,2026-08-03 00:00:00,https://www.sec.gov/Archives/edgar/data/1356576/000110465926089524/0001104659-26-089524-index.htm,EX-99.1,EXHIBIT 99.1,https://www.sec.gov/Archives/edgar/data/1356576/000110465926089524/tm2622009d4_ex99-1.htm,False,
INDV,2026-08-03 00:00:00,https://www.sec.gov/Archives/edgar/data/1625297/000119312526329618/0001193125-26-329618-index.htm,8-K,8-K,https://www.sec.gov/Archives/edgar/data/1625297/000119312526329618/d166865d8k.htm,False,
INDV,2026-08-03 00:00:00,https://www.sec.gov/Archives/edgar/data/1625297/000119312526329618/0001193125-26-329618-index.htm,EX-99.1,EX-99.1,https://www.sec.gov/Archives/edgar/data/1625297/000119312526329618/d166865dex991.htm,False,
None,2026-08-03 00:00:00,https://www.sec.gov/Archives/edgar/data/1930087/000193008726000088/0001930087-26-000088-index.htm,8-K,8-K,https://www.sec.gov/Archives/edgar/data/1930087/000193008726000088/gcred-20260803.htm,False,
None,2026-08-03 00:00:00,https://www.sec.gov/Archives/edgar/data/1930087/000193008726000088/0001930087-26-000088-index.htm,EX-99.1,EX-99.1,https://www.sec.gov/Archives/edgar/data/1930087/000193008726000088/gcredshareholderletter.htm,False,
None,2026-08-03 00:00:00,https://www.sec.gov/Archives/edgar/data/1271833/000110465926089522/0001104659-26-089522-index.htm,8-K,FORM 8-K,https://www.sec.gov/Archives/edgar/data/1091667/000110465926089522/tm2621789d1_8k.htm,False,
None,2026-08-03 00:00:00,https://www.sec.gov/Archives/edgar/data/1271833/000110465926089522/0001104659-26-089522-index.htm,EX-99.1,EXHIBIT 99.1,https://www.sec.gov/Archives/edgar/data/1091667/000110465926089522/tm2621789d1_ex99-1.htm,True,
None,2026-08-03 00:00:00,https://www.sec.gov/Archives/edgar/data/1271834/000110465926089522/0001104659-26-089522-index.htm,8-K,FORM 8-K,https://www.sec.gov/Archives/edgar/data/1091667/000110465926089522/tm2621789d1_8k.htm,False,
None,2026-08-03 00:00:00,https://www.sec.gov/Archives/edgar/data/1271834/000110465926089522/0001104659-26-089522-index.htm,EX-99.1,EXHIBIT 99.1,https://www.sec.gov/Archives/edgar/data/1091667/000110465926089522/tm2621789d1_ex99-1.htm,True,
CHTR,2026-08-03 00:00:00,https://www.sec.gov/Archives/edgar/data/1091667/000110465926089522/0001104659-26-089522-index.htm,8-K,FORM 8-K,https://www.sec.gov/Archives/edgar/data/1091667/000110465926089522/tm2621789d1_8k.htm,False,
CHTR,2026-08-03 00:00:00,https://www.sec.gov/Archives/edgar/data/1091667/000110465926089522/0001104659-26-089522-index.htm,EX-99.1,EXHIBIT 99.1,https://www.sec.gov/Archives/edgar/data/1091667/000110465926089522/tm2621789d1_ex99-1.htm,True,
USAQ,2026-08-03 00:00:00,https://www.sec.gov/Archives/edgar/data/856984/000149315226035749/0001493152-26-035749-index.htm,8-K,8-K,https://www.sec.gov/Archives/edgar/data/856984/000149315226035749/form8-k.htm,False,
USAQ,2026-08-03 00:00:00,https://www.sec.gov/Archives/edgar/data/856984/000149315226035749/0001493152-26-035749-index.htm,EX-99.1,EX-99.1,https://www.sec.gov/Archives/edgar/data/856984/000149315226035749/ex99-1.htm,False,
None,2026-08-03 00:00:00,https://www.sec.gov/Archives/edgar/data/2129659/000121390026084273/0001213900-26-084273-index.htm,8-K,CURRENT REPORT,https://www.sec.gov/Archives/edgar/data/2129659/000121390026084273/ea0299886-8k_freedom.htm,False,
None,2026-08-03 00:00:00,https://www.sec.gov/Archives/edgar/data/2129659/000121390026084273/0001213900-26-084273-index.htm,EX-99.1,"PRESS RELEASE DATED AUGUST 3, 2026",https://www.sec.gov/Archives/edgar/data/2129659/000121390026084273/ea029988601ex99-1.htm,False,
BHLB,2026-08-03 00:00:00,https://www.sec.gov/Archives/edgar/data/1108134/000117184326005142/0001171843-26-005142-index.htm,8-K,FORM 8-K,https://www.sec.gov/Archives/edgar/data/1108134/000117184326005142/f8k_080126.htm,False,
BHLB,2026-08-03 00:00:00,https://www.sec.gov/Archives/edgar/data/1108134/000117184326005142/0001171843-26-005142-index.htm,EX-10.1,EXHIBIT 10.1,https://www.sec.gov/Archives/edgar/data/1108134/000117184326005142/exh_101.htm,False,
BHLB,2026-08-03 00:00:00,https://www.sec.gov/Archives/edgar/data/1108134/000117184326005142/0001171843-26-005142-index.htm,EX-99.1,PRESS RELEASE,https://www.sec.gov/Archives/edgar/data/1108134/000117184326005142/exh_991.htm,False,
HCHC,2026-08-03 00:00:00,https://www.sec.gov/Archives/edgar/data/1006837/000100683726000053/0001006837-26-000053-index.htm,8-K,8-K,https://www.sec.gov/Archives/edgar/data/1006837/000100683726000053/hchc-20260731.htm,True,
HCHC,2026-08-03 00:00:00,https://www.sec.gov/Archives/edgar/data/1006837/000100683726000053/0001006837-26-000053-index.htm,EX-10.1,EX-10.1,https://www.sec.gov/Archives/edgar/data/1006837/000100683726000053/a20260803ex101-2027ssnx2nd.htm,False,
HCHC,2026-08-03 00:00:00,https://www.sec.gov/Archives/edgar/data/1006837/000100683726000053/0001006837-26-000053-index.htm,EX-10.2,EX-10.2,https://www.sec.gov/Archives/edgar/data/1006837/000100683726000053/a20260803ex102-2027convert.htm,False,
VATE,2026-08-03 00:00:00,https://www.sec.gov/Archives/edgar/data/1006837/000100683726000053/0001006837-26-000053-index.htm,8-K,8-K,https://www.sec.gov/Archives/edgar/data/1006837/000100683726000053/hchc-20260731.htm,True,
VATE,2026-08-03 00:00:00,https://www.sec.gov/Archives/edgar/data/1006837/000100683726000053/0001006837-26-000053-index.htm,EX-10.1,EX-10.1,https://www.sec.gov/Archives/edgar/data/1006837/000100683726000053/a20260803ex101-2027ssnx2nd.htm,False,
VATE,2026-08-03 00:00:00,https://www.sec.gov/Archives/edgar/data/1006837/000100683726000053/0001006837-26-000053-index.htm,EX-10.2,EX-10.2,https://www.sec.gov/Archives/edgar/data/1006837/000100683726000053/a20260803ex102-2027convert.htm,False,
AVXL,2026-08-03 00:00:00,https://www.sec.gov/Archives/edgar/data/1314052/000173112226001000/0001731122-26-001000-index.htm,8-K,FORM 8-K,https://www.sec.gov/Archives/edgar/data/1314052/000173112226001000/e7823_8-k.htm,False,
AVXL,2026-08-03 00:00:00,https://www.sec.gov/Archives/edgar/data/1314052/000173112226001000/0001731122-26-001000-index.htm,EX-99.1,EXHIBIT 99.1,https://www.sec.gov/Archives/edgar/data/1314052/000173112226001000/e7823_ex99-1.htm,False,
PLOW,2026-08-03 00:00:00,https://www.sec.gov/Archives/edgar/data/1287213/000143774926025317/0001437749-26-025317-index.htm,8-K,FORM 8-K,https://www.sec.gov/Archives/edgar/data/1287213/000143774926025317/plow20260729_8k.htm,False,
PLOW,2026-08-03 00:00:00,https://www.sec.gov/Archives/edgar/data/1287213/000143774926025317/0001437749-26-025317-index.htm,EX-99.1,EXHIBIT 99.1,https://www.sec.gov/Archives/edgar/data/1287213/000143774926025317/ex_995260.htm,False,
AVBH,2026-08-03 00:00:00,https://www.sec.gov/Archives/edgar/data/1443575/000143774926025315/0001437749-26-025315-index.htm,8-K,FORM 8-K,https://www.sec.gov/Archives/edgar/data/1443575/000143774926025315/avbh20260714_8k.htm,False,
AVBH,2026-08-03 00:00:00,https://www.sec.gov/Archives/edgar/data/1443575/000143774926025315/0001437749-26-025315-index.htm,EX-10.1,EXHIBIT 10.1,https://www.sec.gov/Archives/edgar/data/1443575/000143774926025315/ex_987931.htm,False,
AVBH,2026-08-03 00:00:00,https://www.sec.gov/Archives/edgar/data/1443575/000143774926025315/0001437749-26-025315-index.htm,EX-99.1,EXHIBIT 99.1,https://www.sec.gov/Archives/edgar/data/1443575/000143774926025315/ex_987898.htm,False,
WOOF,2026-08-03 00:00:00,https://www.sec.gov/Archives/edgar/data/1826470/000119312526329596/0001193125-26-329596-index.htm,8-K,8-K,https://www.sec.gov/Archives/edgar/data/1826470/000119312526329596/woof-20260731.htm,False,
WOOF,2026-08-03 00:00:00,https://www.sec.gov/Archives/edgar/data/1826470/000119312526329596/0001193125-26-329596-index.htm,EX-99.1,EX-99.1,https://www.sec.gov/Archives/edgar/data/1826470/000119312526329596/woof-ex99_1.htm,False,
AUTL,2026-08-03 00:00:00,https://www.sec.gov/Archives/edgar/data/1730463/000173046326000112/0001730463-26-000112-index.htm,8-K,8-K,https://www.sec.gov/Archives/edgar/data/1730463/000173046326000112/autl-20260803.htm,False,
AUTL,2026-08-03 00:00:00,https://www.sec.gov/Archives/edgar/data/1730463/000173046326000112/0001730463-26-000112-index.htm,EX-99.1,EX-99.1,https://www.sec.gov/Archives/edgar/data/1730463/000173046326000112/autlex-991pr030826.htm,False,
COHN,2026-08-03 00:00:00,https://www.sec.gov/Archives/edgar/data/1270436/000110465926089490/0001104659-26-089490-index.htm,8-K,FORM 8-K,https://www.sec.gov/Archives/edgar/data/1270436/000110465926089490/tm2621624d1_8k.htm,False,
COHN,2026-08-03 00:00:00,https://www.sec.gov/Archives/edgar/data/1270436/000110465926089490/0001104659-26-089490-index.htm,EX-99.1,EXHIBIT 99.1,https://www.sec.gov/Archives/edgar/data/1270436/000110465926089490/tm2621624d1_ex99-1.htm,False,
DSGN,2026-08-03 00:00:00,https://www.sec.gov/Archives/edgar/data/1807120/000119312526329570/0001193125-26-329570-index.htm,8-K,8-K,https://www.sec.gov/Archives/edgar/data/1807120/000119312526329570/dsgn-20260803.htm,False,
DSGN,2026-08-03 00:00:00,https://www.sec.gov/Archives/edgar/data/1807120/000119312526329570/0001193125-26-329570-index.htm,EX-99.1,EX-99.1,https://www.sec.gov/Archives/edgar/data/1807120/000119312526329570/dsgn-ex99_1.htm,False,
BOW,2026-08-03 00:00:00,https://www.sec.gov/Archives/edgar/data/2002473/000162828026051540/0001628280-26-051540-index.htm,8-K,8-K,https://www.sec.gov/Archives/edgar/data/2002473/000162828026051540/bow-20260802.htm,True,
BOW,2026-08-03 00:00:00,https://www.sec.gov/Archives/edgar/data/2002473/000162828026051540/0001628280-26-051540-index.htm,EX-99.1,EX-99.1,https://www.sec.gov/Archives/edgar/data/2002473/000162828026051540/earningsreleaseq22026-copy.htm,False,
GWW,2026-08-03 00:00:00,https://www.sec.gov/Archives/edgar/data/277135/000110465926089478/0001104659-26-089478-index.htm,8-K,FORM 8-K,https://www.sec.gov/Archives/edgar/data/277135/000110465926089478/tm2621790d1_8k.htm,False,
AGCO,2026-08-03 00:00:00,https://www.sec.gov/Archives/edgar/data/880266/000110465926089477/0001104659-26-089477-index.htm,8-K,FORM 8-K,https://www.sec.gov/Archives/edgar/data/880266/000110465926089477/tm2621829d1_8k.htm,False,
AGCO,2026-08-03 00:00:00,https://www.sec.gov/Archives/edgar/data/880266/000110465926089477/0001104659-26-089477-index.htm,EX-10.1,EXHIBIT 10.1,https://www.sec.gov/Archives/edgar/data/880266/000110465926089477/tm2621829d1_ex10-1.htm,False,
AGCO,2026-08-03 00:00:00,https://www.sec.gov/Archives/edgar/data/880266/000110465926089477/0001104659-26-089477-index.htm,EX-99.1,EXHIBIT 99.1,https://www.sec.gov/Archives/edgar/data/880266/000110465926089477/tm2621829d1_ex99-1.htm,False,
NWSA,2026-08-03 00:00:00,https://www.sec.gov/Archives/edgar/data/1564708/000156470826000165/0001564708-26-000165-index.htm,8-K,8-K,https://www.sec.gov/Archives/edgar/data/1564708/000156470826000165/nws-20260731.htm,False,
NWSA,2026-08-03 00:00:00,https://www.sec.gov/Archives/edgar/data/1564708/000156470826000165/0001564708-26-000165-index.htm,EX-99.1,EX-99.1,https://www.sec.gov/Archives/edgar/data/1564708/000156470826000165/appendix3cclassa20260731.htm,False,
NWS,2026-08-03 00:00:00,https://www.sec.gov/Archives/edgar/data/1564708/000156470826000165/0001564708-26-000165-index.htm,8-K,8-K,https://www.sec.gov/Archives/edgar/data/1564708/000156470826000165/nws-20260731.htm,False,
NWS,2026-08-03 00:00:00,https://www.sec.gov/Archives/edgar/data/1564708/000156470826000165/0001564708-26-000165-index.htm,EX-99.1,EX-99.1,https://www.sec.gov/Archives/edgar/data/1564708/000156470826000165/appendix3cclassa20260731.htm,False,
EDBL,2026-08-03 00:00:00,https://www.sec.gov/Archives/edgar/data/1809750/000147793226004660/0001477932-26-004660-index.htm,8-K,FORM 8-K,https://www.sec.gov/Archives/edgar/data/1809750/000147793226004660/edbl_8k.htm,True,
EDBL,2026-08-03 00:00:00,https://www.sec.gov/Archives/edgar/data/1809750/000147793226004660/0001477932-26-004660-index.htm,EX-10.1,PURCHASE AGREEMENT,https://www.sec.gov/Archives/edgar/data/1809750/000147793226004660/edbl_ex101.htm,False,
EDBL,2026-08-03 00:00:00,https://www.sec.gov/Archives/edgar/data/1809750/000147793226004660/0001477932-26-004660-index.htm,EX-99.1,PRESS RELEASE,https://www.sec.gov/Archives/edgar/data/1809750/000147793226004660/edbl_ex991.htm,False,
EDBLW,2026-08-03 00:00:00,https://www.sec.gov/Archives/edgar/data/1809750/000147793226004660/0001477932-26-004660-index.htm,8-K,FORM 8-K,https://www.sec.gov/Archives/edgar/data/1809750/000147793226004660/edbl_8k.htm,True,
EDBLW,2026-08-03 00:00:00,https://www.sec.gov/Archives/edgar/data/1809750/000147793226004660/0001477932-26-004660-index.htm,EX-10.1,PURCHASE AGREEMENT,https://www.sec.gov/Archives/edgar/data/1809750/000147793226004660/edbl_ex101.htm,False,
EDBLW,2026-08-03 00:00:00,https://www.sec.gov/Archives/edgar/data/1809750/000147793226004660/0001477932-26-004660-index.htm,EX-99.1,PRESS RELEASE,https://www.sec.gov/Archives/edgar/data/1809750/000147793226004660/edbl_ex991.htm,False,
HESM,2026-08-03 00:00:00,https://www.sec.gov/Archives/edgar/data/1789832/000119312526329567/0001193125-26-329567-index.htm,8-K,8-K,https://www.sec.gov/Archives/edgar/data/1789832/000119312526329567/hesm-20260803.htm,False,
HESM,2026-08-03 00:00:00,https://www.sec.gov/Archives/edgar/data/1789832/000119312526329567/0001193125-26-329567-index.htm,EX-99.1,EX-99.1,https://www.sec.gov/Archives/edgar/data/1789832/000119312526329567/hesm-ex99_1.htm,True,
STRC,2026-08-03 00:00:00,https://www.sec.gov/Archives/edgar/data/1050446/000119312526329565/0001193125-26-329565-index.htm,8-K,8-K,https://www.sec.gov/Archives/edgar/data/1050446/000119312526329565/mstr-20260803.htm,False,
STRD,2026-08-03 00:00:00,https://www.sec.gov/Archives/edgar/data/1050446/000119312526329565/0001193125-26-329565-index.htm,8-K,8-K,https://www.sec.gov/Archives/edgar/data/1050446/000119312526329565/mstr-20260803.htm,False,
STRF,2026-08-03 00:00:00,https://www.sec.gov/Archives/edgar/data/1050446/000119312526329565/0001193125-26-329565-index.htm,8-K,8-K,https://www.sec.gov/Archives/edgar/data/1050446/000119312526329565/mstr-20260803.htm,False,
STRK,2026-08-03 00:00:00,https://www.sec.gov/Archives/edgar/data/1050446/000119312526329565/0001193125-26-329565-index.htm,8-K,8-K,https://www.sec.gov/Archives/edgar/data/1050446/000119312526329565/mstr-20260803.htm,False,
MSTR,2026-08-03 00:00:00,https://www.sec.gov/Archives/edgar/data/1050446/000119312526329565/0001193125-26-329565-index.htm,8-K,8-K,https://www.sec.gov/Archives/edgar/data/1050446/000119312526329565/mstr-20260803.htm,False,
SATA,2026-08-03 00:00:00,https://www.sec.gov/Archives/edgar/data/1920406/000162828026051539/0001628280-26-051539-index.htm,8-K,8-K,https://www.sec.gov/Archives/edgar/data/1920406/000162828026051539/asst-20260803.htm,False,
ASST,2026-08-03 00:00:00,https://www.sec.gov/Archives/edgar/data/1920406/000162828026051539/0001628280-26-051539-index.htm,8-K,8-K,https://www.sec.gov/Archives/edgar/data/1920406/000162828026051539/asst-20260803.htm,False,
BAM,2026-08-03 00:00:00,https://www.sec.gov/Archives/edgar/data/1937926/000110465926089471/0001104659-26-089471-index.htm,8-K,FORM 8-K,https://www.sec.gov/Archives/edgar/data/1937926/000110465926089471/tm2619556d1_8k.htm,False,
BAM,2026-08-03 00:00:00,https://www.sec.gov/Archives/edgar/data/1937926/000110465926089471/0001104659-26-089471-index.htm,EX-99.1,EXHIBIT 99.1,https://www.sec.gov/Archives/edgar/data/1937926/000110465926089471/tm2619556d1_ex99-1.htm,False,
BAM-WI,2026-08-03 00:00:00,https://www.sec.gov/Archives/edgar/data/1937926/000110465926089471/0001104659-26-089471-index.htm,8-K,FORM 8-K,https://www.sec.gov/Archives/edgar/data/1937926/000110465926089471/tm2619556d1_8k.htm,False,
BAM-WI,2026-08-03 00:00:00,https://www.sec.gov/Archives/edgar/data/1937926/000110465926089471/0001104659-26-089471-index.htm,EX-99.1,EXHIBIT 99.1,https://www.sec.gov/Archives/edgar/data/1937926/000110465926089471/tm2619556d1_ex99-1.htm,False,
LIND,2026-08-03 00:00:00,https://www.sec.gov/Archives/edgar/data/1512499/000143774926025309/0001437749-26-025309-index.htm,8-K,FORM 8-K,https://www.sec.gov/Archives/edgar/data/1512499/000143774926025309/lindb20260528_8k.htm,False,
LIND,2026-08-03 00:00:00,https://www.sec.gov/Archives/edgar/data/1512499/000143774926025309/0001437749-26-025309-index.htm,EX-99.1,"EXHIBIT 99.1 - EARNINGS PRESS RELEASE DATED AUGUST 3, 2026",https://www.sec.gov/Archives/edgar/data/1512499/000143774926025309/ex_969381.htm,False,
RCKT,2026-08-03 00:00:00,https://www.sec.gov/Archives/edgar/data/1281895/000114036126030568/0001140361-26-030568-index.htm,8-K,8-K,https://www.sec.gov/Archives/edgar/data/1281895/000114036126030568/ef20079241_8k.htm,False,
RCKT,2026-08-03 00:00:00,https://www.sec.gov/Archives/edgar/data/1281895/000114036126030568/0001140361-26-030568-index.htm,EX-99.1,EXHIBIT 99.1,https://www.sec.gov/Archives/edgar/data/1281895/000114036126030568/ef20079241_ex99-1.htm,False,
TSNU,2026-08-03 00:00:00,https://www.sec.gov/Archives/edgar/data/100493/000010049326000057/0000100493-26-000057-index.htm,8-K,8-K,https://www.sec.gov/Archives/edgar/data/100493/000010049326000057/tsn-20260803.htm,False,
TSNU,2026-08-03 00:00:00,https://www.sec.gov/Archives/edgar/data/100493/000010049326000057/0000100493-26-000057-index.htm,EX-99.1,EX-99.1,https://www.sec.gov/Archives/edgar/data/100493/000010049326000057/tsn2026q3exh-991.htm,False,
TSN,2026-08-03 00:00:00,https://www.sec.gov/Archives/edgar/data/100493/000010049326000057/0000100493-26-000057-index.htm,8-K,8-K,https://www.sec.gov/Archives/edgar/data/100493/000010049326000057/tsn-20260803.htm,False,
TSN,2026-08-03 00:00:00,https://www.sec.gov/Archives/edgar/data/100493/000010049326000057/0000100493-26-000057-index.htm,EX-99.1,EX-99.1,https://www.sec.gov/Archives/edgar/data/100493/000010049326000057/tsn2026q3exh-991.htm,False,
TWST,2026-08-03 00:00:00,https://www.sec.gov/Archives/edgar/data/1581280/000158128026000044/0001581280-26-000044-index.htm,8-K,8-K,https://www.sec.gov/Archives/edgar/data/1581280/000158128026000044/twist-20260803.htm,False,
TWST,2026-08-03 00:00:00,https://www.sec.gov/Archives/edgar/data/1581280/000158128026000044/0001581280-26-000044-index.htm,EX-99.1,EX-99.1,https://www.sec.gov/Archives/edgar/data/1581280/000158128026000044/twst-2026630xex991.htm,False,
COCP,2026-08-03 00:00:00,https://www.sec.gov/Archives/edgar/data/1412486/000149315226035743/0001493152-26-035743-index.htm,8-K,8-K,https://www.sec.gov/Archives/edgar/data/1412486/000149315226035743/form8-k.htm,True,
COCP,2026-08-03 00:00:00,https://www.sec.gov/Archives/edgar/data/1412486/000149315226035743/0001493152-26-035743-index.htm,EX-10.1,EX-10.1,https://www.sec.gov/Archives/edgar/data/1412486/000149315226035743/ex10-1.htm,False,
COCP,2026-08-03 00:00:00,https://www.sec.gov/Archives/edgar/data/1412486/000149315226035743/0001493152-26-035743-index.htm,EX-99.1,EX-99.1,https://www.sec.gov/Archives/edgar/data/1412486/000149315226035743/ex99-1.htm,False,
SBH,2026-08-03 00:00:00,https://www.sec.gov/Archives/edgar/data/1368458/000136845826000004/0001368458-26-000004-index.htm,8-K,8-K,https://www.sec.gov/Archives/edgar/data/1368458/000136845826000004/sbh-20260803.htm,False,
SBH,2026-08-03 00:00:00,https://www.sec.gov/Archives/edgar/data/1368458/000136845826000004/0001368458-26-000004-index.htm,EX-99.1,EX-99.1,https://www.sec.gov/Archives/edgar/data/1368458/000136845826000004/exhibit991.htm,True,
BCBP,2026-08-03 00:00:00,https://www.sec.gov/Archives/edgar/data/1228454/000119312526329536/0001193125-26-329536-index.htm,8-K,8-K,https://www.sec.gov/Archives/edgar/data/1228454/000119312526329536/d149798d8k.htm,False,
BCBP,2026-08-03 00:00:00,https://www.sec.gov/Archives/edgar/data/1228454/000119312526329536/0001193125-26-329536-index.htm,EX-99.1,EX-99.1,https://www.sec.gov/Archives/edgar/data/1228454/000119312526329536/d149798dex991.htm,False,
OCUL,2026-08-03 00:00:00,https://www.sec.gov/Archives/edgar/data/1393434/000110465926089443/0001104659-26-089443-index.htm,8-K,FORM 8-K,https://www.sec.gov/Archives/edgar/data/1393434/000110465926089443/tm2621618d1_8k.htm,False,
OCUL,2026-08-03 00:00:00,https://www.sec.gov/Archives/edgar/data/1393434/000110465926089443/0001104659-26-089443-index.htm,EX-99.1,EXHIBIT 99.1,https://www.sec.gov/Archives/edgar/data/1393434/000110465926089443/tm2621618d1_ex99-1.htm,False,
SMTK,2026-08-03 00:00:00,https://www.sec.gov/Archives/edgar/data/1817760/000110465926089441/0001104659-26-089441-index.htm,8-K,FORM 8-K,https://www.sec.gov/Archives/edgar/data/1817760/000110465926089441/tm2622015d1_8k.htm,True,
SMTK,2026-08-03 00:00:00,https://www.sec.gov/Archives/edgar/data/1817760/000110465926089441/0001104659-26-089441-index.htm,EX-99.1,EXHIBIT 99.1,https://www.sec.gov/Archives/edgar/data/1817760/000110465926089441/tm2622015d1_ex99-1.htm,False,
TGTX,2026-08-03 00:00:00,https://www.sec.gov/Archives/edgar/data/1001316/000143774926025304/0001437749-26-025304-index.htm,8-K,FORM 8-K,https://www.sec.gov/Archives/edgar/data/1001316/000143774926025304/tgtx20260730_8k.htm,False,
TGTX,2026-08-03 00:00:00,https://www.sec.gov/Archives/edgar/data/1001316/000143774926025304/0001437749-26-025304-index.htm,EX-99.1,EXHIBIT 99.1,https://www.sec.gov/Archives/edgar/data/1001316/000143774926025304/ex_997107.htm,False,
TNXP,2026-08-03 00:00:00,https://www.sec.gov/Archives/edgar/data/1430306/000149315226035741/0001493152-26-035741-index.htm,8-K,8-K,https://www.sec.gov/Archives/edgar/data/1430306/000149315226035741/form8-k.htm,False,
KRYS,2026-08-03 00:00:00,https://www.sec.gov/Archives/edgar/data/1711279/000171127926000058/0001711279-26-000058-index.htm,8-K,8-K,https://www.sec.gov/Archives/edgar/data/1711279/000171127926000058/krys-20260803.htm,False,
KRYS,2026-08-03 00:00:00,https://www.sec.gov/Archives/edgar/data/1711279/000171127926000058/0001711279-26-000058-index.htm,EX-99.1,EX-99.1,https://www.sec.gov/Archives/edgar/data/1711279/000171127926000058/a2q26-ex991xpressrelease.htm,False,
None,2026-08-03 00:00:00,https://www.sec.gov/Archives/edgar/data/2042347/000119312526329528/0001193125-26-329528-index.htm,8-K,8-K,https://www.sec.gov/Archives/edgar/data/2042347/000119312526329528/sptx-20260803.htm,False,
None,2026-08-03 00:00:00,https://www.sec.gov/Archives/edgar/data/2042347/000119312526329528/0001193125-26-329528-index.htm,EX-99.1,EX-99.1,https://www.sec.gov/Archives/edgar/data/2042347/000119312526329528/sptx-ex99_1.htm,False,
GNPX,2026-08-03 00:00:00,https://www.sec.gov/Archives/edgar/data/1595248/000143774926025302/0001437749-26-025302-index.htm,8-K,FORM 8-K,https://www.sec.gov/Archives/edgar/data/1595248/000143774926025302/gnpx20260802_8k.htm,False,
QBTS-WT,2026-08-03 00:00:00,https://www.sec.gov/Archives/edgar/data/1907982/000190798226000119/0001907982-26-000119-index.htm,8-K,8-K,https://www.sec.gov/Archives/edgar/data/1907982/000190798226000119/qbts-20260803.htm,False,
QBTS-WT,2026-08-03 00:00:00,https://www.sec.gov/Archives/edgar/data/1907982/000190798226000119/0001907982-26-000119-index.htm,EX-99.1,EX-99.1,https://www.sec.gov/Archives/edgar/data/1907982/000190798226000119/d-waveandnasdaqverafinanno.htm,False,
QBTS,2026-08-03 00:00:00,https://www.sec.gov/Archives/edgar/data/1907982/000190798226000119/0001907982-26-000119-index.htm,8-K,8-K,https://www.sec.gov/Archives/edgar/data/1907982/000190798226000119/qbts-20260803.htm,False,
QBTS,2026-08-03 00:00:00,https://www.sec.gov/Archives/edgar/data/1907982/000190798226000119/0001907982-26-000119-index.htm,EX-99.1,EX-99.1,https://www.sec.gov/Archives/edgar/data/1907982/000190798226000119/d-waveandnasdaqverafinanno.htm,False,
TWO-PA,2026-08-03 00:00:00,https://www.sec.gov/Archives/edgar/data/1465740/000110465926089438/0001104659-26-089438-index.htm,8-K,FORM 8-K,https://www.sec.gov/Archives/edgar/data/1465740/000110465926089438/tm2621794d5_8k.htm,False,
TWO-PB,2026-08-03 00:00:00,https://www.sec.gov/Archives/edgar/data/1465740/000110465926089438/0001104659-26-089438-index.htm,8-K,FORM 8-K,https://www.sec.gov/Archives/edgar/data/1465740/000110465926089438/tm2621794d5_8k.htm,False,
TWO,2026-08-03 00:00:00,https://www.sec.gov/Archives/edgar/data/1465740/000110465926089438/0001104659-26-089438-index.htm,8-K,FORM 8-K,https://www.sec.gov/Archives/edgar/data/1465740/000110465926089438/tm2621794d5_8k.htm,False,
TWO-PC,2026-08-03 00:00:00,https://www.sec.gov/Archives/edgar/data/1465740/000110465926089438/0001104659-26-089438-index.htm,8-K,FORM 8-K,https://www.sec.gov/Archives/edgar/data/1465740/000110465926089438/tm2621794d5_8k.htm,False,
AUTL,2026-08-03 00:00:00,https://www.sec.gov/Archives/edgar/data/1730463/000119312526329526/0001193125-26-329526-index.htm,8-K,8-K,https://www.sec.gov/Archives/edgar/data/1730463/000119312526329526/d156965d8k.htm,True,
AUTL,2026-08-03 00:00:00,https://www.sec.gov/Archives/edgar/data/1730463/000119312526329526/0001193125-26-329526-index.htm,EX-10.1,EX-10.1,https://www.sec.gov/Archives/edgar/data/1730463/000119312526329526/d156965dex101.htm,True,
AUTL,2026-08-03 00:00:00,https://www.sec.gov/Archives/edgar/data/1730463/000119312526329526/0001193125-26-329526-index.htm,EX-10.2,EX-10.2,https://www.sec.gov/Archives/edgar/data/1730463/000119312526329526/d156965dex102.htm,False,
BTAI,2026-08-03 00:00:00,https://www.sec.gov/Archives/edgar/data/1720893/000110465926089436/0001104659-26-089436-index.htm,8-K,FORM 8-K,https://www.sec.gov/Archives/edgar/data/1720893/000110465926089436/tm2622012d1_8k.htm,True,
BTAI,2026-08-03 00:00:00,https://www.sec.gov/Archives/edgar/data/1720893/000110465926089436/0001104659-26-089436-index.htm,EX-10.1,EXHIBIT 10.1,https://www.sec.gov/Archives/edgar/data/1720893/000110465926089436/tm2622012d1_ex10-1.htm,True,
GKOS,2026-08-03 00:00:00,https://www.sec.gov/Archives/edgar/data/1192448/000119244826000002/0001192448-26-000002-index.htm,8-K,8-K,https://www.sec.gov/Archives/edgar/data/1192448/000119244826000002/gkos-20260729.htm,False,
GKOS,2026-08-03 00:00:00,https://www.sec.gov/Archives/edgar/data/1192448/000119244826000002/0001192448-26-000002-index.htm,EX-99.1,EX-99.1,https://www.sec.gov/Archives/edgar/data/1192448/000119244826000002/gkos-ex99_1.htm,False,
None,2026-08-03 00:00:00,https://www.sec.gov/Archives/edgar/data/1903508/000162828026051520/0001628280-26-051520-index.htm,8-K,8-K,https://www.sec.gov/Archives/edgar/data/1903508/000162828026051520/pphc-20260803.htm,False,
None,2026-08-03 00:00:00,https://www.sec.gov/Archives/edgar/data/1903508/000162828026051520/0001628280-26-051520-index.htm,EX-99.1,EX-99.1,https://www.sec.gov/Archives/edgar/data/1903508/000162828026051520/pr-acquisitionoftap.htm,False,
MAR,2026-08-03 00:00:00,https://www.sec.gov/Archives/edgar/data/1048286/000104828626000033/0001048286-26-000033-index.htm,8-K,8-K,https://www.sec.gov/Archives/edgar/data/1048286/000104828626000033/mar-20260803.htm,False,
SOJD,2026-08-03 00:00:00,https://www.sec.gov/Archives/edgar/data/92122/000009212226000058/0000092122-26-000058-index.htm,8-K,8-K,https://www.sec.gov/Archives/edgar/data/92122/000009212226000058/so-20260803.htm,False,
SOJD,2026-08-03 00:00:00,https://www.sec.gov/Archives/edgar/data/92122/000009212226000058/0000092122-26-000058-index.htm,EX-99.1,EX-99.1,https://www.sec.gov/Archives/edgar/data/92122/000009212226000058/ex99-1southern2026a2026bco.htm,False,
SOJC,2026-08-03 00:00:00,https://www.sec.gov/Archives/edgar/data/92122/000009212226000058/0000092122-26-000058-index.htm,8-K,8-K,https://www.sec.gov/Archives/edgar/data/92122/000009212226000058/so-20260803.htm,False,
SOJC,2026-08-03 00:00:00,https://www.sec.gov/Archives/edgar/data/92122/000009212226000058/0000092122-26-000058-index.htm,EX-99.1,EX-99.1,https://www.sec.gov/Archives/edgar/data/92122/000009212226000058/ex99-1southern2026a2026bco.htm,False,
SOLN,2026-08-03 00:00:00,https://www.sec.gov/Archives/edgar/data/92122/000009212226000058/0000092122-26-000058-index.htm,8-K,8-K,https://www.sec.gov/Archives/edgar/data/92122/000009212226000058/so-20260803.htm,False,
SOLN,2026-08-03 00:00:00,https://www.sec.gov/Archives/edgar/data/92122/000009212226000058/0000092122-26-000058-index.htm,EX-99.1,EX-99.1,https://www.sec.gov/Archives/edgar/data/92122/000009212226000058/ex99-1southern2026a2026bco.htm,False,
SO,2026-08-03 00:00:00,https://www.sec.gov/Archives/edgar/data/92122/000009212226000058/0000092122-26-000058-index.htm,8-K,8-K,https://www.sec.gov/Archives/edgar/data/92122/000009212226000058/so-20260803.htm,False,
SO,2026-08-03 00:00:00,https://www.sec.gov/Archives/edgar/data/92122/000009212226000058/0000092122-26-000058-index.htm,EX-99.1,EX-99.1,https://www.sec.gov/Archives/edgar/data/92122/000009212226000058/ex99-1southern2026a2026bco.htm,False,
SOJE,2026-08-03 00:00:00,https://www.sec.gov/Archives/edgar/data/92122/000009212226000058/0000092122-26-000058-index.htm,8-K,8-K,https://www.sec.gov/Archives/edgar/data/92122/000009212226000058/so-20260803.htm,False,
SOJE,2026-08-03 00:00:00,https://www.sec.gov/Archives/edgar/data/92122/000009212226000058/0000092122-26-000058-index.htm,EX-99.1,EX-99.1,https://www.sec.gov/Archives/edgar/data/92122/000009212226000058/ex99-1southern2026a2026bco.htm,False,
SOJB,2026-08-03 00:00:00,https://www.sec.gov/Archives/edgar/data/92122/000009212226000058/0000092122-26-000058-index.htm,8-K,8-K,https://www.sec.gov/Archives/edgar/data/92122/000009212226000058/so-20260803.htm,False,
SOJB,2026-08-03 00:00:00,https://www.sec.gov/Archives/edgar/data/92122/000009212226000058/0000092122-26-000058-index.htm,EX-99.1,EX-99.1,https://www.sec.gov/Archives/edgar/data/92122/000009212226000058/ex99-1southern2026a2026bco.htm,False,
INDV,2026-08-03 00:00:00,https://www.sec.gov/Archives/edgar/data/1625297/000119312526329520/0001193125-26-329520-index.htm,8-K,8-K,https://www.sec.gov/Archives/edgar/data/1625297/000119312526329520/d118566d8k.htm,False,
INDV,2026-08-03 00:00:00,https://www.sec.gov/Archives/edgar/data/1625297/000119312526329520/0001193125-26-329520-index.htm,EX-99.1,EX-99.1,https://www.sec.gov/Archives/edgar/data/1625297/000119312526329520/d118566dex991.htm,False,
SUPN,2026-08-03 00:00:00,https://www.sec.gov/Archives/edgar/data/1356576/000135657626000035/0001356576-26-000035-index.htm,8-K,8-K,https://www.sec.gov/Archives/edgar/data/1356576/000135657626000035/supn-20260803.htm,False,
SUPN,2026-08-03 00:00:00,https://www.sec.gov/Archives/edgar/data/1356576/000135657626000035/0001356576-26-000035-index.htm,EX-99.1,EX-99.1,https://www.sec.gov/Archives/edgar/data/1356576/000135657626000035/ex991earningsrelease.htm,False,
DEA,2026-08-03 00:00:00,https://www.sec.gov/Archives/edgar/data/1622194/000162219426000024/0001622194-26-000024-index.htm,8-K,8-K,https://www.sec.gov/Archives/edgar/data/1622194/000162219426000024/dea-20260803.htm,False,
DEA,2026-08-03 00:00:00,https://www.sec.gov/Archives/edgar/data/1622194/000162219426000024/0001622194-26-000024-index.htm,EX-99.1,EX-99.1,https://www.sec.gov/Archives/edgar/data/1622194/000162219426000024/dea-ex99_1.htm,True,
SUPN,2026-08-03 00:00:00,https://www.sec.gov/Archives/edgar/data/1356576/000110465926089425/0001104659-26-089425-index.htm,8-K,FORM 8-K,https://www.sec.gov/Archives/edgar/data/1356576/000110465926089425/tm2622009d1_8k.htm,True,
SUPN,2026-08-03 00:00:00,https://www.sec.gov/Archives/edgar/data/1356576/000110465926089425/0001104659-26-089425-index.htm,EX-10.1,EXHIBIT 10.1,https://www.sec.gov/Archives/edgar/data/1356576/000110465926089425/tm2622009d1_ex10-1.htm,False,
SUPN,2026-08-03 00:00:00,https://www.sec.gov/Archives/edgar/data/1356576/000110465926089425/0001104659-26-089425-index.htm,EX-10.2,EXHIBIT 10.2,https://www.sec.gov/Archives/edgar/data/1356576/000110465926089425/tm2622009d1_ex10-2.htm,False,
SUPN,2026-08-03 00:00:00,https://www.sec.gov/Archives/edgar/data/1356576/000110465926089425/0001104659-26-089425-index.htm,EX-99.1,EXHIBIT 99.1,https://www.sec.gov/Archives/edgar/data/1356576/000110465926089425/tm2622009d1_ex99-1.htm,True,
INDV,2026-08-03 00:00:00,https://www.sec.gov/Archives/edgar/data/1625297/000119312526329513/0001193125-26-329513-index.htm,8-K,8-K,https://www.sec.gov/Archives/edgar/data/1625297/000119312526329513/d28447d8k.htm,True,
INDV,2026-08-03 00:00:00,https://www.sec.gov/Archives/edgar/data/1625297/000119312526329513/0001193125-26-329513-index.htm,EX-99.1,EX-99.1,https://www.sec.gov/Archives/edgar/data/1625297/000119312526329513/d28447dex991.htm,False,
KOS,2026-08-03 00:00:00,https://www.sec.gov/Archives/edgar/data/1509991/000150999126000046/0001509991-26-000046-index.htm,8-K,8-K,https://www.sec.gov/Archives/edgar/data/1509991/000150999126000046/kos-20260803.htm,False,
KOS,2026-08-03 00:00:00,https://www.sec.gov/Archives/edgar/data/1509991/000150999126000046/0001509991-26-000046-index.htm,EX-99.1,EX-99.1,https://www.sec.gov/Archives/edgar/data/1509991/000150999126000046/kos_ex99x1-q2x2026.htm,False,
CNH,2026-08-03 00:00:00,https://www.sec.gov/Archives/edgar/data/1567094/000156709426000015/0001567094-26-000015-index.htm,8-K,8-K,https://www.sec.gov/Archives/edgar/data/1567094/000156709426000015/cnhi-20260803.htm,False,
CNH,2026-08-03 00:00:00,https://www.sec.gov/Archives/edgar/data/1567094/000156709426000015/0001567094-26-000015-index.htm,EX-99.1,EX-99.1,https://www.sec.gov/Archives/edgar/data/1567094/000156709426000015/ex991q226.htm,False,
CNHI,2026-08-03 00:00:00,https://www.sec.gov/Archives/edgar/data/1567094/000156709426000015/0001567094-26-000015-index.htm,8-K,8-K,https://www.sec.gov/Archives/edgar/data/1567094/000156709426000015/cnhi-20260803.htm,False,
CNHI,2026-08-03 00:00:00,https://www.sec.gov/Archives/edgar/data/1567094/000156709426000015/0001567094-26-000015-index.htm,EX-99.1,EX-99.1,https://www.sec.gov/Archives/edgar/data/1567094/000156709426000015/ex991q226.htm,False,
KERNW,2026-08-03 00:00:00,https://www.sec.gov/Archives/edgar/data/1755953/000119312526329509/0001193125-26-329509-index.htm,8-K,8-K,https://www.sec.gov/Archives/edgar/data/1755953/000119312526329509/abtc-20260803.htm,False,
KERNW,2026-08-03 00:00:00,https://www.sec.gov/Archives/edgar/data/1755953/000119312526329509/0001193125-26-329509-index.htm,EX-99.1,EX-99.1,https://www.sec.gov/Archives/edgar/data/1755953/000119312526329509/abtc-ex99_1.htm,False,
KERN,2026-08-03 00:00:00,https://www.sec.gov/Archives/edgar/data/1755953/000119312526329509/0001193125-26-329509-index.htm,8-K,8-K,https://www.sec.gov/Archives/edgar/data/1755953/000119312526329509/abtc-20260803.htm,False,
KERN,2026-08-03 00:00:00,https://www.sec.gov/Archives/edgar/data/1755953/000119312526329509/0001193125-26-329509-index.htm,EX-99.1,EX-99.1,https://www.sec.gov/Archives/edgar/data/1755953/000119312526329509/abtc-ex99_1.htm,False,
ABTC,2026-08-03 00:00:00,https://www.sec.gov/Archives/edgar/data/1755953/000119312526329509/0001193125-26-329509-index.htm,8-K,8-K,https://www.sec.gov/Archives/edgar/data/1755953/000119312526329509/abtc-20260803.htm,False,
ABTC,2026-08-03 00:00:00,https://www.sec.gov/Archives/edgar/data/1755953/000119312526329509/0001193125-26-329509-index.htm,EX-99.1,EX-99.1,https://www.sec.gov/Archives/edgar/data/1755953/000119312526329509/abtc-ex99_1.htm,False,
GRYP,2026-08-03 00:00:00,https://www.sec.gov/Archives/edgar/data/1755953/000119312526329509/0001193125-26-329509-index.htm,8-K,8-K,https://www.sec.gov/Archives/edgar/data/1755953/000119312526329509/abtc-20260803.htm,False,
GRYP,2026-08-03 00:00:00,https://www.sec.gov/Archives/edgar/data/1755953/000119312526329509/0001193125-26-329509-index.htm,EX-99.1,EX-99.1,https://www.sec.gov/Archives/edgar/data/1755953/000119312526329509/abtc-ex99_1.htm,False,
ITGR,2026-08-03 00:00:00,https://www.sec.gov/Archives/edgar/data/1114483/000117184326005137/0001171843-26-005137-index.htm,8-K,FORM 8-K,https://www.sec.gov/Archives/edgar/data/1114483/000117184326005137/f8k_080326.htm,False,
ITGR,2026-08-03 00:00:00,https://www.sec.gov/Archives/edgar/data/1114483/000117184326005137/0001171843-26-005137-index.htm,EX-99.1,PRESS RELEASE,https://www.sec.gov/Archives/edgar/data/1114483/000117184326005137/exh_991.htm,True,
None,2026-08-03 00:00:00,https://www.sec.gov/Archives/edgar/data/1533758/000141540426000038/0001415404-26-000038-index.htm,8-K,8-K,https://www.sec.gov/Archives/edgar/data/1415404/000141540426000038/sats-20260728x8k.htm,False,
SATS,2026-08-03 00:00:00,https://www.sec.gov/Archives/edgar/data/1415404/000141540426000038/0001415404-26-000038-index.htm,8-K,8-K,https://www.sec.gov/Archives/edgar/data/1415404/000141540426000038/sats-20260728x8k.htm,False,
ECHO,2026-08-03 00:00:00,https://www.sec.gov/Archives/edgar/data/1415404/000141540426000038/0001415404-26-000038-index.htm,8-K,8-K,https://www.sec.gov/Archives/edgar/data/1415404/000141540426000038/sats-20260728x8k.htm,False,
BTBT,2026-08-03 00:00:00,https://www.sec.gov/Archives/edgar/data/1710350/000121390026084228/0001213900-26-084228-index.htm,8-K,CURRENT REPORT,https://www.sec.gov/Archives/edgar/data/1710350/000121390026084228/ea0299968-8k_bitdigital.htm,False,
MDWK,2026-08-03 00:00:00,https://www.sec.gov/Archives/edgar/data/1295514/000149315226035733/0001493152-26-035733-index.htm,8-K,8-K,https://www.sec.gov/Archives/edgar/data/1295514/000149315226035733/form8-k.htm,False,
MDWK,2026-08-03 00:00:00,https://www.sec.gov/Archives/edgar/data/1295514/000149315226035733/0001493152-26-035733-index.htm,EX-99.1,EX-99.1,https://www.sec.gov/Archives/edgar/data/1295514/000149315226035733/ex99-1.htm,False,
WYFI,2026-08-03 00:00:00,https://www.sec.gov/Archives/edgar/data/2042022/000121390026084223/0001213900-26-084223-index.htm,8-K,CURRENT REPORT,https://www.sec.gov/Archives/edgar/data/2042022/000121390026084223/ea0299775-8k_whitefiber.htm,False,
WYFI,2026-08-03 00:00:00,https://www.sec.gov/Archives/edgar/data/2042022/000121390026084223/0001213900-26-084223-index.htm,EX-10.1,"ADVISORY SERVICES AGREEMENT, BY AND BETWEEN WHITEFIBER, INC. AND ERKE HUANG",https://www.sec.gov/Archives/edgar/data/2042022/000121390026084223/ea029977501ex10-1.htm,False,
WYFI,2026-08-03 00:00:00,https://www.sec.gov/Archives/edgar/data/2042022/000121390026084223/0001213900-26-084223-index.htm,EX-10.2,"EMPLOYMENT AGREEMENT, BY AND BETWEEN WHITEFIBER, INC. AND JUSTIN ZHU",https://www.sec.gov/Archives/edgar/data/2042022/000121390026084223/ea029977501ex10-2.htm,False,
GME,2026-08-03 00:00:00,https://www.sec.gov/Archives/edgar/data/1326380/000132638026000042/0001326380-26-000042-index.htm,8-K,8-K,https://www.sec.gov/Archives/edgar/data/1326380/000132638026000042/gme-20260802.htm,True,
GME,2026-08-03 00:00:00,https://www.sec.gov/Archives/edgar/data/1326380/000132638026000042/0001326380-26-000042-index.htm,EX-99.1,EX-99.1,https://www.sec.gov/Archives/edgar/data/1326380/000132638026000042/pressreleaseconvertiblenot.htm,False,
SWKS,2026-08-03 00:00:00,https://www.sec.gov/Archives/edgar/data/4127/000110465926089397/0001104659-26-089397-index.htm,8-K,FORM 8-K,https://www.sec.gov/Archives/edgar/data/4127/000110465926089397/tm2621905d1_8k.htm,False,
AITX,2026-08-03 00:00:00,https://www.sec.gov/Archives/edgar/data/1498148/000149315226035730/0001493152-26-035730-index.htm,8-K,8-K,https://www.sec.gov/Archives/edgar/data/1498148/000149315226035730/form8-k.htm,False,
AITX,2026-08-03 00:00:00,https://www.sec.gov/Archives/edgar/data/1498148/000149315226035730/0001493152-26-035730-index.htm,EX-99.1,EX-99.1,https://www.sec.gov/Archives/edgar/data/1498148/000149315226035730/ex99-1.htm,False,
AITXD,2026-08-03 00:00:00,https://www.sec.gov/Archives/edgar/data/1498148/000149315226035730/0001493152-26-035730-index.htm,8-K,8-K,https://www.sec.gov/Archives/edgar/data/1498148/000149315226035730/form8-k.htm,False,
AITXD,2026-08-03 00:00:00,https://www.sec.gov/Archives/edgar/data/1498148/000149315226035730/0001493152-26-035730-index.htm,EX-99.1,EX-99.1,https://www.sec.gov/Archives/edgar/data/1498148/000149315226035730/ex99-1.htm,False,
CNA,2026-08-03 00:00:00,https://www.sec.gov/Archives/edgar/data/21175/000002117526000043/0000021175-26-000043-index.htm,8-K,8-K,https://www.sec.gov/Archives/edgar/data/21175/000002117526000043/cna-20260803.htm,False,
CNA,2026-08-03 00:00:00,https://www.sec.gov/Archives/edgar/data/21175/000002117526000043/0000021175-26-000043-index.htm,EX-99.1,EX-99.1,https://www.sec.gov/Archives/edgar/data/21175/000002117526000043/q22026exhibit991.htm,False,
ATKR,2026-08-03 00:00:00,https://www.sec.gov/Archives/edgar/data/1666138/000162828026051510/0001628280-26-051510-index.htm,8-K,8-K,https://www.sec.gov/Archives/edgar/data/1666138/000162828026051510/atkr-20260803.htm,False,
ATKR,2026-08-03 00:00:00,https://www.sec.gov/Archives/edgar/data/1666138/000162828026051510/0001628280-26-051510-index.htm,EX-99.1,EX-99.1,https://www.sec.gov/Archives/edgar/data/1666138/000162828026051510/atkr3q26exhibit991.htm,False,
AVA,2026-08-03 00:00:00,https://www.sec.gov/Archives/edgar/data/104918/000119312526329442/0001193125-26-329442-index.htm,8-K,8-K,https://www.sec.gov/Archives/edgar/data/104918/000119312526329442/ava-20260801.htm,False,
AVA,2026-08-03 00:00:00,https://www.sec.gov/Archives/edgar/data/104918/000119312526329442/0001193125-26-329442-index.htm,EX-99.1,EX-99.1,https://www.sec.gov/Archives/edgar/data/104918/000119312526329442/ava-ex99_1.htm,False,
L,2026-08-03 00:00:00,https://www.sec.gov/Archives/edgar/data/60086/000006008626000045/0000060086-26-000045-index.htm,8-K,8-K,https://www.sec.gov/Archives/edgar/data/60086/000006008626000045/l-20260803.htm,False,
L,2026-08-03 00:00:00,https://www.sec.gov/Archives/edgar/data/60086/000006008626000045/0000060086-26-000045-index.htm,EX-99.1,EX-99.1,https://www.sec.gov/Archives/edgar/data/60086/000006008626000045/exhibit991-q22026.htm,False,
L&TFH.NS,2026-08-03 00:00:00,https://www.sec.gov/Archives/edgar/data/60086/000006008626000045/0000060086-26-000045-index.htm,8-K,8-K,https://www.sec.gov/Archives/edgar/data/60086/000006008626000045/l-20260803.htm,False,
L&TFH.NS,2026-08-03 00:00:00,https://www.sec.gov/Archives/edgar/data/60086/000006008626000045/0000060086-26-000045-index.htm,EX-99.1,EX-99.1,https://www.sec.gov/Archives/edgar/data/60086/000006008626000045/exhibit991-q22026.htm,False,
SWKS,2026-08-03 00:00:00,https://www.sec.gov/Archives/edgar/data/4127/000110465926089381/0001104659-26-089381-index.htm,8-K,FORM 8-K,https://www.sec.gov/Archives/edgar/data/4127/000110465926089381/tm2620808d3_8k.htm,False,
SWKS,2026-08-03 00:00:00,https://www.sec.gov/Archives/edgar/data/4127/000110465926089381/0001104659-26-089381-index.htm,EX-99.1,EXHIBIT 99.1,https://www.sec.gov/Archives/edgar/data/4127/000110465926089381/tm2620808d3_ex99-1.htm,True,
ATKR,2026-08-03 00:00:00,https://www.sec.gov/Archives/edgar/data/1666138/000166613826000016/0001666138-26-000016-index.htm,8-K,8-K,https://www.sec.gov/Archives/edgar/data/1666138/000166613826000016/atkr-20260803.htm,True,
ATKR,2026-08-03 00:00:00,https://www.sec.gov/Archives/edgar/data/1666138/000166613826000016/0001666138-26-000016-index.htm,EX-99.1,EX-99.1,https://www.sec.gov/Archives/edgar/data/1666138/000166613826000016/atkr_991xpressrelease.htm,False,
PTN,2026-08-03 00:00:00,https://www.sec.gov/Archives/edgar/data/911216/000149315226035722/0001493152-26-035722-index.htm,8-K,8-K,https://www.sec.gov/Archives/edgar/data/911216/000149315226035722/form8-k.htm,False,
LEEEF,2026-08-03 00:00:00,https://www.sec.gov/Archives/edgar/data/1711141/000149315226035720/0001493152-26-035720-index.htm,8-K,8-K,https://www.sec.gov/Archives/edgar/data/1711141/000149315226035720/form8-k.htm,True,
LEEEF,2026-08-03 00:00:00,https://www.sec.gov/Archives/edgar/data/1711141/000149315226035720/0001493152-26-035720-index.htm,EX-10.1,EX-10.1,https://www.sec.gov/Archives/edgar/data/1711141/000149315226035720/ex10-1.htm,False,
LEEEF,2026-08-03 00:00:00,https://www.sec.gov/Archives/edgar/data/1711141/000149315226035720/0001493152-26-035720-index.htm,EX-10.2,EX-10.2,https://www.sec.gov/Archives/edgar/data/1711141/000149315226035720/ex10-2.htm,False,
LEEEF,2026-08-03 00:00:00,https://www.sec.gov/Archives/edgar/data/1711141/000149315226035720/0001493152-26-035720-index.htm,EX-99.1,EX-99.1,https://www.sec.gov/Archives/edgar/data/1711141/000149315226035720/ex99-1.htm,False,
FLUT,2026-08-03 00:00:00,https://www.sec.gov/Archives/edgar/data/1635327/000119312526329409/0001193125-26-329409-index.htm,8-K,8-K,https://www.sec.gov/Archives/edgar/data/1635327/000119312526329409/d231885d8k.htm,False,
FLUT,2026-08-03 00:00:00,https://www.sec.gov/Archives/edgar/data/1635327/000119312526329409/0001193125-26-329409-index.htm,EX-99.1,EX-99.1,https://www.sec.gov/Archives/edgar/data/1635327/000119312526329409/d231885dex991.htm,False,
None,2026-08-03 00:00:00,https://www.sec.gov/Archives/edgar/data/2033695/000119312526329380/0001193125-26-329380-index.htm,8-K,8-K,https://www.sec.gov/Archives/edgar/data/2033695/000119312526329380/ck0002033695-20260731.htm,False,
