symbol,cik,filingDate,acceptedDate,formType,hasFinancials,link,finalLink
IGAP,0001506983,2026-07-30 00:00:00,2026-07-30 17:29:16,8-K,False,https://www.sec.gov/Archives/edgar/data/1506983/000149315226035503/0001493152-26-035503-index.htm,https://www.sec.gov/Archives/edgar/data/1506983/000149315226035503/form8-k.htm
GCTK,0001506983,2026-07-30 00:00:00,2026-07-30 17:29:16,8-K,False,https://www.sec.gov/Archives/edgar/data/1506983/000149315226035503/0001493152-26-035503-index.htm,https://www.sec.gov/Archives/edgar/data/1506983/000149315226035503/form8-k.htm
DTSQ,0002017950,2026-07-30 00:00:00,2026-07-30 17:28:14,8-K,False,https://www.sec.gov/Archives/edgar/data/2017950/000149315226035502/0001493152-26-035502-index.htm,https://www.sec.gov/Archives/edgar/data/2017950/000149315226035502/form8-k.htm
DTSQU,0002017950,2026-07-30 00:00:00,2026-07-30 17:28:14,8-K,False,https://www.sec.gov/Archives/edgar/data/2017950/000149315226035502/0001493152-26-035502-index.htm,https://www.sec.gov/Archives/edgar/data/2017950/000149315226035502/form8-k.htm
DTSQR,0002017950,2026-07-30 00:00:00,2026-07-30 17:28:14,8-K,False,https://www.sec.gov/Archives/edgar/data/2017950/000149315226035502/0001493152-26-035502-index.htm,https://www.sec.gov/Archives/edgar/data/2017950/000149315226035502/form8-k.htm
COLB,0000887343,2026-07-30 00:00:00,2026-07-30 17:27:01,8-K,False,https://www.sec.gov/Archives/edgar/data/887343/000088734326000167/0000887343-26-000167-index.htm,https://www.sec.gov/Archives/edgar/data/887343/000088734326000167/colb-20260728.htm
None,0002115119,2026-07-30 00:00:00,2026-07-30 17:24:56,8-K,True,https://www.sec.gov/Archives/edgar/data/2115119/000211511926000026/0002115119-26-000026-index.htm,https://www.sec.gov/Archives/edgar/data/2115119/000211511926000026/exhibit9912q20266302026.htm
None,0001803498,2026-07-30 00:00:00,2026-07-30 17:24:23,8-K,False,https://www.sec.gov/Archives/edgar/data/1803498/000180349826000043/0001803498-26-000043-index.htm,https://www.sec.gov/Archives/edgar/data/1803498/000180349826000043/bcred-20260730.htm
XFLT,0001703079,2026-07-30 00:00:00,2026-07-30 17:23:34,8-K,False,https://www.sec.gov/Archives/edgar/data/1703079/000121390026083432/0001213900-26-083432-index.htm,https://www.sec.gov/Archives/edgar/data/1703079/000121390026083432/ea0299784-01_8k.htm
XFLT-PA,0001703079,2026-07-30 00:00:00,2026-07-30 17:23:34,8-K,False,https://www.sec.gov/Archives/edgar/data/1703079/000121390026083432/0001213900-26-083432-index.htm,https://www.sec.gov/Archives/edgar/data/1703079/000121390026083432/ea0299784-01_8k.htm
WAL-PA,0001212545,2026-07-30 00:00:00,2026-07-30 17:23:09,8-K,False,https://www.sec.gov/Archives/edgar/data/1212545/000162828026051146/0001628280-26-051146-index.htm,https://www.sec.gov/Archives/edgar/data/1212545/000162828026051146/wal-20260730.htm
WALA,0001212545,2026-07-30 00:00:00,2026-07-30 17:23:09,8-K,False,https://www.sec.gov/Archives/edgar/data/1212545/000162828026051146/0001628280-26-051146-index.htm,https://www.sec.gov/Archives/edgar/data/1212545/000162828026051146/wal-20260730.htm
WAL,0001212545,2026-07-30 00:00:00,2026-07-30 17:23:09,8-K,False,https://www.sec.gov/Archives/edgar/data/1212545/000162828026051146/0001628280-26-051146-index.htm,https://www.sec.gov/Archives/edgar/data/1212545/000162828026051146/wal-20260730.htm
FET,0001401257,2026-07-30 00:00:00,2026-07-30 17:22:24,8-K,True,https://www.sec.gov/Archives/edgar/data/1401257/000140125726000049/0001401257-26-000049-index.htm,https://www.sec.gov/Archives/edgar/data/1401257/000140125726000049/exhibit991-fetearningsrele.htm
IBRX,0001326110,2026-07-30 00:00:00,2026-07-30 17:19:45,8-K,False,https://www.sec.gov/Archives/edgar/data/1326110/000132611026000071/0001326110-26-000071-index.htm,https://www.sec.gov/Archives/edgar/data/1326110/000132611026000071/ibrx-20260729.htm
ATR,0000896622,2026-07-30 00:00:00,2026-07-30 17:19:26,8-K,True,https://www.sec.gov/Archives/edgar/data/896622/000089662226000165/0000896622-26-000165-index.htm,https://www.sec.gov/Archives/edgar/data/896622/000089662226000165/atr-20260630x8kexx991.htm
MLAB,0000724004,2026-07-30 00:00:00,2026-07-30 17:18:47,8-K,False,https://www.sec.gov/Archives/edgar/data/724004/000072400426000082/0000724004-26-000082-index.htm,https://www.sec.gov/Archives/edgar/data/724004/000072400426000082/mlab20260729_8k.htm
BEN,0000038777,2026-07-30 00:00:00,2026-07-30 17:17:52,8-K,False,https://www.sec.gov/Archives/edgar/data/38777/000155278126000398/0001552781-26-000398-index.htm,https://www.sec.gov/Archives/edgar/data/38777/000155278126000398/e26317_ben-8k.htm
CTHRQ,0001015155,2026-07-30 00:00:00,2026-07-30 17:15:58,8-K,False,https://www.sec.gov/Archives/edgar/data/1015155/000110465926088799/0001104659-26-088799-index.htm,https://www.sec.gov/Archives/edgar/data/1015155/000110465926088799/tm2621670d1_8k.htm
CTHR,0001015155,2026-07-30 00:00:00,2026-07-30 17:15:58,8-K,False,https://www.sec.gov/Archives/edgar/data/1015155/000110465926088799/0001104659-26-088799-index.htm,https://www.sec.gov/Archives/edgar/data/1015155/000110465926088799/tm2621670d1_8k.htm
FLOC,0002035149,2026-07-30 00:00:00,2026-07-30 17:15:14,8-K,False,https://www.sec.gov/Archives/edgar/data/2035149/000119312526326350/0001193125-26-326350-index.htm,https://www.sec.gov/Archives/edgar/data/2035149/000119312526326350/floc-20260730.htm
SOUL-UN,0002025608,2026-07-30 00:00:00,2026-07-30 17:12:59,8-K,False,https://www.sec.gov/Archives/edgar/data/2025608/000149315226035494/0001493152-26-035494-index.htm,https://www.sec.gov/Archives/edgar/data/2025608/000149315226035494/form8-k.htm
SOUL-RI,0002025608,2026-07-30 00:00:00,2026-07-30 17:12:59,8-K,False,https://www.sec.gov/Archives/edgar/data/2025608/000149315226035494/0001493152-26-035494-index.htm,https://www.sec.gov/Archives/edgar/data/2025608/000149315226035494/form8-k.htm
SOUL,0002025608,2026-07-30 00:00:00,2026-07-30 17:12:59,8-K,False,https://www.sec.gov/Archives/edgar/data/2025608/000149315226035494/0001493152-26-035494-index.htm,https://www.sec.gov/Archives/edgar/data/2025608/000149315226035494/form8-k.htm
AURC,0001835856,2026-07-30 00:00:00,2026-07-30 17:11:44,8-K,False,https://www.sec.gov/Archives/edgar/data/1835856/000162828026051137/0001628280-26-051137-index.htm,https://www.sec.gov/Archives/edgar/data/1835856/000162828026051137/betr-20260728.htm
AURCW,0001835856,2026-07-30 00:00:00,2026-07-30 17:11:44,8-K,False,https://www.sec.gov/Archives/edgar/data/1835856/000162828026051137/0001628280-26-051137-index.htm,https://www.sec.gov/Archives/edgar/data/1835856/000162828026051137/betr-20260728.htm
AURCU,0001835856,2026-07-30 00:00:00,2026-07-30 17:11:44,8-K,False,https://www.sec.gov/Archives/edgar/data/1835856/000162828026051137/0001628280-26-051137-index.htm,https://www.sec.gov/Archives/edgar/data/1835856/000162828026051137/betr-20260728.htm
FITB,0000035527,2026-07-30 00:00:00,2026-07-30 17:09:47,8-K,False,https://www.sec.gov/Archives/edgar/data/35527/000003552726000197/0000035527-26-000197-index.htm,https://www.sec.gov/Archives/edgar/data/35527/000003552726000197/fitb-20260730.htm
FITBI,0000035527,2026-07-30 00:00:00,2026-07-30 17:09:47,8-K,False,https://www.sec.gov/Archives/edgar/data/35527/000003552726000197/0000035527-26-000197-index.htm,https://www.sec.gov/Archives/edgar/data/35527/000003552726000197/fitb-20260730.htm
FITBO,0000035527,2026-07-30 00:00:00,2026-07-30 17:09:47,8-K,False,https://www.sec.gov/Archives/edgar/data/35527/000003552726000197/0000035527-26-000197-index.htm,https://www.sec.gov/Archives/edgar/data/35527/000003552726000197/fitb-20260730.htm
FITBP,0000035527,2026-07-30 00:00:00,2026-07-30 17:09:47,8-K,False,https://www.sec.gov/Archives/edgar/data/35527/000003552726000197/0000035527-26-000197-index.htm,https://www.sec.gov/Archives/edgar/data/35527/000003552726000197/fitb-20260730.htm
ALDX,0001341235,2026-07-30 00:00:00,2026-07-30 17:07:08,8-K,False,https://www.sec.gov/Archives/edgar/data/1341235/000119312526326337/0001193125-26-326337-index.htm,https://www.sec.gov/Archives/edgar/data/1341235/000119312526326337/aldx-20260728.htm
LFT,0001547546,2026-07-30 00:00:00,2026-07-30 17:06:21,8-K,False,https://www.sec.gov/Archives/edgar/data/1547546/000110465926088788/0001104659-26-088788-index.htm,https://www.sec.gov/Archives/edgar/data/1547546/000110465926088788/tm2621691d1_8k.htm
LFT-PA,0001547546,2026-07-30 00:00:00,2026-07-30 17:06:21,8-K,False,https://www.sec.gov/Archives/edgar/data/1547546/000110465926088788/0001104659-26-088788-index.htm,https://www.sec.gov/Archives/edgar/data/1547546/000110465926088788/tm2621691d1_8k.htm
TCX,0000909494,2026-07-30 00:00:00,2026-07-30 17:05:15,8-K,False,https://www.sec.gov/Archives/edgar/data/909494/000143774926025099/0001437749-26-025099-index.htm,https://www.sec.gov/Archives/edgar/data/909494/000143774926025099/tcx20260729_8k.htm
MRBK,0001750735,2026-07-30 00:00:00,2026-07-30 17:05:13,8-K,True,https://www.sec.gov/Archives/edgar/data/1750735/000175073526000059/0001750735-26-000059-index.htm,https://www.sec.gov/Archives/edgar/data/1750735/000175073526000059/earningssupplement-ex992.htm
DAIO,0000351998,2026-07-30 00:00:00,2026-07-30 17:04:56,8-K,False,https://www.sec.gov/Archives/edgar/data/351998/000165495426007035/0001654954-26-007035-index.htm,https://www.sec.gov/Archives/edgar/data/351998/000165495426007035/daio_8k.htm
NUAI,0002028336,2026-07-30 00:00:00,2026-07-30 17:04:09,8-K,False,https://www.sec.gov/Archives/edgar/data/2028336/000121390026083411/0001213900-26-083411-index.htm,https://www.sec.gov/Archives/edgar/data/2028336/000121390026083411/ea0299918-8k_newera.htm
NUAIW,0002028336,2026-07-30 00:00:00,2026-07-30 17:04:09,8-K,False,https://www.sec.gov/Archives/edgar/data/2028336/000121390026083411/0001213900-26-083411-index.htm,https://www.sec.gov/Archives/edgar/data/2028336/000121390026083411/ea0299918-8k_newera.htm
NEHC,0002028336,2026-07-30 00:00:00,2026-07-30 17:04:09,8-K,False,https://www.sec.gov/Archives/edgar/data/2028336/000121390026083411/0001213900-26-083411-index.htm,https://www.sec.gov/Archives/edgar/data/2028336/000121390026083411/ea0299918-8k_newera.htm
NEHCW,0002028336,2026-07-30 00:00:00,2026-07-30 17:04:09,8-K,False,https://www.sec.gov/Archives/edgar/data/2028336/000121390026083411/0001213900-26-083411-index.htm,https://www.sec.gov/Archives/edgar/data/2028336/000121390026083411/ea0299918-8k_newera.htm
FHI,0001056288,2026-07-30 00:00:00,2026-07-30 17:03:24,8-K,True,https://www.sec.gov/Archives/edgar/data/1056288/000105628826000024/0001056288-26-000024-index.htm,https://www.sec.gov/Archives/edgar/data/1056288/000105628826000024/a991-2026q2earningspressre.htm
MTX,0000891014,2026-07-30 00:00:00,2026-07-30 17:02:30,8-K,True,https://www.sec.gov/Archives/edgar/data/891014/000089101426000164/0000891014-26-000164-index.htm,https://www.sec.gov/Archives/edgar/data/891014/000089101426000164/ex99_1.htm
LGMK,0001566826,2026-07-30 00:00:00,2026-07-30 17:00:55,8-K,False,https://www.sec.gov/Archives/edgar/data/1566826/000121390026083402/0001213900-26-083402-index.htm,https://www.sec.gov/Archives/edgar/data/1566826/000121390026083402/ea0298516-8k_logic.htm
NXTD,0001566826,2026-07-30 00:00:00,2026-07-30 17:00:55,8-K,False,https://www.sec.gov/Archives/edgar/data/1566826/000121390026083402/0001213900-26-083402-index.htm,https://www.sec.gov/Archives/edgar/data/1566826/000121390026083402/ea0298516-8k_logic.htm
VFC,0000103379,2026-07-30 00:00:00,2026-07-30 17:00:36,8-K,False,https://www.sec.gov/Archives/edgar/data/103379/000119312526326327/0001193125-26-326327-index.htm,https://www.sec.gov/Archives/edgar/data/103379/000119312526326327/d137251d8k.htm
KVAC,0001889983,2026-07-30 00:00:00,2026-07-30 17:00:26,8-K,False,https://www.sec.gov/Archives/edgar/data/1889983/000121390026083400/0001213900-26-083400-index.htm,https://www.sec.gov/Archives/edgar/data/1889983/000121390026083400/ea0299681-8k_keen.htm
KVACU,0001889983,2026-07-30 00:00:00,2026-07-30 17:00:26,8-K,False,https://www.sec.gov/Archives/edgar/data/1889983/000121390026083400/0001213900-26-083400-index.htm,https://www.sec.gov/Archives/edgar/data/1889983/000121390026083400/ea0299681-8k_keen.htm
KVACW,0001889983,2026-07-30 00:00:00,2026-07-30 17:00:26,8-K,False,https://www.sec.gov/Archives/edgar/data/1889983/000121390026083400/0001213900-26-083400-index.htm,https://www.sec.gov/Archives/edgar/data/1889983/000121390026083400/ea0299681-8k_keen.htm
ALGT,0001362468,2026-07-30 00:00:00,2026-07-30 17:00:10,8-K,False,https://www.sec.gov/Archives/edgar/data/1362468/000136246826000042/0001362468-26-000042-index.htm,https://www.sec.gov/Archives/edgar/data/1362468/000136246826000042/algt-20260724.htm
None,0002051985,2026-07-30 00:00:00,2026-07-30 16:55:01,8-K,False,https://www.sec.gov/Archives/edgar/data/2051985/000121390026083391/0001213900-26-083391-index.htm,https://www.sec.gov/Archives/edgar/data/2051985/000121390026083391/ea0299678-8k425_iron2.htm
CYN,0001874097,2026-07-30 00:00:00,2026-07-30 16:51:48,8-K,False,https://www.sec.gov/Archives/edgar/data/1874097/000121390026083386/0001213900-26-083386-index.htm,https://www.sec.gov/Archives/edgar/data/1874097/000121390026083386/ea0299926-8k_cyngn.htm
PFS,0001178970,2026-07-30 00:00:00,2026-07-30 16:50:38,8-K,False,https://www.sec.gov/Archives/edgar/data/1178970/000162828026051122/0001628280-26-051122-index.htm,https://www.sec.gov/Archives/edgar/data/1178970/000162828026051122/pfs-20260730.htm
ORIC,0001796280,2026-07-30 00:00:00,2026-07-30 16:49:21,8-K,False,https://www.sec.gov/Archives/edgar/data/1796280/000119312526326309/0001193125-26-326309-index.htm,https://www.sec.gov/Archives/edgar/data/1796280/000119312526326309/d169933d8k.htm
NIMU,0000720762,2026-07-30 00:00:00,2026-07-30 16:48:11,8-K,False,https://www.sec.gov/Archives/edgar/data/720762/000149315226035484/0001493152-26-035484-index.htm,https://www.sec.gov/Archives/edgar/data/720762/000149315226035484/form8-k.htm
SCKT,0000944075,2026-07-30 00:00:00,2026-07-30 16:48:02,8-K,False,https://www.sec.gov/Archives/edgar/data/944075/000094407526000052/0000944075-26-000052-index.htm,https://www.sec.gov/Archives/edgar/data/944075/000094407526000052/form-8k0730.htm
NRT,0000072633,2026-07-30 00:00:00,2026-07-30 16:45:31,8-K,False,https://www.sec.gov/Archives/edgar/data/72633/000114036126030265/0001140361-26-030265-index.htm,https://www.sec.gov/Archives/edgar/data/72633/000114036126030265/ef20078988_8k.htm
AQMS,0001621832,2026-07-30 00:00:00,2026-07-30 16:44:01,8-K,True,https://www.sec.gov/Archives/edgar/data/1621832/000143774926025088/0001437749-26-025088-index.htm,https://www.sec.gov/Archives/edgar/data/1621832/000143774926025088/ex_965826.htm
CTVA,0001755672,2026-07-30 00:00:00,2026-07-30 16:44:01,8-K,True,https://www.sec.gov/Archives/edgar/data/1755672/000175567226000022/0001755672-26-000022-index.htm,https://www.sec.gov/Archives/edgar/data/1755672/000175567226000022/a6302026enrschedules.htm
BYND,0001655210,2026-07-30 00:00:00,2026-07-30 16:42:33,8-K,False,https://www.sec.gov/Archives/edgar/data/1655210/000165521026000049/0001655210-26-000049-index.htm,https://www.sec.gov/Archives/edgar/data/1655210/000165521026000049/bynd-20260726.htm
None,0001993402,2026-07-30 00:00:00,2026-07-30 16:42:00,8-K,False,https://www.sec.gov/Archives/edgar/data/1993402/000119312526326289/0001193125-26-326289-index.htm,https://www.sec.gov/Archives/edgar/data/1993402/000119312526326289/ck0001993402-20260728.htm
CVCO,0000278166,2026-07-30 00:00:00,2026-07-30 16:41:55,8-K,True,https://www.sec.gov/Archives/edgar/data/278166/000162828026051115/0001628280-26-051115-index.htm,https://www.sec.gov/Archives/edgar/data/278166/000162828026051115/cvco-20260627xex991.htm
None,0002065397,2026-07-30 00:00:00,2026-07-30 16:40:12,8-K,False,https://www.sec.gov/Archives/edgar/data/2065397/000119312526326281/0001193125-26-326281-index.htm,https://www.sec.gov/Archives/edgar/data/2065397/000119312526326281/ck0002065397-20260728.htm
CCB,0001437958,2026-07-30 00:00:00,2026-07-30 16:39:31,8-K,False,https://www.sec.gov/Archives/edgar/data/1437958/000143795826000056/0001437958-26-000056-index.htm,https://www.sec.gov/Archives/edgar/data/1437958/000143795826000056/ck1437958-20260729.htm
None,0001976336,2026-07-30 00:00:00,2026-07-30 16:39:26,8-K,False,https://www.sec.gov/Archives/edgar/data/1976336/000119312526326279/0001193125-26-326279-index.htm,https://www.sec.gov/Archives/edgar/data/1976336/000119312526326279/ck0001976336-20260728.htm
AUB-PA,0000883948,2026-07-30 00:00:00,2026-07-30 16:37:13,8-K,False,https://www.sec.gov/Archives/edgar/data/883948/000110465926088743/0001104659-26-088743-index.htm,https://www.sec.gov/Archives/edgar/data/883948/000110465926088743/tm2621600d1_8k.htm
AUB,0000883948,2026-07-30 00:00:00,2026-07-30 16:37:13,8-K,False,https://www.sec.gov/Archives/edgar/data/883948/000110465926088743/0001104659-26-088743-index.htm,https://www.sec.gov/Archives/edgar/data/883948/000110465926088743/tm2621600d1_8k.htm
AUBAP,0000883948,2026-07-30 00:00:00,2026-07-30 16:37:13,8-K,False,https://www.sec.gov/Archives/edgar/data/883948/000110465926088743/0001104659-26-088743-index.htm,https://www.sec.gov/Archives/edgar/data/883948/000110465926088743/tm2621600d1_8k.htm
CRBG,0001889539,2026-07-30 00:00:00,2026-07-30 16:35:51,8-K,False,https://www.sec.gov/Archives/edgar/data/1889539/000114036126030260/0001140361-26-030260-index.htm,https://www.sec.gov/Archives/edgar/data/1889539/000114036126030260/ef20079047_8k.htm
MSA,0000066570,2026-07-30 00:00:00,2026-07-30 16:35:46,8-K,True,https://www.sec.gov/Archives/edgar/data/66570/000006657026000025/0000066570-26-000025-index.htm,https://www.sec.gov/Archives/edgar/data/66570/000006657026000025/ex991-earningspressrelease.htm
MNESP,0000066570,2026-07-30 00:00:00,2026-07-30 16:35:46,8-K,True,https://www.sec.gov/Archives/edgar/data/66570/000006657026000025/0000066570-26-000025-index.htm,https://www.sec.gov/Archives/edgar/data/66570/000006657026000025/ex991-earningspressrelease.htm
KWR,0000081362,2026-07-30 00:00:00,2026-07-30 16:35:24,8-K,True,https://www.sec.gov/Archives/edgar/data/81362/000162828026051098/0001628280-26-051098-index.htm,https://www.sec.gov/Archives/edgar/data/81362/000162828026051098/kwr2026q2ex-991.htm
None,0002111846,2026-07-30 00:00:00,2026-07-30 16:35:13,8-K,False,https://www.sec.gov/Archives/edgar/data/2111846/000121390026083358/0001213900-26-083358-index.htm,https://www.sec.gov/Archives/edgar/data/2111846/000121390026083358/ea0299877-8k_game.htm
HFBL,0001500375,2026-07-30 00:00:00,2026-07-30 16:34:28,8-K,True,https://www.sec.gov/Archives/edgar/data/1500375/000092708926000137/0000927089-26-000137-index.htm,https://www.sec.gov/Archives/edgar/data/1500375/000092708926000137/ex_995456.htm
QNTO,0001391933,2026-07-30 00:00:00,2026-07-30 16:33:15,8-K,True,https://www.sec.gov/Archives/edgar/data/1391933/000092708926000136/0000927089-26-000136-index.htm,https://www.sec.gov/Archives/edgar/data/1391933/000092708926000136/ex_995977.htm
None,0001325878,2026-07-30 00:00:00,2026-07-30 16:32:50,8-K,False,https://www.sec.gov/Archives/edgar/data/1325878/000132587826000149/0001325878-26-000149-index.htm,https://www.sec.gov/Archives/edgar/data/1325878/000132587826000149/fhlbt-20260727.htm
MTD,0001037646,2026-07-30 00:00:00,2026-07-30 16:32:38,8-K,True,https://www.sec.gov/Archives/edgar/data/1037646/000103764626000049/0001037646-26-000049-index.htm,https://www.sec.gov/Archives/edgar/data/1037646/000103764626000049/ex-991mtd8xkq22026.htm
AEE,0001002910,2026-07-30 00:00:00,2026-07-30 16:31:55,8-K,True,https://www.sec.gov/Archives/edgar/data/1002910/000100291026000020/0001002910-26-000020-index.htm,https://www.sec.gov/Archives/edgar/data/1002910/000100291026000020/q22026ex991earningsrelease.htm
DXC,0001688568,2026-07-30 00:00:00,2026-07-30 16:31:43,8-K,False,https://www.sec.gov/Archives/edgar/data/1688568/000168856826000068/0001688568-26-000068-index.htm,https://www.sec.gov/Archives/edgar/data/1688568/000168856826000068/dxc-20260725.htm
GNPX,0001595248,2026-07-30 00:00:00,2026-07-30 16:31:02,8-K,False,https://www.sec.gov/Archives/edgar/data/1595248/000143774926025074/0001437749-26-025074-index.htm,https://www.sec.gov/Archives/edgar/data/1595248/000143774926025074/gnpx20260730_8k.htm
CXDO,0001075736,2026-07-30 00:00:00,2026-07-30 16:30:44,8-K,False,https://www.sec.gov/Archives/edgar/data/1075736/000165495426007033/0001654954-26-007033-index.htm,https://www.sec.gov/Archives/edgar/data/1075736/000165495426007033/cxdo_8k.htm
BCLI,0001137883,2026-07-30 00:00:00,2026-07-30 16:30:36,8-K,False,https://www.sec.gov/Archives/edgar/data/1137883/000110465926088728/0001104659-26-088728-index.htm,https://www.sec.gov/Archives/edgar/data/1137883/000110465926088728/tm2621592d1_8k.htm
GLP,0001323468,2026-07-30 00:00:00,2026-07-30 16:30:35,8-K,False,https://www.sec.gov/Archives/edgar/data/1323468/000110465926088730/0001104659-26-088730-index.htm,https://www.sec.gov/Archives/edgar/data/1323468/000110465926088730/tm2621492d2_8k.htm
GLP-PB,0001323468,2026-07-30 00:00:00,2026-07-30 16:30:35,8-K,False,https://www.sec.gov/Archives/edgar/data/1323468/000110465926088730/0001104659-26-088730-index.htm,https://www.sec.gov/Archives/edgar/data/1323468/000110465926088730/tm2621492d2_8k.htm
GLP-PA,0001323468,2026-07-30 00:00:00,2026-07-30 16:30:35,8-K,False,https://www.sec.gov/Archives/edgar/data/1323468/000110465926088730/0001104659-26-088730-index.htm,https://www.sec.gov/Archives/edgar/data/1323468/000110465926088730/tm2621492d2_8k.htm
HUN,0001307954,2026-07-30 00:00:00,2026-07-30 16:30:31,8-K,True,https://www.sec.gov/Archives/edgar/data/1307954/000110465926088729/0001104659-26-088729-index.htm,https://www.sec.gov/Archives/edgar/data/1307954/000110465926088729/tm2621698d1_ex99-1.htm
AAPL,0000320193,2026-07-30 00:00:00,2026-07-30 16:30:28,8-K,True,https://www.sec.gov/Archives/edgar/data/320193/000032019326000018/0000320193-26-000018-index.htm,https://www.sec.gov/Archives/edgar/data/320193/000032019326000018/a8-kex991q3202606272026.htm
EQH-PA,0001333986,2026-07-30 00:00:00,2026-07-30 16:30:27,8-K,False,https://www.sec.gov/Archives/edgar/data/1333986/000095014226002207/0000950142-26-002207-index.htm,https://www.sec.gov/Archives/edgar/data/1333986/000095014226002207/eh260814788_8k.htm
EQH,0001333986,2026-07-30 00:00:00,2026-07-30 16:30:27,8-K,False,https://www.sec.gov/Archives/edgar/data/1333986/000095014226002207/0000950142-26-002207-index.htm,https://www.sec.gov/Archives/edgar/data/1333986/000095014226002207/eh260814788_8k.htm
EQH-PC,0001333986,2026-07-30 00:00:00,2026-07-30 16:30:27,8-K,False,https://www.sec.gov/Archives/edgar/data/1333986/000095014226002207/0000950142-26-002207-index.htm,https://www.sec.gov/Archives/edgar/data/1333986/000095014226002207/eh260814788_8k.htm
BTBT,0001710350,2026-07-30 00:00:00,2026-07-30 16:30:25,8-K,False,https://www.sec.gov/Archives/edgar/data/1710350/000121390026083352/0001213900-26-083352-index.htm,https://www.sec.gov/Archives/edgar/data/1710350/000121390026083352/ea0299673-8k_bitdigital.htm
HCXZ,0001280784,2026-07-30 00:00:00,2026-07-30 16:30:21,8-K,True,https://www.sec.gov/Archives/edgar/data/1280784/000128078426000043/0001280784-26-000043-index.htm,https://www.sec.gov/Archives/edgar/data/1280784/000128078426000043/htgcq22026release.htm
HTGC,0001280784,2026-07-30 00:00:00,2026-07-30 16:30:21,8-K,True,https://www.sec.gov/Archives/edgar/data/1280784/000128078426000043/0001280784-26-000043-index.htm,https://www.sec.gov/Archives/edgar/data/1280784/000128078426000043/htgcq22026release.htm
HCXY,0001280784,2026-07-30 00:00:00,2026-07-30 16:30:21,8-K,True,https://www.sec.gov/Archives/edgar/data/1280784/000128078426000043/0001280784-26-000043-index.htm,https://www.sec.gov/Archives/edgar/data/1280784/000128078426000043/htgcq22026release.htm
OFSSI,0001487918,2026-07-30 00:00:00,2026-07-30 16:30:15,8-K,False,https://www.sec.gov/Archives/edgar/data/1487918/000148791826000077/0001487918-26-000077-index.htm,https://www.sec.gov/Archives/edgar/data/1487918/000148791826000077/ofs-20260728.htm
OFSSH,0001487918,2026-07-30 00:00:00,2026-07-30 16:30:15,8-K,False,https://www.sec.gov/Archives/edgar/data/1487918/000148791826000077/0001487918-26-000077-index.htm,https://www.sec.gov/Archives/edgar/data/1487918/000148791826000077/ofs-20260728.htm
OFS,0001487918,2026-07-30 00:00:00,2026-07-30 16:30:15,8-K,False,https://www.sec.gov/Archives/edgar/data/1487918/000148791826000077/0001487918-26-000077-index.htm,https://www.sec.gov/Archives/edgar/data/1487918/000148791826000077/ofs-20260728.htm
OFSSZ,0001487918,2026-07-30 00:00:00,2026-07-30 16:30:15,8-K,False,https://www.sec.gov/Archives/edgar/data/1487918/000148791826000077/0001487918-26-000077-index.htm,https://www.sec.gov/Archives/edgar/data/1487918/000148791826000077/ofs-20260728.htm
ESQ,0001531031,2026-07-30 00:00:00,2026-07-30 16:30:10,8-K,False,https://www.sec.gov/Archives/edgar/data/1531031/000110465926088725/0001104659-26-088725-index.htm,https://www.sec.gov/Archives/edgar/data/1531031/000110465926088725/esq-20260730x8k.htm
YOU,0001856314,2026-07-30 00:00:00,2026-07-30 16:30:07,8-K,False,https://www.sec.gov/Archives/edgar/data/1856314/000185631426000033/0001856314-26-000033-index.htm,https://www.sec.gov/Archives/edgar/data/1856314/000185631426000033/you-20260730.htm
NCSM,0001692427,2026-07-30 00:00:00,2026-07-30 16:29:14,8-K,True,https://www.sec.gov/Archives/edgar/data/1692427/000143774926025071/0001437749-26-025071-index.htm,https://www.sec.gov/Archives/edgar/data/1692427/000143774926025071/ex_963797.htm
MTZ,0000015615,2026-07-30 00:00:00,2026-07-30 16:28:22,8-K,True,https://www.sec.gov/Archives/edgar/data/15615/000001561526000095/0000015615-26-000095-index.htm,https://www.sec.gov/Archives/edgar/data/15615/000001561526000095/mtz630268-kex991.htm
CPT,0000906345,2026-07-30 00:00:00,2026-07-30 16:26:21,8-K,True,https://www.sec.gov/Archives/edgar/data/906345/000162828026051083/0001628280-26-051083-index.htm,https://www.sec.gov/Archives/edgar/data/906345/000162828026051083/exhibit991earningsrelease2.htm
ICR-PA,0001690012,2026-07-30 00:00:00,2026-07-30 16:25:37,8-K,False,https://www.sec.gov/Archives/edgar/data/1690012/000119312526326203/0001193125-26-326203-index.htm,https://www.sec.gov/Archives/edgar/data/1690012/000119312526326203/ck0001690012-20260730.htm
MTN,0000812011,2026-07-30 00:00:00,2026-07-30 16:25:24,8-K,False,https://www.sec.gov/Archives/edgar/data/812011/000081201126000032/0000812011-26-000032-index.htm,https://www.sec.gov/Archives/edgar/data/812011/000081201126000032/mtn-20260729.htm
ANNX,0001528115,2026-07-30 00:00:00,2026-07-30 16:25:02,8-K,False,https://www.sec.gov/Archives/edgar/data/1528115/000119312526326199/0001193125-26-326199-index.htm,https://www.sec.gov/Archives/edgar/data/1528115/000119312526326199/d113783d8k.htm
ASUR,0000884144,2026-07-30 00:00:00,2026-07-30 16:23:58,8-K,True,https://www.sec.gov/Archives/edgar/data/884144/000162828026051077/0001628280-26-051077-index.htm,https://www.sec.gov/Archives/edgar/data/884144/000162828026051077/a20260730exhibit991.htm
LITE,0001633978,2026-07-30 00:00:00,2026-07-30 16:23:56,8-K,False,https://www.sec.gov/Archives/edgar/data/1633978/000162828026051078/0001628280-26-051078-index.htm,https://www.sec.gov/Archives/edgar/data/1633978/000162828026051078/lite-20260727.htm
SKYQ,0001812447,2026-07-30 00:00:00,2026-07-30 16:23:27,8-K,False,https://www.sec.gov/Archives/edgar/data/1812447/000109690626001147/0001096906-26-001147-index.htm,https://www.sec.gov/Archives/edgar/data/1812447/000109690626001147/skyq-20260730_8k.htm
CRS,0000017843,2026-07-30 00:00:00,2026-07-30 16:22:41,8-K,True,https://www.sec.gov/Archives/edgar/data/17843/000001784326000030/0000017843-26-000030-index.htm,https://www.sec.gov/Archives/edgar/data/17843/000001784326000030/a4thqtr2026resultspressrel.htm
EGHT,0001023731,2026-07-30 00:00:00,2026-07-30 16:21:56,8-K,False,https://www.sec.gov/Archives/edgar/data/1023731/000102373126000100/0001023731-26-000100-index.htm,https://www.sec.gov/Archives/edgar/data/1023731/000102373126000100/eght-20260729.htm
BCC,0001328581,2026-07-30 00:00:00,2026-07-30 16:20:51,8-K,False,https://www.sec.gov/Archives/edgar/data/1328581/000132858126000023/0001328581-26-000023-index.htm,https://www.sec.gov/Archives/edgar/data/1328581/000132858126000023/bcc-20260730.htm
CUZ,0000025232,2026-07-30 00:00:00,2026-07-30 16:20:42,8-K,True,https://www.sec.gov/Archives/edgar/data/25232/000002523226000061/0000025232-26-000061-index.htm,https://www.sec.gov/Archives/edgar/data/25232/000002523226000061/aearningsreleaseex9912q26.htm
None,0001939433,2026-07-30 00:00:00,2026-07-30 16:20:14,8-K,False,https://www.sec.gov/Archives/edgar/data/1939433/000193943326000128/0001939433-26-000128-index.htm,https://www.sec.gov/Archives/edgar/data/1939433/000193943326000128/cnsreit-20260730.htm
PBHC,0001609065,2026-07-30 00:00:00,2026-07-30 16:20:13,8-K,True,https://www.sec.gov/Archives/edgar/data/1609065/000119312526326175/0001193125-26-326175-index.htm,https://www.sec.gov/Archives/edgar/data/1609065/000119312526326175/pbhc-ex99_1.htm
LYV,0001335258,2026-07-30 00:00:00,2026-07-30 16:20:07,8-K,True,https://www.sec.gov/Archives/edgar/data/1335258/000133525826000034/0001335258-26-000034-index.htm,https://www.sec.gov/Archives/edgar/data/1335258/000133525826000034/lyv-2026q2xex991er.htm
ERIE,0000922621,2026-07-30 00:00:00,2026-07-30 16:20:05,8-K,True,https://www.sec.gov/Archives/edgar/data/922621/000162828026051071/0001628280-26-051071-index.htm,https://www.sec.gov/Archives/edgar/data/922621/000162828026051071/ex-99206302026.htm
IVR-PA,0001437071,2026-07-30 00:00:00,2026-07-30 16:19:05,8-K,True,https://www.sec.gov/Archives/edgar/data/1437071/000143707126000054/0001437071-26-000054-index.htm,https://www.sec.gov/Archives/edgar/data/1437071/000143707126000054/ivrq22026-8kxex991.htm
IVR-PB,0001437071,2026-07-30 00:00:00,2026-07-30 16:19:05,8-K,True,https://www.sec.gov/Archives/edgar/data/1437071/000143707126000054/0001437071-26-000054-index.htm,https://www.sec.gov/Archives/edgar/data/1437071/000143707126000054/ivrq22026-8kxex991.htm
IVR-PC,0001437071,2026-07-30 00:00:00,2026-07-30 16:19:05,8-K,True,https://www.sec.gov/Archives/edgar/data/1437071/000143707126000054/0001437071-26-000054-index.htm,https://www.sec.gov/Archives/edgar/data/1437071/000143707126000054/ivrq22026-8kxex991.htm
IVR,0001437071,2026-07-30 00:00:00,2026-07-30 16:19:05,8-K,True,https://www.sec.gov/Archives/edgar/data/1437071/000143707126000054/0001437071-26-000054-index.htm,https://www.sec.gov/Archives/edgar/data/1437071/000143707126000054/ivrq22026-8kxex991.htm
ES,0000072741,2026-07-30 00:00:00,2026-07-30 16:18:59,8-K,False,https://www.sec.gov/Archives/edgar/data/72741/000110465926088698/0001104659-26-088698-index.htm,https://www.sec.gov/Archives/edgar/data/13372/000110465926088698/tm2621633d1_8k.htm
CNLTL,0000023426,2026-07-30 00:00:00,2026-07-30 16:18:59,8-K,False,https://www.sec.gov/Archives/edgar/data/23426/000110465926088698/0001104659-26-088698-index.htm,https://www.sec.gov/Archives/edgar/data/13372/000110465926088698/tm2621633d1_8k.htm
CNLTP,0000023426,2026-07-30 00:00:00,2026-07-30 16:18:59,8-K,False,https://www.sec.gov/Archives/edgar/data/23426/000110465926088698/0001104659-26-088698-index.htm,https://www.sec.gov/Archives/edgar/data/13372/000110465926088698/tm2621633d1_8k.htm
CNLPM,0000023426,2026-07-30 00:00:00,2026-07-30 16:18:59,8-K,False,https://www.sec.gov/Archives/edgar/data/23426/000110465926088698/0001104659-26-088698-index.htm,https://www.sec.gov/Archives/edgar/data/13372/000110465926088698/tm2621633d1_8k.htm
CNLPL,0000023426,2026-07-30 00:00:00,2026-07-30 16:18:59,8-K,False,https://www.sec.gov/Archives/edgar/data/23426/000110465926088698/0001104659-26-088698-index.htm,https://www.sec.gov/Archives/edgar/data/13372/000110465926088698/tm2621633d1_8k.htm
CNPWM,0000023426,2026-07-30 00:00:00,2026-07-30 16:18:59,8-K,False,https://www.sec.gov/Archives/edgar/data/23426/000110465926088698/0001104659-26-088698-index.htm,https://www.sec.gov/Archives/edgar/data/13372/000110465926088698/tm2621633d1_8k.htm
CNTHP,0000023426,2026-07-30 00:00:00,2026-07-30 16:18:59,8-K,False,https://www.sec.gov/Archives/edgar/data/23426/000110465926088698/0001104659-26-088698-index.htm,https://www.sec.gov/Archives/edgar/data/13372/000110465926088698/tm2621633d1_8k.htm
CNTHN,0000023426,2026-07-30 00:00:00,2026-07-30 16:18:59,8-K,False,https://www.sec.gov/Archives/edgar/data/23426/000110465926088698/0001104659-26-088698-index.htm,https://www.sec.gov/Archives/edgar/data/13372/000110465926088698/tm2621633d1_8k.htm
CNTHO,0000023426,2026-07-30 00:00:00,2026-07-30 16:18:59,8-K,False,https://www.sec.gov/Archives/edgar/data/23426/000110465926088698/0001104659-26-088698-index.htm,https://www.sec.gov/Archives/edgar/data/13372/000110465926088698/tm2621633d1_8k.htm
CNPWP,0000023426,2026-07-30 00:00:00,2026-07-30 16:18:59,8-K,False,https://www.sec.gov/Archives/edgar/data/23426/000110465926088698/0001104659-26-088698-index.htm,https://www.sec.gov/Archives/edgar/data/13372/000110465926088698/tm2621633d1_8k.htm
CNLTN,0000023426,2026-07-30 00:00:00,2026-07-30 16:18:59,8-K,False,https://www.sec.gov/Archives/edgar/data/23426/000110465926088698/0001104659-26-088698-index.htm,https://www.sec.gov/Archives/edgar/data/13372/000110465926088698/tm2621633d1_8k.htm
CNLHP,0000023426,2026-07-30 00:00:00,2026-07-30 16:18:59,8-K,False,https://www.sec.gov/Archives/edgar/data/23426/000110465926088698/0001104659-26-088698-index.htm,https://www.sec.gov/Archives/edgar/data/13372/000110465926088698/tm2621633d1_8k.htm
CNLHO,0000023426,2026-07-30 00:00:00,2026-07-30 16:18:59,8-K,False,https://www.sec.gov/Archives/edgar/data/23426/000110465926088698/0001104659-26-088698-index.htm,https://www.sec.gov/Archives/edgar/data/13372/000110465926088698/tm2621633d1_8k.htm
CNLHN,0000023426,2026-07-30 00:00:00,2026-07-30 16:18:59,8-K,False,https://www.sec.gov/Archives/edgar/data/23426/000110465926088698/0001104659-26-088698-index.htm,https://www.sec.gov/Archives/edgar/data/13372/000110465926088698/tm2621633d1_8k.htm
None,0000315256,2026-07-30 00:00:00,2026-07-30 16:18:59,8-K,False,https://www.sec.gov/Archives/edgar/data/315256/000110465926088698/0001104659-26-088698-index.htm,https://www.sec.gov/Archives/edgar/data/13372/000110465926088698/tm2621633d1_8k.htm
NSARP,0000013372,2026-07-30 00:00:00,2026-07-30 16:18:59,8-K,False,https://www.sec.gov/Archives/edgar/data/13372/000110465926088698/0001104659-26-088698-index.htm,https://www.sec.gov/Archives/edgar/data/13372/000110465926088698/tm2621633d1_8k.htm
NSARO,0000013372,2026-07-30 00:00:00,2026-07-30 16:18:59,8-K,False,https://www.sec.gov/Archives/edgar/data/13372/000110465926088698/0001104659-26-088698-index.htm,https://www.sec.gov/Archives/edgar/data/13372/000110465926088698/tm2621633d1_8k.htm
DXC,0001688568,2026-07-30 00:00:00,2026-07-30 16:18:59,8-K,True,https://www.sec.gov/Archives/edgar/data/1688568/000168856826000067/0001688568-26-000067-index.htm,https://www.sec.gov/Archives/edgar/data/1688568/000168856826000067/dxcfy27q1pressrelease.htm
AJG,0000354190,2026-07-30 00:00:00,2026-07-30 16:18:40,8-K,True,https://www.sec.gov/Archives/edgar/data/354190/000162828026051070/0001628280-26-051070-index.htm,https://www.sec.gov/Archives/edgar/data/354190/000162828026051070/a2ndquarter2026earningsrel.htm
VCYT,0001384101,2026-07-30 00:00:00,2026-07-30 16:18:32,8-K,True,https://www.sec.gov/Archives/edgar/data/1384101/000138410126000042/0001384101-26-000042-index.htm,https://www.sec.gov/Archives/edgar/data/1384101/000138410126000042/vcyt-07x30x20268xkearnings.htm
None,0002131350,2026-07-30 00:00:00,2026-07-30 16:18:03,8-K,True,https://www.sec.gov/Archives/edgar/data/2131350/000119312526326166/0001193125-26-326166-index.htm,https://www.sec.gov/Archives/edgar/data/2131350/000119312526326166/d172633dex991.htm
EMN,0000915389,2026-07-30 00:00:00,2026-07-30 16:17:33,8-K,True,https://www.sec.gov/Archives/edgar/data/915389/000091538926000138/0000915389-26-000138-index.htm,https://www.sec.gov/Archives/edgar/data/915389/000091538926000138/ex99_0120260630cctables.htm
GIGGU,0001836981,2026-07-30 00:00:00,2026-07-30 16:16:54,8-K,True,https://www.sec.gov/Archives/edgar/data/1836981/000183698126000062/0001836981-26-000062-index.htm,https://www.sec.gov/Archives/edgar/data/1836981/000183698126000062/earningsrelease-2q26.htm
HDRN,0001836981,2026-07-30 00:00:00,2026-07-30 16:16:54,8-K,True,https://www.sec.gov/Archives/edgar/data/1836981/000183698126000062/0001836981-26-000062-index.htm,https://www.sec.gov/Archives/edgar/data/1836981/000183698126000062/earningsrelease-2q26.htm
GIG,0001836981,2026-07-30 00:00:00,2026-07-30 16:16:54,8-K,True,https://www.sec.gov/Archives/edgar/data/1836981/000183698126000062/0001836981-26-000062-index.htm,https://www.sec.gov/Archives/edgar/data/1836981/000183698126000062/earningsrelease-2q26.htm
GIGGW,0001836981,2026-07-30 00:00:00,2026-07-30 16:16:54,8-K,True,https://www.sec.gov/Archives/edgar/data/1836981/000183698126000062/0001836981-26-000062-index.htm,https://www.sec.gov/Archives/edgar/data/1836981/000183698126000062/earningsrelease-2q26.htm
BBAI,0001836981,2026-07-30 00:00:00,2026-07-30 16:16:54,8-K,True,https://www.sec.gov/Archives/edgar/data/1836981/000183698126000062/0001836981-26-000062-index.htm,https://www.sec.gov/Archives/edgar/data/1836981/000183698126000062/earningsrelease-2q26.htm
BBAI-WT,0001836981,2026-07-30 00:00:00,2026-07-30 16:16:54,8-K,True,https://www.sec.gov/Archives/edgar/data/1836981/000183698126000062/0001836981-26-000062-index.htm,https://www.sec.gov/Archives/edgar/data/1836981/000183698126000062/earningsrelease-2q26.htm
CNO-PA,0001224608,2026-07-30 00:00:00,2026-07-30 16:16:49,8-K,True,https://www.sec.gov/Archives/edgar/data/1224608/000122460826000061/0001224608-26-000061-index.htm,https://www.sec.gov/Archives/edgar/data/1224608/000122460826000061/exhibit991-06302026earnings.htm
CNO,0001224608,2026-07-30 00:00:00,2026-07-30 16:16:49,8-K,True,https://www.sec.gov/Archives/edgar/data/1224608/000122460826000061/0001224608-26-000061-index.htm,https://www.sec.gov/Archives/edgar/data/1224608/000122460826000061/exhibit991-06302026earnings.htm
STAR-PG,0001095651,2026-07-30 00:00:00,2026-07-30 16:16:44,8-K,False,https://www.sec.gov/Archives/edgar/data/1095651/000109565126000024/0001095651-26-000024-index.htm,https://www.sec.gov/Archives/edgar/data/1095651/000109565126000024/safe-20260730x8k.htm
STAR-PD,0001095651,2026-07-30 00:00:00,2026-07-30 16:16:44,8-K,False,https://www.sec.gov/Archives/edgar/data/1095651/000109565126000024/0001095651-26-000024-index.htm,https://www.sec.gov/Archives/edgar/data/1095651/000109565126000024/safe-20260730x8k.htm
STAR,0001095651,2026-07-30 00:00:00,2026-07-30 16:16:44,8-K,False,https://www.sec.gov/Archives/edgar/data/1095651/000109565126000024/0001095651-26-000024-index.htm,https://www.sec.gov/Archives/edgar/data/1095651/000109565126000024/safe-20260730x8k.htm
STAR-PI,0001095651,2026-07-30 00:00:00,2026-07-30 16:16:44,8-K,False,https://www.sec.gov/Archives/edgar/data/1095651/000109565126000024/0001095651-26-000024-index.htm,https://www.sec.gov/Archives/edgar/data/1095651/000109565126000024/safe-20260730x8k.htm
IR,0001699150,2026-07-30 00:00:00,2026-07-30 16:16:30,8-K,True,https://www.sec.gov/Archives/edgar/data/1699150/000162828026051068/0001628280-26-051068-index.htm,https://www.sec.gov/Archives/edgar/data/1699150/000162828026051068/ir2026q2ex991.htm
CRS,0000017843,2026-07-30 00:00:00,2026-07-30 16:15:48,8-K,True,https://www.sec.gov/Archives/edgar/data/17843/000001784326000028/0000017843-26-000028-index.htm,https://www.sec.gov/Archives/edgar/data/17843/000001784326000028/a4q26earningspresentatio.htm
LCCCR,0002049248,2026-07-30 00:00:00,2026-07-30 16:15:45,8-K,False,https://www.sec.gov/Archives/edgar/data/2049248/000192998026000405/0001929980-26-000405-index.htm,https://www.sec.gov/Archives/edgar/data/2049248/000192998026000405/lccc_8k.htm
LCCC,0002049248,2026-07-30 00:00:00,2026-07-30 16:15:45,8-K,False,https://www.sec.gov/Archives/edgar/data/2049248/000192998026000405/0001929980-26-000405-index.htm,https://www.sec.gov/Archives/edgar/data/2049248/000192998026000405/lccc_8k.htm
LCCCU,0002049248,2026-07-30 00:00:00,2026-07-30 16:15:45,8-K,False,https://www.sec.gov/Archives/edgar/data/2049248/000192998026000405/0001929980-26-000405-index.htm,https://www.sec.gov/Archives/edgar/data/2049248/000192998026000405/lccc_8k.htm
GRIL,0001701756,2026-07-30 00:00:00,2026-07-30 16:15:41,8-K,False,https://www.sec.gov/Archives/edgar/data/1701756/000173112226000991/0001731122-26-000991-index.htm,https://www.sec.gov/Archives/edgar/data/1701756/000173112226000991/e7814_8-k.htm
MHK,0000851968,2026-07-30 00:00:00,2026-07-30 16:15:40,8-K,True,https://www.sec.gov/Archives/edgar/data/851968/000085196826000031/0000851968-26-000031-index.htm,https://www.sec.gov/Archives/edgar/data/851968/000085196826000031/a2026q2pressreleaseandtabl.htm
BOTJ,0001275101,2026-07-30 00:00:00,2026-07-30 16:15:37,8-K,True,https://www.sec.gov/Archives/edgar/data/1275101/000127510126000023/0001275101-26-000023-index.htm,https://www.sec.gov/Archives/edgar/data/1275101/000127510126000023/botj-20260728xex99_1.htm
PBFS,0001769663,2026-07-30 00:00:00,2026-07-30 16:15:27,8-K,False,https://www.sec.gov/Archives/edgar/data/1769663/000110465926088689/0001104659-26-088689-index.htm,https://www.sec.gov/Archives/edgar/data/1769663/000110465926088689/pbfs-20260730x8k.htm
AXTI,0001051627,2026-07-30 00:00:00,2026-07-30 16:15:25,8-K,True,https://www.sec.gov/Archives/edgar/data/1051627/000143774926025061/0001437749-26-025061-index.htm,https://www.sec.gov/Archives/edgar/data/1051627/000143774926025061/ex_974537.htm
BSBK,0001787414,2026-07-30 00:00:00,2026-07-30 16:15:21,8-K,True,https://www.sec.gov/Archives/edgar/data/1787414/000094337426000342/0000943374-26-000342-index.htm,https://www.sec.gov/Archives/edgar/data/1787414/000094337426000342/exh99-1.htm
BRKR,0001109354,2026-07-30 00:00:00,2026-07-30 16:15:15,8-K,False,https://www.sec.gov/Archives/edgar/data/1109354/000119312526326150/0001193125-26-326150-index.htm,https://www.sec.gov/Archives/edgar/data/1109354/000119312526326150/brkr-20260730.htm
BRKRP,0001109354,2026-07-30 00:00:00,2026-07-30 16:15:15,8-K,False,https://www.sec.gov/Archives/edgar/data/1109354/000119312526326150/0001193125-26-326150-index.htm,https://www.sec.gov/Archives/edgar/data/1109354/000119312526326150/brkr-20260730.htm
PFIS,0001056943,2026-07-30 00:00:00,2026-07-30 16:15:13,8-K,True,https://www.sec.gov/Archives/edgar/data/1056943/000110465926088686/0001104659-26-088686-index.htm,https://www.sec.gov/Archives/edgar/data/1056943/000110465926088686/pfis-20260730xex99d1.htm
DLB,0001308547,2026-07-30 00:00:00,2026-07-30 16:15:06,8-K,True,https://www.sec.gov/Archives/edgar/data/1308547/000119312526326149/0001193125-26-326149-index.htm,https://www.sec.gov/Archives/edgar/data/1308547/000119312526326149/d165402dex991.htm
TRC,0000096869,2026-07-30 00:00:00,2026-07-30 16:15:05,8-K,False,https://www.sec.gov/Archives/edgar/data/96869/000119312526326151/0001193125-26-326151-index.htm,https://www.sec.gov/Archives/edgar/data/96869/000119312526326151/d50544d8k.htm
PEN,0001321732,2026-07-30 00:00:00,2026-07-30 16:14:23,8-K,True,https://www.sec.gov/Archives/edgar/data/1321732/000132173226000036/0001321732-26-000036-index.htm,https://www.sec.gov/Archives/edgar/data/1321732/000132173226000036/pen-63026xexhibit991.htm
MMSI,0000856982,2026-07-30 00:00:00,2026-07-30 16:13:53,8-K,True,https://www.sec.gov/Archives/edgar/data/856982/000085698226000042/0000856982-26-000042-index.htm,https://www.sec.gov/Archives/edgar/data/856982/000085698226000042/mmsi-20260730xex99d1.htm
EA,0000712515,2026-07-30 00:00:00,2026-07-30 16:13:34,8-K,False,https://www.sec.gov/Archives/edgar/data/712515/000114036126030255/0001140361-26-030255-index.htm,https://www.sec.gov/Archives/edgar/data/712515/000114036126030255/ef20078929_8k.htm
RBLX,0001315098,2026-07-30 00:00:00,2026-07-30 16:13:25,8-K,True,https://www.sec.gov/Archives/edgar/data/1315098/000162828026051059/0001628280-26-051059-index.htm,https://www.sec.gov/Archives/edgar/data/1315098/000162828026051059/ex991-robloxq22026earnin.htm
BFAM,0001437578,2026-07-30 00:00:00,2026-07-30 16:13:16,8-K,True,https://www.sec.gov/Archives/edgar/data/1437578/000143757826000018/0001437578-26-000018-index.htm,https://www.sec.gov/Archives/edgar/data/1437578/000143757826000018/bfam-063026xex991.htm
STAR-PD,0001095651,2026-07-30 00:00:00,2026-07-30 16:13:10,8-K,True,https://www.sec.gov/Archives/edgar/data/1095651/000109565126000022/0001095651-26-000022-index.htm,https://www.sec.gov/Archives/edgar/data/1095651/000109565126000022/safe-20260730xex99d2.htm
STAR-PI,0001095651,2026-07-30 00:00:00,2026-07-30 16:13:10,8-K,True,https://www.sec.gov/Archives/edgar/data/1095651/000109565126000022/0001095651-26-000022-index.htm,https://www.sec.gov/Archives/edgar/data/1095651/000109565126000022/safe-20260730xex99d2.htm
STAR,0001095651,2026-07-30 00:00:00,2026-07-30 16:13:10,8-K,True,https://www.sec.gov/Archives/edgar/data/1095651/000109565126000022/0001095651-26-000022-index.htm,https://www.sec.gov/Archives/edgar/data/1095651/000109565126000022/safe-20260730xex99d2.htm
STAR-PG,0001095651,2026-07-30 00:00:00,2026-07-30 16:13:10,8-K,True,https://www.sec.gov/Archives/edgar/data/1095651/000109565126000022/0001095651-26-000022-index.htm,https://www.sec.gov/Archives/edgar/data/1095651/000109565126000022/safe-20260730xex99d2.htm
ONVO,0001497253,2026-07-30 00:00:00,2026-07-30 16:12:53,8-K,False,https://www.sec.gov/Archives/edgar/data/1497253/000119312526326139/0001193125-26-326139-index.htm,https://www.sec.gov/Archives/edgar/data/1497253/000119312526326139/d141440d8k.htm
VIVS,0001497253,2026-07-30 00:00:00,2026-07-30 16:12:53,8-K,False,https://www.sec.gov/Archives/edgar/data/1497253/000119312526326139/0001193125-26-326139-index.htm,https://www.sec.gov/Archives/edgar/data/1497253/000119312526326139/d141440d8k.htm
GNSS,0000924383,2026-07-30 00:00:00,2026-07-30 16:12:19,8-K,False,https://www.sec.gov/Archives/edgar/data/924383/000119312526326133/0001193125-26-326133-index.htm,https://www.sec.gov/Archives/edgar/data/924383/000119312526326133/gnss-20260730.htm
None,0001716558,2026-07-30 00:00:00,2026-07-30 16:12:13,8-K,True,https://www.sec.gov/Archives/edgar/data/1716558/000156240126000043/0001562401-26-000043-index.htm,https://www.sec.gov/Archives/edgar/data/1562401/000156240126000043/amh0630268kexhibit991.htm
AMH-PE,0001562401,2026-07-30 00:00:00,2026-07-30 16:12:13,8-K,True,https://www.sec.gov/Archives/edgar/data/1562401/000156240126000043/0001562401-26-000043-index.htm,https://www.sec.gov/Archives/edgar/data/1562401/000156240126000043/amh0630268kexhibit991.htm
AMH-PG,0001562401,2026-07-30 00:00:00,2026-07-30 16:12:13,8-K,True,https://www.sec.gov/Archives/edgar/data/1562401/000156240126000043/0001562401-26-000043-index.htm,https://www.sec.gov/Archives/edgar/data/1562401/000156240126000043/amh0630268kexhibit991.htm
AMH-PH,0001562401,2026-07-30 00:00:00,2026-07-30 16:12:13,8-K,True,https://www.sec.gov/Archives/edgar/data/1562401/000156240126000043/0001562401-26-000043-index.htm,https://www.sec.gov/Archives/edgar/data/1562401/000156240126000043/amh0630268kexhibit991.htm
AMH-PF,0001562401,2026-07-30 00:00:00,2026-07-30 16:12:13,8-K,True,https://www.sec.gov/Archives/edgar/data/1562401/000156240126000043/0001562401-26-000043-index.htm,https://www.sec.gov/Archives/edgar/data/1562401/000156240126000043/amh0630268kexhibit991.htm
AMH,0001562401,2026-07-30 00:00:00,2026-07-30 16:12:13,8-K,True,https://www.sec.gov/Archives/edgar/data/1562401/000156240126000043/0001562401-26-000043-index.htm,https://www.sec.gov/Archives/edgar/data/1562401/000156240126000043/amh0630268kexhibit991.htm
BWIN,0001781755,2026-07-30 00:00:00,2026-07-30 16:11:55,8-K,True,https://www.sec.gov/Archives/edgar/data/1781755/000178175526000047/0001781755-26-000047-index.htm,https://www.sec.gov/Archives/edgar/data/1781755/000178175526000047/ex99-1fy2026q2earningsrele.htm
BRP,0001781755,2026-07-30 00:00:00,2026-07-30 16:11:55,8-K,True,https://www.sec.gov/Archives/edgar/data/1781755/000178175526000047/0001781755-26-000047-index.htm,https://www.sec.gov/Archives/edgar/data/1781755/000178175526000047/ex99-1fy2026q2earningsrele.htm
FND,0001507079,2026-07-30 00:00:00,2026-07-30 16:11:38,8-K,True,https://www.sec.gov/Archives/edgar/data/1507079/000162828026051055/0001628280-26-051055-index.htm,https://www.sec.gov/Archives/edgar/data/1507079/000162828026051055/fnd-20260625x8kxex991.htm
GDDY,0001609711,2026-07-30 00:00:00,2026-07-30 16:10:41,8-K,True,https://www.sec.gov/Archives/edgar/data/1609711/000160971126000087/0001609711-26-000087-index.htm,https://www.sec.gov/Archives/edgar/data/1609711/000160971126000087/gddyex991-20260630xq2earni.htm
CDR-PC,0000761648,2026-07-30 00:00:00,2026-07-30 16:10:39,8-K,False,https://www.sec.gov/Archives/edgar/data/761648/000076164826000019/0000761648-26-000019-index.htm,https://www.sec.gov/Archives/edgar/data/761648/000076164826000019/cdr-20260730.htm
CDR,0000761648,2026-07-30 00:00:00,2026-07-30 16:10:39,8-K,False,https://www.sec.gov/Archives/edgar/data/761648/000076164826000019/0000761648-26-000019-index.htm,https://www.sec.gov/Archives/edgar/data/761648/000076164826000019/cdr-20260730.htm
CDR-PB,0000761648,2026-07-30 00:00:00,2026-07-30 16:10:39,8-K,False,https://www.sec.gov/Archives/edgar/data/761648/000076164826000019/0000761648-26-000019-index.htm,https://www.sec.gov/Archives/edgar/data/761648/000076164826000019/cdr-20260730.htm
INBKZ,0001562463,2026-07-30 00:00:00,2026-07-30 16:10:33,8-K,True,https://www.sec.gov/Archives/edgar/data/1562463/000156246326000083/0001562463-26-000083-index.htm,https://www.sec.gov/Archives/edgar/data/1562463/000156246326000083/inbk-2q2026xex991.htm
INBKL,0001562463,2026-07-30 00:00:00,2026-07-30 16:10:33,8-K,True,https://www.sec.gov/Archives/edgar/data/1562463/000156246326000083/0001562463-26-000083-index.htm,https://www.sec.gov/Archives/edgar/data/1562463/000156246326000083/inbk-2q2026xex991.htm
INBK,0001562463,2026-07-30 00:00:00,2026-07-30 16:10:33,8-K,True,https://www.sec.gov/Archives/edgar/data/1562463/000156246326000083/0001562463-26-000083-index.htm,https://www.sec.gov/Archives/edgar/data/1562463/000156246326000083/inbk-2q2026xex991.htm
FEIM,0000039020,2026-07-30 00:00:00,2026-07-30 16:10:30,8-K,False,https://www.sec.gov/Archives/edgar/data/39020/000118518526003177/0001185185-26-003177-index.htm,https://www.sec.gov/Archives/edgar/data/39020/000118518526003177/feim8k072926.htm
SAMG,0001549966,2026-07-30 00:00:00,2026-07-30 16:10:24,8-K,True,https://www.sec.gov/Archives/edgar/data/1549966/000119312526326125/0001193125-26-326125-index.htm,https://www.sec.gov/Archives/edgar/data/1549966/000119312526326125/samg-ex99_1.htm
WY,0000106535,2026-07-30 00:00:00,2026-07-30 16:10:22,8-K,True,https://www.sec.gov/Archives/edgar/data/106535/000119312526326124/0001193125-26-326124-index.htm,https://www.sec.gov/Archives/edgar/data/106535/000119312526326124/wy-ex99_2.htm
AGM-PD,0000845877,2026-07-30 00:00:00,2026-07-30 16:10:00,8-K,True,https://www.sec.gov/Archives/edgar/data/845877/000084587726000122/0000845877-26-000122-index.htm,https://www.sec.gov/Archives/edgar/data/845877/000084587726000122/a2026q2pressrelease.htm
AGM-A,0000845877,2026-07-30 00:00:00,2026-07-30 16:10:00,8-K,True,https://www.sec.gov/Archives/edgar/data/845877/000084587726000122/0000845877-26-000122-index.htm,https://www.sec.gov/Archives/edgar/data/845877/000084587726000122/a2026q2pressrelease.htm
AGM-PC,0000845877,2026-07-30 00:00:00,2026-07-30 16:10:00,8-K,True,https://www.sec.gov/Archives/edgar/data/845877/000084587726000122/0000845877-26-000122-index.htm,https://www.sec.gov/Archives/edgar/data/845877/000084587726000122/a2026q2pressrelease.htm
AGM-PG,0000845877,2026-07-30 00:00:00,2026-07-30 16:10:00,8-K,True,https://www.sec.gov/Archives/edgar/data/845877/000084587726000122/0000845877-26-000122-index.htm,https://www.sec.gov/Archives/edgar/data/845877/000084587726000122/a2026q2pressrelease.htm
AGM-PE,0000845877,2026-07-30 00:00:00,2026-07-30 16:10:00,8-K,True,https://www.sec.gov/Archives/edgar/data/845877/000084587726000122/0000845877-26-000122-index.htm,https://www.sec.gov/Archives/edgar/data/845877/000084587726000122/a2026q2pressrelease.htm
AGM-PF,0000845877,2026-07-30 00:00:00,2026-07-30 16:10:00,8-K,True,https://www.sec.gov/Archives/edgar/data/845877/000084587726000122/0000845877-26-000122-index.htm,https://www.sec.gov/Archives/edgar/data/845877/000084587726000122/a2026q2pressrelease.htm
AGM,0000845877,2026-07-30 00:00:00,2026-07-30 16:10:00,8-K,True,https://www.sec.gov/Archives/edgar/data/845877/000084587726000122/0000845877-26-000122-index.htm,https://www.sec.gov/Archives/edgar/data/845877/000084587726000122/a2026q2pressrelease.htm
SYK,0000310764,2026-07-30 00:00:00,2026-07-30 16:09:48,8-K,True,https://www.sec.gov/Archives/edgar/data/310764/000031076426000048/0000310764-26-000048-index.htm,https://www.sec.gov/Archives/edgar/data/310764/000031076426000048/sykex991earningsq22026.htm
RDDT,0001713445,2026-07-30 00:00:00,2026-07-30 16:09:38,8-K,True,https://www.sec.gov/Archives/edgar/data/1713445/000171344526000098/0001713445-26-000098-index.htm,https://www.sec.gov/Archives/edgar/data/1713445/000171344526000098/earningspressreleaseq226.htm
FLGT,0001674930,2026-07-30 00:00:00,2026-07-30 16:09:36,8-K,True,https://www.sec.gov/Archives/edgar/data/1674930/000119312526326119/0001193125-26-326119-index.htm,https://www.sec.gov/Archives/edgar/data/1674930/000119312526326119/flgt-ex99_1.htm
AX,0001299709,2026-07-30 00:00:00,2026-07-30 16:09:23,8-K,True,https://www.sec.gov/Archives/edgar/data/1299709/000129970926000052/0001299709-26-000052-index.htm,https://www.sec.gov/Archives/edgar/data/1299709/000129970926000052/pressrelease20260630axearn.htm
SPSC,0001092699,2026-07-30 00:00:00,2026-07-30 16:08:43,8-K,True,https://www.sec.gov/Archives/edgar/data/1092699/000109269926000063/0001092699-26-000063-index.htm,https://www.sec.gov/Archives/edgar/data/1092699/000109269926000063/er_q226.htm
SPXC,0000088205,2026-07-30 00:00:00,2026-07-30 16:08:32,8-K,True,https://www.sec.gov/Archives/edgar/data/88205/000008820526000052/0000088205-26-000052-index.htm,https://www.sec.gov/Archives/edgar/data/88205/000008820526000052/q22026pressrelease.htm
CTAC,0001743725,2026-07-30 00:00:00,2026-07-30 16:08:16,8-K,True,https://www.sec.gov/Archives/edgar/data/1743725/000174372526000019/0001743725-26-000019-index.htm,https://www.sec.gov/Archives/edgar/data/1743725/000174372526000019/grid-20260630xex991.htm
GDYN,0001743725,2026-07-30 00:00:00,2026-07-30 16:08:16,8-K,True,https://www.sec.gov/Archives/edgar/data/1743725/000174372526000019/0001743725-26-000019-index.htm,https://www.sec.gov/Archives/edgar/data/1743725/000174372526000019/grid-20260630xex991.htm
GDYNW,0001743725,2026-07-30 00:00:00,2026-07-30 16:08:16,8-K,True,https://www.sec.gov/Archives/edgar/data/1743725/000174372526000019/0001743725-26-000019-index.htm,https://www.sec.gov/Archives/edgar/data/1743725/000174372526000019/grid-20260630xex991.htm
OLED,0001005284,2026-07-30 00:00:00,2026-07-30 16:08:14,8-K,True,https://www.sec.gov/Archives/edgar/data/1005284/000119312526326113/0001193125-26-326113-index.htm,https://www.sec.gov/Archives/edgar/data/1005284/000119312526326113/oled-ex99_1.htm
GH,0001576280,2026-07-30 00:00:00,2026-07-30 16:08:09,8-K,True,https://www.sec.gov/Archives/edgar/data/1576280/000157628026000036/0001576280-26-000036-index.htm,https://www.sec.gov/Archives/edgar/data/1576280/000157628026000036/gh-06302026xexhibit991.htm
CTNM,0001855175,2026-07-30 00:00:00,2026-07-30 16:08:07,8-K,False,https://www.sec.gov/Archives/edgar/data/1855175/000162828026051051/0001628280-26-051051-index.htm,https://www.sec.gov/Archives/edgar/data/1855175/000162828026051051/ctnm-20260730.htm
TBBK,0001295401,2026-07-30 00:00:00,2026-07-30 16:08:00,8-K,True,https://www.sec.gov/Archives/edgar/data/1295401/000162828026051050/0001628280-26-051050-index.htm,https://www.sec.gov/Archives/edgar/data/1295401/000162828026051050/tbbk-20260730xexx991.htm
RYAN,0001849253,2026-07-30 00:00:00,2026-07-30 16:07:59,8-K,True,https://www.sec.gov/Archives/edgar/data/1849253/000184925326000034/0001849253-26-000034-index.htm,https://www.sec.gov/Archives/edgar/data/1849253/000184925326000034/ryan-20260630xex991.htm
WU,0001365135,2026-07-30 00:00:00,2026-07-30 16:07:54,8-K,True,https://www.sec.gov/Archives/edgar/data/1365135/000119312526326110/0001193125-26-326110-index.htm,https://www.sec.gov/Archives/edgar/data/1365135/000119312526326110/wu-ex99_1.htm
ACCO,0000712034,2026-07-30 00:00:00,2026-07-30 16:07:47,8-K,True,https://www.sec.gov/Archives/edgar/data/712034/000119312526326109/0001193125-26-326109-index.htm,https://www.sec.gov/Archives/edgar/data/712034/000119312526326109/acco-ex99_1.htm
MYGN,0000899923,2026-07-30 00:00:00,2026-07-30 16:07:47,8-K,True,https://www.sec.gov/Archives/edgar/data/899923/000089992326000070/0000899923-26-000070-index.htm,https://www.sec.gov/Archives/edgar/data/899923/000089992326000070/ex991mygn-xearningsrelease.htm
SNDR,0001692063,2026-07-30 00:00:00,2026-07-30 16:07:39,8-K,True,https://www.sec.gov/Archives/edgar/data/1692063/000169206326000037/0001692063-26-000037-index.htm,https://www.sec.gov/Archives/edgar/data/1692063/000169206326000037/a2026q2exhibit991earnings.htm
DRH-PA,0001298946,2026-07-30 00:00:00,2026-07-30 16:07:37,8-K,True,https://www.sec.gov/Archives/edgar/data/1298946/000129894626000035/0001298946-26-000035-index.htm,https://www.sec.gov/Archives/edgar/data/1298946/000129894626000035/exhibit9912q2026.htm
DRH,0001298946,2026-07-30 00:00:00,2026-07-30 16:07:37,8-K,True,https://www.sec.gov/Archives/edgar/data/1298946/000129894626000035/0001298946-26-000035-index.htm,https://www.sec.gov/Archives/edgar/data/1298946/000129894626000035/exhibit9912q2026.htm
SCE-PK,0000092103,2026-07-30 00:00:00,2026-07-30 16:07:33,8-K,True,https://www.sec.gov/Archives/edgar/data/92103/000082705226000058/0000827052-26-000058-index.htm,https://www.sec.gov/Archives/edgar/data/92103/000082705226000058/eix-2026x0730exx991.htm
SCE-PJ,0000092103,2026-07-30 00:00:00,2026-07-30 16:07:33,8-K,True,https://www.sec.gov/Archives/edgar/data/92103/000082705226000058/0000827052-26-000058-index.htm,https://www.sec.gov/Archives/edgar/data/92103/000082705226000058/eix-2026x0730exx991.htm
SCE-PL,0000092103,2026-07-30 00:00:00,2026-07-30 16:07:33,8-K,True,https://www.sec.gov/Archives/edgar/data/92103/000082705226000058/0000827052-26-000058-index.htm,https://www.sec.gov/Archives/edgar/data/92103/000082705226000058/eix-2026x0730exx991.htm
EIX,0000827052,2026-07-30 00:00:00,2026-07-30 16:07:33,8-K,True,https://www.sec.gov/Archives/edgar/data/827052/000082705226000058/0000827052-26-000058-index.htm,https://www.sec.gov/Archives/edgar/data/92103/000082705226000058/eix-2026x0730exx991.htm
SCE-PG,0000092103,2026-07-30 00:00:00,2026-07-30 16:07:33,8-K,True,https://www.sec.gov/Archives/edgar/data/92103/000082705226000058/0000827052-26-000058-index.htm,https://www.sec.gov/Archives/edgar/data/92103/000082705226000058/eix-2026x0730exx991.htm
SCE-PH,0000092103,2026-07-30 00:00:00,2026-07-30 16:07:33,8-K,True,https://www.sec.gov/Archives/edgar/data/92103/000082705226000058/0000827052-26-000058-index.htm,https://www.sec.gov/Archives/edgar/data/92103/000082705226000058/eix-2026x0730exx991.htm
ILMN,0001110803,2026-07-30 00:00:00,2026-07-30 16:07:16,8-K,True,https://www.sec.gov/Archives/edgar/data/1110803/000111080326000155/0001110803-26-000155-index.htm,https://www.sec.gov/Archives/edgar/data/1110803/000111080326000155/q226earningsrelease.htm
LPLA,0001397911,2026-07-30 00:00:00,2026-07-30 16:07:15,8-K,True,https://www.sec.gov/Archives/edgar/data/1397911/000162828026051046/0001628280-26-051046-index.htm,https://www.sec.gov/Archives/edgar/data/1397911/000162828026051046/a2026q2earningsrelease.htm
LPG,0001596993,2026-07-30 00:00:00,2026-07-30 16:07:11,8-K,False,https://www.sec.gov/Archives/edgar/data/1596993/000110465926088672/0001104659-26-088672-index.htm,https://www.sec.gov/Archives/edgar/data/1596993/000110465926088672/lpg-20260724x8k.htm
COHU,0000021535,2026-07-30 00:00:00,2026-07-30 16:07:00,8-K,True,https://www.sec.gov/Archives/edgar/data/21535/000143774926025053/0001437749-26-025053-index.htm,https://www.sec.gov/Archives/edgar/data/21535/000143774926025053/ex_994647.htm
CSTL,0001447362,2026-07-30 00:00:00,2026-07-30 16:06:54,8-K,True,https://www.sec.gov/Archives/edgar/data/1447362/000162828026051045/0001628280-26-051045-index.htm,https://www.sec.gov/Archives/edgar/data/1447362/000162828026051045/exhibit991q22026earningsre.htm
OLN,0000074303,2026-07-30 00:00:00,2026-07-30 16:06:52,8-K,True,https://www.sec.gov/Archives/edgar/data/74303/000007430326000071/0000074303-26-000071-index.htm,https://www.sec.gov/Archives/edgar/data/74303/000007430326000071/exhibit991q22026earningspr.htm
INGM,0001897762,2026-07-30 00:00:00,2026-07-30 16:06:33,8-K,True,https://www.sec.gov/Archives/edgar/data/1897762/000162828026051043/0001628280-26-051043-index.htm,https://www.sec.gov/Archives/edgar/data/1897762/000162828026051043/earningsreleaseq226.htm
CPRI,0001530721,2026-07-30 00:00:00,2026-07-30 16:06:29,8-K,False,https://www.sec.gov/Archives/edgar/data/1530721/000095014226002204/0000950142-26-002204-index.htm,https://www.sec.gov/Archives/edgar/data/1530721/000095014226002204/eh260814751_8k.htm
NXT,0001852131,2026-07-30 00:00:00,2026-07-30 16:06:25,8-K,True,https://www.sec.gov/Archives/edgar/data/1852131/000185213126000045/0001852131-26-000045-index.htm,https://www.sec.gov/Archives/edgar/data/1852131/000185213126000045/ex991_q127.htm
AMZN,0001018724,2026-07-30 00:00:00,2026-07-30 16:06:23,8-K,True,https://www.sec.gov/Archives/edgar/data/1018724/000101872426000024/0001018724-26-000024-index.htm,https://www.sec.gov/Archives/edgar/data/1018724/000101872426000024/amzn-20260630xex991.htm
COIN,0001679788,2026-07-30 00:00:00,2026-07-30 16:06:18,8-K,True,https://www.sec.gov/Archives/edgar/data/1679788/000167978826000087/0001679788-26-000087-index.htm,https://www.sec.gov/Archives/edgar/data/1679788/000167978826000087/q226earningsdeck_sec.htm
SRNGU,0001830214,2026-07-30 00:00:00,2026-07-30 16:06:06,8-K,False,https://www.sec.gov/Archives/edgar/data/1830214/000162828026051041/0001628280-26-051041-index.htm,https://www.sec.gov/Archives/edgar/data/1830214/000162828026051041/dna-20260730.htm
SRNGW,0001830214,2026-07-30 00:00:00,2026-07-30 16:06:06,8-K,False,https://www.sec.gov/Archives/edgar/data/1830214/000162828026051041/0001628280-26-051041-index.htm,https://www.sec.gov/Archives/edgar/data/1830214/000162828026051041/dna-20260730.htm
SRNG,0001830214,2026-07-30 00:00:00,2026-07-30 16:06:06,8-K,False,https://www.sec.gov/Archives/edgar/data/1830214/000162828026051041/0001628280-26-051041-index.htm,https://www.sec.gov/Archives/edgar/data/1830214/000162828026051041/dna-20260730.htm
DNA,0001830214,2026-07-30 00:00:00,2026-07-30 16:06:06,8-K,False,https://www.sec.gov/Archives/edgar/data/1830214/000162828026051041/0001628280-26-051041-index.htm,https://www.sec.gov/Archives/edgar/data/1830214/000162828026051041/dna-20260730.htm
DNA-WT,0001830214,2026-07-30 00:00:00,2026-07-30 16:06:06,8-K,False,https://www.sec.gov/Archives/edgar/data/1830214/000162828026051041/0001628280-26-051041-index.htm,https://www.sec.gov/Archives/edgar/data/1830214/000162828026051041/dna-20260730.htm
DNABW,0001830214,2026-07-30 00:00:00,2026-07-30 16:06:06,8-K,False,https://www.sec.gov/Archives/edgar/data/1830214/000162828026051041/0001628280-26-051041-index.htm,https://www.sec.gov/Archives/edgar/data/1830214/000162828026051041/dna-20260730.htm
ETSY,0001370637,2026-07-30 00:00:00,2026-07-30 16:06:02,8-K,True,https://www.sec.gov/Archives/edgar/data/1370637/000137063726000071/0001370637-26-000071-index.htm,https://www.sec.gov/Archives/edgar/data/1370637/000137063726000071/exhibit99273026.htm
ADC-PA,0000917251,2026-07-30 00:00:00,2026-07-30 16:05:59,8-K,True,https://www.sec.gov/Archives/edgar/data/917251/000091725126000061/0000917251-26-000061-index.htm,https://www.sec.gov/Archives/edgar/data/917251/000091725126000061/adc20260630-ex991.htm
ADC,0000917251,2026-07-30 00:00:00,2026-07-30 16:05:59,8-K,True,https://www.sec.gov/Archives/edgar/data/917251/000091725126000061/0000917251-26-000061-index.htm,https://www.sec.gov/Archives/edgar/data/917251/000091725126000061/adc20260630-ex991.htm
NFLX,0001065280,2026-07-30 00:00:00,2026-07-30 16:05:50,8-K,False,https://www.sec.gov/Archives/edgar/data/1065280/000106528026000214/0001065280-26-000214-index.htm,https://www.sec.gov/Archives/edgar/data/1065280/000106528026000214/nflx-20260726.htm
TFSL,0001381668,2026-07-30 00:00:00,2026-07-30 16:05:47,8-K,True,https://www.sec.gov/Archives/edgar/data/1381668/000138166826000036/0001381668-26-000036-index.htm,https://www.sec.gov/Archives/edgar/data/1381668/000138166826000036/tfslfy26jun8kexhibits.htm
LSAK,0001041514,2026-07-30 00:00:00,2026-07-30 16:05:43,8-K,False,https://www.sec.gov/Archives/edgar/data/1041514/000106299326003930/0001062993-26-003930-index.htm,https://www.sec.gov/Archives/edgar/data/1041514/000106299326003930/form8k.htm
UEPS,0001041514,2026-07-30 00:00:00,2026-07-30 16:05:43,8-K,False,https://www.sec.gov/Archives/edgar/data/1041514/000106299326003930/0001062993-26-003930-index.htm,https://www.sec.gov/Archives/edgar/data/1041514/000106299326003930/form8k.htm
AVNS,0001606498,2026-07-30 00:00:00,2026-07-30 16:05:40,8-K,False,https://www.sec.gov/Archives/edgar/data/1606498/000160649826000115/0001606498-26-000115-index.htm,https://www.sec.gov/Archives/edgar/data/1606498/000160649826000115/avns-20260727.htm
PTCT,0001070081,2026-07-30 00:00:00,2026-07-30 16:05:37,8-K,False,https://www.sec.gov/Archives/edgar/data/1070081/000107008126000016/0001070081-26-000016-index.htm,https://www.sec.gov/Archives/edgar/data/1070081/000107008126000016/tmb-20260728x8k.htm
HR,0001360604,2026-07-30 00:00:00,2026-07-30 16:05:35,8-K,False,https://www.sec.gov/Archives/edgar/data/1360604/000136060426000063/0001360604-26-000063-index.htm,https://www.sec.gov/Archives/edgar/data/1360604/000136060426000063/hr-20260730.htm
FLUX,0001083743,2026-07-30 00:00:00,2026-07-30 16:05:29,8-K,False,https://www.sec.gov/Archives/edgar/data/1083743/000149315226035450/0001493152-26-035450-index.htm,https://www.sec.gov/Archives/edgar/data/1083743/000149315226035450/form8-k.htm
RMNI,0001635282,2026-07-30 00:00:00,2026-07-30 16:05:29,8-K,True,https://www.sec.gov/Archives/edgar/data/1635282/000163528226000057/0001635282-26-000057-index.htm,https://www.sec.gov/Archives/edgar/data/1635282/000163528226000057/rmniq22026earningreleaseex.htm
RMNIW,0001635282,2026-07-30 00:00:00,2026-07-30 16:05:29,8-K,True,https://www.sec.gov/Archives/edgar/data/1635282/000163528226000057/0001635282-26-000057-index.htm,https://www.sec.gov/Archives/edgar/data/1635282/000163528226000057/rmniq22026earningreleaseex.htm
None,0002075109,2026-07-30 00:00:00,2026-07-30 16:05:28,8-K,False,https://www.sec.gov/Archives/edgar/data/2075109/000121390026083327/0001213900-26-083327-index.htm,https://www.sec.gov/Archives/edgar/data/2075109/000121390026083327/ea0298822-8k_matternet.htm
LOPE,0001434588,2026-07-30 00:00:00,2026-07-30 16:05:27,8-K,True,https://www.sec.gov/Archives/edgar/data/1434588/000110465926088669/0001104659-26-088669-index.htm,https://www.sec.gov/Archives/edgar/data/1434588/000110465926088669/lope-20260730xex99d1.htm
CNET,0001376321,2026-07-30 00:00:00,2026-07-30 16:05:19,8-K,False,https://www.sec.gov/Archives/edgar/data/1376321/000117184326005082/0001171843-26-005082-index.htm,https://www.sec.gov/Archives/edgar/data/1376321/000117184326005082/f8k_072926.htm
GSIT,0001126741,2026-07-30 00:00:00,2026-07-30 16:05:18,8-K,True,https://www.sec.gov/Archives/edgar/data/1126741/000117184326005079/0001171843-26-005079-index.htm,https://www.sec.gov/Archives/edgar/data/1126741/000117184326005079/exh_991.htm
BJRI,0001013488,2026-07-30 00:00:00,2026-07-30 16:05:18,8-K,True,https://www.sec.gov/Archives/edgar/data/1013488/000117184326005080/0001171843-26-005080-index.htm,https://www.sec.gov/Archives/edgar/data/1013488/000117184326005080/exh_991.htm
EXPO,0000851520,2026-07-30 00:00:00,2026-07-30 16:05:18,8-K,True,https://www.sec.gov/Archives/edgar/data/851520/000117184326005081/0001171843-26-005081-index.htm,https://www.sec.gov/Archives/edgar/data/851520/000117184326005081/exh_991.htm
None,0001825248,2026-07-30 00:00:00,2026-07-30 16:05:15,8-K,False,https://www.sec.gov/Archives/edgar/data/1825248/000121390026083324/0001213900-26-083324-index.htm,https://www.sec.gov/Archives/edgar/data/1825248/000121390026083324/ea0299564-8k_franklin.htm
ANAB,0001370053,2026-07-30 00:00:00,2026-07-30 16:05:15,8-K,False,https://www.sec.gov/Archives/edgar/data/1370053/000119312526326097/0001193125-26-326097-index.htm,https://www.sec.gov/Archives/edgar/data/1370053/000119312526326097/anab-20260728.htm
COLM,0001050797,2026-07-30 00:00:00,2026-07-30 16:05:15,8-K,True,https://www.sec.gov/Archives/edgar/data/1050797/000105079726000129/0001050797-26-000129-index.htm,https://www.sec.gov/Archives/edgar/data/1050797/000105079726000129/colmfy26q2exhibit991.htm
CAPR,0001133869,2026-07-30 00:00:00,2026-07-30 16:05:11,8-K,False,https://www.sec.gov/Archives/edgar/data/1133869/000110465926088667/0001104659-26-088667-index.htm,https://www.sec.gov/Archives/edgar/data/1133869/000110465926088667/capr-20260729x8k.htm
FSLR,0001274494,2026-07-30 00:00:00,2026-07-30 16:04:00,8-K,True,https://www.sec.gov/Archives/edgar/data/1274494/000127449426000169/0001274494-26-000169-index.htm,https://www.sec.gov/Archives/edgar/data/1274494/000127449426000169/ex991pressreleaseq2-2026.htm
NMIH,0001547903,2026-07-30 00:00:00,2026-07-30 16:03:58,8-K,True,https://www.sec.gov/Archives/edgar/data/1547903/000154790326000037/0001547903-26-000037-index.htm,https://www.sec.gov/Archives/edgar/data/1547903/000154790326000037/exhibit991q22026.htm
CERS,0001020214,2026-07-30 00:00:00,2026-07-30 16:03:49,8-K,True,https://www.sec.gov/Archives/edgar/data/1020214/000119312526326093/0001193125-26-326093-index.htm,https://www.sec.gov/Archives/edgar/data/1020214/000119312526326093/cers-ex99_1.htm
DXCM,0001093557,2026-07-30 00:00:00,2026-07-30 16:03:41,8-K,True,https://www.sec.gov/Archives/edgar/data/1093557/000109355726000142/0001093557-26-000142-index.htm,https://www.sec.gov/Archives/edgar/data/1093557/000109355726000142/dxcm06302026-exhibit991.htm
YARW,0001566044,2026-07-30 00:00:00,2026-07-30 16:03:20,8-K,False,https://www.sec.gov/Archives/edgar/data/1566044/000110465926088662/0001104659-26-088662-index.htm,https://www.sec.gov/Archives/edgar/data/1566044/000110465926088662/tm2621655d2_8k.htm
VYNE,0001566044,2026-07-30 00:00:00,2026-07-30 16:03:20,8-K,False,https://www.sec.gov/Archives/edgar/data/1566044/000110465926088662/0001104659-26-088662-index.htm,https://www.sec.gov/Archives/edgar/data/1566044/000110465926088662/tm2621655d2_8k.htm
CDNA,0001217234,2026-07-30 00:00:00,2026-07-30 16:03:10,8-K,True,https://www.sec.gov/Archives/edgar/data/1217234/000121723426000045/0001217234-26-000045-index.htm,https://www.sec.gov/Archives/edgar/data/1217234/000121723426000045/cdna-20260730_earningsrele.htm
FORR,0001023313,2026-07-30 00:00:00,2026-07-30 16:02:36,8-K,False,https://www.sec.gov/Archives/edgar/data/1023313/000119312526326088/0001193125-26-326088-index.htm,https://www.sec.gov/Archives/edgar/data/1023313/000119312526326088/forr-20260730.htm
NBIX,0000914475,2026-07-30 00:00:00,2026-07-30 16:02:28,8-K,True,https://www.sec.gov/Archives/edgar/data/914475/000091447526000035/0000914475-26-000035-index.htm,https://www.sec.gov/Archives/edgar/data/914475/000091447526000035/q2-2026xearningsrelease.htm
FBIN,0001519751,2026-07-30 00:00:00,2026-07-30 16:02:09,8-K,False,https://www.sec.gov/Archives/edgar/data/1519751/000119312526326086/0001193125-26-326086-index.htm,https://www.sec.gov/Archives/edgar/data/1519751/000119312526326086/fbin-20260724.htm
FBHS,0001519751,2026-07-30 00:00:00,2026-07-30 16:02:09,8-K,False,https://www.sec.gov/Archives/edgar/data/1519751/000119312526326086/0001193125-26-326086-index.htm,https://www.sec.gov/Archives/edgar/data/1519751/000119312526326086/fbin-20260724.htm
DVLT,0001682149,2026-07-30 00:00:00,2026-07-30 16:02:06,8-K,False,https://www.sec.gov/Archives/edgar/data/1682149/000110465926088661/0001104659-26-088661-index.htm,https://www.sec.gov/Archives/edgar/data/1682149/000110465926088661/tm2621627d1_8k.htm
WISA,0001682149,2026-07-30 00:00:00,2026-07-30 16:02:06,8-K,False,https://www.sec.gov/Archives/edgar/data/1682149/000110465926088661/0001104659-26-088661-index.htm,https://www.sec.gov/Archives/edgar/data/1682149/000110465926088661/tm2621627d1_8k.htm
KROS,0001664710,2026-07-30 00:00:00,2026-07-30 16:01:59,8-K,False,https://www.sec.gov/Archives/edgar/data/1664710/000166471026000043/0001664710-26-000043-index.htm,https://www.sec.gov/Archives/edgar/data/1664710/000166471026000043/kros-20260730.htm
MSEXP,0000066004,2026-07-30 00:00:00,2026-07-30 16:01:45,8-K,False,https://www.sec.gov/Archives/edgar/data/66004/000162828026051031/0001628280-26-051031-index.htm,https://www.sec.gov/Archives/edgar/data/66004/000162828026051031/msex-20260730.htm
MSEX,0000066004,2026-07-30 00:00:00,2026-07-30 16:01:45,8-K,False,https://www.sec.gov/Archives/edgar/data/66004/000162828026051031/0001628280-26-051031-index.htm,https://www.sec.gov/Archives/edgar/data/66004/000162828026051031/msex-20260730.htm
CRIS,0001108205,2026-07-30 00:00:00,2026-07-30 16:01:43,8-K,False,https://www.sec.gov/Archives/edgar/data/1108205/000110820526000105/0001108205-26-000105-index.htm,https://www.sec.gov/Archives/edgar/data/1108205/000110820526000105/cris-20260724.htm
GDNSF,0001771706,2026-07-30 00:00:00,2026-07-30 16:01:27,8-K,False,https://www.sec.gov/Archives/edgar/data/1771706/000110465926088659/0001104659-26-088659-index.htm,https://www.sec.gov/Archives/edgar/data/1771706/000110465926088659/tm2621363d3_8k.htm
VREOF,0001771706,2026-07-30 00:00:00,2026-07-30 16:01:27,8-K,False,https://www.sec.gov/Archives/edgar/data/1771706/000110465926088659/0001104659-26-088659-index.htm,https://www.sec.gov/Archives/edgar/data/1771706/000110465926088659/tm2621363d3_8k.htm
ASTE,0000792987,2026-07-30 00:00:00,2026-07-30 16:01:24,8-K,False,https://www.sec.gov/Archives/edgar/data/792987/000079298726000036/0000792987-26-000036-index.htm,https://www.sec.gov/Archives/edgar/data/792987/000079298726000036/aste-20260727.htm
ALHC,0001832466,2026-07-30 00:00:00,2026-07-30 16:01:17,8-K,True,https://www.sec.gov/Archives/edgar/data/1832466/000117184326005078/0001171843-26-005078-index.htm,https://www.sec.gov/Archives/edgar/data/1832466/000117184326005078/exh_991.htm
TEM,0001717115,2026-07-30 00:00:00,2026-07-30 16:01:15,8-K,True,https://www.sec.gov/Archives/edgar/data/1717115/000119312526326083/0001193125-26-326083-index.htm,https://www.sec.gov/Archives/edgar/data/1717115/000119312526326083/tem-ex99_1.htm
MPWR,0001280452,2026-07-30 00:00:00,2026-07-30 16:01:11,8-K,True,https://www.sec.gov/Archives/edgar/data/1280452/000162828026051029/0001628280-26-051029-index.htm,https://www.sec.gov/Archives/edgar/data/1280452/000162828026051029/mpwr-20260630xexx991.htm
RIVN,0001874178,2026-07-30 00:00:00,2026-07-30 16:01:01,8-K,True,https://www.sec.gov/Archives/edgar/data/1874178/000187417826000053/0001874178-26-000053-index.htm,https://www.sec.gov/Archives/edgar/data/1874178/000187417826000053/ex-9912q26rivianearningspr.htm
FATN,0001993400,2026-07-30 00:00:00,2026-07-30 16:00:37,8-K,False,https://www.sec.gov/Archives/edgar/data/1993400/000149315226035446/0001493152-26-035446-index.htm,https://www.sec.gov/Archives/edgar/data/1993400/000149315226035446/form8-k.htm
FBIZ,0001521951,2026-07-30 00:00:00,2026-07-30 16:00:37,8-K,True,https://www.sec.gov/Archives/edgar/data/1521951/000119312526326079/0001193125-26-326079-index.htm,https://www.sec.gov/Archives/edgar/data/1521951/000119312526326079/fbiz-ex99_1.htm
STRD,0001050446,2026-07-30 00:00:00,2026-07-30 16:00:23,8-K,True,https://www.sec.gov/Archives/edgar/data/1050446/000162828026051027/0001628280-26-051027-index.htm,https://www.sec.gov/Archives/edgar/data/1050446/000162828026051027/mstr-20260730x8kxex991.htm
STRF,0001050446,2026-07-30 00:00:00,2026-07-30 16:00:23,8-K,True,https://www.sec.gov/Archives/edgar/data/1050446/000162828026051027/0001628280-26-051027-index.htm,https://www.sec.gov/Archives/edgar/data/1050446/000162828026051027/mstr-20260730x8kxex991.htm
STRK,0001050446,2026-07-30 00:00:00,2026-07-30 16:00:23,8-K,True,https://www.sec.gov/Archives/edgar/data/1050446/000162828026051027/0001628280-26-051027-index.htm,https://www.sec.gov/Archives/edgar/data/1050446/000162828026051027/mstr-20260730x8kxex991.htm
MSTR,0001050446,2026-07-30 00:00:00,2026-07-30 16:00:23,8-K,True,https://www.sec.gov/Archives/edgar/data/1050446/000162828026051027/0001628280-26-051027-index.htm,https://www.sec.gov/Archives/edgar/data/1050446/000162828026051027/mstr-20260730x8kxex991.htm
STRC,0001050446,2026-07-30 00:00:00,2026-07-30 16:00:23,8-K,True,https://www.sec.gov/Archives/edgar/data/1050446/000162828026051027/0001628280-26-051027-index.htm,https://www.sec.gov/Archives/edgar/data/1050446/000162828026051027/mstr-20260730x8kxex991.htm
None,0002035713,2026-07-30 00:00:00,2026-07-30 15:22:00,8-K,False,https://www.sec.gov/Archives/edgar/data/2035713/000162828026051003/0001628280-26-051003-index.htm,https://www.sec.gov/Archives/edgar/data/2035713/000162828026051003/cls-20260724.htm
None,0001959961,2026-07-30 00:00:00,2026-07-30 15:14:29,8-K,False,https://www.sec.gov/Archives/edgar/data/1959961/000119312526325924/0001193125-26-325924-index.htm,https://www.sec.gov/Archives/edgar/data/1959961/000119312526325924/ck0001959961-20260730.htm
None,0002138886,2026-07-30 00:00:00,2026-07-30 14:49:33,8-K,False,https://www.sec.gov/Archives/edgar/data/2138886/000110465926088625/0001104659-26-088625-index.htm,https://www.sec.gov/Archives/edgar/data/1974820/000110465926088625/tm2620097d14_8k.htm
None,0001974820,2026-07-30 00:00:00,2026-07-30 14:49:33,8-K,False,https://www.sec.gov/Archives/edgar/data/1974820/000110465926088625/0001104659-26-088625-index.htm,https://www.sec.gov/Archives/edgar/data/1974820/000110465926088625/tm2620097d14_8k.htm
WBQNL,0001785494,2026-07-30 00:00:00,2026-07-30 14:44:42,8-K,False,https://www.sec.gov/Archives/edgar/data/1785494/000114036126030226/0001140361-26-030226-index.htm,https://www.sec.gov/Archives/edgar/data/1785494/000114036126030226/ef20079092_8k.htm
None,0001326771,2026-07-30 00:00:00,2026-07-30 14:32:22,8-K,False,https://www.sec.gov/Archives/edgar/data/1326771/000132677126000125/0001326771-26-000125-index.htm,https://www.sec.gov/Archives/edgar/data/1326771/000132677126000125/fhlbcin-20260727.htm
None,0001938649,2026-07-30 00:00:00,2026-07-30 14:29:45,8-K,False,https://www.sec.gov/Archives/edgar/data/1938649/000139834426013123/0001398344-26-013123-index.htm,https://www.sec.gov/Archives/edgar/data/1938649/000139834426013123/fp0100222-1_8kixbrl.htm
FMBM,0000740806,2026-07-30 00:00:00,2026-07-30 14:25:06,8-K,True,https://www.sec.gov/Archives/edgar/data/740806/000165495426007023/0001654954-26-007023-index.htm,https://www.sec.gov/Archives/edgar/data/740806/000165495426007023/fmbm_ex991.htm
CETI,0001935092,2026-07-30 00:00:00,2026-07-30 14:21:32,8-K,False,https://www.sec.gov/Archives/edgar/data/1935092/000155335026000114/0001553350-26-000114-index.htm,https://www.sec.gov/Archives/edgar/data/1935092/000155335026000114/ceti_8k.htm
None,0001690536,2026-07-30 00:00:00,2026-07-30 14:12:33,8-K,False,https://www.sec.gov/Archives/edgar/data/1690536/000110465926088616/0001104659-26-088616-index.htm,https://www.sec.gov/Archives/edgar/data/1690536/000110465926088616/tm2621703d1_8k.htm
None,0001316944,2026-07-30 00:00:00,2026-07-30 14:08:48,8-K,False,https://www.sec.gov/Archives/edgar/data/1316944/000131694426000130/0001316944-26-000130-index.htm,https://www.sec.gov/Archives/edgar/data/1316944/000131694426000130/fhlbsf-20260727.htm
None,0001993402,2026-07-30 00:00:00,2026-07-30 14:04:16,8-K,False,https://www.sec.gov/Archives/edgar/data/1993402/000110465926088609/0001104659-26-088609-index.htm,https://www.sec.gov/Archives/edgar/data/1993402/000110465926088609/tm2621552d1_8k.htm
None,0001325814,2026-07-30 00:00:00,2026-07-30 14:00:50,8-K,False,https://www.sec.gov/Archives/edgar/data/1325814/000132581426000118/0001325814-26-000118-index.htm,https://www.sec.gov/Archives/edgar/data/1325814/000132581426000118/fhlbdm-20260727.htm
SLBG,0001674440,2026-07-30 00:00:00,2026-07-30 13:53:29,8-K,False,https://www.sec.gov/Archives/edgar/data/1674440/000149315226035417/0001493152-26-035417-index.htm,https://www.sec.gov/Archives/edgar/data/1674440/000149315226035417/form8-k.htm
YYAI,0001674440,2026-07-30 00:00:00,2026-07-30 13:53:29,8-K,False,https://www.sec.gov/Archives/edgar/data/1674440/000149315226035417/0001493152-26-035417-index.htm,https://www.sec.gov/Archives/edgar/data/1674440/000149315226035417/form8-k.htm
CNXA,0001674440,2026-07-30 00:00:00,2026-07-30 13:53:29,8-K,False,https://www.sec.gov/Archives/edgar/data/1674440/000149315226035417/0001493152-26-035417-index.htm,https://www.sec.gov/Archives/edgar/data/1674440/000149315226035417/form8-k.htm
None,0001331465,2026-07-30 00:00:00,2026-07-30 13:45:03,8-K,False,https://www.sec.gov/Archives/edgar/data/1331465/000133146526000140/0001331465-26-000140-index.htm,https://www.sec.gov/Archives/edgar/data/1331465/000133146526000140/fhlba-20260727.htm
GOVB,0001978811,2026-07-30 00:00:00,2026-07-30 13:28:33,8-K,True,https://www.sec.gov/Archives/edgar/data/1978811/000197881126000008/0001978811-26-000008-index.htm,https://www.sec.gov/Archives/edgar/data/1978811/000197881126000008/tmb-20260729xex99d1.htm
None,0001083199,2026-07-30 00:00:00,2026-07-30 12:53:03,8-K,False,https://www.sec.gov/Archives/edgar/data/1083199/000110465926088571/0001104659-26-088571-index.htm,https://www.sec.gov/Archives/edgar/data/1083199/000110465926088571/tm2620052d11_8k.htm
None,0002140699,2026-07-30 00:00:00,2026-07-30 12:53:03,8-K,False,https://www.sec.gov/Archives/edgar/data/2140699/000110465926088571/0001104659-26-088571-index.htm,https://www.sec.gov/Archives/edgar/data/1083199/000110465926088571/tm2620052d11_8k.htm
NPKI,0000071829,2026-07-30 00:00:00,2026-07-30 12:45:32,8-K,True,https://www.sec.gov/Archives/edgar/data/71829/000007182926000044/0000071829-26-000044-index.htm,https://www.sec.gov/Archives/edgar/data/71829/000007182926000044/npkq22026investorpresent.htm
NR,0000071829,2026-07-30 00:00:00,2026-07-30 12:45:32,8-K,True,https://www.sec.gov/Archives/edgar/data/71829/000007182926000044/0000071829-26-000044-index.htm,https://www.sec.gov/Archives/edgar/data/71829/000007182926000044/npkq22026investorpresent.htm
LEXXW,0001348362,2026-07-30 00:00:00,2026-07-30 12:02:58,8-K,False,https://www.sec.gov/Archives/edgar/data/1348362/000164033426001258/0001640334-26-001258-index.htm,https://www.sec.gov/Archives/edgar/data/1348362/000164033426001258/lxrp_8k.htm
LEXX,0001348362,2026-07-30 00:00:00,2026-07-30 12:02:58,8-K,False,https://www.sec.gov/Archives/edgar/data/1348362/000164033426001258/0001640334-26-001258-index.htm,https://www.sec.gov/Archives/edgar/data/1348362/000164033426001258/lxrp_8k.htm
PFS,0001178970,2026-07-30 00:00:00,2026-07-30 11:51:15,8-K,False,https://www.sec.gov/Archives/edgar/data/1178970/000162828026050919/0001628280-26-050919-index.htm,https://www.sec.gov/Archives/edgar/data/1178970/000162828026050919/pfs-20260729.htm
AAON,0000824142,2026-07-30 00:00:00,2026-07-30 11:47:49,8-K,False,https://www.sec.gov/Archives/edgar/data/824142/000082414226000048/0000824142-26-000048-index.htm,https://www.sec.gov/Archives/edgar/data/824142/000082414226000048/aaon-20260728.htm
TDAC,0001673481,2026-07-30 00:00:00,2026-07-30 11:45:21,8-K,False,https://www.sec.gov/Archives/edgar/data/1673481/000149315226035388/0001493152-26-035388-index.htm,https://www.sec.gov/Archives/edgar/data/1673481/000149315226035388/form8-k.htm
TDACU,0001673481,2026-07-30 00:00:00,2026-07-30 11:45:21,8-K,False,https://www.sec.gov/Archives/edgar/data/1673481/000149315226035388/0001493152-26-035388-index.htm,https://www.sec.gov/Archives/edgar/data/1673481/000149315226035388/form8-k.htm
LTRY,0001673481,2026-07-30 00:00:00,2026-07-30 11:45:21,8-K,False,https://www.sec.gov/Archives/edgar/data/1673481/000149315226035388/0001493152-26-035388-index.htm,https://www.sec.gov/Archives/edgar/data/1673481/000149315226035388/form8-k.htm
LTRYW,0001673481,2026-07-30 00:00:00,2026-07-30 11:45:21,8-K,False,https://www.sec.gov/Archives/edgar/data/1673481/000149315226035388/0001493152-26-035388-index.htm,https://www.sec.gov/Archives/edgar/data/1673481/000149315226035388/form8-k.htm
PFS,0001178970,2026-07-30 00:00:00,2026-07-30 11:42:02,8-K,True,https://www.sec.gov/Archives/edgar/data/1178970/000162828026050914/0001628280-26-050914-index.htm,https://www.sec.gov/Archives/edgar/data/1178970/000162828026050914/a063026earningsreleasenew.htm
None,0001713407,2026-07-30 00:00:00,2026-07-30 11:31:44,8-K,False,https://www.sec.gov/Archives/edgar/data/1713407/000171340726000076/0001713407-26-000076-index.htm,https://www.sec.gov/Archives/edgar/data/1713407/000171340726000076/bra-20260730.htm
CP,0000016875,2026-07-30 00:00:00,2026-07-30 11:22:23,8-K,False,https://www.sec.gov/Archives/edgar/data/16875/000119312526325242/0001193125-26-325242-index.htm,https://www.sec.gov/Archives/edgar/data/16875/000119312526325242/d153278d8k.htm
LEE,0000058361,2026-07-30 00:00:00,2026-07-30 11:04:56,8-K,False,https://www.sec.gov/Archives/edgar/data/58361/000005836126000053/0000058361-26-000053-index.htm,https://www.sec.gov/Archives/edgar/data/58361/000005836126000053/lee-20260728.htm
FAVO,0001795851,2026-07-30 00:00:00,2026-07-30 10:36:14,8-K,False,https://www.sec.gov/Archives/edgar/data/1795851/000166357726000236/0001663577-26-000236-index.htm,https://www.sec.gov/Archives/edgar/data/1795851/000166357726000236/swrd_8k07272026.htm
SWRD,0001795851,2026-07-30 00:00:00,2026-07-30 10:36:14,8-K,False,https://www.sec.gov/Archives/edgar/data/1795851/000166357726000236/0001663577-26-000236-index.htm,https://www.sec.gov/Archives/edgar/data/1795851/000166357726000236/swrd_8k07272026.htm
None,0001331451,2026-07-30 00:00:00,2026-07-30 10:36:07,8-K,False,https://www.sec.gov/Archives/edgar/data/1331451/000133145126000142/0001331451-26-000142-index.htm,https://www.sec.gov/Archives/edgar/data/1331451/000133145126000142/fhlbc-20260727.htm
None,0000885568,2026-07-30 00:00:00,2026-07-30 10:31:00,8-K,False,https://www.sec.gov/Archives/edgar/data/885568/000119312526325157/0001193125-26-325157-index.htm,https://www.sec.gov/Archives/edgar/data/885568/000119312526325157/ck0000885568-20260728.htm
MATW,0000063296,2026-07-30 00:00:00,2026-07-30 10:23:04,8-K,False,https://www.sec.gov/Archives/edgar/data/63296/000006329626000069/0000063296-26-000069-index.htm,https://www.sec.gov/Archives/edgar/data/63296/000006329626000069/matw-20260729.htm
None,0001331757,2026-07-30 00:00:00,2026-07-30 10:11:40,8-K,False,https://www.sec.gov/Archives/edgar/data/1331757/000133175726000138/0001331757-26-000138-index.htm,https://www.sec.gov/Archives/edgar/data/1331757/000133175726000138/fhlbd-20260727.htm
LIN,0001707925,2026-07-30 00:00:00,2026-07-30 10:07:52,8-K,False,https://www.sec.gov/Archives/edgar/data/1707925/000119312526325127/0001193125-26-325127-index.htm,https://www.sec.gov/Archives/edgar/data/1707925/000119312526325127/lin-20260728.htm
None,0002045370,2026-07-30 00:00:00,2026-07-30 10:02:56,8-K,False,https://www.sec.gov/Archives/edgar/data/2045370/000143774926024950/0001437749-26-024950-index.htm,https://www.sec.gov/Archives/edgar/data/2045370/000143774926024950/remc20260728_8k.htm
None,0002031283,2026-07-30 00:00:00,2026-07-30 09:49:09,8-K,False,https://www.sec.gov/Archives/edgar/data/2031283/000110465926088506/0001104659-26-088506-index.htm,https://www.sec.gov/Archives/edgar/data/2031283/000110465926088506/tm2621634d1_8k.htm
CLST,0001849867,2026-07-30 00:00:00,2026-07-30 09:46:57,8-K,False,https://www.sec.gov/Archives/edgar/data/1849867/000184986726000016/0001849867-26-000016-index.htm,https://www.sec.gov/Archives/edgar/data/1849867/000184986726000016/clst-20260730x8k.htm
TRS,0000842633,2026-07-30 00:00:00,2026-07-30 09:38:51,8-K,True,https://www.sec.gov/Archives/edgar/data/842633/000084263326000045/0000842633-26-000045-index.htm,https://www.sec.gov/Archives/edgar/data/842633/000084263326000045/trs_06302026xexhibit991.htm
IAUX,0001853962,2026-07-30 00:00:00,2026-07-30 09:38:28,8-K,False,https://www.sec.gov/Archives/edgar/data/1853962/000162828026050887/0001628280-26-050887-index.htm,https://www.sec.gov/Archives/edgar/data/1853962/000162828026050887/iaux-20260730.htm
CFR,0000039263,2026-07-30 00:00:00,2026-07-30 09:30:23,8-K,True,https://www.sec.gov/Archives/edgar/data/39263/000003926326000045/0000039263-26-000045-index.htm,https://www.sec.gov/Archives/edgar/data/39263/000003926326000045/a2q26formxex991xpressrelea.htm
CFR-PB,0000039263,2026-07-30 00:00:00,2026-07-30 09:30:23,8-K,True,https://www.sec.gov/Archives/edgar/data/39263/000003926326000045/0000039263-26-000045-index.htm,https://www.sec.gov/Archives/edgar/data/39263/000003926326000045/a2q26formxex991xpressrelea.htm
None,0001330399,2026-07-30 00:00:00,2026-07-30 09:29:02,8-K,False,https://www.sec.gov/Archives/edgar/data/1330399/000119312526325076/0001193125-26-325076-index.htm,https://www.sec.gov/Archives/edgar/data/1330399/000119312526325076/ck0001330399-20260727.htm
SXC,0001514705,2026-07-30 00:00:00,2026-07-30 09:25:26,8-K,True,https://www.sec.gov/Archives/edgar/data/1514705/000151470526000032/0001514705-26-000032-index.htm,https://www.sec.gov/Archives/edgar/data/1514705/000151470526000032/sxcearningsrelease2026q2.htm
LECO,0000059527,2026-07-30 00:00:00,2026-07-30 09:22:24,8-K,True,https://www.sec.gov/Archives/edgar/data/59527/000005952726000021/0000059527-26-000021-index.htm,https://www.sec.gov/Archives/edgar/data/59527/000005952726000021/leco-20260730xex99d1.htm
FSTR,0000352825,2026-07-30 00:00:00,2026-07-30 09:20:04,8-K,False,https://www.sec.gov/Archives/edgar/data/352825/000035282526000043/0000352825-26-000043-index.htm,https://www.sec.gov/Archives/edgar/data/352825/000035282526000043/fstr-20260728.htm
TRN,0000099780,2026-07-30 00:00:00,2026-07-30 09:19:12,8-K,True,https://www.sec.gov/Archives/edgar/data/99780/000009978026000117/0000099780-26-000117-index.htm,https://www.sec.gov/Archives/edgar/data/99780/000009978026000117/exh991pressrelease6302026.htm
None,0002111846,2026-07-30 00:00:00,2026-07-30 09:15:36,8-K,False,https://www.sec.gov/Archives/edgar/data/2111846/000121390026083100/0001213900-26-083100-index.htm,https://www.sec.gov/Archives/edgar/data/2111846/000121390026083100/ea0299785-8k_game.htm
TNC,0000097134,2026-07-30 00:00:00,2026-07-30 09:15:35,8-K,False,https://www.sec.gov/Archives/edgar/data/97134/000110465926088498/0001104659-26-088498-index.htm,https://www.sec.gov/Archives/edgar/data/97134/000110465926088498/tm2621597d1_8k.htm
LXU,0000060714,2026-07-30 00:00:00,2026-07-30 09:15:10,8-K,False,https://www.sec.gov/Archives/edgar/data/60714/000119312526325064/0001193125-26-325064-index.htm,https://www.sec.gov/Archives/edgar/data/60714/000119312526325064/lxu-20260730.htm
LPRO,0001806201,2026-07-30 00:00:00,2026-07-30 09:13:51,8-K,False,https://www.sec.gov/Archives/edgar/data/1806201/000119312526325062/0001193125-26-325062-index.htm,https://www.sec.gov/Archives/edgar/data/1806201/000119312526325062/d154380d8k.htm
AMBO,0001494558,2026-07-30 00:00:00,2026-07-30 09:11:27,8-K,False,https://www.sec.gov/Archives/edgar/data/1494558/000121390026083099/0001213900-26-083099-index.htm,https://www.sec.gov/Archives/edgar/data/1494558/000121390026083099/ea0299818-8k_ambow.htm
DFH,0001825088,2026-07-30 00:00:00,2026-07-30 09:04:03,8-K,True,https://www.sec.gov/Archives/edgar/data/1825088/000162828026050841/0001628280-26-050841-index.htm,https://www.sec.gov/Archives/edgar/data/1825088/000162828026050841/dfh-q22026xer.htm
EME,0000105634,2026-07-30 00:00:00,2026-07-30 09:03:52,8-K,True,https://www.sec.gov/Archives/edgar/data/105634/000010563426000112/0000105634-26-000112-index.htm,https://www.sec.gov/Archives/edgar/data/105634/000010563426000112/eme-ex991_2026630xq2.htm
CPBI,0001979332,2026-07-30 00:00:00,2026-07-30 09:00:14,8-K,False,https://www.sec.gov/Archives/edgar/data/1979332/000094337426000338/0000943374-26-000338-index.htm,https://www.sec.gov/Archives/edgar/data/1979332/000094337426000338/cpbi-20260728.htm
WORX,0001674227,2026-07-30 00:00:00,2026-07-30 08:58:58,8-K,False,https://www.sec.gov/Archives/edgar/data/1674227/000121390026083096/0001213900-26-083096-index.htm,https://www.sec.gov/Archives/edgar/data/1674227/000121390026083096/ea0299755-8k_scworx.htm
None,0001331754,2026-07-30 00:00:00,2026-07-30 08:55:25,8-K,False,https://www.sec.gov/Archives/edgar/data/1331754/000133175426000155/0001331754-26-000155-index.htm,https://www.sec.gov/Archives/edgar/data/1331754/000133175426000155/fhlbi-20260727.htm
PATK,0000076605,2026-07-30 00:00:00,2026-07-30 08:54:06,8-K,True,https://www.sec.gov/Archives/edgar/data/76605/000007660526000069/0000076605-26-000069-index.htm,https://www.sec.gov/Archives/edgar/data/76605/000007660526000069/earningsrelease.htm
SAH,0001043509,2026-07-30 00:00:00,2026-07-30 08:52:41,8-K,True,https://www.sec.gov/Archives/edgar/data/1043509/000162828026050837/0001628280-26-050837-index.htm,https://www.sec.gov/Archives/edgar/data/1043509/000162828026050837/q220268kexhibit991.htm
None,0001772918,2026-07-30 00:00:00,2026-07-30 08:50:23,8-K,False,https://www.sec.gov/Archives/edgar/data/1772918/000119312526325044/0001193125-26-325044-index.htm,https://www.sec.gov/Archives/edgar/data/1772918/000119312526325044/d155284d8k.htm
NNI,0001258602,2026-07-30 00:00:00,2026-07-30 08:48:39,8-K,False,https://www.sec.gov/Archives/edgar/data/1258602/000125860226000037/0001258602-26-000037-index.htm,https://www.sec.gov/Archives/edgar/data/1258602/000125860226000037/nni-20260729.htm
GRBK,0001373670,2026-07-30 00:00:00,2026-07-30 08:48:06,8-K,False,https://www.sec.gov/Archives/edgar/data/1373670/000162828026050835/0001628280-26-050835-index.htm,https://www.sec.gov/Archives/edgar/data/1373670/000162828026050835/grbk-20260730.htm
GRBK-PA,0001373670,2026-07-30 00:00:00,2026-07-30 08:48:06,8-K,False,https://www.sec.gov/Archives/edgar/data/1373670/000162828026050835/0001628280-26-050835-index.htm,https://www.sec.gov/Archives/edgar/data/1373670/000162828026050835/grbk-20260730.htm
RRBI,0001071236,2026-07-30 00:00:00,2026-07-30 08:45:20,8-K,True,https://www.sec.gov/Archives/edgar/data/1071236/000107123626000053/0001071236-26-000053-index.htm,https://www.sec.gov/Archives/edgar/data/1071236/000107123626000053/rrbiq22026exhibit991.htm
AGCO,0000880266,2026-07-30 00:00:00,2026-07-30 08:44:04,8-K,True,https://www.sec.gov/Archives/edgar/data/880266/000088026626000066/0000880266-26-000066-index.htm,https://www.sec.gov/Archives/edgar/data/880266/000088026626000066/a2026earningsreleaseq2.htm
CBT,0000016040,2026-07-30 00:00:00,2026-07-30 08:35:06,8-K,False,https://www.sec.gov/Archives/edgar/data/16040/000119312526325036/0001193125-26-325036-index.htm,https://www.sec.gov/Archives/edgar/data/16040/000119312526325036/d25963d8k.htm
GMTX,0001816736,2026-07-30 00:00:00,2026-07-30 08:32:49,8-K,False,https://www.sec.gov/Archives/edgar/data/1816736/000119312526325031/0001193125-26-325031-index.htm,https://www.sec.gov/Archives/edgar/data/1816736/000119312526325031/iron-20260730.htm
IRON,0001816736,2026-07-30 00:00:00,2026-07-30 08:32:49,8-K,False,https://www.sec.gov/Archives/edgar/data/1816736/000119312526325031/0001193125-26-325031-index.htm,https://www.sec.gov/Archives/edgar/data/1816736/000119312526325031/iron-20260730.htm
IDCC,0001405495,2026-07-30 00:00:00,2026-07-30 08:32:41,8-K,True,https://www.sec.gov/Archives/edgar/data/1405495/000140549526000065/0001405495-26-000065-index.htm,https://www.sec.gov/Archives/edgar/data/1405495/000140549526000065/ex991q263026pressrelease.htm
GHC,0000104889,2026-07-30 00:00:00,2026-07-30 08:31:26,8-K,False,https://www.sec.gov/Archives/edgar/data/104889/000162828026050829/0001628280-26-050829-index.htm,https://www.sec.gov/Archives/edgar/data/104889/000162828026050829/ghc-20260730.htm
LGST,0001860871,2026-07-30 00:00:00,2026-07-30 08:31:02,8-K,False,https://www.sec.gov/Archives/edgar/data/1860871/000149315226035334/0001493152-26-035334-index.htm,https://www.sec.gov/Archives/edgar/data/1860871/000149315226035334/form8-k.htm
LGSTU,0001860871,2026-07-30 00:00:00,2026-07-30 08:31:02,8-K,False,https://www.sec.gov/Archives/edgar/data/1860871/000149315226035334/0001493152-26-035334-index.htm,https://www.sec.gov/Archives/edgar/data/1860871/000149315226035334/form8-k.htm
LGSTW,0001860871,2026-07-30 00:00:00,2026-07-30 08:31:02,8-K,False,https://www.sec.gov/Archives/edgar/data/1860871/000149315226035334/0001493152-26-035334-index.htm,https://www.sec.gov/Archives/edgar/data/1860871/000149315226035334/form8-k.htm
TVGNW,0001860871,2026-07-30 00:00:00,2026-07-30 08:31:02,8-K,False,https://www.sec.gov/Archives/edgar/data/1860871/000149315226035334/0001493152-26-035334-index.htm,https://www.sec.gov/Archives/edgar/data/1860871/000149315226035334/form8-k.htm
TVGN,0001860871,2026-07-30 00:00:00,2026-07-30 08:31:02,8-K,False,https://www.sec.gov/Archives/edgar/data/1860871/000149315226035334/0001493152-26-035334-index.htm,https://www.sec.gov/Archives/edgar/data/1860871/000149315226035334/form8-k.htm
GMTA,0000040211,2026-07-30 00:00:00,2026-07-30 08:30:37,8-K,True,https://www.sec.gov/Archives/edgar/data/40211/000004021126000073/0000040211-26-000073-index.htm,https://www.sec.gov/Archives/edgar/data/40211/000004021126000073/a2q26earningsreleaseex991.htm
GATX,0000040211,2026-07-30 00:00:00,2026-07-30 08:30:37,8-K,True,https://www.sec.gov/Archives/edgar/data/40211/000004021126000073/0000040211-26-000073-index.htm,https://www.sec.gov/Archives/edgar/data/40211/000004021126000073/a2q26earningsreleaseex991.htm
MEIP,0001262104,2026-07-30 00:00:00,2026-07-30 08:30:14,8-K,False,https://www.sec.gov/Archives/edgar/data/1262104/000119312526325026/0001193125-26-325026-index.htm,https://www.sec.gov/Archives/edgar/data/1262104/000119312526325026/lits-20260730.htm
AASP,0000930245,2026-07-30 00:00:00,2026-07-30 08:30:12,8-K,False,https://www.sec.gov/Archives/edgar/data/930245/000149315226035332/0001493152-26-035332-index.htm,https://www.sec.gov/Archives/edgar/data/930245/000149315226035332/form8-k.htm
AMBQ,0001500412,2026-07-30 00:00:00,2026-07-30 08:30:05,8-K,False,https://www.sec.gov/Archives/edgar/data/1500412/000119312526325025/0001193125-26-325025-index.htm,https://www.sec.gov/Archives/edgar/data/1500412/000119312526325025/d88803d8k.htm
NFG,0000070145,2026-07-30 00:00:00,2026-07-30 08:18:14,8-K,True,https://www.sec.gov/Archives/edgar/data/70145/000007014526000030/0000070145-26-000030-index.htm,https://www.sec.gov/Archives/edgar/data/70145/000007014526000030/nfg-6302026xexhibit99x8k.htm
AVXL,0001314052,2026-07-30 00:00:00,2026-07-30 08:15:52,8-K,False,https://www.sec.gov/Archives/edgar/data/1314052/000173112226000988/0001731122-26-000988-index.htm,https://www.sec.gov/Archives/edgar/data/1314052/000173112226000988/e7813_8-k.htm
VLO,0001035002,2026-07-30 00:00:00,2026-07-30 08:15:29,8-K,True,https://www.sec.gov/Archives/edgar/data/1035002/000162828026050822/0001628280-26-050822-index.htm,https://www.sec.gov/Archives/edgar/data/1035002/000162828026050822/a6302026exh9901earningsrel.htm
AWI,0000007431,2026-07-30 00:00:00,2026-07-30 08:15:17,8-K,False,https://www.sec.gov/Archives/edgar/data/7431/000119312526324992/0001193125-26-324992-index.htm,https://www.sec.gov/Archives/edgar/data/7431/000119312526324992/awi-20260730.htm
None,0001160661,2026-07-30 00:00:00,2026-07-30 08:12:10,8-K,False,https://www.sec.gov/Archives/edgar/data/1160661/000009212226000056/0000092122-26-000056-index.htm,https://www.sec.gov/Archives/edgar/data/3153/000009212226000056/so-20260730.htm
GPJA,0000041091,2026-07-30 00:00:00,2026-07-30 08:12:10,8-K,False,https://www.sec.gov/Archives/edgar/data/41091/000009212226000056/0000092122-26-000056-index.htm,https://www.sec.gov/Archives/edgar/data/3153/000009212226000056/so-20260730.htm
None,0001004155,2026-07-30 00:00:00,2026-07-30 08:12:10,8-K,False,https://www.sec.gov/Archives/edgar/data/1004155/000009212226000056/0000092122-26-000056-index.htm,https://www.sec.gov/Archives/edgar/data/3153/000009212226000056/so-20260730.htm
None,0000066904,2026-07-30 00:00:00,2026-07-30 08:12:10,8-K,False,https://www.sec.gov/Archives/edgar/data/66904/000009212226000056/0000092122-26-000056-index.htm,https://www.sec.gov/Archives/edgar/data/3153/000009212226000056/so-20260730.htm
SOJD,0000092122,2026-07-30 00:00:00,2026-07-30 08:12:10,8-K,False,https://www.sec.gov/Archives/edgar/data/92122/000009212226000056/0000092122-26-000056-index.htm,https://www.sec.gov/Archives/edgar/data/3153/000009212226000056/so-20260730.htm
SOJC,0000092122,2026-07-30 00:00:00,2026-07-30 08:12:10,8-K,False,https://www.sec.gov/Archives/edgar/data/92122/000009212226000056/0000092122-26-000056-index.htm,https://www.sec.gov/Archives/edgar/data/3153/000009212226000056/so-20260730.htm
SOLN,0000092122,2026-07-30 00:00:00,2026-07-30 08:12:10,8-K,False,https://www.sec.gov/Archives/edgar/data/92122/000009212226000056/0000092122-26-000056-index.htm,https://www.sec.gov/Archives/edgar/data/3153/000009212226000056/so-20260730.htm
SO,0000092122,2026-07-30 00:00:00,2026-07-30 08:12:10,8-K,False,https://www.sec.gov/Archives/edgar/data/92122/000009212226000056/0000092122-26-000056-index.htm,https://www.sec.gov/Archives/edgar/data/3153/000009212226000056/so-20260730.htm
SOJE,0000092122,2026-07-30 00:00:00,2026-07-30 08:12:10,8-K,False,https://www.sec.gov/Archives/edgar/data/92122/000009212226000056/0000092122-26-000056-index.htm,https://www.sec.gov/Archives/edgar/data/3153/000009212226000056/so-20260730.htm
SOJB,0000092122,2026-07-30 00:00:00,2026-07-30 08:12:10,8-K,False,https://www.sec.gov/Archives/edgar/data/92122/000009212226000056/0000092122-26-000056-index.htm,https://www.sec.gov/Archives/edgar/data/3153/000009212226000056/so-20260730.htm
ALPVN,0000003153,2026-07-30 00:00:00,2026-07-30 08:12:10,8-K,False,https://www.sec.gov/Archives/edgar/data/3153/000009212226000056/0000092122-26-000056-index.htm,https://www.sec.gov/Archives/edgar/data/3153/000009212226000056/so-20260730.htm
APRDO,0000003153,2026-07-30 00:00:00,2026-07-30 08:12:10,8-K,False,https://www.sec.gov/Archives/edgar/data/3153/000009212226000056/0000092122-26-000056-index.htm,https://www.sec.gov/Archives/edgar/data/3153/000009212226000056/so-20260730.htm
ALP-PQ,0000003153,2026-07-30 00:00:00,2026-07-30 08:12:10,8-K,False,https://www.sec.gov/Archives/edgar/data/3153/000009212226000056/0000092122-26-000056-index.htm,https://www.sec.gov/Archives/edgar/data/3153/000009212226000056/so-20260730.htm
APRCP,0000003153,2026-07-30 00:00:00,2026-07-30 08:12:10,8-K,False,https://www.sec.gov/Archives/edgar/data/3153/000009212226000056/0000092122-26-000056-index.htm,https://www.sec.gov/Archives/edgar/data/3153/000009212226000056/so-20260730.htm
APRDN,0000003153,2026-07-30 00:00:00,2026-07-30 08:12:10,8-K,False,https://www.sec.gov/Archives/edgar/data/3153/000009212226000056/0000092122-26-000056-index.htm,https://www.sec.gov/Archives/edgar/data/3153/000009212226000056/so-20260730.htm
APRDM,0000003153,2026-07-30 00:00:00,2026-07-30 08:12:10,8-K,False,https://www.sec.gov/Archives/edgar/data/3153/000009212226000056/0000092122-26-000056-index.htm,https://www.sec.gov/Archives/edgar/data/3153/000009212226000056/so-20260730.htm
APRDP,0000003153,2026-07-30 00:00:00,2026-07-30 08:12:10,8-K,False,https://www.sec.gov/Archives/edgar/data/3153/000009212226000056/0000092122-26-000056-index.htm,https://www.sec.gov/Archives/edgar/data/3153/000009212226000056/so-20260730.htm
None,0001531193,2026-07-30 00:00:00,2026-07-30 08:11:18,8-K,True,https://www.sec.gov/Archives/edgar/data/1531193/000162828026050819/0001628280-26-050819-index.htm,https://www.sec.gov/Archives/edgar/data/1531193/000162828026050819/exhibit991fcfsq2earningsre.htm
LRN,0001157408,2026-07-30 00:00:00,2026-07-30 08:10:19,8-K,False,https://www.sec.gov/Archives/edgar/data/1157408/000114036126030147/0001140361-26-030147-index.htm,https://www.sec.gov/Archives/edgar/data/1157408/000114036126030147/ef20079028_8k.htm
ASPI,0001921865,2026-07-30 00:00:00,2026-07-30 08:10:14,8-K,False,https://www.sec.gov/Archives/edgar/data/1921865/000119312526324987/0001193125-26-324987-index.htm,https://www.sec.gov/Archives/edgar/data/1921865/000119312526324987/aspi-20260730.htm
MA,0001141391,2026-07-30 00:00:00,2026-07-30 08:07:03,8-K,True,https://www.sec.gov/Archives/edgar/data/1141391/000114139126000081/0001141391-26-000081-index.htm,https://www.sec.gov/Archives/edgar/data/1141391/000114139126000081/ma06302026-exx991xearnings.htm
ALNY,0001178670,2026-07-30 00:00:00,2026-07-30 08:06:25,8-K,True,https://www.sec.gov/Archives/edgar/data/1178670/000117867026000060/0001178670-26-000060-index.htm,https://www.sec.gov/Archives/edgar/data/1178670/000117867026000060/alny2026q2earningsrelease.htm
REPL,0001737953,2026-07-30 00:00:00,2026-07-30 08:06:08,8-K,False,https://www.sec.gov/Archives/edgar/data/1737953/000110465926088481/0001104659-26-088481-index.htm,https://www.sec.gov/Archives/edgar/data/1737953/000110465926088481/tm2621663d1_8k.htm
PIPR,0001230245,2026-07-30 00:00:00,2026-07-30 08:05:41,8-K,False,https://www.sec.gov/Archives/edgar/data/1230245/000123024526000029/0001230245-26-000029-index.htm,https://www.sec.gov/Archives/edgar/data/1230245/000123024526000029/pipr-20260730.htm
VCEL,0000887359,2026-07-30 00:00:00,2026-07-30 08:03:54,8-K,True,https://www.sec.gov/Archives/edgar/data/887359/000162828026050815/0001628280-26-050815-index.htm,https://www.sec.gov/Archives/edgar/data/887359/000162828026050815/ex991earningsreleaseq22026.htm
BGCP,0001094831,2026-07-30 00:00:00,2026-07-30 08:03:48,8-K,True,https://www.sec.gov/Archives/edgar/data/1094831/000162828026050814/0001628280-26-050814-index.htm,https://www.sec.gov/Archives/edgar/data/1094831/000162828026050814/bgc-20260630xexx991.htm
BGC,0001094831,2026-07-30 00:00:00,2026-07-30 08:03:48,8-K,True,https://www.sec.gov/Archives/edgar/data/1094831/000162828026050814/0001628280-26-050814-index.htm,https://www.sec.gov/Archives/edgar/data/1094831/000162828026050814/bgc-20260630xexx991.htm
None,0002020795,2026-07-30 00:00:00,2026-07-30 08:03:41,8-K,True,https://www.sec.gov/Archives/edgar/data/2020795/000162828026050813/0001628280-26-050813-index.htm,https://www.sec.gov/Archives/edgar/data/2020795/000162828026050813/unit-ex9912q26.htm
UFPI,0000912767,2026-07-30 00:00:00,2026-07-30 08:03:12,8-K,False,https://www.sec.gov/Archives/edgar/data/912767/000091276726000048/0000912767-26-000048-index.htm,https://www.sec.gov/Archives/edgar/data/912767/000091276726000048/ufpi-20260730x8k.htm
MCS,0000062234,2026-07-30 00:00:00,2026-07-30 08:01:21,8-K,True,https://www.sec.gov/Archives/edgar/data/62234/000006223426000038/0000062234-26-000038-index.htm,https://www.sec.gov/Archives/edgar/data/62234/000006223426000038/mcs-2026730xex991.htm
None,0002044725,2026-07-30 00:00:00,2026-07-30 08:01:01,8-K,False,https://www.sec.gov/Archives/edgar/data/2044725/000119312526324972/0001193125-26-324972-index.htm,https://www.sec.gov/Archives/edgar/data/2044725/000119312526324972/evmn-20260731.htm
FMCCK,0001026214,2026-07-30 00:00:00,2026-07-30 08:00:42,8-K,True,https://www.sec.gov/Archives/edgar/data/1026214/000102621426000047/0001026214-26-000047-index.htm,https://www.sec.gov/Archives/edgar/data/1026214/000102621426000047/a2q2026erexhibit991.htm
FMCCL,0001026214,2026-07-30 00:00:00,2026-07-30 08:00:42,8-K,True,https://www.sec.gov/Archives/edgar/data/1026214/000102621426000047/0001026214-26-000047-index.htm,https://www.sec.gov/Archives/edgar/data/1026214/000102621426000047/a2q2026erexhibit991.htm
FMCCM,0001026214,2026-07-30 00:00:00,2026-07-30 08:00:42,8-K,True,https://www.sec.gov/Archives/edgar/data/1026214/000102621426000047/0001026214-26-000047-index.htm,https://www.sec.gov/Archives/edgar/data/1026214/000102621426000047/a2q2026erexhibit991.htm
FMCCN,0001026214,2026-07-30 00:00:00,2026-07-30 08:00:42,8-K,True,https://www.sec.gov/Archives/edgar/data/1026214/000102621426000047/0001026214-26-000047-index.htm,https://www.sec.gov/Archives/edgar/data/1026214/000102621426000047/a2q2026erexhibit991.htm
FMCCO,0001026214,2026-07-30 00:00:00,2026-07-30 08:00:42,8-K,True,https://www.sec.gov/Archives/edgar/data/1026214/000102621426000047/0001026214-26-000047-index.htm,https://www.sec.gov/Archives/edgar/data/1026214/000102621426000047/a2q2026erexhibit991.htm
FREJP,0001026214,2026-07-30 00:00:00,2026-07-30 08:00:42,8-K,True,https://www.sec.gov/Archives/edgar/data/1026214/000102621426000047/0001026214-26-000047-index.htm,https://www.sec.gov/Archives/edgar/data/1026214/000102621426000047/a2q2026erexhibit991.htm
FMCCS,0001026214,2026-07-30 00:00:00,2026-07-30 08:00:42,8-K,True,https://www.sec.gov/Archives/edgar/data/1026214/000102621426000047/0001026214-26-000047-index.htm,https://www.sec.gov/Archives/edgar/data/1026214/000102621426000047/a2q2026erexhibit991.htm
FMCCT,0001026214,2026-07-30 00:00:00,2026-07-30 08:00:42,8-K,True,https://www.sec.gov/Archives/edgar/data/1026214/000102621426000047/0001026214-26-000047-index.htm,https://www.sec.gov/Archives/edgar/data/1026214/000102621426000047/a2q2026erexhibit991.htm
FMCKI,0001026214,2026-07-30 00:00:00,2026-07-30 08:00:42,8-K,True,https://www.sec.gov/Archives/edgar/data/1026214/000102621426000047/0001026214-26-000047-index.htm,https://www.sec.gov/Archives/edgar/data/1026214/000102621426000047/a2q2026erexhibit991.htm
FMCKJ,0001026214,2026-07-30 00:00:00,2026-07-30 08:00:42,8-K,True,https://www.sec.gov/Archives/edgar/data/1026214/000102621426000047/0001026214-26-000047-index.htm,https://www.sec.gov/Archives/edgar/data/1026214/000102621426000047/a2q2026erexhibit991.htm
FMCKK,0001026214,2026-07-30 00:00:00,2026-07-30 08:00:42,8-K,True,https://www.sec.gov/Archives/edgar/data/1026214/000102621426000047/0001026214-26-000047-index.htm,https://www.sec.gov/Archives/edgar/data/1026214/000102621426000047/a2q2026erexhibit991.htm
FMCKL,0001026214,2026-07-30 00:00:00,2026-07-30 08:00:42,8-K,True,https://www.sec.gov/Archives/edgar/data/1026214/000102621426000047/0001026214-26-000047-index.htm,https://www.sec.gov/Archives/edgar/data/1026214/000102621426000047/a2q2026erexhibit991.htm
FMCKM,0001026214,2026-07-30 00:00:00,2026-07-30 08:00:42,8-K,True,https://www.sec.gov/Archives/edgar/data/1026214/000102621426000047/0001026214-26-000047-index.htm,https://www.sec.gov/Archives/edgar/data/1026214/000102621426000047/a2q2026erexhibit991.htm
FMCKN,0001026214,2026-07-30 00:00:00,2026-07-30 08:00:42,8-K,True,https://www.sec.gov/Archives/edgar/data/1026214/000102621426000047/0001026214-26-000047-index.htm,https://www.sec.gov/Archives/edgar/data/1026214/000102621426000047/a2q2026erexhibit991.htm
FMCKO,0001026214,2026-07-30 00:00:00,2026-07-30 08:00:42,8-K,True,https://www.sec.gov/Archives/edgar/data/1026214/000102621426000047/0001026214-26-000047-index.htm,https://www.sec.gov/Archives/edgar/data/1026214/000102621426000047/a2q2026erexhibit991.htm
FMCKP,0001026214,2026-07-30 00:00:00,2026-07-30 08:00:42,8-K,True,https://www.sec.gov/Archives/edgar/data/1026214/000102621426000047/0001026214-26-000047-index.htm,https://www.sec.gov/Archives/edgar/data/1026214/000102621426000047/a2q2026erexhibit991.htm
FMCCP,0001026214,2026-07-30 00:00:00,2026-07-30 08:00:42,8-K,True,https://www.sec.gov/Archives/edgar/data/1026214/000102621426000047/0001026214-26-000047-index.htm,https://www.sec.gov/Archives/edgar/data/1026214/000102621426000047/a2q2026erexhibit991.htm
FREJO,0001026214,2026-07-30 00:00:00,2026-07-30 08:00:42,8-K,True,https://www.sec.gov/Archives/edgar/data/1026214/000102621426000047/0001026214-26-000047-index.htm,https://www.sec.gov/Archives/edgar/data/1026214/000102621426000047/a2q2026erexhibit991.htm
FREJN,0001026214,2026-07-30 00:00:00,2026-07-30 08:00:42,8-K,True,https://www.sec.gov/Archives/edgar/data/1026214/000102621426000047/0001026214-26-000047-index.htm,https://www.sec.gov/Archives/edgar/data/1026214/000102621426000047/a2q2026erexhibit991.htm
FREGP,0001026214,2026-07-30 00:00:00,2026-07-30 08:00:42,8-K,True,https://www.sec.gov/Archives/edgar/data/1026214/000102621426000047/0001026214-26-000047-index.htm,https://www.sec.gov/Archives/edgar/data/1026214/000102621426000047/a2q2026erexhibit991.htm
FMCCH,0001026214,2026-07-30 00:00:00,2026-07-30 08:00:42,8-K,True,https://www.sec.gov/Archives/edgar/data/1026214/000102621426000047/0001026214-26-000047-index.htm,https://www.sec.gov/Archives/edgar/data/1026214/000102621426000047/a2q2026erexhibit991.htm
FMCCI,0001026214,2026-07-30 00:00:00,2026-07-30 08:00:42,8-K,True,https://www.sec.gov/Archives/edgar/data/1026214/000102621426000047/0001026214-26-000047-index.htm,https://www.sec.gov/Archives/edgar/data/1026214/000102621426000047/a2q2026erexhibit991.htm
FMCCJ,0001026214,2026-07-30 00:00:00,2026-07-30 08:00:42,8-K,True,https://www.sec.gov/Archives/edgar/data/1026214/000102621426000047/0001026214-26-000047-index.htm,https://www.sec.gov/Archives/edgar/data/1026214/000102621426000047/a2q2026erexhibit991.htm
FMCC,0001026214,2026-07-30 00:00:00,2026-07-30 08:00:42,8-K,True,https://www.sec.gov/Archives/edgar/data/1026214/000102621426000047/0001026214-26-000047-index.htm,https://www.sec.gov/Archives/edgar/data/1026214/000102621426000047/a2q2026erexhibit991.htm
FMCCG,0001026214,2026-07-30 00:00:00,2026-07-30 08:00:42,8-K,True,https://www.sec.gov/Archives/edgar/data/1026214/000102621426000047/0001026214-26-000047-index.htm,https://www.sec.gov/Archives/edgar/data/1026214/000102621426000047/a2q2026erexhibit991.htm
IDA,0001057877,2026-07-30 00:00:00,2026-07-30 08:00:40,8-K,False,https://www.sec.gov/Archives/edgar/data/1057877/000105787726000130/0001057877-26-000130-index.htm,https://www.sec.gov/Archives/edgar/data/49648/000105787726000130/ida-20260730.htm
None,0000049648,2026-07-30 00:00:00,2026-07-30 08:00:40,8-K,False,https://www.sec.gov/Archives/edgar/data/49648/000105787726000130/0001057877-26-000130-index.htm,https://www.sec.gov/Archives/edgar/data/49648/000105787726000130/ida-20260730.htm
ETHZ,0001690080,2026-07-30 00:00:00,2026-07-30 08:00:39,8-K,False,https://www.sec.gov/Archives/edgar/data/1690080/000121390026083073/0001213900-26-083073-index.htm,https://www.sec.gov/Archives/edgar/data/1690080/000121390026083073/ea0299699-8k_forum.htm
ATNFW,0001690080,2026-07-30 00:00:00,2026-07-30 08:00:39,8-K,False,https://www.sec.gov/Archives/edgar/data/1690080/000121390026083073/0001213900-26-083073-index.htm,https://www.sec.gov/Archives/edgar/data/1690080/000121390026083073/ea0299699-8k_forum.htm
ATNF,0001690080,2026-07-30 00:00:00,2026-07-30 08:00:39,8-K,False,https://www.sec.gov/Archives/edgar/data/1690080/000121390026083073/0001213900-26-083073-index.htm,https://www.sec.gov/Archives/edgar/data/1690080/000121390026083073/ea0299699-8k_forum.htm
CDT,0000913142,2026-07-30 00:00:00,2026-07-30 08:00:19,8-K,True,https://www.sec.gov/Archives/edgar/data/913142/000091314226000031/0000913142-26-000031-index.htm,https://www.sec.gov/Archives/edgar/data/913142/000091314226000031/companynewsreleasedatedjul.htm
BDC,0000913142,2026-07-30 00:00:00,2026-07-30 08:00:19,8-K,True,https://www.sec.gov/Archives/edgar/data/913142/000091314226000031/0000913142-26-000031-index.htm,https://www.sec.gov/Archives/edgar/data/913142/000091314226000031/companynewsreleasedatedjul.htm
EEFT,0001029199,2026-07-30 00:00:00,2026-07-30 08:00:13,8-K,True,https://www.sec.gov/Archives/edgar/data/1029199/000155485526001642/0001554855-26-001642-index.htm,https://www.sec.gov/Archives/edgar/data/1029199/000155485526001642/ex991_1.htm
SIRI,0000908937,2026-07-30 00:00:00,2026-07-30 07:57:10,8-K,True,https://www.sec.gov/Archives/edgar/data/908937/000090893726000020/0000908937-26-000020-index.htm,https://www.sec.gov/Archives/edgar/data/908937/000090893726000020/siriq22026earningsrelease.htm
CVEO,0001590584,2026-07-30 00:00:00,2026-07-30 07:54:35,8-K,True,https://www.sec.gov/Archives/edgar/data/1590584/000159058426000075/0001590584-26-000075-index.htm,https://www.sec.gov/Archives/edgar/data/1590584/000159058426000075/cveo-06302026xrelease.htm
MKTX,0001278021,2026-07-30 00:00:00,2026-07-30 07:50:24,8-K,True,https://www.sec.gov/Archives/edgar/data/1278021/000119312526324950/0001193125-26-324950-index.htm,https://www.sec.gov/Archives/edgar/data/1278021/000119312526324950/d121662dex991.htm
SAIA,0001177702,2026-07-30 00:00:00,2026-07-30 07:45:14,8-K,True,https://www.sec.gov/Archives/edgar/data/1177702/000119312526324937/0001193125-26-324937-index.htm,https://www.sec.gov/Archives/edgar/data/1177702/000119312526324937/saia-ex99_1.htm
MKTX,0001278021,2026-07-30 00:00:00,2026-07-30 07:44:54,8-K,False,https://www.sec.gov/Archives/edgar/data/1278021/000119312526324933/0001193125-26-324933-index.htm,https://www.sec.gov/Archives/edgar/data/1278021/000119312526324933/d159148d8k.htm
WSBK,0002047235,2026-07-30 00:00:00,2026-07-30 07:42:59,8-K,True,https://www.sec.gov/Archives/edgar/data/2047235/000119312526324928/0001193125-26-324928-index.htm,https://www.sec.gov/Archives/edgar/data/2047235/000119312526324928/wsbk-ex99_1.htm
MSGE,0001795250,2026-07-30 00:00:00,2026-07-30 07:39:38,8-K,True,https://www.sec.gov/Archives/edgar/data/1795250/000162828026050809/0001628280-26-050809-index.htm,https://www.sec.gov/Archives/edgar/data/1795250/000162828026050809/exhibit991sphereentertainm.htm
SPHR,0001795250,2026-07-30 00:00:00,2026-07-30 07:39:38,8-K,True,https://www.sec.gov/Archives/edgar/data/1795250/000162828026050809/0001628280-26-050809-index.htm,https://www.sec.gov/Archives/edgar/data/1795250/000162828026050809/exhibit991sphereentertainm.htm
WVE,0001631574,2026-07-30 00:00:00,2026-07-30 07:38:04,8-K,True,https://www.sec.gov/Archives/edgar/data/1631574/000119312526324917/0001193125-26-324917-index.htm,https://www.sec.gov/Archives/edgar/data/1631574/000119312526324917/d177737dex991.htm
LKQ,0001065696,2026-07-30 00:00:00,2026-07-30 07:36:32,8-K,True,https://www.sec.gov/Archives/edgar/data/1065696/000106569626000041/0001065696-26-000041-index.htm,https://www.sec.gov/Archives/edgar/data/1065696/000106569626000041/exhibit991.htm
APG,0001796209,2026-07-30 00:00:00,2026-07-30 07:36:16,8-K,True,https://www.sec.gov/Archives/edgar/data/1796209/000162828026050806/0001628280-26-050806-index.htm,https://www.sec.gov/Archives/edgar/data/1796209/000162828026050806/apg-20260630xexx991.htm
GLYC,0001253689,2026-07-30 00:00:00,2026-07-30 07:36:15,8-K,False,https://www.sec.gov/Archives/edgar/data/1253689/000162828026050805/0001628280-26-050805-index.htm,https://www.sec.gov/Archives/edgar/data/1253689/000162828026050805/cbio-20260730.htm
CBIO,0001253689,2026-07-30 00:00:00,2026-07-30 07:36:15,8-K,False,https://www.sec.gov/Archives/edgar/data/1253689/000162828026050805/0001628280-26-050805-index.htm,https://www.sec.gov/Archives/edgar/data/1253689/000162828026050805/cbio-20260730.htm
PHIN,0001968915,2026-07-30 00:00:00,2026-07-30 07:33:27,8-K,True,https://www.sec.gov/Archives/edgar/data/1968915/000196891526000109/0001968915-26-000109-index.htm,https://www.sec.gov/Archives/edgar/data/1968915/000196891526000109/q220268kex991pressrelease.htm
ICE,0001571949,2026-07-30 00:00:00,2026-07-30 07:32:52,8-K,False,https://www.sec.gov/Archives/edgar/data/1571949/000119312526324909/0001193125-26-324909-index.htm,https://www.sec.gov/Archives/edgar/data/1571949/000119312526324909/d116245d8k.htm
NLST,0001282631,2026-07-30 00:00:00,2026-07-30 07:32:29,8-K,True,https://www.sec.gov/Archives/edgar/data/1282631/000110465926088464/0001104659-26-088464-index.htm,https://www.sec.gov/Archives/edgar/data/1282631/000110465926088464/tm2621423d1_ex99-1.htm
BSA,0001748824,2026-07-30 00:00:00,2026-07-30 07:32:21,8-K,True,https://www.sec.gov/Archives/edgar/data/1748824/000162828026050801/0001628280-26-050801-index.htm,https://www.sec.gov/Archives/edgar/data/1748824/000162828026050801/aamiearningspresentation.htm
BSIG,0001748824,2026-07-30 00:00:00,2026-07-30 07:32:21,8-K,True,https://www.sec.gov/Archives/edgar/data/1748824/000162828026050801/0001628280-26-050801-index.htm,https://www.sec.gov/Archives/edgar/data/1748824/000162828026050801/aamiearningspresentation.htm
HNI,0000048287,2026-07-30 00:00:00,2026-07-30 07:32:12,8-K,True,https://www.sec.gov/Archives/edgar/data/48287/000004828726000122/0000048287-26-000122-index.htm,https://www.sec.gov/Archives/edgar/data/48287/000004828726000122/hni-ex991q22026.htm
JLL,0001037976,2026-07-30 00:00:00,2026-07-30 07:31:25,8-K,True,https://www.sec.gov/Archives/edgar/data/1037976/000103797626000150/0001037976-26-000150-index.htm,https://www.sec.gov/Archives/edgar/data/1037976/000103797626000150/exhibit991secondquarter202.htm
CARA,0001346830,2026-07-30 00:00:00,2026-07-30 07:30:33,8-K,False,https://www.sec.gov/Archives/edgar/data/1346830/000110465926088461/0001104659-26-088461-index.htm,https://www.sec.gov/Archives/edgar/data/1346830/000110465926088461/tm2621651d1_8k.htm
MKTY,0000064463,2026-07-30 00:00:00,2026-07-30 07:30:32,8-K,False,https://www.sec.gov/Archives/edgar/data/64463/000149315226035326/0001493152-26-035326-index.htm,https://www.sec.gov/Archives/edgar/data/64463/000149315226035326/form8-k.htm
SLNH,0000064463,2026-07-30 00:00:00,2026-07-30 07:30:32,8-K,False,https://www.sec.gov/Archives/edgar/data/64463/000149315226035326/0001493152-26-035326-index.htm,https://www.sec.gov/Archives/edgar/data/64463/000149315226035326/form8-k.htm
SLNHP,0000064463,2026-07-30 00:00:00,2026-07-30 07:30:32,8-K,False,https://www.sec.gov/Archives/edgar/data/64463/000149315226035326/0001493152-26-035326-index.htm,https://www.sec.gov/Archives/edgar/data/64463/000149315226035326/form8-k.htm
ICE,0001571949,2026-07-30 00:00:00,2026-07-30 07:30:31,8-K,True,https://www.sec.gov/Archives/edgar/data/1571949/000110465926088462/0001104659-26-088462-index.htm,https://www.sec.gov/Archives/edgar/data/1571949/000110465926088462/tm2621213d1_ex99-1.htm
PACK,0001712463,2026-07-30 00:00:00,2026-07-30 07:30:21,8-K,True,https://www.sec.gov/Archives/edgar/data/1712463/000162828026050798/0001628280-26-050798-index.htm,https://www.sec.gov/Archives/edgar/data/1712463/000162828026050798/a04pack-202606xex99x1.htm
DRS,0001833756,2026-07-30 00:00:00,2026-07-30 07:29:35,8-K,True,https://www.sec.gov/Archives/edgar/data/1833756/000183375626000037/0001833756-26-000037-index.htm,https://www.sec.gov/Archives/edgar/data/1833756/000183375626000037/q22026earningspressrelease.htm
RCII,0000933036,2026-07-30 00:00:00,2026-07-30 07:28:52,8-K,True,https://www.sec.gov/Archives/edgar/data/933036/000119312526324902/0001193125-26-324902-index.htm,https://www.sec.gov/Archives/edgar/data/933036/000119312526324902/upbd-ex99_2.htm
UPBD,0000933036,2026-07-30 00:00:00,2026-07-30 07:28:52,8-K,True,https://www.sec.gov/Archives/edgar/data/933036/000119312526324902/0001193125-26-324902-index.htm,https://www.sec.gov/Archives/edgar/data/933036/000119312526324902/upbd-ex99_2.htm
TNET,0000937098,2026-07-30 00:00:00,2026-07-30 07:24:32,8-K,True,https://www.sec.gov/Archives/edgar/data/937098/000093709826000048/0000937098-26-000048-index.htm,https://www.sec.gov/Archives/edgar/data/937098/000093709826000048/tnet-063026xexhibit991.htm
HII,0001501585,2026-07-30 00:00:00,2026-07-30 07:23:32,8-K,True,https://www.sec.gov/Archives/edgar/data/1501585/000150158526000045/0001501585-26-000045-index.htm,https://www.sec.gov/Archives/edgar/data/1501585/000150158526000045/hii2026q2earningsrelease.htm
STGW,0000876883,2026-07-30 00:00:00,2026-07-30 07:20:33,8-K,True,https://www.sec.gov/Archives/edgar/data/876883/000087688326000023/0000876883-26-000023-index.htm,https://www.sec.gov/Archives/edgar/data/876883/000087688326000023/stgw2026630pr.htm
MDCA,0000876883,2026-07-30 00:00:00,2026-07-30 07:20:33,8-K,True,https://www.sec.gov/Archives/edgar/data/876883/000087688326000023/0000876883-26-000023-index.htm,https://www.sec.gov/Archives/edgar/data/876883/000087688326000023/stgw2026630pr.htm
IP,0000051434,2026-07-30 00:00:00,2026-07-30 07:19:18,8-K,True,https://www.sec.gov/Archives/edgar/data/51434/000005143426000115/0000051434-26-000115-index.htm,https://www.sec.gov/Archives/edgar/data/51434/000005143426000115/nextgenip-20260630ex991.htm
INPAP,0000051434,2026-07-30 00:00:00,2026-07-30 07:19:18,8-K,True,https://www.sec.gov/Archives/edgar/data/51434/000005143426000115/0000051434-26-000115-index.htm,https://www.sec.gov/Archives/edgar/data/51434/000005143426000115/nextgenip-20260630ex991.htm
BAX,0000010456,2026-07-30 00:00:00,2026-07-30 07:17:40,8-K,True,https://www.sec.gov/Archives/edgar/data/10456/000162828026050795/0001628280-26-050795-index.htm,https://www.sec.gov/Archives/edgar/data/10456/000162828026050795/bax-20260630xex991.htm
EXTR,0001078271,2026-07-30 00:00:00,2026-07-30 07:17:15,8-K,False,https://www.sec.gov/Archives/edgar/data/1078271/000119312526324888/0001193125-26-324888-index.htm,https://www.sec.gov/Archives/edgar/data/1078271/000119312526324888/extr-20260729.htm
DGNR,0001818201,2026-07-30 00:00:00,2026-07-30 07:15:15,8-K,True,https://www.sec.gov/Archives/edgar/data/1818201/000119312526324886/0001193125-26-324886-index.htm,https://www.sec.gov/Archives/edgar/data/1818201/000119312526324886/ccc-ex99_1.htm
CCC,0001818201,2026-07-30 00:00:00,2026-07-30 07:15:15,8-K,True,https://www.sec.gov/Archives/edgar/data/1818201/000119312526324886/0001193125-26-324886-index.htm,https://www.sec.gov/Archives/edgar/data/1818201/000119312526324886/ccc-ex99_1.htm
CCCS,0001818201,2026-07-30 00:00:00,2026-07-30 07:15:15,8-K,True,https://www.sec.gov/Archives/edgar/data/1818201/000119312526324886/0001193125-26-324886-index.htm,https://www.sec.gov/Archives/edgar/data/1818201/000119312526324886/ccc-ex99_1.htm
MGRB,0001004434,2026-07-30 00:00:00,2026-07-30 07:14:53,8-K,True,https://www.sec.gov/Archives/edgar/data/1004434/000162828026050793/0001628280-26-050793-index.htm,https://www.sec.gov/Archives/edgar/data/1004434/000162828026050793/amgq22026ex991.htm
MGRE,0001004434,2026-07-30 00:00:00,2026-07-30 07:14:53,8-K,True,https://www.sec.gov/Archives/edgar/data/1004434/000162828026050793/0001628280-26-050793-index.htm,https://www.sec.gov/Archives/edgar/data/1004434/000162828026050793/amgq22026ex991.htm
MGRD,0001004434,2026-07-30 00:00:00,2026-07-30 07:14:53,8-K,True,https://www.sec.gov/Archives/edgar/data/1004434/000162828026050793/0001628280-26-050793-index.htm,https://www.sec.gov/Archives/edgar/data/1004434/000162828026050793/amgq22026ex991.htm
AMG,0001004434,2026-07-30 00:00:00,2026-07-30 07:14:53,8-K,True,https://www.sec.gov/Archives/edgar/data/1004434/000162828026050793/0001628280-26-050793-index.htm,https://www.sec.gov/Archives/edgar/data/1004434/000162828026050793/amgq22026ex991.htm
MGR,0001004434,2026-07-30 00:00:00,2026-07-30 07:14:53,8-K,True,https://www.sec.gov/Archives/edgar/data/1004434/000162828026050793/0001628280-26-050793-index.htm,https://www.sec.gov/Archives/edgar/data/1004434/000162828026050793/amgq22026ex991.htm
AATRL,0001004434,2026-07-30 00:00:00,2026-07-30 07:14:53,8-K,True,https://www.sec.gov/Archives/edgar/data/1004434/000162828026050793/0001628280-26-050793-index.htm,https://www.sec.gov/Archives/edgar/data/1004434/000162828026050793/amgq22026ex991.htm
NWE,0001993004,2026-07-30 00:00:00,2026-07-30 07:14:53,8-K,True,https://www.sec.gov/Archives/edgar/data/1993004/000199300426000052/0001993004-26-000052-index.htm,https://www.sec.gov/Archives/edgar/data/1993004/000199300426000052/ex991pressreleaseq22026.htm
LAUR,0000912766,2026-07-30 00:00:00,2026-07-30 07:14:14,8-K,True,https://www.sec.gov/Archives/edgar/data/912766/000162828026050792/0001628280-26-050792-index.htm,https://www.sec.gov/Archives/edgar/data/912766/000162828026050792/laur06302026earningsreleas.htm
None,0001581776,2026-07-30 00:00:00,2026-07-30 07:12:10,8-K,False,https://www.sec.gov/Archives/edgar/data/1581776/000119312526324880/0001193125-26-324880-index.htm,https://www.sec.gov/Archives/edgar/data/912595/000119312526324880/maa-20260730.htm
MAA,0000912595,2026-07-30 00:00:00,2026-07-30 07:12:10,8-K,False,https://www.sec.gov/Archives/edgar/data/912595/000119312526324880/0001193125-26-324880-index.htm,https://www.sec.gov/Archives/edgar/data/912595/000119312526324880/maa-20260730.htm
MAA-PI,0000912595,2026-07-30 00:00:00,2026-07-30 07:12:10,8-K,False,https://www.sec.gov/Archives/edgar/data/912595/000119312526324880/0001193125-26-324880-index.htm,https://www.sec.gov/Archives/edgar/data/912595/000119312526324880/maa-20260730.htm
HGV,0001674168,2026-07-30 00:00:00,2026-07-30 07:08:02,8-K,True,https://www.sec.gov/Archives/edgar/data/1674168/000167416826000098/0001674168-26-000098-index.htm,https://www.sec.gov/Archives/edgar/data/1674168/000167416826000098/hgvq22026earningsreleaseex.htm
ALGM,0000866291,2026-07-30 00:00:00,2026-07-30 07:07:09,8-K,True,https://www.sec.gov/Archives/edgar/data/866291/000119312526324869/0001193125-26-324869-index.htm,https://www.sec.gov/Archives/edgar/data/866291/000119312526324869/algm-ex99_1.htm
MO,0000764180,2026-07-30 00:00:00,2026-07-30 07:06:45,8-K,True,https://www.sec.gov/Archives/edgar/data/764180/000076418026000093/0000764180-26-000093-index.htm,https://www.sec.gov/Archives/edgar/data/764180/000076418026000093/exhibit991erq22026.htm
CELG-RI,0000014272,2026-07-30 00:00:00,2026-07-30 07:05:39,8-K,False,https://www.sec.gov/Archives/edgar/data/14272/000001427226000018/0000014272-26-000018-index.htm,https://www.sec.gov/Archives/edgar/data/14272/000001427226000018/bmy-20260730.htm
BMYMP,0000014272,2026-07-30 00:00:00,2026-07-30 07:05:39,8-K,False,https://www.sec.gov/Archives/edgar/data/14272/000001427226000018/0000014272-26-000018-index.htm,https://www.sec.gov/Archives/edgar/data/14272/000001427226000018/bmy-20260730.htm
BMY,0000014272,2026-07-30 00:00:00,2026-07-30 07:05:39,8-K,False,https://www.sec.gov/Archives/edgar/data/14272/000001427226000018/0000014272-26-000018-index.htm,https://www.sec.gov/Archives/edgar/data/14272/000001427226000018/bmy-20260730.htm
BCYC,0001761612,2026-07-30 00:00:00,2026-07-30 07:05:32,8-K,False,https://www.sec.gov/Archives/edgar/data/1761612/000110465926088455/0001104659-26-088455-index.htm,https://www.sec.gov/Archives/edgar/data/1761612/000110465926088455/tm2621593d1_8k.htm
MYE,0000069488,2026-07-30 00:00:00,2026-07-30 07:05:18,8-K,True,https://www.sec.gov/Archives/edgar/data/69488/000119312526324868/0001193125-26-324868-index.htm,https://www.sec.gov/Archives/edgar/data/69488/000119312526324868/mye-ex99_1.htm
EYPT,0001314102,2026-07-30 00:00:00,2026-07-30 07:05:16,8-K,False,https://www.sec.gov/Archives/edgar/data/1314102/000119312526324866/0001193125-26-324866-index.htm,https://www.sec.gov/Archives/edgar/data/1314102/000119312526324866/eypt-20260730.htm
PSDV,0001314102,2026-07-30 00:00:00,2026-07-30 07:05:16,8-K,False,https://www.sec.gov/Archives/edgar/data/1314102/000119312526324866/0001193125-26-324866-index.htm,https://www.sec.gov/Archives/edgar/data/1314102/000119312526324866/eypt-20260730.htm
PHAT,0001783183,2026-07-30 00:00:00,2026-07-30 07:05:07,8-K,True,https://www.sec.gov/Archives/edgar/data/1783183/000119312526324865/0001193125-26-324865-index.htm,https://www.sec.gov/Archives/edgar/data/1783183/000119312526324865/d114879dex991.htm
TEX,0000097216,2026-07-30 00:00:00,2026-07-30 07:04:04,8-K,True,https://www.sec.gov/Archives/edgar/data/97216/000009721626000112/0000097216-26-000112-index.htm,https://www.sec.gov/Archives/edgar/data/97216/000009721626000112/terexearningsreleaseexq2-26.htm
PGY,0001883085,2026-07-30 00:00:00,2026-07-30 07:04:03,8-K,True,https://www.sec.gov/Archives/edgar/data/1883085/000188308526000052/0001883085-26-000052-index.htm,https://www.sec.gov/Archives/edgar/data/1883085/000188308526000052/earningspressreleasefina.htm
PGYWW,0001883085,2026-07-30 00:00:00,2026-07-30 07:04:03,8-K,True,https://www.sec.gov/Archives/edgar/data/1883085/000188308526000052/0001883085-26-000052-index.htm,https://www.sec.gov/Archives/edgar/data/1883085/000188308526000052/earningspressreleasefina.htm
AMCX,0001514991,2026-07-30 00:00:00,2026-07-30 07:03:47,8-K,True,https://www.sec.gov/Archives/edgar/data/1514991/000151499126000086/0001514991-26-000086-index.htm,https://www.sec.gov/Archives/edgar/data/1514991/000151499126000086/amcx-73026ex991.htm
TW,0001758730,2026-07-30 00:00:00,2026-07-30 07:03:46,8-K,True,https://www.sec.gov/Archives/edgar/data/1758730/000175873026000132/0001758730-26-000132-index.htm,https://www.sec.gov/Archives/edgar/data/1758730/000175873026000132/tw-2026xq2xex991.htm
OWL,0001823945,2026-07-30 00:00:00,2026-07-30 07:03:38,8-K,False,https://www.sec.gov/Archives/edgar/data/1823945/000182394526000036/0001823945-26-000036-index.htm,https://www.sec.gov/Archives/edgar/data/1823945/000182394526000036/owl-20260730.htm
OWL-WT,0001823945,2026-07-30 00:00:00,2026-07-30 07:03:38,8-K,False,https://www.sec.gov/Archives/edgar/data/1823945/000182394526000036/0001823945-26-000036-index.htm,https://www.sec.gov/Archives/edgar/data/1823945/000182394526000036/owl-20260730.htm
MLM,0000916076,2026-07-30 00:00:00,2026-07-30 07:03:27,8-K,True,https://www.sec.gov/Archives/edgar/data/916076/000119312526324863/0001193125-26-324863-index.htm,https://www.sec.gov/Archives/edgar/data/916076/000119312526324863/mlm-ex99_1.htm
MDGL,0001157601,2026-07-30 00:00:00,2026-07-30 07:03:02,8-K,False,https://www.sec.gov/Archives/edgar/data/1157601/000162828026050775/0001628280-26-050775-index.htm,https://www.sec.gov/Archives/edgar/data/1157601/000162828026050775/mdgl-20260730.htm
SNTA,0001157601,2026-07-30 00:00:00,2026-07-30 07:03:02,8-K,False,https://www.sec.gov/Archives/edgar/data/1157601/000162828026050775/0001628280-26-050775-index.htm,https://www.sec.gov/Archives/edgar/data/1157601/000162828026050775/mdgl-20260730.htm
CROX,0001334036,2026-07-30 00:00:00,2026-07-30 07:02:49,8-K,True,https://www.sec.gov/Archives/edgar/data/1334036/000133403626000050/0001334036-26-000050-index.htm,https://www.sec.gov/Archives/edgar/data/1334036/000133403626000050/croxq22026-pressrelease.htm
VRTS,0000883237,2026-07-30 00:00:00,2026-07-30 07:02:44,8-K,True,https://www.sec.gov/Archives/edgar/data/883237/000088323726000041/0000883237-26-000041-index.htm,https://www.sec.gov/Archives/edgar/data/883237/000088323726000041/docq22026earningsrelease.htm
OIS,0001121484,2026-07-30 00:00:00,2026-07-30 07:02:14,8-K,True,https://www.sec.gov/Archives/edgar/data/1121484/000112148426000031/0001121484-26-000031-index.htm,https://www.sec.gov/Archives/edgar/data/1121484/000112148426000031/ois_20260730x991.htm
ONEW,0001772921,2026-07-30 00:00:00,2026-07-30 07:01:38,8-K,True,https://www.sec.gov/Archives/edgar/data/1772921/000177292126000041/0001772921-26-000041-index.htm,https://www.sec.gov/Archives/edgar/data/1772921/000177292126000041/onew-q326earningsreleasexe.htm
NEOG,0000711377,2026-07-30 00:00:00,2026-07-30 07:01:25,8-K,True,https://www.sec.gov/Archives/edgar/data/711377/000119312526324860/0001193125-26-324860-index.htm,https://www.sec.gov/Archives/edgar/data/711377/000119312526324860/neog-ex99_1.htm
WLFC,0001018164,2026-07-30 00:00:00,2026-07-30 07:01:21,8-K,False,https://www.sec.gov/Archives/edgar/data/1018164/000101816426000063/0001018164-26-000063-index.htm,https://www.sec.gov/Archives/edgar/data/1018164/000101816426000063/wlfc-20260729.htm
WLFCP,0001018164,2026-07-30 00:00:00,2026-07-30 07:01:21,8-K,False,https://www.sec.gov/Archives/edgar/data/1018164/000101816426000063/0001018164-26-000063-index.htm,https://www.sec.gov/Archives/edgar/data/1018164/000101816426000063/wlfc-20260729.htm
YUM,0001041061,2026-07-30 00:00:00,2026-07-30 07:01:16,8-K,True,https://www.sec.gov/Archives/edgar/data/1041061/000104106126000149/0001041061-26-000149-index.htm,https://www.sec.gov/Archives/edgar/data/1041061/000104106126000149/a8kex9917302026.htm
MESA,0000810332,2026-07-30 00:00:00,2026-07-30 07:01:11,8-K,True,https://www.sec.gov/Archives/edgar/data/810332/000162828026050773/0001628280-26-050773-index.htm,https://www.sec.gov/Archives/edgar/data/810332/000162828026050773/exhibit991.htm
EXEEL,0000895126,2026-07-30 00:00:00,2026-07-30 07:01:01,8-K,False,https://www.sec.gov/Archives/edgar/data/895126/000110465926088451/0001104659-26-088451-index.htm,https://www.sec.gov/Archives/edgar/data/895126/000110465926088451/tm2621424d1_8k.htm
CHKEL,0000895126,2026-07-30 00:00:00,2026-07-30 07:01:01,8-K,False,https://www.sec.gov/Archives/edgar/data/895126/000110465926088451/0001104659-26-088451-index.htm,https://www.sec.gov/Archives/edgar/data/895126/000110465926088451/tm2621424d1_8k.htm
CHKEW,0000895126,2026-07-30 00:00:00,2026-07-30 07:01:01,8-K,False,https://www.sec.gov/Archives/edgar/data/895126/000110465926088451/0001104659-26-088451-index.htm,https://www.sec.gov/Archives/edgar/data/895126/000110465926088451/tm2621424d1_8k.htm
CHKEZ,0000895126,2026-07-30 00:00:00,2026-07-30 07:01:01,8-K,False,https://www.sec.gov/Archives/edgar/data/895126/000110465926088451/0001104659-26-088451-index.htm,https://www.sec.gov/Archives/edgar/data/895126/000110465926088451/tm2621424d1_8k.htm
EXE,0000895126,2026-07-30 00:00:00,2026-07-30 07:01:01,8-K,False,https://www.sec.gov/Archives/edgar/data/895126/000110465926088451/0001104659-26-088451-index.htm,https://www.sec.gov/Archives/edgar/data/895126/000110465926088451/tm2621424d1_8k.htm
CHK,0000895126,2026-07-30 00:00:00,2026-07-30 07:01:01,8-K,False,https://www.sec.gov/Archives/edgar/data/895126/000110465926088451/0001104659-26-088451-index.htm,https://www.sec.gov/Archives/edgar/data/895126/000110465926088451/tm2621424d1_8k.htm
EXEEW,0000895126,2026-07-30 00:00:00,2026-07-30 07:01:01,8-K,False,https://www.sec.gov/Archives/edgar/data/895126/000110465926088451/0001104659-26-088451-index.htm,https://www.sec.gov/Archives/edgar/data/895126/000110465926088451/tm2621424d1_8k.htm
EXEEZ,0000895126,2026-07-30 00:00:00,2026-07-30 07:01:01,8-K,False,https://www.sec.gov/Archives/edgar/data/895126/000110465926088451/0001104659-26-088451-index.htm,https://www.sec.gov/Archives/edgar/data/895126/000110465926088451/tm2621424d1_8k.htm
VWAVW,0002038439,2026-07-30 00:00:00,2026-07-30 07:00:38,8-K,False,https://www.sec.gov/Archives/edgar/data/2038439/000173112226000987/0001731122-26-000987-index.htm,https://www.sec.gov/Archives/edgar/data/2038439/000173112226000987/e7812_8-k.htm
VWAV,0002038439,2026-07-30 00:00:00,2026-07-30 07:00:38,8-K,False,https://www.sec.gov/Archives/edgar/data/2038439/000173112226000987/0001731122-26-000987-index.htm,https://www.sec.gov/Archives/edgar/data/2038439/000173112226000987/e7812_8-k.htm
MGRX,0001938046,2026-07-30 00:00:00,2026-07-30 07:00:26,8-K,False,https://www.sec.gov/Archives/edgar/data/1938046/000149315226035323/0001493152-26-035323-index.htm,https://www.sec.gov/Archives/edgar/data/1938046/000149315226035323/form8-k.htm
SHOO,0000913241,2026-07-30 00:00:00,2026-07-30 07:00:25,8-K,True,https://www.sec.gov/Archives/edgar/data/913241/000149315226035322/0001493152-26-035322-index.htm,https://www.sec.gov/Archives/edgar/data/913241/000149315226035322/ex99-1.htm
SIRI,0000908937,2026-07-30 00:00:00,2026-07-30 07:00:23,8-K,False,https://www.sec.gov/Archives/edgar/data/908937/000110465926088449/0001104659-26-088449-index.htm,https://www.sec.gov/Archives/edgar/data/908937/000110465926088449/tm2621617d1_8k.htm
None,0002098430,2026-07-30 00:00:00,2026-07-30 07:00:19,8-K,True,https://www.sec.gov/Archives/edgar/data/2098430/000162828026050771/0001628280-26-050771-index.htm,https://www.sec.gov/Archives/edgar/data/2098430/000162828026050771/a20262q8kex-991.htm
FLOC,0002035149,2026-07-30 00:00:00,2026-07-30 07:00:17,8-K,False,https://www.sec.gov/Archives/edgar/data/2035149/000119312526324856/0001193125-26-324856-index.htm,https://www.sec.gov/Archives/edgar/data/2035149/000119312526324856/floc-20260729.htm
DFIN,0001669811,2026-07-30 00:00:00,2026-07-30 07:00:17,8-K,True,https://www.sec.gov/Archives/edgar/data/1669811/000119312526324858/0001193125-26-324858-index.htm,https://www.sec.gov/Archives/edgar/data/1669811/000119312526324858/dfin-ex99_1.htm
BLDR,0001316835,2026-07-30 00:00:00,2026-07-30 07:00:17,8-K,True,https://www.sec.gov/Archives/edgar/data/1316835/000119312526324859/0001193125-26-324859-index.htm,https://www.sec.gov/Archives/edgar/data/1316835/000119312526324859/bldr-ex99_1.htm
CZFS,0000739421,2026-07-30 00:00:00,2026-07-30 07:00:13,8-K,True,https://www.sec.gov/Archives/edgar/data/739421/000073942126000071/0000739421-26-000071-index.htm,https://www.sec.gov/Archives/edgar/data/739421/000073942126000071/earningsreleasejune2026.htm
HSIC,0001000228,2026-07-30 00:00:00,2026-07-30 07:00:08,8-K,False,https://www.sec.gov/Archives/edgar/data/1000228/000119312526324857/0001193125-26-324857-index.htm,https://www.sec.gov/Archives/edgar/data/1000228/000119312526324857/d55491d8k.htm
AEPPZ,0000004904,2026-07-30 00:00:00,2026-07-30 06:59:36,8-K,False,https://www.sec.gov/Archives/edgar/data/4904/000000490426000055/0000004904-26-000055-index.htm,https://www.sec.gov/Archives/edgar/data/4904/000000490426000055/aep-20260730.htm
AEP,0000004904,2026-07-30 00:00:00,2026-07-30 06:59:36,8-K,False,https://www.sec.gov/Archives/edgar/data/4904/000000490426000055/0000004904-26-000055-index.htm,https://www.sec.gov/Archives/edgar/data/4904/000000490426000055/aep-20260730.htm
AOS,0000091142,2026-07-30 00:00:00,2026-07-30 06:58:56,8-K,True,https://www.sec.gov/Archives/edgar/data/91142/000009114226000096/0000091142-26-000096-index.htm,https://www.sec.gov/Archives/edgar/data/91142/000009114226000096/a6302026exhibit991.htm
APD,0000002969,2026-07-30 00:00:00,2026-07-30 06:58:31,8-K,True,https://www.sec.gov/Archives/edgar/data/2969/000000296926000034/0000002969-26-000034-index.htm,https://www.sec.gov/Archives/edgar/data/2969/000000296926000034/exhibit99130jun26.htm
PWR,0001050915,2026-07-30 00:00:00,2026-07-30 06:58:06,8-K,True,https://www.sec.gov/Archives/edgar/data/1050915/000119312526324855/0001193125-26-324855-index.htm,https://www.sec.gov/Archives/edgar/data/1050915/000119312526324855/d56853dex991.htm
ADT,0001703056,2026-07-30 00:00:00,2026-07-30 06:57:27,8-K,True,https://www.sec.gov/Archives/edgar/data/1703056/000170305626000097/0001703056-26-000097-index.htm,https://www.sec.gov/Archives/edgar/data/1703056/000170305626000097/q22026adtearningsrelease-e.htm
H,0001468174,2026-07-30 00:00:00,2026-07-30 06:56:36,8-K,True,https://www.sec.gov/Archives/edgar/data/1468174/000146817426000021/0001468174-26-000021-index.htm,https://www.sec.gov/Archives/edgar/data/1468174/000146817426000021/q22026earningsrelease.htm
None,0000009466,2026-07-30 00:00:00,2026-07-30 06:56:06,8-K,True,https://www.sec.gov/Archives/edgar/data/9466/000110935726000077/0001109357-26-000077-index.htm,https://www.sec.gov/Archives/edgar/data/8192/000110935726000077/exc-20260730ex991.htm
None,0000022606,2026-07-30 00:00:00,2026-07-30 06:56:06,8-K,True,https://www.sec.gov/Archives/edgar/data/22606/000110935726000077/0001109357-26-000077-index.htm,https://www.sec.gov/Archives/edgar/data/8192/000110935726000077/exc-20260730ex991.htm
None,0000008192,2026-07-30 00:00:00,2026-07-30 06:56:06,8-K,True,https://www.sec.gov/Archives/edgar/data/8192/000110935726000077/0001109357-26-000077-index.htm,https://www.sec.gov/Archives/edgar/data/8192/000110935726000077/exc-20260730ex991.htm
None,0001135971,2026-07-30 00:00:00,2026-07-30 06:56:06,8-K,True,https://www.sec.gov/Archives/edgar/data/1135971/000110935726000077/0001109357-26-000077-index.htm,https://www.sec.gov/Archives/edgar/data/8192/000110935726000077/exc-20260730ex991.htm
None,0000078100,2026-07-30 00:00:00,2026-07-30 06:56:06,8-K,True,https://www.sec.gov/Archives/edgar/data/78100/000110935726000077/0001109357-26-000077-index.htm,https://www.sec.gov/Archives/edgar/data/8192/000110935726000077/exc-20260730ex991.htm
None,0000079732,2026-07-30 00:00:00,2026-07-30 06:56:06,8-K,True,https://www.sec.gov/Archives/edgar/data/79732/000110935726000077/0001109357-26-000077-index.htm,https://www.sec.gov/Archives/edgar/data/8192/000110935726000077/exc-20260730ex991.htm
None,0000027879,2026-07-30 00:00:00,2026-07-30 06:56:06,8-K,True,https://www.sec.gov/Archives/edgar/data/27879/000110935726000077/0001109357-26-000077-index.htm,https://www.sec.gov/Archives/edgar/data/8192/000110935726000077/exc-20260730ex991.htm
EXC,0001109357,2026-07-30 00:00:00,2026-07-30 06:56:06,8-K,True,https://www.sec.gov/Archives/edgar/data/1109357/000110935726000077/0001109357-26-000077-index.htm,https://www.sec.gov/Archives/edgar/data/9466/000110935726000077/exc-20260730ex991.htm
KKR-PC,0001404912,2026-07-30 00:00:00,2026-07-30 06:55:03,8-K,True,https://www.sec.gov/Archives/edgar/data/1404912/000140491226000022/0001404912-26-000022-index.htm,https://www.sec.gov/Archives/edgar/data/1404912/000140491226000022/q226earningsrelease_vf.htm
KKR,0001404912,2026-07-30 00:00:00,2026-07-30 06:55:03,8-K,True,https://www.sec.gov/Archives/edgar/data/1404912/000140491226000022/0001404912-26-000022-index.htm,https://www.sec.gov/Archives/edgar/data/1404912/000140491226000022/q226earningsrelease_vf.htm
KKRS,0001404912,2026-07-30 00:00:00,2026-07-30 06:55:03,8-K,True,https://www.sec.gov/Archives/edgar/data/1404912/000140491226000022/0001404912-26-000022-index.htm,https://www.sec.gov/Archives/edgar/data/1404912/000140491226000022/q226earningsrelease_vf.htm
LH,0000920148,2026-07-30 00:00:00,2026-07-30 06:53:18,8-K,True,https://www.sec.gov/Archives/edgar/data/920148/000092014826000162/0000920148-26-000162-index.htm,https://www.sec.gov/Archives/edgar/data/920148/000092014826000162/form8-kexhibit9912q26.htm
LTH,0001869198,2026-07-30 00:00:00,2026-07-30 06:52:55,8-K,True,https://www.sec.gov/Archives/edgar/data/1869198/000186919826000041/0001869198-26-000041-index.htm,https://www.sec.gov/Archives/edgar/data/1869198/000186919826000041/lth-20260630xex991.htm
BXMT,0001061630,2026-07-30 00:00:00,2026-07-30 06:51:57,8-K,True,https://www.sec.gov/Archives/edgar/data/1061630/000106163026000071/0001061630-26-000071-index.htm,https://www.sec.gov/Archives/edgar/data/1061630/000106163026000071/exhibit9922q26.htm
None,0001566011,2026-07-30 00:00:00,2026-07-30 06:50:30,8-K,True,https://www.sec.gov/Archives/edgar/data/1566011/000153450426000029/0001534504-26-000029-index.htm,https://www.sec.gov/Archives/edgar/data/1534504/000153450426000029/a991pressreleaseq2-26.htm
PBF,0001534504,2026-07-30 00:00:00,2026-07-30 06:50:30,8-K,True,https://www.sec.gov/Archives/edgar/data/1534504/000153450426000029/0001534504-26-000029-index.htm,https://www.sec.gov/Archives/edgar/data/1534504/000153450426000029/a991pressreleaseq2-26.htm
None,0001318742,2026-07-30 00:00:00,2026-07-30 06:50:21,8-K,True,https://www.sec.gov/Archives/edgar/data/1318742/000117184326005051/0001171843-26-005051-index.htm,https://www.sec.gov/Archives/edgar/data/1318742/000117184326005051/exh_991.htm
NCLH,0001513761,2026-07-30 00:00:00,2026-07-30 06:50:20,8-K,True,https://www.sec.gov/Archives/edgar/data/1513761/000117184326005050/0001171843-26-005050-index.htm,https://www.sec.gov/Archives/edgar/data/1513761/000117184326005050/exh_991.htm
HSY,0000047111,2026-07-30 00:00:00,2026-07-30 06:48:34,8-K,True,https://www.sec.gov/Archives/edgar/data/47111/000162828026050769/0001628280-26-050769-index.htm,https://www.sec.gov/Archives/edgar/data/47111/000162828026050769/exhibit991_2026xq2.htm
REGN,0000872589,2026-07-30 00:00:00,2026-07-30 06:48:32,8-K,True,https://www.sec.gov/Archives/edgar/data/872589/000087258926000023/0000872589-26-000023-index.htm,https://www.sec.gov/Archives/edgar/data/872589/000087258926000023/exhibit991q22026.htm
CNX,0001070412,2026-07-30 00:00:00,2026-07-30 06:48:19,8-K,True,https://www.sec.gov/Archives/edgar/data/1070412/000107041226000056/0001070412-26-000056-index.htm,https://www.sec.gov/Archives/edgar/data/1070412/000107041226000056/ex991supplementalq226.htm
None,0001636315,2026-07-30 00:00:00,2026-07-30 06:47:57,8-K,False,https://www.sec.gov/Archives/edgar/data/1636315/000128604326000046/0001286043-26-000046-index.htm,https://www.sec.gov/Archives/edgar/data/1286043/000128604326000046/krg-20260730.htm
KRG,0001286043,2026-07-30 00:00:00,2026-07-30 06:47:57,8-K,False,https://www.sec.gov/Archives/edgar/data/1286043/000128604326000046/0001286043-26-000046-index.htm,https://www.sec.gov/Archives/edgar/data/1286043/000128604326000046/krg-20260730.htm
CSW,0001624794,2026-07-30 00:00:00,2026-07-30 06:47:30,8-K,True,https://www.sec.gov/Archives/edgar/data/1624794/000162479426000048/0001624794-26-000048-index.htm,https://www.sec.gov/Archives/edgar/data/1624794/000162479426000048/er_q12027.htm
CSWI,0001624794,2026-07-30 00:00:00,2026-07-30 06:47:30,8-K,True,https://www.sec.gov/Archives/edgar/data/1624794/000162479426000048/0001624794-26-000048-index.htm,https://www.sec.gov/Archives/edgar/data/1624794/000162479426000048/er_q12027.htm
None,0001636315,2026-07-30 00:00:00,2026-07-30 06:47:23,8-K,True,https://www.sec.gov/Archives/edgar/data/1636315/000128604326000045/0001286043-26-000045-index.htm,https://www.sec.gov/Archives/edgar/data/1286043/000128604326000045/exhibit99_1xq22026.htm
KRG,0001286043,2026-07-30 00:00:00,2026-07-30 06:47:23,8-K,True,https://www.sec.gov/Archives/edgar/data/1286043/000128604326000045/0001286043-26-000045-index.htm,https://www.sec.gov/Archives/edgar/data/1286043/000128604326000045/exhibit99_1xq22026.htm
AVY,0000008818,2026-07-30 00:00:00,2026-07-30 06:47:05,8-K,True,https://www.sec.gov/Archives/edgar/data/8818/000000881826000127/0000008818-26-000127-index.htm,https://www.sec.gov/Archives/edgar/data/8818/000000881826000127/ex9918k7-30x26.htm
FTI,0001681459,2026-07-30 00:00:00,2026-07-30 06:46:48,8-K,True,https://www.sec.gov/Archives/edgar/data/1681459/000168145926000040/0001681459-26-000040-index.htm,https://www.sec.gov/Archives/edgar/data/1681459/000168145926000040/technipfmc2026630-8kerex.htm
XPO,0001166003,2026-07-30 00:00:00,2026-07-30 06:46:36,8-K,True,https://www.sec.gov/Archives/edgar/data/1166003/000110465926088440/0001104659-26-088440-index.htm,https://www.sec.gov/Archives/edgar/data/1166003/000110465926088440/tm2616097d4_ex99-1.htm
CCB,0001437958,2026-07-30 00:00:00,2026-07-30 06:46:02,8-K,True,https://www.sec.gov/Archives/edgar/data/1437958/000143795826000053/0001437958-26-000053-index.htm,https://www.sec.gov/Archives/edgar/data/1437958/000143795826000053/ipcoastalfinancialcorp-i.htm
DTM,0001842022,2026-07-30 00:00:00,2026-07-30 06:45:45,8-K,False,https://www.sec.gov/Archives/edgar/data/1842022/000114036126030142/0001140361-26-030142-index.htm,https://www.sec.gov/Archives/edgar/data/1842022/000114036126030142/ef20078985_8k.htm
GVA,0000861459,2026-07-30 00:00:00,2026-07-30 06:45:41,8-K,True,https://www.sec.gov/Archives/edgar/data/861459/000086145926000027/0000861459-26-000027-index.htm,https://www.sec.gov/Archives/edgar/data/861459/000086145926000027/gva-20260630xexx991.htm
RES,0000742278,2026-07-30 00:00:00,2026-07-30 06:45:22,8-K,True,https://www.sec.gov/Archives/edgar/data/742278/000110465926088439/0001104659-26-088439-index.htm,https://www.sec.gov/Archives/edgar/data/742278/000110465926088439/res-20260730xex99d1.htm
XPO,0001166003,2026-07-30 00:00:00,2026-07-30 06:45:19,8-K,True,https://www.sec.gov/Archives/edgar/data/1166003/000110465926088438/0001104659-26-088438-index.htm,https://www.sec.gov/Archives/edgar/data/1166003/000110465926088438/tm2616097d5_ex99-1.htm
CCB,0001437958,2026-07-30 00:00:00,2026-07-30 06:45:09,8-K,True,https://www.sec.gov/Archives/edgar/data/1437958/000143795826000052/0001437958-26-000052-index.htm,https://www.sec.gov/Archives/edgar/data/1437958/000143795826000052/erccb-20260729xexx991.htm
None,0000108772,2026-07-30 00:00:00,2026-07-30 06:44:32,8-K,True,https://www.sec.gov/Archives/edgar/data/108772/000177045026000034/0001770450-26-000034-index.htm,https://www.sec.gov/Archives/edgar/data/108772/000177045026000034/ex991xrx630268-ker.htm
XRX,0001770450,2026-07-30 00:00:00,2026-07-30 06:44:32,8-K,True,https://www.sec.gov/Archives/edgar/data/1770450/000177045026000034/0001770450-26-000034-index.htm,https://www.sec.gov/Archives/edgar/data/108772/000177045026000034/ex991xrx630268-ker.htm
RAL,0002041385,2026-07-30 00:00:00,2026-07-30 06:43:15,8-K,True,https://www.sec.gov/Archives/edgar/data/2041385/000204138526000062/0002041385-26-000062-index.htm,https://www.sec.gov/Archives/edgar/data/2041385/000204138526000062/ralq22026-ex991.htm
CMCO,0001005229,2026-07-30 00:00:00,2026-07-30 06:41:59,8-K,True,https://www.sec.gov/Archives/edgar/data/1005229/000100522926000041/0001005229-26-000041-index.htm,https://www.sec.gov/Archives/edgar/data/1005229/000100522926000041/exhibit99107302026.htm
DAR,0000916540,2026-07-30 00:00:00,2026-07-30 06:40:31,8-K,True,https://www.sec.gov/Archives/edgar/data/916540/000091654026000019/0000916540-26-000019-index.htm,https://www.sec.gov/Archives/edgar/data/916540/000091654026000019/exh991-pressreleaseq22026.htm
CNK,0001385280,2026-07-30 00:00:00,2026-07-30 06:40:16,8-K,True,https://www.sec.gov/Archives/edgar/data/1385280/000119312526324842/0001193125-26-324842-index.htm,https://www.sec.gov/Archives/edgar/data/1385280/000119312526324842/cnk-ex99_1.htm
OMCL,0000926326,2026-07-30 00:00:00,2026-07-30 06:34:15,8-K,True,https://www.sec.gov/Archives/edgar/data/926326/000092632626000019/0000926326-26-000019-index.htm,https://www.sec.gov/Archives/edgar/data/926326/000092632626000019/exhibit991q2-26.htm
AGIO,0001439222,2026-07-30 00:00:00,2026-07-30 06:32:37,8-K,False,https://www.sec.gov/Archives/edgar/data/1439222/000143922226000115/0001439222-26-000115-index.htm,https://www.sec.gov/Archives/edgar/data/1439222/000143922226000115/agio-20260730.htm
TE-WT,0001992243,2026-07-30 00:00:00,2026-07-30 06:32:32,8-K,False,https://www.sec.gov/Archives/edgar/data/1992243/000121390026083033/0001213900-26-083033-index.htm,https://www.sec.gov/Archives/edgar/data/1992243/000121390026083033/ea0299711-8k_t1energy.htm
TE,0001992243,2026-07-30 00:00:00,2026-07-30 06:32:32,8-K,False,https://www.sec.gov/Archives/edgar/data/1992243/000121390026083033/0001213900-26-083033-index.htm,https://www.sec.gov/Archives/edgar/data/1992243/000121390026083033/ea0299711-8k_t1energy.htm
FREY-WT,0001992243,2026-07-30 00:00:00,2026-07-30 06:32:32,8-K,False,https://www.sec.gov/Archives/edgar/data/1992243/000121390026083033/0001213900-26-083033-index.htm,https://www.sec.gov/Archives/edgar/data/1992243/000121390026083033/ea0299711-8k_t1energy.htm
FREY,0001992243,2026-07-30 00:00:00,2026-07-30 06:32:32,8-K,False,https://www.sec.gov/Archives/edgar/data/1992243/000121390026083033/0001213900-26-083033-index.htm,https://www.sec.gov/Archives/edgar/data/1992243/000121390026083033/ea0299711-8k_t1energy.htm
BFLY,0001804176,2026-07-30 00:00:00,2026-07-30 06:32:15,8-K,True,https://www.sec.gov/Archives/edgar/data/1804176/000180417626000025/0001804176-26-000025-index.htm,https://www.sec.gov/Archives/edgar/data/1804176/000180417626000025/bfly-20260730xexx991.htm
BFLY-WT,0001804176,2026-07-30 00:00:00,2026-07-30 06:32:15,8-K,True,https://www.sec.gov/Archives/edgar/data/1804176/000180417626000025/0001804176-26-000025-index.htm,https://www.sec.gov/Archives/edgar/data/1804176/000180417626000025/bfly-20260730xexx991.htm
XHR,0001616000,2026-07-30 00:00:00,2026-07-30 06:32:09,8-K,True,https://www.sec.gov/Archives/edgar/data/1616000/000162828026050765/0001628280-26-050765-index.htm,https://www.sec.gov/Archives/edgar/data/1616000/000162828026050765/ex991q22026xhrearningsrele.htm
DGICB,0000800457,2026-07-30 00:00:00,2026-07-30 06:30:17,8-K,True,https://www.sec.gov/Archives/edgar/data/800457/000117184326005048/0001171843-26-005048-index.htm,https://www.sec.gov/Archives/edgar/data/800457/000117184326005048/exh_991.htm
DGICA,0000800457,2026-07-30 00:00:00,2026-07-30 06:30:17,8-K,True,https://www.sec.gov/Archives/edgar/data/800457/000117184326005048/0001171843-26-005048-index.htm,https://www.sec.gov/Archives/edgar/data/800457/000117184326005048/exh_991.htm
ESCA,0000033488,2026-07-30 00:00:00,2026-07-30 06:30:09,8-K,True,https://www.sec.gov/Archives/edgar/data/33488/000143774926024942/0001437749-26-024942-index.htm,https://www.sec.gov/Archives/edgar/data/33488/000143774926024942/ex_995445.htm
GPI,0001031203,2026-07-30 00:00:00,2026-07-30 06:24:45,8-K,True,https://www.sec.gov/Archives/edgar/data/1031203/000103120326000121/0001031203-26-000121-index.htm,https://www.sec.gov/Archives/edgar/data/1031203/000103120326000121/a2026q2exhibit991.htm
BC-PC,0000014930,2026-07-30 00:00:00,2026-07-30 06:19:01,8-K,True,https://www.sec.gov/Archives/edgar/data/14930/000001493026000087/0000014930-26-000087-index.htm,https://www.sec.gov/Archives/edgar/data/14930/000001493026000087/q22026exhibit99_1.htm
BC,0000014930,2026-07-30 00:00:00,2026-07-30 06:19:01,8-K,True,https://www.sec.gov/Archives/edgar/data/14930/000001493026000087/0000014930-26-000087-index.htm,https://www.sec.gov/Archives/edgar/data/14930/000001493026000087/q22026exhibit99_1.htm
BC-PA,0000014930,2026-07-30 00:00:00,2026-07-30 06:19:01,8-K,True,https://www.sec.gov/Archives/edgar/data/14930/000001493026000087/0000014930-26-000087-index.htm,https://www.sec.gov/Archives/edgar/data/14930/000001493026000087/q22026exhibit99_1.htm
BC-PB,0000014930,2026-07-30 00:00:00,2026-07-30 06:19:01,8-K,True,https://www.sec.gov/Archives/edgar/data/14930/000001493026000087/0000014930-26-000087-index.htm,https://www.sec.gov/Archives/edgar/data/14930/000001493026000087/q22026exhibit99_1.htm
CI,0001739940,2026-07-30 00:00:00,2026-07-30 06:16:02,8-K,True,https://www.sec.gov/Archives/edgar/data/1739940/000114036126030135/0001140361-26-030135-index.htm,https://www.sec.gov/Archives/edgar/data/1739940/000114036126030135/ef20078875_ex99-1.htm
None,0002116230,2026-07-30 00:00:00,2026-07-30 06:15:51,8-K,False,https://www.sec.gov/Archives/edgar/data/2116230/000192998026000397/0001929980-26-000397-index.htm,https://www.sec.gov/Archives/edgar/data/2116230/000192998026000397/sxgc_8k.htm
AMRX,0001723128,2026-07-30 00:00:00,2026-07-30 06:15:42,8-K,True,https://www.sec.gov/Archives/edgar/data/1723128/000172312826000025/0001723128-26-000025-index.htm,https://www.sec.gov/Archives/edgar/data/1723128/000172312826000025/amrx-q22026ex991.htm
LTCHW,0001826000,2026-07-30 00:00:00,2026-07-30 06:11:22,8-K,False,https://www.sec.gov/Archives/edgar/data/1826000/000110465926088410/0001104659-26-088410-index.htm,https://www.sec.gov/Archives/edgar/data/1826000/000110465926088410/tm2621608d1_8k.htm
LTCH,0001826000,2026-07-30 00:00:00,2026-07-30 06:11:22,8-K,False,https://www.sec.gov/Archives/edgar/data/1826000/000110465926088410/0001104659-26-088410-index.htm,https://www.sec.gov/Archives/edgar/data/1826000/000110465926088410/tm2621608d1_8k.htm
FRBT,0001925062,2026-07-30 00:00:00,2026-07-30 06:10:50,8-K,True,https://www.sec.gov/Archives/edgar/data/1925062/000192506226000016/0001925062-26-000016-index.htm,https://www.sec.gov/Archives/edgar/data/1925062/000192506226000016/a073026earningsreleasexex9.htm
YUMC,0001673358,2026-07-30 00:00:00,2026-07-30 06:07:45,8-K,True,https://www.sec.gov/Archives/edgar/data/1673358/000119312526324793/0001193125-26-324793-index.htm,https://www.sec.gov/Archives/edgar/data/1673358/000119312526324793/yumc-ex99_1.htm
VIRT,0001592386,2026-07-30 00:00:00,2026-07-30 06:05:40,8-K,True,https://www.sec.gov/Archives/edgar/data/1592386/000159238626000023/0001592386-26-000023-index.htm,https://www.sec.gov/Archives/edgar/data/1592386/000159238626000023/exhibit991q226.htm
CRHCF,0000849395,2026-07-30 00:00:00,2026-07-30 06:05:03,8-K,True,https://www.sec.gov/Archives/edgar/data/849395/000162828026050752/0001628280-26-050752-index.htm,https://www.sec.gov/Archives/edgar/data/849395/000162828026050752/q2resultsannouncement2026.htm
CRH,0000849395,2026-07-30 00:00:00,2026-07-30 06:05:03,8-K,True,https://www.sec.gov/Archives/edgar/data/849395/000162828026050752/0001628280-26-050752-index.htm,https://www.sec.gov/Archives/edgar/data/849395/000162828026050752/q2resultsannouncement2026.htm
WCC-PA,0000929008,2026-07-30 00:00:00,2026-07-30 06:03:53,8-K,True,https://www.sec.gov/Archives/edgar/data/929008/000092900826000021/0000929008-26-000021-index.htm,https://www.sec.gov/Archives/edgar/data/929008/000092900826000021/wcc-2q2026earnings.htm
WCC,0000929008,2026-07-30 00:00:00,2026-07-30 06:03:53,8-K,True,https://www.sec.gov/Archives/edgar/data/929008/000092900826000021/0000929008-26-000021-index.htm,https://www.sec.gov/Archives/edgar/data/929008/000092900826000021/wcc-2q2026earnings.htm
LNC-PD,0000059558,2026-07-30 00:00:00,2026-07-30 06:03:25,8-K,True,https://www.sec.gov/Archives/edgar/data/59558/000005955826000058/0000059558-26-000058-index.htm,https://www.sec.gov/Archives/edgar/data/59558/000005955826000058/a2q2026lncearningspr.htm
LNC,0000059558,2026-07-30 00:00:00,2026-07-30 06:03:25,8-K,True,https://www.sec.gov/Archives/edgar/data/59558/000005955826000058/0000059558-26-000058-index.htm,https://www.sec.gov/Archives/edgar/data/59558/000005955826000058/a2q2026lncearningspr.htm
SOLS,0002064953,2026-07-30 00:00:00,2026-07-30 06:02:46,8-K,True,https://www.sec.gov/Archives/edgar/data/2064953/000206495326000085/0002064953-26-000085-index.htm,https://www.sec.gov/Archives/edgar/data/2064953/000206495326000085/exhibit991-earningsrelease.htm
WTW,0001140536,2026-07-30 00:00:00,2026-07-30 06:02:22,8-K,True,https://www.sec.gov/Archives/edgar/data/1140536/000117184326005042/0001171843-26-005042-index.htm,https://www.sec.gov/Archives/edgar/data/1140536/000117184326005042/exh_991.htm
WLTW,0001140536,2026-07-30 00:00:00,2026-07-30 06:02:22,8-K,True,https://www.sec.gov/Archives/edgar/data/1140536/000117184326005042/0001171843-26-005042-index.htm,https://www.sec.gov/Archives/edgar/data/1140536/000117184326005042/exh_991.htm
NNVC,0001379006,2026-07-30 00:00:00,2026-07-30 06:02:18,8-K,False,https://www.sec.gov/Archives/edgar/data/1379006/000110465926088393/0001104659-26-088393-index.htm,https://www.sec.gov/Archives/edgar/data/1379006/000110465926088393/tm2621493d1_8k.htm
AITXD,0001498148,2026-07-30 00:00:00,2026-07-30 06:02:11,8-K,False,https://www.sec.gov/Archives/edgar/data/1498148/000106299326003918/0001062993-26-003918-index.htm,https://www.sec.gov/Archives/edgar/data/1498148/000106299326003918/form8k.htm
AITX,0001498148,2026-07-30 00:00:00,2026-07-30 06:02:11,8-K,False,https://www.sec.gov/Archives/edgar/data/1498148/000106299326003918/0001062993-26-003918-index.htm,https://www.sec.gov/Archives/edgar/data/1498148/000106299326003918/form8k.htm
None,0002116105,2026-07-30 00:00:00,2026-07-30 06:01:59,8-K,False,https://www.sec.gov/Archives/edgar/data/2116105/000182912626008061/0001829126-26-008061-index.htm,https://www.sec.gov/Archives/edgar/data/2116105/000182912626008061/futurewaveacq_8k.htm
TT,0001466258,2026-07-30 00:00:00,2026-07-30 06:00:44,8-K,True,https://www.sec.gov/Archives/edgar/data/1466258/000162828026050743/0001628280-26-050743-index.htm,https://www.sec.gov/Archives/edgar/data/1466258/000162828026050743/exhibit991-q22026earningsr.htm
