symbol,filingDate,filing_detail_url,document_type,document_description,document_url,matched,error
MXC,2026-09-10 00:00:00,https://www.sec.gov/Archives/edgar/data/66418/000149315226042246/0001493152-26-042246-index.htm,8-K,8-K,https://www.sec.gov/Archives/edgar/data/66418/000149315226042246/form8-k.htm,False,
MXC,2026-09-10 00:00:00,https://www.sec.gov/Archives/edgar/data/66418/000149315226042246/0001493152-26-042246-index.htm,EX-10.1,EX-10.1,https://www.sec.gov/Archives/edgar/data/66418/000149315226042246/ex10-1.htm,False,
MXC,2026-09-10 00:00:00,https://www.sec.gov/Archives/edgar/data/66418/000149315226042246/0001493152-26-042246-index.htm,EX-10.2,EX-10.2,https://www.sec.gov/Archives/edgar/data/66418/000149315226042246/ex10-2.htm,False,
OSTX,2026-09-10 00:00:00,https://www.sec.gov/Archives/edgar/data/1795091/000121390026098880/0001213900-26-098880-index.htm,8-K,CURRENT REPORT,https://www.sec.gov/Archives/edgar/data/1795091/000121390026098880/ea0305135-8k_ostherapies.htm,False,
BHSE,2026-09-10 00:00:00,https://www.sec.gov/Archives/edgar/data/1759186/000118518526003919/0001185185-26-003919-index.htm,8-K,FORM 8-K,https://www.sec.gov/Archives/edgar/data/1759186/000118518526003919/zsqr8k091026.htm,False,
BHSEU,2026-09-10 00:00:00,https://www.sec.gov/Archives/edgar/data/1759186/000118518526003919/0001185185-26-003919-index.htm,8-K,FORM 8-K,https://www.sec.gov/Archives/edgar/data/1759186/000118518526003919/zsqr8k091026.htm,False,
BHSEW,2026-09-10 00:00:00,https://www.sec.gov/Archives/edgar/data/1759186/000118518526003919/0001185185-26-003919-index.htm,8-K,FORM 8-K,https://www.sec.gov/Archives/edgar/data/1759186/000118518526003919/zsqr8k091026.htm,False,
COEPW,2026-09-10 00:00:00,https://www.sec.gov/Archives/edgar/data/1759186/000118518526003919/0001185185-26-003919-index.htm,8-K,FORM 8-K,https://www.sec.gov/Archives/edgar/data/1759186/000118518526003919/zsqr8k091026.htm,False,
COEP,2026-09-10 00:00:00,https://www.sec.gov/Archives/edgar/data/1759186/000118518526003919/0001185185-26-003919-index.htm,8-K,FORM 8-K,https://www.sec.gov/Archives/edgar/data/1759186/000118518526003919/zsqr8k091026.htm,False,
ADRA-WT,2026-09-10 00:00:00,https://www.sec.gov/Archives/edgar/data/1823584/000149315226042245/0001493152-26-042245-index.htm,8-K,8-K,https://www.sec.gov/Archives/edgar/data/1823584/000149315226042245/form8-k.htm,False,
ADRA-WT,2026-09-10 00:00:00,https://www.sec.gov/Archives/edgar/data/1823584/000149315226042245/0001493152-26-042245-index.htm,EX-99.1,EX-99.1,https://www.sec.gov/Archives/edgar/data/1823584/000149315226042245/ex99-1.htm,True,
AENTW,2026-09-10 00:00:00,https://www.sec.gov/Archives/edgar/data/1823584/000149315226042245/0001493152-26-042245-index.htm,8-K,8-K,https://www.sec.gov/Archives/edgar/data/1823584/000149315226042245/form8-k.htm,False,
AENTW,2026-09-10 00:00:00,https://www.sec.gov/Archives/edgar/data/1823584/000149315226042245/0001493152-26-042245-index.htm,EX-99.1,EX-99.1,https://www.sec.gov/Archives/edgar/data/1823584/000149315226042245/ex99-1.htm,True,
AENT,2026-09-10 00:00:00,https://www.sec.gov/Archives/edgar/data/1823584/000149315226042245/0001493152-26-042245-index.htm,8-K,8-K,https://www.sec.gov/Archives/edgar/data/1823584/000149315226042245/form8-k.htm,False,
AENT,2026-09-10 00:00:00,https://www.sec.gov/Archives/edgar/data/1823584/000149315226042245/0001493152-26-042245-index.htm,EX-99.1,EX-99.1,https://www.sec.gov/Archives/edgar/data/1823584/000149315226042245/ex99-1.htm,True,
ADRA-UN,2026-09-10 00:00:00,https://www.sec.gov/Archives/edgar/data/1823584/000149315226042245/0001493152-26-042245-index.htm,8-K,8-K,https://www.sec.gov/Archives/edgar/data/1823584/000149315226042245/form8-k.htm,False,
ADRA-UN,2026-09-10 00:00:00,https://www.sec.gov/Archives/edgar/data/1823584/000149315226042245/0001493152-26-042245-index.htm,EX-99.1,EX-99.1,https://www.sec.gov/Archives/edgar/data/1823584/000149315226042245/ex99-1.htm,True,
ADRA,2026-09-10 00:00:00,https://www.sec.gov/Archives/edgar/data/1823584/000149315226042245/0001493152-26-042245-index.htm,8-K,8-K,https://www.sec.gov/Archives/edgar/data/1823584/000149315226042245/form8-k.htm,False,
ADRA,2026-09-10 00:00:00,https://www.sec.gov/Archives/edgar/data/1823584/000149315226042245/0001493152-26-042245-index.htm,EX-99.1,EX-99.1,https://www.sec.gov/Archives/edgar/data/1823584/000149315226042245/ex99-1.htm,True,
KALA,2026-09-10 00:00:00,https://www.sec.gov/Archives/edgar/data/1479419/000182912626009999/0001829126-26-009999-index.htm,8-K,8-K,https://www.sec.gov/Archives/edgar/data/1479419/000182912626009999/kalabio_8k.htm,True,
KALA,2026-09-10 00:00:00,https://www.sec.gov/Archives/edgar/data/1479419/000182912626009999/0001829126-26-009999-index.htm,EX-10.1,EXHIBIT 10.1,https://www.sec.gov/Archives/edgar/data/1479419/000182912626009999/kalabio_ex10-1.htm,False,
QTRRF,2026-09-10 00:00:00,https://www.sec.gov/Archives/edgar/data/1339688/000106299326004896/0001062993-26-004896-index.htm,8-K,FORM 8-K,https://www.sec.gov/Archives/edgar/data/1339688/000106299326004896/form8k.htm,False,
QTRRF,2026-09-10 00:00:00,https://www.sec.gov/Archives/edgar/data/1339688/000106299326004896/0001062993-26-004896-index.htm,EX-99.1,EXHIBIT 99.1,https://www.sec.gov/Archives/edgar/data/1339688/000106299326004896/exhibit99-1.htm,False,
LCGMF,2026-09-10 00:00:00,https://www.sec.gov/Archives/edgar/data/1339688/000106299326004896/0001062993-26-004896-index.htm,8-K,FORM 8-K,https://www.sec.gov/Archives/edgar/data/1339688/000106299326004896/form8k.htm,False,
LCGMF,2026-09-10 00:00:00,https://www.sec.gov/Archives/edgar/data/1339688/000106299326004896/0001062993-26-004896-index.htm,EX-99.1,EXHIBIT 99.1,https://www.sec.gov/Archives/edgar/data/1339688/000106299326004896/exhibit99-1.htm,False,
ARCLW,2026-09-10 00:00:00,https://www.sec.gov/Archives/edgar/data/2073515/000149315226042241/0001493152-26-042241-index.htm,8-K,8-K,https://www.sec.gov/Archives/edgar/data/2073515/000149315226042241/form8-k.htm,True,
ARCLW,2026-09-10 00:00:00,https://www.sec.gov/Archives/edgar/data/2073515/000149315226042241/0001493152-26-042241-index.htm,EX-10.1,EX-10.1,https://www.sec.gov/Archives/edgar/data/2073515/000149315226042241/ex10-1.htm,False,
ARCLW,2026-09-10 00:00:00,https://www.sec.gov/Archives/edgar/data/2073515/000149315226042241/0001493152-26-042241-index.htm,EX-10.2,EX-10.2,https://www.sec.gov/Archives/edgar/data/2073515/000149315226042241/ex10-2.htm,False,
ARCLW,2026-09-10 00:00:00,https://www.sec.gov/Archives/edgar/data/2073515/000149315226042241/0001493152-26-042241-index.htm,EX-99.1,EX-99.1,https://www.sec.gov/Archives/edgar/data/2073515/000149315226042241/ex99-1.htm,False,
ARCLU,2026-09-10 00:00:00,https://www.sec.gov/Archives/edgar/data/2073515/000149315226042241/0001493152-26-042241-index.htm,8-K,8-K,https://www.sec.gov/Archives/edgar/data/2073515/000149315226042241/form8-k.htm,True,
ARCLU,2026-09-10 00:00:00,https://www.sec.gov/Archives/edgar/data/2073515/000149315226042241/0001493152-26-042241-index.htm,EX-10.1,EX-10.1,https://www.sec.gov/Archives/edgar/data/2073515/000149315226042241/ex10-1.htm,False,
ARCLU,2026-09-10 00:00:00,https://www.sec.gov/Archives/edgar/data/2073515/000149315226042241/0001493152-26-042241-index.htm,EX-10.2,EX-10.2,https://www.sec.gov/Archives/edgar/data/2073515/000149315226042241/ex10-2.htm,False,
ARCLU,2026-09-10 00:00:00,https://www.sec.gov/Archives/edgar/data/2073515/000149315226042241/0001493152-26-042241-index.htm,EX-99.1,EX-99.1,https://www.sec.gov/Archives/edgar/data/2073515/000149315226042241/ex99-1.htm,False,
ARCLR,2026-09-10 00:00:00,https://www.sec.gov/Archives/edgar/data/2073515/000149315226042241/0001493152-26-042241-index.htm,8-K,8-K,https://www.sec.gov/Archives/edgar/data/2073515/000149315226042241/form8-k.htm,True,
ARCLR,2026-09-10 00:00:00,https://www.sec.gov/Archives/edgar/data/2073515/000149315226042241/0001493152-26-042241-index.htm,EX-10.1,EX-10.1,https://www.sec.gov/Archives/edgar/data/2073515/000149315226042241/ex10-1.htm,False,
ARCLR,2026-09-10 00:00:00,https://www.sec.gov/Archives/edgar/data/2073515/000149315226042241/0001493152-26-042241-index.htm,EX-10.2,EX-10.2,https://www.sec.gov/Archives/edgar/data/2073515/000149315226042241/ex10-2.htm,False,
ARCLR,2026-09-10 00:00:00,https://www.sec.gov/Archives/edgar/data/2073515/000149315226042241/0001493152-26-042241-index.htm,EX-99.1,EX-99.1,https://www.sec.gov/Archives/edgar/data/2073515/000149315226042241/ex99-1.htm,False,
ARCL,2026-09-10 00:00:00,https://www.sec.gov/Archives/edgar/data/2073515/000149315226042241/0001493152-26-042241-index.htm,8-K,8-K,https://www.sec.gov/Archives/edgar/data/2073515/000149315226042241/form8-k.htm,True,
ARCL,2026-09-10 00:00:00,https://www.sec.gov/Archives/edgar/data/2073515/000149315226042241/0001493152-26-042241-index.htm,EX-10.1,EX-10.1,https://www.sec.gov/Archives/edgar/data/2073515/000149315226042241/ex10-1.htm,False,
ARCL,2026-09-10 00:00:00,https://www.sec.gov/Archives/edgar/data/2073515/000149315226042241/0001493152-26-042241-index.htm,EX-10.2,EX-10.2,https://www.sec.gov/Archives/edgar/data/2073515/000149315226042241/ex10-2.htm,False,
ARCL,2026-09-10 00:00:00,https://www.sec.gov/Archives/edgar/data/2073515/000149315226042241/0001493152-26-042241-index.htm,EX-99.1,EX-99.1,https://www.sec.gov/Archives/edgar/data/2073515/000149315226042241/ex99-1.htm,False,
OPINL,2026-09-10 00:00:00,https://www.sec.gov/Archives/edgar/data/1456772/000110465926106769/0001104659-26-106769-index.htm,8-K,FORM 8-K,https://www.sec.gov/Archives/edgar/data/1456772/000110465926106769/tm2625217d1_8k.htm,True,
OPINL,2026-09-10 00:00:00,https://www.sec.gov/Archives/edgar/data/1456772/000110465926106769/0001104659-26-106769-index.htm,EX-99.1,EXHIBIT 99.1,https://www.sec.gov/Archives/edgar/data/1456772/000110465926106769/tm2625217d1_ex99-1.htm,True,
OPI,2026-09-10 00:00:00,https://www.sec.gov/Archives/edgar/data/1456772/000110465926106769/0001104659-26-106769-index.htm,8-K,FORM 8-K,https://www.sec.gov/Archives/edgar/data/1456772/000110465926106769/tm2625217d1_8k.htm,True,
OPI,2026-09-10 00:00:00,https://www.sec.gov/Archives/edgar/data/1456772/000110465926106769/0001104659-26-106769-index.htm,EX-99.1,EXHIBIT 99.1,https://www.sec.gov/Archives/edgar/data/1456772/000110465926106769/tm2625217d1_ex99-1.htm,True,
OPITS,2026-09-10 00:00:00,https://www.sec.gov/Archives/edgar/data/1456772/000110465926106769/0001104659-26-106769-index.htm,8-K,FORM 8-K,https://www.sec.gov/Archives/edgar/data/1456772/000110465926106769/tm2625217d1_8k.htm,True,
OPITS,2026-09-10 00:00:00,https://www.sec.gov/Archives/edgar/data/1456772/000110465926106769/0001104659-26-106769-index.htm,EX-99.1,EXHIBIT 99.1,https://www.sec.gov/Archives/edgar/data/1456772/000110465926106769/tm2625217d1_ex99-1.htm,True,
ACVA,2026-09-10 00:00:00,https://www.sec.gov/Archives/edgar/data/1637873/000095010326013780/0000950103-26-013780-index.htm,8-K,FORM 8-K,https://www.sec.gov/Archives/edgar/data/1637873/000095010326013780/dp253207_8k.htm,True,
ACVA,2026-09-10 00:00:00,https://www.sec.gov/Archives/edgar/data/1637873/000095010326013780/0000950103-26-013780-index.htm,EX-10.1,EXHIBIT 10.1,https://www.sec.gov/Archives/edgar/data/1637873/000095010326013780/dp253207_ex1001.htm,False,
ACVA,2026-09-10 00:00:00,https://www.sec.gov/Archives/edgar/data/1637873/000095010326013780/0000950103-26-013780-index.htm,EX-99.1,EXHIBIT 99.1,https://www.sec.gov/Archives/edgar/data/1637873/000095010326013780/dp253207_ex9901.htm,False,
CPRT,2026-09-10 00:00:00,https://www.sec.gov/Archives/edgar/data/900075/000119312526388064/0001193125-26-388064-index.htm,8-K,8-K,https://www.sec.gov/Archives/edgar/data/900075/000119312526388064/d138322d8k.htm,True,
CPRT,2026-09-10 00:00:00,https://www.sec.gov/Archives/edgar/data/900075/000119312526388064/0001193125-26-388064-index.htm,EX-10.1,EX-10.1,https://www.sec.gov/Archives/edgar/data/900075/000119312526388064/d138322dex101.htm,False,
CPRT,2026-09-10 00:00:00,https://www.sec.gov/Archives/edgar/data/900075/000119312526388064/0001193125-26-388064-index.htm,EX-99.1,EX-99.1,https://www.sec.gov/Archives/edgar/data/900075/000119312526388064/d138322dex991.htm,False,
CMCT,2026-09-10 00:00:00,https://www.sec.gov/Archives/edgar/data/908311/000090831126000106/0000908311-26-000106-index.htm,8-K,8-K,https://www.sec.gov/Archives/edgar/data/908311/000090831126000106/cmct-20260909.htm,False,
CMCTP,2026-09-10 00:00:00,https://www.sec.gov/Archives/edgar/data/908311/000090831126000106/0000908311-26-000106-index.htm,8-K,8-K,https://www.sec.gov/Archives/edgar/data/908311/000090831126000106/cmct-20260909.htm,False,
None,2026-09-10 00:00:00,https://www.sec.gov/Archives/edgar/data/1425355/000114036126036203/0001140361-26-036203-index.htm,8-K,8-K,https://www.sec.gov/Archives/edgar/data/1425355/000114036126036203/ef20081865_8k.htm,False,
None,2026-09-10 00:00:00,https://www.sec.gov/Archives/edgar/data/1425355/000114036126036203/0001140361-26-036203-index.htm,EX-99.1,EXHIBIT 99.1,https://www.sec.gov/Archives/edgar/data/1425355/000114036126036203/ef20081865_ex99-1.htm,False,
KMTS,2026-09-10 00:00:00,https://www.sec.gov/Archives/edgar/data/1877184/000119312526388057/0001193125-26-388057-index.htm,8-K,8-K,https://www.sec.gov/Archives/edgar/data/1877184/000119312526388057/ck0001877184-20260909.htm,False,
CFVIW,2026-09-10 00:00:00,https://www.sec.gov/Archives/edgar/data/1830081/000121390026098854/0001213900-26-098854-index.htm,8-K,CURRENT REPORT,https://www.sec.gov/Archives/edgar/data/1830081/000121390026098854/ea0305158-8k_rum.htm,False,
CFVIW,2026-09-10 00:00:00,https://www.sec.gov/Archives/edgar/data/1830081/000121390026098854/0001213900-26-098854-index.htm,EX-99.1,"PRESS RELEASE OF RUM GROUP INC. DATED SEPTEMBER 10, 2026",https://www.sec.gov/Archives/edgar/data/1830081/000121390026098854/ea030515801ex99-1.htm,False,
CFVIU,2026-09-10 00:00:00,https://www.sec.gov/Archives/edgar/data/1830081/000121390026098854/0001213900-26-098854-index.htm,8-K,CURRENT REPORT,https://www.sec.gov/Archives/edgar/data/1830081/000121390026098854/ea0305158-8k_rum.htm,False,
CFVIU,2026-09-10 00:00:00,https://www.sec.gov/Archives/edgar/data/1830081/000121390026098854/0001213900-26-098854-index.htm,EX-99.1,"PRESS RELEASE OF RUM GROUP INC. DATED SEPTEMBER 10, 2026",https://www.sec.gov/Archives/edgar/data/1830081/000121390026098854/ea030515801ex99-1.htm,False,
CFVI,2026-09-10 00:00:00,https://www.sec.gov/Archives/edgar/data/1830081/000121390026098854/0001213900-26-098854-index.htm,8-K,CURRENT REPORT,https://www.sec.gov/Archives/edgar/data/1830081/000121390026098854/ea0305158-8k_rum.htm,False,
CFVI,2026-09-10 00:00:00,https://www.sec.gov/Archives/edgar/data/1830081/000121390026098854/0001213900-26-098854-index.htm,EX-99.1,"PRESS RELEASE OF RUM GROUP INC. DATED SEPTEMBER 10, 2026",https://www.sec.gov/Archives/edgar/data/1830081/000121390026098854/ea030515801ex99-1.htm,False,
RUM,2026-09-10 00:00:00,https://www.sec.gov/Archives/edgar/data/1830081/000121390026098854/0001213900-26-098854-index.htm,8-K,CURRENT REPORT,https://www.sec.gov/Archives/edgar/data/1830081/000121390026098854/ea0305158-8k_rum.htm,False,
RUM,2026-09-10 00:00:00,https://www.sec.gov/Archives/edgar/data/1830081/000121390026098854/0001213900-26-098854-index.htm,EX-99.1,"PRESS RELEASE OF RUM GROUP INC. DATED SEPTEMBER 10, 2026",https://www.sec.gov/Archives/edgar/data/1830081/000121390026098854/ea030515801ex99-1.htm,False,
RUMBW,2026-09-10 00:00:00,https://www.sec.gov/Archives/edgar/data/1830081/000121390026098854/0001213900-26-098854-index.htm,8-K,CURRENT REPORT,https://www.sec.gov/Archives/edgar/data/1830081/000121390026098854/ea0305158-8k_rum.htm,False,
RUMBW,2026-09-10 00:00:00,https://www.sec.gov/Archives/edgar/data/1830081/000121390026098854/0001213900-26-098854-index.htm,EX-99.1,"PRESS RELEASE OF RUM GROUP INC. DATED SEPTEMBER 10, 2026",https://www.sec.gov/Archives/edgar/data/1830081/000121390026098854/ea030515801ex99-1.htm,False,
TTMI,2026-09-10 00:00:00,https://www.sec.gov/Archives/edgar/data/1116942/000119312526388039/0001193125-26-388039-index.htm,8-K,8-K,https://www.sec.gov/Archives/edgar/data/1116942/000119312526388039/d113135d8k.htm,True,
TTMI,2026-09-10 00:00:00,https://www.sec.gov/Archives/edgar/data/1116942/000119312526388039/0001193125-26-388039-index.htm,EX-99.1,EX-99.1,https://www.sec.gov/Archives/edgar/data/1116942/000119312526388039/d113135dex991.htm,True,
None,2026-09-10 00:00:00,https://www.sec.gov/Archives/edgar/data/2020737/000149315226042225/0001493152-26-042225-index.htm,8-K,8-K,https://www.sec.gov/Archives/edgar/data/2020737/000149315226042225/form8-k.htm,True,
GREE,2026-09-10 00:00:00,https://www.sec.gov/Archives/edgar/data/1844971/000119380526001214/0001193805-26-001214-index.htm,8-K,,https://www.sec.gov/Archives/edgar/data/1844971/000119380526001214/e665775_8k-vulcan.htm,True,
GREE,2026-09-10 00:00:00,https://www.sec.gov/Archives/edgar/data/1844971/000119380526001214/0001193805-26-001214-index.htm,EX-99.1,,https://www.sec.gov/Archives/edgar/data/1844971/000119380526001214/e665775_ex99-1.htm,False,
GREEL,2026-09-10 00:00:00,https://www.sec.gov/Archives/edgar/data/1844971/000119380526001214/0001193805-26-001214-index.htm,8-K,,https://www.sec.gov/Archives/edgar/data/1844971/000119380526001214/e665775_8k-vulcan.htm,True,
GREEL,2026-09-10 00:00:00,https://www.sec.gov/Archives/edgar/data/1844971/000119380526001214/0001193805-26-001214-index.htm,EX-99.1,,https://www.sec.gov/Archives/edgar/data/1844971/000119380526001214/e665775_ex99-1.htm,False,
ARPO,2026-09-10 00:00:00,https://www.sec.gov/Archives/edgar/data/1422142/000119312526388010/0001193125-26-388010-index.htm,8-K,8-K,https://www.sec.gov/Archives/edgar/data/1422142/000119312526388010/d160342d8k.htm,False,
ARPO,2026-09-10 00:00:00,https://www.sec.gov/Archives/edgar/data/1422142/000119312526388010/0001193125-26-388010-index.htm,EX-99.1,EX-99.1,https://www.sec.gov/Archives/edgar/data/1422142/000119312526388010/d160342dex991.htm,False,
AADI,2026-09-10 00:00:00,https://www.sec.gov/Archives/edgar/data/1422142/000119312526388010/0001193125-26-388010-index.htm,8-K,8-K,https://www.sec.gov/Archives/edgar/data/1422142/000119312526388010/d160342d8k.htm,False,
AADI,2026-09-10 00:00:00,https://www.sec.gov/Archives/edgar/data/1422142/000119312526388010/0001193125-26-388010-index.htm,EX-99.1,EX-99.1,https://www.sec.gov/Archives/edgar/data/1422142/000119312526388010/d160342dex991.htm,False,
FSBC,2026-09-10 00:00:00,https://www.sec.gov/Archives/edgar/data/1275168/000162828026061397/0001628280-26-061397-index.htm,8-K,8-K,https://www.sec.gov/Archives/edgar/data/1275168/000162828026061397/fsbc-20260904.htm,False,
ISPC,2026-09-10 00:00:00,https://www.sec.gov/Archives/edgar/data/1558569/000121390026098847/0001213900-26-098847-index.htm,8-K,CURRENT REPORT,https://www.sec.gov/Archives/edgar/data/1558569/000121390026098847/ea0305069-8k_ispecimen.htm,False,
AMRC,2026-09-10 00:00:00,https://www.sec.gov/Archives/edgar/data/1488139/000162828026061392/0001628280-26-061392-index.htm,8-K,8-K,https://www.sec.gov/Archives/edgar/data/1488139/000162828026061392/amrc-20260908.htm,False,
PSA-PF,2026-09-10 00:00:00,https://www.sec.gov/Archives/edgar/data/1393311/000119312526387986/0001193125-26-387986-index.htm,8-K,8-K,https://www.sec.gov/Archives/edgar/data/1393311/000119312526387986/d117471d8k.htm,True,
PSA-PJ,2026-09-10 00:00:00,https://www.sec.gov/Archives/edgar/data/1393311/000119312526387986/0001193125-26-387986-index.htm,8-K,8-K,https://www.sec.gov/Archives/edgar/data/1393311/000119312526387986/d117471d8k.htm,True,
PSA-PH,2026-09-10 00:00:00,https://www.sec.gov/Archives/edgar/data/1393311/000119312526387986/0001193125-26-387986-index.htm,8-K,8-K,https://www.sec.gov/Archives/edgar/data/1393311/000119312526387986/d117471d8k.htm,True,
PSA-PO,2026-09-10 00:00:00,https://www.sec.gov/Archives/edgar/data/1393311/000119312526387986/0001193125-26-387986-index.htm,8-K,8-K,https://www.sec.gov/Archives/edgar/data/1393311/000119312526387986/d117471d8k.htm,True,
PSA-PI,2026-09-10 00:00:00,https://www.sec.gov/Archives/edgar/data/1393311/000119312526387986/0001193125-26-387986-index.htm,8-K,8-K,https://www.sec.gov/Archives/edgar/data/1393311/000119312526387986/d117471d8k.htm,True,
PSA-PP,2026-09-10 00:00:00,https://www.sec.gov/Archives/edgar/data/1393311/000119312526387986/0001193125-26-387986-index.htm,8-K,8-K,https://www.sec.gov/Archives/edgar/data/1393311/000119312526387986/d117471d8k.htm,True,
PSA-PG,2026-09-10 00:00:00,https://www.sec.gov/Archives/edgar/data/1393311/000119312526387986/0001193125-26-387986-index.htm,8-K,8-K,https://www.sec.gov/Archives/edgar/data/1393311/000119312526387986/d117471d8k.htm,True,
PSA-PL,2026-09-10 00:00:00,https://www.sec.gov/Archives/edgar/data/1393311/000119312526387986/0001193125-26-387986-index.htm,8-K,8-K,https://www.sec.gov/Archives/edgar/data/1393311/000119312526387986/d117471d8k.htm,True,
PSA-PQ,2026-09-10 00:00:00,https://www.sec.gov/Archives/edgar/data/1393311/000119312526387986/0001193125-26-387986-index.htm,8-K,8-K,https://www.sec.gov/Archives/edgar/data/1393311/000119312526387986/d117471d8k.htm,True,
PSA-PR,2026-09-10 00:00:00,https://www.sec.gov/Archives/edgar/data/1393311/000119312526387986/0001193125-26-387986-index.htm,8-K,8-K,https://www.sec.gov/Archives/edgar/data/1393311/000119312526387986/d117471d8k.htm,True,
PSA-PS,2026-09-10 00:00:00,https://www.sec.gov/Archives/edgar/data/1393311/000119312526387986/0001193125-26-387986-index.htm,8-K,8-K,https://www.sec.gov/Archives/edgar/data/1393311/000119312526387986/d117471d8k.htm,True,
PSA-PM,2026-09-10 00:00:00,https://www.sec.gov/Archives/edgar/data/1393311/000119312526387986/0001193125-26-387986-index.htm,8-K,8-K,https://www.sec.gov/Archives/edgar/data/1393311/000119312526387986/d117471d8k.htm,True,
PSA,2026-09-10 00:00:00,https://www.sec.gov/Archives/edgar/data/1393311/000119312526387986/0001193125-26-387986-index.htm,8-K,8-K,https://www.sec.gov/Archives/edgar/data/1393311/000119312526387986/d117471d8k.htm,True,
PSA-PK,2026-09-10 00:00:00,https://www.sec.gov/Archives/edgar/data/1393311/000119312526387986/0001193125-26-387986-index.htm,8-K,8-K,https://www.sec.gov/Archives/edgar/data/1393311/000119312526387986/d117471d8k.htm,True,
PSA-PN,2026-09-10 00:00:00,https://www.sec.gov/Archives/edgar/data/1393311/000119312526387986/0001193125-26-387986-index.htm,8-K,8-K,https://www.sec.gov/Archives/edgar/data/1393311/000119312526387986/d117471d8k.htm,True,
MVEN,2026-09-10 00:00:00,https://www.sec.gov/Archives/edgar/data/894871/000149315226042207/0001493152-26-042207-index.htm,8-K,8-K,https://www.sec.gov/Archives/edgar/data/894871/000149315226042207/form8-k.htm,False,
MVEN,2026-09-10 00:00:00,https://www.sec.gov/Archives/edgar/data/894871/000149315226042207/0001493152-26-042207-index.htm,EX-99.1,EX-99.1,https://www.sec.gov/Archives/edgar/data/894871/000149315226042207/ex99-1.htm,False,
AREN,2026-09-10 00:00:00,https://www.sec.gov/Archives/edgar/data/894871/000149315226042207/0001493152-26-042207-index.htm,8-K,8-K,https://www.sec.gov/Archives/edgar/data/894871/000149315226042207/form8-k.htm,False,
AREN,2026-09-10 00:00:00,https://www.sec.gov/Archives/edgar/data/894871/000149315226042207/0001493152-26-042207-index.htm,EX-99.1,EX-99.1,https://www.sec.gov/Archives/edgar/data/894871/000149315226042207/ex99-1.htm,False,
RH,2026-09-10 00:00:00,https://www.sec.gov/Archives/edgar/data/1528849/000110465926106743/0001104659-26-106743-index.htm,8-K,8-K,https://www.sec.gov/Archives/edgar/data/1528849/000110465926106743/rh-20260910x8k.htm,False,
RH,2026-09-10 00:00:00,https://www.sec.gov/Archives/edgar/data/1528849/000110465926106743/0001104659-26-106743-index.htm,EX-99.1,EX-99.1,https://www.sec.gov/Archives/edgar/data/1528849/000110465926106743/rh-20260910xex99d1.htm,False,
HLNE,2026-09-10 00:00:00,https://www.sec.gov/Archives/edgar/data/1433642/000143364226000045/0001433642-26-000045-index.htm,8-K,8-K,https://www.sec.gov/Archives/edgar/data/1433642/000143364226000045/hlne-20260910.htm,False,
LH,2026-09-10 00:00:00,https://www.sec.gov/Archives/edgar/data/920148/000092014826000201/0000920148-26-000201-index.htm,8-K,8-K,https://www.sec.gov/Archives/edgar/data/920148/000092014826000201/lh-20260910.htm,False,
LH,2026-09-10 00:00:00,https://www.sec.gov/Archives/edgar/data/920148/000092014826000201/0000920148-26-000201-index.htm,EX-99.1,EX-99.1,https://www.sec.gov/Archives/edgar/data/920148/000092014826000201/formpr091026ex991investord.htm,False,
CSBR,2026-09-10 00:00:00,https://www.sec.gov/Archives/edgar/data/771856/000162828026061383/0001628280-26-061383-index.htm,8-K,8-K,https://www.sec.gov/Archives/edgar/data/771856/000162828026061383/csbr-20260910.htm,False,
CSBR,2026-09-10 00:00:00,https://www.sec.gov/Archives/edgar/data/771856/000162828026061383/0001628280-26-061383-index.htm,EX-99.1,EX-99.1,https://www.sec.gov/Archives/edgar/data/771856/000162828026061383/csbr8-k7312026exhibit991xq1.htm,False,
None,2026-09-10 00:00:00,https://www.sec.gov/Archives/edgar/data/1913724/000191372426000028/0001913724-26-000028-index.htm,8-K,8-K,https://www.sec.gov/Archives/edgar/data/1913724/000191372426000028/agci-20260910.htm,True,
KAI,2026-09-10 00:00:00,https://www.sec.gov/Archives/edgar/data/886346/000088634626000055/0000886346-26-000055-index.htm,8-K,KAI FORM 8-K 9-10-2026 CEO SUCCESSION PLAN,https://www.sec.gov/Archives/edgar/data/886346/000088634626000055/kai-20260910.htm,True,
TMDX,2026-09-10 00:00:00,https://www.sec.gov/Archives/edgar/data/1756262/000119312526387960/0001193125-26-387960-index.htm,8-K,8-K,https://www.sec.gov/Archives/edgar/data/1756262/000119312526387960/d116447d8k.htm,False,
TMDX,2026-09-10 00:00:00,https://www.sec.gov/Archives/edgar/data/1756262/000119312526387960/0001193125-26-387960-index.htm,EX-99.1,EX-99.1,https://www.sec.gov/Archives/edgar/data/1756262/000119312526387960/d116447dex991.htm,True,
DELL,2026-09-10 00:00:00,https://www.sec.gov/Archives/edgar/data/1571996/000119312526387958/0001193125-26-387958-index.htm,8-K,8-K,https://www.sec.gov/Archives/edgar/data/1571996/000119312526387958/d150030d8k.htm,False,
QBTS-WT,2026-09-10 00:00:00,https://www.sec.gov/Archives/edgar/data/1907982/000190798226000146/0001907982-26-000146-index.htm,8-K,8-K,https://www.sec.gov/Archives/edgar/data/1907982/000190798226000146/qbts-20260910.htm,False,
QBTS,2026-09-10 00:00:00,https://www.sec.gov/Archives/edgar/data/1907982/000190798226000146/0001907982-26-000146-index.htm,8-K,8-K,https://www.sec.gov/Archives/edgar/data/1907982/000190798226000146/qbts-20260910.htm,False,
AIM,2026-09-10 00:00:00,https://www.sec.gov/Archives/edgar/data/946644/000149315226042196/0001493152-26-042196-index.htm,8-K,8-K,https://www.sec.gov/Archives/edgar/data/946644/000149315226042196/form8-k.htm,True,
AIM,2026-09-10 00:00:00,https://www.sec.gov/Archives/edgar/data/946644/000149315226042196/0001493152-26-042196-index.htm,EX-10.1,EX-10.1,https://www.sec.gov/Archives/edgar/data/946644/000149315226042196/ex10-1.htm,False,
GOVXW,2026-09-10 00:00:00,https://www.sec.gov/Archives/edgar/data/832489/000143774926030085/0001437749-26-030085-index.htm,8-K,FORM 8-K,https://www.sec.gov/Archives/edgar/data/832489/000143774926030085/govx20260909_8k.htm,False,
GOVXW,2026-09-10 00:00:00,https://www.sec.gov/Archives/edgar/data/832489/000143774926030085/0001437749-26-030085-index.htm,EX-99.1,EXHIBIT 99.1,https://www.sec.gov/Archives/edgar/data/832489/000143774926030085/ex_1014466.htm,False,
GOVX,2026-09-10 00:00:00,https://www.sec.gov/Archives/edgar/data/832489/000143774926030085/0001437749-26-030085-index.htm,8-K,FORM 8-K,https://www.sec.gov/Archives/edgar/data/832489/000143774926030085/govx20260909_8k.htm,False,
GOVX,2026-09-10 00:00:00,https://www.sec.gov/Archives/edgar/data/832489/000143774926030085/0001437749-26-030085-index.htm,EX-99.1,EXHIBIT 99.1,https://www.sec.gov/Archives/edgar/data/832489/000143774926030085/ex_1014466.htm,False,
GLXZ,2026-09-10 00:00:00,https://www.sec.gov/Archives/edgar/data/13156/000119312526387944/0001193125-26-387944-index.htm,8-K,8-K,https://www.sec.gov/Archives/edgar/data/13156/000119312526387944/glxz-20260908.htm,True,
GLXZ,2026-09-10 00:00:00,https://www.sec.gov/Archives/edgar/data/13156/000119312526387944/0001193125-26-387944-index.htm,EX-10.1,EX-10.1,https://www.sec.gov/Archives/edgar/data/13156/000119312526387944/glxz-ex10_1.htm,False,
FTV-PA,2026-09-10 00:00:00,https://www.sec.gov/Archives/edgar/data/1659166/000110465926106735/0001104659-26-106735-index.htm,8-K,FORM 8-K,https://www.sec.gov/Archives/edgar/data/1659166/000110465926106735/tm2624879d1_8k.htm,False,
FTV,2026-09-10 00:00:00,https://www.sec.gov/Archives/edgar/data/1659166/000110465926106735/0001104659-26-106735-index.htm,8-K,FORM 8-K,https://www.sec.gov/Archives/edgar/data/1659166/000110465926106735/tm2624879d1_8k.htm,False,
None,2026-09-10 00:00:00,https://www.sec.gov/Archives/edgar/data/1109448/000110944826000278/0001109448-26-000278-index.htm,8-K,8-K ALLIANCEBERNSTEIN L.P.,https://www.sec.gov/Archives/edgar/data/1109448/000110944826000278/ab-20260910.htm,False,
KIDZW,2026-09-10 00:00:00,https://www.sec.gov/Archives/edgar/data/2022308/000147793226005517/0001477932-26-005517-index.htm,8-K,FORM 8-K,https://www.sec.gov/Archives/edgar/data/2022308/000147793226005517/kidz_8k.htm,False,
KIDZ,2026-09-10 00:00:00,https://www.sec.gov/Archives/edgar/data/2022308/000147793226005517/0001477932-26-005517-index.htm,8-K,FORM 8-K,https://www.sec.gov/Archives/edgar/data/2022308/000147793226005517/kidz_8k.htm,False,
BSVN,2026-09-10 00:00:00,https://www.sec.gov/Archives/edgar/data/1746129/000114036126036192/0001140361-26-036192-index.htm,8-K,8-K,https://www.sec.gov/Archives/edgar/data/1746129/000114036126036192/ef20081805_8k.htm,True,
CVV,2026-09-10 00:00:00,https://www.sec.gov/Archives/edgar/data/766792/000149315226042189/0001493152-26-042189-index.htm,8-K,8-K,https://www.sec.gov/Archives/edgar/data/766792/000149315226042189/form8-k.htm,False,
CVV,2026-09-10 00:00:00,https://www.sec.gov/Archives/edgar/data/766792/000149315226042189/0001493152-26-042189-index.htm,EX-99.1,EX-99.1,https://www.sec.gov/Archives/edgar/data/766792/000149315226042189/ex99-1.htm,False,
CNXU,2026-09-10 00:00:00,https://www.sec.gov/Archives/edgar/data/2066836/000106299326004891/0001062993-26-004891-index.htm,8-K,FORM 8-K,https://www.sec.gov/Archives/edgar/data/2066836/000106299326004891/form8k.htm,False,
FGBI,2026-09-10 00:00:00,https://www.sec.gov/Archives/edgar/data/1408534/000140853426000074/0001408534-26-000074-index.htm,8-K,8-K COMMON DIVIDEND DECLARATION,https://www.sec.gov/Archives/edgar/data/1408534/000140853426000074/fgbi-20260910.htm,False,
FGBIP,2026-09-10 00:00:00,https://www.sec.gov/Archives/edgar/data/1408534/000140853426000074/0001408534-26-000074-index.htm,8-K,8-K COMMON DIVIDEND DECLARATION,https://www.sec.gov/Archives/edgar/data/1408534/000140853426000074/fgbi-20260910.htm,False,
HTIA,2026-09-10 00:00:00,https://www.sec.gov/Archives/edgar/data/1561032/000156103226000058/0001561032-26-000058-index.htm,8-K,8-K,https://www.sec.gov/Archives/edgar/data/1561032/000156103226000058/hct-20260910.htm,False,
HLTC,2026-09-10 00:00:00,https://www.sec.gov/Archives/edgar/data/1561032/000156103226000058/0001561032-26-000058-index.htm,8-K,8-K,https://www.sec.gov/Archives/edgar/data/1561032/000156103226000058/hct-20260910.htm,False,
HTIBP,2026-09-10 00:00:00,https://www.sec.gov/Archives/edgar/data/1561032/000156103226000058/0001561032-26-000058-index.htm,8-K,8-K,https://www.sec.gov/Archives/edgar/data/1561032/000156103226000058/hct-20260910.htm,False,
ZDGE,2026-09-10 00:00:00,https://www.sec.gov/Archives/edgar/data/1667313/000121390026098816/0001213900-26-098816-index.htm,8-K,CURRENT REPORT,https://www.sec.gov/Archives/edgar/data/1667313/000121390026098816/ea0305098-8k_zedge.htm,True,
ZDGE,2026-09-10 00:00:00,https://www.sec.gov/Archives/edgar/data/1667313/000121390026098816/0001213900-26-098816-index.htm,EX-10.1,"SECURITIES PURCHASE AGREEMENT BY AND AMONG ZEDGE, INC. AND THE PURCHASERS PARTY",https://www.sec.gov/Archives/edgar/data/1667313/000121390026098816/ea030509801ex10-1.htm,False,
CNDT,2026-09-10 00:00:00,https://www.sec.gov/Archives/edgar/data/1677703/000167770326000113/0001677703-26-000113-index.htm,8-K,8-K,https://www.sec.gov/Archives/edgar/data/1677703/000167770326000113/cndt-20260910.htm,False,
WMB,2026-09-10 00:00:00,https://www.sec.gov/Archives/edgar/data/107263/000119312526387930/0001193125-26-387930-index.htm,8-K,8-K,https://www.sec.gov/Archives/edgar/data/107263/000119312526387930/d116217d8k.htm,True,
AB,2026-09-10 00:00:00,https://www.sec.gov/Archives/edgar/data/825313/000082531326000057/0000825313-26-000057-index.htm,8-K,8-K ALLIANCEBERNSTEIN HOLDING L.P.,https://www.sec.gov/Archives/edgar/data/825313/000082531326000057/ab-20260910.htm,False,
IBEX,2026-09-10 00:00:00,https://www.sec.gov/Archives/edgar/data/1720420/000172042026000024/0001720420-26-000024-index.htm,8-K,8-K,https://www.sec.gov/Archives/edgar/data/1720420/000172042026000024/ibex-20260908.htm,True,
IBEX,2026-09-10 00:00:00,https://www.sec.gov/Archives/edgar/data/1720420/000172042026000024/0001720420-26-000024-index.htm,EX-10.1,EX-10.1,https://www.sec.gov/Archives/edgar/data/1720420/000172042026000024/exhibit101amendmentno1tocr.htm,True,
IBEX,2026-09-10 00:00:00,https://www.sec.gov/Archives/edgar/data/1720420/000172042026000024/0001720420-26-000024-index.htm,EX-99.1,EX-99.1,https://www.sec.gov/Archives/edgar/data/1720420/000172042026000024/ibex-20260910erxexx991.htm,False,
VICR,2026-09-10 00:00:00,https://www.sec.gov/Archives/edgar/data/751978/000119312526387927/0001193125-26-387927-index.htm,8-K,8-K,https://www.sec.gov/Archives/edgar/data/751978/000119312526387927/d539177d8k.htm,False,
REBN,2026-09-10 00:00:00,https://www.sec.gov/Archives/edgar/data/1707910/000121390026098812/0001213900-26-098812-index.htm,8-K,CURRENT REPORT,https://www.sec.gov/Archives/edgar/data/1707910/000121390026098812/ea0304925-8k_reborn.htm,False,
APAM,2026-09-10 00:00:00,https://www.sec.gov/Archives/edgar/data/1517302/000151730226000120/0001517302-26-000120-index.htm,8-K,8-K,https://www.sec.gov/Archives/edgar/data/1517302/000151730226000120/apam-20260910.htm,False,
APAM,2026-09-10 00:00:00,https://www.sec.gov/Archives/edgar/data/1517302/000151730226000120/0001517302-26-000120-index.htm,EX-99.1,"PRESS RELEASE OF ARTISAN PARTNERS ASSET MANAGEMENT INC. DATED SEPTEMBER 10, 2026",https://www.sec.gov/Archives/edgar/data/1517302/000151730226000120/august_08x2026xaumxrelease.htm,False,
MOD,2026-09-10 00:00:00,https://www.sec.gov/Archives/edgar/data/67347/000110465926106727/0001104659-26-106727-index.htm,8-K,FORM 8-K,https://www.sec.gov/Archives/edgar/data/67347/000110465926106727/tm2625001d1_8k.htm,False,
MOD,2026-09-10 00:00:00,https://www.sec.gov/Archives/edgar/data/67347/000110465926106727/0001104659-26-106727-index.htm,EX-99.1,EXHIBIT 99.1,https://www.sec.gov/Archives/edgar/data/67347/000110465926106727/tm2625001d1_ex99-1.htm,False,
None,2026-09-10 00:00:00,https://www.sec.gov/Archives/edgar/data/2089661/000208966126000063/0002089661-26-000063-index.htm,8-K,8-K,https://www.sec.gov/Archives/edgar/data/2089661/000208966126000063/sunc-20260903.htm,False,
None,2026-09-10 00:00:00,https://www.sec.gov/Archives/edgar/data/2089661/000208966126000063/0002089661-26-000063-index.htm,EX-99.1,EX-99.1,https://www.sec.gov/Archives/edgar/data/2089661/000208966126000063/ex991sunandsuncdelistnysel.htm,False,
NKE,2026-09-10 00:00:00,https://www.sec.gov/Archives/edgar/data/320187/000032018726000143/0000320187-26-000143-index.htm,8-K,8-K,https://www.sec.gov/Archives/edgar/data/320187/000032018726000143/nke-20260908.htm,False,
NKE,2026-09-10 00:00:00,https://www.sec.gov/Archives/edgar/data/320187/000032018726000143/0000320187-26-000143-index.htm,EX-10.1,EX-10.1,https://www.sec.gov/Archives/edgar/data/320187/000032018726000143/nikeemployeestockpurchasep.htm,False,
SGA,2026-09-10 00:00:00,https://www.sec.gov/Archives/edgar/data/886136/000110465926106725/0001104659-26-106725-index.htm,8-K,8-K,https://www.sec.gov/Archives/edgar/data/886136/000110465926106725/sga-20260910x8k.htm,False,
SGA,2026-09-10 00:00:00,https://www.sec.gov/Archives/edgar/data/886136/000110465926106725/0001104659-26-106725-index.htm,EX-99.1,EX-99.1,https://www.sec.gov/Archives/edgar/data/886136/000110465926106725/sga-20260910xex99d1.htm,False,
LCII,2026-09-10 00:00:00,https://www.sec.gov/Archives/edgar/data/763744/000076374426000084/0000763744-26-000084-index.htm,8-K,8-K,https://www.sec.gov/Archives/edgar/data/763744/000076374426000084/lcii-20260904.htm,False,
PATK,2026-09-10 00:00:00,https://www.sec.gov/Archives/edgar/data/76605/000007660526000084/0000076605-26-000084-index.htm,8-K,8-K,https://www.sec.gov/Archives/edgar/data/76605/000007660526000084/patk-20260904.htm,False,
INBKZ,2026-09-10 00:00:00,https://www.sec.gov/Archives/edgar/data/1562463/000156246326000092/0001562463-26-000092-index.htm,8-K,8-K,https://www.sec.gov/Archives/edgar/data/1562463/000156246326000092/inbk-20260910.htm,True,
INBKZ,2026-09-10 00:00:00,https://www.sec.gov/Archives/edgar/data/1562463/000156246326000092/0001562463-26-000092-index.htm,EX-10.1,EX-10.1,https://www.sec.gov/Archives/edgar/data/1562463/000156246326000092/exhibit101-notepurchaseagr.htm,True,
INBKZ,2026-09-10 00:00:00,https://www.sec.gov/Archives/edgar/data/1562463/000156246326000092/0001562463-26-000092-index.htm,EX-10.2,EX-10.2,https://www.sec.gov/Archives/edgar/data/1562463/000156246326000092/exhibit102-registrationrig.htm,False,
INBKZ,2026-09-10 00:00:00,https://www.sec.gov/Archives/edgar/data/1562463/000156246326000092/0001562463-26-000092-index.htm,EX-99.1,EX-99.1,https://www.sec.gov/Archives/edgar/data/1562463/000156246326000092/inbk3q2026sub-debtpressrel.htm,False,
INBK,2026-09-10 00:00:00,https://www.sec.gov/Archives/edgar/data/1562463/000156246326000092/0001562463-26-000092-index.htm,8-K,8-K,https://www.sec.gov/Archives/edgar/data/1562463/000156246326000092/inbk-20260910.htm,True,
INBK,2026-09-10 00:00:00,https://www.sec.gov/Archives/edgar/data/1562463/000156246326000092/0001562463-26-000092-index.htm,EX-10.1,EX-10.1,https://www.sec.gov/Archives/edgar/data/1562463/000156246326000092/exhibit101-notepurchaseagr.htm,True,
INBK,2026-09-10 00:00:00,https://www.sec.gov/Archives/edgar/data/1562463/000156246326000092/0001562463-26-000092-index.htm,EX-10.2,EX-10.2,https://www.sec.gov/Archives/edgar/data/1562463/000156246326000092/exhibit102-registrationrig.htm,False,
INBK,2026-09-10 00:00:00,https://www.sec.gov/Archives/edgar/data/1562463/000156246326000092/0001562463-26-000092-index.htm,EX-99.1,EX-99.1,https://www.sec.gov/Archives/edgar/data/1562463/000156246326000092/inbk3q2026sub-debtpressrel.htm,False,
INBKL,2026-09-10 00:00:00,https://www.sec.gov/Archives/edgar/data/1562463/000156246326000092/0001562463-26-000092-index.htm,8-K,8-K,https://www.sec.gov/Archives/edgar/data/1562463/000156246326000092/inbk-20260910.htm,True,
INBKL,2026-09-10 00:00:00,https://www.sec.gov/Archives/edgar/data/1562463/000156246326000092/0001562463-26-000092-index.htm,EX-10.1,EX-10.1,https://www.sec.gov/Archives/edgar/data/1562463/000156246326000092/exhibit101-notepurchaseagr.htm,True,
INBKL,2026-09-10 00:00:00,https://www.sec.gov/Archives/edgar/data/1562463/000156246326000092/0001562463-26-000092-index.htm,EX-10.2,EX-10.2,https://www.sec.gov/Archives/edgar/data/1562463/000156246326000092/exhibit102-registrationrig.htm,False,
INBKL,2026-09-10 00:00:00,https://www.sec.gov/Archives/edgar/data/1562463/000156246326000092/0001562463-26-000092-index.htm,EX-99.1,EX-99.1,https://www.sec.gov/Archives/edgar/data/1562463/000156246326000092/inbk3q2026sub-debtpressrel.htm,False,
IVZ,2026-09-10 00:00:00,https://www.sec.gov/Archives/edgar/data/914208/000091420826000350/0000914208-26-000350-index.htm,8-K,8-K,https://www.sec.gov/Archives/edgar/data/914208/000091420826000350/ivz-20260910.htm,False,
IVZ,2026-09-10 00:00:00,https://www.sec.gov/Archives/edgar/data/914208/000091420826000350/0000914208-26-000350-index.htm,EX-99.1,EX-99.1,https://www.sec.gov/Archives/edgar/data/914208/000091420826000350/ivzaumexhibit991-0826.htm,False,
SUN,2026-09-10 00:00:00,https://www.sec.gov/Archives/edgar/data/1552275/000155227526000075/0001552275-26-000075-index.htm,8-K,8-K,https://www.sec.gov/Archives/edgar/data/1552275/000155227526000075/sun-20260903.htm,False,
SUN,2026-09-10 00:00:00,https://www.sec.gov/Archives/edgar/data/1552275/000155227526000075/0001552275-26-000075-index.htm,EX-99.1,EX-99.1,https://www.sec.gov/Archives/edgar/data/1552275/000155227526000075/ex991sunandsuncdelistnysel.htm,False,
None,2026-09-10 00:00:00,https://www.sec.gov/Archives/edgar/data/205402/000020540226000043/0000205402-26-000043-index.htm,8-K,8-K,https://www.sec.gov/Archives/edgar/data/205402/000020540226000043/c402-20260910x8k.htm,False,
ORCL,2026-09-10 00:00:00,https://www.sec.gov/Archives/edgar/data/1341439/000119312526387905/0001193125-26-387905-index.htm,8-K,8-K,https://www.sec.gov/Archives/edgar/data/1341439/000119312526387905/orcl-20260910.htm,False,
ORCL,2026-09-10 00:00:00,https://www.sec.gov/Archives/edgar/data/1341439/000119312526387905/0001193125-26-387905-index.htm,EX-99.1,EX-99.1,https://www.sec.gov/Archives/edgar/data/1341439/000119312526387905/orcl-ex99_1.htm,True,
ADOM,2026-09-10 00:00:00,https://www.sec.gov/Archives/edgar/data/1563568/000143774926030077/0001437749-26-030077-index.htm,8-K,FORM 8-K,https://www.sec.gov/Archives/edgar/data/1563568/000143774926030077/adom20260910_8k.htm,False,
EVTV,2026-09-10 00:00:00,https://www.sec.gov/Archives/edgar/data/1563568/000143774926030077/0001437749-26-030077-index.htm,8-K,FORM 8-K,https://www.sec.gov/Archives/edgar/data/1563568/000143774926030077/adom20260910_8k.htm,False,
EVTVD,2026-09-10 00:00:00,https://www.sec.gov/Archives/edgar/data/1563568/000143774926030077/0001437749-26-030077-index.htm,8-K,FORM 8-K,https://www.sec.gov/Archives/edgar/data/1563568/000143774926030077/adom20260910_8k.htm,False,
None,2026-09-10 00:00:00,https://www.sec.gov/Archives/edgar/data/2053791/000119312526387903/0001193125-26-387903-index.htm,8-K,8-K,https://www.sec.gov/Archives/edgar/data/2053791/000119312526387903/bwow-20260910.htm,False,
None,2026-09-10 00:00:00,https://www.sec.gov/Archives/edgar/data/2053791/000119312526387903/0001193125-26-387903-index.htm,EX-99.1,EX-99.1,https://www.sec.gov/Archives/edgar/data/2053791/000119312526387903/bwow-ex99_1.htm,False,
DXCM,2026-09-10 00:00:00,https://www.sec.gov/Archives/edgar/data/1093557/000109355726000167/0001093557-26-000167-index.htm,8-K,8-K,https://www.sec.gov/Archives/edgar/data/1093557/000109355726000167/dxcm-20260910.htm,False,
DXCM,2026-09-10 00:00:00,https://www.sec.gov/Archives/edgar/data/1093557/000109355726000167/0001093557-26-000167-index.htm,EX-99.1,EX-99.1,https://www.sec.gov/Archives/edgar/data/1093557/000109355726000167/dxcm20260910-exhibit991.htm,False,
CPRT,2026-09-10 00:00:00,https://www.sec.gov/Archives/edgar/data/900075/000119312526387902/0001193125-26-387902-index.htm,8-K,8-K,https://www.sec.gov/Archives/edgar/data/900075/000119312526387902/cprt-20260910.htm,False,
CPRT,2026-09-10 00:00:00,https://www.sec.gov/Archives/edgar/data/900075/000119312526387902/0001193125-26-387902-index.htm,EX-99.1,EX-99.1,https://www.sec.gov/Archives/edgar/data/900075/000119312526387902/cprt-ex99_1.htm,False,
INGM,2026-09-10 00:00:00,https://www.sec.gov/Archives/edgar/data/1897762/000162828026061347/0001628280-26-061347-index.htm,8-K,8-K,https://www.sec.gov/Archives/edgar/data/1897762/000162828026061347/ingm-20260908.htm,True,
INGM,2026-09-10 00:00:00,https://www.sec.gov/Archives/edgar/data/1897762/000162828026061347/0001628280-26-061347-index.htm,EX-99.1,EX-99.1,https://www.sec.gov/Archives/edgar/data/1897762/000162828026061347/exhibit991-closing8xksept2.htm,False,
ET-PD,2026-09-10 00:00:00,https://www.sec.gov/Archives/edgar/data/1276187/000127618726000044/0001276187-26-000044-index.htm,8-K,8-K,https://www.sec.gov/Archives/edgar/data/1276187/000127618726000044/et-20260903.htm,False,
ET-PD,2026-09-10 00:00:00,https://www.sec.gov/Archives/edgar/data/1276187/000127618726000044/0001276187-26-000044-index.htm,EX-99.1,EX-99.1,https://www.sec.gov/Archives/edgar/data/1276187/000127618726000044/exhibit991-pressreleasenys.htm,False,
ET-PI,2026-09-10 00:00:00,https://www.sec.gov/Archives/edgar/data/1276187/000127618726000044/0001276187-26-000044-index.htm,8-K,8-K,https://www.sec.gov/Archives/edgar/data/1276187/000127618726000044/et-20260903.htm,False,
ET-PI,2026-09-10 00:00:00,https://www.sec.gov/Archives/edgar/data/1276187/000127618726000044/0001276187-26-000044-index.htm,EX-99.1,EX-99.1,https://www.sec.gov/Archives/edgar/data/1276187/000127618726000044/exhibit991-pressreleasenys.htm,False,
ET-PE,2026-09-10 00:00:00,https://www.sec.gov/Archives/edgar/data/1276187/000127618726000044/0001276187-26-000044-index.htm,8-K,8-K,https://www.sec.gov/Archives/edgar/data/1276187/000127618726000044/et-20260903.htm,False,
ET-PE,2026-09-10 00:00:00,https://www.sec.gov/Archives/edgar/data/1276187/000127618726000044/0001276187-26-000044-index.htm,EX-99.1,EX-99.1,https://www.sec.gov/Archives/edgar/data/1276187/000127618726000044/exhibit991-pressreleasenys.htm,False,
ET,2026-09-10 00:00:00,https://www.sec.gov/Archives/edgar/data/1276187/000127618726000044/0001276187-26-000044-index.htm,8-K,8-K,https://www.sec.gov/Archives/edgar/data/1276187/000127618726000044/et-20260903.htm,False,
ET,2026-09-10 00:00:00,https://www.sec.gov/Archives/edgar/data/1276187/000127618726000044/0001276187-26-000044-index.htm,EX-99.1,EX-99.1,https://www.sec.gov/Archives/edgar/data/1276187/000127618726000044/exhibit991-pressreleasenys.htm,False,
ET-PC,2026-09-10 00:00:00,https://www.sec.gov/Archives/edgar/data/1276187/000127618726000044/0001276187-26-000044-index.htm,8-K,8-K,https://www.sec.gov/Archives/edgar/data/1276187/000127618726000044/et-20260903.htm,False,
ET-PC,2026-09-10 00:00:00,https://www.sec.gov/Archives/edgar/data/1276187/000127618726000044/0001276187-26-000044-index.htm,EX-99.1,EX-99.1,https://www.sec.gov/Archives/edgar/data/1276187/000127618726000044/exhibit991-pressreleasenys.htm,False,
CODA,2026-09-10 00:00:00,https://www.sec.gov/Archives/edgar/data/1334325/000149315226042170/0001493152-26-042170-index.htm,8-K,8-K,https://www.sec.gov/Archives/edgar/data/1334325/000149315226042170/form8-k.htm,False,
EWAVU,2026-09-10 00:00:00,https://www.sec.gov/Archives/edgar/data/2100704/000149315226042171/0001493152-26-042171-index.htm,8-K,8-K,https://www.sec.gov/Archives/edgar/data/2100704/000149315226042171/form8-k.htm,False,
EWAV,2026-09-10 00:00:00,https://www.sec.gov/Archives/edgar/data/2100704/000149315226042171/0001493152-26-042171-index.htm,8-K,8-K,https://www.sec.gov/Archives/edgar/data/2100704/000149315226042171/form8-k.htm,False,
MTDR,2026-09-10 00:00:00,https://www.sec.gov/Archives/edgar/data/1520006/000152000626000043/0001520006-26-000043-index.htm,8-K,8-K,https://www.sec.gov/Archives/edgar/data/1520006/000152000626000043/mtdr-20260909.htm,False,
MTDR,2026-09-10 00:00:00,https://www.sec.gov/Archives/edgar/data/1520006/000152000626000043/0001520006-26-000043-index.htm,EX-10.1,EX-10.1,https://www.sec.gov/Archives/edgar/data/1520006/000152000626000043/a9926vanadvisoragreement.htm,False,
USAC,2026-09-10 00:00:00,https://www.sec.gov/Archives/edgar/data/1522727/000152272726000071/0001522727-26-000071-index.htm,8-K,8-K,https://www.sec.gov/Archives/edgar/data/1522727/000152272726000071/usac-20260903.htm,False,
USAC,2026-09-10 00:00:00,https://www.sec.gov/Archives/edgar/data/1522727/000152272726000071/0001522727-26-000071-index.htm,EX-99.1,EX-99.1,https://www.sec.gov/Archives/edgar/data/1522727/000152272726000071/ex991usacnysedelisttxselist.htm,False,
ZUMZ,2026-09-10 00:00:00,https://www.sec.gov/Archives/edgar/data/1318008/000117184326005980/0001171843-26-005980-index.htm,8-K,FORM 8-K,https://www.sec.gov/Archives/edgar/data/1318008/000117184326005980/f8k_091026.htm,False,
ZUMZ,2026-09-10 00:00:00,https://www.sec.gov/Archives/edgar/data/1318008/000117184326005980/0001171843-26-005980-index.htm,EX-99.1,PRESS RELEASE,https://www.sec.gov/Archives/edgar/data/1318008/000117184326005980/exh_991.htm,False,
NFE,2026-09-10 00:00:00,https://www.sec.gov/Archives/edgar/data/1749723/000174972326000114/0001749723-26-000114-index.htm,8-K,8-K,https://www.sec.gov/Archives/edgar/data/1749723/000174972326000114/nfe-20260903.htm,False,
TRNS,2026-09-10 00:00:00,https://www.sec.gov/Archives/edgar/data/99302/000162828026061346/0001628280-26-061346-index.htm,8-K,8-K,https://www.sec.gov/Archives/edgar/data/99302/000162828026061346/trns-20260909.htm,False,
TRLC,2026-09-10 00:00:00,https://www.sec.gov/Archives/edgar/data/1550453/000143774926030076/0001437749-26-030076-index.htm,8-K,FORM 8-K,https://www.sec.gov/Archives/edgar/data/1550453/000143774926030076/trlc20260910_8k.htm,True,
PK,2026-09-10 00:00:00,https://www.sec.gov/Archives/edgar/data/1617406/000119312526387894/0001193125-26-387894-index.htm,8-K,8-K,https://www.sec.gov/Archives/edgar/data/1617406/000119312526387894/d109624d8k.htm,False,
PK,2026-09-10 00:00:00,https://www.sec.gov/Archives/edgar/data/1617406/000119312526387894/0001193125-26-387894-index.htm,EX-10.1,EX-10.1,https://www.sec.gov/Archives/edgar/data/1617406/000119312526387894/d109624dex101.htm,False,
PK,2026-09-10 00:00:00,https://www.sec.gov/Archives/edgar/data/1617406/000119312526387894/0001193125-26-387894-index.htm,EX-10.2,EX-10.2,https://www.sec.gov/Archives/edgar/data/1617406/000119312526387894/d109624dex102.htm,False,
LYEL,2026-09-10 00:00:00,https://www.sec.gov/Archives/edgar/data/1806952/000119312526387890/0001193125-26-387890-index.htm,8-K,8-K,https://www.sec.gov/Archives/edgar/data/1806952/000119312526387890/d278670d8k.htm,False,
LYEL,2026-09-10 00:00:00,https://www.sec.gov/Archives/edgar/data/1806952/000119312526387890/0001193125-26-387890-index.htm,EX-99.1,EX-99.1,https://www.sec.gov/Archives/edgar/data/1806952/000119312526387890/d278670dex991.htm,False,
PH,2026-09-10 00:00:00,https://www.sec.gov/Archives/edgar/data/76334/000119312526387884/0001193125-26-387884-index.htm,8-K,8-K,https://www.sec.gov/Archives/edgar/data/76334/000119312526387884/d39046d8k.htm,True,
HRYU,2026-09-10 00:00:00,https://www.sec.gov/Archives/edgar/data/1911545/000149315226042159/0001493152-26-042159-index.htm,8-K,8-K,https://www.sec.gov/Archives/edgar/data/1911545/000149315226042159/form8-k.htm,False,
None,2026-09-10 00:00:00,https://www.sec.gov/Archives/edgar/data/47129/000165785326000057/0001657853-26-000057-index.htm,8-K,8-K,https://www.sec.gov/Archives/edgar/data/47129/000165785326000057/htz-20260909.htm,False,
HTZ,2026-09-10 00:00:00,https://www.sec.gov/Archives/edgar/data/1657853/000165785326000057/0001657853-26-000057-index.htm,8-K,8-K,https://www.sec.gov/Archives/edgar/data/47129/000165785326000057/htz-20260909.htm,False,
HTZWW,2026-09-10 00:00:00,https://www.sec.gov/Archives/edgar/data/1657853/000165785326000057/0001657853-26-000057-index.htm,8-K,8-K,https://www.sec.gov/Archives/edgar/data/47129/000165785326000057/htz-20260909.htm,False,
AIDX,2026-09-10 00:00:00,https://www.sec.gov/Archives/edgar/data/1139685/000121390026098792/0001213900-26-098792-index.htm,8-K,CURRENT REPORT,https://www.sec.gov/Archives/edgar/data/1139685/000121390026098792/ea0305119-8k_2020bio.htm,False,
FEIM,2026-09-10 00:00:00,https://www.sec.gov/Archives/edgar/data/39020/000118518526003916/0001185185-26-003916-index.htm,8-K,FORM 8-K,https://www.sec.gov/Archives/edgar/data/39020/000118518526003916/feim8k091026.htm,False,
FEIM,2026-09-10 00:00:00,https://www.sec.gov/Archives/edgar/data/39020/000118518526003916/0001185185-26-003916-index.htm,EX-99.1,EXHIBIT 99.1,https://www.sec.gov/Archives/edgar/data/39020/000118518526003916/feimex99-1.htm,True,
MMM,2026-09-10 00:00:00,https://www.sec.gov/Archives/edgar/data/66740/000110465926106710/0001104659-26-106710-index.htm,8-K,FORM 8-K,https://www.sec.gov/Archives/edgar/data/66740/000110465926106710/tm2624999d1_8k.htm,False,
LOGI,2026-09-10 00:00:00,https://www.sec.gov/Archives/edgar/data/1032975/000103297526000053/0001032975-26-000053-index.htm,8-K,8-K,https://www.sec.gov/Archives/edgar/data/1032975/000103297526000053/logi-20260908.htm,False,
ADSK,2026-09-10 00:00:00,https://www.sec.gov/Archives/edgar/data/769397/000119312526387877/0001193125-26-387877-index.htm,8-K,8-K,https://www.sec.gov/Archives/edgar/data/769397/000119312526387877/d103766d8k.htm,True,
ADAMM,2026-09-10 00:00:00,https://www.sec.gov/Archives/edgar/data/1273685/000127368526000073/0001273685-26-000073-index.htm,8-K,8-K,https://www.sec.gov/Archives/edgar/data/1273685/000127368526000073/adam-20260910.htm,False,
ADAMM,2026-09-10 00:00:00,https://www.sec.gov/Archives/edgar/data/1273685/000127368526000073/0001273685-26-000073-index.htm,EX-99.1,EX-99.1,https://www.sec.gov/Archives/edgar/data/1273685/000127368526000073/adamas-pressreleaseq32026p.htm,False,
ADAM,2026-09-10 00:00:00,https://www.sec.gov/Archives/edgar/data/1273685/000127368526000073/0001273685-26-000073-index.htm,8-K,8-K,https://www.sec.gov/Archives/edgar/data/1273685/000127368526000073/adam-20260910.htm,False,
ADAM,2026-09-10 00:00:00,https://www.sec.gov/Archives/edgar/data/1273685/000127368526000073/0001273685-26-000073-index.htm,EX-99.1,EX-99.1,https://www.sec.gov/Archives/edgar/data/1273685/000127368526000073/adamas-pressreleaseq32026p.htm,False,
ADAMG,2026-09-10 00:00:00,https://www.sec.gov/Archives/edgar/data/1273685/000127368526000073/0001273685-26-000073-index.htm,8-K,8-K,https://www.sec.gov/Archives/edgar/data/1273685/000127368526000073/adam-20260910.htm,False,
ADAMG,2026-09-10 00:00:00,https://www.sec.gov/Archives/edgar/data/1273685/000127368526000073/0001273685-26-000073-index.htm,EX-99.1,EX-99.1,https://www.sec.gov/Archives/edgar/data/1273685/000127368526000073/adamas-pressreleaseq32026p.htm,False,
ADAMH,2026-09-10 00:00:00,https://www.sec.gov/Archives/edgar/data/1273685/000127368526000073/0001273685-26-000073-index.htm,8-K,8-K,https://www.sec.gov/Archives/edgar/data/1273685/000127368526000073/adam-20260910.htm,False,
ADAMH,2026-09-10 00:00:00,https://www.sec.gov/Archives/edgar/data/1273685/000127368526000073/0001273685-26-000073-index.htm,EX-99.1,EX-99.1,https://www.sec.gov/Archives/edgar/data/1273685/000127368526000073/adamas-pressreleaseq32026p.htm,False,
ADAMI,2026-09-10 00:00:00,https://www.sec.gov/Archives/edgar/data/1273685/000127368526000073/0001273685-26-000073-index.htm,8-K,8-K,https://www.sec.gov/Archives/edgar/data/1273685/000127368526000073/adam-20260910.htm,False,
ADAMI,2026-09-10 00:00:00,https://www.sec.gov/Archives/edgar/data/1273685/000127368526000073/0001273685-26-000073-index.htm,EX-99.1,EX-99.1,https://www.sec.gov/Archives/edgar/data/1273685/000127368526000073/adamas-pressreleaseq32026p.htm,False,
ADAML,2026-09-10 00:00:00,https://www.sec.gov/Archives/edgar/data/1273685/000127368526000073/0001273685-26-000073-index.htm,8-K,8-K,https://www.sec.gov/Archives/edgar/data/1273685/000127368526000073/adam-20260910.htm,False,
ADAML,2026-09-10 00:00:00,https://www.sec.gov/Archives/edgar/data/1273685/000127368526000073/0001273685-26-000073-index.htm,EX-99.1,EX-99.1,https://www.sec.gov/Archives/edgar/data/1273685/000127368526000073/adamas-pressreleaseq32026p.htm,False,
ADAMN,2026-09-10 00:00:00,https://www.sec.gov/Archives/edgar/data/1273685/000127368526000073/0001273685-26-000073-index.htm,8-K,8-K,https://www.sec.gov/Archives/edgar/data/1273685/000127368526000073/adam-20260910.htm,False,
ADAMN,2026-09-10 00:00:00,https://www.sec.gov/Archives/edgar/data/1273685/000127368526000073/0001273685-26-000073-index.htm,EX-99.1,EX-99.1,https://www.sec.gov/Archives/edgar/data/1273685/000127368526000073/adamas-pressreleaseq32026p.htm,False,
ADAMO,2026-09-10 00:00:00,https://www.sec.gov/Archives/edgar/data/1273685/000127368526000073/0001273685-26-000073-index.htm,8-K,8-K,https://www.sec.gov/Archives/edgar/data/1273685/000127368526000073/adam-20260910.htm,False,
ADAMO,2026-09-10 00:00:00,https://www.sec.gov/Archives/edgar/data/1273685/000127368526000073/0001273685-26-000073-index.htm,EX-99.1,EX-99.1,https://www.sec.gov/Archives/edgar/data/1273685/000127368526000073/adamas-pressreleaseq32026p.htm,False,
ADAMZ,2026-09-10 00:00:00,https://www.sec.gov/Archives/edgar/data/1273685/000127368526000073/0001273685-26-000073-index.htm,8-K,8-K,https://www.sec.gov/Archives/edgar/data/1273685/000127368526000073/adam-20260910.htm,False,
ADAMZ,2026-09-10 00:00:00,https://www.sec.gov/Archives/edgar/data/1273685/000127368526000073/0001273685-26-000073-index.htm,EX-99.1,EX-99.1,https://www.sec.gov/Archives/edgar/data/1273685/000127368526000073/adamas-pressreleaseq32026p.htm,False,
NYMTI,2026-09-10 00:00:00,https://www.sec.gov/Archives/edgar/data/1273685/000127368526000073/0001273685-26-000073-index.htm,8-K,8-K,https://www.sec.gov/Archives/edgar/data/1273685/000127368526000073/adam-20260910.htm,False,
NYMTI,2026-09-10 00:00:00,https://www.sec.gov/Archives/edgar/data/1273685/000127368526000073/0001273685-26-000073-index.htm,EX-99.1,EX-99.1,https://www.sec.gov/Archives/edgar/data/1273685/000127368526000073/adamas-pressreleaseq32026p.htm,False,
NYMTL,2026-09-10 00:00:00,https://www.sec.gov/Archives/edgar/data/1273685/000127368526000073/0001273685-26-000073-index.htm,8-K,8-K,https://www.sec.gov/Archives/edgar/data/1273685/000127368526000073/adam-20260910.htm,False,
NYMTL,2026-09-10 00:00:00,https://www.sec.gov/Archives/edgar/data/1273685/000127368526000073/0001273685-26-000073-index.htm,EX-99.1,EX-99.1,https://www.sec.gov/Archives/edgar/data/1273685/000127368526000073/adamas-pressreleaseq32026p.htm,False,
NYMTZ,2026-09-10 00:00:00,https://www.sec.gov/Archives/edgar/data/1273685/000127368526000073/0001273685-26-000073-index.htm,8-K,8-K,https://www.sec.gov/Archives/edgar/data/1273685/000127368526000073/adam-20260910.htm,False,
NYMTZ,2026-09-10 00:00:00,https://www.sec.gov/Archives/edgar/data/1273685/000127368526000073/0001273685-26-000073-index.htm,EX-99.1,EX-99.1,https://www.sec.gov/Archives/edgar/data/1273685/000127368526000073/adamas-pressreleaseq32026p.htm,False,
NYMTP,2026-09-10 00:00:00,https://www.sec.gov/Archives/edgar/data/1273685/000127368526000073/0001273685-26-000073-index.htm,8-K,8-K,https://www.sec.gov/Archives/edgar/data/1273685/000127368526000073/adam-20260910.htm,False,
NYMTP,2026-09-10 00:00:00,https://www.sec.gov/Archives/edgar/data/1273685/000127368526000073/0001273685-26-000073-index.htm,EX-99.1,EX-99.1,https://www.sec.gov/Archives/edgar/data/1273685/000127368526000073/adamas-pressreleaseq32026p.htm,False,
NYMTO,2026-09-10 00:00:00,https://www.sec.gov/Archives/edgar/data/1273685/000127368526000073/0001273685-26-000073-index.htm,8-K,8-K,https://www.sec.gov/Archives/edgar/data/1273685/000127368526000073/adam-20260910.htm,False,
NYMTO,2026-09-10 00:00:00,https://www.sec.gov/Archives/edgar/data/1273685/000127368526000073/0001273685-26-000073-index.htm,EX-99.1,EX-99.1,https://www.sec.gov/Archives/edgar/data/1273685/000127368526000073/adamas-pressreleaseq32026p.htm,False,
NYMTN,2026-09-10 00:00:00,https://www.sec.gov/Archives/edgar/data/1273685/000127368526000073/0001273685-26-000073-index.htm,8-K,8-K,https://www.sec.gov/Archives/edgar/data/1273685/000127368526000073/adam-20260910.htm,False,
NYMTN,2026-09-10 00:00:00,https://www.sec.gov/Archives/edgar/data/1273685/000127368526000073/0001273685-26-000073-index.htm,EX-99.1,EX-99.1,https://www.sec.gov/Archives/edgar/data/1273685/000127368526000073/adamas-pressreleaseq32026p.htm,False,
NYMTM,2026-09-10 00:00:00,https://www.sec.gov/Archives/edgar/data/1273685/000127368526000073/0001273685-26-000073-index.htm,8-K,8-K,https://www.sec.gov/Archives/edgar/data/1273685/000127368526000073/adam-20260910.htm,False,
NYMTM,2026-09-10 00:00:00,https://www.sec.gov/Archives/edgar/data/1273685/000127368526000073/0001273685-26-000073-index.htm,EX-99.1,EX-99.1,https://www.sec.gov/Archives/edgar/data/1273685/000127368526000073/adamas-pressreleaseq32026p.htm,False,
NYMT,2026-09-10 00:00:00,https://www.sec.gov/Archives/edgar/data/1273685/000127368526000073/0001273685-26-000073-index.htm,8-K,8-K,https://www.sec.gov/Archives/edgar/data/1273685/000127368526000073/adam-20260910.htm,False,
NYMT,2026-09-10 00:00:00,https://www.sec.gov/Archives/edgar/data/1273685/000127368526000073/0001273685-26-000073-index.htm,EX-99.1,EX-99.1,https://www.sec.gov/Archives/edgar/data/1273685/000127368526000073/adamas-pressreleaseq32026p.htm,False,
NYMTG,2026-09-10 00:00:00,https://www.sec.gov/Archives/edgar/data/1273685/000127368526000073/0001273685-26-000073-index.htm,8-K,8-K,https://www.sec.gov/Archives/edgar/data/1273685/000127368526000073/adam-20260910.htm,False,
NYMTG,2026-09-10 00:00:00,https://www.sec.gov/Archives/edgar/data/1273685/000127368526000073/0001273685-26-000073-index.htm,EX-99.1,EX-99.1,https://www.sec.gov/Archives/edgar/data/1273685/000127368526000073/adamas-pressreleaseq32026p.htm,False,
CSL,2026-09-10 00:00:00,https://www.sec.gov/Archives/edgar/data/790051/000079005126000042/0000790051-26-000042-index.htm,8-K,8-K,https://www.sec.gov/Archives/edgar/data/790051/000079005126000042/csl-20260910.htm,False,
LPTH,2026-09-10 00:00:00,https://www.sec.gov/Archives/edgar/data/889971/000143774926030074/0001437749-26-030074-index.htm,8-K,FORM 8-K,https://www.sec.gov/Archives/edgar/data/889971/000143774926030074/lpth20260219c_8k.htm,False,
LPTH,2026-09-10 00:00:00,https://www.sec.gov/Archives/edgar/data/889971/000143774926030074/0001437749-26-030074-index.htm,EX-99.1,EXHIBIT 99.1,https://www.sec.gov/Archives/edgar/data/889971/000143774926030074/ex_922995.htm,False,
CRVO,2026-09-10 00:00:00,https://www.sec.gov/Archives/edgar/data/1053691/000143774926030073/0001437749-26-030073-index.htm,8-K,FORM 8-K,https://www.sec.gov/Archives/edgar/data/1053691/000143774926030073/crvo20260910_8k.htm,False,
CRVO,2026-09-10 00:00:00,https://www.sec.gov/Archives/edgar/data/1053691/000143774926030073/0001437749-26-030073-index.htm,EX-99.1,EXHIBIT 99.1,https://www.sec.gov/Archives/edgar/data/1053691/000143774926030073/ex_1014623.htm,False,
DFFN,2026-09-10 00:00:00,https://www.sec.gov/Archives/edgar/data/1053691/000143774926030073/0001437749-26-030073-index.htm,8-K,FORM 8-K,https://www.sec.gov/Archives/edgar/data/1053691/000143774926030073/crvo20260910_8k.htm,False,
DFFN,2026-09-10 00:00:00,https://www.sec.gov/Archives/edgar/data/1053691/000143774926030073/0001437749-26-030073-index.htm,EX-99.1,EXHIBIT 99.1,https://www.sec.gov/Archives/edgar/data/1053691/000143774926030073/ex_1014623.htm,False,
TWO-PC,2026-09-10 00:00:00,https://www.sec.gov/Archives/edgar/data/1465740/000110465926106707/0001104659-26-106707-index.htm,8-K,FORM 8-K,https://www.sec.gov/Archives/edgar/data/1465740/000110465926106707/tm2625042d1_8k.htm,False,
TWO,2026-09-10 00:00:00,https://www.sec.gov/Archives/edgar/data/1465740/000110465926106707/0001104659-26-106707-index.htm,8-K,FORM 8-K,https://www.sec.gov/Archives/edgar/data/1465740/000110465926106707/tm2625042d1_8k.htm,False,
TWO-PB,2026-09-10 00:00:00,https://www.sec.gov/Archives/edgar/data/1465740/000110465926106707/0001104659-26-106707-index.htm,8-K,FORM 8-K,https://www.sec.gov/Archives/edgar/data/1465740/000110465926106707/tm2625042d1_8k.htm,False,
TWO-PA,2026-09-10 00:00:00,https://www.sec.gov/Archives/edgar/data/1465740/000110465926106707/0001104659-26-106707-index.htm,8-K,FORM 8-K,https://www.sec.gov/Archives/edgar/data/1465740/000110465926106707/tm2625042d1_8k.htm,False,
FRD,2026-09-10 00:00:00,https://www.sec.gov/Archives/edgar/data/39092/000143774926030072/0001437749-26-030072-index.htm,8-K,FORM 8-K,https://www.sec.gov/Archives/edgar/data/39092/000143774926030072/frd20260910_8k.htm,True,
None,2026-09-10 00:00:00,https://www.sec.gov/Archives/edgar/data/1787117/000162828026061327/0001628280-26-061327-index.htm,8-K,8-K,https://www.sec.gov/Archives/edgar/data/1787117/000162828026061327/lymi-20260910.htm,False,
None,2026-09-10 00:00:00,https://www.sec.gov/Archives/edgar/data/1787117/000162828026061327/0001628280-26-061327-index.htm,EX-99.1,EX-99.1,https://www.sec.gov/Archives/edgar/data/1787117/000162828026061327/earningsreleaseq2fy26_.htm,True,
ATR,2026-09-10 00:00:00,https://www.sec.gov/Archives/edgar/data/896622/000110465926106706/0001104659-26-106706-index.htm,8-K,FORM 8-K,https://www.sec.gov/Archives/edgar/data/896622/000110465926106706/tm2624932d1_8k.htm,False,
ADBE,2026-09-10 00:00:00,https://www.sec.gov/Archives/edgar/data/796343/000079634326000147/0000796343-26-000147-index.htm,8-K,8-K,https://www.sec.gov/Archives/edgar/data/796343/000079634326000147/adbe-20260910.htm,False,
ADBE,2026-09-10 00:00:00,https://www.sec.gov/Archives/edgar/data/796343/000079634326000147/0000796343-26-000147-index.htm,EX-99.1,EX-99.1,https://www.sec.gov/Archives/edgar/data/796343/000079634326000147/adbeex991q326.htm,False,
MYRG,2026-09-10 00:00:00,https://www.sec.gov/Archives/edgar/data/700923/000070092326000047/0000700923-26-000047-index.htm,8-K,8-K,https://www.sec.gov/Archives/edgar/data/700923/000070092326000047/myrg-20260908.htm,True,
APOP,2026-09-10 00:00:00,https://www.sec.gov/Archives/edgar/data/1671502/000110465926106705/0001104659-26-106705-index.htm,8-K,FORM 8-K,https://www.sec.gov/Archives/edgar/data/1671502/000110465926106705/tm2625203d1_8k.htm,False,
APOP,2026-09-10 00:00:00,https://www.sec.gov/Archives/edgar/data/1671502/000110465926106705/0001104659-26-106705-index.htm,EX-99.1,EXHIBIT 99.1,https://www.sec.gov/Archives/edgar/data/1671502/000110465926106705/tm2625203d1_ex99-1.htm,False,
APOPW,2026-09-10 00:00:00,https://www.sec.gov/Archives/edgar/data/1671502/000110465926106705/0001104659-26-106705-index.htm,8-K,FORM 8-K,https://www.sec.gov/Archives/edgar/data/1671502/000110465926106705/tm2625203d1_8k.htm,False,
APOPW,2026-09-10 00:00:00,https://www.sec.gov/Archives/edgar/data/1671502/000110465926106705/0001104659-26-106705-index.htm,EX-99.1,EXHIBIT 99.1,https://www.sec.gov/Archives/edgar/data/1671502/000110465926106705/tm2625203d1_ex99-1.htm,False,
QNRX,2026-09-10 00:00:00,https://www.sec.gov/Archives/edgar/data/1671502/000110465926106705/0001104659-26-106705-index.htm,8-K,FORM 8-K,https://www.sec.gov/Archives/edgar/data/1671502/000110465926106705/tm2625203d1_8k.htm,False,
QNRX,2026-09-10 00:00:00,https://www.sec.gov/Archives/edgar/data/1671502/000110465926106705/0001104659-26-106705-index.htm,EX-99.1,EXHIBIT 99.1,https://www.sec.gov/Archives/edgar/data/1671502/000110465926106705/tm2625203d1_ex99-1.htm,False,
DOCN,2026-09-10 00:00:00,https://www.sec.gov/Archives/edgar/data/1582961/000110465926106704/0001104659-26-106704-index.htm,8-K,FORM 8-K,https://www.sec.gov/Archives/edgar/data/1582961/000110465926106704/tm2625205d1_8k.htm,True,
DOCN,2026-09-10 00:00:00,https://www.sec.gov/Archives/edgar/data/1582961/000110465926106704/0001104659-26-106704-index.htm,EX-99.1,EXHIBIT 99.1,https://www.sec.gov/Archives/edgar/data/1582961/000110465926106704/tm2625205d1_ex99-1.htm,False,
TARS,2026-09-10 00:00:00,https://www.sec.gov/Archives/edgar/data/1819790/000181979026000066/0001819790-26-000066-index.htm,8-K,8-K,https://www.sec.gov/Archives/edgar/data/1819790/000181979026000066/tars-20260904.htm,False,
TARS,2026-09-10 00:00:00,https://www.sec.gov/Archives/edgar/data/1819790/000181979026000066/0001819790-26-000066-index.htm,EX-99.1,EX-99.1,https://www.sec.gov/Archives/edgar/data/1819790/000181979026000066/exhibit991-tarsuspharmac.htm,False,
SKIN,2026-09-10 00:00:00,https://www.sec.gov/Archives/edgar/data/1818093/000162828026061326/0001628280-26-061326-index.htm,8-K,8-K,https://www.sec.gov/Archives/edgar/data/1818093/000162828026061326/skin-20260903.htm,False,
SKFG,2026-09-10 00:00:00,https://www.sec.gov/Archives/edgar/data/1794942/000164033426001489/0001640334-26-001489-index.htm,8-K,FORM 8-K,https://www.sec.gov/Archives/edgar/data/1794942/000164033426001489/stark_8k.htm,False,
SKFG,2026-09-10 00:00:00,https://www.sec.gov/Archives/edgar/data/1794942/000164033426001489/0001640334-26-001489-index.htm,EX-10.1,STARK FOCUS GROUP INC EQUITY INCENTIVE PLAN,https://www.sec.gov/Archives/edgar/data/1794942/000164033426001489/stark_ex101.htm,False,
SURGW,2026-09-10 00:00:00,https://www.sec.gov/Archives/edgar/data/1392694/000149315226042153/0001493152-26-042153-index.htm,8-K,8-K,https://www.sec.gov/Archives/edgar/data/1392694/000149315226042153/form8-k.htm,True,
SURGW,2026-09-10 00:00:00,https://www.sec.gov/Archives/edgar/data/1392694/000149315226042153/0001493152-26-042153-index.htm,EX-10.1,EX-10.1,https://www.sec.gov/Archives/edgar/data/1392694/000149315226042153/ex10-1.htm,False,
SURGW,2026-09-10 00:00:00,https://www.sec.gov/Archives/edgar/data/1392694/000149315226042153/0001493152-26-042153-index.htm,EX-10.2,EX-10.2,https://www.sec.gov/Archives/edgar/data/1392694/000149315226042153/ex10-2.htm,False,
SURG,2026-09-10 00:00:00,https://www.sec.gov/Archives/edgar/data/1392694/000149315226042153/0001493152-26-042153-index.htm,8-K,8-K,https://www.sec.gov/Archives/edgar/data/1392694/000149315226042153/form8-k.htm,True,
SURG,2026-09-10 00:00:00,https://www.sec.gov/Archives/edgar/data/1392694/000149315226042153/0001493152-26-042153-index.htm,EX-10.1,EX-10.1,https://www.sec.gov/Archives/edgar/data/1392694/000149315226042153/ex10-1.htm,False,
SURG,2026-09-10 00:00:00,https://www.sec.gov/Archives/edgar/data/1392694/000149315226042153/0001493152-26-042153-index.htm,EX-10.2,EX-10.2,https://www.sec.gov/Archives/edgar/data/1392694/000149315226042153/ex10-2.htm,False,
AAOI,2026-09-10 00:00:00,https://www.sec.gov/Archives/edgar/data/1158114/000168316826007057/0001683168-26-007057-index.htm,8-K,CURRENT REPORT,https://www.sec.gov/Archives/edgar/data/1158114/000168316826007057/aaoi_8k.htm,True,
AAOI,2026-09-10 00:00:00,https://www.sec.gov/Archives/edgar/data/1158114/000168316826007057/0001683168-26-007057-index.htm,EX-10.1,PURCHASE AND SALE AGREEMENT,https://www.sec.gov/Archives/edgar/data/1158114/000168316826007057/aaoi_ex1001.htm,False,
GRDN,2026-09-10 00:00:00,https://www.sec.gov/Archives/edgar/data/1802255/000119312526387858/0001193125-26-387858-index.htm,8-K,8-K,https://www.sec.gov/Archives/edgar/data/1802255/000119312526387858/d185380d8k.htm,False,
PODD,2026-09-10 00:00:00,https://www.sec.gov/Archives/edgar/data/1145197/000114519726000175/0001145197-26-000175-index.htm,8-K,8-K,https://www.sec.gov/Archives/edgar/data/1145197/000114519726000175/podd-20260903.htm,False,
MPWR,2026-09-10 00:00:00,https://www.sec.gov/Archives/edgar/data/1280452/000162828026061318/0001628280-26-061318-index.htm,8-K,8-K,https://www.sec.gov/Archives/edgar/data/1280452/000162828026061318/mpwr-20260910.htm,False,
MPWR,2026-09-10 00:00:00,https://www.sec.gov/Archives/edgar/data/1280452/000162828026061318/0001628280-26-061318-index.htm,EX-99.1,EX-99.1,https://www.sec.gov/Archives/edgar/data/1280452/000162828026061318/mpwr-ex991x09102026.htm,False,
YARW,2026-09-10 00:00:00,https://www.sec.gov/Archives/edgar/data/1566044/000110465926106699/0001104659-26-106699-index.htm,8-K,FORM 8-K,https://www.sec.gov/Archives/edgar/data/1566044/000110465926106699/tm2624937d1_8k.htm,False,
YARW,2026-09-10 00:00:00,https://www.sec.gov/Archives/edgar/data/1566044/000110465926106699/0001104659-26-106699-index.htm,EX-99.1,EXHIBIT 99.1,https://www.sec.gov/Archives/edgar/data/1566044/000110465926106699/tm2624937d1_ex99-1.htm,False,
VYNE,2026-09-10 00:00:00,https://www.sec.gov/Archives/edgar/data/1566044/000110465926106699/0001104659-26-106699-index.htm,8-K,FORM 8-K,https://www.sec.gov/Archives/edgar/data/1566044/000110465926106699/tm2624937d1_8k.htm,False,
VYNE,2026-09-10 00:00:00,https://www.sec.gov/Archives/edgar/data/1566044/000110465926106699/0001104659-26-106699-index.htm,EX-99.1,EXHIBIT 99.1,https://www.sec.gov/Archives/edgar/data/1566044/000110465926106699/tm2624937d1_ex99-1.htm,False,
UNTY,2026-09-10 00:00:00,https://www.sec.gov/Archives/edgar/data/920427/000119312526387834/0001193125-26-387834-index.htm,8-K,8-K,https://www.sec.gov/Archives/edgar/data/920427/000119312526387834/unty-20260910.htm,False,
AUMN,2026-09-10 00:00:00,https://www.sec.gov/Archives/edgar/data/1011509/000110465926106690/0001104659-26-106690-index.htm,8-K,FORM 8-K,https://www.sec.gov/Archives/edgar/data/1011509/000110465926106690/tm2625163d1_8k.htm,False,
AUMN,2026-09-10 00:00:00,https://www.sec.gov/Archives/edgar/data/1011509/000110465926106690/0001104659-26-106690-index.htm,EX-99.1,EXHIBIT 99.1,https://www.sec.gov/Archives/edgar/data/1011509/000110465926106690/tm2625163d1_ex99-1.htm,False,
None,2026-09-10 00:00:00,https://www.sec.gov/Archives/edgar/data/1799463/000153949726002472/0001539497-26-002472-index.htm,8-K,8-K,https://www.sec.gov/Archives/edgar/data/1799463/000153949726002472/n1989_x23-8k.htm,False,
None,2026-09-10 00:00:00,https://www.sec.gov/Archives/edgar/data/1803308/000153949726002471/0001539497-26-002471-index.htm,8-K,8-K,https://www.sec.gov/Archives/edgar/data/1803308/000153949726002471/n2027_x20-8k.htm,False,
SNTW,2026-09-10 00:00:00,https://www.sec.gov/Archives/edgar/data/1619096/000109181826000143/0001091818-26-000143-index.htm,8-K,CURRENT REPORT,https://www.sec.gov/Archives/edgar/data/1619096/000109181826000143/sntw-091026_8k.htm,False,
TLAC,2026-09-10 00:00:00,https://www.sec.gov/Archives/edgar/data/2128462/000119312526387717/0001193125-26-387717-index.htm,8-K,8-K,https://www.sec.gov/Archives/edgar/data/2128462/000119312526387717/d173457d8k.htm,False,
TLAC,2026-09-10 00:00:00,https://www.sec.gov/Archives/edgar/data/2128462/000119312526387717/0001193125-26-387717-index.htm,EX-99.1,EX-99.1,https://www.sec.gov/Archives/edgar/data/2128462/000119312526387717/d173457dex991.htm,False,
HWBK,2026-09-10 00:00:00,https://www.sec.gov/Archives/edgar/data/893847/000089384726000093/0000893847-26-000093-index.htm,8-K,8-K,https://www.sec.gov/Archives/edgar/data/893847/000089384726000093/hwbk-20260910.htm,False,
HWBK,2026-09-10 00:00:00,https://www.sec.gov/Archives/edgar/data/893847/000089384726000093/0000893847-26-000093-index.htm,EX-99.1,EX-99.1,https://www.sec.gov/Archives/edgar/data/893847/000089384726000093/pressreleasehawthornbancsh.htm,False,
TRLC,2026-09-10 00:00:00,https://www.sec.gov/Archives/edgar/data/1550453/000143774926030059/0001437749-26-030059-index.htm,8-K,FORM 8-K,https://www.sec.gov/Archives/edgar/data/1550453/000143774926030059/trlc20260908_8k.htm,False,
None,2026-09-10 00:00:00,https://www.sec.gov/Archives/edgar/data/1325878/000132587826000180/0001325878-26-000180-index.htm,8-K,8-K,https://www.sec.gov/Archives/edgar/data/1325878/000132587826000180/fhlbt-20260908.htm,False,
FIACW,2026-09-10 00:00:00,https://www.sec.gov/Archives/edgar/data/1854480/000114036126036159/0001140361-26-036159-index.htm,8-K,8-K,https://www.sec.gov/Archives/edgar/data/1854480/000114036126036159/ef20081844_8k.htm,False,
FIACW,2026-09-10 00:00:00,https://www.sec.gov/Archives/edgar/data/1854480/000114036126036159/0001140361-26-036159-index.htm,EX-99.1,EXHIBIT 99.1,https://www.sec.gov/Archives/edgar/data/1854480/000114036126036159/ef20081844_ex99-1.htm,False,
DEVS,2026-09-10 00:00:00,https://www.sec.gov/Archives/edgar/data/1854480/000114036126036159/0001140361-26-036159-index.htm,8-K,8-K,https://www.sec.gov/Archives/edgar/data/1854480/000114036126036159/ef20081844_8k.htm,False,
DEVS,2026-09-10 00:00:00,https://www.sec.gov/Archives/edgar/data/1854480/000114036126036159/0001140361-26-036159-index.htm,EX-99.1,EXHIBIT 99.1,https://www.sec.gov/Archives/edgar/data/1854480/000114036126036159/ef20081844_ex99-1.htm,False,
FIAC,2026-09-10 00:00:00,https://www.sec.gov/Archives/edgar/data/1854480/000114036126036159/0001140361-26-036159-index.htm,8-K,8-K,https://www.sec.gov/Archives/edgar/data/1854480/000114036126036159/ef20081844_8k.htm,False,
FIAC,2026-09-10 00:00:00,https://www.sec.gov/Archives/edgar/data/1854480/000114036126036159/0001140361-26-036159-index.htm,EX-99.1,EXHIBIT 99.1,https://www.sec.gov/Archives/edgar/data/1854480/000114036126036159/ef20081844_ex99-1.htm,False,
FIACU,2026-09-10 00:00:00,https://www.sec.gov/Archives/edgar/data/1854480/000114036126036159/0001140361-26-036159-index.htm,8-K,8-K,https://www.sec.gov/Archives/edgar/data/1854480/000114036126036159/ef20081844_8k.htm,False,
FIACU,2026-09-10 00:00:00,https://www.sec.gov/Archives/edgar/data/1854480/000114036126036159/0001140361-26-036159-index.htm,EX-99.1,EXHIBIT 99.1,https://www.sec.gov/Archives/edgar/data/1854480/000114036126036159/ef20081844_ex99-1.htm,False,
None,2026-09-10 00:00:00,https://www.sec.gov/Archives/edgar/data/1331463/000133146326000176/0001331463-26-000176-index.htm,8-K,CURRENT REPORT ITEM 2.03,https://www.sec.gov/Archives/edgar/data/1331463/000133146326000176/fhlbbost-20260908.htm,False,
None,2026-09-10 00:00:00,https://www.sec.gov/Archives/edgar/data/1797679/000188852426016577/0001888524-26-016577-index.htm,8-K,,https://www.sec.gov/Archives/edgar/data/1797679/000188852426016577/bcr20c06_8k-09022026.htm,False,
None,2026-09-10 00:00:00,https://www.sec.gov/Archives/edgar/data/1797056/000188852426016575/0001888524-26-016575-index.htm,8-K,,https://www.sec.gov/Archives/edgar/data/1797056/000188852426016575/wcm20b25_8k-09022026.htm,False,
QNTO,2026-09-10 00:00:00,https://www.sec.gov/Archives/edgar/data/1391933/000092708926000160/0000927089-26-000160-index.htm,8-K,FORM 8-K,https://www.sec.gov/Archives/edgar/data/1391933/000092708926000160/qnto20260902_8k.htm,False,
VSBC,2026-09-10 00:00:00,https://www.sec.gov/Archives/edgar/data/1697884/000164033426001485/0001640334-26-001485-index.htm,8-K,FORM 8-K,https://www.sec.gov/Archives/edgar/data/1697884/000164033426001485/vsbc_8k.htm,False,
None,2026-09-10 00:00:00,https://www.sec.gov/Archives/edgar/data/1316944/000131694426000150/0001316944-26-000150-index.htm,8-K,"CURRENT REPORT, ITEM 2.03",https://www.sec.gov/Archives/edgar/data/1316944/000131694426000150/fhlbsf-20260908.htm,False,
CPBI,2026-09-10 00:00:00,https://www.sec.gov/Archives/edgar/data/1979332/000119312526387526/0001193125-26-387526-index.htm,8-K,8-K,https://www.sec.gov/Archives/edgar/data/1979332/000119312526387526/cpbi-20260909.htm,False,
CPBI,2026-09-10 00:00:00,https://www.sec.gov/Archives/edgar/data/1979332/000119312526387526/0001193125-26-387526-index.htm,EX-99.1,EX-99.1,https://www.sec.gov/Archives/edgar/data/1979332/000119312526387526/cpbi-ex99_1.htm,False,
None,2026-09-10 00:00:00,https://www.sec.gov/Archives/edgar/data/1331451/000133145126000168/0001331451-26-000168-index.htm,8-K,8-K,https://www.sec.gov/Archives/edgar/data/1331451/000133145126000168/fhlbc-20260908.htm,False,
None,2026-09-10 00:00:00,https://www.sec.gov/Archives/edgar/data/1326771/000132677126000149/0001326771-26-000149-index.htm,8-K,8-K,https://www.sec.gov/Archives/edgar/data/1326771/000132677126000149/fhlbcin-20260904.htm,False,
DPLS,2026-09-10 00:00:00,https://www.sec.gov/Archives/edgar/data/866439/000168316826007044/0001683168-26-007044-index.htm,8-K,CURRENT REPORT,https://www.sec.gov/Archives/edgar/data/866439/000168316826007044/darkpulse_8k.htm,True,
None,2026-09-10 00:00:00,https://www.sec.gov/Archives/edgar/data/1331757/000133175726000165/0001331757-26-000165-index.htm,8-K,8-K,https://www.sec.gov/Archives/edgar/data/1331757/000133175726000165/fhlbd-20260908.htm,False,
None,2026-09-10 00:00:00,https://www.sec.gov/Archives/edgar/data/1979414/000182912626009977/0001829126-26-009977-index.htm,8-K,8-K,https://www.sec.gov/Archives/edgar/data/1979414/000182912626009977/neonctechnologies_8k.htm,True,
None,2026-09-10 00:00:00,https://www.sec.gov/Archives/edgar/data/1979414/000182912626009977/0001829126-26-009977-index.htm,EX-10.1,EXHIBIT 10.1,https://www.sec.gov/Archives/edgar/data/1979414/000182912626009977/neonctechnologies_ex10-1.htm,False,
None,2026-09-10 00:00:00,https://www.sec.gov/Archives/edgar/data/1979414/000182912626009977/0001829126-26-009977-index.htm,EX-10.2,EXHIBIT 10.2,https://www.sec.gov/Archives/edgar/data/1979414/000182912626009977/neonctechnologies_ex10-2.htm,True,
None,2026-09-10 00:00:00,https://www.sec.gov/Archives/edgar/data/1979414/000182912626009977/0001829126-26-009977-index.htm,EX-99.1,EXHIBIT 99.1,https://www.sec.gov/Archives/edgar/data/1979414/000182912626009977/neonctechnologies_ex99-1.htm,False,
None,2026-09-10 00:00:00,https://www.sec.gov/Archives/edgar/data/1331465/000133146526000163/0001331465-26-000163-index.htm,8-K,8-K,https://www.sec.gov/Archives/edgar/data/1331465/000133146526000163/fhlba-20260908.htm,False,
MELI,2026-09-10 00:00:00,https://www.sec.gov/Archives/edgar/data/1099590/000114036126036136/0001140361-26-036136-index.htm,8-K,8-K,https://www.sec.gov/Archives/edgar/data/1099590/000114036126036136/ef20081842_8k.htm,True,
MELI,2026-09-10 00:00:00,https://www.sec.gov/Archives/edgar/data/1099590/000114036126036136/0001140361-26-036136-index.htm,EX-99.1,EXHIBIT 99.1,https://www.sec.gov/Archives/edgar/data/1099590/000114036126036136/ef20081842_ex99-1.htm,False,
None,2026-09-10 00:00:00,https://www.sec.gov/Archives/edgar/data/1330399/000133039926000115/0001330399-26-000115-index.htm,8-K,8-K,https://www.sec.gov/Archives/edgar/data/1330399/000133039926000115/ck0001330399-20260904.htm,False,
None,2026-09-10 00:00:00,https://www.sec.gov/Archives/edgar/data/1330399/000133039926000115/0001330399-26-000115-index.htm,EX-99.1,EX-99.1,https://www.sec.gov/Archives/edgar/data/1330399/000133039926000115/ck0001330399-ex99_1.htm,False,
NUKKW,2026-09-10 00:00:00,https://www.sec.gov/Archives/edgar/data/1787518/000118518526003911/0001185185-26-003911-index.htm,8-K,FORM 8-K,https://www.sec.gov/Archives/edgar/data/1787518/000118518526003911/dfns8k091026.htm,False,
NUKKW,2026-09-10 00:00:00,https://www.sec.gov/Archives/edgar/data/1787518/000118518526003911/0001185185-26-003911-index.htm,EX-99.1,EXHIBIT 99.1,https://www.sec.gov/Archives/edgar/data/1787518/000118518526003911/dfnsex99-1.htm,False,
NUKK,2026-09-10 00:00:00,https://www.sec.gov/Archives/edgar/data/1787518/000118518526003911/0001185185-26-003911-index.htm,8-K,FORM 8-K,https://www.sec.gov/Archives/edgar/data/1787518/000118518526003911/dfns8k091026.htm,False,
NUKK,2026-09-10 00:00:00,https://www.sec.gov/Archives/edgar/data/1787518/000118518526003911/0001185185-26-003911-index.htm,EX-99.1,EXHIBIT 99.1,https://www.sec.gov/Archives/edgar/data/1787518/000118518526003911/dfnsex99-1.htm,False,
BRLIU,2026-09-10 00:00:00,https://www.sec.gov/Archives/edgar/data/1787518/000118518526003911/0001185185-26-003911-index.htm,8-K,FORM 8-K,https://www.sec.gov/Archives/edgar/data/1787518/000118518526003911/dfns8k091026.htm,False,
BRLIU,2026-09-10 00:00:00,https://www.sec.gov/Archives/edgar/data/1787518/000118518526003911/0001185185-26-003911-index.htm,EX-99.1,EXHIBIT 99.1,https://www.sec.gov/Archives/edgar/data/1787518/000118518526003911/dfnsex99-1.htm,False,
BRLI,2026-09-10 00:00:00,https://www.sec.gov/Archives/edgar/data/1787518/000118518526003911/0001185185-26-003911-index.htm,8-K,FORM 8-K,https://www.sec.gov/Archives/edgar/data/1787518/000118518526003911/dfns8k091026.htm,False,
BRLI,2026-09-10 00:00:00,https://www.sec.gov/Archives/edgar/data/1787518/000118518526003911/0001185185-26-003911-index.htm,EX-99.1,EXHIBIT 99.1,https://www.sec.gov/Archives/edgar/data/1787518/000118518526003911/dfnsex99-1.htm,False,
BRLIW,2026-09-10 00:00:00,https://www.sec.gov/Archives/edgar/data/1787518/000118518526003911/0001185185-26-003911-index.htm,8-K,FORM 8-K,https://www.sec.gov/Archives/edgar/data/1787518/000118518526003911/dfns8k091026.htm,False,
BRLIW,2026-09-10 00:00:00,https://www.sec.gov/Archives/edgar/data/1787518/000118518526003911/0001185185-26-003911-index.htm,EX-99.1,EXHIBIT 99.1,https://www.sec.gov/Archives/edgar/data/1787518/000118518526003911/dfnsex99-1.htm,False,
BRLIR,2026-09-10 00:00:00,https://www.sec.gov/Archives/edgar/data/1787518/000118518526003911/0001185185-26-003911-index.htm,8-K,FORM 8-K,https://www.sec.gov/Archives/edgar/data/1787518/000118518526003911/dfns8k091026.htm,False,
BRLIR,2026-09-10 00:00:00,https://www.sec.gov/Archives/edgar/data/1787518/000118518526003911/0001185185-26-003911-index.htm,EX-99.1,EXHIBIT 99.1,https://www.sec.gov/Archives/edgar/data/1787518/000118518526003911/dfnsex99-1.htm,False,
LGST,2026-09-10 00:00:00,https://www.sec.gov/Archives/edgar/data/1860871/000149315226042095/0001493152-26-042095-index.htm,8-K,8-K,https://www.sec.gov/Archives/edgar/data/1860871/000149315226042095/form8-k.htm,False,
LGSTU,2026-09-10 00:00:00,https://www.sec.gov/Archives/edgar/data/1860871/000149315226042095/0001493152-26-042095-index.htm,8-K,8-K,https://www.sec.gov/Archives/edgar/data/1860871/000149315226042095/form8-k.htm,False,
LGSTW,2026-09-10 00:00:00,https://www.sec.gov/Archives/edgar/data/1860871/000149315226042095/0001493152-26-042095-index.htm,8-K,8-K,https://www.sec.gov/Archives/edgar/data/1860871/000149315226042095/form8-k.htm,False,
TVGN,2026-09-10 00:00:00,https://www.sec.gov/Archives/edgar/data/1860871/000149315226042095/0001493152-26-042095-index.htm,8-K,8-K,https://www.sec.gov/Archives/edgar/data/1860871/000149315226042095/form8-k.htm,False,
TVGNW,2026-09-10 00:00:00,https://www.sec.gov/Archives/edgar/data/1860871/000149315226042095/0001493152-26-042095-index.htm,8-K,8-K,https://www.sec.gov/Archives/edgar/data/1860871/000149315226042095/form8-k.htm,False,
None,2026-09-10 00:00:00,https://www.sec.gov/Archives/edgar/data/1331754/000133175426000179/0001331754-26-000179-index.htm,8-K,8-K,https://www.sec.gov/Archives/edgar/data/1331754/000133175426000179/fhlbi-20260908.htm,False,
EMAT,2026-09-10 00:00:00,https://www.sec.gov/Archives/edgar/data/1866226/000121390026098601/0001213900-26-098601-index.htm,8-K,CURRENT REPORT,https://www.sec.gov/Archives/edgar/data/1866226/000121390026098601/ea0305088-8k_evolution.htm,False,
EMAT,2026-09-10 00:00:00,https://www.sec.gov/Archives/edgar/data/1866226/000121390026098601/0001213900-26-098601-index.htm,EX-99.1,"PRESS RELEASE DATED SEPTEMBER 10, 2026",https://www.sec.gov/Archives/edgar/data/1866226/000121390026098601/ea030508801ex99-1.htm,False,
WTMAR,2026-09-10 00:00:00,https://www.sec.gov/Archives/edgar/data/1866226/000121390026098601/0001213900-26-098601-index.htm,8-K,CURRENT REPORT,https://www.sec.gov/Archives/edgar/data/1866226/000121390026098601/ea0305088-8k_evolution.htm,False,
WTMAR,2026-09-10 00:00:00,https://www.sec.gov/Archives/edgar/data/1866226/000121390026098601/0001213900-26-098601-index.htm,EX-99.1,"PRESS RELEASE DATED SEPTEMBER 10, 2026",https://www.sec.gov/Archives/edgar/data/1866226/000121390026098601/ea030508801ex99-1.htm,False,
WTMAU,2026-09-10 00:00:00,https://www.sec.gov/Archives/edgar/data/1866226/000121390026098601/0001213900-26-098601-index.htm,8-K,CURRENT REPORT,https://www.sec.gov/Archives/edgar/data/1866226/000121390026098601/ea0305088-8k_evolution.htm,False,
WTMAU,2026-09-10 00:00:00,https://www.sec.gov/Archives/edgar/data/1866226/000121390026098601/0001213900-26-098601-index.htm,EX-99.1,"PRESS RELEASE DATED SEPTEMBER 10, 2026",https://www.sec.gov/Archives/edgar/data/1866226/000121390026098601/ea030508801ex99-1.htm,False,
WTMA,2026-09-10 00:00:00,https://www.sec.gov/Archives/edgar/data/1866226/000121390026098601/0001213900-26-098601-index.htm,8-K,CURRENT REPORT,https://www.sec.gov/Archives/edgar/data/1866226/000121390026098601/ea0305088-8k_evolution.htm,False,
WTMA,2026-09-10 00:00:00,https://www.sec.gov/Archives/edgar/data/1866226/000121390026098601/0001213900-26-098601-index.htm,EX-99.1,"PRESS RELEASE DATED SEPTEMBER 10, 2026",https://www.sec.gov/Archives/edgar/data/1866226/000121390026098601/ea030508801ex99-1.htm,False,
TBPH,2026-09-10 00:00:00,https://www.sec.gov/Archives/edgar/data/1583107/000110465926106567/0001104659-26-106567-index.htm,8-K,FORM 8-K,https://www.sec.gov/Archives/edgar/data/1583107/000110465926106567/tm2624960d1_8k.htm,False,
WYNN,2026-09-10 00:00:00,https://www.sec.gov/Archives/edgar/data/1174922/000117492226000062/0001174922-26-000062-index.htm,8-K,8-K,https://www.sec.gov/Archives/edgar/data/1174922/000117492226000062/wynn-20260910.htm,False,
WYNN,2026-09-10 00:00:00,https://www.sec.gov/Archives/edgar/data/1174922/000117492226000062/0001174922-26-000062-index.htm,EX-99.1,EX-99.1,https://www.sec.gov/Archives/edgar/data/1174922/000117492226000062/ex991-wrf900mseniornotesla.htm,False,
TTEK,2026-09-10 00:00:00,https://www.sec.gov/Archives/edgar/data/831641/000110465926106564/0001104659-26-106564-index.htm,8-K,FORM 8-K,https://www.sec.gov/Archives/edgar/data/831641/000110465926106564/tm2625143d1_8k.htm,False,
TTEK,2026-09-10 00:00:00,https://www.sec.gov/Archives/edgar/data/831641/000110465926106564/0001104659-26-106564-index.htm,EX-99.1,EXHIBIT 99.1,https://www.sec.gov/Archives/edgar/data/831641/000110465926106564/tm2625143d1_ex99-1.htm,False,
FDCT,2026-09-10 00:00:00,https://www.sec.gov/Archives/edgar/data/1722731/000149315226042090/0001493152-26-042090-index.htm,8-K,8-K,https://www.sec.gov/Archives/edgar/data/1722731/000149315226042090/form8-k.htm,False,
HMBL,2026-09-10 00:00:00,https://www.sec.gov/Archives/edgar/data/1119190/000149315226042091/0001493152-26-042091-index.htm,8-K,8-K,https://www.sec.gov/Archives/edgar/data/1119190/000149315226042091/form8-k.htm,True,
HMBL,2026-09-10 00:00:00,https://www.sec.gov/Archives/edgar/data/1119190/000149315226042091/0001493152-26-042091-index.htm,EX-10.1,EX-10.1,https://www.sec.gov/Archives/edgar/data/1119190/000149315226042091/ex10-1.htm,False,
HMBL,2026-09-10 00:00:00,https://www.sec.gov/Archives/edgar/data/1119190/000149315226042091/0001493152-26-042091-index.htm,EX-10.2,EX-10.2,https://www.sec.gov/Archives/edgar/data/1119190/000149315226042091/ex10-2.htm,False,
HMBL,2026-09-10 00:00:00,https://www.sec.gov/Archives/edgar/data/1119190/000149315226042091/0001493152-26-042091-index.htm,EX-99.1,EX-99.1,https://www.sec.gov/Archives/edgar/data/1119190/000149315226042091/ex99-1.htm,False,
WMB,2026-09-10 00:00:00,https://www.sec.gov/Archives/edgar/data/107263/000119312526387359/0001193125-26-387359-index.htm,8-K,8-K,https://www.sec.gov/Archives/edgar/data/107263/000119312526387359/d113424d8k.htm,False,
WMB,2026-09-10 00:00:00,https://www.sec.gov/Archives/edgar/data/107263/000119312526387359/0001193125-26-387359-index.htm,EX-99.1,EX-99.1,https://www.sec.gov/Archives/edgar/data/107263/000119312526387359/d113424dex991.htm,False,
GMTX,2026-09-10 00:00:00,https://www.sec.gov/Archives/edgar/data/1816736/000119312526387351/0001193125-26-387351-index.htm,8-K,8-K,https://www.sec.gov/Archives/edgar/data/1816736/000119312526387351/iron-20260909.htm,False,
GMTX,2026-09-10 00:00:00,https://www.sec.gov/Archives/edgar/data/1816736/000119312526387351/0001193125-26-387351-index.htm,EX-99.1,EX-99.1,https://www.sec.gov/Archives/edgar/data/1816736/000119312526387351/iron-ex99_1.htm,False,
IRON,2026-09-10 00:00:00,https://www.sec.gov/Archives/edgar/data/1816736/000119312526387351/0001193125-26-387351-index.htm,8-K,8-K,https://www.sec.gov/Archives/edgar/data/1816736/000119312526387351/iron-20260909.htm,False,
IRON,2026-09-10 00:00:00,https://www.sec.gov/Archives/edgar/data/1816736/000119312526387351/0001193125-26-387351-index.htm,EX-99.1,EX-99.1,https://www.sec.gov/Archives/edgar/data/1816736/000119312526387351/iron-ex99_1.htm,False,
AROW,2026-09-10 00:00:00,https://www.sec.gov/Archives/edgar/data/717538/000071753826000123/0000717538-26-000123-index.htm,8-K,8-K,https://www.sec.gov/Archives/edgar/data/717538/000071753826000123/arow-20260910.htm,False,
AROW,2026-09-10 00:00:00,https://www.sec.gov/Archives/edgar/data/717538/000071753826000123/0000717538-26-000123-index.htm,EX-99.1,EX-99.1,https://www.sec.gov/Archives/edgar/data/717538/000071753826000123/a20260910upstateacquisit.htm,False,
ACFN,2026-09-10 00:00:00,https://www.sec.gov/Archives/edgar/data/880984/000149315226042089/0001493152-26-042089-index.htm,8-K,8-K,https://www.sec.gov/Archives/edgar/data/880984/000149315226042089/form8-k.htm,True,
BKV,2026-09-10 00:00:00,https://www.sec.gov/Archives/edgar/data/1838406/000110465926106560/0001104659-26-106560-index.htm,8-K,FORM 8-K,https://www.sec.gov/Archives/edgar/data/1838406/000110465926106560/tm2625092d1_8k.htm,False,
BKV,2026-09-10 00:00:00,https://www.sec.gov/Archives/edgar/data/1838406/000110465926106560/0001104659-26-106560-index.htm,EX-99.1,EXHIBIT 99.1,https://www.sec.gov/Archives/edgar/data/1838406/000110465926106560/tm2625092d1_ex99-1.htm,False,
ELS,2026-09-10 00:00:00,https://www.sec.gov/Archives/edgar/data/895417/000162828026061232/0001628280-26-061232-index.htm,8-K,8-K,https://www.sec.gov/Archives/edgar/data/895417/000162828026061232/els-20260910.htm,False,
ELS,2026-09-10 00:00:00,https://www.sec.gov/Archives/edgar/data/895417/000162828026061232/0001628280-26-061232-index.htm,EX-99.1,EX-99.1,https://www.sec.gov/Archives/edgar/data/895417/000162828026061232/ir_presentationxseptx202.htm,True,
SKYX,2026-09-10 00:00:00,https://www.sec.gov/Archives/edgar/data/1598981/000149315226042086/0001493152-26-042086-index.htm,8-K,8-K,https://www.sec.gov/Archives/edgar/data/1598981/000149315226042086/form8-k.htm,True,
SKYX,2026-09-10 00:00:00,https://www.sec.gov/Archives/edgar/data/1598981/000149315226042086/0001493152-26-042086-index.htm,EX-10.1,EX-10.1,https://www.sec.gov/Archives/edgar/data/1598981/000149315226042086/ex10-1.htm,False,
SKYX,2026-09-10 00:00:00,https://www.sec.gov/Archives/edgar/data/1598981/000149315226042086/0001493152-26-042086-index.htm,EX-99.1,EX-99.1,https://www.sec.gov/Archives/edgar/data/1598981/000149315226042086/ex99-1.htm,False,
AVMR,2026-09-10 00:00:00,https://www.sec.gov/Archives/edgar/data/1676163/000121390026098588/0001213900-26-098588-index.htm,8-K,CURRENT REPORT,https://www.sec.gov/Archives/edgar/data/1676163/000121390026098588/ea0305024-8k_ssinnova.htm,False,
AVMR,2026-09-10 00:00:00,https://www.sec.gov/Archives/edgar/data/1676163/000121390026098588/0001213900-26-098588-index.htm,EX-99.1,"PRESS RELEASE, DATED SEPTEMBER 10, 2026",https://www.sec.gov/Archives/edgar/data/1676163/000121390026098588/ea030502401ex99-1.htm,False,
SSII,2026-09-10 00:00:00,https://www.sec.gov/Archives/edgar/data/1676163/000121390026098588/0001213900-26-098588-index.htm,8-K,CURRENT REPORT,https://www.sec.gov/Archives/edgar/data/1676163/000121390026098588/ea0305024-8k_ssinnova.htm,False,
SSII,2026-09-10 00:00:00,https://www.sec.gov/Archives/edgar/data/1676163/000121390026098588/0001213900-26-098588-index.htm,EX-99.1,"PRESS RELEASE, DATED SEPTEMBER 10, 2026",https://www.sec.gov/Archives/edgar/data/1676163/000121390026098588/ea030502401ex99-1.htm,False,
METCI,2026-09-10 00:00:00,https://www.sec.gov/Archives/edgar/data/1687187/000121390026098589/0001213900-26-098589-index.htm,8-K,CURRENT REPORT,https://www.sec.gov/Archives/edgar/data/1687187/000121390026098589/ea0305007-8k_ramaco.htm,False,
METCI,2026-09-10 00:00:00,https://www.sec.gov/Archives/edgar/data/1687187/000121390026098589/0001213900-26-098589-index.htm,EX-99.1,"PRESS RELEASE ISSUED BY RAMACO RESOURCES, INC. DATED SEPTEMBER 10, 2026",https://www.sec.gov/Archives/edgar/data/1687187/000121390026098589/ea030500701ex99-1.htm,False,
METC,2026-09-10 00:00:00,https://www.sec.gov/Archives/edgar/data/1687187/000121390026098589/0001213900-26-098589-index.htm,8-K,CURRENT REPORT,https://www.sec.gov/Archives/edgar/data/1687187/000121390026098589/ea0305007-8k_ramaco.htm,False,
METC,2026-09-10 00:00:00,https://www.sec.gov/Archives/edgar/data/1687187/000121390026098589/0001213900-26-098589-index.htm,EX-99.1,"PRESS RELEASE ISSUED BY RAMACO RESOURCES, INC. DATED SEPTEMBER 10, 2026",https://www.sec.gov/Archives/edgar/data/1687187/000121390026098589/ea030500701ex99-1.htm,False,
METCB,2026-09-10 00:00:00,https://www.sec.gov/Archives/edgar/data/1687187/000121390026098589/0001213900-26-098589-index.htm,8-K,CURRENT REPORT,https://www.sec.gov/Archives/edgar/data/1687187/000121390026098589/ea0305007-8k_ramaco.htm,False,
METCB,2026-09-10 00:00:00,https://www.sec.gov/Archives/edgar/data/1687187/000121390026098589/0001213900-26-098589-index.htm,EX-99.1,"PRESS RELEASE ISSUED BY RAMACO RESOURCES, INC. DATED SEPTEMBER 10, 2026",https://www.sec.gov/Archives/edgar/data/1687187/000121390026098589/ea030500701ex99-1.htm,False,
METCL,2026-09-10 00:00:00,https://www.sec.gov/Archives/edgar/data/1687187/000121390026098589/0001213900-26-098589-index.htm,8-K,CURRENT REPORT,https://www.sec.gov/Archives/edgar/data/1687187/000121390026098589/ea0305007-8k_ramaco.htm,False,
METCL,2026-09-10 00:00:00,https://www.sec.gov/Archives/edgar/data/1687187/000121390026098589/0001213900-26-098589-index.htm,EX-99.1,"PRESS RELEASE ISSUED BY RAMACO RESOURCES, INC. DATED SEPTEMBER 10, 2026",https://www.sec.gov/Archives/edgar/data/1687187/000121390026098589/ea030500701ex99-1.htm,False,
METCZ,2026-09-10 00:00:00,https://www.sec.gov/Archives/edgar/data/1687187/000121390026098589/0001213900-26-098589-index.htm,8-K,CURRENT REPORT,https://www.sec.gov/Archives/edgar/data/1687187/000121390026098589/ea0305007-8k_ramaco.htm,False,
METCZ,2026-09-10 00:00:00,https://www.sec.gov/Archives/edgar/data/1687187/000121390026098589/0001213900-26-098589-index.htm,EX-99.1,"PRESS RELEASE ISSUED BY RAMACO RESOURCES, INC. DATED SEPTEMBER 10, 2026",https://www.sec.gov/Archives/edgar/data/1687187/000121390026098589/ea030500701ex99-1.htm,False,
BCDAW,2026-09-10 00:00:00,https://www.sec.gov/Archives/edgar/data/925741/000143774926030023/0001437749-26-030023-index.htm,8-K,FORM 8-K,https://www.sec.gov/Archives/edgar/data/925741/000143774926030023/bcda20260908_8k.htm,False,
BCDAW,2026-09-10 00:00:00,https://www.sec.gov/Archives/edgar/data/925741/000143774926030023/0001437749-26-030023-index.htm,EX-99.1,EXHIBIT 99.1,https://www.sec.gov/Archives/edgar/data/925741/000143774926030023/ex_1014043.htm,False,
BCDA,2026-09-10 00:00:00,https://www.sec.gov/Archives/edgar/data/925741/000143774926030023/0001437749-26-030023-index.htm,8-K,FORM 8-K,https://www.sec.gov/Archives/edgar/data/925741/000143774926030023/bcda20260908_8k.htm,False,
BCDA,2026-09-10 00:00:00,https://www.sec.gov/Archives/edgar/data/925741/000143774926030023/0001437749-26-030023-index.htm,EX-99.1,EXHIBIT 99.1,https://www.sec.gov/Archives/edgar/data/925741/000143774926030023/ex_1014043.htm,False,
VRSSF,2026-09-10 00:00:00,https://www.sec.gov/Archives/edgar/data/1701963/000121390026098586/0001213900-26-098586-index.htm,8-K,CURRENT REPORT,https://www.sec.gov/Archives/edgar/data/1701963/000121390026098586/ea0305045-8k_versus.htm,False,
VSSYW,2026-09-10 00:00:00,https://www.sec.gov/Archives/edgar/data/1701963/000121390026098586/0001213900-26-098586-index.htm,8-K,CURRENT REPORT,https://www.sec.gov/Archives/edgar/data/1701963/000121390026098586/ea0305045-8k_versus.htm,False,
VS,2026-09-10 00:00:00,https://www.sec.gov/Archives/edgar/data/1701963/000121390026098586/0001213900-26-098586-index.htm,8-K,CURRENT REPORT,https://www.sec.gov/Archives/edgar/data/1701963/000121390026098586/ea0305045-8k_versus.htm,False,
ONCY,2026-09-10 00:00:00,https://www.sec.gov/Archives/edgar/data/1129928/000112992826000055/0001129928-26-000055-index.htm,8-K,8-K,https://www.sec.gov/Archives/edgar/data/1129928/000112992826000055/oncy-20260910.htm,False,
ONCY,2026-09-10 00:00:00,https://www.sec.gov/Archives/edgar/data/1129928/000112992826000055/0001129928-26-000055-index.htm,EX-99.1,EX-99.1,https://www.sec.gov/Archives/edgar/data/1129928/000112992826000055/oncolyticsrascrcpreclinica.htm,False,
CADL,2026-09-10 00:00:00,https://www.sec.gov/Archives/edgar/data/1841387/000119312526387310/0001193125-26-387310-index.htm,8-K,8-K,https://www.sec.gov/Archives/edgar/data/1841387/000119312526387310/cadl-20260906.htm,False,
CADL,2026-09-10 00:00:00,https://www.sec.gov/Archives/edgar/data/1841387/000119312526387310/0001193125-26-387310-index.htm,EX-99.1,EX-99.1,https://www.sec.gov/Archives/edgar/data/1841387/000119312526387310/cadl-ex99_1.htm,False,
None,2026-09-10 00:00:00,https://www.sec.gov/Archives/edgar/data/2023016/000121390026098584/0001213900-26-098584-index.htm,8-K,CURRENT REPORT,https://www.sec.gov/Archives/edgar/data/2023016/000121390026098584/ea0305037-8k_turn.htm,False,
None,2026-09-10 00:00:00,https://www.sec.gov/Archives/edgar/data/2023016/000121390026098584/0001213900-26-098584-index.htm,EX-99.1,"PRESS RELEASE, DATED SEPTEMBER 10, 2026",https://www.sec.gov/Archives/edgar/data/2023016/000121390026098584/ea030503701ex99-1.htm,False,
BIGC,2026-09-10 00:00:00,https://www.sec.gov/Archives/edgar/data/1626450/000119312526387279/0001193125-26-387279-index.htm,8-K,8-K,https://www.sec.gov/Archives/edgar/data/1626450/000119312526387279/bigc-20250515.htm,False,
BIGC,2026-09-10 00:00:00,https://www.sec.gov/Archives/edgar/data/1626450/000119312526387279/0001193125-26-387279-index.htm,EX-99.1,EX-99.1,https://www.sec.gov/Archives/edgar/data/1626450/000119312526387279/bigc-ex99_1.htm,False,
CMRC,2026-09-10 00:00:00,https://www.sec.gov/Archives/edgar/data/1626450/000119312526387279/0001193125-26-387279-index.htm,8-K,8-K,https://www.sec.gov/Archives/edgar/data/1626450/000119312526387279/bigc-20250515.htm,False,
CMRC,2026-09-10 00:00:00,https://www.sec.gov/Archives/edgar/data/1626450/000119312526387279/0001193125-26-387279-index.htm,EX-99.1,EX-99.1,https://www.sec.gov/Archives/edgar/data/1626450/000119312526387279/bigc-ex99_1.htm,False,
SCYX,2026-09-10 00:00:00,https://www.sec.gov/Archives/edgar/data/1178253/000117825326000031/0001178253-26-000031-index.htm,8-K,8-K,https://www.sec.gov/Archives/edgar/data/1178253/000117825326000031/scyx-20260909.htm,False,
SCYX,2026-09-10 00:00:00,https://www.sec.gov/Archives/edgar/data/1178253/000117825326000031/0001178253-26-000031-index.htm,EX-99.1,EX-99.1,https://www.sec.gov/Archives/edgar/data/1178253/000117825326000031/scyx-ex99_1.htm,False,
CYTX,2026-09-10 00:00:00,https://www.sec.gov/Archives/edgar/data/1095981/000119312526387267/0001193125-26-387267-index.htm,8-K,8-K,https://www.sec.gov/Archives/edgar/data/1095981/000119312526387267/d382364d8k.htm,True,
CYTX,2026-09-10 00:00:00,https://www.sec.gov/Archives/edgar/data/1095981/000119312526387267/0001193125-26-387267-index.htm,EX-10.1,EX-10.1,https://www.sec.gov/Archives/edgar/data/1095981/000119312526387267/d382364dex101.htm,True,
CYTX,2026-09-10 00:00:00,https://www.sec.gov/Archives/edgar/data/1095981/000119312526387267/0001193125-26-387267-index.htm,EX-10.2,EX-10.2,https://www.sec.gov/Archives/edgar/data/1095981/000119312526387267/d382364dex102.htm,False,
CYTX,2026-09-10 00:00:00,https://www.sec.gov/Archives/edgar/data/1095981/000119312526387267/0001193125-26-387267-index.htm,EX-99.1,EX-99.1,https://www.sec.gov/Archives/edgar/data/1095981/000119312526387267/d382364dex991.htm,False,
PSTV,2026-09-10 00:00:00,https://www.sec.gov/Archives/edgar/data/1095981/000119312526387267/0001193125-26-387267-index.htm,8-K,8-K,https://www.sec.gov/Archives/edgar/data/1095981/000119312526387267/d382364d8k.htm,True,
PSTV,2026-09-10 00:00:00,https://www.sec.gov/Archives/edgar/data/1095981/000119312526387267/0001193125-26-387267-index.htm,EX-10.1,EX-10.1,https://www.sec.gov/Archives/edgar/data/1095981/000119312526387267/d382364dex101.htm,True,
PSTV,2026-09-10 00:00:00,https://www.sec.gov/Archives/edgar/data/1095981/000119312526387267/0001193125-26-387267-index.htm,EX-10.2,EX-10.2,https://www.sec.gov/Archives/edgar/data/1095981/000119312526387267/d382364dex102.htm,False,
PSTV,2026-09-10 00:00:00,https://www.sec.gov/Archives/edgar/data/1095981/000119312526387267/0001193125-26-387267-index.htm,EX-99.1,EX-99.1,https://www.sec.gov/Archives/edgar/data/1095981/000119312526387267/d382364dex991.htm,False,
ZNOGW,2026-09-10 00:00:00,https://www.sec.gov/Archives/edgar/data/1131312/000143774926030020/0001437749-26-030020-index.htm,8-K,FORM 8-K,https://www.sec.gov/Archives/edgar/data/1131312/000143774926030020/znog20260909_8k.htm,False,
ZNOG,2026-09-10 00:00:00,https://www.sec.gov/Archives/edgar/data/1131312/000143774926030020/0001437749-26-030020-index.htm,8-K,FORM 8-K,https://www.sec.gov/Archives/edgar/data/1131312/000143774926030020/znog20260909_8k.htm,False,
HBANP,2026-09-10 00:00:00,https://www.sec.gov/Archives/edgar/data/49196/000004919626000073/0000049196-26-000073-index.htm,8-K,8-K,https://www.sec.gov/Archives/edgar/data/49196/000004919626000073/hban-20260903.htm,False,
HBANL,2026-09-10 00:00:00,https://www.sec.gov/Archives/edgar/data/49196/000004919626000073/0000049196-26-000073-index.htm,8-K,8-K,https://www.sec.gov/Archives/edgar/data/49196/000004919626000073/hban-20260903.htm,False,
HBAN,2026-09-10 00:00:00,https://www.sec.gov/Archives/edgar/data/49196/000004919626000073/0000049196-26-000073-index.htm,8-K,8-K,https://www.sec.gov/Archives/edgar/data/49196/000004919626000073/hban-20260903.htm,False,
HBANO,2026-09-10 00:00:00,https://www.sec.gov/Archives/edgar/data/49196/000004919626000073/0000049196-26-000073-index.htm,8-K,8-K,https://www.sec.gov/Archives/edgar/data/49196/000004919626000073/hban-20260903.htm,False,
HBANM,2026-09-10 00:00:00,https://www.sec.gov/Archives/edgar/data/49196/000004919626000073/0000049196-26-000073-index.htm,8-K,8-K,https://www.sec.gov/Archives/edgar/data/49196/000004919626000073/hban-20260903.htm,False,
HBANN,2026-09-10 00:00:00,https://www.sec.gov/Archives/edgar/data/49196/000004919626000073/0000049196-26-000073-index.htm,8-K,8-K,https://www.sec.gov/Archives/edgar/data/49196/000004919626000073/hban-20260903.htm,False,
HNVR,2026-09-10 00:00:00,https://www.sec.gov/Archives/edgar/data/1828588/000110465926106555/0001104659-26-106555-index.htm,8-K,8-K,https://www.sec.gov/Archives/edgar/data/1828588/000110465926106555/hnvr-20260910x8k.htm,False,
HNVR,2026-09-10 00:00:00,https://www.sec.gov/Archives/edgar/data/1828588/000110465926106555/0001104659-26-106555-index.htm,EX-99.1,EX-99.1,https://www.sec.gov/Archives/edgar/data/1828588/000110465926106555/hnvr-20260910xex99d1.htm,True,
None,2026-09-10 00:00:00,https://www.sec.gov/Archives/edgar/data/2070542/000121390026098580/0001213900-26-098580-index.htm,8-K,CURRENT REPORT,https://www.sec.gov/Archives/edgar/data/2070542/000121390026098580/ea0304971-8k_aib.htm,False,
None,2026-09-10 00:00:00,https://www.sec.gov/Archives/edgar/data/2070542/000121390026098580/0001213900-26-098580-index.htm,EX-99.1,"INVESTOR PRESENTATION, SEPTEMBER 2026",https://www.sec.gov/Archives/edgar/data/2070542/000121390026098580/ea030497101ex99-1.htm,False,
Q,2026-09-10 00:00:00,https://www.sec.gov/Archives/edgar/data/2058873/000205887326000037/0002058873-26-000037-index.htm,8-K,8-K,https://www.sec.gov/Archives/edgar/data/2058873/000205887326000037/q-20260910.htm,False,
CTVA,2026-09-10 00:00:00,https://www.sec.gov/Archives/edgar/data/1755672/000119312526387254/0001193125-26-387254-index.htm,8-K,8-K,https://www.sec.gov/Archives/edgar/data/30554/000119312526387254/d121501d8k.htm,False,
CTVA,2026-09-10 00:00:00,https://www.sec.gov/Archives/edgar/data/1755672/000119312526387254/0001193125-26-387254-index.htm,EX-10.1,EX-10.1,https://www.sec.gov/Archives/edgar/data/30554/000119312526387254/d121501dex101.htm,False,
CTA-PA,2026-09-10 00:00:00,https://www.sec.gov/Archives/edgar/data/30554/000119312526387254/0001193125-26-387254-index.htm,8-K,8-K,https://www.sec.gov/Archives/edgar/data/30554/000119312526387254/d121501d8k.htm,False,
CTA-PA,2026-09-10 00:00:00,https://www.sec.gov/Archives/edgar/data/30554/000119312526387254/0001193125-26-387254-index.htm,EX-10.1,EX-10.1,https://www.sec.gov/Archives/edgar/data/30554/000119312526387254/d121501dex101.htm,False,
CTA-PB,2026-09-10 00:00:00,https://www.sec.gov/Archives/edgar/data/30554/000119312526387254/0001193125-26-387254-index.htm,8-K,8-K,https://www.sec.gov/Archives/edgar/data/30554/000119312526387254/d121501d8k.htm,False,
CTA-PB,2026-09-10 00:00:00,https://www.sec.gov/Archives/edgar/data/30554/000119312526387254/0001193125-26-387254-index.htm,EX-10.1,EX-10.1,https://www.sec.gov/Archives/edgar/data/30554/000119312526387254/d121501dex101.htm,False,
WPC,2026-09-10 00:00:00,https://www.sec.gov/Archives/edgar/data/1025378/000102537826000121/0001025378-26-000121-index.htm,8-K,8-K,https://www.sec.gov/Archives/edgar/data/1025378/000102537826000121/wpc-20260910.htm,False,
WPC,2026-09-10 00:00:00,https://www.sec.gov/Archives/edgar/data/1025378/000102537826000121/0001025378-26-000121-index.htm,EX-99.1,EX-99.1,https://www.sec.gov/Archives/edgar/data/1025378/000102537826000121/wpc2026q3businessupdateexh.htm,False,
MCFT,2026-09-10 00:00:00,https://www.sec.gov/Archives/edgar/data/1638290/000119312526387237/0001193125-26-387237-index.htm,8-K,8-K,https://www.sec.gov/Archives/edgar/data/1638290/000119312526387237/mcft-20260910.htm,False,
MCFT,2026-09-10 00:00:00,https://www.sec.gov/Archives/edgar/data/1638290/000119312526387237/0001193125-26-387237-index.htm,EX-99.1,EX-99.1,https://www.sec.gov/Archives/edgar/data/1638290/000119312526387237/mcft-ex99_1.htm,False,
DRH,2026-09-10 00:00:00,https://www.sec.gov/Archives/edgar/data/1298946/000129894626000041/0001298946-26-000041-index.htm,8-K,8-K,https://www.sec.gov/Archives/edgar/data/1298946/000129894626000041/drh-20260910.htm,False,
DRH,2026-09-10 00:00:00,https://www.sec.gov/Archives/edgar/data/1298946/000129894626000041/0001298946-26-000041-index.htm,EX-99.1,EX-99.1,https://www.sec.gov/Archives/edgar/data/1298946/000129894626000041/september2026finalinvest.htm,True,
DRH-PA,2026-09-10 00:00:00,https://www.sec.gov/Archives/edgar/data/1298946/000129894626000041/0001298946-26-000041-index.htm,8-K,8-K,https://www.sec.gov/Archives/edgar/data/1298946/000129894626000041/drh-20260910.htm,False,
DRH-PA,2026-09-10 00:00:00,https://www.sec.gov/Archives/edgar/data/1298946/000129894626000041/0001298946-26-000041-index.htm,EX-99.1,EX-99.1,https://www.sec.gov/Archives/edgar/data/1298946/000129894626000041/september2026finalinvest.htm,True,
TRMK,2026-09-10 00:00:00,https://www.sec.gov/Archives/edgar/data/36146/000119312526387233/0001193125-26-387233-index.htm,8-K,8-K,https://www.sec.gov/Archives/edgar/data/36146/000119312526387233/trmk-20260903.htm,True,
TRMK,2026-09-10 00:00:00,https://www.sec.gov/Archives/edgar/data/36146/000119312526387233/0001193125-26-387233-index.htm,EX-10.1,EX-10.1,https://www.sec.gov/Archives/edgar/data/36146/000119312526387233/trmk-ex10_1.htm,False,
TRMK,2026-09-10 00:00:00,https://www.sec.gov/Archives/edgar/data/36146/000119312526387233/0001193125-26-387233-index.htm,EX-10.2,EX-10.2,https://www.sec.gov/Archives/edgar/data/36146/000119312526387233/trmk-ex10_2.htm,False,
PRLD,2026-09-10 00:00:00,https://www.sec.gov/Archives/edgar/data/1678660/000119312526387232/0001193125-26-387232-index.htm,8-K,8-K,https://www.sec.gov/Archives/edgar/data/1678660/000119312526387232/prld-20260910.htm,False,
PRLD,2026-09-10 00:00:00,https://www.sec.gov/Archives/edgar/data/1678660/000119312526387232/0001193125-26-387232-index.htm,EX-99.1,EX-99.1,https://www.sec.gov/Archives/edgar/data/1678660/000119312526387232/prld-ex99_1.htm,False,
CORZR,2026-09-10 00:00:00,https://www.sec.gov/Archives/edgar/data/1839341/000183934126000023/0001839341-26-000023-index.htm,8-K,8-K,https://www.sec.gov/Archives/edgar/data/1839341/000183934126000023/core-20260910.htm,False,
CORZZ,2026-09-10 00:00:00,https://www.sec.gov/Archives/edgar/data/1839341/000183934126000023/0001839341-26-000023-index.htm,8-K,8-K,https://www.sec.gov/Archives/edgar/data/1839341/000183934126000023/core-20260910.htm,False,
CORZW,2026-09-10 00:00:00,https://www.sec.gov/Archives/edgar/data/1839341/000183934126000023/0001839341-26-000023-index.htm,8-K,8-K,https://www.sec.gov/Archives/edgar/data/1839341/000183934126000023/core-20260910.htm,False,
CORZ,2026-09-10 00:00:00,https://www.sec.gov/Archives/edgar/data/1839341/000183934126000023/0001839341-26-000023-index.htm,8-K,8-K,https://www.sec.gov/Archives/edgar/data/1839341/000183934126000023/core-20260910.htm,False,
XPDI,2026-09-10 00:00:00,https://www.sec.gov/Archives/edgar/data/1839341/000183934126000023/0001839341-26-000023-index.htm,8-K,8-K,https://www.sec.gov/Archives/edgar/data/1839341/000183934126000023/core-20260910.htm,False,
XPDIU,2026-09-10 00:00:00,https://www.sec.gov/Archives/edgar/data/1839341/000183934126000023/0001839341-26-000023-index.htm,8-K,8-K,https://www.sec.gov/Archives/edgar/data/1839341/000183934126000023/core-20260910.htm,False,
XPDIW,2026-09-10 00:00:00,https://www.sec.gov/Archives/edgar/data/1839341/000183934126000023/0001839341-26-000023-index.htm,8-K,8-K,https://www.sec.gov/Archives/edgar/data/1839341/000183934126000023/core-20260910.htm,False,
VFF,2026-09-10 00:00:00,https://www.sec.gov/Archives/edgar/data/1584549/000119312526387204/0001193125-26-387204-index.htm,8-K,8-K,https://www.sec.gov/Archives/edgar/data/1584549/000119312526387204/vff-20260910.htm,False,
VFF,2026-09-10 00:00:00,https://www.sec.gov/Archives/edgar/data/1584549/000119312526387204/0001193125-26-387204-index.htm,EX-99.1,EX-99.1,https://www.sec.gov/Archives/edgar/data/1584549/000119312526387204/vff-ex99_1.htm,False,
RWTN,2026-09-10 00:00:00,https://www.sec.gov/Archives/edgar/data/930236/000110465926106539/0001104659-26-106539-index.htm,8-K,FORM 8-K,https://www.sec.gov/Archives/edgar/data/930236/000110465926106539/tm2625156d1_8k.htm,False,
RWTN,2026-09-10 00:00:00,https://www.sec.gov/Archives/edgar/data/930236/000110465926106539/0001104659-26-106539-index.htm,EX-99.1,EXHIBIT 99.1,https://www.sec.gov/Archives/edgar/data/930236/000110465926106539/tm2625156d1_ex99-1.htm,False,
RWT-PA,2026-09-10 00:00:00,https://www.sec.gov/Archives/edgar/data/930236/000110465926106539/0001104659-26-106539-index.htm,8-K,FORM 8-K,https://www.sec.gov/Archives/edgar/data/930236/000110465926106539/tm2625156d1_8k.htm,False,
RWT-PA,2026-09-10 00:00:00,https://www.sec.gov/Archives/edgar/data/930236/000110465926106539/0001104659-26-106539-index.htm,EX-99.1,EXHIBIT 99.1,https://www.sec.gov/Archives/edgar/data/930236/000110465926106539/tm2625156d1_ex99-1.htm,False,
RWTO,2026-09-10 00:00:00,https://www.sec.gov/Archives/edgar/data/930236/000110465926106539/0001104659-26-106539-index.htm,8-K,FORM 8-K,https://www.sec.gov/Archives/edgar/data/930236/000110465926106539/tm2625156d1_8k.htm,False,
RWTO,2026-09-10 00:00:00,https://www.sec.gov/Archives/edgar/data/930236/000110465926106539/0001104659-26-106539-index.htm,EX-99.1,EXHIBIT 99.1,https://www.sec.gov/Archives/edgar/data/930236/000110465926106539/tm2625156d1_ex99-1.htm,False,
RWTP,2026-09-10 00:00:00,https://www.sec.gov/Archives/edgar/data/930236/000110465926106539/0001104659-26-106539-index.htm,8-K,FORM 8-K,https://www.sec.gov/Archives/edgar/data/930236/000110465926106539/tm2625156d1_8k.htm,False,
RWTP,2026-09-10 00:00:00,https://www.sec.gov/Archives/edgar/data/930236/000110465926106539/0001104659-26-106539-index.htm,EX-99.1,EXHIBIT 99.1,https://www.sec.gov/Archives/edgar/data/930236/000110465926106539/tm2625156d1_ex99-1.htm,False,
RWT,2026-09-10 00:00:00,https://www.sec.gov/Archives/edgar/data/930236/000110465926106539/0001104659-26-106539-index.htm,8-K,FORM 8-K,https://www.sec.gov/Archives/edgar/data/930236/000110465926106539/tm2625156d1_8k.htm,False,
RWT,2026-09-10 00:00:00,https://www.sec.gov/Archives/edgar/data/930236/000110465926106539/0001104659-26-106539-index.htm,EX-99.1,EXHIBIT 99.1,https://www.sec.gov/Archives/edgar/data/930236/000110465926106539/tm2625156d1_ex99-1.htm,False,
FLWS,2026-09-10 00:00:00,https://www.sec.gov/Archives/edgar/data/1084869/000108486926000024/0001084869-26-000024-index.htm,8-K,8-K,https://www.sec.gov/Archives/edgar/data/1084869/000108486926000024/flws-20260909.htm,True,
FLWS,2026-09-10 00:00:00,https://www.sec.gov/Archives/edgar/data/1084869/000108486926000024/0001084869-26-000024-index.htm,EX-10.1,EX-10.1,https://www.sec.gov/Archives/edgar/data/1084869/000108486926000024/exhibit101toflws8k09102026.htm,True,
FLWS,2026-09-10 00:00:00,https://www.sec.gov/Archives/edgar/data/1084869/000108486926000024/0001084869-26-000024-index.htm,EX-99.1,EX-99.1,https://www.sec.gov/Archives/edgar/data/1084869/000108486926000024/flws-fiscal2026xexx99x1xfi.htm,True,
DD,2026-09-10 00:00:00,https://www.sec.gov/Archives/edgar/data/1666700/000166670026000055/0001666700-26-000055-index.htm,8-K,8-K,https://www.sec.gov/Archives/edgar/data/1666700/000166670026000055/dd-20260909.htm,True,
DD,2026-09-10 00:00:00,https://www.sec.gov/Archives/edgar/data/1666700/000166670026000055/0001666700-26-000055-index.htm,EX-10.1,EX-10.1,https://www.sec.gov/Archives/edgar/data/1666700/000166670026000055/exhibit101.htm,False,
DD,2026-09-10 00:00:00,https://www.sec.gov/Archives/edgar/data/1666700/000166670026000055/0001666700-26-000055-index.htm,EX-99.1,EX-99.1,https://www.sec.gov/Archives/edgar/data/1666700/000166670026000055/dupontpr-northcarolina.htm,False,
MIDDV,2026-09-10 00:00:00,https://www.sec.gov/Archives/edgar/data/769520/000110465926106538/0001104659-26-106538-index.htm,8-K,FORM 8-K,https://www.sec.gov/Archives/edgar/data/769520/000110465926106538/tm2625101d1_8k.htm,False,
MIDDV,2026-09-10 00:00:00,https://www.sec.gov/Archives/edgar/data/769520/000110465926106538/0001104659-26-106538-index.htm,EX-99.1,EXHIBIT 99.1,https://www.sec.gov/Archives/edgar/data/769520/000110465926106538/tm2625101d1_ex99-1.htm,False,
MIDD,2026-09-10 00:00:00,https://www.sec.gov/Archives/edgar/data/769520/000110465926106538/0001104659-26-106538-index.htm,8-K,FORM 8-K,https://www.sec.gov/Archives/edgar/data/769520/000110465926106538/tm2625101d1_8k.htm,False,
MIDD,2026-09-10 00:00:00,https://www.sec.gov/Archives/edgar/data/769520/000110465926106538/0001104659-26-106538-index.htm,EX-99.1,EXHIBIT 99.1,https://www.sec.gov/Archives/edgar/data/769520/000110465926106538/tm2625101d1_ex99-1.htm,False,
TGLS,2026-09-10 00:00:00,https://www.sec.gov/Archives/edgar/data/1534675/000149315226042072/0001493152-26-042072-index.htm,8-K,8-K,https://www.sec.gov/Archives/edgar/data/1534675/000149315226042072/form8-k.htm,False,
TGLS,2026-09-10 00:00:00,https://www.sec.gov/Archives/edgar/data/1534675/000149315226042072/0001493152-26-042072-index.htm,EX-99.1,EX-99.1,https://www.sec.gov/Archives/edgar/data/1534675/000149315226042072/ex99-1.htm,False,
EYPT,2026-09-10 00:00:00,https://www.sec.gov/Archives/edgar/data/1314102/000119312526387197/0001193125-26-387197-index.htm,8-K,8-K,https://www.sec.gov/Archives/edgar/data/1314102/000119312526387197/eypt-20260910.htm,False,
EYPT,2026-09-10 00:00:00,https://www.sec.gov/Archives/edgar/data/1314102/000119312526387197/0001193125-26-387197-index.htm,EX-99.1,EX-99.1,https://www.sec.gov/Archives/edgar/data/1314102/000119312526387197/eypt-ex99_1.htm,False,
PSDV,2026-09-10 00:00:00,https://www.sec.gov/Archives/edgar/data/1314102/000119312526387197/0001193125-26-387197-index.htm,8-K,8-K,https://www.sec.gov/Archives/edgar/data/1314102/000119312526387197/eypt-20260910.htm,False,
PSDV,2026-09-10 00:00:00,https://www.sec.gov/Archives/edgar/data/1314102/000119312526387197/0001193125-26-387197-index.htm,EX-99.1,EX-99.1,https://www.sec.gov/Archives/edgar/data/1314102/000119312526387197/eypt-ex99_1.htm,False,
MBLY,2026-09-10 00:00:00,https://www.sec.gov/Archives/edgar/data/1910139/000110465926106535/0001104659-26-106535-index.htm,8-K,FORM 8-K,https://www.sec.gov/Archives/edgar/data/1910139/000110465926106535/tm2624975d2_8k.htm,False,
VNCE,2026-09-10 00:00:00,https://www.sec.gov/Archives/edgar/data/1579157/000119312526387188/0001193125-26-387188-index.htm,8-K,8-K,https://www.sec.gov/Archives/edgar/data/1579157/000119312526387188/vnce-20260910.htm,False,
VNCE,2026-09-10 00:00:00,https://www.sec.gov/Archives/edgar/data/1579157/000119312526387188/0001193125-26-387188-index.htm,EX-99.1,EX-99.1,https://www.sec.gov/Archives/edgar/data/1579157/000119312526387188/vnce-ex99_1.htm,True,
LOVE,2026-09-10 00:00:00,https://www.sec.gov/Archives/edgar/data/1701758/000162828026061219/0001628280-26-061219-index.htm,8-K,8-K,https://www.sec.gov/Archives/edgar/data/1701758/000162828026061219/love-20260910.htm,False,
LOVE,2026-09-10 00:00:00,https://www.sec.gov/Archives/edgar/data/1701758/000162828026061219/0001628280-26-061219-index.htm,EX-99.1,EX-99.1,https://www.sec.gov/Archives/edgar/data/1701758/000162828026061219/q2fy27pressrelease.htm,False,
FTRE,2026-09-10 00:00:00,https://www.sec.gov/Archives/edgar/data/1965040/000162828026061218/0001628280-26-061218-index.htm,8-K,8-K,https://www.sec.gov/Archives/edgar/data/1965040/000162828026061218/ftre-20260909.htm,False,
DSGR,2026-09-10 00:00:00,https://www.sec.gov/Archives/edgar/data/703604/000119312526387187/0001193125-26-387187-index.htm,8-K,8-K,https://www.sec.gov/Archives/edgar/data/703604/000119312526387187/d169511d8k.htm,False,
DSGR,2026-09-10 00:00:00,https://www.sec.gov/Archives/edgar/data/703604/000119312526387187/0001193125-26-387187-index.htm,EX-99.1,EX-99.1,https://www.sec.gov/Archives/edgar/data/703604/000119312526387187/d169511dex991.htm,True,
LAWS,2026-09-10 00:00:00,https://www.sec.gov/Archives/edgar/data/703604/000119312526387187/0001193125-26-387187-index.htm,8-K,8-K,https://www.sec.gov/Archives/edgar/data/703604/000119312526387187/d169511d8k.htm,False,
LAWS,2026-09-10 00:00:00,https://www.sec.gov/Archives/edgar/data/703604/000119312526387187/0001193125-26-387187-index.htm,EX-99.1,EX-99.1,https://www.sec.gov/Archives/edgar/data/703604/000119312526387187/d169511dex991.htm,True,
PNFP-PB,2026-09-10 00:00:00,https://www.sec.gov/Archives/edgar/data/2082866/000208286626000085/0002082866-26-000085-index.htm,8-K,8-K,https://www.sec.gov/Archives/edgar/data/2082866/000208286626000085/pnfp-20260909.htm,False,
PNFP-PB,2026-09-10 00:00:00,https://www.sec.gov/Archives/edgar/data/2082866/000208286626000085/0002082866-26-000085-index.htm,EX-10.1,EX-10.1,https://www.sec.gov/Archives/edgar/data/2082866/000208286626000085/exhibit101.htm,False,
PNFP,2026-09-10 00:00:00,https://www.sec.gov/Archives/edgar/data/2082866/000208286626000085/0002082866-26-000085-index.htm,8-K,8-K,https://www.sec.gov/Archives/edgar/data/2082866/000208286626000085/pnfp-20260909.htm,False,
PNFP,2026-09-10 00:00:00,https://www.sec.gov/Archives/edgar/data/2082866/000208286626000085/0002082866-26-000085-index.htm,EX-10.1,EX-10.1,https://www.sec.gov/Archives/edgar/data/2082866/000208286626000085/exhibit101.htm,False,
PNFP-PA,2026-09-10 00:00:00,https://www.sec.gov/Archives/edgar/data/2082866/000208286626000085/0002082866-26-000085-index.htm,8-K,8-K,https://www.sec.gov/Archives/edgar/data/2082866/000208286626000085/pnfp-20260909.htm,False,
PNFP-PA,2026-09-10 00:00:00,https://www.sec.gov/Archives/edgar/data/2082866/000208286626000085/0002082866-26-000085-index.htm,EX-10.1,EX-10.1,https://www.sec.gov/Archives/edgar/data/2082866/000208286626000085/exhibit101.htm,False,
PNFP-PC,2026-09-10 00:00:00,https://www.sec.gov/Archives/edgar/data/2082866/000208286626000085/0002082866-26-000085-index.htm,8-K,8-K,https://www.sec.gov/Archives/edgar/data/2082866/000208286626000085/pnfp-20260909.htm,False,
PNFP-PC,2026-09-10 00:00:00,https://www.sec.gov/Archives/edgar/data/2082866/000208286626000085/0002082866-26-000085-index.htm,EX-10.1,EX-10.1,https://www.sec.gov/Archives/edgar/data/2082866/000208286626000085/exhibit101.htm,False,
CNOB,2026-09-10 00:00:00,https://www.sec.gov/Archives/edgar/data/712771/000143774926030018/0001437749-26-030018-index.htm,8-K,FORM 8-K,https://www.sec.gov/Archives/edgar/data/712771/000143774926030018/cnob20260810_8k.htm,False,
CNOB,2026-09-10 00:00:00,https://www.sec.gov/Archives/edgar/data/712771/000143774926030018/0001437749-26-030018-index.htm,EX-99.1,EXHIBIT 99.1,https://www.sec.gov/Archives/edgar/data/712771/000143774926030018/ex_1002016_source.htm,False,
CNOBP,2026-09-10 00:00:00,https://www.sec.gov/Archives/edgar/data/712771/000143774926030018/0001437749-26-030018-index.htm,8-K,FORM 8-K,https://www.sec.gov/Archives/edgar/data/712771/000143774926030018/cnob20260810_8k.htm,False,
CNOBP,2026-09-10 00:00:00,https://www.sec.gov/Archives/edgar/data/712771/000143774926030018/0001437749-26-030018-index.htm,EX-99.1,EXHIBIT 99.1,https://www.sec.gov/Archives/edgar/data/712771/000143774926030018/ex_1002016_source.htm,False,
MBLY,2026-09-10 00:00:00,https://www.sec.gov/Archives/edgar/data/1910139/000110465926106534/0001104659-26-106534-index.htm,8-K,FORM 8-K,https://www.sec.gov/Archives/edgar/data/1910139/000110465926106534/tm2624975d1_8k.htm,False,
JBLU,2026-09-10 00:00:00,https://www.sec.gov/Archives/edgar/data/1158463/000115846326000089/0001158463-26-000089-index.htm,8-K,8-K,https://www.sec.gov/Archives/edgar/data/1158463/000115846326000089/jblu-20260910.htm,False,
M&MFIN.NS,2026-09-10 00:00:00,https://www.sec.gov/Archives/edgar/data/794367/000162828026061217/0001628280-26-061217-index.htm,8-K,8-K,https://www.sec.gov/Archives/edgar/data/794367/000162828026061217/n-20260910.htm,False,
M&MFIN.NS,2026-09-10 00:00:00,https://www.sec.gov/Archives/edgar/data/794367/000162828026061217/0001628280-26-061217-index.htm,EX-99.1,EX-99.1,https://www.sec.gov/Archives/edgar/data/794367/000162828026061217/m-20260910xexx991.htm,False,
M&M.NS,2026-09-10 00:00:00,https://www.sec.gov/Archives/edgar/data/794367/000162828026061217/0001628280-26-061217-index.htm,8-K,8-K,https://www.sec.gov/Archives/edgar/data/794367/000162828026061217/n-20260910.htm,False,
M&M.NS,2026-09-10 00:00:00,https://www.sec.gov/Archives/edgar/data/794367/000162828026061217/0001628280-26-061217-index.htm,EX-99.1,EX-99.1,https://www.sec.gov/Archives/edgar/data/794367/000162828026061217/m-20260910xexx991.htm,False,
M,2026-09-10 00:00:00,https://www.sec.gov/Archives/edgar/data/794367/000162828026061217/0001628280-26-061217-index.htm,8-K,8-K,https://www.sec.gov/Archives/edgar/data/794367/000162828026061217/n-20260910.htm,False,
M,2026-09-10 00:00:00,https://www.sec.gov/Archives/edgar/data/794367/000162828026061217/0001628280-26-061217-index.htm,EX-99.1,EX-99.1,https://www.sec.gov/Archives/edgar/data/794367/000162828026061217/m-20260910xexx991.htm,False,
DBI,2026-09-10 00:00:00,https://www.sec.gov/Archives/edgar/data/1319947/000131994726000048/0001319947-26-000048-index.htm,8-K,8-K,https://www.sec.gov/Archives/edgar/data/1319947/000131994726000048/dbi-20260909.htm,False,
DBI,2026-09-10 00:00:00,https://www.sec.gov/Archives/edgar/data/1319947/000131994726000048/0001319947-26-000048-index.htm,EX-99.1,EX-99.1,https://www.sec.gov/Archives/edgar/data/1319947/000131994726000048/q220268-kex991pressrelease.htm,True,
CC,2026-09-10 00:00:00,https://www.sec.gov/Archives/edgar/data/1627223/000162722326000029/0001627223-26-000029-index.htm,8-K,8-K,https://www.sec.gov/Archives/edgar/data/1627223/000162722326000029/cc-20260910.htm,True,
CC,2026-09-10 00:00:00,https://www.sec.gov/Archives/edgar/data/1627223/000162722326000029/0001627223-26-000029-index.htm,EX-10.1,EX-10.1,https://www.sec.gov/Archives/edgar/data/1627223/000162722326000029/cc-ex10_1.htm,False,
CC,2026-09-10 00:00:00,https://www.sec.gov/Archives/edgar/data/1627223/000162722326000029/0001627223-26-000029-index.htm,EX-99.1,EX-99.1,https://www.sec.gov/Archives/edgar/data/1627223/000162722326000029/cc-ex99_1.htm,False,
SEDG,2026-09-10 00:00:00,https://www.sec.gov/Archives/edgar/data/1419612/000117891326004477/0001178913-26-004477-index.htm,8-K,8-K,https://www.sec.gov/Archives/edgar/data/1419612/000117891326004477/zk2636103.htm,False,
CPS,2026-09-10 00:00:00,https://www.sec.gov/Archives/edgar/data/1320461/000132046126000119/0001320461-26-000119-index.htm,8-K,8-K,https://www.sec.gov/Archives/edgar/data/1320461/000132046126000119/cps-20260903.htm,True,
CPS,2026-09-10 00:00:00,https://www.sec.gov/Archives/edgar/data/1320461/000132046126000119/0001320461-26-000119-index.htm,EX-10.1,EX-10.1,https://www.sec.gov/Archives/edgar/data/1320461/000132046126000119/exhibit101sixthamendmentan.htm,True,
SCVL,2026-09-10 00:00:00,https://www.sec.gov/Archives/edgar/data/895447/000119312526387134/0001193125-26-387134-index.htm,8-K,8-K,https://www.sec.gov/Archives/edgar/data/895447/000119312526387134/shoe-20260910.htm,False,
SCVL,2026-09-10 00:00:00,https://www.sec.gov/Archives/edgar/data/895447/000119312526387134/0001193125-26-387134-index.htm,EX-99.1,EX-99.1,https://www.sec.gov/Archives/edgar/data/895447/000119312526387134/shoe-ex99_1.htm,False,
LPCN,2026-09-10 00:00:00,https://www.sec.gov/Archives/edgar/data/1535955/000149315226042052/0001493152-26-042052-index.htm,8-K,8-K,https://www.sec.gov/Archives/edgar/data/1535955/000149315226042052/form8-k.htm,False,
LPCN,2026-09-10 00:00:00,https://www.sec.gov/Archives/edgar/data/1535955/000149315226042052/0001493152-26-042052-index.htm,EX-99.1,EX-99.1,https://www.sec.gov/Archives/edgar/data/1535955/000149315226042052/ex99-1.htm,False,
SWMR,2026-09-10 00:00:00,https://www.sec.gov/Archives/edgar/data/2092574/000110465926106499/0001104659-26-106499-index.htm,8-K,FORM 8-K,https://www.sec.gov/Archives/edgar/data/2092574/000110465926106499/tm2625021d3_8k.htm,True,
SWMR,2026-09-10 00:00:00,https://www.sec.gov/Archives/edgar/data/2092574/000110465926106499/0001104659-26-106499-index.htm,EX-99.1,EXHIBIT 99.1,https://www.sec.gov/Archives/edgar/data/2092574/000110465926106499/tm2625021d3_ex99-1.htm,False,
None,2026-09-10 00:00:00,https://www.sec.gov/Archives/edgar/data/2032341/000121390026098557/0001213900-26-098557-index.htm,8-K,CURRENT REPORT,https://www.sec.gov/Archives/edgar/data/2032341/000121390026098557/ea0304948-8k_cyabra.htm,False,
AXGN,2026-09-10 00:00:00,https://www.sec.gov/Archives/edgar/data/805928/000162828026061208/0001628280-26-061208-index.htm,8-K,8-K,https://www.sec.gov/Archives/edgar/data/805928/000162828026061208/axgn-20260909.htm,True,
AXGN,2026-09-10 00:00:00,https://www.sec.gov/Archives/edgar/data/805928/000162828026061208/0001628280-26-061208-index.htm,EX-99.1,EX-99.1,https://www.sec.gov/Archives/edgar/data/805928/000162828026061208/exhibit991-8xk09102026.htm,False,
AITX,2026-09-10 00:00:00,https://www.sec.gov/Archives/edgar/data/1498148/000106299326004877/0001062993-26-004877-index.htm,8-K,FORM 8-K,https://www.sec.gov/Archives/edgar/data/1498148/000106299326004877/form8k.htm,False,
AITX,2026-09-10 00:00:00,https://www.sec.gov/Archives/edgar/data/1498148/000106299326004877/0001062993-26-004877-index.htm,EX-99.1,EXHIBIT 99.1,https://www.sec.gov/Archives/edgar/data/1498148/000106299326004877/exhibit99-1.htm,False,
AITXD,2026-09-10 00:00:00,https://www.sec.gov/Archives/edgar/data/1498148/000106299326004877/0001062993-26-004877-index.htm,8-K,FORM 8-K,https://www.sec.gov/Archives/edgar/data/1498148/000106299326004877/form8k.htm,False,
AITXD,2026-09-10 00:00:00,https://www.sec.gov/Archives/edgar/data/1498148/000106299326004877/0001062993-26-004877-index.htm,EX-99.1,EXHIBIT 99.1,https://www.sec.gov/Archives/edgar/data/1498148/000106299326004877/exhibit99-1.htm,False,
ELV,2026-09-10 00:00:00,https://www.sec.gov/Archives/edgar/data/1156039/000115603926000063/0001156039-26-000063-index.htm,8-K,8-K,https://www.sec.gov/Archives/edgar/data/1156039/000115603926000063/elv-20260910.htm,False,
ANTM,2026-09-10 00:00:00,https://www.sec.gov/Archives/edgar/data/1156039/000115603926000063/0001156039-26-000063-index.htm,8-K,8-K,https://www.sec.gov/Archives/edgar/data/1156039/000115603926000063/elv-20260910.htm,False,
