symbol,filingDate,filing_detail_url,document_type,document_description,document_url,matched,error
HVIIU,2026-09-29 00:00:00,https://www.sec.gov/Archives/edgar/data/1846416/000149315226044924/0001493152-26-044924-index.htm,8-K,8-K,https://www.sec.gov/Archives/edgar/data/1846416/000149315226044924/form8-k.htm,True,
HVIIU,2026-09-29 00:00:00,https://www.sec.gov/Archives/edgar/data/1846416/000149315226044924/0001493152-26-044924-index.htm,EX-10.1,EX-10.1,https://www.sec.gov/Archives/edgar/data/1846416/000149315226044924/ex10-1.htm,False,
HVIIU,2026-09-29 00:00:00,https://www.sec.gov/Archives/edgar/data/1846416/000149315226044924/0001493152-26-044924-index.htm,EX-10.2,EX-10.2,https://www.sec.gov/Archives/edgar/data/1846416/000149315226044924/ex10-2.htm,False,
HVIIU,2026-09-29 00:00:00,https://www.sec.gov/Archives/edgar/data/1846416/000149315226044924/0001493152-26-044924-index.htm,EX-99.1,EX-99.1,https://www.sec.gov/Archives/edgar/data/1846416/000149315226044924/ex99-1.htm,False,
HVII,2026-09-29 00:00:00,https://www.sec.gov/Archives/edgar/data/1846416/000149315226044924/0001493152-26-044924-index.htm,8-K,8-K,https://www.sec.gov/Archives/edgar/data/1846416/000149315226044924/form8-k.htm,True,
HVII,2026-09-29 00:00:00,https://www.sec.gov/Archives/edgar/data/1846416/000149315226044924/0001493152-26-044924-index.htm,EX-10.1,EX-10.1,https://www.sec.gov/Archives/edgar/data/1846416/000149315226044924/ex10-1.htm,False,
HVII,2026-09-29 00:00:00,https://www.sec.gov/Archives/edgar/data/1846416/000149315226044924/0001493152-26-044924-index.htm,EX-10.2,EX-10.2,https://www.sec.gov/Archives/edgar/data/1846416/000149315226044924/ex10-2.htm,False,
HVII,2026-09-29 00:00:00,https://www.sec.gov/Archives/edgar/data/1846416/000149315226044924/0001493152-26-044924-index.htm,EX-99.1,EX-99.1,https://www.sec.gov/Archives/edgar/data/1846416/000149315226044924/ex99-1.htm,False,
HVIIR,2026-09-29 00:00:00,https://www.sec.gov/Archives/edgar/data/1846416/000149315226044924/0001493152-26-044924-index.htm,8-K,8-K,https://www.sec.gov/Archives/edgar/data/1846416/000149315226044924/form8-k.htm,True,
HVIIR,2026-09-29 00:00:00,https://www.sec.gov/Archives/edgar/data/1846416/000149315226044924/0001493152-26-044924-index.htm,EX-10.1,EX-10.1,https://www.sec.gov/Archives/edgar/data/1846416/000149315226044924/ex10-1.htm,False,
HVIIR,2026-09-29 00:00:00,https://www.sec.gov/Archives/edgar/data/1846416/000149315226044924/0001493152-26-044924-index.htm,EX-10.2,EX-10.2,https://www.sec.gov/Archives/edgar/data/1846416/000149315226044924/ex10-2.htm,False,
HVIIR,2026-09-29 00:00:00,https://www.sec.gov/Archives/edgar/data/1846416/000149315226044924/0001493152-26-044924-index.htm,EX-99.1,EX-99.1,https://www.sec.gov/Archives/edgar/data/1846416/000149315226044924/ex99-1.htm,False,
RTTR,2026-09-29 00:00:00,https://www.sec.gov/Archives/edgar/data/1460702/000149315226044923/0001493152-26-044923-index.htm,8-K,8-K,https://www.sec.gov/Archives/edgar/data/1460702/000149315226044923/form8-k.htm,False,
RTTR,2026-09-29 00:00:00,https://www.sec.gov/Archives/edgar/data/1460702/000149315226044923/0001493152-26-044923-index.htm,EX-99.1,EX-99.1,https://www.sec.gov/Archives/edgar/data/1460702/000149315226044923/ex99-1.htm,False,
QLGN,2026-09-29 00:00:00,https://www.sec.gov/Archives/edgar/data/1460702/000149315226044923/0001493152-26-044923-index.htm,8-K,8-K,https://www.sec.gov/Archives/edgar/data/1460702/000149315226044923/form8-k.htm,False,
QLGN,2026-09-29 00:00:00,https://www.sec.gov/Archives/edgar/data/1460702/000149315226044923/0001493152-26-044923-index.htm,EX-99.1,EX-99.1,https://www.sec.gov/Archives/edgar/data/1460702/000149315226044923/ex99-1.htm,False,
None,2026-09-29 00:00:00,https://www.sec.gov/Archives/edgar/data/1913724/000191372426000034/0001913724-26-000034-index.htm,8-K,8-K,https://www.sec.gov/Archives/edgar/data/1913724/000191372426000034/agci-20260929.htm,False,
DMAQR,2026-09-29 00:00:00,https://www.sec.gov/Archives/edgar/data/1857086/000149315226044920/0001493152-26-044920-index.htm,8-K,8-K,https://www.sec.gov/Archives/edgar/data/1857086/000149315226044920/form8-k.htm,False,
DMAQR,2026-09-29 00:00:00,https://www.sec.gov/Archives/edgar/data/1857086/000149315226044920/0001493152-26-044920-index.htm,EX-99.1,EX-99.1,https://www.sec.gov/Archives/edgar/data/1857086/000149315226044920/ex99-1.htm,False,
DMAQ,2026-09-29 00:00:00,https://www.sec.gov/Archives/edgar/data/1857086/000149315226044920/0001493152-26-044920-index.htm,8-K,8-K,https://www.sec.gov/Archives/edgar/data/1857086/000149315226044920/form8-k.htm,False,
DMAQ,2026-09-29 00:00:00,https://www.sec.gov/Archives/edgar/data/1857086/000149315226044920/0001493152-26-044920-index.htm,EX-99.1,EX-99.1,https://www.sec.gov/Archives/edgar/data/1857086/000149315226044920/ex99-1.htm,False,
TRUG,2026-09-29 00:00:00,https://www.sec.gov/Archives/edgar/data/1857086/000149315226044920/0001493152-26-044920-index.htm,8-K,8-K,https://www.sec.gov/Archives/edgar/data/1857086/000149315226044920/form8-k.htm,False,
TRUG,2026-09-29 00:00:00,https://www.sec.gov/Archives/edgar/data/1857086/000149315226044920/0001493152-26-044920-index.htm,EX-99.1,EX-99.1,https://www.sec.gov/Archives/edgar/data/1857086/000149315226044920/ex99-1.htm,False,
PRAA,2026-09-29 00:00:00,https://www.sec.gov/Archives/edgar/data/1185348/000119312526407840/0001193125-26-407840-index.htm,8-K,8-K,https://www.sec.gov/Archives/edgar/data/1185348/000119312526407840/d41584d8k.htm,False,
PRAA,2026-09-29 00:00:00,https://www.sec.gov/Archives/edgar/data/1185348/000119312526407840/0001193125-26-407840-index.htm,EX-99.1,EX-99.1,https://www.sec.gov/Archives/edgar/data/1185348/000119312526407840/d41584dex991.htm,True,
SVAQU,2026-09-29 00:00:00,https://www.sec.gov/Archives/edgar/data/2085659/000121390026104762/0001213900-26-104762-index.htm,8-K,CURRENT REPORT,https://www.sec.gov/Archives/edgar/data/2085659/000121390026104762/ea0306963-8k425_silicon.htm,False,
SVAQU,2026-09-29 00:00:00,https://www.sec.gov/Archives/edgar/data/2085659/000121390026104762/0001213900-26-104762-index.htm,EX-99.1,"PRESS RELEASE, DATED SEPTEMBER 28, 2026",https://www.sec.gov/Archives/edgar/data/2085659/000121390026104762/ea030696301ex99-1.htm,False,
SVAQ,2026-09-29 00:00:00,https://www.sec.gov/Archives/edgar/data/2085659/000121390026104762/0001213900-26-104762-index.htm,8-K,CURRENT REPORT,https://www.sec.gov/Archives/edgar/data/2085659/000121390026104762/ea0306963-8k425_silicon.htm,False,
SVAQ,2026-09-29 00:00:00,https://www.sec.gov/Archives/edgar/data/2085659/000121390026104762/0001213900-26-104762-index.htm,EX-99.1,"PRESS RELEASE, DATED SEPTEMBER 28, 2026",https://www.sec.gov/Archives/edgar/data/2085659/000121390026104762/ea030696301ex99-1.htm,False,
SVAQW,2026-09-29 00:00:00,https://www.sec.gov/Archives/edgar/data/2085659/000121390026104762/0001213900-26-104762-index.htm,8-K,CURRENT REPORT,https://www.sec.gov/Archives/edgar/data/2085659/000121390026104762/ea0306963-8k425_silicon.htm,False,
SVAQW,2026-09-29 00:00:00,https://www.sec.gov/Archives/edgar/data/2085659/000121390026104762/0001213900-26-104762-index.htm,EX-99.1,"PRESS RELEASE, DATED SEPTEMBER 28, 2026",https://www.sec.gov/Archives/edgar/data/2085659/000121390026104762/ea030696301ex99-1.htm,False,
ARI,2026-09-29 00:00:00,https://www.sec.gov/Archives/edgar/data/1467760/000119312526407837/0001193125-26-407837-index.htm,8-K,8-K,https://www.sec.gov/Archives/edgar/data/1467760/000119312526407837/d50327d8k.htm,True,
GXGX,2026-09-29 00:00:00,https://www.sec.gov/Archives/edgar/data/1752828/000149315226044917/0001493152-26-044917-index.htm,8-K,8-K,https://www.sec.gov/Archives/edgar/data/1752828/000149315226044917/form8-k.htm,False,
GXGX,2026-09-29 00:00:00,https://www.sec.gov/Archives/edgar/data/1752828/000149315226044917/0001493152-26-044917-index.htm,EX-99.1,EX-99.1,https://www.sec.gov/Archives/edgar/data/1752828/000149315226044917/ex99-1.htm,False,
GXGXW,2026-09-29 00:00:00,https://www.sec.gov/Archives/edgar/data/1752828/000149315226044917/0001493152-26-044917-index.htm,8-K,8-K,https://www.sec.gov/Archives/edgar/data/1752828/000149315226044917/form8-k.htm,False,
GXGXW,2026-09-29 00:00:00,https://www.sec.gov/Archives/edgar/data/1752828/000149315226044917/0001493152-26-044917-index.htm,EX-99.1,EX-99.1,https://www.sec.gov/Archives/edgar/data/1752828/000149315226044917/ex99-1.htm,False,
GXGXU,2026-09-29 00:00:00,https://www.sec.gov/Archives/edgar/data/1752828/000149315226044917/0001493152-26-044917-index.htm,8-K,8-K,https://www.sec.gov/Archives/edgar/data/1752828/000149315226044917/form8-k.htm,False,
GXGXU,2026-09-29 00:00:00,https://www.sec.gov/Archives/edgar/data/1752828/000149315226044917/0001493152-26-044917-index.htm,EX-99.1,EX-99.1,https://www.sec.gov/Archives/edgar/data/1752828/000149315226044917/ex99-1.htm,False,
CELU,2026-09-29 00:00:00,https://www.sec.gov/Archives/edgar/data/1752828/000149315226044917/0001493152-26-044917-index.htm,8-K,8-K,https://www.sec.gov/Archives/edgar/data/1752828/000149315226044917/form8-k.htm,False,
CELU,2026-09-29 00:00:00,https://www.sec.gov/Archives/edgar/data/1752828/000149315226044917/0001493152-26-044917-index.htm,EX-99.1,EX-99.1,https://www.sec.gov/Archives/edgar/data/1752828/000149315226044917/ex99-1.htm,False,
CELUW,2026-09-29 00:00:00,https://www.sec.gov/Archives/edgar/data/1752828/000149315226044917/0001493152-26-044917-index.htm,8-K,8-K,https://www.sec.gov/Archives/edgar/data/1752828/000149315226044917/form8-k.htm,False,
CELUW,2026-09-29 00:00:00,https://www.sec.gov/Archives/edgar/data/1752828/000149315226044917/0001493152-26-044917-index.htm,EX-99.1,EX-99.1,https://www.sec.gov/Archives/edgar/data/1752828/000149315226044917/ex99-1.htm,False,
CBOE,2026-09-29 00:00:00,https://www.sec.gov/Archives/edgar/data/1374310/000110465926111989/0001104659-26-111989-index.htm,8-K,FORM 8-K,https://www.sec.gov/Archives/edgar/data/1374310/000110465926111989/tm2626203d1_8k.htm,True,
CBOE,2026-09-29 00:00:00,https://www.sec.gov/Archives/edgar/data/1374310/000110465926111989/0001104659-26-111989-index.htm,EX-10.1,EXHIBIT 10.1,https://www.sec.gov/Archives/edgar/data/1374310/000110465926111989/tm2626203d1_ex10-1.htm,False,
CBOE,2026-09-29 00:00:00,https://www.sec.gov/Archives/edgar/data/1374310/000110465926111989/0001104659-26-111989-index.htm,EX-10.2,EXHIBIT 10.2,https://www.sec.gov/Archives/edgar/data/1374310/000110465926111989/tm2626203d1_ex10-2.htm,False,
CBOE,2026-09-29 00:00:00,https://www.sec.gov/Archives/edgar/data/1374310/000110465926111989/0001104659-26-111989-index.htm,EX-99.1,EXHIBIT 99.1,https://www.sec.gov/Archives/edgar/data/1374310/000110465926111989/tm2626203d1_ex99-1.htm,False,
ATER,2026-09-29 00:00:00,https://www.sec.gov/Archives/edgar/data/1757715/000143774926031486/0001437749-26-031486-index.htm,8-K,FORM 8-K,https://www.sec.gov/Archives/edgar/data/1757715/000143774926031486/ater20260929_8k.htm,False,
ATER,2026-09-29 00:00:00,https://www.sec.gov/Archives/edgar/data/1757715/000143774926031486/0001437749-26-031486-index.htm,EX-10.1,EXHIBIT 10.1,https://www.sec.gov/Archives/edgar/data/1757715/000143774926031486/ex_1020667.htm,False,
ATER,2026-09-29 00:00:00,https://www.sec.gov/Archives/edgar/data/1757715/000143774926031486/0001437749-26-031486-index.htm,EX-99.1,EXHIBIT 99.1,https://www.sec.gov/Archives/edgar/data/1757715/000143774926031486/ex_1020668.htm,False,
MKTX,2026-09-29 00:00:00,https://www.sec.gov/Archives/edgar/data/1278021/000119312526407834/0001193125-26-407834-index.htm,8-K,8-K,https://www.sec.gov/Archives/edgar/data/1278021/000119312526407834/d142535d8k.htm,False,
DK,2026-09-29 00:00:00,https://www.sec.gov/Archives/edgar/data/1694426/000119312526407833/0001193125-26-407833-index.htm,8-K,8-K,https://www.sec.gov/Archives/edgar/data/1694426/000119312526407833/d133400d8k.htm,True,
DK,2026-09-29 00:00:00,https://www.sec.gov/Archives/edgar/data/1694426/000119312526407833/0001193125-26-407833-index.htm,EX-10.1,EX-10.1,https://www.sec.gov/Archives/edgar/data/1694426/000119312526407833/d133400dex101.htm,False,
DK,2026-09-29 00:00:00,https://www.sec.gov/Archives/edgar/data/1694426/000119312526407833/0001193125-26-407833-index.htm,EX-99.1,EX-99.1,https://www.sec.gov/Archives/edgar/data/1694426/000119312526407833/d133400dex991.htm,True,
SPKL,2026-09-29 00:00:00,https://www.sec.gov/Archives/edgar/data/1884046/000110465926111988/0001104659-26-111988-index.htm,8-K,FORM 8-K,https://www.sec.gov/Archives/edgar/data/1884046/000110465926111988/tm2626457d1_8k.htm,True,
SPKL,2026-09-29 00:00:00,https://www.sec.gov/Archives/edgar/data/1884046/000110465926111988/0001104659-26-111988-index.htm,EX-10.1,EXHIBIT 10.1,https://www.sec.gov/Archives/edgar/data/1884046/000110465926111988/tm2626457d1_ex10-1.htm,False,
SPKL,2026-09-29 00:00:00,https://www.sec.gov/Archives/edgar/data/1884046/000110465926111988/0001104659-26-111988-index.htm,EX-99.1,EXHIBIT 99.1,https://www.sec.gov/Archives/edgar/data/1884046/000110465926111988/tm2626457d1_ex99-1.htm,False,
SPKLW,2026-09-29 00:00:00,https://www.sec.gov/Archives/edgar/data/1884046/000110465926111988/0001104659-26-111988-index.htm,8-K,FORM 8-K,https://www.sec.gov/Archives/edgar/data/1884046/000110465926111988/tm2626457d1_8k.htm,True,
SPKLW,2026-09-29 00:00:00,https://www.sec.gov/Archives/edgar/data/1884046/000110465926111988/0001104659-26-111988-index.htm,EX-10.1,EXHIBIT 10.1,https://www.sec.gov/Archives/edgar/data/1884046/000110465926111988/tm2626457d1_ex10-1.htm,False,
SPKLW,2026-09-29 00:00:00,https://www.sec.gov/Archives/edgar/data/1884046/000110465926111988/0001104659-26-111988-index.htm,EX-99.1,EXHIBIT 99.1,https://www.sec.gov/Archives/edgar/data/1884046/000110465926111988/tm2626457d1_ex99-1.htm,False,
SPKLU,2026-09-29 00:00:00,https://www.sec.gov/Archives/edgar/data/1884046/000110465926111988/0001104659-26-111988-index.htm,8-K,FORM 8-K,https://www.sec.gov/Archives/edgar/data/1884046/000110465926111988/tm2626457d1_8k.htm,True,
SPKLU,2026-09-29 00:00:00,https://www.sec.gov/Archives/edgar/data/1884046/000110465926111988/0001104659-26-111988-index.htm,EX-10.1,EXHIBIT 10.1,https://www.sec.gov/Archives/edgar/data/1884046/000110465926111988/tm2626457d1_ex10-1.htm,False,
SPKLU,2026-09-29 00:00:00,https://www.sec.gov/Archives/edgar/data/1884046/000110465926111988/0001104659-26-111988-index.htm,EX-99.1,EXHIBIT 99.1,https://www.sec.gov/Archives/edgar/data/1884046/000110465926111988/tm2626457d1_ex99-1.htm,False,
None,2026-09-29 00:00:00,https://www.sec.gov/Archives/edgar/data/1911321/000191132126000036/0001911321-26-000036-index.htm,8-K,8-K,https://www.sec.gov/Archives/edgar/data/1911321/000191132126000036/ck0001911321-20260923.htm,False,
None,2026-09-29 00:00:00,https://www.sec.gov/Archives/edgar/data/1911321/000191132126000036/0001911321-26-000036-index.htm,EX-10.1,EX-10.1,https://www.sec.gov/Archives/edgar/data/1911321/000191132126000036/ck0001911321-ex10_1.htm,True,
None,2026-09-29 00:00:00,https://www.sec.gov/Archives/edgar/data/1911321/000191132126000036/0001911321-26-000036-index.htm,EX-10.2,EX-10.2,https://www.sec.gov/Archives/edgar/data/1911321/000191132126000036/ck0001911321-ex10_2.htm,True,
TPCS,2026-09-29 00:00:00,https://www.sec.gov/Archives/edgar/data/1328792/000110465926111987/0001104659-26-111987-index.htm,8-K,FORM 8-K,https://www.sec.gov/Archives/edgar/data/1328792/000110465926111987/tm2626582d1_8k.htm,False,
TPCS,2026-09-29 00:00:00,https://www.sec.gov/Archives/edgar/data/1328792/000110465926111987/0001104659-26-111987-index.htm,EX-10.1,EXHIBIT 10.1,https://www.sec.gov/Archives/edgar/data/1328792/000110465926111987/tm2626582d1_ex10-1.htm,False,
GENK,2026-09-29 00:00:00,https://www.sec.gov/Archives/edgar/data/1891856/000119312526407825/0001193125-26-407825-index.htm,8-K,8-K,https://www.sec.gov/Archives/edgar/data/1891856/000119312526407825/d128072d8k.htm,True,
GENK,2026-09-29 00:00:00,https://www.sec.gov/Archives/edgar/data/1891856/000119312526407825/0001193125-26-407825-index.htm,EX-10.1,EX-10.1,https://www.sec.gov/Archives/edgar/data/1891856/000119312526407825/d128072dex101.htm,True,
GENK,2026-09-29 00:00:00,https://www.sec.gov/Archives/edgar/data/1891856/000119312526407825/0001193125-26-407825-index.htm,EX-10.2,EX-10.2,https://www.sec.gov/Archives/edgar/data/1891856/000119312526407825/d128072dex102.htm,False,
TECX,2026-09-29 00:00:00,https://www.sec.gov/Archives/edgar/data/1681087/000119312526407823/0001193125-26-407823-index.htm,8-K,8-K,https://www.sec.gov/Archives/edgar/data/1681087/000119312526407823/d20857d8k.htm,False,
TECX,2026-09-29 00:00:00,https://www.sec.gov/Archives/edgar/data/1681087/000119312526407823/0001193125-26-407823-index.htm,EX-99.1,EX-99.1,https://www.sec.gov/Archives/edgar/data/1681087/000119312526407823/d20857dex991.htm,False,
AVRO,2026-09-29 00:00:00,https://www.sec.gov/Archives/edgar/data/1681087/000119312526407823/0001193125-26-407823-index.htm,8-K,8-K,https://www.sec.gov/Archives/edgar/data/1681087/000119312526407823/d20857d8k.htm,False,
AVRO,2026-09-29 00:00:00,https://www.sec.gov/Archives/edgar/data/1681087/000119312526407823/0001193125-26-407823-index.htm,EX-99.1,EX-99.1,https://www.sec.gov/Archives/edgar/data/1681087/000119312526407823/d20857dex991.htm,False,
None,2026-09-29 00:00:00,https://www.sec.gov/Archives/edgar/data/1901164/000114036126038002/0001140361-26-038002-index.htm,8-K,8-K,https://www.sec.gov/Archives/edgar/data/1901164/000114036126038002/ef20082945_8k.htm,False,
BCAB,2026-09-29 00:00:00,https://www.sec.gov/Archives/edgar/data/1826892/000119312526407817/0001193125-26-407817-index.htm,8-K,8-K,https://www.sec.gov/Archives/edgar/data/1826892/000119312526407817/bcab-20260923.htm,False,
BCAB,2026-09-29 00:00:00,https://www.sec.gov/Archives/edgar/data/1826892/000119312526407817/0001193125-26-407817-index.htm,EX-10.1,EX-10.1,https://www.sec.gov/Archives/edgar/data/1826892/000119312526407817/bcab-ex10_1.htm,False,
MDB,2026-09-29 00:00:00,https://www.sec.gov/Archives/edgar/data/1441816/000162828026063850/0001628280-26-063850-index.htm,8-K,8-K,https://www.sec.gov/Archives/edgar/data/1441816/000162828026063850/mdb-20260925.htm,False,
MDB,2026-09-29 00:00:00,https://www.sec.gov/Archives/edgar/data/1441816/000162828026063850/0001628280-26-063850-index.htm,EX-99.1,EX-99.1,https://www.sec.gov/Archives/edgar/data/1441816/000162828026063850/publishablecopy-mongodbi.htm,False,
ASBP,2026-09-29 00:00:00,https://www.sec.gov/Archives/edgar/data/1847345/000149315226044908/0001493152-26-044908-index.htm,8-K,8-K,https://www.sec.gov/Archives/edgar/data/1847345/000149315226044908/form8-k.htm,False,
PWUPU,2026-09-29 00:00:00,https://www.sec.gov/Archives/edgar/data/1847345/000149315226044908/0001493152-26-044908-index.htm,8-K,8-K,https://www.sec.gov/Archives/edgar/data/1847345/000149315226044908/form8-k.htm,False,
PWUPW,2026-09-29 00:00:00,https://www.sec.gov/Archives/edgar/data/1847345/000149315226044908/0001493152-26-044908-index.htm,8-K,8-K,https://www.sec.gov/Archives/edgar/data/1847345/000149315226044908/form8-k.htm,False,
PWUP,2026-09-29 00:00:00,https://www.sec.gov/Archives/edgar/data/1847345/000149315226044908/0001493152-26-044908-index.htm,8-K,8-K,https://www.sec.gov/Archives/edgar/data/1847345/000149315226044908/form8-k.htm,False,
SOC,2026-09-29 00:00:00,https://www.sec.gov/Archives/edgar/data/1831481/000183148126000113/0001831481-26-000113-index.htm,8-K,8-K,https://www.sec.gov/Archives/edgar/data/1831481/000183148126000113/socc-20260928.htm,False,
SOC,2026-09-29 00:00:00,https://www.sec.gov/Archives/edgar/data/1831481/000183148126000113/0001831481-26-000113-index.htm,EX-99.1,EX-99.1,https://www.sec.gov/Archives/edgar/data/1831481/000183148126000113/a991_socxhondopressrelease.htm,True,
FLME-UN,2026-09-29 00:00:00,https://www.sec.gov/Archives/edgar/data/1831481/000183148126000113/0001831481-26-000113-index.htm,8-K,8-K,https://www.sec.gov/Archives/edgar/data/1831481/000183148126000113/socc-20260928.htm,False,
FLME-UN,2026-09-29 00:00:00,https://www.sec.gov/Archives/edgar/data/1831481/000183148126000113/0001831481-26-000113-index.htm,EX-99.1,EX-99.1,https://www.sec.gov/Archives/edgar/data/1831481/000183148126000113/a991_socxhondopressrelease.htm,True,
FLME-WT,2026-09-29 00:00:00,https://www.sec.gov/Archives/edgar/data/1831481/000183148126000113/0001831481-26-000113-index.htm,8-K,8-K,https://www.sec.gov/Archives/edgar/data/1831481/000183148126000113/socc-20260928.htm,False,
FLME-WT,2026-09-29 00:00:00,https://www.sec.gov/Archives/edgar/data/1831481/000183148126000113/0001831481-26-000113-index.htm,EX-99.1,EX-99.1,https://www.sec.gov/Archives/edgar/data/1831481/000183148126000113/a991_socxhondopressrelease.htm,True,
FLME,2026-09-29 00:00:00,https://www.sec.gov/Archives/edgar/data/1831481/000183148126000113/0001831481-26-000113-index.htm,8-K,8-K,https://www.sec.gov/Archives/edgar/data/1831481/000183148126000113/socc-20260928.htm,False,
FLME,2026-09-29 00:00:00,https://www.sec.gov/Archives/edgar/data/1831481/000183148126000113/0001831481-26-000113-index.htm,EX-99.1,EX-99.1,https://www.sec.gov/Archives/edgar/data/1831481/000183148126000113/a991_socxhondopressrelease.htm,True,
None,2026-09-29 00:00:00,https://www.sec.gov/Archives/edgar/data/1983514/000119312526407808/0001193125-26-407808-index.htm,8-K,8-K,https://www.sec.gov/Archives/edgar/data/1983514/000119312526407808/d102997d8k.htm,False,
NTRS,2026-09-29 00:00:00,https://www.sec.gov/Archives/edgar/data/73124/000007312426000057/0000073124-26-000057-index.htm,8-K,8-K,https://www.sec.gov/Archives/edgar/data/73124/000007312426000057/ntrs-20260928.htm,False,
NTRS,2026-09-29 00:00:00,https://www.sec.gov/Archives/edgar/data/73124/000007312426000057/0000073124-26-000057-index.htm,EX-99.1,EX-99.1,https://www.sec.gov/Archives/edgar/data/73124/000007312426000057/ex991-pressreleasex92926.htm,False,
NTRSO,2026-09-29 00:00:00,https://www.sec.gov/Archives/edgar/data/73124/000007312426000057/0000073124-26-000057-index.htm,8-K,8-K,https://www.sec.gov/Archives/edgar/data/73124/000007312426000057/ntrs-20260928.htm,False,
NTRSO,2026-09-29 00:00:00,https://www.sec.gov/Archives/edgar/data/73124/000007312426000057/0000073124-26-000057-index.htm,EX-99.1,EX-99.1,https://www.sec.gov/Archives/edgar/data/73124/000007312426000057/ex991-pressreleasex92926.htm,False,
JW-B,2026-09-29 00:00:00,https://www.sec.gov/Archives/edgar/data/107140/000162828026063848/0001628280-26-063848-index.htm,8-K,8-K,https://www.sec.gov/Archives/edgar/data/107140/000162828026063848/jwa-20260924.htm,False,
JW-A,2026-09-29 00:00:00,https://www.sec.gov/Archives/edgar/data/107140/000162828026063848/0001628280-26-063848-index.htm,8-K,8-K,https://www.sec.gov/Archives/edgar/data/107140/000162828026063848/jwa-20260924.htm,False,
WLY,2026-09-29 00:00:00,https://www.sec.gov/Archives/edgar/data/107140/000162828026063848/0001628280-26-063848-index.htm,8-K,8-K,https://www.sec.gov/Archives/edgar/data/107140/000162828026063848/jwa-20260924.htm,False,
WLYB,2026-09-29 00:00:00,https://www.sec.gov/Archives/edgar/data/107140/000162828026063848/0001628280-26-063848-index.htm,8-K,8-K,https://www.sec.gov/Archives/edgar/data/107140/000162828026063848/jwa-20260924.htm,False,
FDX,2026-09-29 00:00:00,https://www.sec.gov/Archives/edgar/data/1048911/000110465926111970/0001104659-26-111970-index.htm,8-K,FORM 8-K,https://www.sec.gov/Archives/edgar/data/1048911/000110465926111970/tm2626524d1_8k.htm,False,
FDX,2026-09-29 00:00:00,https://www.sec.gov/Archives/edgar/data/1048911/000110465926111970/0001104659-26-111970-index.htm,EX-99.1,EXHIBIT 99.1,https://www.sec.gov/Archives/edgar/data/1048911/000110465926111970/tm2626524d1_ex99-1.htm,False,
None,2026-09-29 00:00:00,https://www.sec.gov/Archives/edgar/data/1973476/000119312526407785/0001193125-26-407785-index.htm,8-K,8-K,https://www.sec.gov/Archives/edgar/data/1973476/000119312526407785/d183682d8k.htm,False,
TLN,2026-09-29 00:00:00,https://www.sec.gov/Archives/edgar/data/1622536/000162253626000074/0001622536-26-000074-index.htm,8-K,8-K,https://www.sec.gov/Archives/edgar/data/1622536/000162253626000074/tln-20260925.htm,False,
TLN,2026-09-29 00:00:00,https://www.sec.gov/Archives/edgar/data/1622536/000162253626000074/0001622536-26-000074-index.htm,EX-10.1,EX-10.1,https://www.sec.gov/Archives/edgar/data/1622536/000162253626000074/ex101secondamendedandresta.htm,False,
TLN,2026-09-29 00:00:00,https://www.sec.gov/Archives/edgar/data/1622536/000162253626000074/0001622536-26-000074-index.htm,EX-10.2,EX-10.2,https://www.sec.gov/Archives/edgar/data/1622536/000162253626000074/ex102transitionandretireme.htm,False,
TLN,2026-09-29 00:00:00,https://www.sec.gov/Archives/edgar/data/1622536/000162253626000074/0001622536-26-000074-index.htm,EX-99.1,EX-99.1,https://www.sec.gov/Archives/edgar/data/1622536/000162253626000074/a20260929pressreleasecapac.htm,False,
MSDL,2026-09-29 00:00:00,https://www.sec.gov/Archives/edgar/data/1782524/000119312526407757/0001193125-26-407757-index.htm,8-K,8-K,https://www.sec.gov/Archives/edgar/data/1782524/000119312526407757/d434766d8k.htm,False,
NXB,2026-09-29 00:00:00,https://www.sec.gov/Archives/edgar/data/2067767/000149315226044890/0001493152-26-044890-index.htm,8-K,8-K,https://www.sec.gov/Archives/edgar/data/2067767/000149315226044890/form8-k.htm,False,
NXB,2026-09-29 00:00:00,https://www.sec.gov/Archives/edgar/data/2067767/000149315226044890/0001493152-26-044890-index.htm,EX-10.1,EX-10.1,https://www.sec.gov/Archives/edgar/data/2067767/000149315226044890/ex10-1.htm,False,
NXB,2026-09-29 00:00:00,https://www.sec.gov/Archives/edgar/data/2067767/000149315226044890/0001493152-26-044890-index.htm,EX-10.2,EX-10.2,https://www.sec.gov/Archives/edgar/data/2067767/000149315226044890/ex10-2.htm,False,
NXB,2026-09-29 00:00:00,https://www.sec.gov/Archives/edgar/data/2067767/000149315226044890/0001493152-26-044890-index.htm,EX-99.1,EX-99.1,https://www.sec.gov/Archives/edgar/data/2067767/000149315226044890/ex99-1.htm,False,
BBLGW,2026-09-29 00:00:00,https://www.sec.gov/Archives/edgar/data/1419554/000149315226044889/0001493152-26-044889-index.htm,8-K,8-K,https://www.sec.gov/Archives/edgar/data/1419554/000149315226044889/form8-k.htm,False,
BBLG,2026-09-29 00:00:00,https://www.sec.gov/Archives/edgar/data/1419554/000149315226044889/0001493152-26-044889-index.htm,8-K,8-K,https://www.sec.gov/Archives/edgar/data/1419554/000149315226044889/form8-k.htm,False,
SGLA,2026-09-29 00:00:00,https://www.sec.gov/Archives/edgar/data/1433551/000149315226044888/0001493152-26-044888-index.htm,8-K,8-K,https://www.sec.gov/Archives/edgar/data/1433551/000149315226044888/form8-k.htm,False,
SGLAD,2026-09-29 00:00:00,https://www.sec.gov/Archives/edgar/data/1433551/000149315226044888/0001493152-26-044888-index.htm,8-K,8-K,https://www.sec.gov/Archives/edgar/data/1433551/000149315226044888/form8-k.htm,False,
HRTX,2026-09-29 00:00:00,https://www.sec.gov/Archives/edgar/data/818033/000119312526407728/0001193125-26-407728-index.htm,8-K,8-K,https://www.sec.gov/Archives/edgar/data/818033/000119312526407728/hrtx-20260923.htm,True,
CR,2026-09-29 00:00:00,https://www.sec.gov/Archives/edgar/data/1944013/000162828026063845/0001628280-26-063845-index.htm,8-K,8-K,https://www.sec.gov/Archives/edgar/data/1944013/000162828026063845/cr-20260927.htm,False,
None,2026-09-29 00:00:00,https://www.sec.gov/Archives/edgar/data/1851322/000119312526407727/0001193125-26-407727-index.htm,8-K,8-K,https://www.sec.gov/Archives/edgar/data/1851322/000119312526407727/d434532d8k.htm,False,
None,2026-09-29 00:00:00,https://www.sec.gov/Archives/edgar/data/1885968/000119312526407721/0001193125-26-407721-index.htm,8-K,8-K,https://www.sec.gov/Archives/edgar/data/1885968/000119312526407721/d86179d8k.htm,False,
None,2026-09-29 00:00:00,https://www.sec.gov/Archives/edgar/data/2028686/000119312526407719/0001193125-26-407719-index.htm,8-K,8-K,https://www.sec.gov/Archives/edgar/data/2028686/000119312526407719/d434756d8k.htm,False,
GREEL,2026-09-29 00:00:00,https://www.sec.gov/Archives/edgar/data/1844971/000162828026063839/0001628280-26-063839-index.htm,8-K,8-K,https://www.sec.gov/Archives/edgar/data/1844971/000162828026063839/gree-20260923.htm,True,
GREEL,2026-09-29 00:00:00,https://www.sec.gov/Archives/edgar/data/1844971/000162828026063839/0001628280-26-063839-index.htm,EX-10.1,EX-10.1,https://www.sec.gov/Archives/edgar/data/1844971/000162828026063839/exchangeagreementandformof.htm,False,
GREE,2026-09-29 00:00:00,https://www.sec.gov/Archives/edgar/data/1844971/000162828026063839/0001628280-26-063839-index.htm,8-K,8-K,https://www.sec.gov/Archives/edgar/data/1844971/000162828026063839/gree-20260923.htm,True,
GREE,2026-09-29 00:00:00,https://www.sec.gov/Archives/edgar/data/1844971/000162828026063839/0001628280-26-063839-index.htm,EX-10.1,EX-10.1,https://www.sec.gov/Archives/edgar/data/1844971/000162828026063839/exchangeagreementandformof.htm,False,
AOMN,2026-09-29 00:00:00,https://www.sec.gov/Archives/edgar/data/1766478/000176647826000060/0001766478-26-000060-index.htm,8-K,8-K,https://www.sec.gov/Archives/edgar/data/1766478/000176647826000060/aomr-20260925.htm,True,
AOMN,2026-09-29 00:00:00,https://www.sec.gov/Archives/edgar/data/1766478/000176647826000060/0001766478-26-000060-index.htm,EX-10.1,EX-10.1,https://www.sec.gov/Archives/edgar/data/1766478/000176647826000060/sixthamendmenttosecondamen.htm,True,
AOMR,2026-09-29 00:00:00,https://www.sec.gov/Archives/edgar/data/1766478/000176647826000060/0001766478-26-000060-index.htm,8-K,8-K,https://www.sec.gov/Archives/edgar/data/1766478/000176647826000060/aomr-20260925.htm,True,
AOMR,2026-09-29 00:00:00,https://www.sec.gov/Archives/edgar/data/1766478/000176647826000060/0001766478-26-000060-index.htm,EX-10.1,EX-10.1,https://www.sec.gov/Archives/edgar/data/1766478/000176647826000060/sixthamendmenttosecondamen.htm,True,
LEAT,2026-09-29 00:00:00,https://www.sec.gov/Archives/edgar/data/1456189/000121390026104730/0001213900-26-104730-index.htm,8-K,CURRENT REPORT,https://www.sec.gov/Archives/edgar/data/1456189/000121390026104730/ea0306629-8k_leatt.htm,False,
VBNB,2026-09-29 00:00:00,https://www.sec.gov/Archives/edgar/data/2066824/000206682426000020/0002066824-26-000020-index.htm,8-K,8-K,https://www.sec.gov/Archives/edgar/data/2066824/000206682426000020/vbnb-20260925.htm,True,
VBNB,2026-09-29 00:00:00,https://www.sec.gov/Archives/edgar/data/2066824/000206682426000020/0002066824-26-000020-index.htm,EX-10.1,EX-10.1,https://www.sec.gov/Archives/edgar/data/2066824/000206682426000020/bitgocustodystakingexhib.htm,False,
ELME,2026-09-29 00:00:00,https://www.sec.gov/Archives/edgar/data/104894/000010489426000117/0000104894-26-000117-index.htm,8-K,8-K,https://www.sec.gov/Archives/edgar/data/104894/000010489426000117/elme-20260928.htm,True,
ELME,2026-09-29 00:00:00,https://www.sec.gov/Archives/edgar/data/104894/000010489426000117/0000104894-26-000117-index.htm,EX-10.1,EX-10.1,https://www.sec.gov/Archives/edgar/data/104894/000010489426000117/a101-elmex3801connecticutx.htm,False,
ELME,2026-09-29 00:00:00,https://www.sec.gov/Archives/edgar/data/104894/000010489426000117/0000104894-26-000117-index.htm,EX-10.2,EX-10.2,https://www.sec.gov/Archives/edgar/data/104894/000010489426000117/a102-elmex3801connecticutx.htm,False,
ELME,2026-09-29 00:00:00,https://www.sec.gov/Archives/edgar/data/104894/000010489426000117/0000104894-26-000117-index.htm,EX-99.1,EX-99.1,https://www.sec.gov/Archives/edgar/data/104894/000010489426000117/elme-pressreleaseseptember.htm,True,
WRE,2026-09-29 00:00:00,https://www.sec.gov/Archives/edgar/data/104894/000010489426000117/0000104894-26-000117-index.htm,8-K,8-K,https://www.sec.gov/Archives/edgar/data/104894/000010489426000117/elme-20260928.htm,True,
WRE,2026-09-29 00:00:00,https://www.sec.gov/Archives/edgar/data/104894/000010489426000117/0000104894-26-000117-index.htm,EX-10.1,EX-10.1,https://www.sec.gov/Archives/edgar/data/104894/000010489426000117/a101-elmex3801connecticutx.htm,False,
WRE,2026-09-29 00:00:00,https://www.sec.gov/Archives/edgar/data/104894/000010489426000117/0000104894-26-000117-index.htm,EX-10.2,EX-10.2,https://www.sec.gov/Archives/edgar/data/104894/000010489426000117/a102-elmex3801connecticutx.htm,False,
WRE,2026-09-29 00:00:00,https://www.sec.gov/Archives/edgar/data/104894/000010489426000117/0000104894-26-000117-index.htm,EX-99.1,EX-99.1,https://www.sec.gov/Archives/edgar/data/104894/000010489426000117/elme-pressreleaseseptember.htm,True,
ENFA,2026-09-29 00:00:00,https://www.sec.gov/Archives/edgar/data/1828972/000182897226000151/0001828972-26-000151-index.htm,8-K,8-K,https://www.sec.gov/Archives/edgar/data/1828972/000182897226000151/bzfd-20260923.htm,True,
ENFA,2026-09-29 00:00:00,https://www.sec.gov/Archives/edgar/data/1828972/000182897226000151/0001828972-26-000151-index.htm,EX-10.1,EX-10.1,https://www.sec.gov/Archives/edgar/data/1828972/000182897226000151/ex101sharepurchaseagreemen.htm,False,
ENFAW,2026-09-29 00:00:00,https://www.sec.gov/Archives/edgar/data/1828972/000182897226000151/0001828972-26-000151-index.htm,8-K,8-K,https://www.sec.gov/Archives/edgar/data/1828972/000182897226000151/bzfd-20260923.htm,True,
ENFAW,2026-09-29 00:00:00,https://www.sec.gov/Archives/edgar/data/1828972/000182897226000151/0001828972-26-000151-index.htm,EX-10.1,EX-10.1,https://www.sec.gov/Archives/edgar/data/1828972/000182897226000151/ex101sharepurchaseagreemen.htm,False,
ENFAU,2026-09-29 00:00:00,https://www.sec.gov/Archives/edgar/data/1828972/000182897226000151/0001828972-26-000151-index.htm,8-K,8-K,https://www.sec.gov/Archives/edgar/data/1828972/000182897226000151/bzfd-20260923.htm,True,
ENFAU,2026-09-29 00:00:00,https://www.sec.gov/Archives/edgar/data/1828972/000182897226000151/0001828972-26-000151-index.htm,EX-10.1,EX-10.1,https://www.sec.gov/Archives/edgar/data/1828972/000182897226000151/ex101sharepurchaseagreemen.htm,False,
BZFDW,2026-09-29 00:00:00,https://www.sec.gov/Archives/edgar/data/1828972/000182897226000151/0001828972-26-000151-index.htm,8-K,8-K,https://www.sec.gov/Archives/edgar/data/1828972/000182897226000151/bzfd-20260923.htm,True,
BZFDW,2026-09-29 00:00:00,https://www.sec.gov/Archives/edgar/data/1828972/000182897226000151/0001828972-26-000151-index.htm,EX-10.1,EX-10.1,https://www.sec.gov/Archives/edgar/data/1828972/000182897226000151/ex101sharepurchaseagreemen.htm,False,
BZFD,2026-09-29 00:00:00,https://www.sec.gov/Archives/edgar/data/1828972/000182897226000151/0001828972-26-000151-index.htm,8-K,8-K,https://www.sec.gov/Archives/edgar/data/1828972/000182897226000151/bzfd-20260923.htm,True,
BZFD,2026-09-29 00:00:00,https://www.sec.gov/Archives/edgar/data/1828972/000182897226000151/0001828972-26-000151-index.htm,EX-10.1,EX-10.1,https://www.sec.gov/Archives/edgar/data/1828972/000182897226000151/ex101sharepurchaseagreemen.htm,False,
PHAT,2026-09-29 00:00:00,https://www.sec.gov/Archives/edgar/data/1783183/000119312526407696/0001193125-26-407696-index.htm,8-K,8-K,https://www.sec.gov/Archives/edgar/data/1783183/000119312526407696/d22070d8k.htm,False,
SLGG,2026-09-29 00:00:00,https://www.sec.gov/Archives/edgar/data/1621672/000143774926031478/0001437749-26-031478-index.htm,8-K,FORM 8-K,https://www.sec.gov/Archives/edgar/data/1621672/000143774926031478/slgg20260929_8k.htm,False,
SLE,2026-09-29 00:00:00,https://www.sec.gov/Archives/edgar/data/1621672/000143774926031478/0001437749-26-031478-index.htm,8-K,FORM 8-K,https://www.sec.gov/Archives/edgar/data/1621672/000143774926031478/slgg20260929_8k.htm,False,
CION,2026-09-29 00:00:00,https://www.sec.gov/Archives/edgar/data/1534254/000110465926111961/0001104659-26-111961-index.htm,8-K,FORM 8-K,https://www.sec.gov/Archives/edgar/data/1534254/000110465926111961/tm2626587d1_8k.htm,False,
CION,2026-09-29 00:00:00,https://www.sec.gov/Archives/edgar/data/1534254/000110465926111961/0001104659-26-111961-index.htm,EX-99.1,EXHIBIT 99.1,https://www.sec.gov/Archives/edgar/data/1534254/000110465926111961/tm2626587d1_ex99-1.htm,False,
FNGR,2026-09-29 00:00:00,https://www.sec.gov/Archives/edgar/data/1602409/000149315226044880/0001493152-26-044880-index.htm,8-K,8-K,https://www.sec.gov/Archives/edgar/data/1602409/000149315226044880/form8-k.htm,True,
FNGR,2026-09-29 00:00:00,https://www.sec.gov/Archives/edgar/data/1602409/000149315226044880/0001493152-26-044880-index.htm,EX-10.1,EX-10.1,https://www.sec.gov/Archives/edgar/data/1602409/000149315226044880/ex10-1.htm,False,
FNGR,2026-09-29 00:00:00,https://www.sec.gov/Archives/edgar/data/1602409/000149315226044880/0001493152-26-044880-index.htm,EX-99.1,EX-99.1,https://www.sec.gov/Archives/edgar/data/1602409/000149315226044880/ex99-1.htm,False,
BSAA,2026-09-29 00:00:00,https://www.sec.gov/Archives/edgar/data/2051587/000121390026104725/0001213900-26-104725-index.htm,8-K,CURRENT REPORT,https://www.sec.gov/Archives/edgar/data/2051587/000121390026104725/ea0306891-8k_bestspac1.htm,False,
BSAAU,2026-09-29 00:00:00,https://www.sec.gov/Archives/edgar/data/2051587/000121390026104725/0001213900-26-104725-index.htm,8-K,CURRENT REPORT,https://www.sec.gov/Archives/edgar/data/2051587/000121390026104725/ea0306891-8k_bestspac1.htm,False,
BHLB,2026-09-29 00:00:00,https://www.sec.gov/Archives/edgar/data/1108134/000117184326006293/0001171843-26-006293-index.htm,8-K,FORM 8-K,https://www.sec.gov/Archives/edgar/data/1108134/000117184326006293/f8k_092926.htm,False,
LCTC,2026-09-29 00:00:00,https://www.sec.gov/Archives/edgar/data/1493137/000107997326001311/0001079973-26-001311-index.htm,8-K,FORM 8-K,https://www.sec.gov/Archives/edgar/data/1493137/000107997326001311/lctc_8k.htm,False,
LCTC,2026-09-29 00:00:00,https://www.sec.gov/Archives/edgar/data/1493137/000107997326001311/0001079973-26-001311-index.htm,EX-99.1,EXHIBIT 99.1,https://www.sec.gov/Archives/edgar/data/1493137/000107997326001311/ex99x1.htm,False,
WHLR,2026-09-29 00:00:00,https://www.sec.gov/Archives/edgar/data/1527541/000152754126000360/0001527541-26-000360-index.htm,8-K,8-K,https://www.sec.gov/Archives/edgar/data/1527541/000152754126000360/whlr-20260923.htm,False,
WHLRL,2026-09-29 00:00:00,https://www.sec.gov/Archives/edgar/data/1527541/000152754126000360/0001527541-26-000360-index.htm,8-K,8-K,https://www.sec.gov/Archives/edgar/data/1527541/000152754126000360/whlr-20260923.htm,False,
WHLRP,2026-09-29 00:00:00,https://www.sec.gov/Archives/edgar/data/1527541/000152754126000360/0001527541-26-000360-index.htm,8-K,8-K,https://www.sec.gov/Archives/edgar/data/1527541/000152754126000360/whlr-20260923.htm,False,
WHLRD,2026-09-29 00:00:00,https://www.sec.gov/Archives/edgar/data/1527541/000152754126000360/0001527541-26-000360-index.htm,8-K,8-K,https://www.sec.gov/Archives/edgar/data/1527541/000152754126000360/whlr-20260923.htm,False,
WHLRW,2026-09-29 00:00:00,https://www.sec.gov/Archives/edgar/data/1527541/000152754126000360/0001527541-26-000360-index.htm,8-K,8-K,https://www.sec.gov/Archives/edgar/data/1527541/000152754126000360/whlr-20260923.htm,False,
TSLA,2026-09-29 00:00:00,https://www.sec.gov/Archives/edgar/data/1318605/000162828026063820/0001628280-26-063820-index.htm,8-K,8-K,https://www.sec.gov/Archives/edgar/data/1318605/000162828026063820/tsla-20260929.htm,True,
AOMN,2026-09-29 00:00:00,https://www.sec.gov/Archives/edgar/data/1766478/000176647826000058/0001766478-26-000058-index.htm,8-K,8-K,https://www.sec.gov/Archives/edgar/data/1766478/000176647826000058/aomr-20260925.htm,True,
AOMR,2026-09-29 00:00:00,https://www.sec.gov/Archives/edgar/data/1766478/000176647826000058/0001766478-26-000058-index.htm,8-K,8-K,https://www.sec.gov/Archives/edgar/data/1766478/000176647826000058/aomr-20260925.htm,True,
BHLL,2026-09-29 00:00:00,https://www.sec.gov/Archives/edgar/data/1407583/000149315226044876/0001493152-26-044876-index.htm,8-K,8-K,https://www.sec.gov/Archives/edgar/data/1407583/000149315226044876/form8-k.htm,False,
BHLL,2026-09-29 00:00:00,https://www.sec.gov/Archives/edgar/data/1407583/000149315226044876/0001493152-26-044876-index.htm,EX-99.1,EX-99.1,https://www.sec.gov/Archives/edgar/data/1407583/000149315226044876/ex99-1.htm,False,
BHLLD,2026-09-29 00:00:00,https://www.sec.gov/Archives/edgar/data/1407583/000149315226044876/0001493152-26-044876-index.htm,8-K,8-K,https://www.sec.gov/Archives/edgar/data/1407583/000149315226044876/form8-k.htm,False,
BHLLD,2026-09-29 00:00:00,https://www.sec.gov/Archives/edgar/data/1407583/000149315226044876/0001493152-26-044876-index.htm,EX-99.1,EX-99.1,https://www.sec.gov/Archives/edgar/data/1407583/000149315226044876/ex99-1.htm,False,
BYRN,2026-09-29 00:00:00,https://www.sec.gov/Archives/edgar/data/1354866/000143774926031471/0001437749-26-031471-index.htm,8-K,FORM 8-K,https://www.sec.gov/Archives/edgar/data/1354866/000143774926031471/byrn20260929_8k.htm,False,
PAGP,2026-09-29 00:00:00,https://www.sec.gov/Archives/edgar/data/1581990/000110465926111956/0001104659-26-111956-index.htm,8-K,FORM 8-K,https://www.sec.gov/Archives/edgar/data/1581990/000110465926111956/tm2626534d1_8k.htm,False,
PAGP,2026-09-29 00:00:00,https://www.sec.gov/Archives/edgar/data/1581990/000110465926111956/0001104659-26-111956-index.htm,EX-99.1,EXHIBIT 99.1,https://www.sec.gov/Archives/edgar/data/1581990/000110465926111956/tm2626534d1_ex99-1.htm,False,
TENK,2026-09-29 00:00:00,https://www.sec.gov/Archives/edgar/data/1851484/000121390026104694/0001213900-26-104694-index.htm,8-K,CURRENT REPORT,https://www.sec.gov/Archives/edgar/data/1851484/000121390026104694/ea0307034-8k_citius.htm,False,
TENKU,2026-09-29 00:00:00,https://www.sec.gov/Archives/edgar/data/1851484/000121390026104694/0001213900-26-104694-index.htm,8-K,CURRENT REPORT,https://www.sec.gov/Archives/edgar/data/1851484/000121390026104694/ea0307034-8k_citius.htm,False,
TENKR,2026-09-29 00:00:00,https://www.sec.gov/Archives/edgar/data/1851484/000121390026104694/0001213900-26-104694-index.htm,8-K,CURRENT REPORT,https://www.sec.gov/Archives/edgar/data/1851484/000121390026104694/ea0307034-8k_citius.htm,False,
HAVA,2026-09-29 00:00:00,https://www.sec.gov/Archives/edgar/data/2042460/000121390026104691/0001213900-26-104691-index.htm,8-K,CURRENT REPORT,https://www.sec.gov/Archives/edgar/data/2042460/000121390026104691/ea0304769-8k425_harvard.htm,True,
HAVA,2026-09-29 00:00:00,https://www.sec.gov/Archives/edgar/data/2042460/000121390026104691/0001213900-26-104691-index.htm,EX-10.1,"COMPANY SHAREHOLDER SUPPORT AGREEMENT DATED SEPTEMBER 25, 2026",https://www.sec.gov/Archives/edgar/data/2042460/000121390026104691/ea030476901ex10-1.htm,False,
HAVA,2026-09-29 00:00:00,https://www.sec.gov/Archives/edgar/data/2042460/000121390026104691/0001213900-26-104691-index.htm,EX-10.2,"SPONSORS SUPPORT AGREEMENT DATED SEPTEMBER 25, 2026",https://www.sec.gov/Archives/edgar/data/2042460/000121390026104691/ea030476901ex10-2.htm,False,
HAVA,2026-09-29 00:00:00,https://www.sec.gov/Archives/edgar/data/2042460/000121390026104691/0001213900-26-104691-index.htm,EX-99.1,"PRESS RELEASE DATED SEPTEMBER 28, 2026",https://www.sec.gov/Archives/edgar/data/2042460/000121390026104691/ea030476901ex99-1.htm,False,
HAVAR,2026-09-29 00:00:00,https://www.sec.gov/Archives/edgar/data/2042460/000121390026104691/0001213900-26-104691-index.htm,8-K,CURRENT REPORT,https://www.sec.gov/Archives/edgar/data/2042460/000121390026104691/ea0304769-8k425_harvard.htm,True,
HAVAR,2026-09-29 00:00:00,https://www.sec.gov/Archives/edgar/data/2042460/000121390026104691/0001213900-26-104691-index.htm,EX-10.1,"COMPANY SHAREHOLDER SUPPORT AGREEMENT DATED SEPTEMBER 25, 2026",https://www.sec.gov/Archives/edgar/data/2042460/000121390026104691/ea030476901ex10-1.htm,False,
HAVAR,2026-09-29 00:00:00,https://www.sec.gov/Archives/edgar/data/2042460/000121390026104691/0001213900-26-104691-index.htm,EX-10.2,"SPONSORS SUPPORT AGREEMENT DATED SEPTEMBER 25, 2026",https://www.sec.gov/Archives/edgar/data/2042460/000121390026104691/ea030476901ex10-2.htm,False,
HAVAR,2026-09-29 00:00:00,https://www.sec.gov/Archives/edgar/data/2042460/000121390026104691/0001213900-26-104691-index.htm,EX-99.1,"PRESS RELEASE DATED SEPTEMBER 28, 2026",https://www.sec.gov/Archives/edgar/data/2042460/000121390026104691/ea030476901ex99-1.htm,False,
HAVAU,2026-09-29 00:00:00,https://www.sec.gov/Archives/edgar/data/2042460/000121390026104691/0001213900-26-104691-index.htm,8-K,CURRENT REPORT,https://www.sec.gov/Archives/edgar/data/2042460/000121390026104691/ea0304769-8k425_harvard.htm,True,
HAVAU,2026-09-29 00:00:00,https://www.sec.gov/Archives/edgar/data/2042460/000121390026104691/0001213900-26-104691-index.htm,EX-10.1,"COMPANY SHAREHOLDER SUPPORT AGREEMENT DATED SEPTEMBER 25, 2026",https://www.sec.gov/Archives/edgar/data/2042460/000121390026104691/ea030476901ex10-1.htm,False,
HAVAU,2026-09-29 00:00:00,https://www.sec.gov/Archives/edgar/data/2042460/000121390026104691/0001213900-26-104691-index.htm,EX-10.2,"SPONSORS SUPPORT AGREEMENT DATED SEPTEMBER 25, 2026",https://www.sec.gov/Archives/edgar/data/2042460/000121390026104691/ea030476901ex10-2.htm,False,
HAVAU,2026-09-29 00:00:00,https://www.sec.gov/Archives/edgar/data/2042460/000121390026104691/0001213900-26-104691-index.htm,EX-99.1,"PRESS RELEASE DATED SEPTEMBER 28, 2026",https://www.sec.gov/Archives/edgar/data/2042460/000121390026104691/ea030476901ex99-1.htm,False,
ARAI,2026-09-29 00:00:00,https://www.sec.gov/Archives/edgar/data/1818274/000149315226044874/0001493152-26-044874-index.htm,8-K,8-K,https://www.sec.gov/Archives/edgar/data/1818274/000149315226044874/form8-k.htm,False,
NNVC,2026-09-29 00:00:00,https://www.sec.gov/Archives/edgar/data/1379006/000110465926111952/0001104659-26-111952-index.htm,8-K,FORM 8-K,https://www.sec.gov/Archives/edgar/data/1379006/000110465926111952/tm2626486d1_8k.htm,False,
NNVC,2026-09-29 00:00:00,https://www.sec.gov/Archives/edgar/data/1379006/000110465926111952/0001104659-26-111952-index.htm,EX-10.1,EXHIBIT 10.1,https://www.sec.gov/Archives/edgar/data/1379006/000110465926111952/tm2626486d1_ex10-1.htm,False,
NNVC,2026-09-29 00:00:00,https://www.sec.gov/Archives/edgar/data/1379006/000110465926111952/0001104659-26-111952-index.htm,EX-10.2,EXHIBIT 10.2,https://www.sec.gov/Archives/edgar/data/1379006/000110465926111952/tm2626486d1_ex10-2.htm,False,
UTL,2026-09-29 00:00:00,https://www.sec.gov/Archives/edgar/data/755001/000075500126000031/0000755001-26-000031-index.htm,8-K,8-K,https://www.sec.gov/Archives/edgar/data/755001/000075500126000031/utl-20260924.htm,True,
None,2026-09-29 00:00:00,https://www.sec.gov/Archives/edgar/data/1953940/000193005426000026/0001930054-26-000026-index.htm,8-K,8-K,https://www.sec.gov/Archives/edgar/data/1930054/000193005426000026/bxpe-20260929.htm,False,
None,2026-09-29 00:00:00,https://www.sec.gov/Archives/edgar/data/1930054/000193005426000026/0001930054-26-000026-index.htm,8-K,8-K,https://www.sec.gov/Archives/edgar/data/1930054/000193005426000026/bxpe-20260929.htm,False,
PAA,2026-09-29 00:00:00,https://www.sec.gov/Archives/edgar/data/1070423/000110465926111950/0001104659-26-111950-index.htm,8-K,FORM 8-K,https://www.sec.gov/Archives/edgar/data/1070423/000110465926111950/tm2626533d1_8k.htm,False,
PAA,2026-09-29 00:00:00,https://www.sec.gov/Archives/edgar/data/1070423/000110465926111950/0001104659-26-111950-index.htm,EX-99.1,EXHIBIT 99.1,https://www.sec.gov/Archives/edgar/data/1070423/000110465926111950/tm2626533d1_ex99-1.htm,False,
None,2026-09-29 00:00:00,https://www.sec.gov/Archives/edgar/data/2050229/000203077226000026/0002030772-26-000026-index.htm,8-K,8-K,https://www.sec.gov/Archives/edgar/data/2030772/000203077226000026/bxinfra-20260929.htm,False,
None,2026-09-29 00:00:00,https://www.sec.gov/Archives/edgar/data/2030772/000203077226000026/0002030772-26-000026-index.htm,8-K,8-K,https://www.sec.gov/Archives/edgar/data/2030772/000203077226000026/bxinfra-20260929.htm,False,
CP,2026-09-29 00:00:00,https://www.sec.gov/Archives/edgar/data/16875/000119312526407607/0001193125-26-407607-index.htm,8-K,8-K,https://www.sec.gov/Archives/edgar/data/16875/000119312526407607/d161842d8k.htm,False,
CP,2026-09-29 00:00:00,https://www.sec.gov/Archives/edgar/data/16875/000119312526407607/0001193125-26-407607-index.htm,EX-99.1,EX-99.1,https://www.sec.gov/Archives/edgar/data/16875/000119312526407607/d161842dex991.htm,False,
OGS,2026-09-29 00:00:00,https://www.sec.gov/Archives/edgar/data/1587732/000158773226000046/0001587732-26-000046-index.htm,8-K,8-K,https://www.sec.gov/Archives/edgar/data/1587732/000158773226000046/ogs-20260929.htm,False,
OGS,2026-09-29 00:00:00,https://www.sec.gov/Archives/edgar/data/1587732/000158773226000046/0001587732-26-000046-index.htm,EX-99.1,EX-99.1,https://www.sec.gov/Archives/edgar/data/1587732/000158773226000046/ogsq32026ecnr.htm,False,
XYL,2026-09-29 00:00:00,https://www.sec.gov/Archives/edgar/data/1524472/000152447226000134/0001524472-26-000134-index.htm,8-K,8-K,https://www.sec.gov/Archives/edgar/data/1524472/000152447226000134/xyl-20260929.htm,False,
HGIT,2026-09-29 00:00:00,https://www.sec.gov/Archives/edgar/data/1585101/000162828026063813/0001628280-26-063813-index.htm,8-K,HGIT SHAREHOLDER MEETING RESULTS AND PRESENTATION 8-K,https://www.sec.gov/Archives/edgar/data/1585101/000162828026063813/hgit-20260929.htm,False,
HGIT,2026-09-29 00:00:00,https://www.sec.gov/Archives/edgar/data/1585101/000162828026063813/0001628280-26-063813-index.htm,EX-99.1,EX-99.1 - SHAREHOLDER MEETING PRESENTATION,https://www.sec.gov/Archives/edgar/data/1585101/000162828026063813/hgit2026shpresentation-f.htm,False,
LXEO,2026-09-29 00:00:00,https://www.sec.gov/Archives/edgar/data/1907108/000119312526407555/0001193125-26-407555-index.htm,8-K,8-K,https://www.sec.gov/Archives/edgar/data/1907108/000119312526407555/lxeo-20260929.htm,False,
APYX,2026-09-29 00:00:00,https://www.sec.gov/Archives/edgar/data/719135/000143774926031468/0001437749-26-031468-index.htm,8-K,FORM 8-K,https://www.sec.gov/Archives/edgar/data/719135/000143774926031468/apyx20260929_8k.htm,False,
APYX,2026-09-29 00:00:00,https://www.sec.gov/Archives/edgar/data/719135/000143774926031468/0001437749-26-031468-index.htm,EX-99.1,EXHIBIT 99.1,https://www.sec.gov/Archives/edgar/data/719135/000143774926031468/ex_1020598.htm,False,
NBY,2026-09-29 00:00:00,https://www.sec.gov/Archives/edgar/data/1389545/000143774926031464/0001437749-26-031464-index.htm,8-K,FORM 8-K,https://www.sec.gov/Archives/edgar/data/1389545/000143774926031464/sdev20260929_8k.htm,False,
AVAT,2026-09-29 00:00:00,https://www.sec.gov/Archives/edgar/data/2092446/000110465926111940/0001104659-26-111940-index.htm,8-K,FORM 8-K,https://www.sec.gov/Archives/edgar/data/2092446/000110465926111940/tm2626493d1_8k.htm,False,
VZA,2026-09-29 00:00:00,https://www.sec.gov/Archives/edgar/data/732712/000119312526407520/0001193125-26-407520-index.htm,8-K,8-K,https://www.sec.gov/Archives/edgar/data/732712/000119312526407520/d130372d8k.htm,False,
VZ,2026-09-29 00:00:00,https://www.sec.gov/Archives/edgar/data/732712/000119312526407520/0001193125-26-407520-index.htm,8-K,8-K,https://www.sec.gov/Archives/edgar/data/732712/000119312526407520/d130372d8k.htm,False,
GMGI,2026-09-29 00:00:00,https://www.sec.gov/Archives/edgar/data/1437925/000147793226005898/0001477932-26-005898-index.htm,8-K,FORM 8-K,https://www.sec.gov/Archives/edgar/data/1437925/000147793226005898/meridian_8k.htm,False,
GMGI,2026-09-29 00:00:00,https://www.sec.gov/Archives/edgar/data/1437925/000147793226005898/0001477932-26-005898-index.htm,EX-99.1,PRESS RELEASE,https://www.sec.gov/Archives/edgar/data/1437925/000147793226005898/meridian_ex991.htm,False,
MRDN,2026-09-29 00:00:00,https://www.sec.gov/Archives/edgar/data/1437925/000147793226005898/0001477932-26-005898-index.htm,8-K,FORM 8-K,https://www.sec.gov/Archives/edgar/data/1437925/000147793226005898/meridian_8k.htm,False,
MRDN,2026-09-29 00:00:00,https://www.sec.gov/Archives/edgar/data/1437925/000147793226005898/0001477932-26-005898-index.htm,EX-99.1,PRESS RELEASE,https://www.sec.gov/Archives/edgar/data/1437925/000147793226005898/meridian_ex991.htm,False,
NVT,2026-09-29 00:00:00,https://www.sec.gov/Archives/edgar/data/1720635/000110465926111938/0001104659-26-111938-index.htm,8-K,FORM 8-K,https://www.sec.gov/Archives/edgar/data/1720635/000110465926111938/tm2626249d1_8k.htm,True,
APUS,2026-09-29 00:00:00,https://www.sec.gov/Archives/edgar/data/1894525/000121390026104668/0001213900-26-104668-index.htm,8-K,CURRENT REPORT,https://www.sec.gov/Archives/edgar/data/1894525/000121390026104668/ea0306924-8k_apimeds.htm,False,
APUS,2026-09-29 00:00:00,https://www.sec.gov/Archives/edgar/data/1894525/000121390026104668/0001213900-26-104668-index.htm,EX-99.1,"PRESS RELEASE ISSUED BY MINDWAVE INNOVATIONS INC. DATED SEPTEMBER 24, 2026 (AQUA",https://www.sec.gov/Archives/edgar/data/1894525/000121390026104668/ea030692401ex99-1.htm,False,
CSTA,2026-09-29 00:00:00,https://www.sec.gov/Archives/edgar/data/1834032/000121390026104667/0001213900-26-104667-index.htm,8-K,CURRENT REPORT,https://www.sec.gov/Archives/edgar/data/1834032/000121390026104667/ea0307038-8k_constellation1.htm,False,
CSTAF,2026-09-29 00:00:00,https://www.sec.gov/Archives/edgar/data/1834032/000121390026104667/0001213900-26-104667-index.htm,8-K,CURRENT REPORT,https://www.sec.gov/Archives/edgar/data/1834032/000121390026104667/ea0307038-8k_constellation1.htm,False,
CSTA-UN,2026-09-29 00:00:00,https://www.sec.gov/Archives/edgar/data/1834032/000121390026104667/0001213900-26-104667-index.htm,8-K,CURRENT REPORT,https://www.sec.gov/Archives/edgar/data/1834032/000121390026104667/ea0307038-8k_constellation1.htm,False,
CSTA-WT,2026-09-29 00:00:00,https://www.sec.gov/Archives/edgar/data/1834032/000121390026104667/0001213900-26-104667-index.htm,8-K,CURRENT REPORT,https://www.sec.gov/Archives/edgar/data/1834032/000121390026104667/ea0307038-8k_constellation1.htm,False,
CSTUF,2026-09-29 00:00:00,https://www.sec.gov/Archives/edgar/data/1834032/000121390026104667/0001213900-26-104667-index.htm,8-K,CURRENT REPORT,https://www.sec.gov/Archives/edgar/data/1834032/000121390026104667/ea0307038-8k_constellation1.htm,False,
CSTWF,2026-09-29 00:00:00,https://www.sec.gov/Archives/edgar/data/1834032/000121390026104667/0001213900-26-104667-index.htm,8-K,CURRENT REPORT,https://www.sec.gov/Archives/edgar/data/1834032/000121390026104667/ea0307038-8k_constellation1.htm,False,
AFCG,2026-09-29 00:00:00,https://www.sec.gov/Archives/edgar/data/1822523/000162828026063811/0001628280-26-063811-index.htm,8-K,8-K,https://www.sec.gov/Archives/edgar/data/1822523/000162828026063811/afcg-20260925.htm,True,
DX-PC,2026-09-29 00:00:00,https://www.sec.gov/Archives/edgar/data/826675/000082667526000112/0000826675-26-000112-index.htm,8-K,8-K,https://www.sec.gov/Archives/edgar/data/826675/000082667526000112/dx-20260929.htm,False,
DX,2026-09-29 00:00:00,https://www.sec.gov/Archives/edgar/data/826675/000082667526000112/0000826675-26-000112-index.htm,8-K,8-K,https://www.sec.gov/Archives/edgar/data/826675/000082667526000112/dx-20260929.htm,False,
LNDC,2026-09-29 00:00:00,https://www.sec.gov/Archives/edgar/data/1005286/000100528626000036/0001005286-26-000036-index.htm,8-K,8-K,https://www.sec.gov/Archives/edgar/data/1005286/000100528626000036/lfcr-20260924.htm,True,
LFCR,2026-09-29 00:00:00,https://www.sec.gov/Archives/edgar/data/1005286/000100528626000036/0001005286-26-000036-index.htm,8-K,8-K,https://www.sec.gov/Archives/edgar/data/1005286/000100528626000036/lfcr-20260924.htm,True,
BRRK,2026-09-29 00:00:00,https://www.sec.gov/Archives/edgar/data/2098410/000110465926111932/0001104659-26-111932-index.htm,8-K,FORM 8-K,https://www.sec.gov/Archives/edgar/data/2098410/000110465926111932/tm2532616d19_8k.htm,True,
BRRK,2026-09-29 00:00:00,https://www.sec.gov/Archives/edgar/data/2098410/000110465926111932/0001104659-26-111932-index.htm,EX-10.1,EXHIBIT 10.1,https://www.sec.gov/Archives/edgar/data/2098410/000110465926111932/tm2532616d19_ex10-1.htm,False,
BRRK,2026-09-29 00:00:00,https://www.sec.gov/Archives/edgar/data/2098410/000110465926111932/0001104659-26-111932-index.htm,EX-10.2,EXHIBIT 10.2,https://www.sec.gov/Archives/edgar/data/2098410/000110465926111932/tm2532616d19_ex10-2.htm,False,
BRRK,2026-09-29 00:00:00,https://www.sec.gov/Archives/edgar/data/2098410/000110465926111932/0001104659-26-111932-index.htm,EX-99.1,EXHIBIT 99.1,https://www.sec.gov/Archives/edgar/data/2098410/000110465926111932/tm2532616d19_ex99-1.htm,False,
ICR-PA,2026-09-29 00:00:00,https://www.sec.gov/Archives/edgar/data/1690012/000119312526407484/0001193125-26-407484-index.htm,8-K,8-K,https://www.sec.gov/Archives/edgar/data/1690012/000119312526407484/ck0001690012-20260929.htm,False,
None,2026-09-29 00:00:00,https://www.sec.gov/Archives/edgar/data/1948056/000194805626000079/0001948056-26-000079-index.htm,8-K,8-K,https://www.sec.gov/Archives/edgar/data/1948056/000194805626000079/kkr-20260928.htm,False,
CNXC,2026-09-29 00:00:00,https://www.sec.gov/Archives/edgar/data/1803599/000180359926000147/0001803599-26-000147-index.htm,8-K,8-K,https://www.sec.gov/Archives/edgar/data/1803599/000180359926000147/cnxc-20260929.htm,False,
CNXC,2026-09-29 00:00:00,https://www.sec.gov/Archives/edgar/data/1803599/000180359926000147/0001803599-26-000147-index.htm,EX-99.1,EX-99.1,https://www.sec.gov/Archives/edgar/data/1803599/000180359926000147/exhibit991q32026.htm,True,
GRAF-WT,2026-09-29 00:00:00,https://www.sec.gov/Archives/edgar/data/1897463/000110465926111929/0001104659-26-111929-index.htm,8-K,FORM 8-K,https://www.sec.gov/Archives/edgar/data/1897463/000110465926111929/tm2618324d25_8k.htm,False,
GRAF-UN,2026-09-29 00:00:00,https://www.sec.gov/Archives/edgar/data/1897463/000110465926111929/0001104659-26-111929-index.htm,8-K,FORM 8-K,https://www.sec.gov/Archives/edgar/data/1897463/000110465926111929/tm2618324d25_8k.htm,False,
MODD,2026-09-29 00:00:00,https://www.sec.gov/Archives/edgar/data/1074871/000121390026104656/0001213900-26-104656-index.htm,8-K,CURRENT REPORT,https://www.sec.gov/Archives/edgar/data/1074871/000121390026104656/ea0306938-8k_modular.htm,False,
DYN,2026-09-29 00:00:00,https://www.sec.gov/Archives/edgar/data/1818794/000181879426000009/0001818794-26-000009-index.htm,8-K,8-K,https://www.sec.gov/Archives/edgar/data/1818794/000181879426000009/dyn-20260929.htm,False,
DYN,2026-09-29 00:00:00,https://www.sec.gov/Archives/edgar/data/1818794/000181879426000009/0001818794-26-000009-index.htm,EX-99.1,EX-99.1,https://www.sec.gov/Archives/edgar/data/1818794/000181879426000009/dyn-ex99_1.htm,False,
None,2026-09-29 00:00:00,https://www.sec.gov/Archives/edgar/data/2044820/000119312526407337/0001193125-26-407337-index.htm,8-K,8-K,https://www.sec.gov/Archives/edgar/data/2044820/000119312526407337/ck0002044820-20260929.htm,False,
None,2026-09-29 00:00:00,https://www.sec.gov/Archives/edgar/data/2044820/000119312526407337/0001193125-26-407337-index.htm,EX-99.1,EX-99.1,https://www.sec.gov/Archives/edgar/data/2044820/000119312526407337/ck0002044820-ex99_1.htm,False,
CNTY,2026-09-29 00:00:00,https://www.sec.gov/Archives/edgar/data/911147/000091114726000047/0000911147-26-000047-index.htm,8-K,8-K,https://www.sec.gov/Archives/edgar/data/911147/000091114726000047/cnty-20260924x8k.htm,True,
CNTY,2026-09-29 00:00:00,https://www.sec.gov/Archives/edgar/data/911147/000091114726000047/0000911147-26-000047-index.htm,EX-99.1,EX-99.1,https://www.sec.gov/Archives/edgar/data/911147/000091114726000047/cnty-20260924xex99_1.htm,False,
LSAK,2026-09-29 00:00:00,https://www.sec.gov/Archives/edgar/data/1041514/000106299326005108/0001062993-26-005108-index.htm,8-K,FORM 8-K,https://www.sec.gov/Archives/edgar/data/1041514/000106299326005108/form8k.htm,False,
UEPS,2026-09-29 00:00:00,https://www.sec.gov/Archives/edgar/data/1041514/000106299326005108/0001062993-26-005108-index.htm,8-K,FORM 8-K,https://www.sec.gov/Archives/edgar/data/1041514/000106299326005108/form8k.htm,False,
FOXF,2026-09-29 00:00:00,https://www.sec.gov/Archives/edgar/data/1424929/000142492926000057/0001424929-26-000057-index.htm,8-K,8-K,https://www.sec.gov/Archives/edgar/data/1424929/000142492926000057/foxf-20260925.htm,True,
FOXF,2026-09-29 00:00:00,https://www.sec.gov/Archives/edgar/data/1424929/000142492926000057/0001424929-26-000057-index.htm,EX-10.1,EX-10.1,https://www.sec.gov/Archives/edgar/data/1424929/000142492926000057/exhibit101-subordinateduns.htm,True,
FOXF,2026-09-29 00:00:00,https://www.sec.gov/Archives/edgar/data/1424929/000142492926000057/0001424929-26-000057-index.htm,EX-99.1,EX-99.1,https://www.sec.gov/Archives/edgar/data/1424929/000142492926000057/exhibit991unauditedproform.htm,True,
SCLXW,2026-09-29 00:00:00,https://www.sec.gov/Archives/edgar/data/1820190/000119312526407333/0001193125-26-407333-index.htm,8-K,8-K,https://www.sec.gov/Archives/edgar/data/1820190/000119312526407333/sclx-20260925.htm,True,
SCLXW,2026-09-29 00:00:00,https://www.sec.gov/Archives/edgar/data/1820190/000119312526407333/0001193125-26-407333-index.htm,EX-10.1,EX-10.1,https://www.sec.gov/Archives/edgar/data/1820190/000119312526407333/sclx-ex10_1.htm,False,
VCKA,2026-09-29 00:00:00,https://www.sec.gov/Archives/edgar/data/1820190/000119312526407333/0001193125-26-407333-index.htm,8-K,8-K,https://www.sec.gov/Archives/edgar/data/1820190/000119312526407333/sclx-20260925.htm,True,
VCKA,2026-09-29 00:00:00,https://www.sec.gov/Archives/edgar/data/1820190/000119312526407333/0001193125-26-407333-index.htm,EX-10.1,EX-10.1,https://www.sec.gov/Archives/edgar/data/1820190/000119312526407333/sclx-ex10_1.htm,False,
SCLX,2026-09-29 00:00:00,https://www.sec.gov/Archives/edgar/data/1820190/000119312526407333/0001193125-26-407333-index.htm,8-K,8-K,https://www.sec.gov/Archives/edgar/data/1820190/000119312526407333/sclx-20260925.htm,True,
SCLX,2026-09-29 00:00:00,https://www.sec.gov/Archives/edgar/data/1820190/000119312526407333/0001193125-26-407333-index.htm,EX-10.1,EX-10.1,https://www.sec.gov/Archives/edgar/data/1820190/000119312526407333/sclx-ex10_1.htm,False,
VCKAU,2026-09-29 00:00:00,https://www.sec.gov/Archives/edgar/data/1820190/000119312526407333/0001193125-26-407333-index.htm,8-K,8-K,https://www.sec.gov/Archives/edgar/data/1820190/000119312526407333/sclx-20260925.htm,True,
VCKAU,2026-09-29 00:00:00,https://www.sec.gov/Archives/edgar/data/1820190/000119312526407333/0001193125-26-407333-index.htm,EX-10.1,EX-10.1,https://www.sec.gov/Archives/edgar/data/1820190/000119312526407333/sclx-ex10_1.htm,False,
VCKAW,2026-09-29 00:00:00,https://www.sec.gov/Archives/edgar/data/1820190/000119312526407333/0001193125-26-407333-index.htm,8-K,8-K,https://www.sec.gov/Archives/edgar/data/1820190/000119312526407333/sclx-20260925.htm,True,
VCKAW,2026-09-29 00:00:00,https://www.sec.gov/Archives/edgar/data/1820190/000119312526407333/0001193125-26-407333-index.htm,EX-10.1,EX-10.1,https://www.sec.gov/Archives/edgar/data/1820190/000119312526407333/sclx-ex10_1.htm,False,
LRMR,2026-09-29 00:00:00,https://www.sec.gov/Archives/edgar/data/1374690/000119312526407331/0001193125-26-407331-index.htm,8-K,8-K,https://www.sec.gov/Archives/edgar/data/1374690/000119312526407331/lrmr-20260929.htm,False,
ZFGN,2026-09-29 00:00:00,https://www.sec.gov/Archives/edgar/data/1374690/000119312526407331/0001193125-26-407331-index.htm,8-K,8-K,https://www.sec.gov/Archives/edgar/data/1374690/000119312526407331/lrmr-20260929.htm,False,
None,2026-09-29 00:00:00,https://www.sec.gov/Archives/edgar/data/1939433/000193943326000160/0001939433-26-000160-index.htm,8-K,8-K,https://www.sec.gov/Archives/edgar/data/1939433/000193943326000160/cnsreit-20260929.htm,False,
CTKB,2026-09-29 00:00:00,https://www.sec.gov/Archives/edgar/data/1831915/000119312526407330/0001193125-26-407330-index.htm,8-K,8-K,https://www.sec.gov/Archives/edgar/data/1831915/000119312526407330/d94407d8k.htm,False,
LRHC,2026-09-29 00:00:00,https://www.sec.gov/Archives/edgar/data/1879403/000121390026104651/0001213900-26-104651-index.htm,8-K,CURRENT REPORT,https://www.sec.gov/Archives/edgar/data/1879403/000121390026104651/ea0306918-8k_larosa.htm,False,
LRHC,2026-09-29 00:00:00,https://www.sec.gov/Archives/edgar/data/1879403/000121390026104651/0001213900-26-104651-index.htm,EX-10.1,"BOARD OF DIRECTORS AGREEMENT WITH MARC URBACH, DATED SEPTEMBER 24, 2026",https://www.sec.gov/Archives/edgar/data/1879403/000121390026104651/ea030691801ex10-1.htm,False,
CVKD,2026-09-29 00:00:00,https://www.sec.gov/Archives/edgar/data/1937993/000121390026104647/0001213900-26-104647-index.htm,8-K,CURRENT REPORT,https://www.sec.gov/Archives/edgar/data/1937993/000121390026104647/ea0306613-8k_cadrenal.htm,False,
CVKD,2026-09-29 00:00:00,https://www.sec.gov/Archives/edgar/data/1937993/000121390026104647/0001213900-26-104647-index.htm,EX-10.1,"AMENDMENT NO. 2 TO THE CADRENAL THERAPEUTICS, INC. 2022 SUCCESSOR EQUITY INCENTI",https://www.sec.gov/Archives/edgar/data/1937993/000121390026104647/ea030661301ex10-1.htm,False,
ATEK,2026-09-29 00:00:00,https://www.sec.gov/Archives/edgar/data/1882198/000121390026104648/0001213900-26-104648-index.htm,8-K,CURRENT REPORT,https://www.sec.gov/Archives/edgar/data/1882198/000121390026104648/ea0306930-8k_athena2.htm,True,
ATEK-WT,2026-09-29 00:00:00,https://www.sec.gov/Archives/edgar/data/1882198/000121390026104648/0001213900-26-104648-index.htm,8-K,CURRENT REPORT,https://www.sec.gov/Archives/edgar/data/1882198/000121390026104648/ea0306930-8k_athena2.htm,True,
ATEK-UN,2026-09-29 00:00:00,https://www.sec.gov/Archives/edgar/data/1882198/000121390026104648/0001213900-26-104648-index.htm,8-K,CURRENT REPORT,https://www.sec.gov/Archives/edgar/data/1882198/000121390026104648/ea0306930-8k_athena2.htm,True,
TELA,2026-09-29 00:00:00,https://www.sec.gov/Archives/edgar/data/1561921/000110465926111920/0001104659-26-111920-index.htm,8-K,FORM 8-K,https://www.sec.gov/Archives/edgar/data/1561921/000110465926111920/tm2626521d1_8k.htm,True,
LGCY,2026-09-29 00:00:00,https://www.sec.gov/Archives/edgar/data/1836754/000149315226044865/0001493152-26-044865-index.htm,8-K,8-K,https://www.sec.gov/Archives/edgar/data/1836754/000149315226044865/form8-k.htm,False,
LGCY,2026-09-29 00:00:00,https://www.sec.gov/Archives/edgar/data/1836754/000149315226044865/0001493152-26-044865-index.htm,EX-99.1,EX-99.1,https://www.sec.gov/Archives/edgar/data/1836754/000149315226044865/ex99-1.htm,False,
GOAI,2026-09-29 00:00:00,https://www.sec.gov/Archives/edgar/data/1983736/000149315226044863/0001493152-26-044863-index.htm,8-K,8-K,https://www.sec.gov/Archives/edgar/data/1983736/000149315226044863/form8-k.htm,False,
POLA,2026-09-29 00:00:00,https://www.sec.gov/Archives/edgar/data/1622345/000149315226044864/0001493152-26-044864-index.htm,8-K,8-K,https://www.sec.gov/Archives/edgar/data/1622345/000149315226044864/form8-k.htm,False,
POLA,2026-09-29 00:00:00,https://www.sec.gov/Archives/edgar/data/1622345/000149315226044864/0001493152-26-044864-index.htm,EX-99.1,EX-99.1,https://www.sec.gov/Archives/edgar/data/1622345/000149315226044864/ex99-1.htm,False,
BHR-PB,2026-09-29 00:00:00,https://www.sec.gov/Archives/edgar/data/1574085/000157408526000146/0001574085-26-000146-index.htm,8-K,8-K,https://www.sec.gov/Archives/edgar/data/1574085/000157408526000146/bhr-20260923.htm,True,
BHR,2026-09-29 00:00:00,https://www.sec.gov/Archives/edgar/data/1574085/000157408526000146/0001574085-26-000146-index.htm,8-K,8-K,https://www.sec.gov/Archives/edgar/data/1574085/000157408526000146/bhr-20260923.htm,True,
BHR-PD,2026-09-29 00:00:00,https://www.sec.gov/Archives/edgar/data/1574085/000157408526000146/0001574085-26-000146-index.htm,8-K,8-K,https://www.sec.gov/Archives/edgar/data/1574085/000157408526000146/bhr-20260923.htm,True,
CAC,2026-09-29 00:00:00,https://www.sec.gov/Archives/edgar/data/750686/000075068626000066/0000750686-26-000066-index.htm,8-K,8-K,https://www.sec.gov/Archives/edgar/data/750686/000075068626000066/cac-20260929.htm,False,
CAC,2026-09-29 00:00:00,https://www.sec.gov/Archives/edgar/data/750686/000075068626000066/0000750686-26-000066-index.htm,EX-99.1,EX-99.1,https://www.sec.gov/Archives/edgar/data/750686/000075068626000066/exhibit991pressrelease0929.htm,False,
INRE,2026-09-29 00:00:00,https://www.sec.gov/Archives/edgar/data/1528985/000119312526407317/0001193125-26-407317-index.htm,8-K,8-K,https://www.sec.gov/Archives/edgar/data/1528985/000119312526407317/ireit-20260929.htm,False,
AYI,2026-09-29 00:00:00,https://www.sec.gov/Archives/edgar/data/1144215/000110465926111917/0001104659-26-111917-index.htm,8-K,FORM 8-K,https://www.sec.gov/Archives/edgar/data/1144215/000110465926111917/tm2626454d1_8k.htm,False,
AYI,2026-09-29 00:00:00,https://www.sec.gov/Archives/edgar/data/1144215/000110465926111917/0001104659-26-111917-index.htm,EX-99.1,EXHIBIT 99.1,https://www.sec.gov/Archives/edgar/data/1144215/000110465926111917/tm2626454d1_ex99-1.htm,False,
SIDU,2026-09-29 00:00:00,https://www.sec.gov/Archives/edgar/data/1879726/000149315226044862/0001493152-26-044862-index.htm,8-K,8-K,https://www.sec.gov/Archives/edgar/data/1879726/000149315226044862/form8-k.htm,False,
WDAY,2026-09-29 00:00:00,https://www.sec.gov/Archives/edgar/data/1327811/000132781126000048/0001327811-26-000048-index.htm,8-K,8-K,https://www.sec.gov/Archives/edgar/data/1327811/000132781126000048/wday-20260929.htm,False,
LWLG,2026-09-29 00:00:00,https://www.sec.gov/Archives/edgar/data/1325964/000107997326001303/0001079973-26-001303-index.htm,8-K,FORM 8-K,https://www.sec.gov/Archives/edgar/data/1325964/000107997326001303/lwlg_8k.htm,False,
LWLG,2026-09-29 00:00:00,https://www.sec.gov/Archives/edgar/data/1325964/000107997326001303/0001079973-26-001303-index.htm,EX-99.1,EXHIBIT 99.1,https://www.sec.gov/Archives/edgar/data/1325964/000107997326001303/ex99x1.htm,False,
MSS,2026-09-29 00:00:00,https://www.sec.gov/Archives/edgar/data/1892292/000121390026104637/0001213900-26-104637-index.htm,8-K,CURRENT REPORT,https://www.sec.gov/Archives/edgar/data/1892292/000121390026104637/ea0306810-8k_maison.htm,False,
MSS,2026-09-29 00:00:00,https://www.sec.gov/Archives/edgar/data/1892292/000121390026104637/0001213900-26-104637-index.htm,EX-99.1,"PRESS RELEASE ISSUED BY MAISON SOLUTIONS INC. ON SEPTEMBER 29, 2026",https://www.sec.gov/Archives/edgar/data/1892292/000121390026104637/ea030681001ex99-1.htm,False,
SOPA,2026-09-29 00:00:00,https://www.sec.gov/Archives/edgar/data/1817511/000149315226044860/0001493152-26-044860-index.htm,8-K,8-K,https://www.sec.gov/Archives/edgar/data/1817511/000149315226044860/form8-k.htm,False,
None,2026-09-29 00:00:00,https://www.sec.gov/Archives/edgar/data/1959961/000119312526407222/0001193125-26-407222-index.htm,8-K,8-K,https://www.sec.gov/Archives/edgar/data/1959961/000119312526407222/ck0001959961-20260929.htm,False,
GWLL,2026-09-29 00:00:00,https://www.sec.gov/Archives/edgar/data/1800373/000147793226005892/0001477932-26-005892-index.htm,8-K,FORM 8-K,https://www.sec.gov/Archives/edgar/data/1800373/000147793226005892/gdwl_8k.htm,False,
None,2026-09-29 00:00:00,https://www.sec.gov/Archives/edgar/data/2043759/000119312526406949/0001193125-26-406949-index.htm,8-K,8-K,https://www.sec.gov/Archives/edgar/data/2043759/000119312526406949/ck0002043759-20260924.htm,True,
None,2026-09-29 00:00:00,https://www.sec.gov/Archives/edgar/data/2043759/000119312526406949/0001193125-26-406949-index.htm,EX-10.1,EX-10.1,https://www.sec.gov/Archives/edgar/data/2043759/000119312526406949/ck0002043759-ex10_1.htm,True,
RYNL,2026-09-29 00:00:00,https://www.sec.gov/Archives/edgar/data/1283789/000168316826007478/0001683168-26-007478-index.htm,8-K,CURRENT REPORT,https://www.sec.gov/Archives/edgar/data/1283789/000168316826007478/reynaldos_8k.htm,False,
HLIO,2026-09-29 00:00:00,https://www.sec.gov/Archives/edgar/data/1024795/000119312526406905/0001193125-26-406905-index.htm,8-K,8-K,https://www.sec.gov/Archives/edgar/data/1024795/000119312526406905/hlio-20260925.htm,False,
HLIO,2026-09-29 00:00:00,https://www.sec.gov/Archives/edgar/data/1024795/000119312526406905/0001193125-26-406905-index.htm,EX-99.1,EX-99.1,https://www.sec.gov/Archives/edgar/data/1024795/000119312526406905/hlio-ex99_1.htm,False,
None,2026-09-29 00:00:00,https://www.sec.gov/Archives/edgar/data/1329842/000165495426008634/0001654954-26-008634-index.htm,8-K,FORM 8-K,https://www.sec.gov/Archives/edgar/data/1329842/000165495426008634/fhlbny_8k.htm,False,
None,2026-09-29 00:00:00,https://www.sec.gov/Archives/edgar/data/1329842/000165495426008634/0001654954-26-008634-index.htm,EX-99.1,SCHEDULE A,https://www.sec.gov/Archives/edgar/data/1329842/000165495426008634/fhlbny_ex991.htm,False,
None,2026-09-29 00:00:00,https://www.sec.gov/Archives/edgar/data/1316944/000131694426000160/0001316944-26-000160-index.htm,8-K,"CURRENT REPORT, ITEM 2.03",https://www.sec.gov/Archives/edgar/data/1316944/000131694426000160/fhlbsf-20260923.htm,False,
None,2026-09-29 00:00:00,https://www.sec.gov/Archives/edgar/data/2125316/000110465926111819/0001104659-26-111819-index.htm,8-K,FORM 8-K,https://www.sec.gov/Archives/edgar/data/2125316/000110465926111819/tm2626523d1_8k.htm,True,
None,2026-09-29 00:00:00,https://www.sec.gov/Archives/edgar/data/2125316/000110465926111819/0001104659-26-111819-index.htm,EX-10.1,EXHIBIT 10.1,https://www.sec.gov/Archives/edgar/data/2125316/000110465926111819/tm2626523d1_ex10-1.htm,False,
LUVU,2026-09-29 00:00:00,https://www.sec.gov/Archives/edgar/data/1374567/000165495426008628/0001654954-26-008628-index.htm,8-K,FORM 8-K,https://www.sec.gov/Archives/edgar/data/1374567/000165495426008628/luvu_8k.htm,False,
LUVU,2026-09-29 00:00:00,https://www.sec.gov/Archives/edgar/data/1374567/000165495426008628/0001654954-26-008628-index.htm,EX-99.1,PRESS RELEASE,https://www.sec.gov/Archives/edgar/data/1374567/000165495426008628/luvu_ex991.htm,False,
None,2026-09-29 00:00:00,https://www.sec.gov/Archives/edgar/data/1953520/000119312526406738/0001193125-26-406738-index.htm,8-K,8-K,https://www.sec.gov/Archives/edgar/data/1953520/000119312526406738/ck0001953520-20260929.htm,False,
None,2026-09-29 00:00:00,https://www.sec.gov/Archives/edgar/data/1326771/000132677126000157/0001326771-26-000157-index.htm,8-K,8-K,https://www.sec.gov/Archives/edgar/data/1326771/000132677126000157/fhlbcin-20260924.htm,False,
None,2026-09-29 00:00:00,https://www.sec.gov/Archives/edgar/data/1825384/000110465926111809/0001104659-26-111809-index.htm,8-K,FORM 8-K,https://www.sec.gov/Archives/edgar/data/1825384/000110465926111809/tm2626492d1_8k.htm,False,
None,2026-09-29 00:00:00,https://www.sec.gov/Archives/edgar/data/1325814/000132581426000154/0001325814-26-000154-index.htm,8-K,8-K,https://www.sec.gov/Archives/edgar/data/1325814/000132581426000154/fhlbdm-20260923.htm,False,
None,2026-09-29 00:00:00,https://www.sec.gov/Archives/edgar/data/1325814/000132581426000154/0001325814-26-000154-index.htm,EX-99.1,EX-99.1,https://www.sec.gov/Archives/edgar/data/1325814/000132581426000154/tsy092926ex991.htm,False,
None,2026-09-29 00:00:00,https://www.sec.gov/Archives/edgar/data/1713407/000171340726000097/0001713407-26-000097-index.htm,8-K,8-K,https://www.sec.gov/Archives/edgar/data/1713407/000171340726000097/bra-20260929.htm,False,
None,2026-09-29 00:00:00,https://www.sec.gov/Archives/edgar/data/1331463/000133146326000186/0001331463-26-000186-index.htm,8-K,CURRENT REPORT ITEM 2.03,https://www.sec.gov/Archives/edgar/data/1331463/000133146326000186/fhlbbost-20260923.htm,False,
PRSI,2026-09-29 00:00:00,https://www.sec.gov/Archives/edgar/data/79661/000149315226044837/0001493152-26-044837-index.htm,8-K,8-K,https://www.sec.gov/Archives/edgar/data/79661/000149315226044837/form8-k.htm,False,
PRSI,2026-09-29 00:00:00,https://www.sec.gov/Archives/edgar/data/79661/000149315226044837/0001493152-26-044837-index.htm,EX-99.1,EX-99.1,https://www.sec.gov/Archives/edgar/data/79661/000149315226044837/ex99-1.htm,True,
None,2026-09-29 00:00:00,https://www.sec.gov/Archives/edgar/data/1331757/000133175726000175/0001331757-26-000175-index.htm,8-K,8-K,https://www.sec.gov/Archives/edgar/data/1331757/000133175726000175/fhlbd-20260923.htm,False,
INTG,2026-09-29 00:00:00,https://www.sec.gov/Archives/edgar/data/69422/000149315226044836/0001493152-26-044836-index.htm,8-K,8-K,https://www.sec.gov/Archives/edgar/data/69422/000149315226044836/form8-k.htm,False,
INTG,2026-09-29 00:00:00,https://www.sec.gov/Archives/edgar/data/69422/000149315226044836/0001493152-26-044836-index.htm,EX-99.1,EX-99.1,https://www.sec.gov/Archives/edgar/data/69422/000149315226044836/ex99-1.htm,False,
None,2026-09-29 00:00:00,https://www.sec.gov/Archives/edgar/data/1772918/000119312526406625/0001193125-26-406625-index.htm,8-K,8-K,https://www.sec.gov/Archives/edgar/data/1772918/000119312526406625/d176134d8k.htm,False,
USCI,2026-09-29 00:00:00,https://www.sec.gov/Archives/edgar/data/1479247/000110465926111783/0001104659-26-111783-index.htm,8-K,FORM 8-K,https://www.sec.gov/Archives/edgar/data/1479247/000110465926111783/tm2625422d7_8k.htm,False,
USCI,2026-09-29 00:00:00,https://www.sec.gov/Archives/edgar/data/1479247/000110465926111783/0001104659-26-111783-index.htm,EX-99.1,EXHIBIT 99.1,https://www.sec.gov/Archives/edgar/data/1479247/000110465926111783/tm2625422d7_ex99-1.htm,False,
CPER,2026-09-29 00:00:00,https://www.sec.gov/Archives/edgar/data/1479247/000110465926111783/0001104659-26-111783-index.htm,8-K,FORM 8-K,https://www.sec.gov/Archives/edgar/data/1479247/000110465926111783/tm2625422d7_8k.htm,False,
CPER,2026-09-29 00:00:00,https://www.sec.gov/Archives/edgar/data/1479247/000110465926111783/0001104659-26-111783-index.htm,EX-99.1,EXHIBIT 99.1,https://www.sec.gov/Archives/edgar/data/1479247/000110465926111783/tm2625422d7_ex99-1.htm,False,
BNO,2026-09-29 00:00:00,https://www.sec.gov/Archives/edgar/data/1472494/000110465926111782/0001104659-26-111782-index.htm,8-K,FORM 8-K,https://www.sec.gov/Archives/edgar/data/1472494/000110465926111782/tm2625422d6_8k.htm,False,
BNO,2026-09-29 00:00:00,https://www.sec.gov/Archives/edgar/data/1472494/000110465926111782/0001104659-26-111782-index.htm,EX-99.1,EXHIBIT 99.1,https://www.sec.gov/Archives/edgar/data/1472494/000110465926111782/tm2625422d6_ex99-1.htm,False,
UNL,2026-09-29 00:00:00,https://www.sec.gov/Archives/edgar/data/1405513/000110465926111781/0001104659-26-111781-index.htm,8-K,FORM 8-K,https://www.sec.gov/Archives/edgar/data/1405513/000110465926111781/tm2625422d5_8k.htm,False,
UNL,2026-09-29 00:00:00,https://www.sec.gov/Archives/edgar/data/1405513/000110465926111781/0001104659-26-111781-index.htm,EX-99.1,EXHIBIT 99.1,https://www.sec.gov/Archives/edgar/data/1405513/000110465926111781/tm2625422d5_ex99-1.htm,False,
UGA,2026-09-29 00:00:00,https://www.sec.gov/Archives/edgar/data/1396878/000110465926111780/0001104659-26-111780-index.htm,8-K,FORM 8-K,https://www.sec.gov/Archives/edgar/data/1396878/000110465926111780/tm2625422d4_8k.htm,False,
UGA,2026-09-29 00:00:00,https://www.sec.gov/Archives/edgar/data/1396878/000110465926111780/0001104659-26-111780-index.htm,EX-99.1,EXHIBIT 99.1,https://www.sec.gov/Archives/edgar/data/1396878/000110465926111780/tm2625422d4_ex99-1.htm,False,
USL,2026-09-29 00:00:00,https://www.sec.gov/Archives/edgar/data/1405528/000110465926111779/0001104659-26-111779-index.htm,8-K,FORM 8-K,https://www.sec.gov/Archives/edgar/data/1405528/000110465926111779/tm2625422d3_8k.htm,False,
USL,2026-09-29 00:00:00,https://www.sec.gov/Archives/edgar/data/1405528/000110465926111779/0001104659-26-111779-index.htm,EX-99.1,EXHIBIT 99.1,https://www.sec.gov/Archives/edgar/data/1405528/000110465926111779/tm2625422d3_ex99-1.htm,False,
UNG,2026-09-29 00:00:00,https://www.sec.gov/Archives/edgar/data/1376227/000110465926111778/0001104659-26-111778-index.htm,8-K,FORM 8-K,https://www.sec.gov/Archives/edgar/data/1376227/000110465926111778/tm2625422d2_8k.htm,False,
UNG,2026-09-29 00:00:00,https://www.sec.gov/Archives/edgar/data/1376227/000110465926111778/0001104659-26-111778-index.htm,EX-99.1,EXHIBIT 99.1,https://www.sec.gov/Archives/edgar/data/1376227/000110465926111778/tm2625422d2_ex99-1.htm,False,
USO,2026-09-29 00:00:00,https://www.sec.gov/Archives/edgar/data/1327068/000110465926111777/0001104659-26-111777-index.htm,8-K,FORM 8-K,https://www.sec.gov/Archives/edgar/data/1327068/000110465926111777/tm2625422d1_8k.htm,False,
USO,2026-09-29 00:00:00,https://www.sec.gov/Archives/edgar/data/1327068/000110465926111777/0001104659-26-111777-index.htm,EX-99.1,EXHIBIT 99.1,https://www.sec.gov/Archives/edgar/data/1327068/000110465926111777/tm2625422d1_ex99-1.htm,False,
None,2026-09-29 00:00:00,https://www.sec.gov/Archives/edgar/data/1331465/000133146526000175/0001331465-26-000175-index.htm,8-K,8-K,https://www.sec.gov/Archives/edgar/data/1331465/000133146526000175/fhlba-20260923.htm,False,
BAFN,2026-09-29 00:00:00,https://www.sec.gov/Archives/edgar/data/1649739/000164973926000114/0001649739-26-000114-index.htm,8-K,8-K,https://www.sec.gov/Archives/edgar/data/1649739/000164973926000114/bafn-20260924.htm,False,
BAFN,2026-09-29 00:00:00,https://www.sec.gov/Archives/edgar/data/1649739/000164973926000114/0001649739-26-000114-index.htm,EX-10.1,EX-10.1,https://www.sec.gov/Archives/edgar/data/1649739/000164973926000114/ex101employmentagreementro.htm,False,
BAFN,2026-09-29 00:00:00,https://www.sec.gov/Archives/edgar/data/1649739/000164973926000114/0001649739-26-000114-index.htm,EX-10.2,EX-10.2,https://www.sec.gov/Archives/edgar/data/1649739/000164973926000114/ex102employmentagreementsc.htm,False,
None,2026-09-29 00:00:00,https://www.sec.gov/Archives/edgar/data/1331451/000133145126000180/0001331451-26-000180-index.htm,8-K,8-K,https://www.sec.gov/Archives/edgar/data/1331451/000133145126000180/fhlbc-20260923.htm,False,
None,2026-09-29 00:00:00,https://www.sec.gov/Archives/edgar/data/1953520/000119312526406370/0001193125-26-406370-index.htm,8-K,8-K,https://www.sec.gov/Archives/edgar/data/1953520/000119312526406370/ck0001953520-20260929.htm,False,
None,2026-09-29 00:00:00,https://www.sec.gov/Archives/edgar/data/1953520/000119312526406370/0001193125-26-406370-index.htm,EX-99.1,EX-99.1,https://www.sec.gov/Archives/edgar/data/1953520/000119312526406370/ck0001953520-ex99_1.htm,False,
TGL,2026-09-29 00:00:00,https://www.sec.gov/Archives/edgar/data/1905956/000121390026104429/0001213900-26-104429-index.htm,8-K,CURRENT REPORT,https://www.sec.gov/Archives/edgar/data/1905956/000121390026104429/ea0307014-8k_treasure.htm,True,
TGL,2026-09-29 00:00:00,https://www.sec.gov/Archives/edgar/data/1905956/000121390026104429/0001213900-26-104429-index.htm,EX-10.1,FORM OF SUPPLEMENTAL AGREEMENT TO THE SOFTWARE DEVELOPMENT AGREEMENT BETWEEN THE,https://www.sec.gov/Archives/edgar/data/1905956/000121390026104429/ea030701401ex10-1.htm,False,
None,2026-09-29 00:00:00,https://www.sec.gov/Archives/edgar/data/1331754/000133175426000192/0001331754-26-000192-index.htm,8-K,8-K,https://www.sec.gov/Archives/edgar/data/1331754/000133175426000192/fhlbi-20260924.htm,False,
None,2026-09-29 00:00:00,https://www.sec.gov/Archives/edgar/data/1325878/000132587826000205/0001325878-26-000205-index.htm,8-K,8-K,https://www.sec.gov/Archives/edgar/data/1325878/000132587826000205/fhlbt-20260923.htm,False,
None,2026-09-29 00:00:00,https://www.sec.gov/Archives/edgar/data/1637880/000163788026000046/0001637880-26-000046-index.htm,8-K,8-K,https://www.sec.gov/Archives/edgar/data/1637880/000163788026000046/tris-20260928.htm,False,
None,2026-09-29 00:00:00,https://www.sec.gov/Archives/edgar/data/2031283/000110465926111732/0001104659-26-111732-index.htm,8-K,FORM 8-K,https://www.sec.gov/Archives/edgar/data/2031283/000110465926111732/tm2626481d1_8k.htm,False,
SLXN,2026-09-29 00:00:00,https://www.sec.gov/Archives/edgar/data/2022416/000117891326004645/0001178913-26-004645-index.htm,8-K,8-K,https://www.sec.gov/Archives/edgar/data/2022416/000117891326004645/zk2636167.htm,True,
SLXN,2026-09-29 00:00:00,https://www.sec.gov/Archives/edgar/data/2022416/000117891326004645/0001178913-26-004645-index.htm,EX-10.1,EXHIBIT 10.1,https://www.sec.gov/Archives/edgar/data/2022416/000117891326004645/exhibit_10-1.htm,False,
SLXN,2026-09-29 00:00:00,https://www.sec.gov/Archives/edgar/data/2022416/000117891326004645/0001178913-26-004645-index.htm,EX-10.2,EXHIBIT 10.2,https://www.sec.gov/Archives/edgar/data/2022416/000117891326004645/exhibit_10-2.htm,False,
SLXNW,2026-09-29 00:00:00,https://www.sec.gov/Archives/edgar/data/2022416/000117891326004645/0001178913-26-004645-index.htm,8-K,8-K,https://www.sec.gov/Archives/edgar/data/2022416/000117891326004645/zk2636167.htm,True,
SLXNW,2026-09-29 00:00:00,https://www.sec.gov/Archives/edgar/data/2022416/000117891326004645/0001178913-26-004645-index.htm,EX-10.1,EXHIBIT 10.1,https://www.sec.gov/Archives/edgar/data/2022416/000117891326004645/exhibit_10-1.htm,False,
SLXNW,2026-09-29 00:00:00,https://www.sec.gov/Archives/edgar/data/2022416/000117891326004645/0001178913-26-004645-index.htm,EX-10.2,EXHIBIT 10.2,https://www.sec.gov/Archives/edgar/data/2022416/000117891326004645/exhibit_10-2.htm,False,
ONCY,2026-09-29 00:00:00,https://www.sec.gov/Archives/edgar/data/1129928/000112992826000059/0001129928-26-000059-index.htm,8-K,8-K,https://www.sec.gov/Archives/edgar/data/1129928/000112992826000059/oncy-20260929.htm,False,
ONCY,2026-09-29 00:00:00,https://www.sec.gov/Archives/edgar/data/1129928/000112992826000059/0001129928-26-000059-index.htm,EX-99.1,EX-99.1,https://www.sec.gov/Archives/edgar/data/1129928/000112992826000059/pnashccpublication.htm,False,
COLAR,2026-09-29 00:00:00,https://www.sec.gov/Archives/edgar/data/2028201/000121390026104375/0001213900-26-104375-index.htm,8-K,CURRENT REPORT,https://www.sec.gov/Archives/edgar/data/2028201/000121390026104375/ea0306954-8k_columbus.htm,False,
COLAR,2026-09-29 00:00:00,https://www.sec.gov/Archives/edgar/data/2028201/000121390026104375/0001213900-26-104375-index.htm,EX-99.1,"PRESS RELEASE DATED SEPTEMBER 29, 2026",https://www.sec.gov/Archives/edgar/data/2028201/000121390026104375/ea030695401ex99-1.htm,False,
COLAU,2026-09-29 00:00:00,https://www.sec.gov/Archives/edgar/data/2028201/000121390026104375/0001213900-26-104375-index.htm,8-K,CURRENT REPORT,https://www.sec.gov/Archives/edgar/data/2028201/000121390026104375/ea0306954-8k_columbus.htm,False,
COLAU,2026-09-29 00:00:00,https://www.sec.gov/Archives/edgar/data/2028201/000121390026104375/0001213900-26-104375-index.htm,EX-99.1,"PRESS RELEASE DATED SEPTEMBER 29, 2026",https://www.sec.gov/Archives/edgar/data/2028201/000121390026104375/ea030695401ex99-1.htm,False,
COLA,2026-09-29 00:00:00,https://www.sec.gov/Archives/edgar/data/2028201/000121390026104375/0001213900-26-104375-index.htm,8-K,CURRENT REPORT,https://www.sec.gov/Archives/edgar/data/2028201/000121390026104375/ea0306954-8k_columbus.htm,False,
COLA,2026-09-29 00:00:00,https://www.sec.gov/Archives/edgar/data/2028201/000121390026104375/0001213900-26-104375-index.htm,EX-99.1,"PRESS RELEASE DATED SEPTEMBER 29, 2026",https://www.sec.gov/Archives/edgar/data/2028201/000121390026104375/ea030695401ex99-1.htm,False,
None,2026-09-29 00:00:00,https://www.sec.gov/Archives/edgar/data/1330399/000133039926000125/0001330399-26-000125-index.htm,8-K,8-K,https://www.sec.gov/Archives/edgar/data/1330399/000133039926000125/ck0001330399-20260923.htm,False,
None,2026-09-29 00:00:00,https://www.sec.gov/Archives/edgar/data/1330399/000133039926000125/0001330399-26-000125-index.htm,EX-99.1,EX-99.1,https://www.sec.gov/Archives/edgar/data/1330399/000133039926000125/ck0001330399-ex99_1.htm,False,
None,2026-09-29 00:00:00,https://www.sec.gov/Archives/edgar/data/2096330/000119312526406168/0001193125-26-406168-index.htm,8-K,8-K,https://www.sec.gov/Archives/edgar/data/2096330/000119312526406168/cvc-20260929.htm,False,
STSFF,2026-09-29 00:00:00,https://www.sec.gov/Archives/edgar/data/1585389/000119312526406164/0001193125-26-406164-index.htm,8-K,8-K,https://www.sec.gov/Archives/edgar/data/1585389/000119312526406164/ck0001585389-20260929.htm,False,
STSFF,2026-09-29 00:00:00,https://www.sec.gov/Archives/edgar/data/1585389/000119312526406164/0001193125-26-406164-index.htm,EX-99.1,EX-99.1,https://www.sec.gov/Archives/edgar/data/1585389/000119312526406164/ck0001585389-ex99_1.htm,False,
SMA,2026-09-29 00:00:00,https://www.sec.gov/Archives/edgar/data/1585389/000119312526406164/0001193125-26-406164-index.htm,8-K,8-K,https://www.sec.gov/Archives/edgar/data/1585389/000119312526406164/ck0001585389-20260929.htm,False,
SMA,2026-09-29 00:00:00,https://www.sec.gov/Archives/edgar/data/1585389/000119312526406164/0001193125-26-406164-index.htm,EX-99.1,EX-99.1,https://www.sec.gov/Archives/edgar/data/1585389/000119312526406164/ck0001585389-ex99_1.htm,False,
SMST,2026-09-29 00:00:00,https://www.sec.gov/Archives/edgar/data/1585389/000119312526406164/0001193125-26-406164-index.htm,8-K,8-K,https://www.sec.gov/Archives/edgar/data/1585389/000119312526406164/ck0001585389-20260929.htm,False,
SMST,2026-09-29 00:00:00,https://www.sec.gov/Archives/edgar/data/1585389/000119312526406164/0001193125-26-406164-index.htm,EX-99.1,EX-99.1,https://www.sec.gov/Archives/edgar/data/1585389/000119312526406164/ck0001585389-ex99_1.htm,False,
GLNDW,2026-09-29 00:00:00,https://www.sec.gov/Archives/edgar/data/2093507/000182912626010531/0001829126-26-010531-index.htm,8-K,8-K,https://www.sec.gov/Archives/edgar/data/2093507/000182912626010531/greenlandenergyco_8k.htm,False,
GLNDW,2026-09-29 00:00:00,https://www.sec.gov/Archives/edgar/data/2093507/000182912626010531/0001829126-26-010531-index.htm,EX-99.1,EXHIBIT 99.1,https://www.sec.gov/Archives/edgar/data/2093507/000182912626010531/greenlandenergyco_ex99-1.htm,False,
GLND,2026-09-29 00:00:00,https://www.sec.gov/Archives/edgar/data/2093507/000182912626010531/0001829126-26-010531-index.htm,8-K,8-K,https://www.sec.gov/Archives/edgar/data/2093507/000182912626010531/greenlandenergyco_8k.htm,False,
GLND,2026-09-29 00:00:00,https://www.sec.gov/Archives/edgar/data/2093507/000182912626010531/0001829126-26-010531-index.htm,EX-99.1,EXHIBIT 99.1,https://www.sec.gov/Archives/edgar/data/2093507/000182912626010531/greenlandenergyco_ex99-1.htm,False,
CRTD,2026-09-29 00:00:00,https://www.sec.gov/Archives/edgar/data/1357671/000162828026063773/0001628280-26-063773-index.htm,8-K,8-K,https://www.sec.gov/Archives/edgar/data/1357671/000162828026063773/crtd-20260929.htm,True,
CRTD,2026-09-29 00:00:00,https://www.sec.gov/Archives/edgar/data/1357671/000162828026063773/0001628280-26-063773-index.htm,EX-10.1,EX-10.1,https://www.sec.gov/Archives/edgar/data/1357671/000162828026063773/crtdxc2live10shareexchange.htm,False,
CRTD,2026-09-29 00:00:00,https://www.sec.gov/Archives/edgar/data/1357671/000162828026063773/0001628280-26-063773-index.htm,EX-99.1,EX-99.1,https://www.sec.gov/Archives/edgar/data/1357671/000162828026063773/crtdpressrelease-c2livemin.htm,False,
CRTDW,2026-09-29 00:00:00,https://www.sec.gov/Archives/edgar/data/1357671/000162828026063773/0001628280-26-063773-index.htm,8-K,8-K,https://www.sec.gov/Archives/edgar/data/1357671/000162828026063773/crtd-20260929.htm,True,
CRTDW,2026-09-29 00:00:00,https://www.sec.gov/Archives/edgar/data/1357671/000162828026063773/0001628280-26-063773-index.htm,EX-10.1,EX-10.1,https://www.sec.gov/Archives/edgar/data/1357671/000162828026063773/crtdxc2live10shareexchange.htm,False,
CRTDW,2026-09-29 00:00:00,https://www.sec.gov/Archives/edgar/data/1357671/000162828026063773/0001628280-26-063773-index.htm,EX-99.1,EX-99.1,https://www.sec.gov/Archives/edgar/data/1357671/000162828026063773/crtdpressrelease-c2livemin.htm,False,
PHGE,2026-09-29 00:00:00,https://www.sec.gov/Archives/edgar/data/1739174/000121390026104363/0001213900-26-104363-index.htm,8-K,CURRENT REPORT,https://www.sec.gov/Archives/edgar/data/1739174/000121390026104363/ea0306991-8k_tessera.htm,False,
PHGE,2026-09-29 00:00:00,https://www.sec.gov/Archives/edgar/data/1739174/000121390026104363/0001213900-26-104363-index.htm,EX-99.1,"PRESS RELEASE ISSUED SEPTEMBER 29, 2026",https://www.sec.gov/Archives/edgar/data/1739174/000121390026104363/ea030699101ex99-1.htm,False,
PHGE-WT,2026-09-29 00:00:00,https://www.sec.gov/Archives/edgar/data/1739174/000121390026104363/0001213900-26-104363-index.htm,8-K,CURRENT REPORT,https://www.sec.gov/Archives/edgar/data/1739174/000121390026104363/ea0306991-8k_tessera.htm,False,
PHGE-WT,2026-09-29 00:00:00,https://www.sec.gov/Archives/edgar/data/1739174/000121390026104363/0001213900-26-104363-index.htm,EX-99.1,"PRESS RELEASE ISSUED SEPTEMBER 29, 2026",https://www.sec.gov/Archives/edgar/data/1739174/000121390026104363/ea030699101ex99-1.htm,False,
PHGE-UN,2026-09-29 00:00:00,https://www.sec.gov/Archives/edgar/data/1739174/000121390026104363/0001213900-26-104363-index.htm,8-K,CURRENT REPORT,https://www.sec.gov/Archives/edgar/data/1739174/000121390026104363/ea0306991-8k_tessera.htm,False,
PHGE-UN,2026-09-29 00:00:00,https://www.sec.gov/Archives/edgar/data/1739174/000121390026104363/0001213900-26-104363-index.htm,EX-99.1,"PRESS RELEASE ISSUED SEPTEMBER 29, 2026",https://www.sec.gov/Archives/edgar/data/1739174/000121390026104363/ea030699101ex99-1.htm,False,
CCL,2026-09-29 00:00:00,https://www.sec.gov/Archives/edgar/data/815097/000081509726000104/0000815097-26-000104-index.htm,8-K,8-K,https://www.sec.gov/Archives/edgar/data/815097/000081509726000104/ccl-20260929.htm,False,
CCL,2026-09-29 00:00:00,https://www.sec.gov/Archives/edgar/data/815097/000081509726000104/0000815097-26-000104-index.htm,EX-99.1,EX-99.1,https://www.sec.gov/Archives/edgar/data/815097/000081509726000104/a20263qearningsrelease8-k.htm,False,
LIMN,2026-09-29 00:00:00,https://www.sec.gov/Archives/edgar/data/1971387/000110465926111665/0001104659-26-111665-index.htm,8-K,FORM 8-K,https://www.sec.gov/Archives/edgar/data/1971387/000110465926111665/tm2626488d1_8k.htm,False,
LIMN,2026-09-29 00:00:00,https://www.sec.gov/Archives/edgar/data/1971387/000110465926111665/0001104659-26-111665-index.htm,EX-99.1,EXHIBIT 99.1,https://www.sec.gov/Archives/edgar/data/1971387/000110465926111665/tm2626488d1_ex99-1.htm,False,
None,2026-09-29 00:00:00,https://www.sec.gov/Archives/edgar/data/1939433/000193943326000158/0001939433-26-000158-index.htm,8-K,8-K,https://www.sec.gov/Archives/edgar/data/1939433/000193943326000158/cnsreit-20260929.htm,False,
None,2026-09-29 00:00:00,https://www.sec.gov/Archives/edgar/data/1939433/000193943326000158/0001939433-26-000158-index.htm,EX-99.1,EX-99.1,https://www.sec.gov/Archives/edgar/data/1939433/000193943326000158/cnsreitgrandcanyonrelease.htm,False,
QURE,2026-09-29 00:00:00,https://www.sec.gov/Archives/edgar/data/1590560/000110465926111654/0001104659-26-111654-index.htm,8-K,FORM 8-K,https://www.sec.gov/Archives/edgar/data/1590560/000110465926111654/tm2626514d1_8k.htm,False,
QURE,2026-09-29 00:00:00,https://www.sec.gov/Archives/edgar/data/1590560/000110465926111654/0001104659-26-111654-index.htm,EX-99.1,EXHIBIT 99.1,https://www.sec.gov/Archives/edgar/data/1590560/000110465926111654/tm2626514d1_ex99-1.htm,False,
ONAR,2026-09-29 00:00:00,https://www.sec.gov/Archives/edgar/data/1682265/000147793226005870/0001477932-26-005870-index.htm,8-K,FORM 8-K,https://www.sec.gov/Archives/edgar/data/1682265/000147793226005870/onar_8k.htm,True,
ONAR,2026-09-29 00:00:00,https://www.sec.gov/Archives/edgar/data/1682265/000147793226005870/0001477932-26-005870-index.htm,EX-10.1,SECURITIES PURCHASE AGREEMENT,https://www.sec.gov/Archives/edgar/data/1682265/000147793226005870/onar_ex101.htm,True,
ONAR,2026-09-29 00:00:00,https://www.sec.gov/Archives/edgar/data/1682265/000147793226005870/0001477932-26-005870-index.htm,EX-10.2,SECURITIES PURCHASE AGREEMENT,https://www.sec.gov/Archives/edgar/data/1682265/000147793226005870/onar_ex102.htm,True,
ONAR,2026-09-29 00:00:00,https://www.sec.gov/Archives/edgar/data/1682265/000147793226005870/0001477932-26-005870-index.htm,EX-99.1,PRESS RELEASE,https://www.sec.gov/Archives/edgar/data/1682265/000147793226005870/onar_ex991.htm,False,
RELT,2026-09-29 00:00:00,https://www.sec.gov/Archives/edgar/data/1682265/000147793226005870/0001477932-26-005870-index.htm,8-K,FORM 8-K,https://www.sec.gov/Archives/edgar/data/1682265/000147793226005870/onar_8k.htm,True,
RELT,2026-09-29 00:00:00,https://www.sec.gov/Archives/edgar/data/1682265/000147793226005870/0001477932-26-005870-index.htm,EX-10.1,SECURITIES PURCHASE AGREEMENT,https://www.sec.gov/Archives/edgar/data/1682265/000147793226005870/onar_ex101.htm,True,
RELT,2026-09-29 00:00:00,https://www.sec.gov/Archives/edgar/data/1682265/000147793226005870/0001477932-26-005870-index.htm,EX-10.2,SECURITIES PURCHASE AGREEMENT,https://www.sec.gov/Archives/edgar/data/1682265/000147793226005870/onar_ex102.htm,True,
RELT,2026-09-29 00:00:00,https://www.sec.gov/Archives/edgar/data/1682265/000147793226005870/0001477932-26-005870-index.htm,EX-99.1,PRESS RELEASE,https://www.sec.gov/Archives/edgar/data/1682265/000147793226005870/onar_ex991.htm,False,
CAPS,2026-09-29 00:00:00,https://www.sec.gov/Archives/edgar/data/887151/000143774926031423/0001437749-26-031423-index.htm,8-K,FORM 8-K,https://www.sec.gov/Archives/edgar/data/887151/000143774926031423/caps20260928_8k.htm,False,
CAPS,2026-09-29 00:00:00,https://www.sec.gov/Archives/edgar/data/887151/000143774926031423/0001437749-26-031423-index.htm,EX-99.1,EXHIBIT 99.1,https://www.sec.gov/Archives/edgar/data/887151/000143774926031423/ex_1020527.htm,False,
None,2026-09-29 00:00:00,https://www.sec.gov/Archives/edgar/data/1331754/000133175426000190/0001331754-26-000190-index.htm,8-K,8-K,https://www.sec.gov/Archives/edgar/data/1331754/000133175426000190/fhlbi-20260928.htm,False,
None,2026-09-29 00:00:00,https://www.sec.gov/Archives/edgar/data/1331754/000133175426000190/0001331754-26-000190-index.htm,EX-99.1,EX-99.1,https://www.sec.gov/Archives/edgar/data/1331754/000133175426000190/ex991newsrelease-organizat.htm,False,
SOAC-UN,2026-09-29 00:00:00,https://www.sec.gov/Archives/edgar/data/1798562/000110465926111638/0001104659-26-111638-index.htm,8-K,FORM 8-K,https://www.sec.gov/Archives/edgar/data/1798562/000110465926111638/tm2626232d2_8k.htm,False,
SOAC-UN,2026-09-29 00:00:00,https://www.sec.gov/Archives/edgar/data/1798562/000110465926111638/0001104659-26-111638-index.htm,EX-99.1,EXHIBIT 99.1,https://www.sec.gov/Archives/edgar/data/1798562/000110465926111638/tm2626232d2_ex99-1.htm,False,
TMC,2026-09-29 00:00:00,https://www.sec.gov/Archives/edgar/data/1798562/000110465926111638/0001104659-26-111638-index.htm,8-K,FORM 8-K,https://www.sec.gov/Archives/edgar/data/1798562/000110465926111638/tm2626232d2_8k.htm,False,
TMC,2026-09-29 00:00:00,https://www.sec.gov/Archives/edgar/data/1798562/000110465926111638/0001104659-26-111638-index.htm,EX-99.1,EXHIBIT 99.1,https://www.sec.gov/Archives/edgar/data/1798562/000110465926111638/tm2626232d2_ex99-1.htm,False,
SOAC,2026-09-29 00:00:00,https://www.sec.gov/Archives/edgar/data/1798562/000110465926111638/0001104659-26-111638-index.htm,8-K,FORM 8-K,https://www.sec.gov/Archives/edgar/data/1798562/000110465926111638/tm2626232d2_8k.htm,False,
SOAC,2026-09-29 00:00:00,https://www.sec.gov/Archives/edgar/data/1798562/000110465926111638/0001104659-26-111638-index.htm,EX-99.1,EXHIBIT 99.1,https://www.sec.gov/Archives/edgar/data/1798562/000110465926111638/tm2626232d2_ex99-1.htm,False,
TMCWW,2026-09-29 00:00:00,https://www.sec.gov/Archives/edgar/data/1798562/000110465926111638/0001104659-26-111638-index.htm,8-K,FORM 8-K,https://www.sec.gov/Archives/edgar/data/1798562/000110465926111638/tm2626232d2_8k.htm,False,
TMCWW,2026-09-29 00:00:00,https://www.sec.gov/Archives/edgar/data/1798562/000110465926111638/0001104659-26-111638-index.htm,EX-99.1,EXHIBIT 99.1,https://www.sec.gov/Archives/edgar/data/1798562/000110465926111638/tm2626232d2_ex99-1.htm,False,
MBRX,2026-09-29 00:00:00,https://www.sec.gov/Archives/edgar/data/1659617/000143774926031419/0001437749-26-031419-index.htm,8-K,FORM 8-K,https://www.sec.gov/Archives/edgar/data/1659617/000143774926031419/mbrx20260928_8k.htm,False,
MBRX,2026-09-29 00:00:00,https://www.sec.gov/Archives/edgar/data/1659617/000143774926031419/0001437749-26-031419-index.htm,EX-99.1,EXHIBIT 99.1,https://www.sec.gov/Archives/edgar/data/1659617/000143774926031419/ex_1020544.htm,False,
OMQS,2026-09-29 00:00:00,https://www.sec.gov/Archives/edgar/data/278165/000117184326006279/0001171843-26-006279-index.htm,8-K,FORM 8-K,https://www.sec.gov/Archives/edgar/data/278165/000117184326006279/f8k_092926.htm,False,
OMQS,2026-09-29 00:00:00,https://www.sec.gov/Archives/edgar/data/278165/000117184326006279/0001171843-26-006279-index.htm,EX-99.1,PRESS RELEASE,https://www.sec.gov/Archives/edgar/data/278165/000117184326006279/exh_991.htm,False,
APSG-UN,2026-09-29 00:00:00,https://www.sec.gov/Archives/edgar/data/1820872/000114036126037931/0001140361-26-037931-index.htm,8-K,8-K,https://www.sec.gov/Archives/edgar/data/1820872/000114036126037931/ef20082602_8k.htm,True,
APSG-UN,2026-09-29 00:00:00,https://www.sec.gov/Archives/edgar/data/1820872/000114036126037931/0001140361-26-037931-index.htm,EX-99.1,EXHIBIT 99.1,https://www.sec.gov/Archives/edgar/data/1820872/000114036126037931/ef20082602_ex99-1.htm,False,
APSG,2026-09-29 00:00:00,https://www.sec.gov/Archives/edgar/data/1820872/000114036126037931/0001140361-26-037931-index.htm,8-K,8-K,https://www.sec.gov/Archives/edgar/data/1820872/000114036126037931/ef20082602_8k.htm,True,
APSG,2026-09-29 00:00:00,https://www.sec.gov/Archives/edgar/data/1820872/000114036126037931/0001140361-26-037931-index.htm,EX-99.1,EXHIBIT 99.1,https://www.sec.gov/Archives/edgar/data/1820872/000114036126037931/ef20082602_ex99-1.htm,False,
GBTG,2026-09-29 00:00:00,https://www.sec.gov/Archives/edgar/data/1820872/000114036126037931/0001140361-26-037931-index.htm,8-K,8-K,https://www.sec.gov/Archives/edgar/data/1820872/000114036126037931/ef20082602_8k.htm,True,
GBTG,2026-09-29 00:00:00,https://www.sec.gov/Archives/edgar/data/1820872/000114036126037931/0001140361-26-037931-index.htm,EX-99.1,EXHIBIT 99.1,https://www.sec.gov/Archives/edgar/data/1820872/000114036126037931/ef20082602_ex99-1.htm,False,
GBTG-WT,2026-09-29 00:00:00,https://www.sec.gov/Archives/edgar/data/1820872/000114036126037931/0001140361-26-037931-index.htm,8-K,8-K,https://www.sec.gov/Archives/edgar/data/1820872/000114036126037931/ef20082602_8k.htm,True,
GBTG-WT,2026-09-29 00:00:00,https://www.sec.gov/Archives/edgar/data/1820872/000114036126037931/0001140361-26-037931-index.htm,EX-99.1,EXHIBIT 99.1,https://www.sec.gov/Archives/edgar/data/1820872/000114036126037931/ef20082602_ex99-1.htm,False,
None,2026-09-29 00:00:00,https://www.sec.gov/Archives/edgar/data/1882850/000119312526406115/0001193125-26-406115-index.htm,8-K,8-K,https://www.sec.gov/Archives/edgar/data/1882850/000119312526406115/d214627d8k.htm,False,
MTBCP,2026-09-29 00:00:00,https://www.sec.gov/Archives/edgar/data/1582982/000149315226044806/0001493152-26-044806-index.htm,8-K,8-K,https://www.sec.gov/Archives/edgar/data/1582982/000149315226044806/form8-k.htm,False,
MTBCP,2026-09-29 00:00:00,https://www.sec.gov/Archives/edgar/data/1582982/000149315226044806/0001493152-26-044806-index.htm,EX-10.1,EX-10.1,https://www.sec.gov/Archives/edgar/data/1582982/000149315226044806/ex10-1.htm,False,
MTBCP,2026-09-29 00:00:00,https://www.sec.gov/Archives/edgar/data/1582982/000149315226044806/0001493152-26-044806-index.htm,EX-99.1,EX-99.1,https://www.sec.gov/Archives/edgar/data/1582982/000149315226044806/ex99-1.htm,False,
CCLD,2026-09-29 00:00:00,https://www.sec.gov/Archives/edgar/data/1582982/000149315226044806/0001493152-26-044806-index.htm,8-K,8-K,https://www.sec.gov/Archives/edgar/data/1582982/000149315226044806/form8-k.htm,False,
CCLD,2026-09-29 00:00:00,https://www.sec.gov/Archives/edgar/data/1582982/000149315226044806/0001493152-26-044806-index.htm,EX-10.1,EX-10.1,https://www.sec.gov/Archives/edgar/data/1582982/000149315226044806/ex10-1.htm,False,
CCLD,2026-09-29 00:00:00,https://www.sec.gov/Archives/edgar/data/1582982/000149315226044806/0001493152-26-044806-index.htm,EX-99.1,EX-99.1,https://www.sec.gov/Archives/edgar/data/1582982/000149315226044806/ex99-1.htm,False,
CCLDP,2026-09-29 00:00:00,https://www.sec.gov/Archives/edgar/data/1582982/000149315226044806/0001493152-26-044806-index.htm,8-K,8-K,https://www.sec.gov/Archives/edgar/data/1582982/000149315226044806/form8-k.htm,False,
CCLDP,2026-09-29 00:00:00,https://www.sec.gov/Archives/edgar/data/1582982/000149315226044806/0001493152-26-044806-index.htm,EX-10.1,EX-10.1,https://www.sec.gov/Archives/edgar/data/1582982/000149315226044806/ex10-1.htm,False,
CCLDP,2026-09-29 00:00:00,https://www.sec.gov/Archives/edgar/data/1582982/000149315226044806/0001493152-26-044806-index.htm,EX-99.1,EX-99.1,https://www.sec.gov/Archives/edgar/data/1582982/000149315226044806/ex99-1.htm,False,
MTBC,2026-09-29 00:00:00,https://www.sec.gov/Archives/edgar/data/1582982/000149315226044806/0001493152-26-044806-index.htm,8-K,8-K,https://www.sec.gov/Archives/edgar/data/1582982/000149315226044806/form8-k.htm,False,
MTBC,2026-09-29 00:00:00,https://www.sec.gov/Archives/edgar/data/1582982/000149315226044806/0001493152-26-044806-index.htm,EX-10.1,EX-10.1,https://www.sec.gov/Archives/edgar/data/1582982/000149315226044806/ex10-1.htm,False,
MTBC,2026-09-29 00:00:00,https://www.sec.gov/Archives/edgar/data/1582982/000149315226044806/0001493152-26-044806-index.htm,EX-99.1,EX-99.1,https://www.sec.gov/Archives/edgar/data/1582982/000149315226044806/ex99-1.htm,False,
CCLDO,2026-09-29 00:00:00,https://www.sec.gov/Archives/edgar/data/1582982/000149315226044806/0001493152-26-044806-index.htm,8-K,8-K,https://www.sec.gov/Archives/edgar/data/1582982/000149315226044806/form8-k.htm,False,
CCLDO,2026-09-29 00:00:00,https://www.sec.gov/Archives/edgar/data/1582982/000149315226044806/0001493152-26-044806-index.htm,EX-10.1,EX-10.1,https://www.sec.gov/Archives/edgar/data/1582982/000149315226044806/ex10-1.htm,False,
CCLDO,2026-09-29 00:00:00,https://www.sec.gov/Archives/edgar/data/1582982/000149315226044806/0001493152-26-044806-index.htm,EX-99.1,EX-99.1,https://www.sec.gov/Archives/edgar/data/1582982/000149315226044806/ex99-1.htm,False,
MTBCO,2026-09-29 00:00:00,https://www.sec.gov/Archives/edgar/data/1582982/000149315226044806/0001493152-26-044806-index.htm,8-K,8-K,https://www.sec.gov/Archives/edgar/data/1582982/000149315226044806/form8-k.htm,False,
MTBCO,2026-09-29 00:00:00,https://www.sec.gov/Archives/edgar/data/1582982/000149315226044806/0001493152-26-044806-index.htm,EX-10.1,EX-10.1,https://www.sec.gov/Archives/edgar/data/1582982/000149315226044806/ex10-1.htm,False,
MTBCO,2026-09-29 00:00:00,https://www.sec.gov/Archives/edgar/data/1582982/000149315226044806/0001493152-26-044806-index.htm,EX-99.1,EX-99.1,https://www.sec.gov/Archives/edgar/data/1582982/000149315226044806/ex99-1.htm,False,
HCWC,2026-09-29 00:00:00,https://www.sec.gov/Archives/edgar/data/1948864/000149315226044804/0001493152-26-044804-index.htm,8-K,8-K,https://www.sec.gov/Archives/edgar/data/1948864/000149315226044804/form8-k.htm,False,
HCWC,2026-09-29 00:00:00,https://www.sec.gov/Archives/edgar/data/1948864/000149315226044804/0001493152-26-044804-index.htm,EX-99.1,EX-99.1,https://www.sec.gov/Archives/edgar/data/1948864/000149315226044804/ex99-1.htm,False,
CLAQ,2026-09-29 00:00:00,https://www.sec.gov/Archives/edgar/data/1849820/000184982026000155/0001849820-26-000155-index.htm,8-K,8-K,https://www.sec.gov/Archives/edgar/data/1849820/000184982026000155/kitt-20260923.htm,True,
CLAQ,2026-09-29 00:00:00,https://www.sec.gov/Archives/edgar/data/1849820/000184982026000155/0001849820-26-000155-index.htm,EX-10.1,EX-10.1,https://www.sec.gov/Archives/edgar/data/1849820/000184982026000155/seriescwaiverr.htm,False,
KITTW,2026-09-29 00:00:00,https://www.sec.gov/Archives/edgar/data/1849820/000184982026000155/0001849820-26-000155-index.htm,8-K,8-K,https://www.sec.gov/Archives/edgar/data/1849820/000184982026000155/kitt-20260923.htm,True,
KITTW,2026-09-29 00:00:00,https://www.sec.gov/Archives/edgar/data/1849820/000184982026000155/0001849820-26-000155-index.htm,EX-10.1,EX-10.1,https://www.sec.gov/Archives/edgar/data/1849820/000184982026000155/seriescwaiverr.htm,False,
CLAQR,2026-09-29 00:00:00,https://www.sec.gov/Archives/edgar/data/1849820/000184982026000155/0001849820-26-000155-index.htm,8-K,8-K,https://www.sec.gov/Archives/edgar/data/1849820/000184982026000155/kitt-20260923.htm,True,
CLAQR,2026-09-29 00:00:00,https://www.sec.gov/Archives/edgar/data/1849820/000184982026000155/0001849820-26-000155-index.htm,EX-10.1,EX-10.1,https://www.sec.gov/Archives/edgar/data/1849820/000184982026000155/seriescwaiverr.htm,False,
CLAQW,2026-09-29 00:00:00,https://www.sec.gov/Archives/edgar/data/1849820/000184982026000155/0001849820-26-000155-index.htm,8-K,8-K,https://www.sec.gov/Archives/edgar/data/1849820/000184982026000155/kitt-20260923.htm,True,
CLAQW,2026-09-29 00:00:00,https://www.sec.gov/Archives/edgar/data/1849820/000184982026000155/0001849820-26-000155-index.htm,EX-10.1,EX-10.1,https://www.sec.gov/Archives/edgar/data/1849820/000184982026000155/seriescwaiverr.htm,False,
CLAQU,2026-09-29 00:00:00,https://www.sec.gov/Archives/edgar/data/1849820/000184982026000155/0001849820-26-000155-index.htm,8-K,8-K,https://www.sec.gov/Archives/edgar/data/1849820/000184982026000155/kitt-20260923.htm,True,
CLAQU,2026-09-29 00:00:00,https://www.sec.gov/Archives/edgar/data/1849820/000184982026000155/0001849820-26-000155-index.htm,EX-10.1,EX-10.1,https://www.sec.gov/Archives/edgar/data/1849820/000184982026000155/seriescwaiverr.htm,False,
KITT,2026-09-29 00:00:00,https://www.sec.gov/Archives/edgar/data/1849820/000184982026000155/0001849820-26-000155-index.htm,8-K,8-K,https://www.sec.gov/Archives/edgar/data/1849820/000184982026000155/kitt-20260923.htm,True,
KITT,2026-09-29 00:00:00,https://www.sec.gov/Archives/edgar/data/1849820/000184982026000155/0001849820-26-000155-index.htm,EX-10.1,EX-10.1,https://www.sec.gov/Archives/edgar/data/1849820/000184982026000155/seriescwaiverr.htm,False,
ENSC,2026-09-29 00:00:00,https://www.sec.gov/Archives/edgar/data/1716947/000149315226044802/0001493152-26-044802-index.htm,8-K,8-K,https://www.sec.gov/Archives/edgar/data/1716947/000149315226044802/form8-k.htm,False,
LACQ,2026-09-29 00:00:00,https://www.sec.gov/Archives/edgar/data/1716947/000149315226044802/0001493152-26-044802-index.htm,8-K,8-K,https://www.sec.gov/Archives/edgar/data/1716947/000149315226044802/form8-k.htm,False,
ENSCW,2026-09-29 00:00:00,https://www.sec.gov/Archives/edgar/data/1716947/000149315226044802/0001493152-26-044802-index.htm,8-K,8-K,https://www.sec.gov/Archives/edgar/data/1716947/000149315226044802/form8-k.htm,False,
LACQU,2026-09-29 00:00:00,https://www.sec.gov/Archives/edgar/data/1716947/000149315226044802/0001493152-26-044802-index.htm,8-K,8-K,https://www.sec.gov/Archives/edgar/data/1716947/000149315226044802/form8-k.htm,False,
LACQW,2026-09-29 00:00:00,https://www.sec.gov/Archives/edgar/data/1716947/000149315226044802/0001493152-26-044802-index.htm,8-K,8-K,https://www.sec.gov/Archives/edgar/data/1716947/000149315226044802/form8-k.htm,False,
DKDCU,2026-09-29 00:00:00,https://www.sec.gov/Archives/edgar/data/1849380/000149315226044801/0001493152-26-044801-index.htm,8-K,8-K,https://www.sec.gov/Archives/edgar/data/1849380/000149315226044801/form8-k.htm,False,
DKDCU,2026-09-29 00:00:00,https://www.sec.gov/Archives/edgar/data/1849380/000149315226044801/0001493152-26-044801-index.htm,EX-99.1,EX-99.1,https://www.sec.gov/Archives/edgar/data/1849380/000149315226044801/ex99-1.htm,False,
DKDCW,2026-09-29 00:00:00,https://www.sec.gov/Archives/edgar/data/1849380/000149315226044801/0001493152-26-044801-index.htm,8-K,8-K,https://www.sec.gov/Archives/edgar/data/1849380/000149315226044801/form8-k.htm,False,
DKDCW,2026-09-29 00:00:00,https://www.sec.gov/Archives/edgar/data/1849380/000149315226044801/0001493152-26-044801-index.htm,EX-99.1,EX-99.1,https://www.sec.gov/Archives/edgar/data/1849380/000149315226044801/ex99-1.htm,False,
DKDCA,2026-09-29 00:00:00,https://www.sec.gov/Archives/edgar/data/1849380/000149315226044801/0001493152-26-044801-index.htm,8-K,8-K,https://www.sec.gov/Archives/edgar/data/1849380/000149315226044801/form8-k.htm,False,
DKDCA,2026-09-29 00:00:00,https://www.sec.gov/Archives/edgar/data/1849380/000149315226044801/0001493152-26-044801-index.htm,EX-99.1,EX-99.1,https://www.sec.gov/Archives/edgar/data/1849380/000149315226044801/ex99-1.htm,False,
ONMD,2026-09-29 00:00:00,https://www.sec.gov/Archives/edgar/data/1849380/000149315226044801/0001493152-26-044801-index.htm,8-K,8-K,https://www.sec.gov/Archives/edgar/data/1849380/000149315226044801/form8-k.htm,False,
ONMD,2026-09-29 00:00:00,https://www.sec.gov/Archives/edgar/data/1849380/000149315226044801/0001493152-26-044801-index.htm,EX-99.1,EX-99.1,https://www.sec.gov/Archives/edgar/data/1849380/000149315226044801/ex99-1.htm,False,
ONMDW,2026-09-29 00:00:00,https://www.sec.gov/Archives/edgar/data/1849380/000149315226044801/0001493152-26-044801-index.htm,8-K,8-K,https://www.sec.gov/Archives/edgar/data/1849380/000149315226044801/form8-k.htm,False,
ONMDW,2026-09-29 00:00:00,https://www.sec.gov/Archives/edgar/data/1849380/000149315226044801/0001493152-26-044801-index.htm,EX-99.1,EX-99.1,https://www.sec.gov/Archives/edgar/data/1849380/000149315226044801/ex99-1.htm,False,
PRAA,2026-09-29 00:00:00,https://www.sec.gov/Archives/edgar/data/1185348/000119312526406082/0001193125-26-406082-index.htm,8-K,8-K,https://www.sec.gov/Archives/edgar/data/1185348/000119312526406082/d89453d8k.htm,False,
PRAA,2026-09-29 00:00:00,https://www.sec.gov/Archives/edgar/data/1185348/000119312526406082/0001193125-26-406082-index.htm,EX-99.1,EX-99.1,https://www.sec.gov/Archives/edgar/data/1185348/000119312526406082/d89453dex991.htm,True,
NAMS,2026-09-29 00:00:00,https://www.sec.gov/Archives/edgar/data/1936258/000119312526406063/0001193125-26-406063-index.htm,8-K,8-K,https://www.sec.gov/Archives/edgar/data/1936258/000119312526406063/nams-20260929.htm,False,
NAMS,2026-09-29 00:00:00,https://www.sec.gov/Archives/edgar/data/1936258/000119312526406063/0001193125-26-406063-index.htm,EX-99.1,EX-99.1,https://www.sec.gov/Archives/edgar/data/1936258/000119312526406063/nams-ex99_1.htm,False,
NAMSW,2026-09-29 00:00:00,https://www.sec.gov/Archives/edgar/data/1936258/000119312526406063/0001193125-26-406063-index.htm,8-K,8-K,https://www.sec.gov/Archives/edgar/data/1936258/000119312526406063/nams-20260929.htm,False,
NAMSW,2026-09-29 00:00:00,https://www.sec.gov/Archives/edgar/data/1936258/000119312526406063/0001193125-26-406063-index.htm,EX-99.1,EX-99.1,https://www.sec.gov/Archives/edgar/data/1936258/000119312526406063/nams-ex99_1.htm,False,
PNC,2026-09-29 00:00:00,https://www.sec.gov/Archives/edgar/data/713676/000162828026063770/0001628280-26-063770-index.htm,8-K,8-K,https://www.sec.gov/Archives/edgar/data/713676/000162828026063770/pnc-20260929.htm,False,
PNC,2026-09-29 00:00:00,https://www.sec.gov/Archives/edgar/data/713676/000162828026063770/0001628280-26-063770-index.htm,EX-99.1,EX-99.1,https://www.sec.gov/Archives/edgar/data/713676/000162828026063770/seriessredemption-ex991.htm,False,
PNC-PP,2026-09-29 00:00:00,https://www.sec.gov/Archives/edgar/data/713676/000162828026063770/0001628280-26-063770-index.htm,8-K,8-K,https://www.sec.gov/Archives/edgar/data/713676/000162828026063770/pnc-20260929.htm,False,
PNC-PP,2026-09-29 00:00:00,https://www.sec.gov/Archives/edgar/data/713676/000162828026063770/0001628280-26-063770-index.htm,EX-99.1,EX-99.1,https://www.sec.gov/Archives/edgar/data/713676/000162828026063770/seriessredemption-ex991.htm,False,
FLZH,2026-09-29 00:00:00,https://www.sec.gov/Archives/edgar/data/1706524/000121390026104324/0001213900-26-104324-index.htm,8-K,CURRENT REPORT,https://www.sec.gov/Archives/edgar/data/1706524/000121390026104324/ea0306949-8k_flash.htm,True,
FLZH,2026-09-29 00:00:00,https://www.sec.gov/Archives/edgar/data/1706524/000121390026104324/0001213900-26-104324-index.htm,EX-99.1,"PRESS RELEASE OF MINDWAVE INNOVATIONS INC., DATED SEPTEMBER 29, 2026",https://www.sec.gov/Archives/edgar/data/1706524/000121390026104324/ea030694901ex99-1.htm,False,
UGRO,2026-09-29 00:00:00,https://www.sec.gov/Archives/edgar/data/1706524/000121390026104324/0001213900-26-104324-index.htm,8-K,CURRENT REPORT,https://www.sec.gov/Archives/edgar/data/1706524/000121390026104324/ea0306949-8k_flash.htm,True,
UGRO,2026-09-29 00:00:00,https://www.sec.gov/Archives/edgar/data/1706524/000121390026104324/0001213900-26-104324-index.htm,EX-99.1,"PRESS RELEASE OF MINDWAVE INNOVATIONS INC., DATED SEPTEMBER 29, 2026",https://www.sec.gov/Archives/edgar/data/1706524/000121390026104324/ea030694901ex99-1.htm,False,
ALK,2026-09-29 00:00:00,https://www.sec.gov/Archives/edgar/data/766421/000076642126000043/0000766421-26-000043-index.htm,8-K,8-K,https://www.sec.gov/Archives/edgar/data/766421/000076642126000043/alk-20260929.htm,False,
ALK,2026-09-29 00:00:00,https://www.sec.gov/Archives/edgar/data/766421/000076642126000043/0000766421-26-000043-index.htm,EX-99.1,EX-99.1,https://www.sec.gov/Archives/edgar/data/766421/000076642126000043/ex991alaskaacceleratepress.htm,False,
None,2026-09-29 00:00:00,https://www.sec.gov/Archives/edgar/data/38009/000003800926000088/0000038009-26-000088-index.htm,8-K,8-K,https://www.sec.gov/Archives/edgar/data/38009/000003800926000088/fmcc-20260929.htm,False,
KROS,2026-09-29 00:00:00,https://www.sec.gov/Archives/edgar/data/1664710/000166471026000059/0001664710-26-000059-index.htm,8-K,8-K,https://www.sec.gov/Archives/edgar/data/1664710/000166471026000059/kros-20260929.htm,False,
KROS,2026-09-29 00:00:00,https://www.sec.gov/Archives/edgar/data/1664710/000166471026000059/0001664710-26-000059-index.htm,EX-99.1,EX-99.1,https://www.sec.gov/Archives/edgar/data/1664710/000166471026000059/exhibit99192926pr.htm,False,
FUNC,2026-09-29 00:00:00,https://www.sec.gov/Archives/edgar/data/763907/000110465926111606/0001104659-26-111606-index.htm,8-K,FORM 8-K,https://www.sec.gov/Archives/edgar/data/763907/000110465926111606/tm2626531d1_8k.htm,False,
TOP,2026-09-29 00:00:00,https://www.sec.gov/Archives/edgar/data/1848275/000121390026104318/0001213900-26-104318-index.htm,8-K,CURRENT REPORT,https://www.sec.gov/Archives/edgar/data/1848275/000121390026104318/ea0306827-8k_topfin.htm,False,
TOP,2026-09-29 00:00:00,https://www.sec.gov/Archives/edgar/data/1848275/000121390026104318/0001213900-26-104318-index.htm,EX-10.1,"AMENDED APPOINTMENT LETTER, DATED SEPTEMBER 25, 2026, BETWEEN TOP FINANCIAL GROU",https://www.sec.gov/Archives/edgar/data/1848275/000121390026104318/ea030682701ex10-1.htm,False,
TOP,2026-09-29 00:00:00,https://www.sec.gov/Archives/edgar/data/1848275/000121390026104318/0001213900-26-104318-index.htm,EX-10.2,"AMENDED APPOINTMENT LETTER, DATED SEPTEMBER 25, 2026, BETWEEN TOP FINANCIAL GROU",https://www.sec.gov/Archives/edgar/data/1848275/000121390026104318/ea030682701ex10-2.htm,False,
IMNN,2026-09-29 00:00:00,https://www.sec.gov/Archives/edgar/data/749647/000149315226044792/0001493152-26-044792-index.htm,8-K,8-K,https://www.sec.gov/Archives/edgar/data/749647/000149315226044792/form8-k.htm,True,
IMNN,2026-09-29 00:00:00,https://www.sec.gov/Archives/edgar/data/749647/000149315226044792/0001493152-26-044792-index.htm,EX-10.1,EX-10.1,https://www.sec.gov/Archives/edgar/data/749647/000149315226044792/ex10-1.htm,False,
SURGW,2026-09-29 00:00:00,https://www.sec.gov/Archives/edgar/data/1392694/000149315226044789/0001493152-26-044789-index.htm,8-K,8-K,https://www.sec.gov/Archives/edgar/data/1392694/000149315226044789/form8-k.htm,False,
SURG,2026-09-29 00:00:00,https://www.sec.gov/Archives/edgar/data/1392694/000149315226044789/0001493152-26-044789-index.htm,8-K,8-K,https://www.sec.gov/Archives/edgar/data/1392694/000149315226044789/form8-k.htm,False,
CLSN,2026-09-29 00:00:00,https://www.sec.gov/Archives/edgar/data/749647/000149315226044792/0001493152-26-044792-index.htm,8-K,8-K,https://www.sec.gov/Archives/edgar/data/749647/000149315226044792/form8-k.htm,True,
CLSN,2026-09-29 00:00:00,https://www.sec.gov/Archives/edgar/data/749647/000149315226044792/0001493152-26-044792-index.htm,EX-10.1,EX-10.1,https://www.sec.gov/Archives/edgar/data/749647/000149315226044792/ex10-1.htm,False,
ALLR,2026-09-29 00:00:00,https://www.sec.gov/Archives/edgar/data/1860657/000121390026104317/0001213900-26-104317-index.htm,8-K,CURRENT REPORT,https://www.sec.gov/Archives/edgar/data/1860657/000121390026104317/ea0306873-8k_allarity.htm,False,
ALLR,2026-09-29 00:00:00,https://www.sec.gov/Archives/edgar/data/1860657/000121390026104317/0001213900-26-104317-index.htm,EX-99.1,"PRESS RELEASE, DATED SEPTEMBER 28, 2026",https://www.sec.gov/Archives/edgar/data/1860657/000121390026104317/ea030687301ex99-1.htm,False,
BLMN,2026-09-29 00:00:00,https://www.sec.gov/Archives/edgar/data/1546417/000154641726000035/0001546417-26-000035-index.htm,8-K,FORM 8-K,https://www.sec.gov/Archives/edgar/data/1546417/000154641726000035/blmn-20260925.htm,True,
BLMN,2026-09-29 00:00:00,https://www.sec.gov/Archives/edgar/data/1546417/000154641726000035/0001546417-26-000035-index.htm,EX-10.1,EX-10.1 - AMENDED AND RESTATED CREDIT AGREEMENT,https://www.sec.gov/Archives/edgar/data/1546417/000154641726000035/ex101-2026amendedcreditagr.htm,True,
BLMN,2026-09-29 00:00:00,https://www.sec.gov/Archives/edgar/data/1546417/000154641726000035/0001546417-26-000035-index.htm,EX-99.1,EX-99.1 - AMENDED AND RESTATED CREDIT AGREEMENT,https://www.sec.gov/Archives/edgar/data/1546417/000154641726000035/ex991-pressreleasex2026ame.htm,True,
ATOS,2026-09-29 00:00:00,https://www.sec.gov/Archives/edgar/data/1488039/000119312526406036/0001193125-26-406036-index.htm,8-K,8-K,https://www.sec.gov/Archives/edgar/data/1488039/000119312526406036/atos-20260929.htm,False,
ATOS,2026-09-29 00:00:00,https://www.sec.gov/Archives/edgar/data/1488039/000119312526406036/0001193125-26-406036-index.htm,EX-99.1,EX-99.1,https://www.sec.gov/Archives/edgar/data/1488039/000119312526406036/atos-ex99_1.htm,False,
TDG,2026-09-29 00:00:00,https://www.sec.gov/Archives/edgar/data/1260221/000119312526406037/0001193125-26-406037-index.htm,8-K,8-K,https://www.sec.gov/Archives/edgar/data/1260221/000119312526406037/d317756d8k.htm,True,
UNCY,2026-09-29 00:00:00,https://www.sec.gov/Archives/edgar/data/1766140/000121390026104314/0001213900-26-104314-index.htm,8-K,CURRENT REPORT,https://www.sec.gov/Archives/edgar/data/1766140/000121390026104314/ea0306967-8k_unicycive.htm,False,
UNCY,2026-09-29 00:00:00,https://www.sec.gov/Archives/edgar/data/1766140/000121390026104314/0001213900-26-104314-index.htm,EX-99.1,"PRESS RELEASE OF UNICYCIVE THERAPEUTICS, INC. DATED SEPTEMBER 29, 2026",https://www.sec.gov/Archives/edgar/data/1766140/000121390026104314/ea030696701ex99-1.htm,False,
SSTI,2026-09-29 00:00:00,https://www.sec.gov/Archives/edgar/data/1351636/000119312526406024/0001193125-26-406024-index.htm,8-K,8-K,https://www.sec.gov/Archives/edgar/data/1351636/000119312526406024/d107296d8k.htm,True,
SSTI,2026-09-29 00:00:00,https://www.sec.gov/Archives/edgar/data/1351636/000119312526406024/0001193125-26-406024-index.htm,EX-10.1,EX-10.1,https://www.sec.gov/Archives/edgar/data/1351636/000119312526406024/d107296dex101.htm,False,
SSTI,2026-09-29 00:00:00,https://www.sec.gov/Archives/edgar/data/1351636/000119312526406024/0001193125-26-406024-index.htm,EX-10.2,EX-10.2,https://www.sec.gov/Archives/edgar/data/1351636/000119312526406024/d107296dex102.htm,False,
SSTI,2026-09-29 00:00:00,https://www.sec.gov/Archives/edgar/data/1351636/000119312526406024/0001193125-26-406024-index.htm,EX-99.1,EX-99.1,https://www.sec.gov/Archives/edgar/data/1351636/000119312526406024/d107296dex991.htm,False,
RNAC,2026-09-29 00:00:00,https://www.sec.gov/Archives/edgar/data/1453687/000145368726000105/0001453687-26-000105-index.htm,8-K,8-K,https://www.sec.gov/Archives/edgar/data/1453687/000145368726000105/rnac-20260929.htm,False,
RNAC,2026-09-29 00:00:00,https://www.sec.gov/Archives/edgar/data/1453687/000145368726000105/0001453687-26-000105-index.htm,EX-99.1,EX-99.1,https://www.sec.gov/Archives/edgar/data/1453687/000145368726000105/pressrelease9292026.htm,False,
SELB,2026-09-29 00:00:00,https://www.sec.gov/Archives/edgar/data/1453687/000145368726000105/0001453687-26-000105-index.htm,8-K,8-K,https://www.sec.gov/Archives/edgar/data/1453687/000145368726000105/rnac-20260929.htm,False,
SELB,2026-09-29 00:00:00,https://www.sec.gov/Archives/edgar/data/1453687/000145368726000105/0001453687-26-000105-index.htm,EX-99.1,EX-99.1,https://www.sec.gov/Archives/edgar/data/1453687/000145368726000105/pressrelease9292026.htm,False,
ADGI,2026-09-29 00:00:00,https://www.sec.gov/Archives/edgar/data/1832038/000119312526406007/0001193125-26-406007-index.htm,8-K,8-K,https://www.sec.gov/Archives/edgar/data/1832038/000119312526406007/ivvd-20260929.htm,False,
ADGI,2026-09-29 00:00:00,https://www.sec.gov/Archives/edgar/data/1832038/000119312526406007/0001193125-26-406007-index.htm,EX-99.1,EX-99.1,https://www.sec.gov/Archives/edgar/data/1832038/000119312526406007/ivvd-ex99_1.htm,False,
IVVD,2026-09-29 00:00:00,https://www.sec.gov/Archives/edgar/data/1832038/000119312526406007/0001193125-26-406007-index.htm,8-K,8-K,https://www.sec.gov/Archives/edgar/data/1832038/000119312526406007/ivvd-20260929.htm,False,
IVVD,2026-09-29 00:00:00,https://www.sec.gov/Archives/edgar/data/1832038/000119312526406007/0001193125-26-406007-index.htm,EX-99.1,EX-99.1,https://www.sec.gov/Archives/edgar/data/1832038/000119312526406007/ivvd-ex99_1.htm,False,
AQST,2026-09-29 00:00:00,https://www.sec.gov/Archives/edgar/data/1398733/000139873326000052/0001398733-26-000052-index.htm,8-K,8-K,https://www.sec.gov/Archives/edgar/data/1398733/000139873326000052/aqst-20260929.htm,False,
AQST,2026-09-29 00:00:00,https://www.sec.gov/Archives/edgar/data/1398733/000139873326000052/0001398733-26-000052-index.htm,EX-99.1,EX-99.1,https://www.sec.gov/Archives/edgar/data/1398733/000139873326000052/a20260921newboardmember-.htm,False,
JELD,2026-09-29 00:00:00,https://www.sec.gov/Archives/edgar/data/1674335/000167433526000126/0001674335-26-000126-index.htm,8-K,8-K,https://www.sec.gov/Archives/edgar/data/1674335/000167433526000126/jeld-20260929.htm,True,
JELD,2026-09-29 00:00:00,https://www.sec.gov/Archives/edgar/data/1674335/000167433526000126/0001674335-26-000126-index.htm,EX-99.1,EX-99.1,https://www.sec.gov/Archives/edgar/data/1674335/000167433526000126/exhibit991-pressrelease.htm,True,
IOVA,2026-09-29 00:00:00,https://www.sec.gov/Archives/edgar/data/1425205/000110465926111583/0001104659-26-111583-index.htm,8-K,FORM 8-K,https://www.sec.gov/Archives/edgar/data/1425205/000110465926111583/tm2626507d1_8k.htm,False,
IOVA,2026-09-29 00:00:00,https://www.sec.gov/Archives/edgar/data/1425205/000110465926111583/0001104659-26-111583-index.htm,EX-99.1,EXHIBIT 99.1,https://www.sec.gov/Archives/edgar/data/1425205/000110465926111583/tm2626507d1_ex99-1.htm,False,
FLWS,2026-09-29 00:00:00,https://www.sec.gov/Archives/edgar/data/1084869/000108486926000033/0001084869-26-000033-index.htm,8-K,8-K,https://www.sec.gov/Archives/edgar/data/1084869/000108486926000033/flws-20260926.htm,True,
FLWS,2026-09-29 00:00:00,https://www.sec.gov/Archives/edgar/data/1084869/000108486926000033/0001084869-26-000033-index.htm,EX-99.1,EX-99.1,https://www.sec.gov/Archives/edgar/data/1084869/000108486926000033/exh991pressrelease0929.htm,False,
SHW,2026-09-29 00:00:00,https://www.sec.gov/Archives/edgar/data/89800/000119312526405960/0001193125-26-405960-index.htm,8-K,8-K,https://www.sec.gov/Archives/edgar/data/89800/000119312526405960/d147868d8k.htm,True,
ALT,2026-09-29 00:00:00,https://www.sec.gov/Archives/edgar/data/1326190/000132619026000056/0001326190-26-000056-index.htm,8-K,8-K,https://www.sec.gov/Archives/edgar/data/1326190/000132619026000056/alt-20260924x8k.htm,False,
PIP,2026-09-29 00:00:00,https://www.sec.gov/Archives/edgar/data/1326190/000132619026000056/0001326190-26-000056-index.htm,8-K,8-K,https://www.sec.gov/Archives/edgar/data/1326190/000132619026000056/alt-20260924x8k.htm,False,
BYSI,2026-09-29 00:00:00,https://www.sec.gov/Archives/edgar/data/1677940/000117184326006273/0001171843-26-006273-index.htm,8-K,FORM 8-K,https://www.sec.gov/Archives/edgar/data/1677940/000117184326006273/f8k_092826.htm,True,
BYSI,2026-09-29 00:00:00,https://www.sec.gov/Archives/edgar/data/1677940/000117184326006273/0001171843-26-006273-index.htm,EX-10.1,EXHIBIT 10.1,https://www.sec.gov/Archives/edgar/data/1677940/000117184326006273/exh_101.htm,False,
BYSI,2026-09-29 00:00:00,https://www.sec.gov/Archives/edgar/data/1677940/000117184326006273/0001171843-26-006273-index.htm,EX-99.1,PRESS RELEASE,https://www.sec.gov/Archives/edgar/data/1677940/000117184326006273/exh_991.htm,False,
ALDX,2026-09-29 00:00:00,https://www.sec.gov/Archives/edgar/data/1341235/000119312526405954/0001193125-26-405954-index.htm,8-K,8-K,https://www.sec.gov/Archives/edgar/data/1341235/000119312526405954/aldx-20260929.htm,False,
ALDX,2026-09-29 00:00:00,https://www.sec.gov/Archives/edgar/data/1341235/000119312526405954/0001193125-26-405954-index.htm,EX-99.1,EX-99.1,https://www.sec.gov/Archives/edgar/data/1341235/000119312526405954/aldx-ex99_1.htm,False,
ALDX,2026-09-29 00:00:00,https://www.sec.gov/Archives/edgar/data/1341235/000119312526405954/0001193125-26-405954-index.htm,EX-99.1,PDF COURTESY COPY,https://www.sec.gov/Archives/edgar/data/1341235/000119312526405954/aldx-ex99_1.pdf,False,
DAIC,2026-09-29 00:00:00,https://www.sec.gov/Archives/edgar/data/2033770/000121390026104296/0001213900-26-104296-index.htm,8-K,CURRENT REPORT,https://www.sec.gov/Archives/edgar/data/2033770/000121390026104296/ea0306797-8k_cidhold.htm,True,
DAIC,2026-09-29 00:00:00,https://www.sec.gov/Archives/edgar/data/2033770/000121390026104296/0001213900-26-104296-index.htm,EX-10.1,"SECURITIES PURCHASE AGREEMENT DATED AS OF SEPTEMBER 25, 2026, BY AND AMONG CID H",https://www.sec.gov/Archives/edgar/data/2033770/000121390026104296/ea030679701ex10-1.htm,False,
DAICW,2026-09-29 00:00:00,https://www.sec.gov/Archives/edgar/data/2033770/000121390026104296/0001213900-26-104296-index.htm,8-K,CURRENT REPORT,https://www.sec.gov/Archives/edgar/data/2033770/000121390026104296/ea0306797-8k_cidhold.htm,True,
DAICW,2026-09-29 00:00:00,https://www.sec.gov/Archives/edgar/data/2033770/000121390026104296/0001213900-26-104296-index.htm,EX-10.1,"SECURITIES PURCHASE AGREEMENT DATED AS OF SEPTEMBER 25, 2026, BY AND AMONG CID H",https://www.sec.gov/Archives/edgar/data/2033770/000121390026104296/ea030679701ex10-1.htm,False,
KMX,2026-09-29 00:00:00,https://www.sec.gov/Archives/edgar/data/1170010/000117001026000102/0001170010-26-000102-index.htm,8-K,8-K,https://www.sec.gov/Archives/edgar/data/1170010/000117001026000102/kmx-20260929.htm,False,
KMX,2026-09-29 00:00:00,https://www.sec.gov/Archives/edgar/data/1170010/000117001026000102/0001170010-26-000102-index.htm,EX-99.1,EX-99.1,https://www.sec.gov/Archives/edgar/data/1170010/000117001026000102/q2fy27earningsrelease.htm,False,
IMMX,2026-09-29 00:00:00,https://www.sec.gov/Archives/edgar/data/1873835/000149315226044761/0001493152-26-044761-index.htm,8-K,8-K,https://www.sec.gov/Archives/edgar/data/1873835/000149315226044761/form8-k.htm,False,
IMMX,2026-09-29 00:00:00,https://www.sec.gov/Archives/edgar/data/1873835/000149315226044761/0001493152-26-044761-index.htm,EX-99.1,EX-99.1,https://www.sec.gov/Archives/edgar/data/1873835/000149315226044761/ex99-1.htm,False,
AUB,2026-09-29 00:00:00,https://www.sec.gov/Archives/edgar/data/883948/000088394826000075/0000883948-26-000075-index.htm,8-K,8-K,https://www.sec.gov/Archives/edgar/data/883948/000088394826000075/aub-20260929x8k.htm,False,
AUB,2026-09-29 00:00:00,https://www.sec.gov/Archives/edgar/data/883948/000088394826000075/0000883948-26-000075-index.htm,EX-99.1,EX-99.1,https://www.sec.gov/Archives/edgar/data/883948/000088394826000075/aub-ex99d1.htm,False,
AUBAP,2026-09-29 00:00:00,https://www.sec.gov/Archives/edgar/data/883948/000088394826000075/0000883948-26-000075-index.htm,8-K,8-K,https://www.sec.gov/Archives/edgar/data/883948/000088394826000075/aub-20260929x8k.htm,False,
AUBAP,2026-09-29 00:00:00,https://www.sec.gov/Archives/edgar/data/883948/000088394826000075/0000883948-26-000075-index.htm,EX-99.1,EX-99.1,https://www.sec.gov/Archives/edgar/data/883948/000088394826000075/aub-ex99d1.htm,False,
AUB-PA,2026-09-29 00:00:00,https://www.sec.gov/Archives/edgar/data/883948/000088394826000075/0000883948-26-000075-index.htm,8-K,8-K,https://www.sec.gov/Archives/edgar/data/883948/000088394826000075/aub-20260929x8k.htm,False,
AUB-PA,2026-09-29 00:00:00,https://www.sec.gov/Archives/edgar/data/883948/000088394826000075/0000883948-26-000075-index.htm,EX-99.1,EX-99.1,https://www.sec.gov/Archives/edgar/data/883948/000088394826000075/aub-ex99d1.htm,False,
FREY,2026-09-29 00:00:00,https://www.sec.gov/Archives/edgar/data/1992243/000121390026104291/0001213900-26-104291-index.htm,8-K,CURRENT REPORT,https://www.sec.gov/Archives/edgar/data/1992243/000121390026104291/ea0306948-8k_t1energy.htm,True,
FREY,2026-09-29 00:00:00,https://www.sec.gov/Archives/edgar/data/1992243/000121390026104291/0001213900-26-104291-index.htm,EX-10.1,FORM OF NOTE PURCHASE AGREEMENT,https://www.sec.gov/Archives/edgar/data/1992243/000121390026104291/ea030694801ex10-1.htm,True,
FREY-WT,2026-09-29 00:00:00,https://www.sec.gov/Archives/edgar/data/1992243/000121390026104291/0001213900-26-104291-index.htm,8-K,CURRENT REPORT,https://www.sec.gov/Archives/edgar/data/1992243/000121390026104291/ea0306948-8k_t1energy.htm,True,
FREY-WT,2026-09-29 00:00:00,https://www.sec.gov/Archives/edgar/data/1992243/000121390026104291/0001213900-26-104291-index.htm,EX-10.1,FORM OF NOTE PURCHASE AGREEMENT,https://www.sec.gov/Archives/edgar/data/1992243/000121390026104291/ea030694801ex10-1.htm,True,
TE,2026-09-29 00:00:00,https://www.sec.gov/Archives/edgar/data/1992243/000121390026104291/0001213900-26-104291-index.htm,8-K,CURRENT REPORT,https://www.sec.gov/Archives/edgar/data/1992243/000121390026104291/ea0306948-8k_t1energy.htm,True,
TE,2026-09-29 00:00:00,https://www.sec.gov/Archives/edgar/data/1992243/000121390026104291/0001213900-26-104291-index.htm,EX-10.1,FORM OF NOTE PURCHASE AGREEMENT,https://www.sec.gov/Archives/edgar/data/1992243/000121390026104291/ea030694801ex10-1.htm,True,
TE-WT,2026-09-29 00:00:00,https://www.sec.gov/Archives/edgar/data/1992243/000121390026104291/0001213900-26-104291-index.htm,8-K,CURRENT REPORT,https://www.sec.gov/Archives/edgar/data/1992243/000121390026104291/ea0306948-8k_t1energy.htm,True,
TE-WT,2026-09-29 00:00:00,https://www.sec.gov/Archives/edgar/data/1992243/000121390026104291/0001213900-26-104291-index.htm,EX-10.1,FORM OF NOTE PURCHASE AGREEMENT,https://www.sec.gov/Archives/edgar/data/1992243/000121390026104291/ea030694801ex10-1.htm,True,
ALZN,2026-09-29 00:00:00,https://www.sec.gov/Archives/edgar/data/1677077/000121465926012132/0001214659-26-012132-index.htm,8-K,,https://www.sec.gov/Archives/edgar/data/1677077/000121465926012132/x9282618k.htm,False,
ALZN,2026-09-29 00:00:00,https://www.sec.gov/Archives/edgar/data/1677077/000121465926012132/0001214659-26-012132-index.htm,EX-99.1,EXHIBIT 99.1,https://www.sec.gov/Archives/edgar/data/1677077/000121465926012132/ex99_1.htm,False,
WLK,2026-09-29 00:00:00,https://www.sec.gov/Archives/edgar/data/1262823/000126282326000067/0001262823-26-000067-index.htm,8-K,8-K,https://www.sec.gov/Archives/edgar/data/1262823/000126282326000067/wlk-20260924.htm,False,
WLK,2026-09-29 00:00:00,https://www.sec.gov/Archives/edgar/data/1262823/000126282326000067/0001262823-26-000067-index.htm,EX-99.1,EX-99.1,https://www.sec.gov/Archives/edgar/data/1262823/000126282326000067/ex991_pressreleaseissuedby.htm,False,
LBSR,2026-09-29 00:00:00,https://www.sec.gov/Archives/edgar/data/1172178/000149315226044714/0001493152-26-044714-index.htm,8-K,8-K,https://www.sec.gov/Archives/edgar/data/1172178/000149315226044714/form8-k.htm,True,
FAVO,2026-09-29 00:00:00,https://www.sec.gov/Archives/edgar/data/1795851/000166357726000311/0001663577-26-000311-index.htm,8-K,FORM 8-K,https://www.sec.gov/Archives/edgar/data/1795851/000166357726000311/swrd_8k092326.htm,True,
FAVO,2026-09-29 00:00:00,https://www.sec.gov/Archives/edgar/data/1795851/000166357726000311/0001663577-26-000311-index.htm,EX-10.1,"LOAN AGREEMENT, DATED AS OF SEPTEMBER 23, 2026",https://www.sec.gov/Archives/edgar/data/1795851/000166357726000311/ex10_1.htm,True,
FAVO,2026-09-29 00:00:00,https://www.sec.gov/Archives/edgar/data/1795851/000166357726000311/0001663577-26-000311-index.htm,EX-10.2,"AMENDED AND RESTATED MORTGAGE, ASSIGNMENT OF LEASES AND RENTS, SECURITY AGREEMEN",https://www.sec.gov/Archives/edgar/data/1795851/000166357726000311/ex10_2.htm,True,
FAVO,2026-09-29 00:00:00,https://www.sec.gov/Archives/edgar/data/1795851/000166357726000311/0001663577-26-000311-index.htm,EX-99.1,AUDITED STATEMENT OF REVENUES AND CERTAIN OPERATING EXPENSES OF ENVY DEVELOPMENT,https://www.sec.gov/Archives/edgar/data/1795851/000166357726000311/ex99_1.htm,False,
SWRD,2026-09-29 00:00:00,https://www.sec.gov/Archives/edgar/data/1795851/000166357726000311/0001663577-26-000311-index.htm,8-K,FORM 8-K,https://www.sec.gov/Archives/edgar/data/1795851/000166357726000311/swrd_8k092326.htm,True,
SWRD,2026-09-29 00:00:00,https://www.sec.gov/Archives/edgar/data/1795851/000166357726000311/0001663577-26-000311-index.htm,EX-10.1,"LOAN AGREEMENT, DATED AS OF SEPTEMBER 23, 2026",https://www.sec.gov/Archives/edgar/data/1795851/000166357726000311/ex10_1.htm,True,
SWRD,2026-09-29 00:00:00,https://www.sec.gov/Archives/edgar/data/1795851/000166357726000311/0001663577-26-000311-index.htm,EX-10.2,"AMENDED AND RESTATED MORTGAGE, ASSIGNMENT OF LEASES AND RENTS, SECURITY AGREEMEN",https://www.sec.gov/Archives/edgar/data/1795851/000166357726000311/ex10_2.htm,True,
SWRD,2026-09-29 00:00:00,https://www.sec.gov/Archives/edgar/data/1795851/000166357726000311/0001663577-26-000311-index.htm,EX-99.1,AUDITED STATEMENT OF REVENUES AND CERTAIN OPERATING EXPENSES OF ENVY DEVELOPMENT,https://www.sec.gov/Archives/edgar/data/1795851/000166357726000311/ex99_1.htm,False,
UEC,2026-09-29 00:00:00,https://www.sec.gov/Archives/edgar/data/1334933/000143774926031416/0001437749-26-031416-index.htm,8-K,FORM 8-K,https://www.sec.gov/Archives/edgar/data/1334933/000143774926031416/uec20260928_8k.htm,False,
UEC,2026-09-29 00:00:00,https://www.sec.gov/Archives/edgar/data/1334933/000143774926031416/0001437749-26-031416-index.htm,EX-99.1,EXHIBIT 99.1,https://www.sec.gov/Archives/edgar/data/1334933/000143774926031416/ex_1020503.htm,False,
