symbol,filingDate,filing_detail_url,document_type,document_description,document_url,matched,error
WAST,2026-10-05 00:00:00,https://www.sec.gov/Archives/edgar/data/1515139/000149315226045786/0001493152-26-045786-index.htm,8-K,8-K,https://www.sec.gov/Archives/edgar/data/1515139/000149315226045786/form8-k.htm,False,
CWRK,2026-10-05 00:00:00,https://www.sec.gov/Archives/edgar/data/1515139/000149315226045786/0001493152-26-045786-index.htm,8-K,8-K,https://www.sec.gov/Archives/edgar/data/1515139/000149315226045786/form8-k.htm,False,
MWRK,2026-10-05 00:00:00,https://www.sec.gov/Archives/edgar/data/1515139/000149315226045786/0001493152-26-045786-index.htm,8-K,8-K,https://www.sec.gov/Archives/edgar/data/1515139/000149315226045786/form8-k.htm,False,
OB,2026-10-05 00:00:00,https://www.sec.gov/Archives/edgar/data/1454938/000145493826000070/0001454938-26-000070-index.htm,8-K,8-K,https://www.sec.gov/Archives/edgar/data/1454938/000145493826000070/tead-20260930.htm,True,
OB,2026-10-05 00:00:00,https://www.sec.gov/Archives/edgar/data/1454938/000145493826000070/0001454938-26-000070-index.htm,EX-10.1,EX-10.1,https://www.sec.gov/Archives/edgar/data/1454938/000145493826000070/ex101-spcxteadsxcreditan.htm,True,
OB,2026-10-05 00:00:00,https://www.sec.gov/Archives/edgar/data/1454938/000145493826000070/0001454938-26-000070-index.htm,EX-10.2,EX-10.2,https://www.sec.gov/Archives/edgar/data/1454938/000145493826000070/ex102-ussaleandcontributio.htm,True,
CTVA,2026-10-05 00:00:00,https://www.sec.gov/Archives/edgar/data/1755672/000119312526414490/0001193125-26-414490-index.htm,8-K,8-K,https://www.sec.gov/Archives/edgar/data/30554/000119312526414490/ck0001755672-20260929.htm,True,
CTVA,2026-10-05 00:00:00,https://www.sec.gov/Archives/edgar/data/1755672/000119312526414490/0001193125-26-414490-index.htm,EX-10.1,EX-10.1,https://www.sec.gov/Archives/edgar/data/30554/000119312526414490/ck0001755672-ex10_1.htm,False,
CTVA,2026-10-05 00:00:00,https://www.sec.gov/Archives/edgar/data/1755672/000119312526414490/0001193125-26-414490-index.htm,EX-10.2,EX-10.2,https://www.sec.gov/Archives/edgar/data/30554/000119312526414490/ck0001755672-ex10_2.htm,False,
CTA-PA,2026-10-05 00:00:00,https://www.sec.gov/Archives/edgar/data/30554/000119312526414490/0001193125-26-414490-index.htm,8-K,8-K,https://www.sec.gov/Archives/edgar/data/30554/000119312526414490/ck0001755672-20260929.htm,True,
CTA-PA,2026-10-05 00:00:00,https://www.sec.gov/Archives/edgar/data/30554/000119312526414490/0001193125-26-414490-index.htm,EX-10.1,EX-10.1,https://www.sec.gov/Archives/edgar/data/30554/000119312526414490/ck0001755672-ex10_1.htm,False,
CTA-PA,2026-10-05 00:00:00,https://www.sec.gov/Archives/edgar/data/30554/000119312526414490/0001193125-26-414490-index.htm,EX-10.2,EX-10.2,https://www.sec.gov/Archives/edgar/data/30554/000119312526414490/ck0001755672-ex10_2.htm,False,
CTA-PB,2026-10-05 00:00:00,https://www.sec.gov/Archives/edgar/data/30554/000119312526414490/0001193125-26-414490-index.htm,8-K,8-K,https://www.sec.gov/Archives/edgar/data/30554/000119312526414490/ck0001755672-20260929.htm,True,
CTA-PB,2026-10-05 00:00:00,https://www.sec.gov/Archives/edgar/data/30554/000119312526414490/0001193125-26-414490-index.htm,EX-10.1,EX-10.1,https://www.sec.gov/Archives/edgar/data/30554/000119312526414490/ck0001755672-ex10_1.htm,False,
CTA-PB,2026-10-05 00:00:00,https://www.sec.gov/Archives/edgar/data/30554/000119312526414490/0001193125-26-414490-index.htm,EX-10.2,EX-10.2,https://www.sec.gov/Archives/edgar/data/30554/000119312526414490/ck0001755672-ex10_2.htm,False,
EZRA,2026-10-05 00:00:00,https://www.sec.gov/Archives/edgar/data/1812727/000149315226045782/0001493152-26-045782-index.htm,8-K,8-K,https://www.sec.gov/Archives/edgar/data/1812727/000149315226045782/form8-k.htm,False,
EZRA,2026-10-05 00:00:00,https://www.sec.gov/Archives/edgar/data/1812727/000149315226045782/0001493152-26-045782-index.htm,EX-99.1,EX-99.1,https://www.sec.gov/Archives/edgar/data/1812727/000149315226045782/ex99-1.htm,False,
RELIW,2026-10-05 00:00:00,https://www.sec.gov/Archives/edgar/data/1812727/000149315226045782/0001493152-26-045782-index.htm,8-K,8-K,https://www.sec.gov/Archives/edgar/data/1812727/000149315226045782/form8-k.htm,False,
RELIW,2026-10-05 00:00:00,https://www.sec.gov/Archives/edgar/data/1812727/000149315226045782/0001493152-26-045782-index.htm,EX-99.1,EX-99.1,https://www.sec.gov/Archives/edgar/data/1812727/000149315226045782/ex99-1.htm,False,
RELI,2026-10-05 00:00:00,https://www.sec.gov/Archives/edgar/data/1812727/000149315226045782/0001493152-26-045782-index.htm,8-K,8-K,https://www.sec.gov/Archives/edgar/data/1812727/000149315226045782/form8-k.htm,False,
RELI,2026-10-05 00:00:00,https://www.sec.gov/Archives/edgar/data/1812727/000149315226045782/0001493152-26-045782-index.htm,EX-99.1,EX-99.1,https://www.sec.gov/Archives/edgar/data/1812727/000149315226045782/ex99-1.htm,False,
RDGL,2026-10-05 00:00:00,https://www.sec.gov/Archives/edgar/data/1449349/000149315226045780/0001493152-26-045780-index.htm,8-K,8-K,https://www.sec.gov/Archives/edgar/data/1449349/000149315226045780/form8-k.htm,False,
FIRY,2026-10-05 00:00:00,https://www.sec.gov/Archives/edgar/data/1801661/000180166126000106/0001801661-26-000106-index.htm,8-K,8-K,https://www.sec.gov/Archives/edgar/data/1801661/000180166126000106/sklz-20261002.htm,True,
FIRY,2026-10-05 00:00:00,https://www.sec.gov/Archives/edgar/data/1801661/000180166126000106/0001801661-26-000106-index.htm,EX-10.1,EX-10.1,https://www.sec.gov/Archives/edgar/data/1801661/000180166126000106/firy-exhibit101exitgames.htm,False,
FIRY,2026-10-05 00:00:00,https://www.sec.gov/Archives/edgar/data/1801661/000180166126000106/0001801661-26-000106-index.htm,EX-99.1,EX-99.1,https://www.sec.gov/Archives/edgar/data/1801661/000180166126000106/firy-exhibit991exitgames.htm,False,
SKLZ,2026-10-05 00:00:00,https://www.sec.gov/Archives/edgar/data/1801661/000180166126000106/0001801661-26-000106-index.htm,8-K,8-K,https://www.sec.gov/Archives/edgar/data/1801661/000180166126000106/sklz-20261002.htm,True,
SKLZ,2026-10-05 00:00:00,https://www.sec.gov/Archives/edgar/data/1801661/000180166126000106/0001801661-26-000106-index.htm,EX-10.1,EX-10.1,https://www.sec.gov/Archives/edgar/data/1801661/000180166126000106/firy-exhibit101exitgames.htm,False,
SKLZ,2026-10-05 00:00:00,https://www.sec.gov/Archives/edgar/data/1801661/000180166126000106/0001801661-26-000106-index.htm,EX-99.1,EX-99.1,https://www.sec.gov/Archives/edgar/data/1801661/000180166126000106/firy-exhibit991exitgames.htm,False,
NG,2026-10-05 00:00:00,https://www.sec.gov/Archives/edgar/data/1173420/000110465926113779/0001104659-26-113779-index.htm,8-K,FORM 8-K,https://www.sec.gov/Archives/edgar/data/1173420/000110465926113779/tm2625949d4_8k.htm,False,
NG,2026-10-05 00:00:00,https://www.sec.gov/Archives/edgar/data/1173420/000110465926113779/0001104659-26-113779-index.htm,EX-99.1,EXHIBIT 99.1,https://www.sec.gov/Archives/edgar/data/1173420/000110465926113779/tm2625949d4_ex99-1.htm,False,
UWMC,2026-10-05 00:00:00,https://www.sec.gov/Archives/edgar/data/1783398/000162828026065069/0001628280-26-065069-index.htm,8-K,8-K,https://www.sec.gov/Archives/edgar/data/1783398/000162828026065069/xbrl-20261005.htm,False,
UWMC,2026-10-05 00:00:00,https://www.sec.gov/Archives/edgar/data/1783398/000162828026065069/0001628280-26-065069-index.htm,EX-99.1,EX-99.1,https://www.sec.gov/Archives/edgar/data/1783398/000162828026065069/exhibit991-8k.htm,False,
UWMC-WT,2026-10-05 00:00:00,https://www.sec.gov/Archives/edgar/data/1783398/000162828026065069/0001628280-26-065069-index.htm,8-K,8-K,https://www.sec.gov/Archives/edgar/data/1783398/000162828026065069/xbrl-20261005.htm,False,
UWMC-WT,2026-10-05 00:00:00,https://www.sec.gov/Archives/edgar/data/1783398/000162828026065069/0001628280-26-065069-index.htm,EX-99.1,EX-99.1,https://www.sec.gov/Archives/edgar/data/1783398/000162828026065069/exhibit991-8k.htm,False,
SGDVV,2026-10-05 00:00:00,https://www.sec.gov/Archives/edgar/data/1959023/000121390026106886/0001213900-26-106886-index.htm,8-K,CURRENT REPORT,https://www.sec.gov/Archives/edgar/data/1959023/000121390026106886/ea0307672-8k_renx.htm,True,
SGDVV,2026-10-05 00:00:00,https://www.sec.gov/Archives/edgar/data/1959023/000121390026106886/0001213900-26-106886-index.htm,EX-10.1,"EXCHANGE AGREEMENT, SEPTEMBER 30, 2026",https://www.sec.gov/Archives/edgar/data/1959023/000121390026106886/ea030767201ex10-1.htm,False,
SGD,2026-10-05 00:00:00,https://www.sec.gov/Archives/edgar/data/1959023/000121390026106886/0001213900-26-106886-index.htm,8-K,CURRENT REPORT,https://www.sec.gov/Archives/edgar/data/1959023/000121390026106886/ea0307672-8k_renx.htm,True,
SGD,2026-10-05 00:00:00,https://www.sec.gov/Archives/edgar/data/1959023/000121390026106886/0001213900-26-106886-index.htm,EX-10.1,"EXCHANGE AGREEMENT, SEPTEMBER 30, 2026",https://www.sec.gov/Archives/edgar/data/1959023/000121390026106886/ea030767201ex10-1.htm,False,
BBBY,2026-10-05 00:00:00,https://www.sec.gov/Archives/edgar/data/1130713/000114036126038653/0001140361-26-038653-index.htm,8-K,8-K,https://www.sec.gov/Archives/edgar/data/1130713/000114036126038653/ef20083311_form8k.htm,False,
BBBY,2026-10-05 00:00:00,https://www.sec.gov/Archives/edgar/data/1130713/000114036126038653/0001140361-26-038653-index.htm,EX-99.1,EXHIBIT 99.1,https://www.sec.gov/Archives/edgar/data/1130713/000114036126038653/ef20083311_ex99-1.htm,False,
BYON,2026-10-05 00:00:00,https://www.sec.gov/Archives/edgar/data/1130713/000114036126038653/0001140361-26-038653-index.htm,8-K,8-K,https://www.sec.gov/Archives/edgar/data/1130713/000114036126038653/ef20083311_form8k.htm,False,
BYON,2026-10-05 00:00:00,https://www.sec.gov/Archives/edgar/data/1130713/000114036126038653/0001140361-26-038653-index.htm,EX-99.1,EXHIBIT 99.1,https://www.sec.gov/Archives/edgar/data/1130713/000114036126038653/ef20083311_ex99-1.htm,False,
OSTBP,2026-10-05 00:00:00,https://www.sec.gov/Archives/edgar/data/1130713/000114036126038653/0001140361-26-038653-index.htm,8-K,8-K,https://www.sec.gov/Archives/edgar/data/1130713/000114036126038653/ef20083311_form8k.htm,False,
OSTBP,2026-10-05 00:00:00,https://www.sec.gov/Archives/edgar/data/1130713/000114036126038653/0001140361-26-038653-index.htm,EX-99.1,EXHIBIT 99.1,https://www.sec.gov/Archives/edgar/data/1130713/000114036126038653/ef20083311_ex99-1.htm,False,
OSTK,2026-10-05 00:00:00,https://www.sec.gov/Archives/edgar/data/1130713/000114036126038653/0001140361-26-038653-index.htm,8-K,8-K,https://www.sec.gov/Archives/edgar/data/1130713/000114036126038653/ef20083311_form8k.htm,False,
OSTK,2026-10-05 00:00:00,https://www.sec.gov/Archives/edgar/data/1130713/000114036126038653/0001140361-26-038653-index.htm,EX-99.1,EXHIBIT 99.1,https://www.sec.gov/Archives/edgar/data/1130713/000114036126038653/ef20083311_ex99-1.htm,False,
NXH,2026-10-05 00:00:00,https://www.sec.gov/Archives/edgar/data/1130713/000114036126038653/0001140361-26-038653-index.htm,8-K,8-K,https://www.sec.gov/Archives/edgar/data/1130713/000114036126038653/ef20083311_form8k.htm,False,
NXH,2026-10-05 00:00:00,https://www.sec.gov/Archives/edgar/data/1130713/000114036126038653/0001140361-26-038653-index.htm,EX-99.1,EXHIBIT 99.1,https://www.sec.gov/Archives/edgar/data/1130713/000114036126038653/ef20083311_ex99-1.htm,False,
OSTKO,2026-10-05 00:00:00,https://www.sec.gov/Archives/edgar/data/1130713/000114036126038653/0001140361-26-038653-index.htm,8-K,8-K,https://www.sec.gov/Archives/edgar/data/1130713/000114036126038653/ef20083311_form8k.htm,False,
OSTKO,2026-10-05 00:00:00,https://www.sec.gov/Archives/edgar/data/1130713/000114036126038653/0001140361-26-038653-index.htm,EX-99.1,EXHIBIT 99.1,https://www.sec.gov/Archives/edgar/data/1130713/000114036126038653/ef20083311_ex99-1.htm,False,
CMTL,2026-10-05 00:00:00,https://www.sec.gov/Archives/edgar/data/23197/000002319726000088/0000023197-26-000088-index.htm,8-K,8-K,https://www.sec.gov/Archives/edgar/data/23197/000002319726000088/cmtl-20261001.htm,False,
CMTL,2026-10-05 00:00:00,https://www.sec.gov/Archives/edgar/data/23197/000002319726000088/0000023197-26-000088-index.htm,EX-99.1,EX-99.1,https://www.sec.gov/Archives/edgar/data/23197/000002319726000088/exhibit991-pressreleasexco.htm,False,
ODYY,2026-10-05 00:00:00,https://www.sec.gov/Archives/edgar/data/1626644/000168316826007625/0001683168-26-007625-index.htm,8-K,CURRENT REPORT,https://www.sec.gov/Archives/edgar/data/1626644/000168316826007625/odyssey_8k.htm,True,
ODYY,2026-10-05 00:00:00,https://www.sec.gov/Archives/edgar/data/1626644/000168316826007625/0001683168-26-007625-index.htm,EX-10.1,AMENDMENT NO. 13 TO CONVERTIBLE PROMISSORY NOTE,https://www.sec.gov/Archives/edgar/data/1626644/000168316826007625/odyssey_ex1001.htm,False,
ODYY,2026-10-05 00:00:00,https://www.sec.gov/Archives/edgar/data/1626644/000168316826007625/0001683168-26-007625-index.htm,EX-10.2,AMENDMENT NO. 1 TO PROMISSORY NOTE,https://www.sec.gov/Archives/edgar/data/1626644/000168316826007625/odyssey_ex1002.htm,False,
BRUN,2026-10-05 00:00:00,https://www.sec.gov/Archives/edgar/data/2090646/000149315226045765/0001493152-26-045765-index.htm,8-K,8-K,https://www.sec.gov/Archives/edgar/data/2090646/000149315226045765/form8-k.htm,False,
BRUN,2026-10-05 00:00:00,https://www.sec.gov/Archives/edgar/data/2090646/000149315226045765/0001493152-26-045765-index.htm,EX-10.1,EX-10.1,https://www.sec.gov/Archives/edgar/data/2090646/000149315226045765/ex10-1.htm,False,
BRUN,2026-10-05 00:00:00,https://www.sec.gov/Archives/edgar/data/2090646/000149315226045765/0001493152-26-045765-index.htm,EX-10.2,EX-10.2,https://www.sec.gov/Archives/edgar/data/2090646/000149315226045765/ex10-2.htm,False,
HLI,2026-10-05 00:00:00,https://www.sec.gov/Archives/edgar/data/1302215/000119312526414411/0001193125-26-414411-index.htm,8-K,8-K,https://www.sec.gov/Archives/edgar/data/1302215/000119312526414411/d341970d8k.htm,False,
AVNW,2026-10-05 00:00:00,https://www.sec.gov/Archives/edgar/data/1377789/000162828026065033/0001628280-26-065033-index.htm,8-K,8-K,https://www.sec.gov/Archives/edgar/data/1377789/000162828026065033/avnw-20260930.htm,False,
AVNW,2026-10-05 00:00:00,https://www.sec.gov/Archives/edgar/data/1377789/000162828026065033/0001628280-26-065033-index.htm,EX-99.1,EX-99.1,https://www.sec.gov/Archives/edgar/data/1377789/000162828026065033/ex9918kiplicenseagreement.htm,False,
CLH,2026-10-05 00:00:00,https://www.sec.gov/Archives/edgar/data/822818/000082281826000042/0000822818-26-000042-index.htm,8-K,8-K,https://www.sec.gov/Archives/edgar/data/822818/000082281826000042/clh-20261001.htm,True,
CLH,2026-10-05 00:00:00,https://www.sec.gov/Archives/edgar/data/822818/000082281826000042/0000822818-26-000042-index.htm,EX-99.1,EX-99.1,https://www.sec.gov/Archives/edgar/data/822818/000082281826000042/clh-completesacquisitionsp.htm,False,
EQ,2026-10-05 00:00:00,https://www.sec.gov/Archives/edgar/data/1746466/000119312526414364/0001193125-26-414364-index.htm,8-K,8-K,https://www.sec.gov/Archives/edgar/data/1746466/000119312526414364/d174431d8k.htm,False,
USAC,2026-10-05 00:00:00,https://www.sec.gov/Archives/edgar/data/1522727/000152272726000098/0001522727-26-000098-index.htm,8-K,8-K,https://www.sec.gov/Archives/edgar/data/1522727/000152272726000098/usac-20261001.htm,False,
None,2026-10-05 00:00:00,https://www.sec.gov/Archives/edgar/data/2074450/000095014226002680/0000950142-26-002680-index.htm,8-K,FORM 8-K,https://www.sec.gov/Archives/edgar/data/2074450/000095014226002680/eh260839038_8k.htm,False,
None,2026-10-05 00:00:00,https://www.sec.gov/Archives/edgar/data/2074450/000095014226002680/0000950142-26-002680-index.htm,EX-99.1,EXHIBIT 99.1,https://www.sec.gov/Archives/edgar/data/2074450/000095014226002680/eh260839038_ex9901.htm,False,
FTHM,2026-10-05 00:00:00,https://www.sec.gov/Archives/edgar/data/1753162/000143774926032044/0001437749-26-032044-index.htm,8-K,FORM 8-K,https://www.sec.gov/Archives/edgar/data/1753162/000143774926032044/fthm20261005_8k.htm,True,
FTHM,2026-10-05 00:00:00,https://www.sec.gov/Archives/edgar/data/1753162/000143774926032044/0001437749-26-032044-index.htm,EX-10.1,EXHIBIT 10.1,https://www.sec.gov/Archives/edgar/data/1753162/000143774926032044/ex_1022317.htm,False,
FTHM,2026-10-05 00:00:00,https://www.sec.gov/Archives/edgar/data/1753162/000143774926032044/0001437749-26-032044-index.htm,EX-10.2,EXHIBIT 10.2,https://www.sec.gov/Archives/edgar/data/1753162/000143774926032044/ex_1022318.htm,False,
FTHM,2026-10-05 00:00:00,https://www.sec.gov/Archives/edgar/data/1753162/000143774926032044/0001437749-26-032044-index.htm,EX-99.1,EXHIBIT 99.1,https://www.sec.gov/Archives/edgar/data/1753162/000143774926032044/ex_1022319.htm,False,
None,2026-10-05 00:00:00,https://www.sec.gov/Archives/edgar/data/1987221/000119312526414340/0001193125-26-414340-index.htm,8-K,8-K,https://www.sec.gov/Archives/edgar/data/1987221/000119312526414340/d112686d8k.htm,False,
FIZZ,2026-10-05 00:00:00,https://www.sec.gov/Archives/edgar/data/69891/000143774926032043/0001437749-26-032043-index.htm,8-K,FORM 8-K,https://www.sec.gov/Archives/edgar/data/69891/000143774926032043/fizz20261002_8k.htm,False,
IOVA,2026-10-05 00:00:00,https://www.sec.gov/Archives/edgar/data/1425205/000110465926113763/0001104659-26-113763-index.htm,8-K,FORM 8-K,https://www.sec.gov/Archives/edgar/data/1425205/000110465926113763/tm2627047d1_8k.htm,False,
IOVA,2026-10-05 00:00:00,https://www.sec.gov/Archives/edgar/data/1425205/000110465926113763/0001104659-26-113763-index.htm,EX-99.1,EXHIBIT 99.1,https://www.sec.gov/Archives/edgar/data/1425205/000110465926113763/tm2627047d1_ex99-1.htm,False,
PHGE,2026-10-05 00:00:00,https://www.sec.gov/Archives/edgar/data/1739174/000121390026106872/0001213900-26-106872-index.htm,8-K,CURRENT REPORT,https://www.sec.gov/Archives/edgar/data/1739174/000121390026106872/ea0307709-8k_tessera.htm,True,
PHGE,2026-10-05 00:00:00,https://www.sec.gov/Archives/edgar/data/1739174/000121390026106872/0001213900-26-106872-index.htm,EX-10.1,"LINE OF CREDIT AGREEMENT, DATED AS OF OCTOBER 5, 2026, BETWEEN THE COMPANY AND M",https://www.sec.gov/Archives/edgar/data/1739174/000121390026106872/ea030770901ex10-1.htm,True,
PHGE-UN,2026-10-05 00:00:00,https://www.sec.gov/Archives/edgar/data/1739174/000121390026106872/0001213900-26-106872-index.htm,8-K,CURRENT REPORT,https://www.sec.gov/Archives/edgar/data/1739174/000121390026106872/ea0307709-8k_tessera.htm,True,
PHGE-UN,2026-10-05 00:00:00,https://www.sec.gov/Archives/edgar/data/1739174/000121390026106872/0001213900-26-106872-index.htm,EX-10.1,"LINE OF CREDIT AGREEMENT, DATED AS OF OCTOBER 5, 2026, BETWEEN THE COMPANY AND M",https://www.sec.gov/Archives/edgar/data/1739174/000121390026106872/ea030770901ex10-1.htm,True,
PHGE-WT,2026-10-05 00:00:00,https://www.sec.gov/Archives/edgar/data/1739174/000121390026106872/0001213900-26-106872-index.htm,8-K,CURRENT REPORT,https://www.sec.gov/Archives/edgar/data/1739174/000121390026106872/ea0307709-8k_tessera.htm,True,
PHGE-WT,2026-10-05 00:00:00,https://www.sec.gov/Archives/edgar/data/1739174/000121390026106872/0001213900-26-106872-index.htm,EX-10.1,"LINE OF CREDIT AGREEMENT, DATED AS OF OCTOBER 5, 2026, BETWEEN THE COMPANY AND M",https://www.sec.gov/Archives/edgar/data/1739174/000121390026106872/ea030770901ex10-1.htm,True,
DGLY,2026-10-05 00:00:00,https://www.sec.gov/Archives/edgar/data/1342958/000149315226045762/0001493152-26-045762-index.htm,8-K,8-K,https://www.sec.gov/Archives/edgar/data/1342958/000149315226045762/form8-k.htm,False,
DGLY,2026-10-05 00:00:00,https://www.sec.gov/Archives/edgar/data/1342958/000149315226045762/0001493152-26-045762-index.htm,EX-99.1,EX-99.1,https://www.sec.gov/Archives/edgar/data/1342958/000149315226045762/ex99-1.htm,False,
KUST,2026-10-05 00:00:00,https://www.sec.gov/Archives/edgar/data/1342958/000149315226045762/0001493152-26-045762-index.htm,8-K,8-K,https://www.sec.gov/Archives/edgar/data/1342958/000149315226045762/form8-k.htm,False,
KUST,2026-10-05 00:00:00,https://www.sec.gov/Archives/edgar/data/1342958/000149315226045762/0001493152-26-045762-index.htm,EX-99.1,EX-99.1,https://www.sec.gov/Archives/edgar/data/1342958/000149315226045762/ex99-1.htm,False,
NRXP,2026-10-05 00:00:00,https://www.sec.gov/Archives/edgar/data/1719406/000143774926032042/0001437749-26-032042-index.htm,8-K,FORM 8-K,https://www.sec.gov/Archives/edgar/data/1719406/000143774926032042/nrxp20261005_8k.htm,True,
NRXP,2026-10-05 00:00:00,https://www.sec.gov/Archives/edgar/data/1719406/000143774926032042/0001437749-26-032042-index.htm,EX-99.1,EXHIBIT 99.1,https://www.sec.gov/Archives/edgar/data/1719406/000143774926032042/ex_1022189.htm,False,
NRXPW,2026-10-05 00:00:00,https://www.sec.gov/Archives/edgar/data/1719406/000143774926032042/0001437749-26-032042-index.htm,8-K,FORM 8-K,https://www.sec.gov/Archives/edgar/data/1719406/000143774926032042/nrxp20261005_8k.htm,True,
NRXPW,2026-10-05 00:00:00,https://www.sec.gov/Archives/edgar/data/1719406/000143774926032042/0001437749-26-032042-index.htm,EX-99.1,EXHIBIT 99.1,https://www.sec.gov/Archives/edgar/data/1719406/000143774926032042/ex_1022189.htm,False,
NIMU,2026-10-05 00:00:00,https://www.sec.gov/Archives/edgar/data/720762/000149315226045759/0001493152-26-045759-index.htm,8-K,8-K,https://www.sec.gov/Archives/edgar/data/720762/000149315226045759/form8-k.htm,True,
NIMU,2026-10-05 00:00:00,https://www.sec.gov/Archives/edgar/data/720762/000149315226045759/0001493152-26-045759-index.htm,EX-10.1,EX-10.1,https://www.sec.gov/Archives/edgar/data/720762/000149315226045759/ex10-1.htm,False,
BRN,2026-10-05 00:00:00,https://www.sec.gov/Archives/edgar/data/10048/000114036126038648/0001140361-26-038648-index.htm,8-K,8-K,https://www.sec.gov/Archives/edgar/data/10048/000114036126038648/ef20083262_8k.htm,False,
BRN,2026-10-05 00:00:00,https://www.sec.gov/Archives/edgar/data/10048/000114036126038648/0001140361-26-038648-index.htm,EX-99.1,EXHIBIT 99.1,https://www.sec.gov/Archives/edgar/data/10048/000114036126038648/ef20083262_ex99-1.htm,False,
VYLR,2026-10-05 00:00:00,https://www.sec.gov/Archives/edgar/data/2128626/000119312526414335/0001193125-26-414335-index.htm,8-K,8-K,https://www.sec.gov/Archives/edgar/data/2128626/000119312526414335/d92652d8k.htm,True,
VYLR,2026-10-05 00:00:00,https://www.sec.gov/Archives/edgar/data/2128626/000119312526414335/0001193125-26-414335-index.htm,EX-10.1,EX-10.1,https://www.sec.gov/Archives/edgar/data/2128626/000119312526414335/d92652dex101.htm,False,
VYLR,2026-10-05 00:00:00,https://www.sec.gov/Archives/edgar/data/2128626/000119312526414335/0001193125-26-414335-index.htm,EX-10.2,EX-10.2,https://www.sec.gov/Archives/edgar/data/2128626/000119312526414335/d92652dex102.htm,False,
MDCA,2026-10-05 00:00:00,https://www.sec.gov/Archives/edgar/data/876883/000110465926113762/0001104659-26-113762-index.htm,8-K,FORM 8-K,https://www.sec.gov/Archives/edgar/data/876883/000110465926113762/tm2627017d1_8k.htm,False,
STGW,2026-10-05 00:00:00,https://www.sec.gov/Archives/edgar/data/876883/000110465926113762/0001104659-26-113762-index.htm,8-K,FORM 8-K,https://www.sec.gov/Archives/edgar/data/876883/000110465926113762/tm2627017d1_8k.htm,False,
None,2026-10-05 00:00:00,https://www.sec.gov/Archives/edgar/data/1648195/000102024226000093/0001020242-26-000093-index.htm,8-K,,https://www.sec.gov/Archives/edgar/data/1648195/000102024226000093/comm15ccre25_8k.htm,False,
LPBBU,2026-10-05 00:00:00,https://www.sec.gov/Archives/edgar/data/2023676/000121390026106869/0001213900-26-106869-index.htm,8-K,CURRENT REPORT,https://www.sec.gov/Archives/edgar/data/2023676/000121390026106869/ea0307755-8k_launch.htm,False,
LPBB,2026-10-05 00:00:00,https://www.sec.gov/Archives/edgar/data/2023676/000121390026106869/0001213900-26-106869-index.htm,8-K,CURRENT REPORT,https://www.sec.gov/Archives/edgar/data/2023676/000121390026106869/ea0307755-8k_launch.htm,False,
LPBBW,2026-10-05 00:00:00,https://www.sec.gov/Archives/edgar/data/2023676/000121390026106869/0001213900-26-106869-index.htm,8-K,CURRENT REPORT,https://www.sec.gov/Archives/edgar/data/2023676/000121390026106869/ea0307755-8k_launch.htm,False,
HBCP,2026-10-05 00:00:00,https://www.sec.gov/Archives/edgar/data/1436425/000162828026064998/0001628280-26-064998-index.htm,8-K,8-K,https://www.sec.gov/Archives/edgar/data/1436425/000162828026064998/hbcp-20261005.htm,False,
HBCP,2026-10-05 00:00:00,https://www.sec.gov/Archives/edgar/data/1436425/000162828026064998/0001628280-26-064998-index.htm,EX-99.1,EX-99.1,https://www.sec.gov/Archives/edgar/data/1436425/000162828026064998/a2026q3earningsreleasedate.htm,False,
ONFO,2026-10-05 00:00:00,https://www.sec.gov/Archives/edgar/data/1825452/000121390026106865/0001213900-26-106865-index.htm,8-K,CURRENT REPORT,https://www.sec.gov/Archives/edgar/data/1825452/000121390026106865/ea0307102-8k_onfolio.htm,False,
ONFOW,2026-10-05 00:00:00,https://www.sec.gov/Archives/edgar/data/1825452/000121390026106865/0001213900-26-106865-index.htm,8-K,CURRENT REPORT,https://www.sec.gov/Archives/edgar/data/1825452/000121390026106865/ea0307102-8k_onfolio.htm,False,
NANX,2026-10-05 00:00:00,https://www.sec.gov/Archives/edgar/data/883107/000117184326006412/0001171843-26-006412-index.htm,8-K,FORM 8-K,https://www.sec.gov/Archives/edgar/data/883107/000117184326006412/f8k_100526.htm,True,
NANX,2026-10-05 00:00:00,https://www.sec.gov/Archives/edgar/data/883107/000117184326006412/0001171843-26-006412-index.htm,EX-10.1,EXHIBIT 10.1,https://www.sec.gov/Archives/edgar/data/883107/000117184326006412/exh_101.htm,False,
NANX,2026-10-05 00:00:00,https://www.sec.gov/Archives/edgar/data/883107/000117184326006412/0001171843-26-006412-index.htm,EX-10.2,EXHIBIT 10.2,https://www.sec.gov/Archives/edgar/data/883107/000117184326006412/exh_102.htm,False,
SLSN,2026-10-05 00:00:00,https://www.sec.gov/Archives/edgar/data/883107/000117184326006412/0001171843-26-006412-index.htm,8-K,FORM 8-K,https://www.sec.gov/Archives/edgar/data/883107/000117184326006412/f8k_100526.htm,True,
SLSN,2026-10-05 00:00:00,https://www.sec.gov/Archives/edgar/data/883107/000117184326006412/0001171843-26-006412-index.htm,EX-10.1,EXHIBIT 10.1,https://www.sec.gov/Archives/edgar/data/883107/000117184326006412/exh_101.htm,False,
SLSN,2026-10-05 00:00:00,https://www.sec.gov/Archives/edgar/data/883107/000117184326006412/0001171843-26-006412-index.htm,EX-10.2,EXHIBIT 10.2,https://www.sec.gov/Archives/edgar/data/883107/000117184326006412/exh_102.htm,False,
None,2026-10-05 00:00:00,https://www.sec.gov/Archives/edgar/data/2092592/000119312526414213/0001193125-26-414213-index.htm,8-K,8-K,https://www.sec.gov/Archives/edgar/data/2092592/000119312526414213/d340775d8k.htm,False,
None,2026-10-05 00:00:00,https://www.sec.gov/Archives/edgar/data/2092592/000119312526414213/0001193125-26-414213-index.htm,EX-99.1,EX-99.1,https://www.sec.gov/Archives/edgar/data/2092592/000119312526414213/d340775dex991.htm,False,
NG,2026-10-05 00:00:00,https://www.sec.gov/Archives/edgar/data/1173420/000110465926113739/0001104659-26-113739-index.htm,8-K,FORM 8-K,https://www.sec.gov/Archives/edgar/data/1173420/000110465926113739/tm2625949d2_8k.htm,False,
NG,2026-10-05 00:00:00,https://www.sec.gov/Archives/edgar/data/1173420/000110465926113739/0001104659-26-113739-index.htm,EX-10.1,EXHIBIT 10.1,https://www.sec.gov/Archives/edgar/data/1173420/000110465926113739/tm2625949d2_ex10-1.htm,False,
NG,2026-10-05 00:00:00,https://www.sec.gov/Archives/edgar/data/1173420/000110465926113739/0001104659-26-113739-index.htm,EX-10.2,EXHIBIT 10.2,https://www.sec.gov/Archives/edgar/data/1173420/000110465926113739/tm2625949d2_ex10-2.htm,False,
TRINZ,2026-10-05 00:00:00,https://www.sec.gov/Archives/edgar/data/1786108/000121390026106862/0001213900-26-106862-index.htm,8-K,8-K,https://www.sec.gov/Archives/edgar/data/1786108/000121390026106862/ea0307359-01_8k.htm,True,
TRINL,2026-10-05 00:00:00,https://www.sec.gov/Archives/edgar/data/1786108/000121390026106862/0001213900-26-106862-index.htm,8-K,8-K,https://www.sec.gov/Archives/edgar/data/1786108/000121390026106862/ea0307359-01_8k.htm,True,
TRINI,2026-10-05 00:00:00,https://www.sec.gov/Archives/edgar/data/1786108/000121390026106862/0001213900-26-106862-index.htm,8-K,8-K,https://www.sec.gov/Archives/edgar/data/1786108/000121390026106862/ea0307359-01_8k.htm,True,
TRIN,2026-10-05 00:00:00,https://www.sec.gov/Archives/edgar/data/1786108/000121390026106862/0001213900-26-106862-index.htm,8-K,8-K,https://www.sec.gov/Archives/edgar/data/1786108/000121390026106862/ea0307359-01_8k.htm,True,
None,2026-10-05 00:00:00,https://www.sec.gov/Archives/edgar/data/2050809/000110465926113729/0001104659-26-113729-index.htm,8-K,FORM 8-K,https://www.sec.gov/Archives/edgar/data/2050809/000110465926113729/tm2627067d1_8k.htm,False,
GAVA,2026-10-05 00:00:00,https://www.sec.gov/Archives/edgar/data/2035053/000119312526414300/0001193125-26-414300-index.htm,8-K,8-K,https://www.sec.gov/Archives/edgar/data/2035053/000119312526414300/ck0002035053-20260929.htm,True,
GAVA,2026-10-05 00:00:00,https://www.sec.gov/Archives/edgar/data/2035053/000119312526414300/0001193125-26-414300-index.htm,EX-10.1,EX-10.1,https://www.sec.gov/Archives/edgar/data/2035053/000119312526414300/ck0002035053-ex10_1.htm,False,
GAVA,2026-10-05 00:00:00,https://www.sec.gov/Archives/edgar/data/2035053/000119312526414300/0001193125-26-414300-index.htm,EX-10.2,EX-10.2,https://www.sec.gov/Archives/edgar/data/2035053/000119312526414300/ck0002035053-ex10_2.htm,False,
ADIA,2026-10-05 00:00:00,https://www.sec.gov/Archives/edgar/data/1160420/000168316826007624/0001683168-26-007624-index.htm,8-K,CURRENT REPORT,https://www.sec.gov/Archives/edgar/data/1160420/000168316826007624/adia_8k.htm,False,
ADIA,2026-10-05 00:00:00,https://www.sec.gov/Archives/edgar/data/1160420/000168316826007624/0001683168-26-007624-index.htm,EX-99.1,VERIFIED COMPLAINT,https://www.sec.gov/Archives/edgar/data/1160420/000168316826007624/adia_ex9901.htm,False,
GSUI,2026-10-05 00:00:00,https://www.sec.gov/Archives/edgar/data/2034012/000119312526414297/0001193125-26-414297-index.htm,8-K,8-K,https://www.sec.gov/Archives/edgar/data/2034012/000119312526414297/gsui-20260929.htm,True,
GSUI,2026-10-05 00:00:00,https://www.sec.gov/Archives/edgar/data/2034012/000119312526414297/0001193125-26-414297-index.htm,EX-10.1,EX-10.1,https://www.sec.gov/Archives/edgar/data/2034012/000119312526414297/gsui-ex10_1.htm,False,
GSUI,2026-10-05 00:00:00,https://www.sec.gov/Archives/edgar/data/2034012/000119312526414297/0001193125-26-414297-index.htm,EX-10.2,EX-10.2,https://www.sec.gov/Archives/edgar/data/2034012/000119312526414297/gsui-ex10_2.htm,False,
GLNK,2026-10-05 00:00:00,https://www.sec.gov/Archives/edgar/data/1852025/000119312526414291/0001193125-26-414291-index.htm,8-K,8-K,https://www.sec.gov/Archives/edgar/data/1852025/000119312526414291/glnk-20260929.htm,True,
GLNK,2026-10-05 00:00:00,https://www.sec.gov/Archives/edgar/data/1852025/000119312526414291/0001193125-26-414291-index.htm,EX-10.1,EX-10.1,https://www.sec.gov/Archives/edgar/data/1852025/000119312526414291/glnk-ex10_1.htm,False,
GLNK,2026-10-05 00:00:00,https://www.sec.gov/Archives/edgar/data/1852025/000119312526414291/0001193125-26-414291-index.htm,EX-10.2,EX-10.2,https://www.sec.gov/Archives/edgar/data/1852025/000119312526414291/glnk-ex10_2.htm,False,
None,2026-10-05 00:00:00,https://www.sec.gov/Archives/edgar/data/1719324/000095014226002676/0000950142-26-002676-index.htm,8-K,FORM 8-K,https://www.sec.gov/Archives/edgar/data/1719324/000095014226002676/eh260839023_8k.htm,False,
ADVWW,2026-10-05 00:00:00,https://www.sec.gov/Archives/edgar/data/1776661/000119312526414290/0001193125-26-414290-index.htm,8-K,8-K,https://www.sec.gov/Archives/edgar/data/1776661/000119312526414290/adv-20261001.htm,False,
ADVWW,2026-10-05 00:00:00,https://www.sec.gov/Archives/edgar/data/1776661/000119312526414290/0001193125-26-414290-index.htm,EX-10.1,EX-10.1,https://www.sec.gov/Archives/edgar/data/1776661/000119312526414290/adv-ex10_1.htm,False,
ADV,2026-10-05 00:00:00,https://www.sec.gov/Archives/edgar/data/1776661/000119312526414290/0001193125-26-414290-index.htm,8-K,8-K,https://www.sec.gov/Archives/edgar/data/1776661/000119312526414290/adv-20261001.htm,False,
ADV,2026-10-05 00:00:00,https://www.sec.gov/Archives/edgar/data/1776661/000119312526414290/0001193125-26-414290-index.htm,EX-10.1,EX-10.1,https://www.sec.gov/Archives/edgar/data/1776661/000119312526414290/adv-ex10_1.htm,False,
LESL,2026-10-05 00:00:00,https://www.sec.gov/Archives/edgar/data/1821806/000119312526414287/0001193125-26-414287-index.htm,8-K,8-K,https://www.sec.gov/Archives/edgar/data/1821806/000119312526414287/d190635d8k.htm,True,
LESL,2026-10-05 00:00:00,https://www.sec.gov/Archives/edgar/data/1821806/000119312526414287/0001193125-26-414287-index.htm,EX-10.1,EX-10.1,https://www.sec.gov/Archives/edgar/data/1821806/000119312526414287/d190635dex101.htm,True,
LESL,2026-10-05 00:00:00,https://www.sec.gov/Archives/edgar/data/1821806/000119312526414287/0001193125-26-414287-index.htm,EX-10.2,EX-10.2,https://www.sec.gov/Archives/edgar/data/1821806/000119312526414287/d190635dex102.htm,True,
RMRM,2026-10-05 00:00:00,https://www.sec.gov/Archives/edgar/data/1452477/000110465926113721/0001104659-26-113721-index.htm,8-K,FORM 8-K,https://www.sec.gov/Archives/edgar/data/1452477/000110465926113721/tm2627052d1_8k.htm,False,
RMRM,2026-10-05 00:00:00,https://www.sec.gov/Archives/edgar/data/1452477/000110465926113721/0001104659-26-113721-index.htm,EX-99.1,EXHIBIT 99.1,https://www.sec.gov/Archives/edgar/data/1452477/000110465926113721/tm2627052d1_ex99-1.htm,False,
SEVN,2026-10-05 00:00:00,https://www.sec.gov/Archives/edgar/data/1452477/000110465926113721/0001104659-26-113721-index.htm,8-K,FORM 8-K,https://www.sec.gov/Archives/edgar/data/1452477/000110465926113721/tm2627052d1_8k.htm,False,
SEVN,2026-10-05 00:00:00,https://www.sec.gov/Archives/edgar/data/1452477/000110465926113721/0001104659-26-113721-index.htm,EX-99.1,EXHIBIT 99.1,https://www.sec.gov/Archives/edgar/data/1452477/000110465926113721/tm2627052d1_ex99-1.htm,False,
PAL,2026-10-05 00:00:00,https://www.sec.gov/Archives/edgar/data/1998768/000121390026106854/0001213900-26-106854-index.htm,8-K,CURRENT REPORT,https://www.sec.gov/Archives/edgar/data/1998768/000121390026106854/ea0307689-8k_proficient.htm,False,
PAL,2026-10-05 00:00:00,https://www.sec.gov/Archives/edgar/data/1998768/000121390026106854/0001213900-26-106854-index.htm,EX-99.1,"PRESS RELEASE, DATED OCTOBER 5, 2026",https://www.sec.gov/Archives/edgar/data/1998768/000121390026106854/ea030768901ex99-1.htm,False,
APCXW,2026-10-05 00:00:00,https://www.sec.gov/Archives/edgar/data/1070050/000168316826007621/0001683168-26-007621-index.htm,8-K,CURRENT REPORT,https://www.sec.gov/Archives/edgar/data/1070050/000168316826007621/apptech_8k.htm,True,
APCXW,2026-10-05 00:00:00,https://www.sec.gov/Archives/edgar/data/1070050/000168316826007621/0001683168-26-007621-index.htm,EX-10.1,SECURITIES PURCHASE AGREEMENT,https://www.sec.gov/Archives/edgar/data/1070050/000168316826007621/apptech_ex1001.htm,False,
APCXW,2026-10-05 00:00:00,https://www.sec.gov/Archives/edgar/data/1070050/000168316826007621/0001683168-26-007621-index.htm,EX-10.2,PROMISSORY NOTE,https://www.sec.gov/Archives/edgar/data/1070050/000168316826007621/apptech_ex1002.htm,False,
APCX,2026-10-05 00:00:00,https://www.sec.gov/Archives/edgar/data/1070050/000168316826007621/0001683168-26-007621-index.htm,8-K,CURRENT REPORT,https://www.sec.gov/Archives/edgar/data/1070050/000168316826007621/apptech_8k.htm,True,
APCX,2026-10-05 00:00:00,https://www.sec.gov/Archives/edgar/data/1070050/000168316826007621/0001683168-26-007621-index.htm,EX-10.1,SECURITIES PURCHASE AGREEMENT,https://www.sec.gov/Archives/edgar/data/1070050/000168316826007621/apptech_ex1001.htm,False,
APCX,2026-10-05 00:00:00,https://www.sec.gov/Archives/edgar/data/1070050/000168316826007621/0001683168-26-007621-index.htm,EX-10.2,PROMISSORY NOTE,https://www.sec.gov/Archives/edgar/data/1070050/000168316826007621/apptech_ex1002.htm,False,
GDLC,2026-10-05 00:00:00,https://www.sec.gov/Archives/edgar/data/1729997/000119312526414279/0001193125-26-414279-index.htm,8-K,8-K,https://www.sec.gov/Archives/edgar/data/1729997/000119312526414279/gdlc-20260929.htm,True,
GDLC,2026-10-05 00:00:00,https://www.sec.gov/Archives/edgar/data/1729997/000119312526414279/0001193125-26-414279-index.htm,EX-10.1,EX-10.1,https://www.sec.gov/Archives/edgar/data/1729997/000119312526414279/gdlc-ex10_1.htm,False,
GDLC,2026-10-05 00:00:00,https://www.sec.gov/Archives/edgar/data/1729997/000119312526414279/0001193125-26-414279-index.htm,EX-10.2,EX-10.2,https://www.sec.gov/Archives/edgar/data/1729997/000119312526414279/gdlc-ex10_2.htm,False,
GNE,2026-10-05 00:00:00,https://www.sec.gov/Archives/edgar/data/1528356/000143774926032040/0001437749-26-032040-index.htm,8-K,FORM 8-K,https://www.sec.gov/Archives/edgar/data/1528356/000143774926032040/gne20261005_8k.htm,False,
GNE,2026-10-05 00:00:00,https://www.sec.gov/Archives/edgar/data/1528356/000143774926032040/0001437749-26-032040-index.htm,EX-99.1,EXHIBIT 99.1,https://www.sec.gov/Archives/edgar/data/1528356/000143774926032040/ex_1022374.htm,False,
GNE-PA,2026-10-05 00:00:00,https://www.sec.gov/Archives/edgar/data/1528356/000143774926032040/0001437749-26-032040-index.htm,8-K,FORM 8-K,https://www.sec.gov/Archives/edgar/data/1528356/000143774926032040/gne20261005_8k.htm,False,
GNE-PA,2026-10-05 00:00:00,https://www.sec.gov/Archives/edgar/data/1528356/000143774926032040/0001437749-26-032040-index.htm,EX-99.1,EXHIBIT 99.1,https://www.sec.gov/Archives/edgar/data/1528356/000143774926032040/ex_1022374.htm,False,
GDOG,2026-10-05 00:00:00,https://www.sec.gov/Archives/edgar/data/2055510/000119312526414274/0001193125-26-414274-index.htm,8-K,8-K,https://www.sec.gov/Archives/edgar/data/2055510/000119312526414274/ck0002055510-20260929.htm,True,
GDOG,2026-10-05 00:00:00,https://www.sec.gov/Archives/edgar/data/2055510/000119312526414274/0001193125-26-414274-index.htm,EX-10.1,EX-10.1,https://www.sec.gov/Archives/edgar/data/2055510/000119312526414274/ck0002055510-ex10_1.htm,False,
GDOG,2026-10-05 00:00:00,https://www.sec.gov/Archives/edgar/data/2055510/000119312526414274/0001193125-26-414274-index.htm,EX-10.2,EX-10.2,https://www.sec.gov/Archives/edgar/data/2055510/000119312526414274/ck0002055510-ex10_2.htm,False,
GDOG,2026-10-05 00:00:00,https://www.sec.gov/Archives/edgar/data/2055510/000119312526414274/0001193125-26-414274-index.htm,EX-99.1,EX-99.1,https://www.sec.gov/Archives/edgar/data/2055510/000119312526414274/ck0002055510-ex99_1.htm,False,
XHLD,2026-10-05 00:00:00,https://www.sec.gov/Archives/edgar/data/2030954/000149315226045754/0001493152-26-045754-index.htm,8-K,8-K,https://www.sec.gov/Archives/edgar/data/2030954/000149315226045754/form8-k.htm,True,
XHLD,2026-10-05 00:00:00,https://www.sec.gov/Archives/edgar/data/2030954/000149315226045754/0001493152-26-045754-index.htm,EX-10.1,EX-10.1,https://www.sec.gov/Archives/edgar/data/2030954/000149315226045754/ex10-1.htm,False,
GXRP,2026-10-05 00:00:00,https://www.sec.gov/Archives/edgar/data/2037427/000119312526414265/0001193125-26-414265-index.htm,8-K,8-K,https://www.sec.gov/Archives/edgar/data/2037427/000119312526414265/ck0002037427-20260929.htm,True,
GXRP,2026-10-05 00:00:00,https://www.sec.gov/Archives/edgar/data/2037427/000119312526414265/0001193125-26-414265-index.htm,EX-10.1,EX-10.1,https://www.sec.gov/Archives/edgar/data/2037427/000119312526414265/ck0002037427-ex10_1.htm,False,
GXRP,2026-10-05 00:00:00,https://www.sec.gov/Archives/edgar/data/2037427/000119312526414265/0001193125-26-414265-index.htm,EX-10.2,EX-10.2,https://www.sec.gov/Archives/edgar/data/2037427/000119312526414265/ck0002037427-ex10_2.htm,False,
GXRP,2026-10-05 00:00:00,https://www.sec.gov/Archives/edgar/data/2037427/000119312526414265/0001193125-26-414265-index.htm,EX-99.1,EX-99.1,https://www.sec.gov/Archives/edgar/data/2037427/000119312526414265/ck0002037427-ex99_1.htm,False,
GSBD,2026-10-05 00:00:00,https://www.sec.gov/Archives/edgar/data/1572694/000119312526414262/0001193125-26-414262-index.htm,8-K,8-K,https://www.sec.gov/Archives/edgar/data/1572694/000119312526414262/d179027d8k.htm,False,
GSBD,2026-10-05 00:00:00,https://www.sec.gov/Archives/edgar/data/1572694/000119312526414262/0001193125-26-414262-index.htm,EX-99.1,EX-99.1,https://www.sec.gov/Archives/edgar/data/1572694/000119312526414262/d179027dex991.htm,False,
OSTX,2026-10-05 00:00:00,https://www.sec.gov/Archives/edgar/data/1795091/000121390026106849/0001213900-26-106849-index.htm,8-K,CURRENT REPORT,https://www.sec.gov/Archives/edgar/data/1795091/000121390026106849/ea0307611-8k_ostherapies.htm,True,
OSTX,2026-10-05 00:00:00,https://www.sec.gov/Archives/edgar/data/1795091/000121390026106849/0001213900-26-106849-index.htm,EX-10.1,"EMPLOYMENT AGREEMENT, DATED AS OF SEPTEMBER 29, 2026, BETWEEN OS THERAPIES INCOR",https://www.sec.gov/Archives/edgar/data/1795091/000121390026106849/ea030761101ex10-1.htm,False,
OSTX,2026-10-05 00:00:00,https://www.sec.gov/Archives/edgar/data/1795091/000121390026106849/0001213900-26-106849-index.htm,EX-10.2,"EMPLOYMENT AGREEMENT, DATED AS OF SEPTEMBER 29, 2026, BETWEEN OS THERAPIES INCOR",https://www.sec.gov/Archives/edgar/data/1795091/000121390026106849/ea030761101ex10-2.htm,False,
OSTX,2026-10-05 00:00:00,https://www.sec.gov/Archives/edgar/data/1795091/000121390026106849/0001213900-26-106849-index.htm,EX-99.1,"PRESS RELEASE ISSUED BY OS THERAPIES INCORPORATED ON OCTOBER 1, 2026",https://www.sec.gov/Archives/edgar/data/1795091/000121390026106849/ea030761101ex99-1.htm,False,
ZCSH,2026-10-05 00:00:00,https://www.sec.gov/Archives/edgar/data/1720265/000119312526414257/0001193125-26-414257-index.htm,8-K,8-K,https://www.sec.gov/Archives/edgar/data/1720265/000119312526414257/zcsh-20260929.htm,True,
ZCSH,2026-10-05 00:00:00,https://www.sec.gov/Archives/edgar/data/1720265/000119312526414257/0001193125-26-414257-index.htm,EX-10.1,EX-10.1,https://www.sec.gov/Archives/edgar/data/1720265/000119312526414257/zcsh-ex10_1.htm,False,
ZCSH,2026-10-05 00:00:00,https://www.sec.gov/Archives/edgar/data/1720265/000119312526414257/0001193125-26-414257-index.htm,EX-10.2,EX-10.2,https://www.sec.gov/Archives/edgar/data/1720265/000119312526414257/zcsh-ex10_2.htm,False,
USNA,2026-10-05 00:00:00,https://www.sec.gov/Archives/edgar/data/896264/000089626426000060/0000896264-26-000060-index.htm,8-K,8-K,https://www.sec.gov/Archives/edgar/data/896264/000089626426000060/usna-20261005.htm,True,
USNA,2026-10-05 00:00:00,https://www.sec.gov/Archives/edgar/data/896264/000089626426000060/0000896264-26-000060-index.htm,EX-10.1,EX-10.1,https://www.sec.gov/Archives/edgar/data/896264/000089626426000060/firstamendment-usana155845.htm,True,
VTS,2026-10-05 00:00:00,https://www.sec.gov/Archives/edgar/data/1944558/000194455826000049/0001944558-26-000049-index.htm,8-K,8-K,https://www.sec.gov/Archives/edgar/data/1944558/000194455826000049/vitesse-20260930.htm,False,
None,2026-10-05 00:00:00,https://www.sec.gov/Archives/edgar/data/2089126/000119312526414248/0001193125-26-414248-index.htm,8-K,8-K,https://www.sec.gov/Archives/edgar/data/2089126/000119312526414248/ck0002089126-20261005.htm,False,
CSV,2026-10-05 00:00:00,https://www.sec.gov/Archives/edgar/data/1016281/000101628126000062/0001016281-26-000062-index.htm,8-K,8-K,https://www.sec.gov/Archives/edgar/data/1016281/000101628126000062/csv-20261004.htm,False,
ATH-PD,2026-10-05 00:00:00,https://www.sec.gov/Archives/edgar/data/1527469/000152746926000073/0001527469-26-000073-index.htm,8-K,8-K,https://www.sec.gov/Archives/edgar/data/1527469/000152746926000073/ahl-20261005.htm,False,
ATH-PE,2026-10-05 00:00:00,https://www.sec.gov/Archives/edgar/data/1527469/000152746926000073/0001527469-26-000073-index.htm,8-K,8-K,https://www.sec.gov/Archives/edgar/data/1527469/000152746926000073/ahl-20261005.htm,False,
ATH-PC,2026-10-05 00:00:00,https://www.sec.gov/Archives/edgar/data/1527469/000152746926000073/0001527469-26-000073-index.htm,8-K,8-K,https://www.sec.gov/Archives/edgar/data/1527469/000152746926000073/ahl-20261005.htm,False,
ATH-PB,2026-10-05 00:00:00,https://www.sec.gov/Archives/edgar/data/1527469/000152746926000073/0001527469-26-000073-index.htm,8-K,8-K,https://www.sec.gov/Archives/edgar/data/1527469/000152746926000073/ahl-20261005.htm,False,
ATHS,2026-10-05 00:00:00,https://www.sec.gov/Archives/edgar/data/1527469/000152746926000073/0001527469-26-000073-index.htm,8-K,8-K,https://www.sec.gov/Archives/edgar/data/1527469/000152746926000073/ahl-20261005.htm,False,
ATH-PA,2026-10-05 00:00:00,https://www.sec.gov/Archives/edgar/data/1527469/000152746926000073/0001527469-26-000073-index.htm,8-K,8-K,https://www.sec.gov/Archives/edgar/data/1527469/000152746926000073/ahl-20261005.htm,False,
ATHLV,2026-10-05 00:00:00,https://www.sec.gov/Archives/edgar/data/1527469/000152746926000073/0001527469-26-000073-index.htm,8-K,8-K,https://www.sec.gov/Archives/edgar/data/1527469/000152746926000073/ahl-20261005.htm,False,
ATHLL,2026-10-05 00:00:00,https://www.sec.gov/Archives/edgar/data/1527469/000152746926000073/0001527469-26-000073-index.htm,8-K,8-K,https://www.sec.gov/Archives/edgar/data/1527469/000152746926000073/ahl-20261005.htm,False,
ATH,2026-10-05 00:00:00,https://www.sec.gov/Archives/edgar/data/1527469/000152746926000073/0001527469-26-000073-index.htm,8-K,8-K,https://www.sec.gov/Archives/edgar/data/1527469/000152746926000073/ahl-20261005.htm,False,
HYPG,2026-10-05 00:00:00,https://www.sec.gov/Archives/edgar/data/2107730/000119312526414237/0001193125-26-414237-index.htm,8-K,8-K,https://www.sec.gov/Archives/edgar/data/2107730/000119312526414237/ck0002107730-20260930.htm,True,
HYPG,2026-10-05 00:00:00,https://www.sec.gov/Archives/edgar/data/2107730/000119312526414237/0001193125-26-414237-index.htm,EX-10.1,EX-10.1,https://www.sec.gov/Archives/edgar/data/2107730/000119312526414237/ck0002107730-ex10_1.htm,False,
HYPG,2026-10-05 00:00:00,https://www.sec.gov/Archives/edgar/data/2107730/000119312526414237/0001193125-26-414237-index.htm,EX-10.2,EX-10.2,https://www.sec.gov/Archives/edgar/data/2107730/000119312526414237/ck0002107730-ex10_2.htm,False,
NNBR,2026-10-05 00:00:00,https://www.sec.gov/Archives/edgar/data/918541/000091854126000105/0000918541-26-000105-index.htm,8-K,8-K,https://www.sec.gov/Archives/edgar/data/918541/000091854126000105/nnbr-20261001.htm,True,
NNBR,2026-10-05 00:00:00,https://www.sec.gov/Archives/edgar/data/918541/000091854126000105/0000918541-26-000105-index.htm,EX-10.1,EX-10.1 FORM OF SECURITIES PURCHASE AGREEMENT,https://www.sec.gov/Archives/edgar/data/918541/000091854126000105/formofsecuritiespurchaseag.htm,True,
NNBR,2026-10-05 00:00:00,https://www.sec.gov/Archives/edgar/data/918541/000091854126000105/0000918541-26-000105-index.htm,EX-10.2,EX-10.2 FORM OF REGISTRATION RIGHTS AGREEMENT,https://www.sec.gov/Archives/edgar/data/918541/000091854126000105/formofregistrationrightsag.htm,False,
NNBR,2026-10-05 00:00:00,https://www.sec.gov/Archives/edgar/data/918541/000091854126000105/0000918541-26-000105-index.htm,EX-99.1,EX-99.1 PRESS RELEASE,https://www.sec.gov/Archives/edgar/data/918541/000091854126000105/pressreleasedatedoctober22.htm,True,
VTAK,2026-10-05 00:00:00,https://www.sec.gov/Archives/edgar/data/1716621/000143774926032038/0001437749-26-032038-index.htm,8-K,FORM 8-K,https://www.sec.gov/Archives/edgar/data/1716621/000143774926032038/vjet20261005_8k.htm,False,
VTAK,2026-10-05 00:00:00,https://www.sec.gov/Archives/edgar/data/1716621/000143774926032038/0001437749-26-032038-index.htm,EX-99.1,EXHIBIT 99.1,https://www.sec.gov/Archives/edgar/data/1716621/000143774926032038/ex_1022360.htm,False,
RMED,2026-10-05 00:00:00,https://www.sec.gov/Archives/edgar/data/1716621/000143774926032038/0001437749-26-032038-index.htm,8-K,FORM 8-K,https://www.sec.gov/Archives/edgar/data/1716621/000143774926032038/vjet20261005_8k.htm,False,
RMED,2026-10-05 00:00:00,https://www.sec.gov/Archives/edgar/data/1716621/000143774926032038/0001437749-26-032038-index.htm,EX-99.1,EXHIBIT 99.1,https://www.sec.gov/Archives/edgar/data/1716621/000143774926032038/ex_1022360.htm,False,
ARECW,2026-10-05 00:00:00,https://www.sec.gov/Archives/edgar/data/1590715/000165495426008801/0001654954-26-008801-index.htm,8-K,FORM 8-K,https://www.sec.gov/Archives/edgar/data/1590715/000165495426008801/arec_8k.htm,True,
ARECW,2026-10-05 00:00:00,https://www.sec.gov/Archives/edgar/data/1590715/000165495426008801/0001654954-26-008801-index.htm,EX-10.1,ASSET PURCHASE AGREEMENT,https://www.sec.gov/Archives/edgar/data/1590715/000165495426008801/arec_ex101.htm,False,
AREC,2026-10-05 00:00:00,https://www.sec.gov/Archives/edgar/data/1590715/000165495426008801/0001654954-26-008801-index.htm,8-K,FORM 8-K,https://www.sec.gov/Archives/edgar/data/1590715/000165495426008801/arec_8k.htm,True,
AREC,2026-10-05 00:00:00,https://www.sec.gov/Archives/edgar/data/1590715/000165495426008801/0001654954-26-008801-index.htm,EX-10.1,ASSET PURCHASE AGREEMENT,https://www.sec.gov/Archives/edgar/data/1590715/000165495426008801/arec_ex101.htm,False,
APO,2026-10-05 00:00:00,https://www.sec.gov/Archives/edgar/data/1858681/000185868126000054/0001858681-26-000054-index.htm,8-K,8-K,https://www.sec.gov/Archives/edgar/data/1858681/000185868126000054/apo-20261005.htm,False,
APOS,2026-10-05 00:00:00,https://www.sec.gov/Archives/edgar/data/1858681/000185868126000054/0001858681-26-000054-index.htm,8-K,8-K,https://www.sec.gov/Archives/edgar/data/1858681/000185868126000054/apo-20261005.htm,False,
APO-PA,2026-10-05 00:00:00,https://www.sec.gov/Archives/edgar/data/1858681/000185868126000054/0001858681-26-000054-index.htm,8-K,8-K,https://www.sec.gov/Archives/edgar/data/1858681/000185868126000054/apo-20261005.htm,False,
FLNT,2026-10-05 00:00:00,https://www.sec.gov/Archives/edgar/data/1460329/000143774926032037/0001437749-26-032037-index.htm,8-K,FORM 8-K,https://www.sec.gov/Archives/edgar/data/1460329/000143774926032037/flnt20261004_8k.htm,True,
SEDG,2026-10-05 00:00:00,https://www.sec.gov/Archives/edgar/data/1419612/000117891326004710/0001178913-26-004710-index.htm,8-K,8-K,https://www.sec.gov/Archives/edgar/data/1419612/000117891326004710/zk2636192.htm,False,
GIPR,2026-10-05 00:00:00,https://www.sec.gov/Archives/edgar/data/1651721/000119312526414221/0001193125-26-414221-index.htm,8-K,8-K,https://www.sec.gov/Archives/edgar/data/1651721/000119312526414221/gipr-20261002.htm,True,
GIPR,2026-10-05 00:00:00,https://www.sec.gov/Archives/edgar/data/1651721/000119312526414221/0001193125-26-414221-index.htm,EX-10.1,EX-10.1,https://www.sec.gov/Archives/edgar/data/1651721/000119312526414221/gipr-ex10_1.htm,False,
GIPRW,2026-10-05 00:00:00,https://www.sec.gov/Archives/edgar/data/1651721/000119312526414221/0001193125-26-414221-index.htm,8-K,8-K,https://www.sec.gov/Archives/edgar/data/1651721/000119312526414221/gipr-20261002.htm,True,
GIPRW,2026-10-05 00:00:00,https://www.sec.gov/Archives/edgar/data/1651721/000119312526414221/0001193125-26-414221-index.htm,EX-10.1,EX-10.1,https://www.sec.gov/Archives/edgar/data/1651721/000119312526414221/gipr-ex10_1.htm,False,
None,2026-10-05 00:00:00,https://www.sec.gov/Archives/edgar/data/2148436/000118518526004580/0001185185-26-004580-index.htm,8-K,FORM 8-K,https://www.sec.gov/Archives/edgar/data/2148436/000118518526004580/southacq28k100226.htm,True,
None,2026-10-05 00:00:00,https://www.sec.gov/Archives/edgar/data/2148436/000118518526004580/0001185185-26-004580-index.htm,EX-10.1,EXHIBIT 10.1,https://www.sec.gov/Archives/edgar/data/2148436/000118518526004580/southacq2ex10-1.htm,False,
None,2026-10-05 00:00:00,https://www.sec.gov/Archives/edgar/data/2148436/000118518526004580/0001185185-26-004580-index.htm,EX-10.2,EXHIBIT 10.2,https://www.sec.gov/Archives/edgar/data/2148436/000118518526004580/southacq2ex10-2.htm,False,
None,2026-10-05 00:00:00,https://www.sec.gov/Archives/edgar/data/2148436/000118518526004580/0001185185-26-004580-index.htm,EX-99.1,EXHIBIT 99.1,https://www.sec.gov/Archives/edgar/data/2148436/000118518526004580/southacq2ex99-1.htm,False,
GTAO,2026-10-05 00:00:00,https://www.sec.gov/Archives/edgar/data/2029297/000119312526414207/0001193125-26-414207-index.htm,8-K,8-K,https://www.sec.gov/Archives/edgar/data/2029297/000119312526414207/gtao-20260930.htm,True,
GTAO,2026-10-05 00:00:00,https://www.sec.gov/Archives/edgar/data/2029297/000119312526414207/0001193125-26-414207-index.htm,EX-10.1,EX-10.1,https://www.sec.gov/Archives/edgar/data/2029297/000119312526414207/gtao-ex10_1.htm,False,
GTAO,2026-10-05 00:00:00,https://www.sec.gov/Archives/edgar/data/2029297/000119312526414207/0001193125-26-414207-index.htm,EX-10.2,EX-10.2,https://www.sec.gov/Archives/edgar/data/2029297/000119312526414207/gtao-ex10_2.htm,False,
MSDL,2026-10-05 00:00:00,https://www.sec.gov/Archives/edgar/data/1782524/000119312526414170/0001193125-26-414170-index.htm,8-K,8-K,https://www.sec.gov/Archives/edgar/data/1782524/000119312526414170/msdl-20261005.htm,False,
MSDL,2026-10-05 00:00:00,https://www.sec.gov/Archives/edgar/data/1782524/000119312526414170/0001193125-26-414170-index.htm,EX-99.1,3Q25 EARNINGS RELEASE AND CONFERENCE CALL,https://www.sec.gov/Archives/edgar/data/1782524/000119312526414170/msdl-ex99_1.htm,False,
ATER,2026-10-05 00:00:00,https://www.sec.gov/Archives/edgar/data/1757715/000143774926032036/0001437749-26-032036-index.htm,8-K,FORM 8-K,https://www.sec.gov/Archives/edgar/data/1757715/000143774926032036/ater20261002_8k.htm,False,
ATER,2026-10-05 00:00:00,https://www.sec.gov/Archives/edgar/data/1757715/000143774926032036/0001437749-26-032036-index.htm,EX-10.1,EXHIBIT 10.1,https://www.sec.gov/Archives/edgar/data/1757715/000143774926032036/ex_1021725.htm,False,
CCSI,2026-10-05 00:00:00,https://www.sec.gov/Archives/edgar/data/1866633/000186663326000019/0001866633-26-000019-index.htm,8-K,8-K,https://www.sec.gov/Archives/edgar/data/1866633/000186663326000019/ccs-20260930.htm,True,
LMAOW,2026-10-05 00:00:00,https://www.sec.gov/Archives/edgar/data/1831868/000143774926032035/0001437749-26-032035-index.htm,8-K,FORM 8-K,https://www.sec.gov/Archives/edgar/data/1831868/000143774926032035/icu20261003c_8k.htm,True,
LMAOW,2026-10-05 00:00:00,https://www.sec.gov/Archives/edgar/data/1831868/000143774926032035/0001437749-26-032035-index.htm,EX-10.1,"FORM OF LETTER AGREEMENT, BETWEEN THE COMPANY AND THE HOLDERS SIGNATORY THERETO",https://www.sec.gov/Archives/edgar/data/1831868/000143774926032035/ex_1022012.htm,False,
LMAOW,2026-10-05 00:00:00,https://www.sec.gov/Archives/edgar/data/1831868/000143774926032035/0001437749-26-032035-index.htm,EX-99.1,"PRESS RELEASE, DATED OCTOBER 5, 2026",https://www.sec.gov/Archives/edgar/data/1831868/000143774926032035/ex_1022013.htm,False,
ICUCW,2026-10-05 00:00:00,https://www.sec.gov/Archives/edgar/data/1831868/000143774926032035/0001437749-26-032035-index.htm,8-K,FORM 8-K,https://www.sec.gov/Archives/edgar/data/1831868/000143774926032035/icu20261003c_8k.htm,True,
ICUCW,2026-10-05 00:00:00,https://www.sec.gov/Archives/edgar/data/1831868/000143774926032035/0001437749-26-032035-index.htm,EX-10.1,"FORM OF LETTER AGREEMENT, BETWEEN THE COMPANY AND THE HOLDERS SIGNATORY THERETO",https://www.sec.gov/Archives/edgar/data/1831868/000143774926032035/ex_1022012.htm,False,
ICUCW,2026-10-05 00:00:00,https://www.sec.gov/Archives/edgar/data/1831868/000143774926032035/0001437749-26-032035-index.htm,EX-99.1,"PRESS RELEASE, DATED OCTOBER 5, 2026",https://www.sec.gov/Archives/edgar/data/1831868/000143774926032035/ex_1022013.htm,False,
ICU,2026-10-05 00:00:00,https://www.sec.gov/Archives/edgar/data/1831868/000143774926032035/0001437749-26-032035-index.htm,8-K,FORM 8-K,https://www.sec.gov/Archives/edgar/data/1831868/000143774926032035/icu20261003c_8k.htm,True,
ICU,2026-10-05 00:00:00,https://www.sec.gov/Archives/edgar/data/1831868/000143774926032035/0001437749-26-032035-index.htm,EX-10.1,"FORM OF LETTER AGREEMENT, BETWEEN THE COMPANY AND THE HOLDERS SIGNATORY THERETO",https://www.sec.gov/Archives/edgar/data/1831868/000143774926032035/ex_1022012.htm,False,
ICU,2026-10-05 00:00:00,https://www.sec.gov/Archives/edgar/data/1831868/000143774926032035/0001437749-26-032035-index.htm,EX-99.1,"PRESS RELEASE, DATED OCTOBER 5, 2026",https://www.sec.gov/Archives/edgar/data/1831868/000143774926032035/ex_1022013.htm,False,
LMAO,2026-10-05 00:00:00,https://www.sec.gov/Archives/edgar/data/1831868/000143774926032035/0001437749-26-032035-index.htm,8-K,FORM 8-K,https://www.sec.gov/Archives/edgar/data/1831868/000143774926032035/icu20261003c_8k.htm,True,
LMAO,2026-10-05 00:00:00,https://www.sec.gov/Archives/edgar/data/1831868/000143774926032035/0001437749-26-032035-index.htm,EX-10.1,"FORM OF LETTER AGREEMENT, BETWEEN THE COMPANY AND THE HOLDERS SIGNATORY THERETO",https://www.sec.gov/Archives/edgar/data/1831868/000143774926032035/ex_1022012.htm,False,
LMAO,2026-10-05 00:00:00,https://www.sec.gov/Archives/edgar/data/1831868/000143774926032035/0001437749-26-032035-index.htm,EX-99.1,"PRESS RELEASE, DATED OCTOBER 5, 2026",https://www.sec.gov/Archives/edgar/data/1831868/000143774926032035/ex_1022013.htm,False,
LMAOU,2026-10-05 00:00:00,https://www.sec.gov/Archives/edgar/data/1831868/000143774926032035/0001437749-26-032035-index.htm,8-K,FORM 8-K,https://www.sec.gov/Archives/edgar/data/1831868/000143774926032035/icu20261003c_8k.htm,True,
LMAOU,2026-10-05 00:00:00,https://www.sec.gov/Archives/edgar/data/1831868/000143774926032035/0001437749-26-032035-index.htm,EX-10.1,"FORM OF LETTER AGREEMENT, BETWEEN THE COMPANY AND THE HOLDERS SIGNATORY THERETO",https://www.sec.gov/Archives/edgar/data/1831868/000143774926032035/ex_1022012.htm,False,
LMAOU,2026-10-05 00:00:00,https://www.sec.gov/Archives/edgar/data/1831868/000143774926032035/0001437749-26-032035-index.htm,EX-99.1,"PRESS RELEASE, DATED OCTOBER 5, 2026",https://www.sec.gov/Archives/edgar/data/1831868/000143774926032035/ex_1022013.htm,False,
PINS,2026-10-05 00:00:00,https://www.sec.gov/Archives/edgar/data/1506293/000150629326000139/0001506293-26-000139-index.htm,8-K,8-K,https://www.sec.gov/Archives/edgar/data/1506293/000150629326000139/pins-20261001.htm,False,
PINS,2026-10-05 00:00:00,https://www.sec.gov/Archives/edgar/data/1506293/000150629326000139/0001506293-26-000139-index.htm,EX-10.1,EX-10.1,https://www.sec.gov/Archives/edgar/data/1506293/000150629326000139/cfo_offerxletterx-xsigne.htm,False,
PINS,2026-10-05 00:00:00,https://www.sec.gov/Archives/edgar/data/1506293/000150629326000139/0001506293-26-000139-index.htm,EX-99.1,EX-99.1,https://www.sec.gov/Archives/edgar/data/1506293/000150629326000139/pinterestpressrelease202.htm,False,
None,2026-10-05 00:00:00,https://www.sec.gov/Archives/edgar/data/1944366/000194436626000085/0001944366-26-000085-index.htm,8-K,8-K,https://www.sec.gov/Archives/edgar/data/1944366/000194436626000085/osnl-20260921.htm,False,
BG,2026-10-05 00:00:00,https://www.sec.gov/Archives/edgar/data/1996862/000162828026064933/0001628280-26-064933-index.htm,8-K,8-K,https://www.sec.gov/Archives/edgar/data/1996862/000162828026064933/bg-20261005.htm,False,
HTB,2026-10-05 00:00:00,https://www.sec.gov/Archives/edgar/data/1538263/000153826326000111/0001538263-26-000111-index.htm,8-K,8-K,https://www.sec.gov/Archives/edgar/data/1538263/000153826326000111/htbi-20261002.htm,False,
HTB,2026-10-05 00:00:00,https://www.sec.gov/Archives/edgar/data/1538263/000153826326000111/0001538263-26-000111-index.htm,EX-99.1,EX-99.1,https://www.sec.gov/Archives/edgar/data/1538263/000153826326000111/a2026-10x05xhtbxex991.htm,False,
HTBI,2026-10-05 00:00:00,https://www.sec.gov/Archives/edgar/data/1538263/000153826326000111/0001538263-26-000111-index.htm,8-K,8-K,https://www.sec.gov/Archives/edgar/data/1538263/000153826326000111/htbi-20261002.htm,False,
HTBI,2026-10-05 00:00:00,https://www.sec.gov/Archives/edgar/data/1538263/000153826326000111/0001538263-26-000111-index.htm,EX-99.1,EX-99.1,https://www.sec.gov/Archives/edgar/data/1538263/000153826326000111/a2026-10x05xhtbxex991.htm,False,
BSTT,2026-10-05 00:00:00,https://www.sec.gov/Archives/edgar/data/1662972/000166297226000140/0001662972-26-000140-index.htm,8-K,8-K,https://www.sec.gov/Archives/edgar/data/1662972/000166297226000140/breit-20261001.htm,False,
XRN,2026-10-05 00:00:00,https://www.sec.gov/Archives/edgar/data/1533615/000153361526000004/0001533615-26-000004-index.htm,8-K,8-K,https://www.sec.gov/Archives/edgar/data/1533615/000153361526000004/xrn-20261001.htm,False,
GMRE-PB,2026-10-05 00:00:00,https://www.sec.gov/Archives/edgar/data/1533615/000153361526000004/0001533615-26-000004-index.htm,8-K,8-K,https://www.sec.gov/Archives/edgar/data/1533615/000153361526000004/xrn-20261001.htm,False,
GMRE-PA,2026-10-05 00:00:00,https://www.sec.gov/Archives/edgar/data/1533615/000153361526000004/0001533615-26-000004-index.htm,8-K,8-K,https://www.sec.gov/Archives/edgar/data/1533615/000153361526000004/xrn-20261001.htm,False,
GMRE,2026-10-05 00:00:00,https://www.sec.gov/Archives/edgar/data/1533615/000153361526000004/0001533615-26-000004-index.htm,8-K,8-K,https://www.sec.gov/Archives/edgar/data/1533615/000153361526000004/xrn-20261001.htm,False,
LAB,2026-10-05 00:00:00,https://www.sec.gov/Archives/edgar/data/1162194/000114036126038624/0001140361-26-038624-index.htm,8-K,8-K,https://www.sec.gov/Archives/edgar/data/1162194/000114036126038624/ef20083295_8k.htm,False,
LAB,2026-10-05 00:00:00,https://www.sec.gov/Archives/edgar/data/1162194/000114036126038624/0001140361-26-038624-index.htm,EX-99.1,EXHIBIT 99.1,https://www.sec.gov/Archives/edgar/data/1162194/000114036126038624/ef20083295_ex99-1.htm,False,
FLDM,2026-10-05 00:00:00,https://www.sec.gov/Archives/edgar/data/1162194/000114036126038624/0001140361-26-038624-index.htm,8-K,8-K,https://www.sec.gov/Archives/edgar/data/1162194/000114036126038624/ef20083295_8k.htm,False,
FLDM,2026-10-05 00:00:00,https://www.sec.gov/Archives/edgar/data/1162194/000114036126038624/0001140361-26-038624-index.htm,EX-99.1,EXHIBIT 99.1,https://www.sec.gov/Archives/edgar/data/1162194/000114036126038624/ef20083295_ex99-1.htm,False,
WBTN,2026-10-05 00:00:00,https://www.sec.gov/Archives/edgar/data/1997859/000199785926000092/0001997859-26-000092-index.htm,8-K,8-K,https://www.sec.gov/Archives/edgar/data/1997859/000199785926000092/wbtn-20260930.htm,False,
WBTN,2026-10-05 00:00:00,https://www.sec.gov/Archives/edgar/data/1997859/000199785926000092/0001997859-26-000092-index.htm,EX-10.1,EX-10.1,https://www.sec.gov/Archives/edgar/data/1997859/000199785926000092/junkooamendedemploymentagr.htm,False,
WBTN,2026-10-05 00:00:00,https://www.sec.gov/Archives/edgar/data/1997859/000199785926000092/0001997859-26-000092-index.htm,EX-99.1,EX-99.1,https://www.sec.gov/Archives/edgar/data/1997859/000199785926000092/final_pressreleasexmca.htm,False,
GPMT-PA,2026-10-05 00:00:00,https://www.sec.gov/Archives/edgar/data/1703644/000170364426000038/0001703644-26-000038-index.htm,8-K,8-K,https://www.sec.gov/Archives/edgar/data/1703644/000170364426000038/gpmt-20260930.htm,True,
GPMT-PA,2026-10-05 00:00:00,https://www.sec.gov/Archives/edgar/data/1703644/000170364426000038/0001703644-26-000038-index.htm,EX-10.1,EX-10.1,https://www.sec.gov/Archives/edgar/data/1703644/000170364426000038/exhibit101-jpmxgranitepoin.htm,False,
GPMT-PA,2026-10-05 00:00:00,https://www.sec.gov/Archives/edgar/data/1703644/000170364426000038/0001703644-26-000038-index.htm,EX-10.2,EX-10.2,https://www.sec.gov/Archives/edgar/data/1703644/000170364426000038/exhibit102-jpmxgranitepoin.htm,False,
GPMT,2026-10-05 00:00:00,https://www.sec.gov/Archives/edgar/data/1703644/000170364426000038/0001703644-26-000038-index.htm,8-K,8-K,https://www.sec.gov/Archives/edgar/data/1703644/000170364426000038/gpmt-20260930.htm,True,
GPMT,2026-10-05 00:00:00,https://www.sec.gov/Archives/edgar/data/1703644/000170364426000038/0001703644-26-000038-index.htm,EX-10.1,EX-10.1,https://www.sec.gov/Archives/edgar/data/1703644/000170364426000038/exhibit101-jpmxgranitepoin.htm,False,
GPMT,2026-10-05 00:00:00,https://www.sec.gov/Archives/edgar/data/1703644/000170364426000038/0001703644-26-000038-index.htm,EX-10.2,EX-10.2,https://www.sec.gov/Archives/edgar/data/1703644/000170364426000038/exhibit102-jpmxgranitepoin.htm,False,
SKY,2026-10-05 00:00:00,https://www.sec.gov/Archives/edgar/data/90896/000119312526414136/0001193125-26-414136-index.htm,8-K,8-K,https://www.sec.gov/Archives/edgar/data/90896/000119312526414136/sky-20261005.htm,False,
SKY,2026-10-05 00:00:00,https://www.sec.gov/Archives/edgar/data/90896/000119312526414136/0001193125-26-414136-index.htm,EX-99.1,EX-99.1,https://www.sec.gov/Archives/edgar/data/90896/000119312526414136/sky-ex99_1.htm,False,
BNL,2026-10-05 00:00:00,https://www.sec.gov/Archives/edgar/data/1424182/000142418226000075/0001424182-26-000075-index.htm,8-K,8-K,https://www.sec.gov/Archives/edgar/data/1424182/000142418226000075/bnl-20261005.htm,False,
BNL,2026-10-05 00:00:00,https://www.sec.gov/Archives/edgar/data/1424182/000142418226000075/0001424182-26-000075-index.htm,EX-99.1,EX-99.1,https://www.sec.gov/Archives/edgar/data/1424182/000142418226000075/q32026erannouncementpressr.htm,False,
FGSN,2026-10-05 00:00:00,https://www.sec.gov/Archives/edgar/data/1934850/000193485026000095/0001934850-26-000095-index.htm,8-K,8-K,https://www.sec.gov/Archives/edgar/data/1934850/000193485026000095/fg-20261005.htm,False,
FG,2026-10-05 00:00:00,https://www.sec.gov/Archives/edgar/data/1934850/000193485026000095/0001934850-26-000095-index.htm,8-K,8-K,https://www.sec.gov/Archives/edgar/data/1934850/000193485026000095/fg-20261005.htm,False,
FGN,2026-10-05 00:00:00,https://www.sec.gov/Archives/edgar/data/1934850/000193485026000095/0001934850-26-000095-index.htm,8-K,8-K,https://www.sec.gov/Archives/edgar/data/1934850/000193485026000095/fg-20261005.htm,False,
LFVN,2026-10-05 00:00:00,https://www.sec.gov/Archives/edgar/data/849146/000119312526414122/0001193125-26-414122-index.htm,8-K,8-K,https://www.sec.gov/Archives/edgar/data/849146/000119312526414122/lfvn-20260929.htm,False,
None,2026-10-05 00:00:00,https://www.sec.gov/Archives/edgar/data/2049595/000119312526414121/0001193125-26-414121-index.htm,8-K,8-K,https://www.sec.gov/Archives/edgar/data/2049595/000119312526414121/ck0002049595-20261005.htm,False,
KRRO,2026-10-05 00:00:00,https://www.sec.gov/Archives/edgar/data/1703647/000119312526414118/0001193125-26-414118-index.htm,8-K,8-K,https://www.sec.gov/Archives/edgar/data/1703647/000119312526414118/krro-20261005.htm,False,
KRRO,2026-10-05 00:00:00,https://www.sec.gov/Archives/edgar/data/1703647/000119312526414118/0001193125-26-414118-index.htm,EX-99.1,EX-99.1,https://www.sec.gov/Archives/edgar/data/1703647/000119312526414118/krro-ex99_1.htm,False,
FREQ,2026-10-05 00:00:00,https://www.sec.gov/Archives/edgar/data/1703647/000119312526414118/0001193125-26-414118-index.htm,8-K,8-K,https://www.sec.gov/Archives/edgar/data/1703647/000119312526414118/krro-20261005.htm,False,
FREQ,2026-10-05 00:00:00,https://www.sec.gov/Archives/edgar/data/1703647/000119312526414118/0001193125-26-414118-index.htm,EX-99.1,EX-99.1,https://www.sec.gov/Archives/edgar/data/1703647/000119312526414118/krro-ex99_1.htm,False,
CPB,2026-10-05 00:00:00,https://www.sec.gov/Archives/edgar/data/16732/000119312526414113/0001193125-26-414113-index.htm,8-K,8-K,https://www.sec.gov/Archives/edgar/data/16732/000119312526414113/d147487d8k.htm,False,
NEO,2026-10-05 00:00:00,https://www.sec.gov/Archives/edgar/data/1077183/000107718326000069/0001077183-26-000069-index.htm,8-K,8-K,https://www.sec.gov/Archives/edgar/data/1077183/000107718326000069/neo-20261005.htm,False,
NEO,2026-10-05 00:00:00,https://www.sec.gov/Archives/edgar/data/1077183/000107718326000069/0001077183-26-000069-index.htm,EX-99.1,EX-99.1,https://www.sec.gov/Archives/edgar/data/1077183/000107718326000069/exhibit991-pressrelease.htm,False,
ABBV,2026-10-05 00:00:00,https://www.sec.gov/Archives/edgar/data/1551152/000155115226000030/0001551152-26-000030-index.htm,8-K,8-K,https://www.sec.gov/Archives/edgar/data/1551152/000155115226000030/abbv-20261005.htm,False,
ABBV,2026-10-05 00:00:00,https://www.sec.gov/Archives/edgar/data/1551152/000155115226000030/0001551152-26-000030-index.htm,EX-99.1,EX-99.1,https://www.sec.gov/Archives/edgar/data/1551152/000155115226000030/abbv-20260930nonxgaapxex991.htm,False,
SBMT,2026-10-05 00:00:00,https://www.sec.gov/Archives/edgar/data/2067674/000153949726002642/0001539497-26-002642-index.htm,8-K,8-K,https://www.sec.gov/Archives/edgar/data/2067674/000153949726002642/n5138_x41-8k.htm,False,
SERV,2026-10-05 00:00:00,https://www.sec.gov/Archives/edgar/data/1832483/000183248326000040/0001832483-26-000040-index.htm,8-K,8-K,https://www.sec.gov/Archives/edgar/data/1832483/000183248326000040/serv-20261005.htm,False,
SERV,2026-10-05 00:00:00,https://www.sec.gov/Archives/edgar/data/1832483/000183248326000040/0001832483-26-000040-index.htm,EX-99.1,EX-99.1,https://www.sec.gov/Archives/edgar/data/1832483/000183248326000040/serve_investorxdeckx05oc.htm,False,
LCID,2026-10-05 00:00:00,https://www.sec.gov/Archives/edgar/data/1811210/000162828026064910/0001628280-26-064910-index.htm,8-K,8-K,https://www.sec.gov/Archives/edgar/data/1811210/000162828026064910/lcid-20261005.htm,False,
LCID,2026-10-05 00:00:00,https://www.sec.gov/Archives/edgar/data/1811210/000162828026064910/0001628280-26-064910-index.htm,EX-99.1,EX-99.1,https://www.sec.gov/Archives/edgar/data/1811210/000162828026064910/q3fy26ex991-productionandd.htm,False,
CCIV,2026-10-05 00:00:00,https://www.sec.gov/Archives/edgar/data/1811210/000162828026064910/0001628280-26-064910-index.htm,8-K,8-K,https://www.sec.gov/Archives/edgar/data/1811210/000162828026064910/lcid-20261005.htm,False,
CCIV,2026-10-05 00:00:00,https://www.sec.gov/Archives/edgar/data/1811210/000162828026064910/0001628280-26-064910-index.htm,EX-99.1,EX-99.1,https://www.sec.gov/Archives/edgar/data/1811210/000162828026064910/q3fy26ex991-productionandd.htm,False,
AFJK,2026-10-05 00:00:00,https://www.sec.gov/Archives/edgar/data/1979005/000149315226045745/0001493152-26-045745-index.htm,8-K,8-K,https://www.sec.gov/Archives/edgar/data/1979005/000149315226045745/form8-k.htm,False,
AFJK,2026-10-05 00:00:00,https://www.sec.gov/Archives/edgar/data/1979005/000149315226045745/0001493152-26-045745-index.htm,EX-10.1,EX-10.1,https://www.sec.gov/Archives/edgar/data/1979005/000149315226045745/ex10-1.htm,False,
AFJKR,2026-10-05 00:00:00,https://www.sec.gov/Archives/edgar/data/1979005/000149315226045745/0001493152-26-045745-index.htm,8-K,8-K,https://www.sec.gov/Archives/edgar/data/1979005/000149315226045745/form8-k.htm,False,
AFJKR,2026-10-05 00:00:00,https://www.sec.gov/Archives/edgar/data/1979005/000149315226045745/0001493152-26-045745-index.htm,EX-10.1,EX-10.1,https://www.sec.gov/Archives/edgar/data/1979005/000149315226045745/ex10-1.htm,False,
AFJKU,2026-10-05 00:00:00,https://www.sec.gov/Archives/edgar/data/1979005/000149315226045745/0001493152-26-045745-index.htm,8-K,8-K,https://www.sec.gov/Archives/edgar/data/1979005/000149315226045745/form8-k.htm,False,
AFJKU,2026-10-05 00:00:00,https://www.sec.gov/Archives/edgar/data/1979005/000149315226045745/0001493152-26-045745-index.htm,EX-10.1,EX-10.1,https://www.sec.gov/Archives/edgar/data/1979005/000149315226045745/ex10-1.htm,False,
VMCAU,2026-10-05 00:00:00,https://www.sec.gov/Archives/edgar/data/1892747/000149315226045744/0001493152-26-045744-index.htm,8-K,8-K,https://www.sec.gov/Archives/edgar/data/1892747/000149315226045744/form8-k.htm,False,
VMCAW,2026-10-05 00:00:00,https://www.sec.gov/Archives/edgar/data/1892747/000149315226045744/0001493152-26-045744-index.htm,8-K,8-K,https://www.sec.gov/Archives/edgar/data/1892747/000149315226045744/form8-k.htm,False,
OFAL,2026-10-05 00:00:00,https://www.sec.gov/Archives/edgar/data/2036307/000149315226045748/0001493152-26-045748-index.htm,8-K,8-K,https://www.sec.gov/Archives/edgar/data/2036307/000149315226045748/form8-k.htm,False,
OFAL,2026-10-05 00:00:00,https://www.sec.gov/Archives/edgar/data/2036307/000149315226045748/0001493152-26-045748-index.htm,EX-10.1,EX-10.1,https://www.sec.gov/Archives/edgar/data/2036307/000149315226045748/ex10-1.htm,False,
VMCA,2026-10-05 00:00:00,https://www.sec.gov/Archives/edgar/data/1892747/000149315226045744/0001493152-26-045744-index.htm,8-K,8-K,https://www.sec.gov/Archives/edgar/data/1892747/000149315226045744/form8-k.htm,False,
NSLR,2026-10-05 00:00:00,https://www.sec.gov/Archives/edgar/data/1509470/000149315226045747/0001493152-26-045747-index.htm,8-K,8-K,https://www.sec.gov/Archives/edgar/data/1509470/000149315226045747/form8-k.htm,False,
NSLR,2026-10-05 00:00:00,https://www.sec.gov/Archives/edgar/data/1509470/000149315226045747/0001493152-26-045747-index.htm,EX-99.1,EX-99.1,https://www.sec.gov/Archives/edgar/data/1509470/000149315226045747/ex99-1.htm,False,
SSSS,2026-10-05 00:00:00,https://www.sec.gov/Archives/edgar/data/1509470/000149315226045747/0001493152-26-045747-index.htm,8-K,8-K,https://www.sec.gov/Archives/edgar/data/1509470/000149315226045747/form8-k.htm,False,
SSSS,2026-10-05 00:00:00,https://www.sec.gov/Archives/edgar/data/1509470/000149315226045747/0001493152-26-045747-index.htm,EX-99.1,EX-99.1,https://www.sec.gov/Archives/edgar/data/1509470/000149315226045747/ex99-1.htm,False,
SSSSL,2026-10-05 00:00:00,https://www.sec.gov/Archives/edgar/data/1509470/000149315226045747/0001493152-26-045747-index.htm,8-K,8-K,https://www.sec.gov/Archives/edgar/data/1509470/000149315226045747/form8-k.htm,False,
SSSSL,2026-10-05 00:00:00,https://www.sec.gov/Archives/edgar/data/1509470/000149315226045747/0001493152-26-045747-index.htm,EX-99.1,EX-99.1,https://www.sec.gov/Archives/edgar/data/1509470/000149315226045747/ex99-1.htm,False,
XRPNW,2026-10-05 00:00:00,https://www.sec.gov/Archives/edgar/data/2044009/000119312526414087/0001193125-26-414087-index.htm,8-K,8-K,https://www.sec.gov/Archives/edgar/data/2044009/000119312526414087/d341866d8k.htm,True,
XRPNU,2026-10-05 00:00:00,https://www.sec.gov/Archives/edgar/data/2044009/000119312526414087/0001193125-26-414087-index.htm,8-K,8-K,https://www.sec.gov/Archives/edgar/data/2044009/000119312526414087/d341866d8k.htm,True,
XRPN,2026-10-05 00:00:00,https://www.sec.gov/Archives/edgar/data/2044009/000119312526414087/0001193125-26-414087-index.htm,8-K,8-K,https://www.sec.gov/Archives/edgar/data/2044009/000119312526414087/d341866d8k.htm,True,
SBEV,2026-10-05 00:00:00,https://www.sec.gov/Archives/edgar/data/1553788/000173112226001312/0001731122-26-001312-index.htm,8-K,FORM 8-K,https://www.sec.gov/Archives/edgar/data/1553788/000173112226001312/e7991_8k.htm,False,
SBEV,2026-10-05 00:00:00,https://www.sec.gov/Archives/edgar/data/1553788/000173112226001312/0001731122-26-001312-index.htm,EX-99.1,EXHIBIT 99.1,https://www.sec.gov/Archives/edgar/data/1553788/000173112226001312/e7991_ex99-1.htm,False,
SBEV-WT,2026-10-05 00:00:00,https://www.sec.gov/Archives/edgar/data/1553788/000173112226001312/0001731122-26-001312-index.htm,8-K,FORM 8-K,https://www.sec.gov/Archives/edgar/data/1553788/000173112226001312/e7991_8k.htm,False,
SBEV-WT,2026-10-05 00:00:00,https://www.sec.gov/Archives/edgar/data/1553788/000173112226001312/0001731122-26-001312-index.htm,EX-99.1,EXHIBIT 99.1,https://www.sec.gov/Archives/edgar/data/1553788/000173112226001312/e7991_ex99-1.htm,False,
PEBO,2026-10-05 00:00:00,https://www.sec.gov/Archives/edgar/data/318300/000031830026000227/0000318300-26-000227-index.htm,8-K,8-K,https://www.sec.gov/Archives/edgar/data/318300/000031830026000227/pebo-20261005.htm,False,
PEBO,2026-10-05 00:00:00,https://www.sec.gov/Archives/edgar/data/318300/000031830026000227/0000318300-26-000227-index.htm,EX-99.1,EX-99.1,https://www.sec.gov/Archives/edgar/data/318300/000031830026000227/ex991conferencecallcapital.htm,False,
PRPL,2026-10-05 00:00:00,https://www.sec.gov/Archives/edgar/data/1643953/000121390026106812/0001213900-26-106812-index.htm,8-K,CURRENT REPORT,https://www.sec.gov/Archives/edgar/data/1643953/000121390026106812/ea0307738-8k_purple.htm,False,
None,2026-10-05 00:00:00,https://www.sec.gov/Archives/edgar/data/2035428/000203542826000064/0002035428-26-000064-index.htm,8-K,8-K,https://www.sec.gov/Archives/edgar/data/2035428/000203542826000064/fbred-20261001.htm,False,
None,2026-10-05 00:00:00,https://www.sec.gov/Archives/edgar/data/1916099/000119312526414045/0001193125-26-414045-index.htm,8-K,8-K,https://www.sec.gov/Archives/edgar/data/1916099/000119312526414045/ck0001916099-20260930.htm,False,
LCGMF,2026-10-05 00:00:00,https://www.sec.gov/Archives/edgar/data/1339688/000106299326005180/0001062993-26-005180-index.htm,8-K,FORM 8-K,https://www.sec.gov/Archives/edgar/data/1339688/000106299326005180/form8k.htm,False,
LCGMF,2026-10-05 00:00:00,https://www.sec.gov/Archives/edgar/data/1339688/000106299326005180/0001062993-26-005180-index.htm,EX-99.1,EXHIBIT 99.1,https://www.sec.gov/Archives/edgar/data/1339688/000106299326005180/exhibit99-1.htm,False,
QTRRF,2026-10-05 00:00:00,https://www.sec.gov/Archives/edgar/data/1339688/000106299326005180/0001062993-26-005180-index.htm,8-K,FORM 8-K,https://www.sec.gov/Archives/edgar/data/1339688/000106299326005180/form8k.htm,False,
QTRRF,2026-10-05 00:00:00,https://www.sec.gov/Archives/edgar/data/1339688/000106299326005180/0001062993-26-005180-index.htm,EX-99.1,EXHIBIT 99.1,https://www.sec.gov/Archives/edgar/data/1339688/000106299326005180/exhibit99-1.htm,False,
None,2026-10-05 00:00:00,https://www.sec.gov/Archives/edgar/data/61339/000119312526414025/0001193125-26-414025-index.htm,8-K,8-K,https://www.sec.gov/Archives/edgar/data/61339/000119312526414025/mgee-20261001.htm,True,
None,2026-10-05 00:00:00,https://www.sec.gov/Archives/edgar/data/61339/000119312526414025/0001193125-26-414025-index.htm,EX-10.1,EX-10.1,https://www.sec.gov/Archives/edgar/data/61339/000119312526414025/mgee-ex10_1.htm,True,
None,2026-10-05 00:00:00,https://www.sec.gov/Archives/edgar/data/61339/000119312526414025/0001193125-26-414025-index.htm,EX-10.2,EX-10.2,https://www.sec.gov/Archives/edgar/data/61339/000119312526414025/mgee-ex10_2.htm,True,
MGEE,2026-10-05 00:00:00,https://www.sec.gov/Archives/edgar/data/1161728/000119312526414025/0001193125-26-414025-index.htm,8-K,8-K,https://www.sec.gov/Archives/edgar/data/61339/000119312526414025/mgee-20261001.htm,True,
MGEE,2026-10-05 00:00:00,https://www.sec.gov/Archives/edgar/data/1161728/000119312526414025/0001193125-26-414025-index.htm,EX-10.1,EX-10.1,https://www.sec.gov/Archives/edgar/data/61339/000119312526414025/mgee-ex10_1.htm,True,
MGEE,2026-10-05 00:00:00,https://www.sec.gov/Archives/edgar/data/1161728/000119312526414025/0001193125-26-414025-index.htm,EX-10.2,EX-10.2,https://www.sec.gov/Archives/edgar/data/61339/000119312526414025/mgee-ex10_2.htm,True,
None,2026-10-05 00:00:00,https://www.sec.gov/Archives/edgar/data/1890107/000119312526414009/0001193125-26-414009-index.htm,8-K,8-K,https://www.sec.gov/Archives/edgar/data/1890107/000119312526414009/d98412d8k.htm,True,
None,2026-10-05 00:00:00,https://www.sec.gov/Archives/edgar/data/1890107/000119312526414009/0001193125-26-414009-index.htm,EX-10.1,EX-10.1,https://www.sec.gov/Archives/edgar/data/1890107/000119312526414009/d98412dex101.htm,True,
None,2026-10-05 00:00:00,https://www.sec.gov/Archives/edgar/data/1919369/000119312526414004/0001193125-26-414004-index.htm,8-K,8-K,https://www.sec.gov/Archives/edgar/data/1919369/000119312526414004/ck0001919369-20260929.htm,True,
None,2026-10-05 00:00:00,https://www.sec.gov/Archives/edgar/data/1919369/000119312526414004/0001193125-26-414004-index.htm,EX-10.1,EX-10.1,https://www.sec.gov/Archives/edgar/data/1919369/000119312526414004/ck0001919369-ex10_1.htm,False,
None,2026-10-05 00:00:00,https://www.sec.gov/Archives/edgar/data/1919369/000119312526414004/0001193125-26-414004-index.htm,EX-10.2,EX-10.2,https://www.sec.gov/Archives/edgar/data/1919369/000119312526414004/ck0001919369-ex10_2.htm,True,
OMTK,2026-10-05 00:00:00,https://www.sec.gov/Archives/edgar/data/1404804/000109690626001505/0001096906-26-001505-index.htm,8-K,OMNITEK ENGINEERING CORP. - FORM 8-K SEC FILING,https://www.sec.gov/Archives/edgar/data/1404804/000109690626001505/omtk-20261002_8k.htm,True,
OMTK,2026-10-05 00:00:00,https://www.sec.gov/Archives/edgar/data/1404804/000109690626001505/0001096906-26-001505-index.htm,EX-10.1,EXCHANGE AGREEMENT,https://www.sec.gov/Archives/edgar/data/1404804/000109690626001505/omtk_ex10z1.htm,False,
None,2026-10-05 00:00:00,https://www.sec.gov/Archives/edgar/data/1975736/000110465926113647/0001104659-26-113647-index.htm,8-K,FORM 8-K,https://www.sec.gov/Archives/edgar/data/1975736/000110465926113647/tm2626954d2_8k.htm,False,
None,2026-10-05 00:00:00,https://www.sec.gov/Archives/edgar/data/1930679/000110465926113646/0001104659-26-113646-index.htm,8-K,FORM 8-K,https://www.sec.gov/Archives/edgar/data/1930679/000110465926113646/tm2626954d1_8k.htm,False,
None,2026-10-05 00:00:00,https://www.sec.gov/Archives/edgar/data/1162387/000119312526413925/0001193125-26-413925-index.htm,8-K,8-K,https://www.sec.gov/Archives/edgar/data/922869/000119312526413925/d60102d8k.htm,False,
None,2026-10-05 00:00:00,https://www.sec.gov/Archives/edgar/data/922869/000119312526413925/0001193125-26-413925-index.htm,8-K,8-K,https://www.sec.gov/Archives/edgar/data/922869/000119312526413925/d60102d8k.htm,False,
None,2026-10-05 00:00:00,https://www.sec.gov/Archives/edgar/data/1163321/000119312526413925/0001193125-26-413925-index.htm,8-K,8-K,https://www.sec.gov/Archives/edgar/data/922869/000119312526413925/d60102d8k.htm,False,
WORXD,2026-10-05 00:00:00,https://www.sec.gov/Archives/edgar/data/1674227/000121390026106749/0001213900-26-106749-index.htm,8-K,CURRENT REPORT,https://www.sec.gov/Archives/edgar/data/1674227/000121390026106749/ea0307705-8k_scworx.htm,True,
WORXD,2026-10-05 00:00:00,https://www.sec.gov/Archives/edgar/data/1674227/000121390026106749/0001213900-26-106749-index.htm,EX-99.1,"PRESS RELEASE OF SCWORX CORP., DATED OCTOBER 5, 2026",https://www.sec.gov/Archives/edgar/data/1674227/000121390026106749/ea030770501ex99-1.htm,False,
WORX,2026-10-05 00:00:00,https://www.sec.gov/Archives/edgar/data/1674227/000121390026106749/0001213900-26-106749-index.htm,8-K,CURRENT REPORT,https://www.sec.gov/Archives/edgar/data/1674227/000121390026106749/ea0307705-8k_scworx.htm,True,
WORX,2026-10-05 00:00:00,https://www.sec.gov/Archives/edgar/data/1674227/000121390026106749/0001213900-26-106749-index.htm,EX-99.1,"PRESS RELEASE OF SCWORX CORP., DATED OCTOBER 5, 2026",https://www.sec.gov/Archives/edgar/data/1674227/000121390026106749/ea030770501ex99-1.htm,False,
CTIB,2026-10-05 00:00:00,https://www.sec.gov/Archives/edgar/data/1042187/000149315226045723/0001493152-26-045723-index.htm,8-K,8-K,https://www.sec.gov/Archives/edgar/data/1042187/000149315226045723/form8-k.htm,True,
INAQ,2026-10-05 00:00:00,https://www.sec.gov/Archives/edgar/data/1862463/000149315226045722/0001493152-26-045722-index.htm,8-K,8-K,https://www.sec.gov/Archives/edgar/data/1862463/000149315226045722/form8-k.htm,False,
AMOD,2026-10-05 00:00:00,https://www.sec.gov/Archives/edgar/data/1862463/000149315226045722/0001493152-26-045722-index.htm,8-K,8-K,https://www.sec.gov/Archives/edgar/data/1862463/000149315226045722/form8-k.htm,False,
INAQ-UN,2026-10-05 00:00:00,https://www.sec.gov/Archives/edgar/data/1862463/000149315226045722/0001493152-26-045722-index.htm,8-K,8-K,https://www.sec.gov/Archives/edgar/data/1862463/000149315226045722/form8-k.htm,False,
INAQU,2026-10-05 00:00:00,https://www.sec.gov/Archives/edgar/data/1862463/000149315226045722/0001493152-26-045722-index.htm,8-K,8-K,https://www.sec.gov/Archives/edgar/data/1862463/000149315226045722/form8-k.htm,False,
AMODW,2026-10-05 00:00:00,https://www.sec.gov/Archives/edgar/data/1862463/000149315226045722/0001493152-26-045722-index.htm,8-K,8-K,https://www.sec.gov/Archives/edgar/data/1862463/000149315226045722/form8-k.htm,False,
INAQ-WT,2026-10-05 00:00:00,https://www.sec.gov/Archives/edgar/data/1862463/000149315226045722/0001493152-26-045722-index.htm,8-K,8-K,https://www.sec.gov/Archives/edgar/data/1862463/000149315226045722/form8-k.htm,False,
CECO,2026-10-05 00:00:00,https://www.sec.gov/Archives/edgar/data/3197/000119312526413794/0001193125-26-413794-index.htm,8-K,8-K,https://www.sec.gov/Archives/edgar/data/3197/000119312526413794/ceco-20261002.htm,False,
CECO,2026-10-05 00:00:00,https://www.sec.gov/Archives/edgar/data/3197/000119312526413794/0001193125-26-413794-index.htm,EX-99.1,EX-99.1,https://www.sec.gov/Archives/edgar/data/3197/000119312526413794/ceco-ex99_1.htm,False,
CECE,2026-10-05 00:00:00,https://www.sec.gov/Archives/edgar/data/3197/000119312526413794/0001193125-26-413794-index.htm,8-K,8-K,https://www.sec.gov/Archives/edgar/data/3197/000119312526413794/ceco-20261002.htm,False,
CECE,2026-10-05 00:00:00,https://www.sec.gov/Archives/edgar/data/3197/000119312526413794/0001193125-26-413794-index.htm,EX-99.1,EX-99.1,https://www.sec.gov/Archives/edgar/data/3197/000119312526413794/ceco-ex99_1.htm,False,
SBR,2026-10-05 00:00:00,https://www.sec.gov/Archives/edgar/data/710752/000119312526413707/0001193125-26-413707-index.htm,8-K,8-K,https://www.sec.gov/Archives/edgar/data/710752/000119312526413707/2026-10_sabine_8-k.htm,False,
SBR,2026-10-05 00:00:00,https://www.sec.gov/Archives/edgar/data/710752/000119312526413707/0001193125-26-413707-index.htm,EX-99.1,EX-99.1,https://www.sec.gov/Archives/edgar/data/710752/000119312526413707/sbr-ex99_1.htm,False,
KENS,2026-10-05 00:00:00,https://www.sec.gov/Archives/edgar/data/55234/000147793226006044/0001477932-26-006044-index.htm,8-K,FORM 8-K,https://www.sec.gov/Archives/edgar/data/55234/000147793226006044/gamg_8k.htm,False,
KENS,2026-10-05 00:00:00,https://www.sec.gov/Archives/edgar/data/55234/000147793226006044/0001477932-26-006044-index.htm,EX-99.1,PRESS RELEASE,https://www.sec.gov/Archives/edgar/data/55234/000147793226006044/gamg_ex991.htm,False,
KR,2026-10-05 00:00:00,https://www.sec.gov/Archives/edgar/data/56873/000110465926113599/0001104659-26-113599-index.htm,8-K,FORM 8-K,https://www.sec.gov/Archives/edgar/data/56873/000110465926113599/tm2626754d1_8k.htm,False,
CHSCL,2026-10-05 00:00:00,https://www.sec.gov/Archives/edgar/data/823277/000082327726000031/0000823277-26-000031-index.htm,8-K,8-K,https://www.sec.gov/Archives/edgar/data/823277/000082327726000031/chscp-20261002.htm,False,
CHSCM,2026-10-05 00:00:00,https://www.sec.gov/Archives/edgar/data/823277/000082327726000031/0000823277-26-000031-index.htm,8-K,8-K,https://www.sec.gov/Archives/edgar/data/823277/000082327726000031/chscp-20261002.htm,False,
CHSCN,2026-10-05 00:00:00,https://www.sec.gov/Archives/edgar/data/823277/000082327726000031/0000823277-26-000031-index.htm,8-K,8-K,https://www.sec.gov/Archives/edgar/data/823277/000082327726000031/chscp-20261002.htm,False,
CHSCO,2026-10-05 00:00:00,https://www.sec.gov/Archives/edgar/data/823277/000082327726000031/0000823277-26-000031-index.htm,8-K,8-K,https://www.sec.gov/Archives/edgar/data/823277/000082327726000031/chscp-20261002.htm,False,
CHSCP,2026-10-05 00:00:00,https://www.sec.gov/Archives/edgar/data/823277/000082327726000031/0000823277-26-000031-index.htm,8-K,8-K,https://www.sec.gov/Archives/edgar/data/823277/000082327726000031/chscp-20261002.htm,False,
NARA,2026-10-05 00:00:00,https://www.sec.gov/Archives/edgar/data/2138186/000094337426000439/0000943374-26-000439-index.htm,8-K,CURRENT REPORT FILING,https://www.sec.gov/Archives/edgar/data/2138186/000094337426000439/none-20261005.htm,False,
STRL,2026-10-05 00:00:00,https://www.sec.gov/Archives/edgar/data/874238/000087423826000110/0000874238-26-000110-index.htm,8-K,FORM 8-K,https://www.sec.gov/Archives/edgar/data/874238/000087423826000110/strl-20261005.htm,False,
STRL,2026-10-05 00:00:00,https://www.sec.gov/Archives/edgar/data/874238/000087423826000110/0000874238-26-000110-index.htm,EX-99.1,EX-99.1,https://www.sec.gov/Archives/edgar/data/874238/000087423826000110/a20260805ex991pressrelease.htm,False,
DUOT,2026-10-05 00:00:00,https://www.sec.gov/Archives/edgar/data/1396536/000107997326001318/0001079973-26-001318-index.htm,8-K,FORM 8-K,https://www.sec.gov/Archives/edgar/data/1396536/000107997326001318/duot_8k.htm,True,
DUOT,2026-10-05 00:00:00,https://www.sec.gov/Archives/edgar/data/1396536/000107997326001318/0001079973-26-001318-index.htm,EX-99.1,PRESS RELEASE,https://www.sec.gov/Archives/edgar/data/1396536/000107997326001318/ex99x1.htm,False,
SNPS,2026-10-05 00:00:00,https://www.sec.gov/Archives/edgar/data/883241/000119312526413359/0001193125-26-413359-index.htm,8-K,8-K,https://www.sec.gov/Archives/edgar/data/883241/000119312526413359/d830308d8k.htm,False,
SNPS,2026-10-05 00:00:00,https://www.sec.gov/Archives/edgar/data/883241/000119312526413359/0001193125-26-413359-index.htm,EX-99.1,EX-99.1,https://www.sec.gov/Archives/edgar/data/883241/000119312526413359/d830308dex991.htm,False,
AGCO,2026-10-05 00:00:00,https://www.sec.gov/Archives/edgar/data/880266/000110465926113567/0001104659-26-113567-index.htm,8-K,FORM 8-K,https://www.sec.gov/Archives/edgar/data/880266/000110465926113567/tm2627009d1_8k.htm,False,
AGCO,2026-10-05 00:00:00,https://www.sec.gov/Archives/edgar/data/880266/000110465926113567/0001104659-26-113567-index.htm,EX-99.1,EXHIBIT 99.1,https://www.sec.gov/Archives/edgar/data/880266/000110465926113567/tm2627009d1_ex99-1.htm,False,
NMTC,2026-10-05 00:00:00,https://www.sec.gov/Archives/edgar/data/1500198/000121390026106677/0001213900-26-106677-index.htm,8-K,CURRENT REPORT,https://www.sec.gov/Archives/edgar/data/1500198/000121390026106677/ea0307577-8k_neuroone.htm,False,
NMTC,2026-10-05 00:00:00,https://www.sec.gov/Archives/edgar/data/1500198/000121390026106677/0001213900-26-106677-index.htm,EX-99.1,"PRESS RELEASE, DATED OCTOBER 5, 2026",https://www.sec.gov/Archives/edgar/data/1500198/000121390026106677/ea030757701ex99-1.htm,False,
ROAD,2026-10-05 00:00:00,https://www.sec.gov/Archives/edgar/data/1718227/000162828026064770/0001628280-26-064770-index.htm,8-K,8-K,https://www.sec.gov/Archives/edgar/data/1718227/000162828026064770/road-20261005.htm,False,
ROAD,2026-10-05 00:00:00,https://www.sec.gov/Archives/edgar/data/1718227/000162828026064770/0001628280-26-064770-index.htm,EX-99.1,EX-99.1,https://www.sec.gov/Archives/edgar/data/1718227/000162828026064770/exhibit991_pressrelease100.htm,False,
IRTC,2026-10-05 00:00:00,https://www.sec.gov/Archives/edgar/data/1388658/000138865826000083/0001388658-26-000083-index.htm,8-K,8-K,https://www.sec.gov/Archives/edgar/data/1388658/000138865826000083/irtc-20261005.htm,False,
IRTC,2026-10-05 00:00:00,https://www.sec.gov/Archives/edgar/data/1388658/000138865826000083/0001388658-26-000083-index.htm,EX-99.1,EX-99.1,https://www.sec.gov/Archives/edgar/data/1388658/000138865826000083/vitalconnect_closingprxf.htm,False,
CVX,2026-10-05 00:00:00,https://www.sec.gov/Archives/edgar/data/93410/000009341026000188/0000093410-26-000188-index.htm,8-K,8-K,https://www.sec.gov/Archives/edgar/data/93410/000009341026000188/cvx-20260930.htm,False,
LGL,2026-10-05 00:00:00,https://www.sec.gov/Archives/edgar/data/61004/000143774926031985/0001437749-26-031985-index.htm,8-K,FORM 8-K,https://www.sec.gov/Archives/edgar/data/61004/000143774926031985/lglg20260529_8k.htm,False,
LGL-WT,2026-10-05 00:00:00,https://www.sec.gov/Archives/edgar/data/61004/000143774926031985/0001437749-26-031985-index.htm,8-K,FORM 8-K,https://www.sec.gov/Archives/edgar/data/61004/000143774926031985/lglg20260529_8k.htm,False,
VIDA,2026-10-05 00:00:00,https://www.sec.gov/Archives/edgar/data/1973062/000149315226045703/0001493152-26-045703-index.htm,8-K,8-K,https://www.sec.gov/Archives/edgar/data/1973062/000149315226045703/form8-k.htm,False,
VIDA,2026-10-05 00:00:00,https://www.sec.gov/Archives/edgar/data/1973062/000149315226045703/0001493152-26-045703-index.htm,EX-99.1,EX-99.1,https://www.sec.gov/Archives/edgar/data/1973062/000149315226045703/ex99-1.htm,False,
SQFTP,2026-10-05 00:00:00,https://www.sec.gov/Archives/edgar/data/1080657/000149315226045704/0001493152-26-045704-index.htm,8-K,8-K,https://www.sec.gov/Archives/edgar/data/1080657/000149315226045704/form8-k.htm,False,
SQFTP,2026-10-05 00:00:00,https://www.sec.gov/Archives/edgar/data/1080657/000149315226045704/0001493152-26-045704-index.htm,EX-99.1,EX-99.1,https://www.sec.gov/Archives/edgar/data/1080657/000149315226045704/ex99-1.htm,False,
SQFTW,2026-10-05 00:00:00,https://www.sec.gov/Archives/edgar/data/1080657/000149315226045704/0001493152-26-045704-index.htm,8-K,8-K,https://www.sec.gov/Archives/edgar/data/1080657/000149315226045704/form8-k.htm,False,
SQFTW,2026-10-05 00:00:00,https://www.sec.gov/Archives/edgar/data/1080657/000149315226045704/0001493152-26-045704-index.htm,EX-99.1,EX-99.1,https://www.sec.gov/Archives/edgar/data/1080657/000149315226045704/ex99-1.htm,False,
SQFT,2026-10-05 00:00:00,https://www.sec.gov/Archives/edgar/data/1080657/000149315226045704/0001493152-26-045704-index.htm,8-K,8-K,https://www.sec.gov/Archives/edgar/data/1080657/000149315226045704/form8-k.htm,False,
SQFT,2026-10-05 00:00:00,https://www.sec.gov/Archives/edgar/data/1080657/000149315226045704/0001493152-26-045704-index.htm,EX-99.1,EX-99.1,https://www.sec.gov/Archives/edgar/data/1080657/000149315226045704/ex99-1.htm,False,
PMVP,2026-10-05 00:00:00,https://www.sec.gov/Archives/edgar/data/1699382/000119312526413254/0001193125-26-413254-index.htm,8-K,8-K,https://www.sec.gov/Archives/edgar/data/1699382/000119312526413254/d174662d8k.htm,False,
PMVP,2026-10-05 00:00:00,https://www.sec.gov/Archives/edgar/data/1699382/000119312526413254/0001193125-26-413254-index.htm,EX-99.1,EX-99.1,https://www.sec.gov/Archives/edgar/data/1699382/000119312526413254/d174662dex991.htm,False,
BMNR,2026-10-05 00:00:00,https://www.sec.gov/Archives/edgar/data/1829311/000149315226045699/0001493152-26-045699-index.htm,8-K,8-K,https://www.sec.gov/Archives/edgar/data/1829311/000149315226045699/form8-k.htm,False,
BMNR,2026-10-05 00:00:00,https://www.sec.gov/Archives/edgar/data/1829311/000149315226045699/0001493152-26-045699-index.htm,EX-99.1,EX-99.1,https://www.sec.gov/Archives/edgar/data/1829311/000149315226045699/ex99-1.htm,False,
SSHI,2026-10-05 00:00:00,https://www.sec.gov/Archives/edgar/data/1829311/000149315226045699/0001493152-26-045699-index.htm,8-K,8-K,https://www.sec.gov/Archives/edgar/data/1829311/000149315226045699/form8-k.htm,False,
SSHI,2026-10-05 00:00:00,https://www.sec.gov/Archives/edgar/data/1829311/000149315226045699/0001493152-26-045699-index.htm,EX-99.1,EX-99.1,https://www.sec.gov/Archives/edgar/data/1829311/000149315226045699/ex99-1.htm,False,
PGY,2026-10-05 00:00:00,https://www.sec.gov/Archives/edgar/data/1883085/000162828026064763/0001628280-26-064763-index.htm,8-K,8-K,https://www.sec.gov/Archives/edgar/data/1883085/000162828026064763/pgy-20261005.htm,False,
PGY,2026-10-05 00:00:00,https://www.sec.gov/Archives/edgar/data/1883085/000162828026064763/0001628280-26-064763-index.htm,EX-99.1,EX-99.1,https://www.sec.gov/Archives/edgar/data/1883085/000162828026064763/pagaya_investorxquality2.htm,False,
PGYWW,2026-10-05 00:00:00,https://www.sec.gov/Archives/edgar/data/1883085/000162828026064763/0001628280-26-064763-index.htm,8-K,8-K,https://www.sec.gov/Archives/edgar/data/1883085/000162828026064763/pgy-20261005.htm,False,
PGYWW,2026-10-05 00:00:00,https://www.sec.gov/Archives/edgar/data/1883085/000162828026064763/0001628280-26-064763-index.htm,EX-99.1,EX-99.1,https://www.sec.gov/Archives/edgar/data/1883085/000162828026064763/pagaya_investorxquality2.htm,False,
OBA,2026-10-05 00:00:00,https://www.sec.gov/Archives/edgar/data/2034313/000121390026106671/0001213900-26-106671-index.htm,8-K,CURRENT REPORT,https://www.sec.gov/Archives/edgar/data/2034313/000121390026106671/ea0307168-8k_oxley.htm,False,
OBAW,2026-10-05 00:00:00,https://www.sec.gov/Archives/edgar/data/2034313/000121390026106671/0001213900-26-106671-index.htm,8-K,CURRENT REPORT,https://www.sec.gov/Archives/edgar/data/2034313/000121390026106671/ea0307168-8k_oxley.htm,False,
OBAWU,2026-10-05 00:00:00,https://www.sec.gov/Archives/edgar/data/2034313/000121390026106671/0001213900-26-106671-index.htm,8-K,CURRENT REPORT,https://www.sec.gov/Archives/edgar/data/2034313/000121390026106671/ea0307168-8k_oxley.htm,False,
JAGX,2026-10-05 00:00:00,https://www.sec.gov/Archives/edgar/data/1585608/000119312526413233/0001193125-26-413233-index.htm,8-K,8-K,https://www.sec.gov/Archives/edgar/data/1585608/000119312526413233/d183888d8k.htm,True,
JAGX,2026-10-05 00:00:00,https://www.sec.gov/Archives/edgar/data/1585608/000119312526413233/0001193125-26-413233-index.htm,EX-10.1,EX-10.1,https://www.sec.gov/Archives/edgar/data/1585608/000119312526413233/d183888dex101.htm,False,
JAGX,2026-10-05 00:00:00,https://www.sec.gov/Archives/edgar/data/1585608/000119312526413233/0001193125-26-413233-index.htm,EX-99.1,EX-99.1,https://www.sec.gov/Archives/edgar/data/1585608/000119312526413233/d183888dex991.htm,False,
QRVO,2026-10-05 00:00:00,https://www.sec.gov/Archives/edgar/data/1604778/000095010326015180/0000950103-26-015180-index.htm,8-K,FORM 8-K,https://www.sec.gov/Archives/edgar/data/1604778/000095010326015180/dp254466_8k.htm,True,
SWKS,2026-10-05 00:00:00,https://www.sec.gov/Archives/edgar/data/4127/000110465926113538/0001104659-26-113538-index.htm,8-K,FORM 8-K,https://www.sec.gov/Archives/edgar/data/4127/000110465926113538/tm2626934d1_8k.htm,False,
SWKS,2026-10-05 00:00:00,https://www.sec.gov/Archives/edgar/data/4127/000110465926113538/0001104659-26-113538-index.htm,EX-99.1,EXHIBIT 99.1,https://www.sec.gov/Archives/edgar/data/4127/000110465926113538/tm2626934d1_ex99-1.htm,False,
GWH,2026-10-05 00:00:00,https://www.sec.gov/Archives/edgar/data/1819438/000181943826000088/0001819438-26-000088-index.htm,8-K,8-K,https://www.sec.gov/Archives/edgar/data/1819438/000181943826000088/wk-20261002.htm,False,
GWH,2026-10-05 00:00:00,https://www.sec.gov/Archives/edgar/data/1819438/000181943826000088/0001819438-26-000088-index.htm,EX-99.1,EX-99.1,https://www.sec.gov/Archives/edgar/data/1819438/000181943826000088/esstech-nyselistingstatusu.htm,False,
STWO,2026-10-05 00:00:00,https://www.sec.gov/Archives/edgar/data/1819438/000181943826000088/0001819438-26-000088-index.htm,8-K,8-K,https://www.sec.gov/Archives/edgar/data/1819438/000181943826000088/wk-20261002.htm,False,
STWO,2026-10-05 00:00:00,https://www.sec.gov/Archives/edgar/data/1819438/000181943826000088/0001819438-26-000088-index.htm,EX-99.1,EX-99.1,https://www.sec.gov/Archives/edgar/data/1819438/000181943826000088/esstech-nyselistingstatusu.htm,False,
STWOU,2026-10-05 00:00:00,https://www.sec.gov/Archives/edgar/data/1819438/000181943826000088/0001819438-26-000088-index.htm,8-K,8-K,https://www.sec.gov/Archives/edgar/data/1819438/000181943826000088/wk-20261002.htm,False,
STWOU,2026-10-05 00:00:00,https://www.sec.gov/Archives/edgar/data/1819438/000181943826000088/0001819438-26-000088-index.htm,EX-99.1,EX-99.1,https://www.sec.gov/Archives/edgar/data/1819438/000181943826000088/esstech-nyselistingstatusu.htm,False,
GWH-WT,2026-10-05 00:00:00,https://www.sec.gov/Archives/edgar/data/1819438/000181943826000088/0001819438-26-000088-index.htm,8-K,8-K,https://www.sec.gov/Archives/edgar/data/1819438/000181943826000088/wk-20261002.htm,False,
GWH-WT,2026-10-05 00:00:00,https://www.sec.gov/Archives/edgar/data/1819438/000181943826000088/0001819438-26-000088-index.htm,EX-99.1,EX-99.1,https://www.sec.gov/Archives/edgar/data/1819438/000181943826000088/esstech-nyselistingstatusu.htm,False,
INTT,2026-10-05 00:00:00,https://www.sec.gov/Archives/edgar/data/1036262/000103626226000057/0001036262-26-000057-index.htm,8-K,8-K,https://www.sec.gov/Archives/edgar/data/1036262/000103626226000057/intt-20261005.htm,False,
INTT,2026-10-05 00:00:00,https://www.sec.gov/Archives/edgar/data/1036262/000103626226000057/0001036262-26-000057-index.htm,EX-99.1,EX-99.1,https://www.sec.gov/Archives/edgar/data/1036262/000103626226000057/intt-20261005xpaexx991.htm,False,
POAI,2026-10-05 00:00:00,https://www.sec.gov/Archives/edgar/data/1446159/000117184326006386/0001171843-26-006386-index.htm,8-K,FORM 8-K,https://www.sec.gov/Archives/edgar/data/1446159/000117184326006386/f8k_100526.htm,True,
POAI,2026-10-05 00:00:00,https://www.sec.gov/Archives/edgar/data/1446159/000117184326006386/0001171843-26-006386-index.htm,EX-99.1,PRESS RELEASE,https://www.sec.gov/Archives/edgar/data/1446159/000117184326006386/exh_991.htm,False,
AGPU,2026-10-05 00:00:00,https://www.sec.gov/Archives/edgar/data/1446159/000117184326006386/0001171843-26-006386-index.htm,8-K,FORM 8-K,https://www.sec.gov/Archives/edgar/data/1446159/000117184326006386/f8k_100526.htm,True,
AGPU,2026-10-05 00:00:00,https://www.sec.gov/Archives/edgar/data/1446159/000117184326006386/0001171843-26-006386-index.htm,EX-99.1,PRESS RELEASE,https://www.sec.gov/Archives/edgar/data/1446159/000117184326006386/exh_991.htm,False,
INAQ,2026-10-05 00:00:00,https://www.sec.gov/Archives/edgar/data/1862463/000149315226045696/0001493152-26-045696-index.htm,8-K,8-K,https://www.sec.gov/Archives/edgar/data/1862463/000149315226045696/form8-k.htm,False,
AMOD,2026-10-05 00:00:00,https://www.sec.gov/Archives/edgar/data/1862463/000149315226045696/0001493152-26-045696-index.htm,8-K,8-K,https://www.sec.gov/Archives/edgar/data/1862463/000149315226045696/form8-k.htm,False,
INAQ-UN,2026-10-05 00:00:00,https://www.sec.gov/Archives/edgar/data/1862463/000149315226045696/0001493152-26-045696-index.htm,8-K,8-K,https://www.sec.gov/Archives/edgar/data/1862463/000149315226045696/form8-k.htm,False,
INAQU,2026-10-05 00:00:00,https://www.sec.gov/Archives/edgar/data/1862463/000149315226045696/0001493152-26-045696-index.htm,8-K,8-K,https://www.sec.gov/Archives/edgar/data/1862463/000149315226045696/form8-k.htm,False,
AMODW,2026-10-05 00:00:00,https://www.sec.gov/Archives/edgar/data/1862463/000149315226045696/0001493152-26-045696-index.htm,8-K,8-K,https://www.sec.gov/Archives/edgar/data/1862463/000149315226045696/form8-k.htm,False,
INAQ-WT,2026-10-05 00:00:00,https://www.sec.gov/Archives/edgar/data/1862463/000149315226045696/0001493152-26-045696-index.htm,8-K,8-K,https://www.sec.gov/Archives/edgar/data/1862463/000149315226045696/form8-k.htm,False,
SIMAW,2026-10-05 00:00:00,https://www.sec.gov/Archives/edgar/data/2014982/000121390026106662/0001213900-26-106662-index.htm,8-K,CURRENT REPORT,https://www.sec.gov/Archives/edgar/data/2014982/000121390026106662/ea0307655-8k425_sim1.htm,True,
SIMAW,2026-10-05 00:00:00,https://www.sec.gov/Archives/edgar/data/2014982/000121390026106662/0001213900-26-106662-index.htm,EX-10.1,"BINDING LETTER OF INTENT, DATED OCTOBER 2, 2026, BY AND BETWEEN SIM AND AIT",https://www.sec.gov/Archives/edgar/data/2014982/000121390026106662/ea030765501ex10-1.htm,False,
SIMAU,2026-10-05 00:00:00,https://www.sec.gov/Archives/edgar/data/2014982/000121390026106662/0001213900-26-106662-index.htm,8-K,CURRENT REPORT,https://www.sec.gov/Archives/edgar/data/2014982/000121390026106662/ea0307655-8k425_sim1.htm,True,
SIMAU,2026-10-05 00:00:00,https://www.sec.gov/Archives/edgar/data/2014982/000121390026106662/0001213900-26-106662-index.htm,EX-10.1,"BINDING LETTER OF INTENT, DATED OCTOBER 2, 2026, BY AND BETWEEN SIM AND AIT",https://www.sec.gov/Archives/edgar/data/2014982/000121390026106662/ea030765501ex10-1.htm,False,
SIMA,2026-10-05 00:00:00,https://www.sec.gov/Archives/edgar/data/2014982/000121390026106662/0001213900-26-106662-index.htm,8-K,CURRENT REPORT,https://www.sec.gov/Archives/edgar/data/2014982/000121390026106662/ea0307655-8k425_sim1.htm,True,
SIMA,2026-10-05 00:00:00,https://www.sec.gov/Archives/edgar/data/2014982/000121390026106662/0001213900-26-106662-index.htm,EX-10.1,"BINDING LETTER OF INTENT, DATED OCTOBER 2, 2026, BY AND BETWEEN SIM AND AIT",https://www.sec.gov/Archives/edgar/data/2014982/000121390026106662/ea030765501ex10-1.htm,False,
GREE,2026-10-05 00:00:00,https://www.sec.gov/Archives/edgar/data/1844971/000162828026064758/0001628280-26-064758-index.htm,8-K,8-K,https://www.sec.gov/Archives/edgar/data/1844971/000162828026064758/gree-20261005.htm,False,
GREE,2026-10-05 00:00:00,https://www.sec.gov/Archives/edgar/data/1844971/000162828026064758/0001628280-26-064758-index.htm,EX-99.1,EX-99.1,https://www.sec.gov/Archives/edgar/data/1844971/000162828026064758/vulcanpressreleaseoctober5.htm,False,
GREEL,2026-10-05 00:00:00,https://www.sec.gov/Archives/edgar/data/1844971/000162828026064758/0001628280-26-064758-index.htm,8-K,8-K,https://www.sec.gov/Archives/edgar/data/1844971/000162828026064758/gree-20261005.htm,False,
GREEL,2026-10-05 00:00:00,https://www.sec.gov/Archives/edgar/data/1844971/000162828026064758/0001628280-26-064758-index.htm,EX-99.1,EX-99.1,https://www.sec.gov/Archives/edgar/data/1844971/000162828026064758/vulcanpressreleaseoctober5.htm,False,
HCHC,2026-10-05 00:00:00,https://www.sec.gov/Archives/edgar/data/1006837/000100683726000118/0001006837-26-000118-index.htm,8-K,8-K,https://www.sec.gov/Archives/edgar/data/1006837/000100683726000118/hchc-20261002.htm,True,
HCHC,2026-10-05 00:00:00,https://www.sec.gov/Archives/edgar/data/1006837/000100683726000118/0001006837-26-000118-index.htm,EX-99.1,EX-99.1,https://www.sec.gov/Archives/edgar/data/1006837/000100683726000118/a202610058-kxexhibit991.htm,False,
VATE,2026-10-05 00:00:00,https://www.sec.gov/Archives/edgar/data/1006837/000100683726000118/0001006837-26-000118-index.htm,8-K,8-K,https://www.sec.gov/Archives/edgar/data/1006837/000100683726000118/hchc-20261002.htm,True,
VATE,2026-10-05 00:00:00,https://www.sec.gov/Archives/edgar/data/1006837/000100683726000118/0001006837-26-000118-index.htm,EX-99.1,EX-99.1,https://www.sec.gov/Archives/edgar/data/1006837/000100683726000118/a202610058-kxexhibit991.htm,False,
MBRX,2026-10-05 00:00:00,https://www.sec.gov/Archives/edgar/data/1659617/000143774926031978/0001437749-26-031978-index.htm,8-K,FORM 8-K,https://www.sec.gov/Archives/edgar/data/1659617/000143774926031978/mbrx20260928c_8k.htm,False,
MBRX,2026-10-05 00:00:00,https://www.sec.gov/Archives/edgar/data/1659617/000143774926031978/0001437749-26-031978-index.htm,EX-99.1,EXHIBIT 99.1,https://www.sec.gov/Archives/edgar/data/1659617/000143774926031978/ex_1020478_source.htm,False,
EMAT,2026-10-05 00:00:00,https://www.sec.gov/Archives/edgar/data/1866226/000121390026106661/0001213900-26-106661-index.htm,8-K,CURRENT REPORT,https://www.sec.gov/Archives/edgar/data/1866226/000121390026106661/ea0307667-8k_evolution.htm,False,
EMAT,2026-10-05 00:00:00,https://www.sec.gov/Archives/edgar/data/1866226/000121390026106661/0001213900-26-106661-index.htm,EX-99.1,"PRESS RELEASE DATED OCTOBER 5, 2026",https://www.sec.gov/Archives/edgar/data/1866226/000121390026106661/ea030766701ex99-1.htm,False,
WTMAU,2026-10-05 00:00:00,https://www.sec.gov/Archives/edgar/data/1866226/000121390026106661/0001213900-26-106661-index.htm,8-K,CURRENT REPORT,https://www.sec.gov/Archives/edgar/data/1866226/000121390026106661/ea0307667-8k_evolution.htm,False,
WTMAU,2026-10-05 00:00:00,https://www.sec.gov/Archives/edgar/data/1866226/000121390026106661/0001213900-26-106661-index.htm,EX-99.1,"PRESS RELEASE DATED OCTOBER 5, 2026",https://www.sec.gov/Archives/edgar/data/1866226/000121390026106661/ea030766701ex99-1.htm,False,
WTMAR,2026-10-05 00:00:00,https://www.sec.gov/Archives/edgar/data/1866226/000121390026106661/0001213900-26-106661-index.htm,8-K,CURRENT REPORT,https://www.sec.gov/Archives/edgar/data/1866226/000121390026106661/ea0307667-8k_evolution.htm,False,
WTMAR,2026-10-05 00:00:00,https://www.sec.gov/Archives/edgar/data/1866226/000121390026106661/0001213900-26-106661-index.htm,EX-99.1,"PRESS RELEASE DATED OCTOBER 5, 2026",https://www.sec.gov/Archives/edgar/data/1866226/000121390026106661/ea030766701ex99-1.htm,False,
WTMA,2026-10-05 00:00:00,https://www.sec.gov/Archives/edgar/data/1866226/000121390026106661/0001213900-26-106661-index.htm,8-K,CURRENT REPORT,https://www.sec.gov/Archives/edgar/data/1866226/000121390026106661/ea0307667-8k_evolution.htm,False,
WTMA,2026-10-05 00:00:00,https://www.sec.gov/Archives/edgar/data/1866226/000121390026106661/0001213900-26-106661-index.htm,EX-99.1,"PRESS RELEASE DATED OCTOBER 5, 2026",https://www.sec.gov/Archives/edgar/data/1866226/000121390026106661/ea030766701ex99-1.htm,False,
PSX,2026-10-05 00:00:00,https://www.sec.gov/Archives/edgar/data/1534701/000119312526413219/0001193125-26-413219-index.htm,8-K,8-K,https://www.sec.gov/Archives/edgar/data/1534701/000119312526413219/d76010d8k.htm,False,
COYA,2026-10-05 00:00:00,https://www.sec.gov/Archives/edgar/data/1835022/000119312526413218/0001193125-26-413218-index.htm,8-K,8-K,https://www.sec.gov/Archives/edgar/data/1835022/000119312526413218/d95167d8k.htm,False,
IMNM,2026-10-05 00:00:00,https://www.sec.gov/Archives/edgar/data/1472012/000119312526413217/0001193125-26-413217-index.htm,8-K,8-K,https://www.sec.gov/Archives/edgar/data/1472012/000119312526413217/d114908d8k.htm,True,
IMNM,2026-10-05 00:00:00,https://www.sec.gov/Archives/edgar/data/1472012/000119312526413217/0001193125-26-413217-index.htm,EX-10.1,EX-10.1,https://www.sec.gov/Archives/edgar/data/1472012/000119312526413217/d114908dex101.htm,False,
LDOS,2026-10-05 00:00:00,https://www.sec.gov/Archives/edgar/data/1336920/000119312526413208/0001193125-26-413208-index.htm,8-K,8-K,https://www.sec.gov/Archives/edgar/data/1336920/000119312526413208/d157380d8k.htm,True,
LDOS,2026-10-05 00:00:00,https://www.sec.gov/Archives/edgar/data/1336920/000119312526413208/0001193125-26-413208-index.htm,EX-10.1,EX-10.1,https://www.sec.gov/Archives/edgar/data/1336920/000119312526413208/d157380dex101.htm,True,
LDOS,2026-10-05 00:00:00,https://www.sec.gov/Archives/edgar/data/1336920/000119312526413208/0001193125-26-413208-index.htm,EX-99.1,EX-99.1,https://www.sec.gov/Archives/edgar/data/1336920/000119312526413208/d157380dex991.htm,False,
WULF,2026-10-05 00:00:00,https://www.sec.gov/Archives/edgar/data/1083301/000162828026064757/0001628280-26-064757-index.htm,8-K,8-K,https://www.sec.gov/Archives/edgar/data/1083301/000162828026064757/wulf-20261001.htm,True,
WULF,2026-10-05 00:00:00,https://www.sec.gov/Archives/edgar/data/1083301/000162828026064757/0001628280-26-064757-index.htm,EX-99.1,EX-99.1,https://www.sec.gov/Archives/edgar/data/1083301/000162828026064757/muskieexpansionpr.htm,False,
IKNX,2026-10-05 00:00:00,https://www.sec.gov/Archives/edgar/data/1083301/000162828026064757/0001628280-26-064757-index.htm,8-K,8-K,https://www.sec.gov/Archives/edgar/data/1083301/000162828026064757/wulf-20261001.htm,True,
IKNX,2026-10-05 00:00:00,https://www.sec.gov/Archives/edgar/data/1083301/000162828026064757/0001628280-26-064757-index.htm,EX-99.1,EX-99.1,https://www.sec.gov/Archives/edgar/data/1083301/000162828026064757/muskieexpansionpr.htm,False,
CHRW,2026-10-05 00:00:00,https://www.sec.gov/Archives/edgar/data/1043277/000119312526413203/0001193125-26-413203-index.htm,8-K,8-K,https://www.sec.gov/Archives/edgar/data/1043277/000119312526413203/d115124d8k.htm,True,
CHRW,2026-10-05 00:00:00,https://www.sec.gov/Archives/edgar/data/1043277/000119312526413203/0001193125-26-413203-index.htm,EX-10.1,EX-10.1,https://www.sec.gov/Archives/edgar/data/1043277/000119312526413203/d115124dex101.htm,False,
CHRW,2026-10-05 00:00:00,https://www.sec.gov/Archives/edgar/data/1043277/000119312526413203/0001193125-26-413203-index.htm,EX-99.1,EX-99.1,https://www.sec.gov/Archives/edgar/data/1043277/000119312526413203/d115124dex991.htm,False,
RRGB,2026-10-05 00:00:00,https://www.sec.gov/Archives/edgar/data/1171759/000110465926113514/0001104659-26-113514-index.htm,8-K,FORM 8-K,https://www.sec.gov/Archives/edgar/data/1171759/000110465926113514/tm2626832d1_8k.htm,True,
RRGB,2026-10-05 00:00:00,https://www.sec.gov/Archives/edgar/data/1171759/000110465926113514/0001104659-26-113514-index.htm,EX-10.1,EXHIBIT 10.1,https://www.sec.gov/Archives/edgar/data/1171759/000110465926113514/tm2626832d1_ex10-1.htm,True,
RRGB,2026-10-05 00:00:00,https://www.sec.gov/Archives/edgar/data/1171759/000110465926113514/0001104659-26-113514-index.htm,EX-10.2,EXHIBIT 10.2,https://www.sec.gov/Archives/edgar/data/1171759/000110465926113514/tm2626832d1_ex10-2.htm,True,
RRGB,2026-10-05 00:00:00,https://www.sec.gov/Archives/edgar/data/1171759/000110465926113514/0001104659-26-113514-index.htm,EX-99.1,EXHIBIT 99.1,https://www.sec.gov/Archives/edgar/data/1171759/000110465926113514/tm2626832d1_ex99-1.htm,True,
None,2026-10-05 00:00:00,https://www.sec.gov/Archives/edgar/data/1496264/000148251226000077/0001482512-26-000077-index.htm,8-K,8-K,https://www.sec.gov/Archives/edgar/data/1482512/000148251226000077/hpp-20261005.htm,False,
None,2026-10-05 00:00:00,https://www.sec.gov/Archives/edgar/data/1496264/000148251226000077/0001482512-26-000077-index.htm,EX-99.1,EX-99.1,https://www.sec.gov/Archives/edgar/data/1482512/000148251226000077/pr090526.htm,True,
HPP-PC,2026-10-05 00:00:00,https://www.sec.gov/Archives/edgar/data/1482512/000148251226000077/0001482512-26-000077-index.htm,8-K,8-K,https://www.sec.gov/Archives/edgar/data/1482512/000148251226000077/hpp-20261005.htm,False,
HPP-PC,2026-10-05 00:00:00,https://www.sec.gov/Archives/edgar/data/1482512/000148251226000077/0001482512-26-000077-index.htm,EX-99.1,EX-99.1,https://www.sec.gov/Archives/edgar/data/1482512/000148251226000077/pr090526.htm,True,
HPP,2026-10-05 00:00:00,https://www.sec.gov/Archives/edgar/data/1482512/000148251226000077/0001482512-26-000077-index.htm,8-K,8-K,https://www.sec.gov/Archives/edgar/data/1482512/000148251226000077/hpp-20261005.htm,False,
HPP,2026-10-05 00:00:00,https://www.sec.gov/Archives/edgar/data/1482512/000148251226000077/0001482512-26-000077-index.htm,EX-99.1,EX-99.1,https://www.sec.gov/Archives/edgar/data/1482512/000148251226000077/pr090526.htm,True,
DFDV,2026-10-05 00:00:00,https://www.sec.gov/Archives/edgar/data/1805526/000180552626000125/0001805526-26-000125-index.htm,8-K,8-K,https://www.sec.gov/Archives/edgar/data/1805526/000180552626000125/dfdv-20261005.htm,False,
DFDV,2026-10-05 00:00:00,https://www.sec.gov/Archives/edgar/data/1805526/000180552626000125/0001805526-26-000125-index.htm,EX-99.1,EX-99.1,https://www.sec.gov/Archives/edgar/data/1805526/000180552626000125/dfdv-exx991_10526.htm,False,
JNVR,2026-10-05 00:00:00,https://www.sec.gov/Archives/edgar/data/1805526/000180552626000125/0001805526-26-000125-index.htm,8-K,8-K,https://www.sec.gov/Archives/edgar/data/1805526/000180552626000125/dfdv-20261005.htm,False,
JNVR,2026-10-05 00:00:00,https://www.sec.gov/Archives/edgar/data/1805526/000180552626000125/0001805526-26-000125-index.htm,EX-99.1,EX-99.1,https://www.sec.gov/Archives/edgar/data/1805526/000180552626000125/dfdv-exx991_10526.htm,False,
JNRV,2026-10-05 00:00:00,https://www.sec.gov/Archives/edgar/data/1805526/000180552626000125/0001805526-26-000125-index.htm,8-K,8-K,https://www.sec.gov/Archives/edgar/data/1805526/000180552626000125/dfdv-20261005.htm,False,
JNRV,2026-10-05 00:00:00,https://www.sec.gov/Archives/edgar/data/1805526/000180552626000125/0001805526-26-000125-index.htm,EX-99.1,EX-99.1,https://www.sec.gov/Archives/edgar/data/1805526/000180552626000125/dfdv-exx991_10526.htm,False,
RXO,2026-10-05 00:00:00,https://www.sec.gov/Archives/edgar/data/1929561/000114036126038548/0001140361-26-038548-index.htm,8-K,8-K,https://www.sec.gov/Archives/edgar/data/1929561/000114036126038548/ef20083265_8k.htm,True,
RXO,2026-10-05 00:00:00,https://www.sec.gov/Archives/edgar/data/1929561/000114036126038548/0001140361-26-038548-index.htm,EX-10.1,EXHIBIT 10.1,https://www.sec.gov/Archives/edgar/data/1929561/000114036126038548/ef20083265_ex10-1.htm,False,
RXO,2026-10-05 00:00:00,https://www.sec.gov/Archives/edgar/data/1929561/000114036126038548/0001140361-26-038548-index.htm,EX-99.1,EXHIBIT 99.1,https://www.sec.gov/Archives/edgar/data/1929561/000114036126038548/ef20083265_ex99-1.htm,False,
BNTC,2026-10-05 00:00:00,https://www.sec.gov/Archives/edgar/data/1808898/000119312526413177/0001193125-26-413177-index.htm,8-K,8-K,https://www.sec.gov/Archives/edgar/data/1808898/000119312526413177/bntc-20261005.htm,False,
BNTC,2026-10-05 00:00:00,https://www.sec.gov/Archives/edgar/data/1808898/000119312526413177/0001193125-26-413177-index.htm,EX-99.1,EX-99.1,https://www.sec.gov/Archives/edgar/data/1808898/000119312526413177/bntc-ex99_1.htm,False,
FLEX,2026-10-05 00:00:00,https://www.sec.gov/Archives/edgar/data/866374/000119312526413173/0001193125-26-413173-index.htm,8-K,8-K,https://www.sec.gov/Archives/edgar/data/866374/000119312526413173/d123485d8k.htm,True,
FLEX,2026-10-05 00:00:00,https://www.sec.gov/Archives/edgar/data/866374/000119312526413173/0001193125-26-413173-index.htm,EX-10.1,EX-10.1,https://www.sec.gov/Archives/edgar/data/866374/000119312526413173/d123485dex101.htm,True,
FLEX,2026-10-05 00:00:00,https://www.sec.gov/Archives/edgar/data/866374/000119312526413173/0001193125-26-413173-index.htm,EX-99.1,EX-99.1,https://www.sec.gov/Archives/edgar/data/866374/000119312526413173/d123485dex991.htm,True,
FTCI,2026-10-05 00:00:00,https://www.sec.gov/Archives/edgar/data/1828161/000121390026106656/0001213900-26-106656-index.htm,8-K,CURRENT REPORT,https://www.sec.gov/Archives/edgar/data/1828161/000121390026106656/ea0307642-8k_ftcsolar.htm,True,
FTCI,2026-10-05 00:00:00,https://www.sec.gov/Archives/edgar/data/1828161/000121390026106656/0001213900-26-106656-index.htm,EX-10.1,"THIRD AMENDMENT AND LIMITED WAIVER TO CREDIT AGREEMENT, DATED SEPTEMBER 30, 2026",https://www.sec.gov/Archives/edgar/data/1828161/000121390026106656/ea030764201ex10-1.htm,True,
FTCI,2026-10-05 00:00:00,https://www.sec.gov/Archives/edgar/data/1828161/000121390026106656/0001213900-26-106656-index.htm,EX-99.1,"PRESS RELEASE DATED OCTOBER 5, 2026",https://www.sec.gov/Archives/edgar/data/1828161/000121390026106656/ea030764201ex99-1.htm,True,
NBY,2026-10-05 00:00:00,https://www.sec.gov/Archives/edgar/data/1389545/000143774926031972/0001437749-26-031972-index.htm,8-K,FORM 8-K,https://www.sec.gov/Archives/edgar/data/1389545/000143774926031972/sdev20260914_8k.htm,False,
NBY,2026-10-05 00:00:00,https://www.sec.gov/Archives/edgar/data/1389545/000143774926031972/0001437749-26-031972-index.htm,EX-99.1,EXHIBIT 99.1,https://www.sec.gov/Archives/edgar/data/1389545/000143774926031972/ex_1016832.htm,False,
TELA,2026-10-05 00:00:00,https://www.sec.gov/Archives/edgar/data/1561921/000110465926113506/0001104659-26-113506-index.htm,8-K,FORM 8-K,https://www.sec.gov/Archives/edgar/data/1561921/000110465926113506/tm2627013d1_8k.htm,False,
TELA,2026-10-05 00:00:00,https://www.sec.gov/Archives/edgar/data/1561921/000110465926113506/0001104659-26-113506-index.htm,EX-99.1,EXHIBIT 99.1,https://www.sec.gov/Archives/edgar/data/1561921/000110465926113506/tm2627013d1_ex99-1.htm,False,
ATNFW,2026-10-05 00:00:00,https://www.sec.gov/Archives/edgar/data/1690080/000121390026106655/0001213900-26-106655-index.htm,8-K,CURRENT REPORT,https://www.sec.gov/Archives/edgar/data/1690080/000121390026106655/ea0306080-8k_forum.htm,True,
ATNFW,2026-10-05 00:00:00,https://www.sec.gov/Archives/edgar/data/1690080/000121390026106655/0001213900-26-106655-index.htm,EX-10.1,"FIRST AMENDED AND RESTATED LIMITED LIABILITY COMPANY AGREEMENT OF FORUM EDGE AI,",https://www.sec.gov/Archives/edgar/data/1690080/000121390026106655/ea030608001ex10-1.htm,True,
ATNFW,2026-10-05 00:00:00,https://www.sec.gov/Archives/edgar/data/1690080/000121390026106655/0001213900-26-106655-index.htm,EX-99.1,"PRESS RELEASE, DATED OCTOBER 5, 2026, ANNOUNCING THE FORMATION OF THE JOINT VENT",https://www.sec.gov/Archives/edgar/data/1690080/000121390026106655/ea030608001ex99-1.htm,False,
ETHZ,2026-10-05 00:00:00,https://www.sec.gov/Archives/edgar/data/1690080/000121390026106655/0001213900-26-106655-index.htm,8-K,CURRENT REPORT,https://www.sec.gov/Archives/edgar/data/1690080/000121390026106655/ea0306080-8k_forum.htm,True,
ETHZ,2026-10-05 00:00:00,https://www.sec.gov/Archives/edgar/data/1690080/000121390026106655/0001213900-26-106655-index.htm,EX-10.1,"FIRST AMENDED AND RESTATED LIMITED LIABILITY COMPANY AGREEMENT OF FORUM EDGE AI,",https://www.sec.gov/Archives/edgar/data/1690080/000121390026106655/ea030608001ex10-1.htm,True,
ETHZ,2026-10-05 00:00:00,https://www.sec.gov/Archives/edgar/data/1690080/000121390026106655/0001213900-26-106655-index.htm,EX-99.1,"PRESS RELEASE, DATED OCTOBER 5, 2026, ANNOUNCING THE FORMATION OF THE JOINT VENT",https://www.sec.gov/Archives/edgar/data/1690080/000121390026106655/ea030608001ex99-1.htm,False,
FRMM,2026-10-05 00:00:00,https://www.sec.gov/Archives/edgar/data/1690080/000121390026106655/0001213900-26-106655-index.htm,8-K,CURRENT REPORT,https://www.sec.gov/Archives/edgar/data/1690080/000121390026106655/ea0306080-8k_forum.htm,True,
FRMM,2026-10-05 00:00:00,https://www.sec.gov/Archives/edgar/data/1690080/000121390026106655/0001213900-26-106655-index.htm,EX-10.1,"FIRST AMENDED AND RESTATED LIMITED LIABILITY COMPANY AGREEMENT OF FORUM EDGE AI,",https://www.sec.gov/Archives/edgar/data/1690080/000121390026106655/ea030608001ex10-1.htm,True,
FRMM,2026-10-05 00:00:00,https://www.sec.gov/Archives/edgar/data/1690080/000121390026106655/0001213900-26-106655-index.htm,EX-99.1,"PRESS RELEASE, DATED OCTOBER 5, 2026, ANNOUNCING THE FORMATION OF THE JOINT VENT",https://www.sec.gov/Archives/edgar/data/1690080/000121390026106655/ea030608001ex99-1.htm,False,
ATNF,2026-10-05 00:00:00,https://www.sec.gov/Archives/edgar/data/1690080/000121390026106655/0001213900-26-106655-index.htm,8-K,CURRENT REPORT,https://www.sec.gov/Archives/edgar/data/1690080/000121390026106655/ea0306080-8k_forum.htm,True,
ATNF,2026-10-05 00:00:00,https://www.sec.gov/Archives/edgar/data/1690080/000121390026106655/0001213900-26-106655-index.htm,EX-10.1,"FIRST AMENDED AND RESTATED LIMITED LIABILITY COMPANY AGREEMENT OF FORUM EDGE AI,",https://www.sec.gov/Archives/edgar/data/1690080/000121390026106655/ea030608001ex10-1.htm,True,
ATNF,2026-10-05 00:00:00,https://www.sec.gov/Archives/edgar/data/1690080/000121390026106655/0001213900-26-106655-index.htm,EX-99.1,"PRESS RELEASE, DATED OCTOBER 5, 2026, ANNOUNCING THE FORMATION OF THE JOINT VENT",https://www.sec.gov/Archives/edgar/data/1690080/000121390026106655/ea030608001ex99-1.htm,False,
BFLY,2026-10-05 00:00:00,https://www.sec.gov/Archives/edgar/data/1804176/000180417626000033/0001804176-26-000033-index.htm,8-K,8-K,https://www.sec.gov/Archives/edgar/data/1804176/000180417626000033/bfly-20260929.htm,False,
BFLY,2026-10-05 00:00:00,https://www.sec.gov/Archives/edgar/data/1804176/000180417626000033/0001804176-26-000033-index.htm,EX-99.1,EX-99.1,https://www.sec.gov/Archives/edgar/data/1804176/000180417626000033/bfly-20261005xexx991.htm,False,
BFLY-WT,2026-10-05 00:00:00,https://www.sec.gov/Archives/edgar/data/1804176/000180417626000033/0001804176-26-000033-index.htm,8-K,8-K,https://www.sec.gov/Archives/edgar/data/1804176/000180417626000033/bfly-20260929.htm,False,
BFLY-WT,2026-10-05 00:00:00,https://www.sec.gov/Archives/edgar/data/1804176/000180417626000033/0001804176-26-000033-index.htm,EX-99.1,EX-99.1,https://www.sec.gov/Archives/edgar/data/1804176/000180417626000033/bfly-20261005xexx991.htm,False,
PCVX,2026-10-05 00:00:00,https://www.sec.gov/Archives/edgar/data/1649094/000119312526413168/0001193125-26-413168-index.htm,8-K,8-K,https://www.sec.gov/Archives/edgar/data/1649094/000119312526413168/d21202d8k.htm,False,
PCVX,2026-10-05 00:00:00,https://www.sec.gov/Archives/edgar/data/1649094/000119312526413168/0001193125-26-413168-index.htm,EX-99.1,EX-99.1,https://www.sec.gov/Archives/edgar/data/1649094/000119312526413168/d21202dex991.htm,False,
SSII,2026-10-05 00:00:00,https://www.sec.gov/Archives/edgar/data/1676163/000121390026106654/0001213900-26-106654-index.htm,8-K,CURRENT REPORT,https://www.sec.gov/Archives/edgar/data/1676163/000121390026106654/ea0307579-8k_ssinnova.htm,False,
SSII,2026-10-05 00:00:00,https://www.sec.gov/Archives/edgar/data/1676163/000121390026106654/0001213900-26-106654-index.htm,EX-99.1,OCTOBER 2026 COMPANY PRESENTATION,https://www.sec.gov/Archives/edgar/data/1676163/000121390026106654/ea030757901ex99-1.htm,False,
AVMR,2026-10-05 00:00:00,https://www.sec.gov/Archives/edgar/data/1676163/000121390026106654/0001213900-26-106654-index.htm,8-K,CURRENT REPORT,https://www.sec.gov/Archives/edgar/data/1676163/000121390026106654/ea0307579-8k_ssinnova.htm,False,
AVMR,2026-10-05 00:00:00,https://www.sec.gov/Archives/edgar/data/1676163/000121390026106654/0001213900-26-106654-index.htm,EX-99.1,OCTOBER 2026 COMPANY PRESENTATION,https://www.sec.gov/Archives/edgar/data/1676163/000121390026106654/ea030757901ex99-1.htm,False,
JSPRW,2026-10-05 00:00:00,https://www.sec.gov/Archives/edgar/data/1788028/000121390026106651/0001213900-26-106651-index.htm,8-K,CURRENT REPORT,https://www.sec.gov/Archives/edgar/data/1788028/000121390026106651/ea0307484-8k_jasper.htm,False,
JSPR,2026-10-05 00:00:00,https://www.sec.gov/Archives/edgar/data/1788028/000121390026106651/0001213900-26-106651-index.htm,8-K,CURRENT REPORT,https://www.sec.gov/Archives/edgar/data/1788028/000121390026106651/ea0307484-8k_jasper.htm,False,
AMHCW,2026-10-05 00:00:00,https://www.sec.gov/Archives/edgar/data/1788028/000121390026106651/0001213900-26-106651-index.htm,8-K,CURRENT REPORT,https://www.sec.gov/Archives/edgar/data/1788028/000121390026106651/ea0307484-8k_jasper.htm,False,
AMHCU,2026-10-05 00:00:00,https://www.sec.gov/Archives/edgar/data/1788028/000121390026106651/0001213900-26-106651-index.htm,8-K,CURRENT REPORT,https://www.sec.gov/Archives/edgar/data/1788028/000121390026106651/ea0307484-8k_jasper.htm,False,
AMHC,2026-10-05 00:00:00,https://www.sec.gov/Archives/edgar/data/1788028/000121390026106651/0001213900-26-106651-index.htm,8-K,CURRENT REPORT,https://www.sec.gov/Archives/edgar/data/1788028/000121390026106651/ea0307484-8k_jasper.htm,False,
QIND,2026-10-05 00:00:00,https://www.sec.gov/Archives/edgar/data/1393781/000149315226045694/0001493152-26-045694-index.htm,8-K,8-K,https://www.sec.gov/Archives/edgar/data/1393781/000149315226045694/form8-k.htm,False,
WSFT,2026-10-05 00:00:00,https://www.sec.gov/Archives/edgar/data/1393781/000149315226045694/0001493152-26-045694-index.htm,8-K,8-K,https://www.sec.gov/Archives/edgar/data/1393781/000149315226045694/form8-k.htm,False,
STRF,2026-10-05 00:00:00,https://www.sec.gov/Archives/edgar/data/1050446/000119312526413164/0001193125-26-413164-index.htm,8-K,8-K,https://www.sec.gov/Archives/edgar/data/1050446/000119312526413164/mstr-20261005.htm,False,
STRK,2026-10-05 00:00:00,https://www.sec.gov/Archives/edgar/data/1050446/000119312526413164/0001193125-26-413164-index.htm,8-K,8-K,https://www.sec.gov/Archives/edgar/data/1050446/000119312526413164/mstr-20261005.htm,False,
MSTR,2026-10-05 00:00:00,https://www.sec.gov/Archives/edgar/data/1050446/000119312526413164/0001193125-26-413164-index.htm,8-K,8-K,https://www.sec.gov/Archives/edgar/data/1050446/000119312526413164/mstr-20261005.htm,False,
RZLT,2026-10-05 00:00:00,https://www.sec.gov/Archives/edgar/data/1509261/000110465926113503/0001104659-26-113503-index.htm,8-K,FORM 8-K,https://www.sec.gov/Archives/edgar/data/1509261/000110465926113503/tm2626976d1_8k.htm,False,
RZLT,2026-10-05 00:00:00,https://www.sec.gov/Archives/edgar/data/1509261/000110465926113503/0001104659-26-113503-index.htm,EX-99.1,EXHIBIT 99.1,https://www.sec.gov/Archives/edgar/data/1509261/000110465926113503/tm2626976d1_ex99-1.htm,False,
STRC,2026-10-05 00:00:00,https://www.sec.gov/Archives/edgar/data/1050446/000119312526413164/0001193125-26-413164-index.htm,8-K,8-K,https://www.sec.gov/Archives/edgar/data/1050446/000119312526413164/mstr-20261005.htm,False,
STRD,2026-10-05 00:00:00,https://www.sec.gov/Archives/edgar/data/1050446/000119312526413164/0001193125-26-413164-index.htm,8-K,8-K,https://www.sec.gov/Archives/edgar/data/1050446/000119312526413164/mstr-20261005.htm,False,
SATA,2026-10-05 00:00:00,https://www.sec.gov/Archives/edgar/data/1920406/000162828026064753/0001628280-26-064753-index.htm,8-K,8-K,https://www.sec.gov/Archives/edgar/data/1920406/000162828026064753/asst-20261005.htm,False,
ASST,2026-10-05 00:00:00,https://www.sec.gov/Archives/edgar/data/1920406/000162828026064753/0001628280-26-064753-index.htm,8-K,8-K,https://www.sec.gov/Archives/edgar/data/1920406/000162828026064753/asst-20261005.htm,False,
LAWS,2026-10-05 00:00:00,https://www.sec.gov/Archives/edgar/data/703604/000119312526413150/0001193125-26-413150-index.htm,8-K,8-K,https://www.sec.gov/Archives/edgar/data/703604/000119312526413150/d157566d8k.htm,True,
LAWS,2026-10-05 00:00:00,https://www.sec.gov/Archives/edgar/data/703604/000119312526413150/0001193125-26-413150-index.htm,EX-99.1,EX-99.1,https://www.sec.gov/Archives/edgar/data/703604/000119312526413150/d157566dex991.htm,True,
DSGR,2026-10-05 00:00:00,https://www.sec.gov/Archives/edgar/data/703604/000119312526413150/0001193125-26-413150-index.htm,8-K,8-K,https://www.sec.gov/Archives/edgar/data/703604/000119312526413150/d157566d8k.htm,True,
DSGR,2026-10-05 00:00:00,https://www.sec.gov/Archives/edgar/data/703604/000119312526413150/0001193125-26-413150-index.htm,EX-99.1,EX-99.1,https://www.sec.gov/Archives/edgar/data/703604/000119312526413150/d157566dex991.htm,True,
MTDR,2026-10-05 00:00:00,https://www.sec.gov/Archives/edgar/data/1520006/000152000626000050/0001520006-26-000050-index.htm,8-K,8-K,https://www.sec.gov/Archives/edgar/data/1520006/000152000626000050/mtdr-20261001.htm,False,
MTDR,2026-10-05 00:00:00,https://www.sec.gov/Archives/edgar/data/1520006/000152000626000050/0001520006-26-000050-index.htm,EX-99.1,EX-99.1,https://www.sec.gov/Archives/edgar/data/1520006/000152000626000050/paloma_closingxpressxrelea.htm,False,
HROWM,2026-10-05 00:00:00,https://www.sec.gov/Archives/edgar/data/1360214/000162828026064749/0001628280-26-064749-index.htm,8-K,8-K,https://www.sec.gov/Archives/edgar/data/1360214/000162828026064749/hrow-20261001.htm,True,
HROWM,2026-10-05 00:00:00,https://www.sec.gov/Archives/edgar/data/1360214/000162828026064749/0001628280-26-064749-index.htm,EX-99.1,EX-99.1,https://www.sec.gov/Archives/edgar/data/1360214/000162828026064749/hrow-20261001xex991.htm,False,
HROWL,2026-10-05 00:00:00,https://www.sec.gov/Archives/edgar/data/1360214/000162828026064749/0001628280-26-064749-index.htm,8-K,8-K,https://www.sec.gov/Archives/edgar/data/1360214/000162828026064749/hrow-20261001.htm,True,
HROWL,2026-10-05 00:00:00,https://www.sec.gov/Archives/edgar/data/1360214/000162828026064749/0001628280-26-064749-index.htm,EX-99.1,EX-99.1,https://www.sec.gov/Archives/edgar/data/1360214/000162828026064749/hrow-20261001xex991.htm,False,
HROW,2026-10-05 00:00:00,https://www.sec.gov/Archives/edgar/data/1360214/000162828026064749/0001628280-26-064749-index.htm,8-K,8-K,https://www.sec.gov/Archives/edgar/data/1360214/000162828026064749/hrow-20261001.htm,True,
HROW,2026-10-05 00:00:00,https://www.sec.gov/Archives/edgar/data/1360214/000162828026064749/0001628280-26-064749-index.htm,EX-99.1,EX-99.1,https://www.sec.gov/Archives/edgar/data/1360214/000162828026064749/hrow-20261001xex991.htm,False,
PTC,2026-10-05 00:00:00,https://www.sec.gov/Archives/edgar/data/857005/000119312526413124/0001193125-26-413124-index.htm,8-K,8-K,https://www.sec.gov/Archives/edgar/data/857005/000119312526413124/d174191d8k.htm,True,
PTC,2026-10-05 00:00:00,https://www.sec.gov/Archives/edgar/data/857005/000119312526413124/0001193125-26-413124-index.htm,EX-99.1,EX-99.1,https://www.sec.gov/Archives/edgar/data/857005/000119312526413124/d174191dex991.htm,False,
BBBY,2026-10-05 00:00:00,https://www.sec.gov/Archives/edgar/data/1130713/000114036126038532/0001140361-26-038532-index.htm,8-K,8-K,https://www.sec.gov/Archives/edgar/data/1130713/000114036126038532/ef20083268_8k.htm,False,
BBBY,2026-10-05 00:00:00,https://www.sec.gov/Archives/edgar/data/1130713/000114036126038532/0001140361-26-038532-index.htm,EX-99.1,EXHIBIT 99.1,https://www.sec.gov/Archives/edgar/data/1130713/000114036126038532/ef20083268_ex99-1.htm,False,
BYON,2026-10-05 00:00:00,https://www.sec.gov/Archives/edgar/data/1130713/000114036126038532/0001140361-26-038532-index.htm,8-K,8-K,https://www.sec.gov/Archives/edgar/data/1130713/000114036126038532/ef20083268_8k.htm,False,
BYON,2026-10-05 00:00:00,https://www.sec.gov/Archives/edgar/data/1130713/000114036126038532/0001140361-26-038532-index.htm,EX-99.1,EXHIBIT 99.1,https://www.sec.gov/Archives/edgar/data/1130713/000114036126038532/ef20083268_ex99-1.htm,False,
OSTK,2026-10-05 00:00:00,https://www.sec.gov/Archives/edgar/data/1130713/000114036126038532/0001140361-26-038532-index.htm,8-K,8-K,https://www.sec.gov/Archives/edgar/data/1130713/000114036126038532/ef20083268_8k.htm,False,
OSTK,2026-10-05 00:00:00,https://www.sec.gov/Archives/edgar/data/1130713/000114036126038532/0001140361-26-038532-index.htm,EX-99.1,EXHIBIT 99.1,https://www.sec.gov/Archives/edgar/data/1130713/000114036126038532/ef20083268_ex99-1.htm,False,
OSTKO,2026-10-05 00:00:00,https://www.sec.gov/Archives/edgar/data/1130713/000114036126038532/0001140361-26-038532-index.htm,8-K,8-K,https://www.sec.gov/Archives/edgar/data/1130713/000114036126038532/ef20083268_8k.htm,False,
OSTKO,2026-10-05 00:00:00,https://www.sec.gov/Archives/edgar/data/1130713/000114036126038532/0001140361-26-038532-index.htm,EX-99.1,EXHIBIT 99.1,https://www.sec.gov/Archives/edgar/data/1130713/000114036126038532/ef20083268_ex99-1.htm,False,
NXH,2026-10-05 00:00:00,https://www.sec.gov/Archives/edgar/data/1130713/000114036126038532/0001140361-26-038532-index.htm,8-K,8-K,https://www.sec.gov/Archives/edgar/data/1130713/000114036126038532/ef20083268_8k.htm,False,
NXH,2026-10-05 00:00:00,https://www.sec.gov/Archives/edgar/data/1130713/000114036126038532/0001140361-26-038532-index.htm,EX-99.1,EXHIBIT 99.1,https://www.sec.gov/Archives/edgar/data/1130713/000114036126038532/ef20083268_ex99-1.htm,False,
OSTBP,2026-10-05 00:00:00,https://www.sec.gov/Archives/edgar/data/1130713/000114036126038532/0001140361-26-038532-index.htm,8-K,8-K,https://www.sec.gov/Archives/edgar/data/1130713/000114036126038532/ef20083268_8k.htm,False,
OSTBP,2026-10-05 00:00:00,https://www.sec.gov/Archives/edgar/data/1130713/000114036126038532/0001140361-26-038532-index.htm,EX-99.1,EXHIBIT 99.1,https://www.sec.gov/Archives/edgar/data/1130713/000114036126038532/ef20083268_ex99-1.htm,False,
INSM,2026-10-05 00:00:00,https://www.sec.gov/Archives/edgar/data/1104506/000114036126038529/0001140361-26-038529-index.htm,8-K,8-K,https://www.sec.gov/Archives/edgar/data/1104506/000114036126038529/ef20083216_8k.htm,False,
INSM,2026-10-05 00:00:00,https://www.sec.gov/Archives/edgar/data/1104506/000114036126038529/0001140361-26-038529-index.htm,EX-99.1,EXHIBIT 99.1,https://www.sec.gov/Archives/edgar/data/1104506/000114036126038529/ef20083216_ex99-1.htm,False,
TDW,2026-10-05 00:00:00,https://www.sec.gov/Archives/edgar/data/98222/000110465926113492/0001104659-26-113492-index.htm,8-K,FORM 8-K,https://www.sec.gov/Archives/edgar/data/98222/000110465926113492/tm2626952d1_8k.htm,True,
TDW-WTB,2026-10-05 00:00:00,https://www.sec.gov/Archives/edgar/data/98222/000110465926113492/0001104659-26-113492-index.htm,8-K,FORM 8-K,https://www.sec.gov/Archives/edgar/data/98222/000110465926113492/tm2626952d1_8k.htm,True,
TDW-WTA,2026-10-05 00:00:00,https://www.sec.gov/Archives/edgar/data/98222/000110465926113492/0001104659-26-113492-index.htm,8-K,FORM 8-K,https://www.sec.gov/Archives/edgar/data/98222/000110465926113492/tm2626952d1_8k.htm,True,
TDW-WT,2026-10-05 00:00:00,https://www.sec.gov/Archives/edgar/data/98222/000110465926113492/0001104659-26-113492-index.htm,8-K,FORM 8-K,https://www.sec.gov/Archives/edgar/data/98222/000110465926113492/tm2626952d1_8k.htm,True,
TDGMW,2026-10-05 00:00:00,https://www.sec.gov/Archives/edgar/data/98222/000110465926113492/0001104659-26-113492-index.htm,8-K,FORM 8-K,https://www.sec.gov/Archives/edgar/data/98222/000110465926113492/tm2626952d1_8k.htm,True,
WMS,2026-10-05 00:00:00,https://www.sec.gov/Archives/edgar/data/1604028/000119312526413092/0001193125-26-413092-index.htm,8-K,8-K,https://www.sec.gov/Archives/edgar/data/1604028/000119312526413092/d119803d8k.htm,True,
WMS,2026-10-05 00:00:00,https://www.sec.gov/Archives/edgar/data/1604028/000119312526413092/0001193125-26-413092-index.htm,EX-99.1,EX-99.1,https://www.sec.gov/Archives/edgar/data/1604028/000119312526413092/d119803dex991.htm,True,
ALEC,2026-10-05 00:00:00,https://www.sec.gov/Archives/edgar/data/1653087/000119312526413090/0001193125-26-413090-index.htm,8-K,8-K,https://www.sec.gov/Archives/edgar/data/1653087/000119312526413090/alec-20260930.htm,True,
CWH,2026-10-05 00:00:00,https://www.sec.gov/Archives/edgar/data/1669779/000110465926113490/0001104659-26-113490-index.htm,8-K,FORM 8-K,https://www.sec.gov/Archives/edgar/data/1669779/000110465926113490/tm2627004d1_8k.htm,True,
GEO,2026-10-05 00:00:00,https://www.sec.gov/Archives/edgar/data/923796/000119312526413085/0001193125-26-413085-index.htm,8-K,8-K,https://www.sec.gov/Archives/edgar/data/923796/000119312526413085/d212275d8k.htm,True,
GEO,2026-10-05 00:00:00,https://www.sec.gov/Archives/edgar/data/923796/000119312526413085/0001193125-26-413085-index.htm,EX-10.1,EX-10.1,https://www.sec.gov/Archives/edgar/data/923796/000119312526413085/d212275dex101.htm,False,
GEO,2026-10-05 00:00:00,https://www.sec.gov/Archives/edgar/data/923796/000119312526413085/0001193125-26-413085-index.htm,EX-99.1,EX-99.1,https://www.sec.gov/Archives/edgar/data/923796/000119312526413085/d212275dex991.htm,True,
ETI-P,2026-10-05 00:00:00,https://www.sec.gov/Archives/edgar/data/1427437/000142743726000009/0001427437-26-000009-index.htm,8-K,8-K,https://www.sec.gov/Archives/edgar/data/1427437/000142743726000009/etr-20261002.htm,False,
AVY,2026-10-05 00:00:00,https://www.sec.gov/Archives/edgar/data/8818/000000881826000154/0000008818-26-000154-index.htm,8-K,8-K,https://www.sec.gov/Archives/edgar/data/8818/000000881826000154/avy-20260930.htm,False,
NWSA,2026-10-05 00:00:00,https://www.sec.gov/Archives/edgar/data/1564708/000156470826000215/0001564708-26-000215-index.htm,8-K,8-K,https://www.sec.gov/Archives/edgar/data/1564708/000156470826000215/nws-20261002.htm,False,
NWS,2026-10-05 00:00:00,https://www.sec.gov/Archives/edgar/data/1564708/000156470826000215/0001564708-26-000215-index.htm,8-K,8-K,https://www.sec.gov/Archives/edgar/data/1564708/000156470826000215/nws-20261002.htm,False,
DCGOW,2026-10-05 00:00:00,https://www.sec.gov/Archives/edgar/data/1822359/000162828026064740/0001628280-26-064740-index.htm,8-K,8-K,https://www.sec.gov/Archives/edgar/data/1822359/000162828026064740/dcgo-20261001.htm,True,
DCGOW,2026-10-05 00:00:00,https://www.sec.gov/Archives/edgar/data/1822359/000162828026064740/0001628280-26-064740-index.htm,EX-10.1,EX-10.1,https://www.sec.gov/Archives/edgar/data/1822359/000162828026064740/amendedandrestatedcreditag.htm,True,
DCGOW,2026-10-05 00:00:00,https://www.sec.gov/Archives/edgar/data/1822359/000162828026064740/0001628280-26-064740-index.htm,EX-10.2,EX-10.2,https://www.sec.gov/Archives/edgar/data/1822359/000162828026064740/amendedandrestatedsecurity.htm,True,
MOTNU,2026-10-05 00:00:00,https://www.sec.gov/Archives/edgar/data/1822359/000162828026064740/0001628280-26-064740-index.htm,8-K,8-K,https://www.sec.gov/Archives/edgar/data/1822359/000162828026064740/dcgo-20261001.htm,True,
MOTNU,2026-10-05 00:00:00,https://www.sec.gov/Archives/edgar/data/1822359/000162828026064740/0001628280-26-064740-index.htm,EX-10.1,EX-10.1,https://www.sec.gov/Archives/edgar/data/1822359/000162828026064740/amendedandrestatedcreditag.htm,True,
MOTNU,2026-10-05 00:00:00,https://www.sec.gov/Archives/edgar/data/1822359/000162828026064740/0001628280-26-064740-index.htm,EX-10.2,EX-10.2,https://www.sec.gov/Archives/edgar/data/1822359/000162828026064740/amendedandrestatedsecurity.htm,True,
DCGO,2026-10-05 00:00:00,https://www.sec.gov/Archives/edgar/data/1822359/000162828026064740/0001628280-26-064740-index.htm,8-K,8-K,https://www.sec.gov/Archives/edgar/data/1822359/000162828026064740/dcgo-20261001.htm,True,
DCGO,2026-10-05 00:00:00,https://www.sec.gov/Archives/edgar/data/1822359/000162828026064740/0001628280-26-064740-index.htm,EX-10.1,EX-10.1,https://www.sec.gov/Archives/edgar/data/1822359/000162828026064740/amendedandrestatedcreditag.htm,True,
DCGO,2026-10-05 00:00:00,https://www.sec.gov/Archives/edgar/data/1822359/000162828026064740/0001628280-26-064740-index.htm,EX-10.2,EX-10.2,https://www.sec.gov/Archives/edgar/data/1822359/000162828026064740/amendedandrestatedsecurity.htm,True,
LSH,2026-10-05 00:00:00,https://www.sec.gov/Archives/edgar/data/1996192/000121390026106621/0001213900-26-106621-index.htm,8-K,CURRENT REPORT,https://www.sec.gov/Archives/edgar/data/1996192/000121390026106621/ea0307673-8k_quanome.htm,True,
QNME,2026-10-05 00:00:00,https://www.sec.gov/Archives/edgar/data/1996192/000121390026106621/0001213900-26-106621-index.htm,8-K,CURRENT REPORT,https://www.sec.gov/Archives/edgar/data/1996192/000121390026106621/ea0307673-8k_quanome.htm,True,
ETN,2026-10-05 00:00:00,https://www.sec.gov/Archives/edgar/data/1551182/000114036126038523/0001140361-26-038523-index.htm,8-K,8-K,https://www.sec.gov/Archives/edgar/data/1551182/000114036126038523/ef20083229_8k.htm,False,
NVACW,2026-10-05 00:00:00,https://www.sec.gov/Archives/edgar/data/1859807/000121390026106610/0001213900-26-106610-index.htm,8-K,CURRENT REPORT,https://www.sec.gov/Archives/edgar/data/1859807/000121390026106610/ea0307663-8k_profusa.htm,True,
NVACW,2026-10-05 00:00:00,https://www.sec.gov/Archives/edgar/data/1859807/000121390026106610/0001213900-26-106610-index.htm,EX-10.1,"AMENDMENT NO. 1, DATED OCTOBER 4, 2026 TO THE SENIOR SECURED CONVERTIBLE PROMISS",https://www.sec.gov/Archives/edgar/data/1859807/000121390026106610/ea030766301ex10-1.htm,False,
NVACW,2026-10-05 00:00:00,https://www.sec.gov/Archives/edgar/data/1859807/000121390026106610/0001213900-26-106610-index.htm,EX-10.2,"AMENDMENT NO. 1, DATED OCTOBER 4, 2026, TO THE SENIOR SECURED CONVERTIBLE PROMIS",https://www.sec.gov/Archives/edgar/data/1859807/000121390026106610/ea030766301ex10-2.htm,False,
NVACR,2026-10-05 00:00:00,https://www.sec.gov/Archives/edgar/data/1859807/000121390026106610/0001213900-26-106610-index.htm,8-K,CURRENT REPORT,https://www.sec.gov/Archives/edgar/data/1859807/000121390026106610/ea0307663-8k_profusa.htm,True,
NVACR,2026-10-05 00:00:00,https://www.sec.gov/Archives/edgar/data/1859807/000121390026106610/0001213900-26-106610-index.htm,EX-10.1,"AMENDMENT NO. 1, DATED OCTOBER 4, 2026 TO THE SENIOR SECURED CONVERTIBLE PROMISS",https://www.sec.gov/Archives/edgar/data/1859807/000121390026106610/ea030766301ex10-1.htm,False,
NVACR,2026-10-05 00:00:00,https://www.sec.gov/Archives/edgar/data/1859807/000121390026106610/0001213900-26-106610-index.htm,EX-10.2,"AMENDMENT NO. 1, DATED OCTOBER 4, 2026, TO THE SENIOR SECURED CONVERTIBLE PROMIS",https://www.sec.gov/Archives/edgar/data/1859807/000121390026106610/ea030766301ex10-2.htm,False,
NVAC,2026-10-05 00:00:00,https://www.sec.gov/Archives/edgar/data/1859807/000121390026106610/0001213900-26-106610-index.htm,8-K,CURRENT REPORT,https://www.sec.gov/Archives/edgar/data/1859807/000121390026106610/ea0307663-8k_profusa.htm,True,
NVAC,2026-10-05 00:00:00,https://www.sec.gov/Archives/edgar/data/1859807/000121390026106610/0001213900-26-106610-index.htm,EX-10.1,"AMENDMENT NO. 1, DATED OCTOBER 4, 2026 TO THE SENIOR SECURED CONVERTIBLE PROMISS",https://www.sec.gov/Archives/edgar/data/1859807/000121390026106610/ea030766301ex10-1.htm,False,
NVAC,2026-10-05 00:00:00,https://www.sec.gov/Archives/edgar/data/1859807/000121390026106610/0001213900-26-106610-index.htm,EX-10.2,"AMENDMENT NO. 1, DATED OCTOBER 4, 2026, TO THE SENIOR SECURED CONVERTIBLE PROMIS",https://www.sec.gov/Archives/edgar/data/1859807/000121390026106610/ea030766301ex10-2.htm,False,
SGLA,2026-10-05 00:00:00,https://www.sec.gov/Archives/edgar/data/1433551/000149315226045668/0001493152-26-045668-index.htm,8-K,8-K,https://www.sec.gov/Archives/edgar/data/1433551/000149315226045668/form8-k.htm,True,
SGLA,2026-10-05 00:00:00,https://www.sec.gov/Archives/edgar/data/1433551/000149315226045668/0001493152-26-045668-index.htm,EX-10.1,EX-10.1,https://www.sec.gov/Archives/edgar/data/1433551/000149315226045668/ex10-1.htm,False,
SGLAD,2026-10-05 00:00:00,https://www.sec.gov/Archives/edgar/data/1433551/000149315226045668/0001493152-26-045668-index.htm,8-K,8-K,https://www.sec.gov/Archives/edgar/data/1433551/000149315226045668/form8-k.htm,True,
SGLAD,2026-10-05 00:00:00,https://www.sec.gov/Archives/edgar/data/1433551/000149315226045668/0001493152-26-045668-index.htm,EX-10.1,EX-10.1,https://www.sec.gov/Archives/edgar/data/1433551/000149315226045668/ex10-1.htm,False,
NFE,2026-10-05 00:00:00,https://www.sec.gov/Archives/edgar/data/1749723/000174972326000166/0001749723-26-000166-index.htm,8-K,8-K,https://www.sec.gov/Archives/edgar/data/1749723/000174972326000166/nfe-20261005.htm,False,
OHI,2026-10-05 00:00:00,https://www.sec.gov/Archives/edgar/data/888491/000110465926113450/0001104659-26-113450-index.htm,8-K,FORM 8-K,https://www.sec.gov/Archives/edgar/data/888491/000110465926113450/tm2627011d1_8k.htm,False,
OHI,2026-10-05 00:00:00,https://www.sec.gov/Archives/edgar/data/888491/000110465926113450/0001104659-26-113450-index.htm,EX-99.1,EXHIBIT 99.1,https://www.sec.gov/Archives/edgar/data/888491/000110465926113450/tm2627011d1_ex99-1.htm,False,
AITXD,2026-10-05 00:00:00,https://www.sec.gov/Archives/edgar/data/1498148/000106299326005174/0001062993-26-005174-index.htm,8-K,FORM 8-K,https://www.sec.gov/Archives/edgar/data/1498148/000106299326005174/form8k.htm,False,
AITXD,2026-10-05 00:00:00,https://www.sec.gov/Archives/edgar/data/1498148/000106299326005174/0001062993-26-005174-index.htm,EX-99.1,EXHIBIT 99.1,https://www.sec.gov/Archives/edgar/data/1498148/000106299326005174/exhibit99-1.htm,False,
AITX,2026-10-05 00:00:00,https://www.sec.gov/Archives/edgar/data/1498148/000106299326005174/0001062993-26-005174-index.htm,8-K,FORM 8-K,https://www.sec.gov/Archives/edgar/data/1498148/000106299326005174/form8k.htm,False,
AITX,2026-10-05 00:00:00,https://www.sec.gov/Archives/edgar/data/1498148/000106299326005174/0001062993-26-005174-index.htm,EX-99.1,EXHIBIT 99.1,https://www.sec.gov/Archives/edgar/data/1498148/000106299326005174/exhibit99-1.htm,False,
SPKLU,2026-10-05 00:00:00,https://www.sec.gov/Archives/edgar/data/1884046/000110465926113444/0001104659-26-113444-index.htm,8-K,FORM 8-K,https://www.sec.gov/Archives/edgar/data/1884046/000110465926113444/tm2626989d1_8k.htm,False,
SPKL,2026-10-05 00:00:00,https://www.sec.gov/Archives/edgar/data/1884046/000110465926113444/0001104659-26-113444-index.htm,8-K,FORM 8-K,https://www.sec.gov/Archives/edgar/data/1884046/000110465926113444/tm2626989d1_8k.htm,False,
SPKLW,2026-10-05 00:00:00,https://www.sec.gov/Archives/edgar/data/1884046/000110465926113444/0001104659-26-113444-index.htm,8-K,FORM 8-K,https://www.sec.gov/Archives/edgar/data/1884046/000110465926113444/tm2626989d1_8k.htm,False,
