symbol,filingDate,filing_detail_url,document_type,document_description,document_url,matched,error
AGRI,2026-08-17 00:00:00,https://www.sec.gov/Archives/edgar/data/1826397/000149315226038802/0001493152-26-038802-index.htm,8-K,8-K,https://www.sec.gov/Archives/edgar/data/1826397/000149315226038802/form8-k.htm,True,
AGRI,2026-08-17 00:00:00,https://www.sec.gov/Archives/edgar/data/1826397/000149315226038802/0001493152-26-038802-index.htm,EX-10.1,EX-10.1,https://www.sec.gov/Archives/edgar/data/1826397/000149315226038802/ex10-1.htm,False,
AVX,2026-08-17 00:00:00,https://www.sec.gov/Archives/edgar/data/1826397/000149315226038802/0001493152-26-038802-index.htm,8-K,8-K,https://www.sec.gov/Archives/edgar/data/1826397/000149315226038802/form8-k.htm,True,
AVX,2026-08-17 00:00:00,https://www.sec.gov/Archives/edgar/data/1826397/000149315226038802/0001493152-26-038802-index.htm,EX-10.1,EX-10.1,https://www.sec.gov/Archives/edgar/data/1826397/000149315226038802/ex10-1.htm,False,
AGRIW,2026-08-17 00:00:00,https://www.sec.gov/Archives/edgar/data/1826397/000149315226038802/0001493152-26-038802-index.htm,8-K,8-K,https://www.sec.gov/Archives/edgar/data/1826397/000149315226038802/form8-k.htm,True,
AGRIW,2026-08-17 00:00:00,https://www.sec.gov/Archives/edgar/data/1826397/000149315226038802/0001493152-26-038802-index.htm,EX-10.1,EX-10.1,https://www.sec.gov/Archives/edgar/data/1826397/000149315226038802/ex10-1.htm,False,
CHRS,2026-08-17 00:00:00,https://www.sec.gov/Archives/edgar/data/1512762/000110465926097951/0001104659-26-097951-index.htm,8-K,8-K,https://www.sec.gov/Archives/edgar/data/1512762/000110465926097951/chrs-20260817x8k.htm,True,
CHRS,2026-08-17 00:00:00,https://www.sec.gov/Archives/edgar/data/1512762/000110465926097951/0001104659-26-097951-index.htm,EX-99.1,EX-99.1,https://www.sec.gov/Archives/edgar/data/1512762/000110465926097951/chrs-20260817xex99d1.htm,True,
CHRS,2026-08-17 00:00:00,https://www.sec.gov/Archives/edgar/data/1512762/000110465926097949/0001104659-26-097949-index.htm,8-K,8-K,https://www.sec.gov/Archives/edgar/data/1512762/000110465926097949/chrs-20260817x8k.htm,True,
CHRS,2026-08-17 00:00:00,https://www.sec.gov/Archives/edgar/data/1512762/000110465926097949/0001104659-26-097949-index.htm,EX-10.1,EX-10.1,https://www.sec.gov/Archives/edgar/data/1512762/000110465926097949/chrs-20260817xex10d1.htm,True,
DYNR,2026-08-17 00:00:00,https://www.sec.gov/Archives/edgar/data/1111741/000119312526354308/0001193125-26-354308-index.htm,8-K,8-K,https://www.sec.gov/Archives/edgar/data/1111741/000119312526354308/dynr-20260811.htm,False,
DYNR,2026-08-17 00:00:00,https://www.sec.gov/Archives/edgar/data/1111741/000119312526354308/0001193125-26-354308-index.htm,EX-99.1,EX-99.1,https://www.sec.gov/Archives/edgar/data/1111741/000119312526354308/dynr-ex99_1.htm,False,
LNW,2026-08-17 00:00:00,https://www.sec.gov/Archives/edgar/data/750004/000110465926097948/0001104659-26-097948-index.htm,8-K,FORM 8-K,https://www.sec.gov/Archives/edgar/data/750004/000110465926097948/tm2623413d1_8k.htm,False,
LNW,2026-08-17 00:00:00,https://www.sec.gov/Archives/edgar/data/750004/000110465926097948/0001104659-26-097948-index.htm,EX-99.1,EXHIBIT 99.1,https://www.sec.gov/Archives/edgar/data/750004/000110465926097948/tm2623413d1_ex99-1.htm,False,
LNWO,2026-08-17 00:00:00,https://www.sec.gov/Archives/edgar/data/750004/000110465926097948/0001104659-26-097948-index.htm,8-K,FORM 8-K,https://www.sec.gov/Archives/edgar/data/750004/000110465926097948/tm2623413d1_8k.htm,False,
LNWO,2026-08-17 00:00:00,https://www.sec.gov/Archives/edgar/data/750004/000110465926097948/0001104659-26-097948-index.htm,EX-99.1,EXHIBIT 99.1,https://www.sec.gov/Archives/edgar/data/750004/000110465926097948/tm2623413d1_ex99-1.htm,False,
SGMS,2026-08-17 00:00:00,https://www.sec.gov/Archives/edgar/data/750004/000110465926097948/0001104659-26-097948-index.htm,8-K,FORM 8-K,https://www.sec.gov/Archives/edgar/data/750004/000110465926097948/tm2623413d1_8k.htm,False,
SGMS,2026-08-17 00:00:00,https://www.sec.gov/Archives/edgar/data/750004/000110465926097948/0001104659-26-097948-index.htm,EX-99.1,EXHIBIT 99.1,https://www.sec.gov/Archives/edgar/data/750004/000110465926097948/tm2623413d1_ex99-1.htm,False,
SKLZ,2026-08-17 00:00:00,https://www.sec.gov/Archives/edgar/data/1801661/000180166126000095/0001801661-26-000095-index.htm,8-K,8-K,https://www.sec.gov/Archives/edgar/data/1801661/000180166126000095/sklz-20260814.htm,False,
FIRY,2026-08-17 00:00:00,https://www.sec.gov/Archives/edgar/data/1801661/000180166126000095/0001801661-26-000095-index.htm,8-K,8-K,https://www.sec.gov/Archives/edgar/data/1801661/000180166126000095/sklz-20260814.htm,False,
NUAIW,2026-08-17 00:00:00,https://www.sec.gov/Archives/edgar/data/2028336/000121390026090827/0001213900-26-090827-index.htm,8-K,CURRENT REPORT,https://www.sec.gov/Archives/edgar/data/2028336/000121390026090827/ea0302467-8k_newera.htm,False,
NUAIW,2026-08-17 00:00:00,https://www.sec.gov/Archives/edgar/data/2028336/000121390026090827/0001213900-26-090827-index.htm,EX-99.1,"INVESTOR PRESENTATION OF NEW ERA ENERGY & DIGITAL INC., AUGUST 17, 2026",https://www.sec.gov/Archives/edgar/data/2028336/000121390026090827/ea030246701ex99-1.htm,True,
NUAI,2026-08-17 00:00:00,https://www.sec.gov/Archives/edgar/data/2028336/000121390026090827/0001213900-26-090827-index.htm,8-K,CURRENT REPORT,https://www.sec.gov/Archives/edgar/data/2028336/000121390026090827/ea0302467-8k_newera.htm,False,
NUAI,2026-08-17 00:00:00,https://www.sec.gov/Archives/edgar/data/2028336/000121390026090827/0001213900-26-090827-index.htm,EX-99.1,"INVESTOR PRESENTATION OF NEW ERA ENERGY & DIGITAL INC., AUGUST 17, 2026",https://www.sec.gov/Archives/edgar/data/2028336/000121390026090827/ea030246701ex99-1.htm,True,
NEHC,2026-08-17 00:00:00,https://www.sec.gov/Archives/edgar/data/2028336/000121390026090827/0001213900-26-090827-index.htm,8-K,CURRENT REPORT,https://www.sec.gov/Archives/edgar/data/2028336/000121390026090827/ea0302467-8k_newera.htm,False,
NEHC,2026-08-17 00:00:00,https://www.sec.gov/Archives/edgar/data/2028336/000121390026090827/0001213900-26-090827-index.htm,EX-99.1,"INVESTOR PRESENTATION OF NEW ERA ENERGY & DIGITAL INC., AUGUST 17, 2026",https://www.sec.gov/Archives/edgar/data/2028336/000121390026090827/ea030246701ex99-1.htm,True,
NEHCW,2026-08-17 00:00:00,https://www.sec.gov/Archives/edgar/data/2028336/000121390026090827/0001213900-26-090827-index.htm,8-K,CURRENT REPORT,https://www.sec.gov/Archives/edgar/data/2028336/000121390026090827/ea0302467-8k_newera.htm,False,
NEHCW,2026-08-17 00:00:00,https://www.sec.gov/Archives/edgar/data/2028336/000121390026090827/0001213900-26-090827-index.htm,EX-99.1,"INVESTOR PRESENTATION OF NEW ERA ENERGY & DIGITAL INC., AUGUST 17, 2026",https://www.sec.gov/Archives/edgar/data/2028336/000121390026090827/ea030246701ex99-1.htm,True,
PBAM,2026-08-17 00:00:00,https://www.sec.gov/Archives/edgar/data/1705284/000119312526354298/0001193125-26-354298-index.htm,8-K,8-K,https://www.sec.gov/Archives/edgar/data/1705284/000119312526354298/pbam-20260817.htm,False,
HLXC,2026-08-17 00:00:00,https://www.sec.gov/Archives/edgar/data/2099656/000121390026090826/0001213900-26-090826-index.htm,8-K,CURRENT REPORT,https://www.sec.gov/Archives/edgar/data/2099656/000121390026090826/ea0302451-8k_helix3.htm,False,
None,2026-08-17 00:00:00,https://www.sec.gov/Archives/edgar/data/2145996/000153949726002284/0001539497-26-002284-index.htm,8-K,8-K,https://www.sec.gov/Archives/edgar/data/2145996/000153949726002284/n6027_x22-8k.htm,False,
None,2026-08-17 00:00:00,https://www.sec.gov/Archives/edgar/data/2145996/000153949726002284/0001539497-26-002284-index.htm,EX-99.1,"MORTGAGE LOAN PURCHASE AGREEMENT, DATED AND EFFECTIVE AS OF AUGUST 13, 2026",https://www.sec.gov/Archives/edgar/data/2145996/000153949726002284/exh99_1-2026m1mlpa.htm,False,
CVLG,2026-08-17 00:00:00,https://www.sec.gov/Archives/edgar/data/928658/000100888626000205/0001008886-26-000205-index.htm,8-K,FORM 8-K,https://www.sec.gov/Archives/edgar/data/928658/000100888626000205/form8k.htm,False,
CVLG,2026-08-17 00:00:00,https://www.sec.gov/Archives/edgar/data/928658/000100888626000205/0001008886-26-000205-index.htm,EX-99.1,EXHIBIT 99.1,https://www.sec.gov/Archives/edgar/data/928658/000100888626000205/exhibit991.htm,False,
PSBD,2026-08-17 00:00:00,https://www.sec.gov/Archives/edgar/data/1794776/000119312526354292/0001193125-26-354292-index.htm,8-K,8-K,https://www.sec.gov/Archives/edgar/data/1794776/000119312526354292/psbd-20260817.htm,False,
WYY,2026-08-17 00:00:00,https://www.sec.gov/Archives/edgar/data/1034760/000165495426007700/0001654954-26-007700-index.htm,8-K,FORM 8-K,https://www.sec.gov/Archives/edgar/data/1034760/000165495426007700/wyy_8k.htm,False,
WYY,2026-08-17 00:00:00,https://www.sec.gov/Archives/edgar/data/1034760/000165495426007700/0001654954-26-007700-index.htm,EX-99.1,TRANSCRIPT OF EARNINGS CALL,https://www.sec.gov/Archives/edgar/data/1034760/000165495426007700/wyy_ex991.htm,False,
DUOT,2026-08-17 00:00:00,https://www.sec.gov/Archives/edgar/data/1396536/000155335026000118/0001553350-26-000118-index.htm,8-K,FORM 8-K,https://www.sec.gov/Archives/edgar/data/1396536/000155335026000118/duot_8k.htm,False,
DUOT,2026-08-17 00:00:00,https://www.sec.gov/Archives/edgar/data/1396536/000155335026000118/0001553350-26-000118-index.htm,EX-99.1,EXHIBIT 99.1,https://www.sec.gov/Archives/edgar/data/1396536/000155335026000118/ex99x1.htm,False,
None,2026-08-17 00:00:00,https://www.sec.gov/Archives/edgar/data/1914496/000191449626000138/0001914496-26-000138-index.htm,8-K,8-K,https://www.sec.gov/Archives/edgar/data/1914496/000191449626000138/sreit-20260817.htm,False,
KLIC,2026-08-17 00:00:00,https://www.sec.gov/Archives/edgar/data/56978/000005697826000034/0000056978-26-000034-index.htm,8-K,8-K,https://www.sec.gov/Archives/edgar/data/56978/000005697826000034/klic-20260813.htm,False,
KLIC,2026-08-17 00:00:00,https://www.sec.gov/Archives/edgar/data/56978/000005697826000034/0000056978-26-000034-index.htm,EX-10.1,EX-10.1,https://www.sec.gov/Archives/edgar/data/56978/000005697826000034/ex101ceo17aug.htm,False,
KLIC,2026-08-17 00:00:00,https://www.sec.gov/Archives/edgar/data/56978/000005697826000034/0000056978-26-000034-index.htm,EX-99.1,EX-99.1,https://www.sec.gov/Archives/edgar/data/56978/000005697826000034/ex991ceo17aug.htm,False,
LEAT,2026-08-17 00:00:00,https://www.sec.gov/Archives/edgar/data/1456189/000106299326004455/0001062993-26-004455-index.htm,8-K,FORM 8-K,https://www.sec.gov/Archives/edgar/data/1456189/000106299326004455/form8k.htm,False,
NEXM,2026-08-17 00:00:00,https://www.sec.gov/Archives/edgar/data/795800/000149315226038781/0001493152-26-038781-index.htm,8-K,8-K,https://www.sec.gov/Archives/edgar/data/795800/000149315226038781/form8-k.htm,False,
NEXM,2026-08-17 00:00:00,https://www.sec.gov/Archives/edgar/data/795800/000149315226038781/0001493152-26-038781-index.htm,EX-99.1,EX-99.1,https://www.sec.gov/Archives/edgar/data/795800/000149315226038781/ex99-1.htm,False,
WSCRD,2026-08-17 00:00:00,https://www.sec.gov/Archives/edgar/data/795800/000149315226038781/0001493152-26-038781-index.htm,8-K,8-K,https://www.sec.gov/Archives/edgar/data/795800/000149315226038781/form8-k.htm,False,
WSCRD,2026-08-17 00:00:00,https://www.sec.gov/Archives/edgar/data/795800/000149315226038781/0001493152-26-038781-index.htm,EX-99.1,EX-99.1,https://www.sec.gov/Archives/edgar/data/795800/000149315226038781/ex99-1.htm,False,
WSCRF,2026-08-17 00:00:00,https://www.sec.gov/Archives/edgar/data/795800/000149315226038781/0001493152-26-038781-index.htm,8-K,8-K,https://www.sec.gov/Archives/edgar/data/795800/000149315226038781/form8-k.htm,False,
WSCRF,2026-08-17 00:00:00,https://www.sec.gov/Archives/edgar/data/795800/000149315226038781/0001493152-26-038781-index.htm,EX-99.1,EX-99.1,https://www.sec.gov/Archives/edgar/data/795800/000149315226038781/ex99-1.htm,False,
PNRLF,2026-08-17 00:00:00,https://www.sec.gov/Archives/edgar/data/795800/000149315226038781/0001493152-26-038781-index.htm,8-K,8-K,https://www.sec.gov/Archives/edgar/data/795800/000149315226038781/form8-k.htm,False,
PNRLF,2026-08-17 00:00:00,https://www.sec.gov/Archives/edgar/data/795800/000149315226038781/0001493152-26-038781-index.htm,EX-99.1,EX-99.1,https://www.sec.gov/Archives/edgar/data/795800/000149315226038781/ex99-1.htm,False,
PMNT,2026-08-17 00:00:00,https://www.sec.gov/Archives/edgar/data/1849221/000149315226038779/0001493152-26-038779-index.htm,8-K,8-K,https://www.sec.gov/Archives/edgar/data/1849221/000149315226038779/form8-k.htm,False,
PMNT,2026-08-17 00:00:00,https://www.sec.gov/Archives/edgar/data/1849221/000149315226038779/0001493152-26-038779-index.htm,EX-99.1,EX-99.1,https://www.sec.gov/Archives/edgar/data/1849221/000149315226038779/ex99-1.htm,True,
NIMU,2026-08-17 00:00:00,https://www.sec.gov/Archives/edgar/data/720762/000149315226038776/0001493152-26-038776-index.htm,8-K,8-K,https://www.sec.gov/Archives/edgar/data/720762/000149315226038776/form8-k.htm,True,
NCRA,2026-08-17 00:00:00,https://www.sec.gov/Archives/edgar/data/1756180/000168316826006537/0001683168-26-006537-index.htm,8-K,CURRENT REPORT,https://www.sec.gov/Archives/edgar/data/1756180/000168316826006537/nocera_8k.htm,False,
SGLY,2026-08-17 00:00:00,https://www.sec.gov/Archives/edgar/data/1422892/000121390026090819/0001213900-26-090819-index.htm,8-K,CURRENT REPORT,https://www.sec.gov/Archives/edgar/data/1422892/000121390026090819/ea0302435-8k_singularity.htm,True,
SGLY,2026-08-17 00:00:00,https://www.sec.gov/Archives/edgar/data/1422892/000121390026090819/0001213900-26-090819-index.htm,EX-10.1,FORM OF THE SPA,https://www.sec.gov/Archives/edgar/data/1422892/000121390026090819/ea030243501ex10-1.htm,False,
SINO,2026-08-17 00:00:00,https://www.sec.gov/Archives/edgar/data/1422892/000121390026090819/0001213900-26-090819-index.htm,8-K,CURRENT REPORT,https://www.sec.gov/Archives/edgar/data/1422892/000121390026090819/ea0302435-8k_singularity.htm,True,
SINO,2026-08-17 00:00:00,https://www.sec.gov/Archives/edgar/data/1422892/000121390026090819/0001213900-26-090819-index.htm,EX-10.1,FORM OF THE SPA,https://www.sec.gov/Archives/edgar/data/1422892/000121390026090819/ea030243501ex10-1.htm,False,
CARE,2026-08-17 00:00:00,https://www.sec.gov/Archives/edgar/data/1829576/000182957626000083/0001829576-26-000083-index.htm,8-K,8-K,https://www.sec.gov/Archives/edgar/data/1829576/000182957626000083/care-20260817.htm,False,
BANR,2026-08-17 00:00:00,https://www.sec.gov/Archives/edgar/data/946673/000094667326000179/0000946673-26-000179-index.htm,8-K,8-K,https://www.sec.gov/Archives/edgar/data/946673/000094667326000179/banr-20260814.htm,False,
BANR,2026-08-17 00:00:00,https://www.sec.gov/Archives/edgar/data/946673/000094667326000179/0000946673-26-000179-index.htm,EX-99.1,"JOINT PRESS RELEASE OF BANNER CORP AND PACIFIC FINANCIAL CORP AUGUST 17, 2026",https://www.sec.gov/Archives/edgar/data/946673/000094667326000179/jointpressrelease08-17x26f.htm,False,
RAMP,2026-08-17 00:00:00,https://www.sec.gov/Archives/edgar/data/733269/000110465926097907/0001104659-26-097907-index.htm,8-K,FORM 8-K,https://www.sec.gov/Archives/edgar/data/733269/000110465926097907/tm2623310d1_8k.htm,False,
RAMP,2026-08-17 00:00:00,https://www.sec.gov/Archives/edgar/data/733269/000110465926097907/0001104659-26-097907-index.htm,EX-10.1,EXHIBIT 10.1,https://www.sec.gov/Archives/edgar/data/733269/000110465926097907/tm2623310d1_ex10-1.htm,False,
CURX,2026-08-17 00:00:00,https://www.sec.gov/Archives/edgar/data/2025942/000149315226038764/0001493152-26-038764-index.htm,8-K,8-K,https://www.sec.gov/Archives/edgar/data/2025942/000149315226038764/form8-k.htm,False,
PKE,2026-08-17 00:00:00,https://www.sec.gov/Archives/edgar/data/76267/000143774926028195/0001437749-26-028195-index.htm,8-K,FORM 8-K,https://www.sec.gov/Archives/edgar/data/76267/000143774926028195/pke20260817_8k.htm,False,
QDMI,2026-08-17 00:00:00,https://www.sec.gov/Archives/edgar/data/1094032/000121390026090800/0001213900-26-090800-index.htm,8-K,CURRENT REPORT,https://www.sec.gov/Archives/edgar/data/1094032/000121390026090800/ea0302323-8k_qdminter.htm,False,
QDMI,2026-08-17 00:00:00,https://www.sec.gov/Archives/edgar/data/1094032/000121390026090800/0001213900-26-090800-index.htm,EX-99.1,PRESS RELEASE,https://www.sec.gov/Archives/edgar/data/1094032/000121390026090800/ea030232301ex99-1.htm,False,
BKH,2026-08-17 00:00:00,https://www.sec.gov/Archives/edgar/data/1130464/000119312526354167/0001193125-26-354167-index.htm,8-K,8-K,https://www.sec.gov/Archives/edgar/data/1130464/000119312526354167/bkh-20260817.htm,False,
BKH,2026-08-17 00:00:00,https://www.sec.gov/Archives/edgar/data/1130464/000119312526354167/0001193125-26-354167-index.htm,EX-99.1,NWE Q2 2026 10-Q,https://www.sec.gov/Archives/edgar/data/1130464/000119312526354167/bkh-ex99_1.htm,True,
None,2026-08-17 00:00:00,https://www.sec.gov/Archives/edgar/data/2056516/000119312526354162/0001193125-26-354162-index.htm,8-K,8-K,https://www.sec.gov/Archives/edgar/data/2056516/000119312526354162/ck0002056516-20260813.htm,False,
FLXS,2026-08-17 00:00:00,https://www.sec.gov/Archives/edgar/data/37472/000119312526354160/0001193125-26-354160-index.htm,8-K,8-K,https://www.sec.gov/Archives/edgar/data/37472/000119312526354160/flxs-20260817.htm,False,
FLXS,2026-08-17 00:00:00,https://www.sec.gov/Archives/edgar/data/37472/000119312526354160/0001193125-26-354160-index.htm,EX-99.1,EX-99.1,https://www.sec.gov/Archives/edgar/data/37472/000119312526354160/flxs-ex99_1.htm,False,
LMNR,2026-08-17 00:00:00,https://www.sec.gov/Archives/edgar/data/1342423/000110465926097890/0001104659-26-097890-index.htm,8-K,FORM 8-K,https://www.sec.gov/Archives/edgar/data/1342423/000110465926097890/tm2623417d1_8k.htm,True,
LMNR,2026-08-17 00:00:00,https://www.sec.gov/Archives/edgar/data/1342423/000110465926097890/0001104659-26-097890-index.htm,EX-10.1,EXHIBIT 10.1,https://www.sec.gov/Archives/edgar/data/1342423/000110465926097890/tm2623417d1_ex10-1.htm,False,
LMNR,2026-08-17 00:00:00,https://www.sec.gov/Archives/edgar/data/1342423/000110465926097890/0001104659-26-097890-index.htm,EX-99.1,EXHIBIT 99.1,https://www.sec.gov/Archives/edgar/data/1342423/000110465926097890/tm2623417d1_ex99-1.htm,True,
VUZI,2026-08-17 00:00:00,https://www.sec.gov/Archives/edgar/data/1463972/000110465926097887/0001104659-26-097887-index.htm,8-K,FORM 8-K,https://www.sec.gov/Archives/edgar/data/1463972/000110465926097887/tm2623396d1_8k.htm,False,
VUZI,2026-08-17 00:00:00,https://www.sec.gov/Archives/edgar/data/1463972/000110465926097887/0001104659-26-097887-index.htm,EX-99.1,EXHIBIT 99.1,https://www.sec.gov/Archives/edgar/data/1463972/000110465926097887/tm2623396d1_ex99-1.htm,False,
UGIC,2026-08-17 00:00:00,https://www.sec.gov/Archives/edgar/data/884614/000110465926097884/0001104659-26-097884-index.htm,8-K,8-K,https://www.sec.gov/Archives/edgar/data/884614/000110465926097884/ugi-20260811x8k.htm,True,
UGI,2026-08-17 00:00:00,https://www.sec.gov/Archives/edgar/data/884614/000110465926097884/0001104659-26-097884-index.htm,8-K,8-K,https://www.sec.gov/Archives/edgar/data/884614/000110465926097884/ugi-20260811x8k.htm,True,
MET,2026-08-17 00:00:00,https://www.sec.gov/Archives/edgar/data/1099219/000109921926000052/0001099219-26-000052-index.htm,8-K,8-K,https://www.sec.gov/Archives/edgar/data/1099219/000109921926000052/met-20260817.htm,False,
MET,2026-08-17 00:00:00,https://www.sec.gov/Archives/edgar/data/1099219/000109921926000052/0001099219-26-000052-index.htm,EX-99.1,EX-99.1,https://www.sec.gov/Archives/edgar/data/1099219/000109921926000052/ex991newsrelease081726.htm,False,
MET-PF,2026-08-17 00:00:00,https://www.sec.gov/Archives/edgar/data/1099219/000109921926000052/0001099219-26-000052-index.htm,8-K,8-K,https://www.sec.gov/Archives/edgar/data/1099219/000109921926000052/met-20260817.htm,False,
MET-PF,2026-08-17 00:00:00,https://www.sec.gov/Archives/edgar/data/1099219/000109921926000052/0001099219-26-000052-index.htm,EX-99.1,EX-99.1,https://www.sec.gov/Archives/edgar/data/1099219/000109921926000052/ex991newsrelease081726.htm,False,
MET-PA,2026-08-17 00:00:00,https://www.sec.gov/Archives/edgar/data/1099219/000109921926000052/0001099219-26-000052-index.htm,8-K,8-K,https://www.sec.gov/Archives/edgar/data/1099219/000109921926000052/met-20260817.htm,False,
MET-PA,2026-08-17 00:00:00,https://www.sec.gov/Archives/edgar/data/1099219/000109921926000052/0001099219-26-000052-index.htm,EX-99.1,EX-99.1,https://www.sec.gov/Archives/edgar/data/1099219/000109921926000052/ex991newsrelease081726.htm,False,
MET-PE,2026-08-17 00:00:00,https://www.sec.gov/Archives/edgar/data/1099219/000109921926000052/0001099219-26-000052-index.htm,8-K,8-K,https://www.sec.gov/Archives/edgar/data/1099219/000109921926000052/met-20260817.htm,False,
MET-PE,2026-08-17 00:00:00,https://www.sec.gov/Archives/edgar/data/1099219/000109921926000052/0001099219-26-000052-index.htm,EX-99.1,EX-99.1,https://www.sec.gov/Archives/edgar/data/1099219/000109921926000052/ex991newsrelease081726.htm,False,
ATAX,2026-08-17 00:00:00,https://www.sec.gov/Archives/edgar/data/1059142/000119312526354147/0001193125-26-354147-index.htm,8-K,8-K,https://www.sec.gov/Archives/edgar/data/1059142/000119312526354147/ghi-20260817.htm,False,
ATAX,2026-08-17 00:00:00,https://www.sec.gov/Archives/edgar/data/1059142/000119312526354147/0001193125-26-354147-index.htm,EX-99.1,EX-99.1,https://www.sec.gov/Archives/edgar/data/1059142/000119312526354147/ghi-ex99_1.htm,False,
GHI,2026-08-17 00:00:00,https://www.sec.gov/Archives/edgar/data/1059142/000119312526354147/0001193125-26-354147-index.htm,8-K,8-K,https://www.sec.gov/Archives/edgar/data/1059142/000119312526354147/ghi-20260817.htm,False,
GHI,2026-08-17 00:00:00,https://www.sec.gov/Archives/edgar/data/1059142/000119312526354147/0001193125-26-354147-index.htm,EX-99.1,EX-99.1,https://www.sec.gov/Archives/edgar/data/1059142/000119312526354147/ghi-ex99_1.htm,False,
NNN,2026-08-17 00:00:00,https://www.sec.gov/Archives/edgar/data/751364/000119312526354148/0001193125-26-354148-index.htm,8-K,8-K,https://www.sec.gov/Archives/edgar/data/751364/000119312526354148/nnn-20260813.htm,False,
NNN,2026-08-17 00:00:00,https://www.sec.gov/Archives/edgar/data/751364/000119312526354148/0001193125-26-354148-index.htm,EX-99.1,EX-99.1,https://www.sec.gov/Archives/edgar/data/751364/000119312526354148/nnn-ex99_1.htm,False,
NNN-PF,2026-08-17 00:00:00,https://www.sec.gov/Archives/edgar/data/751364/000119312526354148/0001193125-26-354148-index.htm,8-K,8-K,https://www.sec.gov/Archives/edgar/data/751364/000119312526354148/nnn-20260813.htm,False,
NNN-PF,2026-08-17 00:00:00,https://www.sec.gov/Archives/edgar/data/751364/000119312526354148/0001193125-26-354148-index.htm,EX-99.1,EX-99.1,https://www.sec.gov/Archives/edgar/data/751364/000119312526354148/nnn-ex99_1.htm,False,
RSMDF,2026-08-17 00:00:00,https://www.sec.gov/Archives/edgar/data/943819/000119312526354154/0001193125-26-354154-index.htm,8-K,8-K,https://www.sec.gov/Archives/edgar/data/943819/000119312526354154/d292919d8k.htm,False,
RSMDF,2026-08-17 00:00:00,https://www.sec.gov/Archives/edgar/data/943819/000119312526354154/0001193125-26-354154-index.htm,EX-99.1,EX-99.1,https://www.sec.gov/Archives/edgar/data/943819/000119312526354154/d292919dex991.htm,False,
RMD,2026-08-17 00:00:00,https://www.sec.gov/Archives/edgar/data/943819/000119312526354154/0001193125-26-354154-index.htm,8-K,8-K,https://www.sec.gov/Archives/edgar/data/943819/000119312526354154/d292919d8k.htm,False,
RMD,2026-08-17 00:00:00,https://www.sec.gov/Archives/edgar/data/943819/000119312526354154/0001193125-26-354154-index.htm,EX-99.1,EX-99.1,https://www.sec.gov/Archives/edgar/data/943819/000119312526354154/d292919dex991.htm,False,
LGF-B,2026-08-17 00:00:00,https://www.sec.gov/Archives/edgar/data/929351/000092935126000037/0000929351-26-000037-index.htm,8-K,8-K,https://www.sec.gov/Archives/edgar/data/929351/000092935126000037/starz-20260812.htm,True,
LGF-B,2026-08-17 00:00:00,https://www.sec.gov/Archives/edgar/data/929351/000092935126000037/0000929351-26-000037-index.htm,EX-10.1,EX-10.1,https://www.sec.gov/Archives/edgar/data/929351/000092935126000037/exhibit101amendmentno1an.htm,True,
LGF-A,2026-08-17 00:00:00,https://www.sec.gov/Archives/edgar/data/929351/000092935126000037/0000929351-26-000037-index.htm,8-K,8-K,https://www.sec.gov/Archives/edgar/data/929351/000092935126000037/starz-20260812.htm,True,
LGF-A,2026-08-17 00:00:00,https://www.sec.gov/Archives/edgar/data/929351/000092935126000037/0000929351-26-000037-index.htm,EX-10.1,EX-10.1,https://www.sec.gov/Archives/edgar/data/929351/000092935126000037/exhibit101amendmentno1an.htm,True,
LGF,2026-08-17 00:00:00,https://www.sec.gov/Archives/edgar/data/929351/000092935126000037/0000929351-26-000037-index.htm,8-K,8-K,https://www.sec.gov/Archives/edgar/data/929351/000092935126000037/starz-20260812.htm,True,
LGF,2026-08-17 00:00:00,https://www.sec.gov/Archives/edgar/data/929351/000092935126000037/0000929351-26-000037-index.htm,EX-10.1,EX-10.1,https://www.sec.gov/Archives/edgar/data/929351/000092935126000037/exhibit101amendmentno1an.htm,True,
STRZ,2026-08-17 00:00:00,https://www.sec.gov/Archives/edgar/data/929351/000092935126000037/0000929351-26-000037-index.htm,8-K,8-K,https://www.sec.gov/Archives/edgar/data/929351/000092935126000037/starz-20260812.htm,True,
STRZ,2026-08-17 00:00:00,https://www.sec.gov/Archives/edgar/data/929351/000092935126000037/0000929351-26-000037-index.htm,EX-10.1,EX-10.1,https://www.sec.gov/Archives/edgar/data/929351/000092935126000037/exhibit101amendmentno1an.htm,True,
MOTNU,2026-08-17 00:00:00,https://www.sec.gov/Archives/edgar/data/1822359/000162828026057387/0001628280-26-057387-index.htm,8-K,8-K,https://www.sec.gov/Archives/edgar/data/1822359/000162828026057387/dcgo-20260816.htm,True,
MOTNU,2026-08-17 00:00:00,https://www.sec.gov/Archives/edgar/data/1822359/000162828026057387/0001628280-26-057387-index.htm,EX-10.1,EX-10.1,https://www.sec.gov/Archives/edgar/data/1822359/000162828026057387/ex101csa.htm,False,
MOTNU,2026-08-17 00:00:00,https://www.sec.gov/Archives/edgar/data/1822359/000162828026057387/0001628280-26-057387-index.htm,EX-99.1,EX-99.1,https://www.sec.gov/Archives/edgar/data/1822359/000162828026057387/ex-991xq226xer.htm,True,
DCGOW,2026-08-17 00:00:00,https://www.sec.gov/Archives/edgar/data/1822359/000162828026057387/0001628280-26-057387-index.htm,8-K,8-K,https://www.sec.gov/Archives/edgar/data/1822359/000162828026057387/dcgo-20260816.htm,True,
DCGOW,2026-08-17 00:00:00,https://www.sec.gov/Archives/edgar/data/1822359/000162828026057387/0001628280-26-057387-index.htm,EX-10.1,EX-10.1,https://www.sec.gov/Archives/edgar/data/1822359/000162828026057387/ex101csa.htm,False,
DCGOW,2026-08-17 00:00:00,https://www.sec.gov/Archives/edgar/data/1822359/000162828026057387/0001628280-26-057387-index.htm,EX-99.1,EX-99.1,https://www.sec.gov/Archives/edgar/data/1822359/000162828026057387/ex-991xq226xer.htm,True,
DCGO,2026-08-17 00:00:00,https://www.sec.gov/Archives/edgar/data/1822359/000162828026057387/0001628280-26-057387-index.htm,8-K,8-K,https://www.sec.gov/Archives/edgar/data/1822359/000162828026057387/dcgo-20260816.htm,True,
DCGO,2026-08-17 00:00:00,https://www.sec.gov/Archives/edgar/data/1822359/000162828026057387/0001628280-26-057387-index.htm,EX-10.1,EX-10.1,https://www.sec.gov/Archives/edgar/data/1822359/000162828026057387/ex101csa.htm,False,
DCGO,2026-08-17 00:00:00,https://www.sec.gov/Archives/edgar/data/1822359/000162828026057387/0001628280-26-057387-index.htm,EX-99.1,EX-99.1,https://www.sec.gov/Archives/edgar/data/1822359/000162828026057387/ex-991xq226xer.htm,True,
MTZ,2026-08-17 00:00:00,https://www.sec.gov/Archives/edgar/data/15615/000119312526354111/0001193125-26-354111-index.htm,8-K,8-K,https://www.sec.gov/Archives/edgar/data/15615/000119312526354111/d299977d8k.htm,True,
FN,2026-08-17 00:00:00,https://www.sec.gov/Archives/edgar/data/1408710/000140871026000026/0001408710-26-000026-index.htm,8-K,8-K,https://www.sec.gov/Archives/edgar/data/1408710/000140871026000026/fn-20260811.htm,True,
FN,2026-08-17 00:00:00,https://www.sec.gov/Archives/edgar/data/1408710/000140871026000026/0001408710-26-000026-index.htm,EX-10.1,EX-10.1,https://www.sec.gov/Archives/edgar/data/1408710/000140871026000026/fn-2026811xex101cfaamendme.htm,False,
FN,2026-08-17 00:00:00,https://www.sec.gov/Archives/edgar/data/1408710/000140871026000026/0001408710-26-000026-index.htm,EX-10.2,EX-10.2,https://www.sec.gov/Archives/edgar/data/1408710/000140871026000026/fn-2026811x8kex102termloan.htm,True,
FN,2026-08-17 00:00:00,https://www.sec.gov/Archives/edgar/data/1408710/000140871026000026/0001408710-26-000026-index.htm,EX-99.1,EX-99.1,https://www.sec.gov/Archives/edgar/data/1408710/000140871026000026/fn-2026811xex991q426.htm,False,
ASIX,2026-08-17 00:00:00,https://www.sec.gov/Archives/edgar/data/1673985/000095015726000916/0000950157-26-000916-index.htm,8-K,CURRENT REPORT,https://www.sec.gov/Archives/edgar/data/1673985/000095015726000916/form8-k.htm,True,
CVS,2026-08-17 00:00:00,https://www.sec.gov/Archives/edgar/data/64803/000119312526354096/0001193125-26-354096-index.htm,8-K,8-K,https://www.sec.gov/Archives/edgar/data/64803/000119312526354096/d129035d8k.htm,False,
CVS,2026-08-17 00:00:00,https://www.sec.gov/Archives/edgar/data/64803/000119312526354096/0001193125-26-354096-index.htm,EX-99.1,EX-99.1,https://www.sec.gov/Archives/edgar/data/64803/000119312526354096/d129035dex991.htm,False,
MOS,2026-08-17 00:00:00,https://www.sec.gov/Archives/edgar/data/1285785/000119312526354095/0001193125-26-354095-index.htm,8-K,8-K,https://www.sec.gov/Archives/edgar/data/1285785/000119312526354095/d168739d8k.htm,False,
KALU,2026-08-17 00:00:00,https://www.sec.gov/Archives/edgar/data/811596/000119312526354093/0001193125-26-354093-index.htm,8-K,8-K,https://www.sec.gov/Archives/edgar/data/811596/000119312526354093/kalu-20260812.htm,False,
KALU,2026-08-17 00:00:00,https://www.sec.gov/Archives/edgar/data/811596/000119312526354093/0001193125-26-354093-index.htm,EX-10.1,EX-10.1,https://www.sec.gov/Archives/edgar/data/811596/000119312526354093/kalu-ex10_1.htm,False,
KALU,2026-08-17 00:00:00,https://www.sec.gov/Archives/edgar/data/811596/000119312526354093/0001193125-26-354093-index.htm,EX-10.2,EX-10.2,https://www.sec.gov/Archives/edgar/data/811596/000119312526354093/kalu-ex10_2.htm,False,
KALU,2026-08-17 00:00:00,https://www.sec.gov/Archives/edgar/data/811596/000119312526354093/0001193125-26-354093-index.htm,EX-99.1,EX-99.1,https://www.sec.gov/Archives/edgar/data/811596/000119312526354093/kalu-ex99_1.htm,False,
GIGGW,2026-08-17 00:00:00,https://www.sec.gov/Archives/edgar/data/1836981/000143774926028183/0001437749-26-028183-index.htm,8-K,FORM 8-K,https://www.sec.gov/Archives/edgar/data/1836981/000143774926028183/bbai20260817c_8k.htm,False,
GIGGW,2026-08-17 00:00:00,https://www.sec.gov/Archives/edgar/data/1836981/000143774926028183/0001437749-26-028183-index.htm,EX-10.1,EXHIBIT 10.1,https://www.sec.gov/Archives/edgar/data/1836981/000143774926028183/ex_1005944.htm,False,
HDRN,2026-08-17 00:00:00,https://www.sec.gov/Archives/edgar/data/1836981/000143774926028183/0001437749-26-028183-index.htm,8-K,FORM 8-K,https://www.sec.gov/Archives/edgar/data/1836981/000143774926028183/bbai20260817c_8k.htm,False,
HDRN,2026-08-17 00:00:00,https://www.sec.gov/Archives/edgar/data/1836981/000143774926028183/0001437749-26-028183-index.htm,EX-10.1,EXHIBIT 10.1,https://www.sec.gov/Archives/edgar/data/1836981/000143774926028183/ex_1005944.htm,False,
BBAI,2026-08-17 00:00:00,https://www.sec.gov/Archives/edgar/data/1836981/000143774926028183/0001437749-26-028183-index.htm,8-K,FORM 8-K,https://www.sec.gov/Archives/edgar/data/1836981/000143774926028183/bbai20260817c_8k.htm,False,
BBAI,2026-08-17 00:00:00,https://www.sec.gov/Archives/edgar/data/1836981/000143774926028183/0001437749-26-028183-index.htm,EX-10.1,EXHIBIT 10.1,https://www.sec.gov/Archives/edgar/data/1836981/000143774926028183/ex_1005944.htm,False,
BBAI-WT,2026-08-17 00:00:00,https://www.sec.gov/Archives/edgar/data/1836981/000143774926028183/0001437749-26-028183-index.htm,8-K,FORM 8-K,https://www.sec.gov/Archives/edgar/data/1836981/000143774926028183/bbai20260817c_8k.htm,False,
BBAI-WT,2026-08-17 00:00:00,https://www.sec.gov/Archives/edgar/data/1836981/000143774926028183/0001437749-26-028183-index.htm,EX-10.1,EXHIBIT 10.1,https://www.sec.gov/Archives/edgar/data/1836981/000143774926028183/ex_1005944.htm,False,
GIG,2026-08-17 00:00:00,https://www.sec.gov/Archives/edgar/data/1836981/000143774926028183/0001437749-26-028183-index.htm,8-K,FORM 8-K,https://www.sec.gov/Archives/edgar/data/1836981/000143774926028183/bbai20260817c_8k.htm,False,
GIG,2026-08-17 00:00:00,https://www.sec.gov/Archives/edgar/data/1836981/000143774926028183/0001437749-26-028183-index.htm,EX-10.1,EXHIBIT 10.1,https://www.sec.gov/Archives/edgar/data/1836981/000143774926028183/ex_1005944.htm,False,
GIGGU,2026-08-17 00:00:00,https://www.sec.gov/Archives/edgar/data/1836981/000143774926028183/0001437749-26-028183-index.htm,8-K,FORM 8-K,https://www.sec.gov/Archives/edgar/data/1836981/000143774926028183/bbai20260817c_8k.htm,False,
GIGGU,2026-08-17 00:00:00,https://www.sec.gov/Archives/edgar/data/1836981/000143774926028183/0001437749-26-028183-index.htm,EX-10.1,EXHIBIT 10.1,https://www.sec.gov/Archives/edgar/data/1836981/000143774926028183/ex_1005944.htm,False,
BHR-PD,2026-08-17 00:00:00,https://www.sec.gov/Archives/edgar/data/1574085/000157408526000132/0001574085-26-000132-index.htm,8-K,8-K,https://www.sec.gov/Archives/edgar/data/1574085/000157408526000132/bhr-20260812.htm,False,
BHR-PD,2026-08-17 00:00:00,https://www.sec.gov/Archives/edgar/data/1574085/000157408526000132/0001574085-26-000132-index.htm,EX-99.1,EX-99.1,https://www.sec.gov/Archives/edgar/data/1574085/000157408526000132/bhrpierhousedispoproforma-.htm,False,
BHR-PB,2026-08-17 00:00:00,https://www.sec.gov/Archives/edgar/data/1574085/000157408526000132/0001574085-26-000132-index.htm,8-K,8-K,https://www.sec.gov/Archives/edgar/data/1574085/000157408526000132/bhr-20260812.htm,False,
BHR-PB,2026-08-17 00:00:00,https://www.sec.gov/Archives/edgar/data/1574085/000157408526000132/0001574085-26-000132-index.htm,EX-99.1,EX-99.1,https://www.sec.gov/Archives/edgar/data/1574085/000157408526000132/bhrpierhousedispoproforma-.htm,False,
BHR,2026-08-17 00:00:00,https://www.sec.gov/Archives/edgar/data/1574085/000157408526000132/0001574085-26-000132-index.htm,8-K,8-K,https://www.sec.gov/Archives/edgar/data/1574085/000157408526000132/bhr-20260812.htm,False,
BHR,2026-08-17 00:00:00,https://www.sec.gov/Archives/edgar/data/1574085/000157408526000132/0001574085-26-000132-index.htm,EX-99.1,EX-99.1,https://www.sec.gov/Archives/edgar/data/1574085/000157408526000132/bhrpierhousedispoproforma-.htm,False,
T-PA,2026-08-17 00:00:00,https://www.sec.gov/Archives/edgar/data/732717/000119312526354091/0001193125-26-354091-index.htm,8-K,8-K,https://www.sec.gov/Archives/edgar/data/732717/000119312526354091/d153710d8k.htm,False,
TBB,2026-08-17 00:00:00,https://www.sec.gov/Archives/edgar/data/732717/000119312526354091/0001193125-26-354091-index.htm,8-K,8-K,https://www.sec.gov/Archives/edgar/data/732717/000119312526354091/d153710d8k.htm,False,
T-PC,2026-08-17 00:00:00,https://www.sec.gov/Archives/edgar/data/732717/000119312526354091/0001193125-26-354091-index.htm,8-K,8-K,https://www.sec.gov/Archives/edgar/data/732717/000119312526354091/d153710d8k.htm,False,
T,2026-08-17 00:00:00,https://www.sec.gov/Archives/edgar/data/732717/000119312526354091/0001193125-26-354091-index.htm,8-K,8-K,https://www.sec.gov/Archives/edgar/data/732717/000119312526354091/d153710d8k.htm,False,
TBC,2026-08-17 00:00:00,https://www.sec.gov/Archives/edgar/data/732717/000119312526354091/0001193125-26-354091-index.htm,8-K,8-K,https://www.sec.gov/Archives/edgar/data/732717/000119312526354091/d153710d8k.htm,False,
MAZE,2026-08-17 00:00:00,https://www.sec.gov/Archives/edgar/data/1842295/000119312526354092/0001193125-26-354092-index.htm,8-K,8-K,https://www.sec.gov/Archives/edgar/data/1842295/000119312526354092/d135740d8k.htm,False,
MAZE,2026-08-17 00:00:00,https://www.sec.gov/Archives/edgar/data/1842295/000119312526354092/0001193125-26-354092-index.htm,EX-99.1,EX-99.1,https://www.sec.gov/Archives/edgar/data/1842295/000119312526354092/d135740dex991.htm,False,
PHXE,2026-08-17 00:00:00,https://www.sec.gov/Archives/edgar/data/1818643/000119312526354088/0001193125-26-354088-index.htm,8-K,8-K,https://www.sec.gov/Archives/edgar/data/1818643/000119312526354088/ck0001818643-20260812.htm,True,
PHXE,2026-08-17 00:00:00,https://www.sec.gov/Archives/edgar/data/1818643/000119312526354088/0001193125-26-354088-index.htm,EX-10.1,EX-10.1,https://www.sec.gov/Archives/edgar/data/1818643/000119312526354088/ck0001818643-ex10_1.htm,True,
RIBBU,2026-08-17 00:00:00,https://www.sec.gov/Archives/edgar/data/2035016/000121390026090771/0001213900-26-090771-index.htm,8-K,CURRENT REPORT,https://www.sec.gov/Archives/edgar/data/2035016/000121390026090771/ea0302381-8k_ribbon.htm,False,
RIBBR,2026-08-17 00:00:00,https://www.sec.gov/Archives/edgar/data/2035016/000121390026090771/0001213900-26-090771-index.htm,8-K,CURRENT REPORT,https://www.sec.gov/Archives/edgar/data/2035016/000121390026090771/ea0302381-8k_ribbon.htm,False,
RIBB,2026-08-17 00:00:00,https://www.sec.gov/Archives/edgar/data/2035016/000121390026090771/0001213900-26-090771-index.htm,8-K,CURRENT REPORT,https://www.sec.gov/Archives/edgar/data/2035016/000121390026090771/ea0302381-8k_ribbon.htm,False,
TONX,2026-08-17 00:00:00,https://www.sec.gov/Archives/edgar/data/1566610/000149315226038746/0001493152-26-038746-index.htm,8-K,8-K,https://www.sec.gov/Archives/edgar/data/1566610/000149315226038746/form8-k.htm,False,
TONX,2026-08-17 00:00:00,https://www.sec.gov/Archives/edgar/data/1566610/000149315226038746/0001493152-26-038746-index.htm,EX-99.1,EX-99.1,https://www.sec.gov/Archives/edgar/data/1566610/000149315226038746/ex99-1.htm,False,
VERB,2026-08-17 00:00:00,https://www.sec.gov/Archives/edgar/data/1566610/000149315226038746/0001493152-26-038746-index.htm,8-K,8-K,https://www.sec.gov/Archives/edgar/data/1566610/000149315226038746/form8-k.htm,False,
VERB,2026-08-17 00:00:00,https://www.sec.gov/Archives/edgar/data/1566610/000149315226038746/0001493152-26-038746-index.htm,EX-99.1,EX-99.1,https://www.sec.gov/Archives/edgar/data/1566610/000149315226038746/ex99-1.htm,False,
VERBW,2026-08-17 00:00:00,https://www.sec.gov/Archives/edgar/data/1566610/000149315226038746/0001493152-26-038746-index.htm,8-K,8-K,https://www.sec.gov/Archives/edgar/data/1566610/000149315226038746/form8-k.htm,False,
VERBW,2026-08-17 00:00:00,https://www.sec.gov/Archives/edgar/data/1566610/000149315226038746/0001493152-26-038746-index.htm,EX-99.1,EX-99.1,https://www.sec.gov/Archives/edgar/data/1566610/000149315226038746/ex99-1.htm,False,
COCP,2026-08-17 00:00:00,https://www.sec.gov/Archives/edgar/data/1412486/000149315226038747/0001493152-26-038747-index.htm,8-K,8-K,https://www.sec.gov/Archives/edgar/data/1412486/000149315226038747/form8-k.htm,False,
COCP,2026-08-17 00:00:00,https://www.sec.gov/Archives/edgar/data/1412486/000149315226038747/0001493152-26-038747-index.htm,EX-99.1,EX-99.1,https://www.sec.gov/Archives/edgar/data/1412486/000149315226038747/ex99-1.htm,False,
SJM,2026-08-17 00:00:00,https://www.sec.gov/Archives/edgar/data/91419/000009141926000076/0000091419-26-000076-index.htm,8-K,8-K,https://www.sec.gov/Archives/edgar/data/91419/000009141926000076/sjm-20260812.htm,False,
SNDA,2026-08-17 00:00:00,https://www.sec.gov/Archives/edgar/data/1043000/000119312526354085/0001193125-26-354085-index.htm,8-K,8-K,https://www.sec.gov/Archives/edgar/data/1043000/000119312526354085/d104965d8k.htm,False,
SNDA,2026-08-17 00:00:00,https://www.sec.gov/Archives/edgar/data/1043000/000119312526354085/0001193125-26-354085-index.htm,EX-99.1,EX-99.1,https://www.sec.gov/Archives/edgar/data/1043000/000119312526354085/d104965dex991.htm,True,
CSU,2026-08-17 00:00:00,https://www.sec.gov/Archives/edgar/data/1043000/000119312526354085/0001193125-26-354085-index.htm,8-K,8-K,https://www.sec.gov/Archives/edgar/data/1043000/000119312526354085/d104965d8k.htm,False,
CSU,2026-08-17 00:00:00,https://www.sec.gov/Archives/edgar/data/1043000/000119312526354085/0001193125-26-354085-index.htm,EX-99.1,EX-99.1,https://www.sec.gov/Archives/edgar/data/1043000/000119312526354085/d104965dex991.htm,True,
AON,2026-08-17 00:00:00,https://www.sec.gov/Archives/edgar/data/315293/000119312526354083/0001193125-26-354083-index.htm,8-K,8-K,https://www.sec.gov/Archives/edgar/data/315293/000119312526354083/d376816d8k.htm,False,
AON,2026-08-17 00:00:00,https://www.sec.gov/Archives/edgar/data/315293/000119312526354083/0001193125-26-354083-index.htm,EX-10.1,EX-10.1,https://www.sec.gov/Archives/edgar/data/315293/000119312526354083/d376816dex101.htm,False,
SEII,2026-08-17 00:00:00,https://www.sec.gov/Archives/edgar/data/819926/000147793226005134/0001477932-26-005134-index.htm,8-K,FORM 8-K,https://www.sec.gov/Archives/edgar/data/819926/000147793226005134/seii_8k.htm,True,
SEII,2026-08-17 00:00:00,https://www.sec.gov/Archives/edgar/data/819926/000147793226005134/0001477932-26-005134-index.htm,EX-10.1,NON-EMPLOYEE DIRECTOR AGREEMENT,https://www.sec.gov/Archives/edgar/data/819926/000147793226005134/seii_ex101.htm,False,
UHID,2026-08-17 00:00:00,https://www.sec.gov/Archives/edgar/data/352915/000119312526354078/0001193125-26-354078-index.htm,8-K,8-K,https://www.sec.gov/Archives/edgar/data/352915/000119312526354078/uhs-20260817.htm,True,
UHID,2026-08-17 00:00:00,https://www.sec.gov/Archives/edgar/data/352915/000119312526354078/0001193125-26-354078-index.htm,EX-99.1,EX-99.1,https://www.sec.gov/Archives/edgar/data/352915/000119312526354078/uhs-ex99_1.htm,False,
UHS,2026-08-17 00:00:00,https://www.sec.gov/Archives/edgar/data/352915/000119312526354078/0001193125-26-354078-index.htm,8-K,8-K,https://www.sec.gov/Archives/edgar/data/352915/000119312526354078/uhs-20260817.htm,True,
UHS,2026-08-17 00:00:00,https://www.sec.gov/Archives/edgar/data/352915/000119312526354078/0001193125-26-354078-index.htm,EX-99.1,EX-99.1,https://www.sec.gov/Archives/edgar/data/352915/000119312526354078/uhs-ex99_1.htm,False,
PVL,2026-08-17 00:00:00,https://www.sec.gov/Archives/edgar/data/1520048/000110465926097857/0001104659-26-097857-index.htm,8-K,FORM 8-K,https://www.sec.gov/Archives/edgar/data/1520048/000110465926097857/tm2623402d1_8k.htm,False,
PVL,2026-08-17 00:00:00,https://www.sec.gov/Archives/edgar/data/1520048/000110465926097857/0001104659-26-097857-index.htm,EX-99.1,EXHIBIT 99.1,https://www.sec.gov/Archives/edgar/data/1520048/000110465926097857/tm2623402d1_ex99-1.htm,False,
None,2026-08-17 00:00:00,https://www.sec.gov/Archives/edgar/data/2023016/000121390026090766/0001213900-26-090766-index.htm,8-K,CURRENT REPORT,https://www.sec.gov/Archives/edgar/data/2023016/000121390026090766/ea0302457-8k_turn.htm,False,
None,2026-08-17 00:00:00,https://www.sec.gov/Archives/edgar/data/931182/000119312526354068/0001193125-26-354068-index.htm,8-K,8-K,https://www.sec.gov/Archives/edgar/data/906107/000119312526354068/d372623d8k.htm,True,
None,2026-08-17 00:00:00,https://www.sec.gov/Archives/edgar/data/931182/000119312526354068/0001193125-26-354068-index.htm,EX-10.1,EX-10.1,https://www.sec.gov/Archives/edgar/data/906107/000119312526354068/d372623dex101.htm,True,
None,2026-08-17 00:00:00,https://www.sec.gov/Archives/edgar/data/931182/000119312526354068/0001193125-26-354068-index.htm,EX-10.2,EX-10.2,https://www.sec.gov/Archives/edgar/data/906107/000119312526354068/d372623dex102.htm,True,
EQR,2026-08-17 00:00:00,https://www.sec.gov/Archives/edgar/data/906107/000119312526354068/0001193125-26-354068-index.htm,8-K,8-K,https://www.sec.gov/Archives/edgar/data/906107/000119312526354068/d372623d8k.htm,True,
EQR,2026-08-17 00:00:00,https://www.sec.gov/Archives/edgar/data/906107/000119312526354068/0001193125-26-354068-index.htm,EX-10.1,EX-10.1,https://www.sec.gov/Archives/edgar/data/906107/000119312526354068/d372623dex101.htm,True,
EQR,2026-08-17 00:00:00,https://www.sec.gov/Archives/edgar/data/906107/000119312526354068/0001193125-26-354068-index.htm,EX-10.2,EX-10.2,https://www.sec.gov/Archives/edgar/data/906107/000119312526354068/d372623dex102.htm,True,
WTRU,2026-08-17 00:00:00,https://www.sec.gov/Archives/edgar/data/78128/000119312526354055/0001193125-26-354055-index.htm,8-K,8-K,https://www.sec.gov/Archives/edgar/data/78128/000119312526354055/d156812d8k.htm,False,
WTRU,2026-08-17 00:00:00,https://www.sec.gov/Archives/edgar/data/78128/000119312526354055/0001193125-26-354055-index.htm,EX-99.1,EX-99.1,https://www.sec.gov/Archives/edgar/data/78128/000119312526354055/d156812dex991.htm,True,
WTRG,2026-08-17 00:00:00,https://www.sec.gov/Archives/edgar/data/78128/000119312526354055/0001193125-26-354055-index.htm,8-K,8-K,https://www.sec.gov/Archives/edgar/data/78128/000119312526354055/d156812d8k.htm,False,
WTRG,2026-08-17 00:00:00,https://www.sec.gov/Archives/edgar/data/78128/000119312526354055/0001193125-26-354055-index.htm,EX-99.1,EX-99.1,https://www.sec.gov/Archives/edgar/data/78128/000119312526354055/d156812dex991.htm,True,
AARD,2026-08-17 00:00:00,https://www.sec.gov/Archives/edgar/data/1774857/000119312526354053/0001193125-26-354053-index.htm,8-K,8-K,https://www.sec.gov/Archives/edgar/data/1774857/000119312526354053/ck0001774857-20260814.htm,False,
MDRX,2026-08-17 00:00:00,https://www.sec.gov/Archives/edgar/data/1124804/000119312526354052/0001193125-26-354052-index.htm,8-K,8-K,https://www.sec.gov/Archives/edgar/data/1124804/000119312526354052/mdrx-20260817.htm,False,
MDRX,2026-08-17 00:00:00,https://www.sec.gov/Archives/edgar/data/1124804/000119312526354052/0001193125-26-354052-index.htm,EX-99.1,EX-99.1,https://www.sec.gov/Archives/edgar/data/1124804/000119312526354052/mdrx-ex99_1.htm,False,
STIM,2026-08-17 00:00:00,https://www.sec.gov/Archives/edgar/data/1227636/000119312526354051/0001193125-26-354051-index.htm,8-K,8-K,https://www.sec.gov/Archives/edgar/data/1227636/000119312526354051/d168245d8k.htm,False,
MVIS,2026-08-17 00:00:00,https://www.sec.gov/Archives/edgar/data/65770/000149315226038743/0001493152-26-038743-index.htm,8-K,8-K,https://www.sec.gov/Archives/edgar/data/65770/000149315226038743/form8-k.htm,True,
MVIS,2026-08-17 00:00:00,https://www.sec.gov/Archives/edgar/data/65770/000149315226038743/0001493152-26-038743-index.htm,EX-10.1,EX-10.1,https://www.sec.gov/Archives/edgar/data/65770/000149315226038743/ex10-1.htm,True,
MVIS,2026-08-17 00:00:00,https://www.sec.gov/Archives/edgar/data/65770/000149315226038743/0001493152-26-038743-index.htm,EX-99.1,EX-99.1,https://www.sec.gov/Archives/edgar/data/65770/000149315226038743/ex99-1.htm,False,
EMPR,2026-08-17 00:00:00,https://www.sec.gov/Archives/edgar/data/887396/000107261326000688/0001072613-26-000688-index.htm,8-K,"FORM 8K DATED AUGUST 17, 2026",https://www.sec.gov/Archives/edgar/data/887396/000107261326000688/emp_8k-19082.htm,False,
EP,2026-08-17 00:00:00,https://www.sec.gov/Archives/edgar/data/887396/000107261326000688/0001072613-26-000688-index.htm,8-K,"FORM 8K DATED AUGUST 17, 2026",https://www.sec.gov/Archives/edgar/data/887396/000107261326000688/emp_8k-19082.htm,False,
TDC,2026-08-17 00:00:00,https://www.sec.gov/Archives/edgar/data/816761/000081676126000032/0000816761-26-000032-index.htm,8-K,8-K,https://www.sec.gov/Archives/edgar/data/816761/000081676126000032/tdc-20260812.htm,True,
TDC,2026-08-17 00:00:00,https://www.sec.gov/Archives/edgar/data/816761/000081676126000032/0000816761-26-000032-index.htm,EX-10.1,EX-10.1,https://www.sec.gov/Archives/edgar/data/816761/000081676126000032/tdc08172026exhibit101.htm,False,
HBNC,2026-08-17 00:00:00,https://www.sec.gov/Archives/edgar/data/706129/000070612926000066/0000706129-26-000066-index.htm,8-K,8-K,https://www.sec.gov/Archives/edgar/data/706129/000070612926000066/hbnc-20260817.htm,False,
HBNC,2026-08-17 00:00:00,https://www.sec.gov/Archives/edgar/data/706129/000070612926000066/0000706129-26-000066-index.htm,EX-99.1,EX-99.1,https://www.sec.gov/Archives/edgar/data/706129/000070612926000066/horizonbankappointsnicho.htm,False,
RKT,2026-08-17 00:00:00,https://www.sec.gov/Archives/edgar/data/1805284/000162828026057366/0001628280-26-057366-index.htm,8-K,8-K,https://www.sec.gov/Archives/edgar/data/1805284/000162828026057366/rkt-20260817.htm,False,
RKT,2026-08-17 00:00:00,https://www.sec.gov/Archives/edgar/data/1805284/000162828026057366/0001628280-26-057366-index.htm,EX-99.1,EX-99.1,https://www.sec.gov/Archives/edgar/data/1805284/000162828026057366/rkt-08172026x8xkexhibit991.htm,False,
FSLY,2026-08-17 00:00:00,https://www.sec.gov/Archives/edgar/data/1517413/000151741326000238/0001517413-26-000238-index.htm,8-K,8-K,https://www.sec.gov/Archives/edgar/data/1517413/000151741326000238/fsly-20260817.htm,True,
IEX,2026-08-17 00:00:00,https://www.sec.gov/Archives/edgar/data/832101/000119312526354040/0001193125-26-354040-index.htm,8-K,8-K,https://www.sec.gov/Archives/edgar/data/832101/000119312526354040/d371988d8k.htm,False,
MSI,2026-08-17 00:00:00,https://www.sec.gov/Archives/edgar/data/68505/000119312526354035/0001193125-26-354035-index.htm,8-K,8-K,https://www.sec.gov/Archives/edgar/data/68505/000119312526354035/d143399d8k.htm,False,
SILOD,2026-08-17 00:00:00,https://www.sec.gov/Archives/edgar/data/1514183/000121390026090748/0001213900-26-090748-index.htm,8-K,CURRENT REPORT,https://www.sec.gov/Archives/edgar/data/1514183/000121390026090748/ea0302240-8k_silo.htm,False,
SILO,2026-08-17 00:00:00,https://www.sec.gov/Archives/edgar/data/1514183/000121390026090748/0001213900-26-090748-index.htm,8-K,CURRENT REPORT,https://www.sec.gov/Archives/edgar/data/1514183/000121390026090748/ea0302240-8k_silo.htm,False,
AMD,2026-08-17 00:00:00,https://www.sec.gov/Archives/edgar/data/2488/000119312526354029/0001193125-26-354029-index.htm,8-K,8-K,https://www.sec.gov/Archives/edgar/data/2488/000119312526354029/d142696d8k.htm,True,
NDRAW,2026-08-17 00:00:00,https://www.sec.gov/Archives/edgar/data/1681682/000121390026090747/0001213900-26-090747-index.htm,8-K,CURRENT REPORT,https://www.sec.gov/Archives/edgar/data/1681682/000121390026090747/ea0302156-8k425_endra.htm,False,
NDRAW,2026-08-17 00:00:00,https://www.sec.gov/Archives/edgar/data/1681682/000121390026090747/0001213900-26-090747-index.htm,EX-99.1,"PRESS RELEASE DATED AUGUST 17, 2026, FURNISHED HEREWITH",https://www.sec.gov/Archives/edgar/data/1681682/000121390026090747/ea030215601ex99-1.htm,False,
OPTT,2026-08-17 00:00:00,https://www.sec.gov/Archives/edgar/data/1378140/000149315226038739/0001493152-26-038739-index.htm,8-K,8-K,https://www.sec.gov/Archives/edgar/data/1378140/000149315226038739/form8-k.htm,False,
OPTT,2026-08-17 00:00:00,https://www.sec.gov/Archives/edgar/data/1378140/000149315226038739/0001493152-26-038739-index.htm,EX-99.1,EX-99.1,https://www.sec.gov/Archives/edgar/data/1378140/000149315226038739/ex99-1.htm,False,
AIDX,2026-08-17 00:00:00,https://www.sec.gov/Archives/edgar/data/1139685/000121390026090746/0001213900-26-090746-index.htm,8-K,CURRENT REPORT,https://www.sec.gov/Archives/edgar/data/1139685/000121390026090746/ea0302153-8k_2020bio.htm,False,
AIDX,2026-08-17 00:00:00,https://www.sec.gov/Archives/edgar/data/1139685/000121390026090746/0001213900-26-090746-index.htm,EX-99.1,"PRESS RELEASE ISSUED ON AUGUST 17, 2026",https://www.sec.gov/Archives/edgar/data/1139685/000121390026090746/ea030215301ex99-1.htm,False,
NDRA,2026-08-17 00:00:00,https://www.sec.gov/Archives/edgar/data/1681682/000121390026090747/0001213900-26-090747-index.htm,8-K,CURRENT REPORT,https://www.sec.gov/Archives/edgar/data/1681682/000121390026090747/ea0302156-8k425_endra.htm,False,
NDRA,2026-08-17 00:00:00,https://www.sec.gov/Archives/edgar/data/1681682/000121390026090747/0001213900-26-090747-index.htm,EX-99.1,"PRESS RELEASE DATED AUGUST 17, 2026, FURNISHED HEREWITH",https://www.sec.gov/Archives/edgar/data/1681682/000121390026090747/ea030215601ex99-1.htm,False,
GPK,2026-08-17 00:00:00,https://www.sec.gov/Archives/edgar/data/1408075/000119312526354027/0001193125-26-354027-index.htm,8-K,8-K,https://www.sec.gov/Archives/edgar/data/1408075/000119312526354027/d115777d8k.htm,False,
None,2026-08-17 00:00:00,https://www.sec.gov/Archives/edgar/data/1585101/000162828026057363/0001628280-26-057363-index.htm,8-K,HGIT JULY 2026 NAV S-3 8-K,https://www.sec.gov/Archives/edgar/data/1585101/000162828026057363/hgit-20260817.htm,False,
ARDX,2026-08-17 00:00:00,https://www.sec.gov/Archives/edgar/data/1437402/000119312526354026/0001193125-26-354026-index.htm,8-K,8-K,https://www.sec.gov/Archives/edgar/data/1437402/000119312526354026/d921015d8k.htm,False,
INTT,2026-08-17 00:00:00,https://www.sec.gov/Archives/edgar/data/1036262/000103626226000047/0001036262-26-000047-index.htm,8-K,8-K,https://www.sec.gov/Archives/edgar/data/1036262/000103626226000047/intt-20260814.htm,True,
INTT,2026-08-17 00:00:00,https://www.sec.gov/Archives/edgar/data/1036262/000103626226000047/0001036262-26-000047-index.htm,EX-10.1,EX-10.1,https://www.sec.gov/Archives/edgar/data/1036262/000103626226000047/exhibit1018thamendement.htm,True,
ILMN,2026-08-17 00:00:00,https://www.sec.gov/Archives/edgar/data/1110803/000119312526354010/0001193125-26-354010-index.htm,8-K,8-K,https://www.sec.gov/Archives/edgar/data/1110803/000119312526354010/d51146d8k.htm,False,
WEN,2026-08-17 00:00:00,https://www.sec.gov/Archives/edgar/data/30697/000119312526354008/0001193125-26-354008-index.htm,8-K,8-K,https://www.sec.gov/Archives/edgar/data/30697/000119312526354008/d126117d8k.htm,False,
None,2026-08-17 00:00:00,https://www.sec.gov/Archives/edgar/data/931182/000114036126033377/0001140361-26-033377-index.htm,8-K,8-K,https://www.sec.gov/Archives/edgar/data/906107/000114036126033377/ef20080318_8k.htm,True,
None,2026-08-17 00:00:00,https://www.sec.gov/Archives/edgar/data/931182/000114036126033377/0001140361-26-033377-index.htm,EX-99.1,EXHIBIT 99.1,https://www.sec.gov/Archives/edgar/data/906107/000114036126033377/ef20080318_ex99-1.htm,False,
EQR,2026-08-17 00:00:00,https://www.sec.gov/Archives/edgar/data/906107/000114036126033377/0001140361-26-033377-index.htm,8-K,8-K,https://www.sec.gov/Archives/edgar/data/906107/000114036126033377/ef20080318_8k.htm,True,
EQR,2026-08-17 00:00:00,https://www.sec.gov/Archives/edgar/data/906107/000114036126033377/0001140361-26-033377-index.htm,EX-99.1,EXHIBIT 99.1,https://www.sec.gov/Archives/edgar/data/906107/000114036126033377/ef20080318_ex99-1.htm,False,
AVB,2026-08-17 00:00:00,https://www.sec.gov/Archives/edgar/data/915912/000110465926097833/0001104659-26-097833-index.htm,8-K,FORM 8-K,https://www.sec.gov/Archives/edgar/data/915912/000110465926097833/tm2623381d1_8k.htm,False,
AVB,2026-08-17 00:00:00,https://www.sec.gov/Archives/edgar/data/915912/000110465926097833/0001104659-26-097833-index.htm,EX-99.1,EXHIBIT 99.1,https://www.sec.gov/Archives/edgar/data/915912/000110465926097833/tm2623381d1_ex99-1.htm,False,
PSTI,2026-08-17 00:00:00,https://www.sec.gov/Archives/edgar/data/1158780/000121390026090738/0001213900-26-090738-index.htm,8-K,CURRENT REPORT,https://www.sec.gov/Archives/edgar/data/1158780/000121390026090738/ea0302362-8k_pluri.htm,False,
PLUR,2026-08-17 00:00:00,https://www.sec.gov/Archives/edgar/data/1158780/000121390026090738/0001213900-26-090738-index.htm,8-K,CURRENT REPORT,https://www.sec.gov/Archives/edgar/data/1158780/000121390026090738/ea0302362-8k_pluri.htm,False,
EVMN,2026-08-17 00:00:00,https://www.sec.gov/Archives/edgar/data/1837254/000121390026090736/0001213900-26-090736-index.htm,8-K,CURRENT REPORT,https://www.sec.gov/Archives/edgar/data/1837254/000121390026090736/ea0302335-8k_function.htm,False,
EVMN,2026-08-17 00:00:00,https://www.sec.gov/Archives/edgar/data/1837254/000121390026090736/0001213900-26-090736-index.htm,EX-99.1,"PRESS RELEASE OF FUNCTIONAL BRANDS INC., DATED AUGUST 17, 2026",https://www.sec.gov/Archives/edgar/data/1837254/000121390026090736/ea030233501ex99-1.htm,False,
MEHA,2026-08-17 00:00:00,https://www.sec.gov/Archives/edgar/data/1837254/000121390026090736/0001213900-26-090736-index.htm,8-K,CURRENT REPORT,https://www.sec.gov/Archives/edgar/data/1837254/000121390026090736/ea0302335-8k_function.htm,False,
MEHA,2026-08-17 00:00:00,https://www.sec.gov/Archives/edgar/data/1837254/000121390026090736/0001213900-26-090736-index.htm,EX-99.1,"PRESS RELEASE OF FUNCTIONAL BRANDS INC., DATED AUGUST 17, 2026",https://www.sec.gov/Archives/edgar/data/1837254/000121390026090736/ea030233501ex99-1.htm,False,
AGH,2026-08-17 00:00:00,https://www.sec.gov/Archives/edgar/data/2009312/000149315226038731/0001493152-26-038731-index.htm,8-K,8-K,https://www.sec.gov/Archives/edgar/data/2009312/000149315226038731/form8-k.htm,False,
AGH,2026-08-17 00:00:00,https://www.sec.gov/Archives/edgar/data/2009312/000149315226038731/0001493152-26-038731-index.htm,EX-99.1,EX-99.1,https://www.sec.gov/Archives/edgar/data/2009312/000149315226038731/ex99-1.htm,False,
EDBL,2026-08-17 00:00:00,https://www.sec.gov/Archives/edgar/data/1809750/000147793226005129/0001477932-26-005129-index.htm,8-K,FORM 8-K,https://www.sec.gov/Archives/edgar/data/1809750/000147793226005129/edbl_8k.htm,False,
EDBLW,2026-08-17 00:00:00,https://www.sec.gov/Archives/edgar/data/1809750/000147793226005129/0001477932-26-005129-index.htm,8-K,FORM 8-K,https://www.sec.gov/Archives/edgar/data/1809750/000147793226005129/edbl_8k.htm,False,
None,2026-08-17 00:00:00,https://www.sec.gov/Archives/edgar/data/2081628/000162828026057310/0001628280-26-057310-index.htm,8-K,8-K,https://www.sec.gov/Archives/edgar/data/2081628/000162828026057310/rhome-20260817.htm,False,
ADIA,2026-08-17 00:00:00,https://www.sec.gov/Archives/edgar/data/1160420/000168316826006525/0001683168-26-006525-index.htm,8-K,CURRENT REPORT,https://www.sec.gov/Archives/edgar/data/1160420/000168316826006525/adia_8k.htm,False,
None,2026-08-17 00:00:00,https://www.sec.gov/Archives/edgar/data/1370218/000114036126033347/0001140361-26-033347-index.htm,8-K,8-K,https://www.sec.gov/Archives/edgar/data/1370218/000114036126033347/ef20080463_8k.htm,False,
None,2026-08-17 00:00:00,https://www.sec.gov/Archives/edgar/data/1370218/000114036126033347/0001140361-26-033347-index.htm,EX-99.1,EXHIBIT 99.1,https://www.sec.gov/Archives/edgar/data/1370218/000114036126033347/ef20080463_ex99-1.htm,False,
None,2026-08-17 00:00:00,https://www.sec.gov/Archives/edgar/data/1976927/000197692726000065/0001976927-26-000065-index.htm,8-K,8-K,https://www.sec.gov/Archives/edgar/data/1976927/000197692726000065/incref-20260731.htm,True,
JETMF,2026-08-17 00:00:00,https://www.sec.gov/Archives/edgar/data/1846084/000119312526353763/0001193125-26-353763-index.htm,8-K,8-K,https://www.sec.gov/Archives/edgar/data/1846084/000119312526353763/jetmf-20260811.htm,False,
None,2026-08-17 00:00:00,https://www.sec.gov/Archives/edgar/data/1625941/000162828026057288/0001628280-26-057288-index.htm,8-K,8-K,https://www.sec.gov/Archives/edgar/data/1625941/000162828026057288/aire-20260731.htm,True,
None,2026-08-17 00:00:00,https://www.sec.gov/Archives/edgar/data/1625941/000162828026057288/0001628280-26-057288-index.htm,EX-99.1,EX-99.1,https://www.sec.gov/Archives/edgar/data/1625941/000162828026057288/aire-20260731ex991.htm,False,
None,2026-08-17 00:00:00,https://www.sec.gov/Archives/edgar/data/1327978/000162828026057287/0001628280-26-057287-index.htm,8-K,8-K,https://www.sec.gov/Archives/edgar/data/1327978/000162828026057287/are-20260731.htm,True,
None,2026-08-17 00:00:00,https://www.sec.gov/Archives/edgar/data/1327978/000162828026057287/0001628280-26-057287-index.htm,EX-99.1,EX-99.1,https://www.sec.gov/Archives/edgar/data/1327978/000162828026057287/are-20260731ex991.htm,False,
NUKK,2026-08-17 00:00:00,https://www.sec.gov/Archives/edgar/data/1787518/000118518526003572/0001185185-26-003572-index.htm,8-K,FORM 8-K,https://www.sec.gov/Archives/edgar/data/1787518/000118518526003572/dfns8k081726.htm,False,
NUKKW,2026-08-17 00:00:00,https://www.sec.gov/Archives/edgar/data/1787518/000118518526003572/0001185185-26-003572-index.htm,8-K,FORM 8-K,https://www.sec.gov/Archives/edgar/data/1787518/000118518526003572/dfns8k081726.htm,False,
BRLIU,2026-08-17 00:00:00,https://www.sec.gov/Archives/edgar/data/1787518/000118518526003572/0001185185-26-003572-index.htm,8-K,FORM 8-K,https://www.sec.gov/Archives/edgar/data/1787518/000118518526003572/dfns8k081726.htm,False,
BRLIW,2026-08-17 00:00:00,https://www.sec.gov/Archives/edgar/data/1787518/000118518526003572/0001185185-26-003572-index.htm,8-K,FORM 8-K,https://www.sec.gov/Archives/edgar/data/1787518/000118518526003572/dfns8k081726.htm,False,
BRLIR,2026-08-17 00:00:00,https://www.sec.gov/Archives/edgar/data/1787518/000118518526003572/0001185185-26-003572-index.htm,8-K,FORM 8-K,https://www.sec.gov/Archives/edgar/data/1787518/000118518526003572/dfns8k081726.htm,False,
BRLI,2026-08-17 00:00:00,https://www.sec.gov/Archives/edgar/data/1787518/000118518526003572/0001185185-26-003572-index.htm,8-K,FORM 8-K,https://www.sec.gov/Archives/edgar/data/1787518/000118518526003572/dfns8k081726.htm,False,
None,2026-08-17 00:00:00,https://www.sec.gov/Archives/edgar/data/1293234/000153949726002278/0001539497-26-002278-index.htm,8-K,FORM 8-K,https://www.sec.gov/Archives/edgar/data/1293234/000153949726002278/n5801_x5-8k.htm,False,
None,2026-08-17 00:00:00,https://www.sec.gov/Archives/edgar/data/1868516/000110465926097745/0001104659-26-097745-index.htm,8-K,8-K,https://www.sec.gov/Archives/edgar/data/1868516/000110465926097745/sdir-20260817x8k.htm,False,
None,2026-08-17 00:00:00,https://www.sec.gov/Archives/edgar/data/1756761/000175676126000119/0001756761-26-000119-index.htm,8-K,8-K,https://www.sec.gov/Archives/edgar/data/1756761/000175676126000119/inreit-20260731.htm,True,
LEXX,2026-08-17 00:00:00,https://www.sec.gov/Archives/edgar/data/1348362/000164033426001384/0001640334-26-001384-index.htm,8-K,FORM 8-K,https://www.sec.gov/Archives/edgar/data/1348362/000164033426001384/lxrp_8k.htm,False,
LEXXW,2026-08-17 00:00:00,https://www.sec.gov/Archives/edgar/data/1348362/000164033426001384/0001640334-26-001384-index.htm,8-K,FORM 8-K,https://www.sec.gov/Archives/edgar/data/1348362/000164033426001384/lxrp_8k.htm,False,
None,2026-08-17 00:00:00,https://www.sec.gov/Archives/edgar/data/1893899/000106299326004452/0001062993-26-004452-index.htm,8-K,FORM 8-K,https://www.sec.gov/Archives/edgar/data/1893899/000106299326004452/form8k.htm,True,
None,2026-08-17 00:00:00,https://www.sec.gov/Archives/edgar/data/1893899/000106299326004452/0001062993-26-004452-index.htm,EX-10.1,EXHIBIT 10.1,https://www.sec.gov/Archives/edgar/data/1893899/000106299326004452/exhibit10-1.htm,False,
None,2026-08-17 00:00:00,https://www.sec.gov/Archives/edgar/data/1893899/000106299326004452/0001062993-26-004452-index.htm,EX-99.1,EXHIBIT 99.1,https://www.sec.gov/Archives/edgar/data/1893899/000106299326004452/exhibit99-1.htm,False,
GIPR,2026-08-17 00:00:00,https://www.sec.gov/Archives/edgar/data/1651721/000119312526353639/0001193125-26-353639-index.htm,8-K,8-K,https://www.sec.gov/Archives/edgar/data/1651721/000119312526353639/gipr-20260817.htm,False,
GIPR,2026-08-17 00:00:00,https://www.sec.gov/Archives/edgar/data/1651721/000119312526353639/0001193125-26-353639-index.htm,EX-99.1,EX-99.1,https://www.sec.gov/Archives/edgar/data/1651721/000119312526353639/gipr-ex99_1.htm,False,
GIPRW,2026-08-17 00:00:00,https://www.sec.gov/Archives/edgar/data/1651721/000119312526353639/0001193125-26-353639-index.htm,8-K,8-K,https://www.sec.gov/Archives/edgar/data/1651721/000119312526353639/gipr-20260817.htm,False,
GIPRW,2026-08-17 00:00:00,https://www.sec.gov/Archives/edgar/data/1651721/000119312526353639/0001193125-26-353639-index.htm,EX-99.1,EX-99.1,https://www.sec.gov/Archives/edgar/data/1651721/000119312526353639/gipr-ex99_1.htm,False,
VGZ,2026-08-17 00:00:00,https://www.sec.gov/Archives/edgar/data/783324/000078332426000043/0000783324-26-000043-index.htm,8-K,8-K,https://www.sec.gov/Archives/edgar/data/783324/000078332426000043/vgz-20260817x8k.htm,False,
VGZ,2026-08-17 00:00:00,https://www.sec.gov/Archives/edgar/data/783324/000078332426000043/0000783324-26-000043-index.htm,EX-99.1,EX-99.1,https://www.sec.gov/Archives/edgar/data/783324/000078332426000043/vgz-20260817xex99d1.htm,False,
PPC,2026-08-17 00:00:00,https://www.sec.gov/Archives/edgar/data/802481/000080248126000053/0000802481-26-000053-index.htm,8-K,8-K,https://www.sec.gov/Archives/edgar/data/802481/000080248126000053/ppc-20260814.htm,True,
PPC,2026-08-17 00:00:00,https://www.sec.gov/Archives/edgar/data/802481/000080248126000053/0000802481-26-000053-index.htm,EX-99.1,EX-99.1,https://www.sec.gov/Archives/edgar/data/802481/000080248126000053/ex991pressrelease.htm,False,
UAMY,2026-08-17 00:00:00,https://www.sec.gov/Archives/edgar/data/101538/000110465926097708/0001104659-26-097708-index.htm,8-K,FORM 8-K,https://www.sec.gov/Archives/edgar/data/101538/000110465926097708/tm2622899d2_8k.htm,False,
UAMY,2026-08-17 00:00:00,https://www.sec.gov/Archives/edgar/data/101538/000110465926097708/0001104659-26-097708-index.htm,EX-99.1,EXHIBIT 99.1,https://www.sec.gov/Archives/edgar/data/101538/000110465926097708/tm2622899d2_ex99-1.htm,False,
AXP,2026-08-17 00:00:00,https://www.sec.gov/Archives/edgar/data/4962/000000496226000345/0000004962-26-000345-index.htm,8-K,8-K,https://www.sec.gov/Archives/edgar/data/4962/000000496226000345/axp-20260817.htm,False,
None,2026-08-17 00:00:00,https://www.sec.gov/Archives/edgar/data/2138186/000119312526353578/0001193125-26-353578-index.htm,8-K,8-K,https://www.sec.gov/Archives/edgar/data/2138186/000119312526353578/d157264d8k.htm,True,
None,2026-08-17 00:00:00,https://www.sec.gov/Archives/edgar/data/946155/000094615526000100/0000946155-26-000100-index.htm,8-K,8-K,https://www.sec.gov/Archives/edgar/data/946155/000094615526000100/tiaareal-20260817.htm,False,
None,2026-08-17 00:00:00,https://www.sec.gov/Archives/edgar/data/946155/000094615526000100/0000946155-26-000100-index.htm,EX-99.1,EX-99.1,https://www.sec.gov/Archives/edgar/data/946155/000094615526000100/a991reafaq63026.htm,True,
None,2026-08-17 00:00:00,https://www.sec.gov/Archives/edgar/data/1959585/000182912626008939/0001829126-26-008939-index.htm,8-K,8-K,https://www.sec.gov/Archives/edgar/data/1959585/000182912626008939/protopiaglobal_8k.htm,False,
CFR,2026-08-17 00:00:00,https://www.sec.gov/Archives/edgar/data/39263/000003926326000049/0000039263-26-000049-index.htm,8-K,8-K,https://www.sec.gov/Archives/edgar/data/39263/000003926326000049/cfr-20260817.htm,False,
CFR,2026-08-17 00:00:00,https://www.sec.gov/Archives/edgar/data/39263/000003926326000049/0000039263-26-000049-index.htm,EX-99.1,EX-99.1,https://www.sec.gov/Archives/edgar/data/39263/000003926326000049/a2q-2026finalinvestorpre.htm,False,
CFR-PB,2026-08-17 00:00:00,https://www.sec.gov/Archives/edgar/data/39263/000003926326000049/0000039263-26-000049-index.htm,8-K,8-K,https://www.sec.gov/Archives/edgar/data/39263/000003926326000049/cfr-20260817.htm,False,
CFR-PB,2026-08-17 00:00:00,https://www.sec.gov/Archives/edgar/data/39263/000003926326000049/0000039263-26-000049-index.htm,EX-99.1,EX-99.1,https://www.sec.gov/Archives/edgar/data/39263/000003926326000049/a2q-2026finalinvestorpre.htm,False,
None,2026-08-17 00:00:00,https://www.sec.gov/Archives/edgar/data/2035428/000203542826000054/0002035428-26-000054-index.htm,8-K,8-K,https://www.sec.gov/Archives/edgar/data/2035428/000203542826000054/fbred-20260814.htm,False,
ALPAW,2026-08-17 00:00:00,https://www.sec.gov/Archives/edgar/data/1842939/000143774926028120/0001437749-26-028120-index.htm,8-K,FORM 8-K,https://www.sec.gov/Archives/edgar/data/1842939/000143774926028120/xage20260813_8k.htm,False,
ALPAW,2026-08-17 00:00:00,https://www.sec.gov/Archives/edgar/data/1842939/000143774926028120/0001437749-26-028120-index.htm,EX-99.1,EXHIBIT 99.1,https://www.sec.gov/Archives/edgar/data/1842939/000143774926028120/ex_1004787.htm,False,
ALPAU,2026-08-17 00:00:00,https://www.sec.gov/Archives/edgar/data/1842939/000143774926028120/0001437749-26-028120-index.htm,8-K,FORM 8-K,https://www.sec.gov/Archives/edgar/data/1842939/000143774926028120/xage20260813_8k.htm,False,
ALPAU,2026-08-17 00:00:00,https://www.sec.gov/Archives/edgar/data/1842939/000143774926028120/0001437749-26-028120-index.htm,EX-99.1,EXHIBIT 99.1,https://www.sec.gov/Archives/edgar/data/1842939/000143774926028120/ex_1004787.htm,False,
ALPA,2026-08-17 00:00:00,https://www.sec.gov/Archives/edgar/data/1842939/000143774926028120/0001437749-26-028120-index.htm,8-K,FORM 8-K,https://www.sec.gov/Archives/edgar/data/1842939/000143774926028120/xage20260813_8k.htm,False,
ALPA,2026-08-17 00:00:00,https://www.sec.gov/Archives/edgar/data/1842939/000143774926028120/0001437749-26-028120-index.htm,EX-99.1,EXHIBIT 99.1,https://www.sec.gov/Archives/edgar/data/1842939/000143774926028120/ex_1004787.htm,False,
CTCX,2026-08-17 00:00:00,https://www.sec.gov/Archives/edgar/data/1842939/000143774926028120/0001437749-26-028120-index.htm,8-K,FORM 8-K,https://www.sec.gov/Archives/edgar/data/1842939/000143774926028120/xage20260813_8k.htm,False,
CTCX,2026-08-17 00:00:00,https://www.sec.gov/Archives/edgar/data/1842939/000143774926028120/0001437749-26-028120-index.htm,EX-99.1,EXHIBIT 99.1,https://www.sec.gov/Archives/edgar/data/1842939/000143774926028120/ex_1004787.htm,False,
CTCXW,2026-08-17 00:00:00,https://www.sec.gov/Archives/edgar/data/1842939/000143774926028120/0001437749-26-028120-index.htm,8-K,FORM 8-K,https://www.sec.gov/Archives/edgar/data/1842939/000143774926028120/xage20260813_8k.htm,False,
CTCXW,2026-08-17 00:00:00,https://www.sec.gov/Archives/edgar/data/1842939/000143774926028120/0001437749-26-028120-index.htm,EX-99.1,EXHIBIT 99.1,https://www.sec.gov/Archives/edgar/data/1842939/000143774926028120/ex_1004787.htm,False,
NXNT,2026-08-17 00:00:00,https://www.sec.gov/Archives/edgar/data/1976663/000147793226005111/0001477932-26-005111-index.htm,8-K,FORM 8-K,https://www.sec.gov/Archives/edgar/data/1976663/000147793226005111/nexscient_8k.htm,False,
NXNT,2026-08-17 00:00:00,https://www.sec.gov/Archives/edgar/data/1976663/000147793226005111/0001477932-26-005111-index.htm,EX-99.1,LETTER,https://www.sec.gov/Archives/edgar/data/1976663/000147793226005111/nexscient_ex991.htm,False,
None,2026-08-17 00:00:00,https://www.sec.gov/Archives/edgar/data/103682/000119312526353333/0001193125-26-353333-index.htm,8-K,8-K,https://www.sec.gov/Archives/edgar/data/103682/000119312526353333/d399943d8k.htm,False,
FVNNU,2026-08-17 00:00:00,https://www.sec.gov/Archives/edgar/data/2010653/000182912626008936/0001829126-26-008936-index.htm,8-K,8-K,https://www.sec.gov/Archives/edgar/data/2010653/000182912626008936/futurevision2_8k.htm,True,
FVNNU,2026-08-17 00:00:00,https://www.sec.gov/Archives/edgar/data/2010653/000182912626008936/0001829126-26-008936-index.htm,EX-10.1,EXHIBIT 10.1,https://www.sec.gov/Archives/edgar/data/2010653/000182912626008936/futurevision2_ex10-1.htm,False,
FVN,2026-08-17 00:00:00,https://www.sec.gov/Archives/edgar/data/2010653/000182912626008936/0001829126-26-008936-index.htm,8-K,8-K,https://www.sec.gov/Archives/edgar/data/2010653/000182912626008936/futurevision2_8k.htm,True,
FVN,2026-08-17 00:00:00,https://www.sec.gov/Archives/edgar/data/2010653/000182912626008936/0001829126-26-008936-index.htm,EX-10.1,EXHIBIT 10.1,https://www.sec.gov/Archives/edgar/data/2010653/000182912626008936/futurevision2_ex10-1.htm,False,
FVNNR,2026-08-17 00:00:00,https://www.sec.gov/Archives/edgar/data/2010653/000182912626008936/0001829126-26-008936-index.htm,8-K,8-K,https://www.sec.gov/Archives/edgar/data/2010653/000182912626008936/futurevision2_8k.htm,True,
FVNNR,2026-08-17 00:00:00,https://www.sec.gov/Archives/edgar/data/2010653/000182912626008936/0001829126-26-008936-index.htm,EX-10.1,EXHIBIT 10.1,https://www.sec.gov/Archives/edgar/data/2010653/000182912626008936/futurevision2_ex10-1.htm,False,
FNGR,2026-08-17 00:00:00,https://www.sec.gov/Archives/edgar/data/1602409/000149315226038662/0001493152-26-038662-index.htm,8-K,8-K,https://www.sec.gov/Archives/edgar/data/1602409/000149315226038662/form8-k.htm,True,
FNGR,2026-08-17 00:00:00,https://www.sec.gov/Archives/edgar/data/1602409/000149315226038662/0001493152-26-038662-index.htm,EX-10.1,EX-10.1,https://www.sec.gov/Archives/edgar/data/1602409/000149315226038662/ex10-1.htm,True,
FNGR,2026-08-17 00:00:00,https://www.sec.gov/Archives/edgar/data/1602409/000149315226038662/0001493152-26-038662-index.htm,EX-10.2,EX-10.2,https://www.sec.gov/Archives/edgar/data/1602409/000149315226038662/ex10-2.htm,False,
FNGR,2026-08-17 00:00:00,https://www.sec.gov/Archives/edgar/data/1602409/000149315226038662/0001493152-26-038662-index.htm,EX-99.1,EX-99.1,https://www.sec.gov/Archives/edgar/data/1602409/000149315226038662/ex99-1.htm,False,
GLXZ,2026-08-17 00:00:00,https://www.sec.gov/Archives/edgar/data/13156/000119312526353324/0001193125-26-353324-index.htm,8-K,8-K,https://www.sec.gov/Archives/edgar/data/13156/000119312526353324/d417289d8k.htm,True,
GLXZ,2026-08-17 00:00:00,https://www.sec.gov/Archives/edgar/data/13156/000119312526353324/0001193125-26-353324-index.htm,EX-10.1,EX-10.1,https://www.sec.gov/Archives/edgar/data/13156/000119312526353324/d417289dex101.htm,True,
GLXZ,2026-08-17 00:00:00,https://www.sec.gov/Archives/edgar/data/13156/000119312526353324/0001193125-26-353324-index.htm,EX-10.2,EX-10.2,https://www.sec.gov/Archives/edgar/data/13156/000119312526353324/d417289dex102.htm,True,
GLXZ,2026-08-17 00:00:00,https://www.sec.gov/Archives/edgar/data/13156/000119312526353324/0001193125-26-353324-index.htm,EX-99.1,EX-99.1,https://www.sec.gov/Archives/edgar/data/13156/000119312526353324/d417289dex991.htm,True,
TALK,2026-08-17 00:00:00,https://www.sec.gov/Archives/edgar/data/1803901/000095015726000907/0000950157-26-000907-index.htm,8-K,CURRENT REPORT,https://www.sec.gov/Archives/edgar/data/1803901/000095015726000907/form8-k.htm,False,
TALK,2026-08-17 00:00:00,https://www.sec.gov/Archives/edgar/data/1803901/000095015726000907/0000950157-26-000907-index.htm,EX-99.1,"JOINT PRESS RELEASE, DATED AUGUST 17, 2026",https://www.sec.gov/Archives/edgar/data/1803901/000095015726000907/ex99-1.htm,False,
TALKW,2026-08-17 00:00:00,https://www.sec.gov/Archives/edgar/data/1803901/000095015726000907/0000950157-26-000907-index.htm,8-K,CURRENT REPORT,https://www.sec.gov/Archives/edgar/data/1803901/000095015726000907/form8-k.htm,False,
TALKW,2026-08-17 00:00:00,https://www.sec.gov/Archives/edgar/data/1803901/000095015726000907/0000950157-26-000907-index.htm,EX-99.1,"JOINT PRESS RELEASE, DATED AUGUST 17, 2026",https://www.sec.gov/Archives/edgar/data/1803901/000095015726000907/ex99-1.htm,False,
HECCU,2026-08-17 00:00:00,https://www.sec.gov/Archives/edgar/data/1803901/000095015726000907/0000950157-26-000907-index.htm,8-K,CURRENT REPORT,https://www.sec.gov/Archives/edgar/data/1803901/000095015726000907/form8-k.htm,False,
HECCU,2026-08-17 00:00:00,https://www.sec.gov/Archives/edgar/data/1803901/000095015726000907/0000950157-26-000907-index.htm,EX-99.1,"JOINT PRESS RELEASE, DATED AUGUST 17, 2026",https://www.sec.gov/Archives/edgar/data/1803901/000095015726000907/ex99-1.htm,False,
HECCW,2026-08-17 00:00:00,https://www.sec.gov/Archives/edgar/data/1803901/000095015726000907/0000950157-26-000907-index.htm,8-K,CURRENT REPORT,https://www.sec.gov/Archives/edgar/data/1803901/000095015726000907/form8-k.htm,False,
HECCW,2026-08-17 00:00:00,https://www.sec.gov/Archives/edgar/data/1803901/000095015726000907/0000950157-26-000907-index.htm,EX-99.1,"JOINT PRESS RELEASE, DATED AUGUST 17, 2026",https://www.sec.gov/Archives/edgar/data/1803901/000095015726000907/ex99-1.htm,False,
FTW-WT,2026-08-17 00:00:00,https://www.sec.gov/Archives/edgar/data/2083125/000121390026090532/0001213900-26-090532-index.htm,8-K,CURRENT REPORT,https://www.sec.gov/Archives/edgar/data/2083125/000121390026090532/ea0302290-8k_presidio.htm,False,
FTW-WT,2026-08-17 00:00:00,https://www.sec.gov/Archives/edgar/data/2083125/000121390026090532/0001213900-26-090532-index.htm,EX-99.1,"INVESTOR PRESENTATION, DATED AUGUST 2026",https://www.sec.gov/Archives/edgar/data/2083125/000121390026090532/ea030229001ex99-1.htm,True,
FTW,2026-08-17 00:00:00,https://www.sec.gov/Archives/edgar/data/2083125/000121390026090532/0001213900-26-090532-index.htm,8-K,CURRENT REPORT,https://www.sec.gov/Archives/edgar/data/2083125/000121390026090532/ea0302290-8k_presidio.htm,False,
FTW,2026-08-17 00:00:00,https://www.sec.gov/Archives/edgar/data/2083125/000121390026090532/0001213900-26-090532-index.htm,EX-99.1,"INVESTOR PRESENTATION, DATED AUGUST 2026",https://www.sec.gov/Archives/edgar/data/2083125/000121390026090532/ea030229001ex99-1.htm,True,
GTN,2026-08-17 00:00:00,https://www.sec.gov/Archives/edgar/data/43196/000143774926028117/0001437749-26-028117-index.htm,8-K,FORM 8-K,https://www.sec.gov/Archives/edgar/data/43196/000143774926028117/gtn20260814_8k.htm,True,
GTN,2026-08-17 00:00:00,https://www.sec.gov/Archives/edgar/data/43196/000143774926028117/0001437749-26-028117-index.htm,EX-99.1,EXHIBIT 99.1,https://www.sec.gov/Archives/edgar/data/43196/000143774926028117/ex_1005659.htm,True,
GTN-A,2026-08-17 00:00:00,https://www.sec.gov/Archives/edgar/data/43196/000143774926028117/0001437749-26-028117-index.htm,8-K,FORM 8-K,https://www.sec.gov/Archives/edgar/data/43196/000143774926028117/gtn20260814_8k.htm,True,
GTN-A,2026-08-17 00:00:00,https://www.sec.gov/Archives/edgar/data/43196/000143774926028117/0001437749-26-028117-index.htm,EX-99.1,EXHIBIT 99.1,https://www.sec.gov/Archives/edgar/data/43196/000143774926028117/ex_1005659.htm,True,
PPSI,2026-08-17 00:00:00,https://www.sec.gov/Archives/edgar/data/1449792/000149315226038658/0001493152-26-038658-index.htm,8-K,8-K,https://www.sec.gov/Archives/edgar/data/1449792/000149315226038658/form8-k.htm,False,
PPSI,2026-08-17 00:00:00,https://www.sec.gov/Archives/edgar/data/1449792/000149315226038658/0001493152-26-038658-index.htm,EX-99.1,EX-99.1,https://www.sec.gov/Archives/edgar/data/1449792/000149315226038658/ex99-1.htm,False,
BBIO,2026-08-17 00:00:00,https://www.sec.gov/Archives/edgar/data/1743881/000114036126033282/0001140361-26-033282-index.htm,8-K,8-K,https://www.sec.gov/Archives/edgar/data/1743881/000114036126033282/ef20080234_8k.htm,True,
BBIO,2026-08-17 00:00:00,https://www.sec.gov/Archives/edgar/data/1743881/000114036126033282/0001140361-26-033282-index.htm,EX-99.1,EXHIBIT 99.1,https://www.sec.gov/Archives/edgar/data/1743881/000114036126033282/ef20080234_ex99-1.htm,False,
CVM,2026-08-17 00:00:00,https://www.sec.gov/Archives/edgar/data/725363/000165495426007691/0001654954-26-007691-index.htm,8-K,FORM 8-K,https://www.sec.gov/Archives/edgar/data/725363/000165495426007691/cvm_8k.htm,False,
GREE,2026-08-17 00:00:00,https://www.sec.gov/Archives/edgar/data/1844971/000162828026057243/0001628280-26-057243-index.htm,8-K,8-K,https://www.sec.gov/Archives/edgar/data/1844971/000162828026057243/gree-20260817.htm,False,
GREE,2026-08-17 00:00:00,https://www.sec.gov/Archives/edgar/data/1844971/000162828026057243/0001628280-26-057243-index.htm,EX-99.1,EX-99.1,https://www.sec.gov/Archives/edgar/data/1844971/000162828026057243/vip_investorxpresentatio.htm,False,
GREEL,2026-08-17 00:00:00,https://www.sec.gov/Archives/edgar/data/1844971/000162828026057243/0001628280-26-057243-index.htm,8-K,8-K,https://www.sec.gov/Archives/edgar/data/1844971/000162828026057243/gree-20260817.htm,False,
GREEL,2026-08-17 00:00:00,https://www.sec.gov/Archives/edgar/data/1844971/000162828026057243/0001628280-26-057243-index.htm,EX-99.1,EX-99.1,https://www.sec.gov/Archives/edgar/data/1844971/000162828026057243/vip_investorxpresentatio.htm,False,
PYT,2026-08-17 00:00:00,https://www.sec.gov/Archives/edgar/data/1294808/000199937126018052/0001999371-26-018052-index.htm,8-K,CURRENT REPORT,https://www.sec.gov/Archives/edgar/data/1294808/000199937126018052/pyt-8k_081726.htm,False,
PYT,2026-08-17 00:00:00,https://www.sec.gov/Archives/edgar/data/1294808/000199937126018052/0001999371-26-018052-index.htm,EX-99.1,TRUSTEE'S REPORT,https://www.sec.gov/Archives/edgar/data/1294808/000199937126018052/ex99-1.htm,False,
BDCO,2026-08-17 00:00:00,https://www.sec.gov/Archives/edgar/data/793306/000143774926028116/0001437749-26-028116-index.htm,8-K,FORM 8-K,https://www.sec.gov/Archives/edgar/data/793306/000143774926028116/bdco20260522_8k.htm,False,
BDCO,2026-08-17 00:00:00,https://www.sec.gov/Archives/edgar/data/793306/000143774926028116/0001437749-26-028116-index.htm,EX-99.1,"EXHIBIT 99.1 BDCO EARNINGS RLS DATED AUGUST 17, 2026",https://www.sec.gov/Archives/edgar/data/793306/000143774926028116/ex_967513.htm,False,
ATMVR,2026-08-17 00:00:00,https://www.sec.gov/Archives/edgar/data/1937891/000149315226038656/0001493152-26-038656-index.htm,8-K,8-K,https://www.sec.gov/Archives/edgar/data/1937891/000149315226038656/form8-k.htm,False,
ATMVR,2026-08-17 00:00:00,https://www.sec.gov/Archives/edgar/data/1937891/000149315226038656/0001493152-26-038656-index.htm,EX-99.1,EX-99.1,https://www.sec.gov/Archives/edgar/data/1937891/000149315226038656/ex99-1.htm,True,
ATMVU,2026-08-17 00:00:00,https://www.sec.gov/Archives/edgar/data/1937891/000149315226038656/0001493152-26-038656-index.htm,8-K,8-K,https://www.sec.gov/Archives/edgar/data/1937891/000149315226038656/form8-k.htm,False,
ATMVU,2026-08-17 00:00:00,https://www.sec.gov/Archives/edgar/data/1937891/000149315226038656/0001493152-26-038656-index.htm,EX-99.1,EX-99.1,https://www.sec.gov/Archives/edgar/data/1937891/000149315226038656/ex99-1.htm,True,
ATMV,2026-08-17 00:00:00,https://www.sec.gov/Archives/edgar/data/1937891/000149315226038656/0001493152-26-038656-index.htm,8-K,8-K,https://www.sec.gov/Archives/edgar/data/1937891/000149315226038656/form8-k.htm,False,
ATMV,2026-08-17 00:00:00,https://www.sec.gov/Archives/edgar/data/1937891/000149315226038656/0001493152-26-038656-index.htm,EX-99.1,EX-99.1,https://www.sec.gov/Archives/edgar/data/1937891/000149315226038656/ex99-1.htm,True,
NXL,2026-08-17 00:00:00,https://www.sec.gov/Archives/edgar/data/1527352/000182912626008934/0001829126-26-008934-index.htm,8-K,8-K,https://www.sec.gov/Archives/edgar/data/1527352/000182912626008934/nexalintec_8k.htm,False,
NXLIW,2026-08-17 00:00:00,https://www.sec.gov/Archives/edgar/data/1527352/000182912626008934/0001829126-26-008934-index.htm,8-K,8-K,https://www.sec.gov/Archives/edgar/data/1527352/000182912626008934/nexalintec_8k.htm,False,
SCTH,2026-08-17 00:00:00,https://www.sec.gov/Archives/edgar/data/1703157/000101738626000107/0001017386-26-000107-index.htm,8-K,CURRENT REPORT,https://www.sec.gov/Archives/edgar/data/1703157/000101738626000107/scth_8k08172026.htm,True,
SCTH,2026-08-17 00:00:00,https://www.sec.gov/Archives/edgar/data/1703157/000101738626000107/0001017386-26-000107-index.htm,EX-10.1,PERMANENT SUBSIDIARY AND EARNOUT ELECTION AGREEMENT,https://www.sec.gov/Archives/edgar/data/1703157/000101738626000107/ex101.htm,False,
SCTH,2026-08-17 00:00:00,https://www.sec.gov/Archives/edgar/data/1703157/000101738626000107/0001017386-26-000107-index.htm,EX-99.1,PRESS RELEASE,https://www.sec.gov/Archives/edgar/data/1703157/000101738626000107/ex991.htm,False,
EYPT,2026-08-17 00:00:00,https://www.sec.gov/Archives/edgar/data/1314102/000119312526353308/0001193125-26-353308-index.htm,8-K,8-K,https://www.sec.gov/Archives/edgar/data/1314102/000119312526353308/eypt-20260817.htm,False,
EYPT,2026-08-17 00:00:00,https://www.sec.gov/Archives/edgar/data/1314102/000119312526353308/0001193125-26-353308-index.htm,EX-99.1,EX-99.1,https://www.sec.gov/Archives/edgar/data/1314102/000119312526353308/eypt-ex99_1.htm,False,
PSDV,2026-08-17 00:00:00,https://www.sec.gov/Archives/edgar/data/1314102/000119312526353308/0001193125-26-353308-index.htm,8-K,8-K,https://www.sec.gov/Archives/edgar/data/1314102/000119312526353308/eypt-20260817.htm,False,
PSDV,2026-08-17 00:00:00,https://www.sec.gov/Archives/edgar/data/1314102/000119312526353308/0001193125-26-353308-index.htm,EX-99.1,EX-99.1,https://www.sec.gov/Archives/edgar/data/1314102/000119312526353308/eypt-ex99_1.htm,False,
BMNR,2026-08-17 00:00:00,https://www.sec.gov/Archives/edgar/data/1829311/000149315226038652/0001493152-26-038652-index.htm,8-K,8-K,https://www.sec.gov/Archives/edgar/data/1829311/000149315226038652/form8-k.htm,False,
BMNR,2026-08-17 00:00:00,https://www.sec.gov/Archives/edgar/data/1829311/000149315226038652/0001493152-26-038652-index.htm,EX-99.1,EX-99.1,https://www.sec.gov/Archives/edgar/data/1829311/000149315226038652/ex99-1.htm,False,
SSHI,2026-08-17 00:00:00,https://www.sec.gov/Archives/edgar/data/1829311/000149315226038652/0001493152-26-038652-index.htm,8-K,8-K,https://www.sec.gov/Archives/edgar/data/1829311/000149315226038652/form8-k.htm,False,
SSHI,2026-08-17 00:00:00,https://www.sec.gov/Archives/edgar/data/1829311/000149315226038652/0001493152-26-038652-index.htm,EX-99.1,EX-99.1,https://www.sec.gov/Archives/edgar/data/1829311/000149315226038652/ex99-1.htm,False,
None,2026-08-17 00:00:00,https://www.sec.gov/Archives/edgar/data/1851491/000157587226000587/0001575872-26-000587-index.htm,8-K,FORM 8-K,https://www.sec.gov/Archives/edgar/data/1851491/000157587226000587/amss040_8k.htm,False,
None,2026-08-17 00:00:00,https://www.sec.gov/Archives/edgar/data/1851491/000157587226000587/0001575872-26-000587-index.htm,EX-99.1,EXHIBIT 99.1,https://www.sec.gov/Archives/edgar/data/1851491/000157587226000587/amss040_ex99-1.htm,False,
NVDA,2026-08-17 00:00:00,https://www.sec.gov/Archives/edgar/data/1045810/000104581026000069/0001045810-26-000069-index.htm,8-K,8-K,https://www.sec.gov/Archives/edgar/data/1045810/000104581026000069/nvda-20260817.htm,True,
NVDA,2026-08-17 00:00:00,https://www.sec.gov/Archives/edgar/data/1045810/000104581026000069/0001045810-26-000069-index.htm,EX-99.1,EX-99.1,https://www.sec.gov/Archives/edgar/data/1045810/000104581026000069/sbeoainvidia-portsrelease.htm,False,
CRBG,2026-08-17 00:00:00,https://www.sec.gov/Archives/edgar/data/1889539/000162828026057231/0001628280-26-057231-index.htm,8-K,8-K,https://www.sec.gov/Archives/edgar/data/1889539/000162828026057231/crbg-20260817.htm,False,
CRBG,2026-08-17 00:00:00,https://www.sec.gov/Archives/edgar/data/1889539/000162828026057231/0001628280-26-057231-index.htm,EX-99.1,EX-99.1,https://www.sec.gov/Archives/edgar/data/1889539/000162828026057231/exhibit9918-k.htm,True,
TMC,2026-08-17 00:00:00,https://www.sec.gov/Archives/edgar/data/1798562/000110465926097581/0001104659-26-097581-index.htm,8-K,FORM 8-K,https://www.sec.gov/Archives/edgar/data/1798562/000110465926097581/tm2623371d1_8k.htm,False,
TMC,2026-08-17 00:00:00,https://www.sec.gov/Archives/edgar/data/1798562/000110465926097581/0001104659-26-097581-index.htm,EX-99.1,EXHIBIT 99.1,https://www.sec.gov/Archives/edgar/data/1798562/000110465926097581/tm2623371d1_ex99-1.htm,False,
SOAC,2026-08-17 00:00:00,https://www.sec.gov/Archives/edgar/data/1798562/000110465926097581/0001104659-26-097581-index.htm,8-K,FORM 8-K,https://www.sec.gov/Archives/edgar/data/1798562/000110465926097581/tm2623371d1_8k.htm,False,
SOAC,2026-08-17 00:00:00,https://www.sec.gov/Archives/edgar/data/1798562/000110465926097581/0001104659-26-097581-index.htm,EX-99.1,EXHIBIT 99.1,https://www.sec.gov/Archives/edgar/data/1798562/000110465926097581/tm2623371d1_ex99-1.htm,False,
SOAC-UN,2026-08-17 00:00:00,https://www.sec.gov/Archives/edgar/data/1798562/000110465926097581/0001104659-26-097581-index.htm,8-K,FORM 8-K,https://www.sec.gov/Archives/edgar/data/1798562/000110465926097581/tm2623371d1_8k.htm,False,
SOAC-UN,2026-08-17 00:00:00,https://www.sec.gov/Archives/edgar/data/1798562/000110465926097581/0001104659-26-097581-index.htm,EX-99.1,EXHIBIT 99.1,https://www.sec.gov/Archives/edgar/data/1798562/000110465926097581/tm2623371d1_ex99-1.htm,False,
TMCWW,2026-08-17 00:00:00,https://www.sec.gov/Archives/edgar/data/1798562/000110465926097581/0001104659-26-097581-index.htm,8-K,FORM 8-K,https://www.sec.gov/Archives/edgar/data/1798562/000110465926097581/tm2623371d1_8k.htm,False,
TMCWW,2026-08-17 00:00:00,https://www.sec.gov/Archives/edgar/data/1798562/000110465926097581/0001104659-26-097581-index.htm,EX-99.1,EXHIBIT 99.1,https://www.sec.gov/Archives/edgar/data/1798562/000110465926097581/tm2623371d1_ex99-1.htm,False,
BRBS,2026-08-17 00:00:00,https://www.sec.gov/Archives/edgar/data/842717/000119312526353285/0001193125-26-353285-index.htm,8-K,8-K,https://www.sec.gov/Archives/edgar/data/842717/000119312526353285/d374220d8k.htm,True,
BRBS,2026-08-17 00:00:00,https://www.sec.gov/Archives/edgar/data/842717/000119312526353285/0001193125-26-353285-index.htm,EX-99.1,EX-99.1,https://www.sec.gov/Archives/edgar/data/842717/000119312526353285/d374220dex991.htm,False,
DARE,2026-08-17 00:00:00,https://www.sec.gov/Archives/edgar/data/1401914/000149315226038649/0001493152-26-038649-index.htm,8-K,8-K,https://www.sec.gov/Archives/edgar/data/1401914/000149315226038649/form8-k.htm,True,
DARE,2026-08-17 00:00:00,https://www.sec.gov/Archives/edgar/data/1401914/000149315226038649/0001493152-26-038649-index.htm,EX-10.1,EX-10.1,https://www.sec.gov/Archives/edgar/data/1401914/000149315226038649/ex10-1.htm,True,
DARE,2026-08-17 00:00:00,https://www.sec.gov/Archives/edgar/data/1401914/000149315226038649/0001493152-26-038649-index.htm,EX-10.2,EX-10.2,https://www.sec.gov/Archives/edgar/data/1401914/000149315226038649/ex10-2.htm,False,
DARE,2026-08-17 00:00:00,https://www.sec.gov/Archives/edgar/data/1401914/000149315226038649/0001493152-26-038649-index.htm,EX-99.1,EX-99.1,https://www.sec.gov/Archives/edgar/data/1401914/000149315226038649/ex99-1.htm,False,
CERU,2026-08-17 00:00:00,https://www.sec.gov/Archives/edgar/data/1401914/000149315226038649/0001493152-26-038649-index.htm,8-K,8-K,https://www.sec.gov/Archives/edgar/data/1401914/000149315226038649/form8-k.htm,True,
CERU,2026-08-17 00:00:00,https://www.sec.gov/Archives/edgar/data/1401914/000149315226038649/0001493152-26-038649-index.htm,EX-10.1,EX-10.1,https://www.sec.gov/Archives/edgar/data/1401914/000149315226038649/ex10-1.htm,True,
CERU,2026-08-17 00:00:00,https://www.sec.gov/Archives/edgar/data/1401914/000149315226038649/0001493152-26-038649-index.htm,EX-10.2,EX-10.2,https://www.sec.gov/Archives/edgar/data/1401914/000149315226038649/ex10-2.htm,False,
CERU,2026-08-17 00:00:00,https://www.sec.gov/Archives/edgar/data/1401914/000149315226038649/0001493152-26-038649-index.htm,EX-99.1,EX-99.1,https://www.sec.gov/Archives/edgar/data/1401914/000149315226038649/ex99-1.htm,False,
INVO,2026-08-17 00:00:00,https://www.sec.gov/Archives/edgar/data/1417926/000149315226038648/0001493152-26-038648-index.htm,8-K,8-K,https://www.sec.gov/Archives/edgar/data/1417926/000149315226038648/form8-k.htm,False,
INVO,2026-08-17 00:00:00,https://www.sec.gov/Archives/edgar/data/1417926/000149315226038648/0001493152-26-038648-index.htm,EX-99.1,EX-99.1,https://www.sec.gov/Archives/edgar/data/1417926/000149315226038648/ex99-1.htm,False,
POAI,2026-08-17 00:00:00,https://www.sec.gov/Archives/edgar/data/1446159/000117184326005581/0001171843-26-005581-index.htm,8-K,FORM 8-K,https://www.sec.gov/Archives/edgar/data/1446159/000117184326005581/f8k_081726.htm,False,
POAI,2026-08-17 00:00:00,https://www.sec.gov/Archives/edgar/data/1446159/000117184326005581/0001171843-26-005581-index.htm,EX-99.1,PRESS RELEASE,https://www.sec.gov/Archives/edgar/data/1446159/000117184326005581/exh_991.htm,False,
AGPU,2026-08-17 00:00:00,https://www.sec.gov/Archives/edgar/data/1446159/000117184326005581/0001171843-26-005581-index.htm,8-K,FORM 8-K,https://www.sec.gov/Archives/edgar/data/1446159/000117184326005581/f8k_081726.htm,False,
AGPU,2026-08-17 00:00:00,https://www.sec.gov/Archives/edgar/data/1446159/000117184326005581/0001171843-26-005581-index.htm,EX-99.1,PRESS RELEASE,https://www.sec.gov/Archives/edgar/data/1446159/000117184326005581/exh_991.htm,False,
PROF,2026-08-17 00:00:00,https://www.sec.gov/Archives/edgar/data/1628808/000117184326005580/0001171843-26-005580-index.htm,8-K,FORM 8-K,https://www.sec.gov/Archives/edgar/data/1628808/000117184326005580/f8k_081726.htm,False,
PROF,2026-08-17 00:00:00,https://www.sec.gov/Archives/edgar/data/1628808/000117184326005580/0001171843-26-005580-index.htm,EX-99.1,PRESS RELEASE,https://www.sec.gov/Archives/edgar/data/1628808/000117184326005580/exh_991.htm,False,
HTBI,2026-08-17 00:00:00,https://www.sec.gov/Archives/edgar/data/1538263/000153826326000107/0001538263-26-000107-index.htm,8-K,8-K,https://www.sec.gov/Archives/edgar/data/1538263/000153826326000107/htbi-20260816.htm,True,
HTBI,2026-08-17 00:00:00,https://www.sec.gov/Archives/edgar/data/1538263/000153826326000107/0001538263-26-000107-index.htm,EX-99.1,EX-99.1,https://www.sec.gov/Archives/edgar/data/1538263/000153826326000107/htb-brbsxmergerpressrele.htm,False,
HTB,2026-08-17 00:00:00,https://www.sec.gov/Archives/edgar/data/1538263/000153826326000107/0001538263-26-000107-index.htm,8-K,8-K,https://www.sec.gov/Archives/edgar/data/1538263/000153826326000107/htbi-20260816.htm,True,
HTB,2026-08-17 00:00:00,https://www.sec.gov/Archives/edgar/data/1538263/000153826326000107/0001538263-26-000107-index.htm,EX-99.1,EX-99.1,https://www.sec.gov/Archives/edgar/data/1538263/000153826326000107/htb-brbsxmergerpressrele.htm,False,
CRMZ,2026-08-17 00:00:00,https://www.sec.gov/Archives/edgar/data/315958/000114036126033276/0001140361-26-033276-index.htm,8-K,8-K,https://www.sec.gov/Archives/edgar/data/315958/000114036126033276/ef20080198_8k.htm,False,
DRMA,2026-08-17 00:00:00,https://www.sec.gov/Archives/edgar/data/1853816/000149315226038647/0001493152-26-038647-index.htm,8-K,8-K,https://www.sec.gov/Archives/edgar/data/1853816/000149315226038647/form8-k.htm,True,
DRMA,2026-08-17 00:00:00,https://www.sec.gov/Archives/edgar/data/1853816/000149315226038647/0001493152-26-038647-index.htm,EX-10.1,EX-10.1,https://www.sec.gov/Archives/edgar/data/1853816/000149315226038647/ex10-1.htm,True,
DRMA,2026-08-17 00:00:00,https://www.sec.gov/Archives/edgar/data/1853816/000149315226038647/0001493152-26-038647-index.htm,EX-10.2,EX-10.2,https://www.sec.gov/Archives/edgar/data/1853816/000149315226038647/ex10-2.htm,False,
DRMA,2026-08-17 00:00:00,https://www.sec.gov/Archives/edgar/data/1853816/000149315226038647/0001493152-26-038647-index.htm,EX-99.1,EX-99.1,https://www.sec.gov/Archives/edgar/data/1853816/000149315226038647/ex99-1.htm,False,
DRMAW,2026-08-17 00:00:00,https://www.sec.gov/Archives/edgar/data/1853816/000149315226038647/0001493152-26-038647-index.htm,8-K,8-K,https://www.sec.gov/Archives/edgar/data/1853816/000149315226038647/form8-k.htm,True,
DRMAW,2026-08-17 00:00:00,https://www.sec.gov/Archives/edgar/data/1853816/000149315226038647/0001493152-26-038647-index.htm,EX-10.1,EX-10.1,https://www.sec.gov/Archives/edgar/data/1853816/000149315226038647/ex10-1.htm,True,
DRMAW,2026-08-17 00:00:00,https://www.sec.gov/Archives/edgar/data/1853816/000149315226038647/0001493152-26-038647-index.htm,EX-10.2,EX-10.2,https://www.sec.gov/Archives/edgar/data/1853816/000149315226038647/ex10-2.htm,False,
DRMAW,2026-08-17 00:00:00,https://www.sec.gov/Archives/edgar/data/1853816/000149315226038647/0001493152-26-038647-index.htm,EX-99.1,EX-99.1,https://www.sec.gov/Archives/edgar/data/1853816/000149315226038647/ex99-1.htm,False,
AGIG,2026-08-17 00:00:00,https://www.sec.gov/Archives/edgar/data/1156041/000149315226038645/0001493152-26-038645-index.htm,8-K,8-K,https://www.sec.gov/Archives/edgar/data/1156041/000149315226038645/form8-k.htm,True,
AGIG,2026-08-17 00:00:00,https://www.sec.gov/Archives/edgar/data/1156041/000149315226038645/0001493152-26-038645-index.htm,EX-10.1,EX-10.1,https://www.sec.gov/Archives/edgar/data/1156041/000149315226038645/ex10-1.htm,True,
AGIG,2026-08-17 00:00:00,https://www.sec.gov/Archives/edgar/data/1156041/000149315226038645/0001493152-26-038645-index.htm,EX-10.2,EX-10.2,https://www.sec.gov/Archives/edgar/data/1156041/000149315226038645/ex10-2.htm,False,
AGIG,2026-08-17 00:00:00,https://www.sec.gov/Archives/edgar/data/1156041/000149315226038645/0001493152-26-038645-index.htm,EX-99.1,EX-99.1,https://www.sec.gov/Archives/edgar/data/1156041/000149315226038645/ex99-1.htm,False,
HUSA,2026-08-17 00:00:00,https://www.sec.gov/Archives/edgar/data/1156041/000149315226038645/0001493152-26-038645-index.htm,8-K,8-K,https://www.sec.gov/Archives/edgar/data/1156041/000149315226038645/form8-k.htm,True,
HUSA,2026-08-17 00:00:00,https://www.sec.gov/Archives/edgar/data/1156041/000149315226038645/0001493152-26-038645-index.htm,EX-10.1,EX-10.1,https://www.sec.gov/Archives/edgar/data/1156041/000149315226038645/ex10-1.htm,True,
HUSA,2026-08-17 00:00:00,https://www.sec.gov/Archives/edgar/data/1156041/000149315226038645/0001493152-26-038645-index.htm,EX-10.2,EX-10.2,https://www.sec.gov/Archives/edgar/data/1156041/000149315226038645/ex10-2.htm,False,
HUSA,2026-08-17 00:00:00,https://www.sec.gov/Archives/edgar/data/1156041/000149315226038645/0001493152-26-038645-index.htm,EX-99.1,EX-99.1,https://www.sec.gov/Archives/edgar/data/1156041/000149315226038645/ex99-1.htm,False,
HAFC,2026-08-17 00:00:00,https://www.sec.gov/Archives/edgar/data/1109242/000117184326005579/0001171843-26-005579-index.htm,8-K,FORM 8-K,https://www.sec.gov/Archives/edgar/data/1109242/000117184326005579/f8k_081726.htm,True,
HAFC,2026-08-17 00:00:00,https://www.sec.gov/Archives/edgar/data/1109242/000117184326005579/0001171843-26-005579-index.htm,EX-99.1,EXHIBIT 99.1,https://www.sec.gov/Archives/edgar/data/1109242/000117184326005579/exh_991.htm,True,
FULC,2026-08-17 00:00:00,https://www.sec.gov/Archives/edgar/data/1680581/000119312526353278/0001193125-26-353278-index.htm,8-K,8-K,https://www.sec.gov/Archives/edgar/data/1680581/000119312526353278/d136791d8k.htm,True,
FULC,2026-08-17 00:00:00,https://www.sec.gov/Archives/edgar/data/1680581/000119312526353278/0001193125-26-353278-index.htm,EX-10.1,EX-10.1,https://www.sec.gov/Archives/edgar/data/1680581/000119312526353278/d136791dex101.htm,False,
FULC,2026-08-17 00:00:00,https://www.sec.gov/Archives/edgar/data/1680581/000119312526353278/0001193125-26-353278-index.htm,EX-10.2,EX-10.2,https://www.sec.gov/Archives/edgar/data/1680581/000119312526353278/d136791dex102.htm,False,
FULC,2026-08-17 00:00:00,https://www.sec.gov/Archives/edgar/data/1680581/000119312526353278/0001193125-26-353278-index.htm,EX-99.1,EX-99.1,https://www.sec.gov/Archives/edgar/data/1680581/000119312526353278/d136791dex991.htm,False,
None,2026-08-17 00:00:00,https://www.sec.gov/Archives/edgar/data/60549/000092222426000046/0000922224-26-000046-index.htm,8-K,8-K,https://www.sec.gov/Archives/edgar/data/55387/000092222426000046/ppl-20260814.htm,False,
None,2026-08-17 00:00:00,https://www.sec.gov/Archives/edgar/data/55387/000092222426000046/0000922224-26-000046-index.htm,8-K,8-K,https://www.sec.gov/Archives/edgar/data/55387/000092222426000046/ppl-20260814.htm,False,
PPLC,2026-08-17 00:00:00,https://www.sec.gov/Archives/edgar/data/922224/000092222426000046/0000922224-26-000046-index.htm,8-K,8-K,https://www.sec.gov/Archives/edgar/data/55387/000092222426000046/ppl-20260814.htm,False,
PPL,2026-08-17 00:00:00,https://www.sec.gov/Archives/edgar/data/922224/000092222426000046/0000922224-26-000046-index.htm,8-K,8-K,https://www.sec.gov/Archives/edgar/data/55387/000092222426000046/ppl-20260814.htm,False,
NXGL,2026-08-17 00:00:00,https://www.sec.gov/Archives/edgar/data/1468929/000149315226038637/0001493152-26-038637-index.htm,8-K,8-K,https://www.sec.gov/Archives/edgar/data/1468929/000149315226038637/form8-k.htm,False,
NXGL,2026-08-17 00:00:00,https://www.sec.gov/Archives/edgar/data/1468929/000149315226038637/0001493152-26-038637-index.htm,EX-99.1,EX-99.1,https://www.sec.gov/Archives/edgar/data/1468929/000149315226038637/ex99-1.htm,False,
NXGLW,2026-08-17 00:00:00,https://www.sec.gov/Archives/edgar/data/1468929/000149315226038637/0001493152-26-038637-index.htm,8-K,8-K,https://www.sec.gov/Archives/edgar/data/1468929/000149315226038637/form8-k.htm,False,
NXGLW,2026-08-17 00:00:00,https://www.sec.gov/Archives/edgar/data/1468929/000149315226038637/0001493152-26-038637-index.htm,EX-99.1,EX-99.1,https://www.sec.gov/Archives/edgar/data/1468929/000149315226038637/ex99-1.htm,False,
AVXL,2026-08-17 00:00:00,https://www.sec.gov/Archives/edgar/data/1314052/000173112226001078/0001731122-26-001078-index.htm,8-K,FORM 8-K,https://www.sec.gov/Archives/edgar/data/1314052/000173112226001078/e7862_8k.htm,False,
AVXL,2026-08-17 00:00:00,https://www.sec.gov/Archives/edgar/data/1314052/000173112226001078/0001731122-26-001078-index.htm,EX-99.1,EXHIBIT 99.1,https://www.sec.gov/Archives/edgar/data/1314052/000173112226001078/e7862_ex99-1.htm,False,
SERV,2026-08-17 00:00:00,https://www.sec.gov/Archives/edgar/data/1832483/000121390026090504/0001213900-26-090504-index.htm,8-K,CURRENT REPORT,https://www.sec.gov/Archives/edgar/data/1832483/000121390026090504/ea0302122-8k_serve.htm,False,
SERV,2026-08-17 00:00:00,https://www.sec.gov/Archives/edgar/data/1832483/000121390026090504/0001213900-26-090504-index.htm,EX-99.1,"PRESS RELEASE, DATED AUGUST 17, 2026",https://www.sec.gov/Archives/edgar/data/1832483/000121390026090504/ea030212201ex99-1.htm,False,
VITL,2026-08-17 00:00:00,https://www.sec.gov/Archives/edgar/data/1579733/000119312526353246/0001193125-26-353246-index.htm,8-K,8-K,https://www.sec.gov/Archives/edgar/data/1579733/000119312526353246/vitl-20260811.htm,False,
UFI,2026-08-17 00:00:00,https://www.sec.gov/Archives/edgar/data/100726/000010072626000008/0000100726-26-000008-index.htm,8-K,8-K,https://www.sec.gov/Archives/edgar/data/100726/000010072626000008/ufi-20260816.htm,True,
UFI,2026-08-17 00:00:00,https://www.sec.gov/Archives/edgar/data/100726/000010072626000008/0000100726-26-000008-index.htm,EX-99.1,EX-99.1,https://www.sec.gov/Archives/edgar/data/100726/000010072626000008/ufi-ex99_1.htm,False,
LH,2026-08-17 00:00:00,https://www.sec.gov/Archives/edgar/data/920148/000092014826000185/0000920148-26-000185-index.htm,8-K,8-K,https://www.sec.gov/Archives/edgar/data/920148/000092014826000185/lh-20260817.htm,False,
LH,2026-08-17 00:00:00,https://www.sec.gov/Archives/edgar/data/920148/000092014826000185/0000920148-26-000185-index.htm,EX-99.1,EX-99.1,https://www.sec.gov/Archives/edgar/data/920148/000092014826000185/formpr081726ex991investord.htm,False,
EYESW,2026-08-17 00:00:00,https://www.sec.gov/Archives/edgar/data/1266806/000175392626001536/0001753926-26-001536-index.htm,8-K,8-K,https://www.sec.gov/Archives/edgar/data/1266806/000175392626001536/vani-20260817.htm,False,
EYESW,2026-08-17 00:00:00,https://www.sec.gov/Archives/edgar/data/1266806/000175392626001536/0001753926-26-001536-index.htm,EX-99.1,EXHIBIT 99.1,https://www.sec.gov/Archives/edgar/data/1266806/000175392626001536/ex991_1.htm,False,
VANIW,2026-08-17 00:00:00,https://www.sec.gov/Archives/edgar/data/1266806/000175392626001536/0001753926-26-001536-index.htm,8-K,8-K,https://www.sec.gov/Archives/edgar/data/1266806/000175392626001536/vani-20260817.htm,False,
VANIW,2026-08-17 00:00:00,https://www.sec.gov/Archives/edgar/data/1266806/000175392626001536/0001753926-26-001536-index.htm,EX-99.1,EXHIBIT 99.1,https://www.sec.gov/Archives/edgar/data/1266806/000175392626001536/ex991_1.htm,False,
VANI,2026-08-17 00:00:00,https://www.sec.gov/Archives/edgar/data/1266806/000175392626001536/0001753926-26-001536-index.htm,8-K,8-K,https://www.sec.gov/Archives/edgar/data/1266806/000175392626001536/vani-20260817.htm,False,
VANI,2026-08-17 00:00:00,https://www.sec.gov/Archives/edgar/data/1266806/000175392626001536/0001753926-26-001536-index.htm,EX-99.1,EXHIBIT 99.1,https://www.sec.gov/Archives/edgar/data/1266806/000175392626001536/ex991_1.htm,False,
NRXP,2026-08-17 00:00:00,https://www.sec.gov/Archives/edgar/data/1719406/000143774926028111/0001437749-26-028111-index.htm,8-K,FORM 8-K,https://www.sec.gov/Archives/edgar/data/1719406/000143774926028111/nrxp20260817_8k.htm,False,
NRXP,2026-08-17 00:00:00,https://www.sec.gov/Archives/edgar/data/1719406/000143774926028111/0001437749-26-028111-index.htm,EX-99.1,EXHIBIT 99.1,https://www.sec.gov/Archives/edgar/data/1719406/000143774926028111/ex_1005774.htm,False,
NRXPW,2026-08-17 00:00:00,https://www.sec.gov/Archives/edgar/data/1719406/000143774926028111/0001437749-26-028111-index.htm,8-K,FORM 8-K,https://www.sec.gov/Archives/edgar/data/1719406/000143774926028111/nrxp20260817_8k.htm,False,
NRXPW,2026-08-17 00:00:00,https://www.sec.gov/Archives/edgar/data/1719406/000143774926028111/0001437749-26-028111-index.htm,EX-99.1,EXHIBIT 99.1,https://www.sec.gov/Archives/edgar/data/1719406/000143774926028111/ex_1005774.htm,False,
SCSC,2026-08-17 00:00:00,https://www.sec.gov/Archives/edgar/data/918965/000091896526000035/0000918965-26-000035-index.htm,8-K,8-K,https://www.sec.gov/Archives/edgar/data/918965/000091896526000035/scsc-20260811.htm,False,
SCSC,2026-08-17 00:00:00,https://www.sec.gov/Archives/edgar/data/918965/000091896526000035/0000918965-26-000035-index.htm,EX-99.1,EX-99.1,https://www.sec.gov/Archives/edgar/data/918965/000091896526000035/exhibit991pressrelease.htm,False,
WYFI,2026-08-17 00:00:00,https://www.sec.gov/Archives/edgar/data/2042022/000121390026090492/0001213900-26-090492-index.htm,8-K,CURRENT REPORT,https://www.sec.gov/Archives/edgar/data/2042022/000121390026090492/ea0302334-8k_whitefiber.htm,True,
WYFI,2026-08-17 00:00:00,https://www.sec.gov/Archives/edgar/data/2042022/000121390026090492/0001213900-26-090492-index.htm,EX-99.1,"PRESS RELEASE, DATED AUGUST 17, 2026",https://www.sec.gov/Archives/edgar/data/2042022/000121390026090492/ea030233401ex99-1.htm,False,
FTIIU,2026-08-17 00:00:00,https://www.sec.gov/Archives/edgar/data/1889450/000149315226038635/0001493152-26-038635-index.htm,8-K,8-K,https://www.sec.gov/Archives/edgar/data/1889450/000149315226038635/form8-k.htm,False,
FTIIW,2026-08-17 00:00:00,https://www.sec.gov/Archives/edgar/data/1889450/000149315226038635/0001493152-26-038635-index.htm,8-K,8-K,https://www.sec.gov/Archives/edgar/data/1889450/000149315226038635/form8-k.htm,False,
FTII,2026-08-17 00:00:00,https://www.sec.gov/Archives/edgar/data/1889450/000149315226038635/0001493152-26-038635-index.htm,8-K,8-K,https://www.sec.gov/Archives/edgar/data/1889450/000149315226038635/form8-k.htm,False,
VIH,2026-08-17 00:00:00,https://www.sec.gov/Archives/edgar/data/1820302/000119312526353239/0001193125-26-353239-index.htm,8-K,8-K,https://www.sec.gov/Archives/edgar/data/1820302/000119312526353239/d145238d8k.htm,False,
VIH,2026-08-17 00:00:00,https://www.sec.gov/Archives/edgar/data/1820302/000119312526353239/0001193125-26-353239-index.htm,EX-10.1,EX-10.1,https://www.sec.gov/Archives/edgar/data/1820302/000119312526353239/d145238dex101.htm,False,
VIH,2026-08-17 00:00:00,https://www.sec.gov/Archives/edgar/data/1820302/000119312526353239/0001193125-26-353239-index.htm,EX-10.2,EX-10.2,https://www.sec.gov/Archives/edgar/data/1820302/000119312526353239/d145238dex102.htm,False,
VIH,2026-08-17 00:00:00,https://www.sec.gov/Archives/edgar/data/1820302/000119312526353239/0001193125-26-353239-index.htm,EX-99.1,EX-99.1,https://www.sec.gov/Archives/edgar/data/1820302/000119312526353239/d145238dex991.htm,False,
VIHAU,2026-08-17 00:00:00,https://www.sec.gov/Archives/edgar/data/1820302/000119312526353239/0001193125-26-353239-index.htm,8-K,8-K,https://www.sec.gov/Archives/edgar/data/1820302/000119312526353239/d145238d8k.htm,False,
VIHAU,2026-08-17 00:00:00,https://www.sec.gov/Archives/edgar/data/1820302/000119312526353239/0001193125-26-353239-index.htm,EX-10.1,EX-10.1,https://www.sec.gov/Archives/edgar/data/1820302/000119312526353239/d145238dex101.htm,False,
VIHAU,2026-08-17 00:00:00,https://www.sec.gov/Archives/edgar/data/1820302/000119312526353239/0001193125-26-353239-index.htm,EX-10.2,EX-10.2,https://www.sec.gov/Archives/edgar/data/1820302/000119312526353239/d145238dex102.htm,False,
VIHAU,2026-08-17 00:00:00,https://www.sec.gov/Archives/edgar/data/1820302/000119312526353239/0001193125-26-353239-index.htm,EX-99.1,EX-99.1,https://www.sec.gov/Archives/edgar/data/1820302/000119312526353239/d145238dex991.htm,False,
BKKT-WT,2026-08-17 00:00:00,https://www.sec.gov/Archives/edgar/data/1820302/000119312526353239/0001193125-26-353239-index.htm,8-K,8-K,https://www.sec.gov/Archives/edgar/data/1820302/000119312526353239/d145238d8k.htm,False,
BKKT-WT,2026-08-17 00:00:00,https://www.sec.gov/Archives/edgar/data/1820302/000119312526353239/0001193125-26-353239-index.htm,EX-10.1,EX-10.1,https://www.sec.gov/Archives/edgar/data/1820302/000119312526353239/d145238dex101.htm,False,
BKKT-WT,2026-08-17 00:00:00,https://www.sec.gov/Archives/edgar/data/1820302/000119312526353239/0001193125-26-353239-index.htm,EX-10.2,EX-10.2,https://www.sec.gov/Archives/edgar/data/1820302/000119312526353239/d145238dex102.htm,False,
BKKT-WT,2026-08-17 00:00:00,https://www.sec.gov/Archives/edgar/data/1820302/000119312526353239/0001193125-26-353239-index.htm,EX-99.1,EX-99.1,https://www.sec.gov/Archives/edgar/data/1820302/000119312526353239/d145238dex991.htm,False,
BKKT,2026-08-17 00:00:00,https://www.sec.gov/Archives/edgar/data/1820302/000119312526353239/0001193125-26-353239-index.htm,8-K,8-K,https://www.sec.gov/Archives/edgar/data/1820302/000119312526353239/d145238d8k.htm,False,
BKKT,2026-08-17 00:00:00,https://www.sec.gov/Archives/edgar/data/1820302/000119312526353239/0001193125-26-353239-index.htm,EX-10.1,EX-10.1,https://www.sec.gov/Archives/edgar/data/1820302/000119312526353239/d145238dex101.htm,False,
BKKT,2026-08-17 00:00:00,https://www.sec.gov/Archives/edgar/data/1820302/000119312526353239/0001193125-26-353239-index.htm,EX-10.2,EX-10.2,https://www.sec.gov/Archives/edgar/data/1820302/000119312526353239/d145238dex102.htm,False,
BKKT,2026-08-17 00:00:00,https://www.sec.gov/Archives/edgar/data/1820302/000119312526353239/0001193125-26-353239-index.htm,EX-99.1,EX-99.1,https://www.sec.gov/Archives/edgar/data/1820302/000119312526353239/d145238dex991.htm,False,
PNBK,2026-08-17 00:00:00,https://www.sec.gov/Archives/edgar/data/1098146/000143774926028110/0001437749-26-028110-index.htm,8-K,FORM 8-K,https://www.sec.gov/Archives/edgar/data/1098146/000143774926028110/pnbk20260817_8k.htm,False,
PNBK,2026-08-17 00:00:00,https://www.sec.gov/Archives/edgar/data/1098146/000143774926028110/0001437749-26-028110-index.htm,EX-99.1,EXHIBIT 99.1,https://www.sec.gov/Archives/edgar/data/1098146/000143774926028110/ex_1005869.htm,False,
ISPR,2026-08-17 00:00:00,https://www.sec.gov/Archives/edgar/data/1948455/000121390026090494/0001213900-26-090494-index.htm,8-K,CURRENT REPORT,https://www.sec.gov/Archives/edgar/data/1948455/000121390026090494/ea0302192-8k_ispire.htm,False,
ISPR,2026-08-17 00:00:00,https://www.sec.gov/Archives/edgar/data/1948455/000121390026090494/0001213900-26-090494-index.htm,EX-99.1,"PRESS RELEASE, DATED AUGUST 17, 2026",https://www.sec.gov/Archives/edgar/data/1948455/000121390026090494/ea030219201ex99-1.htm,False,
STRC,2026-08-17 00:00:00,https://www.sec.gov/Archives/edgar/data/1050446/000119312526353240/0001193125-26-353240-index.htm,8-K,8-K,https://www.sec.gov/Archives/edgar/data/1050446/000119312526353240/mstr-20260817.htm,False,
STRK,2026-08-17 00:00:00,https://www.sec.gov/Archives/edgar/data/1050446/000119312526353240/0001193125-26-353240-index.htm,8-K,8-K,https://www.sec.gov/Archives/edgar/data/1050446/000119312526353240/mstr-20260817.htm,False,
STRF,2026-08-17 00:00:00,https://www.sec.gov/Archives/edgar/data/1050446/000119312526353240/0001193125-26-353240-index.htm,8-K,8-K,https://www.sec.gov/Archives/edgar/data/1050446/000119312526353240/mstr-20260817.htm,False,
STRD,2026-08-17 00:00:00,https://www.sec.gov/Archives/edgar/data/1050446/000119312526353240/0001193125-26-353240-index.htm,8-K,8-K,https://www.sec.gov/Archives/edgar/data/1050446/000119312526353240/mstr-20260817.htm,False,
MSTR,2026-08-17 00:00:00,https://www.sec.gov/Archives/edgar/data/1050446/000119312526353240/0001193125-26-353240-index.htm,8-K,8-K,https://www.sec.gov/Archives/edgar/data/1050446/000119312526353240/mstr-20260817.htm,False,
ASST,2026-08-17 00:00:00,https://www.sec.gov/Archives/edgar/data/1920406/000162828026057224/0001628280-26-057224-index.htm,8-K,8-K,https://www.sec.gov/Archives/edgar/data/1920406/000162828026057224/asst-20260817.htm,False,
SATA,2026-08-17 00:00:00,https://www.sec.gov/Archives/edgar/data/1920406/000162828026057224/0001628280-26-057224-index.htm,8-K,8-K,https://www.sec.gov/Archives/edgar/data/1920406/000162828026057224/asst-20260817.htm,False,
HVBT,2026-08-17 00:00:00,https://www.sec.gov/Archives/edgar/data/1720424/000106299326004447/0001062993-26-004447-index.htm,8-K,FORM 8-K,https://www.sec.gov/Archives/edgar/data/1720424/000106299326004447/form8k.htm,False,
HVBT,2026-08-17 00:00:00,https://www.sec.gov/Archives/edgar/data/1720424/000106299326004447/0001062993-26-004447-index.htm,EX-99.1,EXHIBIT 99.1,https://www.sec.gov/Archives/edgar/data/1720424/000106299326004447/exhibit99-1.htm,True,
HIVE,2026-08-17 00:00:00,https://www.sec.gov/Archives/edgar/data/1720424/000106299326004447/0001062993-26-004447-index.htm,8-K,FORM 8-K,https://www.sec.gov/Archives/edgar/data/1720424/000106299326004447/form8k.htm,False,
HIVE,2026-08-17 00:00:00,https://www.sec.gov/Archives/edgar/data/1720424/000106299326004447/0001062993-26-004447-index.htm,EX-99.1,EXHIBIT 99.1,https://www.sec.gov/Archives/edgar/data/1720424/000106299326004447/exhibit99-1.htm,True,
BDN,2026-08-17 00:00:00,https://www.sec.gov/Archives/edgar/data/790816/000119312526353237/0001193125-26-353237-index.htm,8-K,8-K,https://www.sec.gov/Archives/edgar/data/790816/000119312526353237/d386288d8k.htm,False,
BDN,2026-08-17 00:00:00,https://www.sec.gov/Archives/edgar/data/790816/000119312526353237/0001193125-26-353237-index.htm,EX-99.1,EX-99.1,https://www.sec.gov/Archives/edgar/data/790816/000119312526353237/d386288dex991.htm,True,
None,2026-08-17 00:00:00,https://www.sec.gov/Archives/edgar/data/1060386/000119312526353237/0001193125-26-353237-index.htm,8-K,8-K,https://www.sec.gov/Archives/edgar/data/790816/000119312526353237/d386288d8k.htm,False,
None,2026-08-17 00:00:00,https://www.sec.gov/Archives/edgar/data/1060386/000119312526353237/0001193125-26-353237-index.htm,EX-99.1,EX-99.1,https://www.sec.gov/Archives/edgar/data/790816/000119312526353237/d386288dex991.htm,True,
AURX,2026-08-17 00:00:00,https://www.sec.gov/Archives/edgar/data/1091596/000143774926028109/0001437749-26-028109-index.htm,8-K,FORM 8-K,https://www.sec.gov/Archives/edgar/data/1091596/000143774926028109/aurx20260816c_8k.htm,False,
None,2026-08-17 00:00:00,https://www.sec.gov/Archives/edgar/data/2084026/000143774926028108/0001437749-26-028108-index.htm,8-K,FORM 8-K,https://www.sec.gov/Archives/edgar/data/2084026/000143774926028108/quma20260817_8k.htm,False,
None,2026-08-17 00:00:00,https://www.sec.gov/Archives/edgar/data/2084026/000143774926028108/0001437749-26-028108-index.htm,EX-99.1,EXHIBIT 99.1,https://www.sec.gov/Archives/edgar/data/2084026/000143774926028108/ex_1005855.htm,False,
NWSA,2026-08-17 00:00:00,https://www.sec.gov/Archives/edgar/data/1564708/000156470826000181/0001564708-26-000181-index.htm,8-K,8-K,https://www.sec.gov/Archives/edgar/data/1564708/000156470826000181/nws-20260814.htm,False,
NWSA,2026-08-17 00:00:00,https://www.sec.gov/Archives/edgar/data/1564708/000156470826000181/0001564708-26-000181-index.htm,EX-99.1,EX-99.1,https://www.sec.gov/Archives/edgar/data/1564708/000156470826000181/appendix3cclassa20260814.htm,False,
NWS,2026-08-17 00:00:00,https://www.sec.gov/Archives/edgar/data/1564708/000156470826000181/0001564708-26-000181-index.htm,8-K,8-K,https://www.sec.gov/Archives/edgar/data/1564708/000156470826000181/nws-20260814.htm,False,
NWS,2026-08-17 00:00:00,https://www.sec.gov/Archives/edgar/data/1564708/000156470826000181/0001564708-26-000181-index.htm,EX-99.1,EX-99.1,https://www.sec.gov/Archives/edgar/data/1564708/000156470826000181/appendix3cclassa20260814.htm,False,
BFH,2026-08-17 00:00:00,https://www.sec.gov/Archives/edgar/data/1101215/000110121526000076/0001101215-26-000076-index.htm,8-K,8-K,https://www.sec.gov/Archives/edgar/data/1101215/000110121526000076/bfh-20260817.htm,False,
BFH,2026-08-17 00:00:00,https://www.sec.gov/Archives/edgar/data/1101215/000110121526000076/0001101215-26-000076-index.htm,EX-99.1,EX-99.1,https://www.sec.gov/Archives/edgar/data/1101215/000110121526000076/july2026creditstatsex991-t.htm,False,
ADS,2026-08-17 00:00:00,https://www.sec.gov/Archives/edgar/data/1101215/000110121526000076/0001101215-26-000076-index.htm,8-K,8-K,https://www.sec.gov/Archives/edgar/data/1101215/000110121526000076/bfh-20260817.htm,False,
ADS,2026-08-17 00:00:00,https://www.sec.gov/Archives/edgar/data/1101215/000110121526000076/0001101215-26-000076-index.htm,EX-99.1,EX-99.1,https://www.sec.gov/Archives/edgar/data/1101215/000110121526000076/july2026creditstatsex991-t.htm,False,
LHX,2026-08-17 00:00:00,https://www.sec.gov/Archives/edgar/data/202058/000020205826000066/0000202058-26-000066-index.htm,8-K,8-K,https://www.sec.gov/Archives/edgar/data/202058/000020205826000066/hrs-20260816.htm,False,
LHX,2026-08-17 00:00:00,https://www.sec.gov/Archives/edgar/data/202058/000020205826000066/0000202058-26-000066-index.htm,EX-10.1,EX-10.1,https://www.sec.gov/Archives/edgar/data/202058/000020205826000066/separationagreementexecuti.htm,False,
LHX,2026-08-17 00:00:00,https://www.sec.gov/Archives/edgar/data/202058/000020205826000066/0000202058-26-000066-index.htm,EX-99.1,EX-99.1,https://www.sec.gov/Archives/edgar/data/202058/000020205826000066/lhxleadershipchangepressre.htm,False,
PROP,2026-08-17 00:00:00,https://www.sec.gov/Archives/edgar/data/1162896/000114036126033264/0001140361-26-033264-index.htm,8-K,8-K,https://www.sec.gov/Archives/edgar/data/1162896/000114036126033264/ef20080297_8k.htm,True,
PROP,2026-08-17 00:00:00,https://www.sec.gov/Archives/edgar/data/1162896/000114036126033264/0001140361-26-033264-index.htm,EX-10.1,EXHIBIT 10.1,https://www.sec.gov/Archives/edgar/data/1162896/000114036126033264/ef20080297_ex10-1.htm,True,
WIZD,2026-08-17 00:00:00,https://www.sec.gov/Archives/edgar/data/1162896/000114036126033264/0001140361-26-033264-index.htm,8-K,8-K,https://www.sec.gov/Archives/edgar/data/1162896/000114036126033264/ef20080297_8k.htm,True,
WIZD,2026-08-17 00:00:00,https://www.sec.gov/Archives/edgar/data/1162896/000114036126033264/0001140361-26-033264-index.htm,EX-10.1,EXHIBIT 10.1,https://www.sec.gov/Archives/edgar/data/1162896/000114036126033264/ef20080297_ex10-1.htm,True,
CRKR,2026-08-17 00:00:00,https://www.sec.gov/Archives/edgar/data/1162896/000114036126033264/0001140361-26-033264-index.htm,8-K,8-K,https://www.sec.gov/Archives/edgar/data/1162896/000114036126033264/ef20080297_8k.htm,True,
CRKR,2026-08-17 00:00:00,https://www.sec.gov/Archives/edgar/data/1162896/000114036126033264/0001140361-26-033264-index.htm,EX-10.1,EXHIBIT 10.1,https://www.sec.gov/Archives/edgar/data/1162896/000114036126033264/ef20080297_ex10-1.htm,True,
PROF,2026-08-17 00:00:00,https://www.sec.gov/Archives/edgar/data/1628808/000117184326005575/0001171843-26-005575-index.htm,8-K,FORM 8-K,https://www.sec.gov/Archives/edgar/data/1628808/000117184326005575/f8k_081726.htm,False,
PROF,2026-08-17 00:00:00,https://www.sec.gov/Archives/edgar/data/1628808/000117184326005575/0001171843-26-005575-index.htm,EX-99.1,PRESS RELEASE,https://www.sec.gov/Archives/edgar/data/1628808/000117184326005575/exh_991.htm,False,
ADIL,2026-08-17 00:00:00,https://www.sec.gov/Archives/edgar/data/1513525/000121390026090482/0001213900-26-090482-index.htm,8-K,CURRENT REPORT,https://www.sec.gov/Archives/edgar/data/1513525/000121390026090482/ea0301966-8k_adial.htm,False,
ADIL,2026-08-17 00:00:00,https://www.sec.gov/Archives/edgar/data/1513525/000121390026090482/0001213900-26-090482-index.htm,EX-99.1,"PRESS RELEASE, DATED AUGUST 17, 2026",https://www.sec.gov/Archives/edgar/data/1513525/000121390026090482/ea030196601ex99-1.htm,False,
ADILW,2026-08-17 00:00:00,https://www.sec.gov/Archives/edgar/data/1513525/000121390026090482/0001213900-26-090482-index.htm,8-K,CURRENT REPORT,https://www.sec.gov/Archives/edgar/data/1513525/000121390026090482/ea0301966-8k_adial.htm,False,
ADILW,2026-08-17 00:00:00,https://www.sec.gov/Archives/edgar/data/1513525/000121390026090482/0001213900-26-090482-index.htm,EX-99.1,"PRESS RELEASE, DATED AUGUST 17, 2026",https://www.sec.gov/Archives/edgar/data/1513525/000121390026090482/ea030196601ex99-1.htm,False,
AMPGW,2026-08-17 00:00:00,https://www.sec.gov/Archives/edgar/data/1518461/000149315226038625/0001493152-26-038625-index.htm,8-K,8-K,https://www.sec.gov/Archives/edgar/data/1518461/000149315226038625/form8-k.htm,False,
AMPGW,2026-08-17 00:00:00,https://www.sec.gov/Archives/edgar/data/1518461/000149315226038625/0001493152-26-038625-index.htm,EX-99.1,EX-99.1,https://www.sec.gov/Archives/edgar/data/1518461/000149315226038625/ex99-1.htm,False,
AMPG,2026-08-17 00:00:00,https://www.sec.gov/Archives/edgar/data/1518461/000149315226038625/0001493152-26-038625-index.htm,8-K,8-K,https://www.sec.gov/Archives/edgar/data/1518461/000149315226038625/form8-k.htm,False,
AMPG,2026-08-17 00:00:00,https://www.sec.gov/Archives/edgar/data/1518461/000149315226038625/0001493152-26-038625-index.htm,EX-99.1,EX-99.1,https://www.sec.gov/Archives/edgar/data/1518461/000149315226038625/ex99-1.htm,False,
CSAI,2026-08-17 00:00:00,https://www.sec.gov/Archives/edgar/data/1709628/000168316826006505/0001683168-26-006505-index.htm,8-K,CURRENT REPORT,https://www.sec.gov/Archives/edgar/data/1709628/000168316826006505/cloud_8k.htm,False,
CSAI,2026-08-17 00:00:00,https://www.sec.gov/Archives/edgar/data/1709628/000168316826006505/0001683168-26-006505-index.htm,EX-99.1,"PRESS RELEASE DATED AUGUST 17, 2026",https://www.sec.gov/Archives/edgar/data/1709628/000168316826006505/cloud_ex9901.htm,False,
NSPR,2026-08-17 00:00:00,https://www.sec.gov/Archives/edgar/data/1433607/000149315226038624/0001493152-26-038624-index.htm,8-K,8-K,https://www.sec.gov/Archives/edgar/data/1433607/000149315226038624/form8-k.htm,False,
NSPR,2026-08-17 00:00:00,https://www.sec.gov/Archives/edgar/data/1433607/000149315226038624/0001493152-26-038624-index.htm,EX-99.1,EX-99.1,https://www.sec.gov/Archives/edgar/data/1433607/000149315226038624/ex99-1.htm,False,
QBTS,2026-08-17 00:00:00,https://www.sec.gov/Archives/edgar/data/1907982/000190798226000132/0001907982-26-000132-index.htm,8-K,8-K,https://www.sec.gov/Archives/edgar/data/1907982/000190798226000132/qbts-20260813.htm,False,
QBTS,2026-08-17 00:00:00,https://www.sec.gov/Archives/edgar/data/1907982/000190798226000132/0001907982-26-000132-index.htm,EX-99.1,EX-99.1,https://www.sec.gov/Archives/edgar/data/1907982/000190798226000132/exhibit991-dxwaveappointsk.htm,False,
QBTS-WT,2026-08-17 00:00:00,https://www.sec.gov/Archives/edgar/data/1907982/000190798226000132/0001907982-26-000132-index.htm,8-K,8-K,https://www.sec.gov/Archives/edgar/data/1907982/000190798226000132/qbts-20260813.htm,False,
QBTS-WT,2026-08-17 00:00:00,https://www.sec.gov/Archives/edgar/data/1907982/000190798226000132/0001907982-26-000132-index.htm,EX-99.1,EX-99.1,https://www.sec.gov/Archives/edgar/data/1907982/000190798226000132/exhibit991-dxwaveappointsk.htm,False,
None,2026-08-17 00:00:00,https://www.sec.gov/Archives/edgar/data/2098430/000162828026057213/0001628280-26-057213-index.htm,8-K,8-K,https://www.sec.gov/Archives/edgar/data/2098430/000162828026057213/mair-20260815.htm,True,
None,2026-08-17 00:00:00,https://www.sec.gov/Archives/edgar/data/2098430/000162828026057213/0001628280-26-057213-index.htm,EX-99.1,EX-99.1,https://www.sec.gov/Archives/edgar/data/2098430/000162828026057213/confidential8kpressrelease.htm,False,
ZURA,2026-08-17 00:00:00,https://www.sec.gov/Archives/edgar/data/1855644/000110465926097526/0001104659-26-097526-index.htm,8-K,FORM 8-K,https://www.sec.gov/Archives/edgar/data/1855644/000110465926097526/tm2623351d1_8k.htm,False,
ZURA,2026-08-17 00:00:00,https://www.sec.gov/Archives/edgar/data/1855644/000110465926097526/0001104659-26-097526-index.htm,EX-99.1,EXHIBIT 99.1,https://www.sec.gov/Archives/edgar/data/1855644/000110465926097526/tm2623351d1_ex99-1.htm,False,
JATT-WT,2026-08-17 00:00:00,https://www.sec.gov/Archives/edgar/data/1855644/000110465926097526/0001104659-26-097526-index.htm,8-K,FORM 8-K,https://www.sec.gov/Archives/edgar/data/1855644/000110465926097526/tm2623351d1_8k.htm,False,
JATT-WT,2026-08-17 00:00:00,https://www.sec.gov/Archives/edgar/data/1855644/000110465926097526/0001104659-26-097526-index.htm,EX-99.1,EXHIBIT 99.1,https://www.sec.gov/Archives/edgar/data/1855644/000110465926097526/tm2623351d1_ex99-1.htm,False,
JATT-UN,2026-08-17 00:00:00,https://www.sec.gov/Archives/edgar/data/1855644/000110465926097526/0001104659-26-097526-index.htm,8-K,FORM 8-K,https://www.sec.gov/Archives/edgar/data/1855644/000110465926097526/tm2623351d1_8k.htm,False,
JATT-UN,2026-08-17 00:00:00,https://www.sec.gov/Archives/edgar/data/1855644/000110465926097526/0001104659-26-097526-index.htm,EX-99.1,EXHIBIT 99.1,https://www.sec.gov/Archives/edgar/data/1855644/000110465926097526/tm2623351d1_ex99-1.htm,False,
ENVX,2026-08-17 00:00:00,https://www.sec.gov/Archives/edgar/data/1828318/000121390026090472/0001213900-26-090472-index.htm,8-K,CURRENT REPORT,https://www.sec.gov/Archives/edgar/data/1828318/000121390026090472/ea0302318-8k_enovix.htm,False,
ENVX,2026-08-17 00:00:00,https://www.sec.gov/Archives/edgar/data/1828318/000121390026090472/0001213900-26-090472-index.htm,EX-99.1,"PRESS RELEASE, DATED AUGUST 17, 2026",https://www.sec.gov/Archives/edgar/data/1828318/000121390026090472/ea030231801ex99-1.htm,False,
OMI,2026-08-17 00:00:00,https://www.sec.gov/Archives/edgar/data/75252/000110465926097517/0001104659-26-097517-index.htm,8-K,FORM 8-K,https://www.sec.gov/Archives/edgar/data/75252/000110465926097517/tm2622667d5_8k.htm,False,
OMI,2026-08-17 00:00:00,https://www.sec.gov/Archives/edgar/data/75252/000110465926097517/0001104659-26-097517-index.htm,EX-99.1,EXHIBIT 99.1,https://www.sec.gov/Archives/edgar/data/75252/000110465926097517/tm2622667d5_ex99-1.htm,True,
ACH,2026-08-17 00:00:00,https://www.sec.gov/Archives/edgar/data/75252/000110465926097517/0001104659-26-097517-index.htm,8-K,FORM 8-K,https://www.sec.gov/Archives/edgar/data/75252/000110465926097517/tm2622667d5_8k.htm,False,
ACH,2026-08-17 00:00:00,https://www.sec.gov/Archives/edgar/data/75252/000110465926097517/0001104659-26-097517-index.htm,EX-99.1,EXHIBIT 99.1,https://www.sec.gov/Archives/edgar/data/75252/000110465926097517/tm2622667d5_ex99-1.htm,True,
PPTA,2026-08-17 00:00:00,https://www.sec.gov/Archives/edgar/data/1526243/000110465926097512/0001104659-26-097512-index.htm,8-K,FORM 8-K,https://www.sec.gov/Archives/edgar/data/1526243/000110465926097512/tm2623376d1_8k.htm,False,
MOS,2026-08-17 00:00:00,https://www.sec.gov/Archives/edgar/data/1285785/000119312526353193/0001193125-26-353193-index.htm,8-K,8-K,https://www.sec.gov/Archives/edgar/data/1285785/000119312526353193/d172855d8k.htm,False,
MOS,2026-08-17 00:00:00,https://www.sec.gov/Archives/edgar/data/1285785/000119312526353193/0001193125-26-353193-index.htm,EX-99.1,EX-99.1,https://www.sec.gov/Archives/edgar/data/1285785/000119312526353193/d172855dex991.htm,False,
PROP,2026-08-17 00:00:00,https://www.sec.gov/Archives/edgar/data/1162896/000114036126033259/0001140361-26-033259-index.htm,8-K,8-K,https://www.sec.gov/Archives/edgar/data/1162896/000114036126033259/ef20079578_8k.htm,False,
PROP,2026-08-17 00:00:00,https://www.sec.gov/Archives/edgar/data/1162896/000114036126033259/0001140361-26-033259-index.htm,EX-99.1,EXHIBIT 99.1,https://www.sec.gov/Archives/edgar/data/1162896/000114036126033259/ef20079578_ex99-1.htm,True,
WIZD,2026-08-17 00:00:00,https://www.sec.gov/Archives/edgar/data/1162896/000114036126033259/0001140361-26-033259-index.htm,8-K,8-K,https://www.sec.gov/Archives/edgar/data/1162896/000114036126033259/ef20079578_8k.htm,False,
WIZD,2026-08-17 00:00:00,https://www.sec.gov/Archives/edgar/data/1162896/000114036126033259/0001140361-26-033259-index.htm,EX-99.1,EXHIBIT 99.1,https://www.sec.gov/Archives/edgar/data/1162896/000114036126033259/ef20079578_ex99-1.htm,True,
CRKR,2026-08-17 00:00:00,https://www.sec.gov/Archives/edgar/data/1162896/000114036126033259/0001140361-26-033259-index.htm,8-K,8-K,https://www.sec.gov/Archives/edgar/data/1162896/000114036126033259/ef20079578_8k.htm,False,
CRKR,2026-08-17 00:00:00,https://www.sec.gov/Archives/edgar/data/1162896/000114036126033259/0001140361-26-033259-index.htm,EX-99.1,EXHIBIT 99.1,https://www.sec.gov/Archives/edgar/data/1162896/000114036126033259/ef20079578_ex99-1.htm,True,
ULTA,2026-08-17 00:00:00,https://www.sec.gov/Archives/edgar/data/1403568/000110465926097497/0001104659-26-097497-index.htm,8-K,8-K,https://www.sec.gov/Archives/edgar/data/1403568/000110465926097497/ulta-20260813x8k.htm,False,
ULTA,2026-08-17 00:00:00,https://www.sec.gov/Archives/edgar/data/1403568/000110465926097497/0001104659-26-097497-index.htm,EX-99.1,EX-99.1,https://www.sec.gov/Archives/edgar/data/1403568/000110465926097497/ulta-20260813xex99d1.htm,False,
CNC,2026-08-17 00:00:00,https://www.sec.gov/Archives/edgar/data/1071739/000107173926000165/0001071739-26-000165-index.htm,8-K,8-K,https://www.sec.gov/Archives/edgar/data/1071739/000107173926000165/cnc-20260812.htm,False,
CNC,2026-08-17 00:00:00,https://www.sec.gov/Archives/edgar/data/1071739/000107173926000165/0001071739-26-000165-index.htm,EX-99.1,EX-99.1,https://www.sec.gov/Archives/edgar/data/1071739/000107173926000165/a20260817formex991pressrel.htm,False,
TIVC,2026-08-17 00:00:00,https://www.sec.gov/Archives/edgar/data/1787740/000168316826006501/0001683168-26-006501-index.htm,8-K,CURRENT REPORT,https://www.sec.gov/Archives/edgar/data/1787740/000168316826006501/valion_8k.htm,True,
TIVC,2026-08-17 00:00:00,https://www.sec.gov/Archives/edgar/data/1787740/000168316826006501/0001683168-26-006501-index.htm,EX-10.1,"LETTER AGREEMENT BETWEEN THE COMPANY AND 3I, LP",https://www.sec.gov/Archives/edgar/data/1787740/000168316826006501/valion_ex1001.htm,False,
TIVC,2026-08-17 00:00:00,https://www.sec.gov/Archives/edgar/data/1787740/000168316826006501/0001683168-26-006501-index.htm,EX-10.2,FORM OF ROYALTY AGREEMENT,https://www.sec.gov/Archives/edgar/data/1787740/000168316826006501/valion_ex1002.htm,False,
TTMI,2026-08-17 00:00:00,https://www.sec.gov/Archives/edgar/data/1116942/000119312526353148/0001193125-26-353148-index.htm,8-K,8-K,https://www.sec.gov/Archives/edgar/data/1116942/000119312526353148/d375900d8k.htm,True,
TTMI,2026-08-17 00:00:00,https://www.sec.gov/Archives/edgar/data/1116942/000119312526353148/0001193125-26-353148-index.htm,EX-10.1,EX-10.1,https://www.sec.gov/Archives/edgar/data/1116942/000119312526353148/d375900dex101.htm,True,
TTMI,2026-08-17 00:00:00,https://www.sec.gov/Archives/edgar/data/1116942/000119312526353148/0001193125-26-353148-index.htm,EX-99.1,EX-99.1,https://www.sec.gov/Archives/edgar/data/1116942/000119312526353148/d375900dex991.htm,False,
QNCX,2026-08-17 00:00:00,https://www.sec.gov/Archives/edgar/data/1662774/000119312526353141/0001193125-26-353141-index.htm,8-K,8-K,https://www.sec.gov/Archives/edgar/data/1662774/000119312526353141/d379347d8k.htm,False,
QNCX,2026-08-17 00:00:00,https://www.sec.gov/Archives/edgar/data/1662774/000119312526353141/0001193125-26-353141-index.htm,EX-99.1,EX-99.1,https://www.sec.gov/Archives/edgar/data/1662774/000119312526353141/d379347dex991.htm,False,
CRTX,2026-08-17 00:00:00,https://www.sec.gov/Archives/edgar/data/1662774/000119312526353141/0001193125-26-353141-index.htm,8-K,8-K,https://www.sec.gov/Archives/edgar/data/1662774/000119312526353141/d379347d8k.htm,False,
CRTX,2026-08-17 00:00:00,https://www.sec.gov/Archives/edgar/data/1662774/000119312526353141/0001193125-26-353141-index.htm,EX-99.1,EX-99.1,https://www.sec.gov/Archives/edgar/data/1662774/000119312526353141/d379347dex991.htm,False,
