symbol,filingDate,filing_detail_url,document_type,document_description,document_url,matched,error
AMT,2026-09-09 00:00:00,https://www.sec.gov/Archives/edgar/data/1053507/000105350726000141/0001053507-26-000141-index.htm,8-K,8-K,https://www.sec.gov/Archives/edgar/data/1053507/000105350726000141/amt-20260909.htm,False,
AMT,2026-09-09 00:00:00,https://www.sec.gov/Archives/edgar/data/1053507/000105350726000141/0001053507-26-000141-index.htm,EX-99.1,EX-99.1,https://www.sec.gov/Archives/edgar/data/1053507/000105350726000141/exhibit991september2026usd.htm,True,
FAVO,2026-09-09 00:00:00,https://www.sec.gov/Archives/edgar/data/1795851/000166357726000266/0001663577-26-000266-index.htm,8-K,FORM 8-K,https://www.sec.gov/Archives/edgar/data/1795851/000166357726000266/swrd_8k090926.htm,False,
FAVO,2026-09-09 00:00:00,https://www.sec.gov/Archives/edgar/data/1795851/000166357726000266/0001663577-26-000266-index.htm,EX-99.1,"PRESS RELEASE DATED SEPTEMBER 9, 2026",https://www.sec.gov/Archives/edgar/data/1795851/000166357726000266/ex99_1.htm,False,
SWRD,2026-09-09 00:00:00,https://www.sec.gov/Archives/edgar/data/1795851/000166357726000266/0001663577-26-000266-index.htm,8-K,FORM 8-K,https://www.sec.gov/Archives/edgar/data/1795851/000166357726000266/swrd_8k090926.htm,False,
SWRD,2026-09-09 00:00:00,https://www.sec.gov/Archives/edgar/data/1795851/000166357726000266/0001663577-26-000266-index.htm,EX-99.1,"PRESS RELEASE DATED SEPTEMBER 9, 2026",https://www.sec.gov/Archives/edgar/data/1795851/000166357726000266/ex99_1.htm,False,
ENNPF,2026-09-09 00:00:00,https://www.sec.gov/Archives/edgar/data/895728/000110465926106404/0001104659-26-106404-index.htm,8-K,FORM 8-K,https://www.sec.gov/Archives/edgar/data/895728/000110465926106404/tm2624881d5_8k.htm,False,
ENNPF,2026-09-09 00:00:00,https://www.sec.gov/Archives/edgar/data/895728/000110465926106404/0001104659-26-106404-index.htm,EX-99.1,EXHIBIT 99.1,https://www.sec.gov/Archives/edgar/data/895728/000110465926106404/tm2624881d5_ex99-1.htm,False,
ENBFF,2026-09-09 00:00:00,https://www.sec.gov/Archives/edgar/data/895728/000110465926106404/0001104659-26-106404-index.htm,8-K,FORM 8-K,https://www.sec.gov/Archives/edgar/data/895728/000110465926106404/tm2624881d5_8k.htm,False,
ENBFF,2026-09-09 00:00:00,https://www.sec.gov/Archives/edgar/data/895728/000110465926106404/0001104659-26-106404-index.htm,EX-99.1,EXHIBIT 99.1,https://www.sec.gov/Archives/edgar/data/895728/000110465926106404/tm2624881d5_ex99-1.htm,False,
ENBRF,2026-09-09 00:00:00,https://www.sec.gov/Archives/edgar/data/895728/000110465926106404/0001104659-26-106404-index.htm,8-K,FORM 8-K,https://www.sec.gov/Archives/edgar/data/895728/000110465926106404/tm2624881d5_8k.htm,False,
ENBRF,2026-09-09 00:00:00,https://www.sec.gov/Archives/edgar/data/895728/000110465926106404/0001104659-26-106404-index.htm,EX-99.1,EXHIBIT 99.1,https://www.sec.gov/Archives/edgar/data/895728/000110465926106404/tm2624881d5_ex99-1.htm,False,
ENB,2026-09-09 00:00:00,https://www.sec.gov/Archives/edgar/data/895728/000110465926106404/0001104659-26-106404-index.htm,8-K,FORM 8-K,https://www.sec.gov/Archives/edgar/data/895728/000110465926106404/tm2624881d5_8k.htm,False,
ENB,2026-09-09 00:00:00,https://www.sec.gov/Archives/edgar/data/895728/000110465926106404/0001104659-26-106404-index.htm,EX-99.1,EXHIBIT 99.1,https://www.sec.gov/Archives/edgar/data/895728/000110465926106404/tm2624881d5_ex99-1.htm,False,
EBGEF,2026-09-09 00:00:00,https://www.sec.gov/Archives/edgar/data/895728/000110465926106404/0001104659-26-106404-index.htm,8-K,FORM 8-K,https://www.sec.gov/Archives/edgar/data/895728/000110465926106404/tm2624881d5_8k.htm,False,
EBGEF,2026-09-09 00:00:00,https://www.sec.gov/Archives/edgar/data/895728/000110465926106404/0001104659-26-106404-index.htm,EX-99.1,EXHIBIT 99.1,https://www.sec.gov/Archives/edgar/data/895728/000110465926106404/tm2624881d5_ex99-1.htm,False,
ENBHF,2026-09-09 00:00:00,https://www.sec.gov/Archives/edgar/data/895728/000110465926106404/0001104659-26-106404-index.htm,8-K,FORM 8-K,https://www.sec.gov/Archives/edgar/data/895728/000110465926106404/tm2624881d5_8k.htm,False,
ENBHF,2026-09-09 00:00:00,https://www.sec.gov/Archives/edgar/data/895728/000110465926106404/0001104659-26-106404-index.htm,EX-99.1,EXHIBIT 99.1,https://www.sec.gov/Archives/edgar/data/895728/000110465926106404/tm2624881d5_ex99-1.htm,False,
EBRGF,2026-09-09 00:00:00,https://www.sec.gov/Archives/edgar/data/895728/000110465926106404/0001104659-26-106404-index.htm,8-K,FORM 8-K,https://www.sec.gov/Archives/edgar/data/895728/000110465926106404/tm2624881d5_8k.htm,False,
EBRGF,2026-09-09 00:00:00,https://www.sec.gov/Archives/edgar/data/895728/000110465926106404/0001104659-26-106404-index.htm,EX-99.1,EXHIBIT 99.1,https://www.sec.gov/Archives/edgar/data/895728/000110465926106404/tm2624881d5_ex99-1.htm,False,
EBRZF,2026-09-09 00:00:00,https://www.sec.gov/Archives/edgar/data/895728/000110465926106404/0001104659-26-106404-index.htm,8-K,FORM 8-K,https://www.sec.gov/Archives/edgar/data/895728/000110465926106404/tm2624881d5_8k.htm,False,
EBRZF,2026-09-09 00:00:00,https://www.sec.gov/Archives/edgar/data/895728/000110465926106404/0001104659-26-106404-index.htm,EX-99.1,EXHIBIT 99.1,https://www.sec.gov/Archives/edgar/data/895728/000110465926106404/tm2624881d5_ex99-1.htm,False,
ENBGF,2026-09-09 00:00:00,https://www.sec.gov/Archives/edgar/data/895728/000110465926106404/0001104659-26-106404-index.htm,8-K,FORM 8-K,https://www.sec.gov/Archives/edgar/data/895728/000110465926106404/tm2624881d5_8k.htm,False,
ENBGF,2026-09-09 00:00:00,https://www.sec.gov/Archives/edgar/data/895728/000110465926106404/0001104659-26-106404-index.htm,EX-99.1,EXHIBIT 99.1,https://www.sec.gov/Archives/edgar/data/895728/000110465926106404/tm2624881d5_ex99-1.htm,False,
ENBA,2026-09-09 00:00:00,https://www.sec.gov/Archives/edgar/data/895728/000110465926106404/0001104659-26-106404-index.htm,8-K,FORM 8-K,https://www.sec.gov/Archives/edgar/data/895728/000110465926106404/tm2624881d5_8k.htm,False,
ENBA,2026-09-09 00:00:00,https://www.sec.gov/Archives/edgar/data/895728/000110465926106404/0001104659-26-106404-index.htm,EX-99.1,EXHIBIT 99.1,https://www.sec.gov/Archives/edgar/data/895728/000110465926106404/tm2624881d5_ex99-1.htm,False,
ENBMF,2026-09-09 00:00:00,https://www.sec.gov/Archives/edgar/data/895728/000110465926106404/0001104659-26-106404-index.htm,8-K,FORM 8-K,https://www.sec.gov/Archives/edgar/data/895728/000110465926106404/tm2624881d5_8k.htm,False,
ENBMF,2026-09-09 00:00:00,https://www.sec.gov/Archives/edgar/data/895728/000110465926106404/0001104659-26-106404-index.htm,EX-99.1,EXHIBIT 99.1,https://www.sec.gov/Archives/edgar/data/895728/000110465926106404/tm2624881d5_ex99-1.htm,False,
ENBSF,2026-09-09 00:00:00,https://www.sec.gov/Archives/edgar/data/895728/000110465926106404/0001104659-26-106404-index.htm,8-K,FORM 8-K,https://www.sec.gov/Archives/edgar/data/895728/000110465926106404/tm2624881d5_8k.htm,False,
ENBSF,2026-09-09 00:00:00,https://www.sec.gov/Archives/edgar/data/895728/000110465926106404/0001104659-26-106404-index.htm,EX-99.1,EXHIBIT 99.1,https://www.sec.gov/Archives/edgar/data/895728/000110465926106404/tm2624881d5_ex99-1.htm,False,
EBBGF,2026-09-09 00:00:00,https://www.sec.gov/Archives/edgar/data/895728/000110465926106404/0001104659-26-106404-index.htm,8-K,FORM 8-K,https://www.sec.gov/Archives/edgar/data/895728/000110465926106404/tm2624881d5_8k.htm,False,
EBBGF,2026-09-09 00:00:00,https://www.sec.gov/Archives/edgar/data/895728/000110465926106404/0001104659-26-106404-index.htm,EX-99.1,EXHIBIT 99.1,https://www.sec.gov/Archives/edgar/data/895728/000110465926106404/tm2624881d5_ex99-1.htm,False,
ENBOF,2026-09-09 00:00:00,https://www.sec.gov/Archives/edgar/data/895728/000110465926106404/0001104659-26-106404-index.htm,8-K,FORM 8-K,https://www.sec.gov/Archives/edgar/data/895728/000110465926106404/tm2624881d5_8k.htm,False,
ENBOF,2026-09-09 00:00:00,https://www.sec.gov/Archives/edgar/data/895728/000110465926106404/0001104659-26-106404-index.htm,EX-99.1,EXHIBIT 99.1,https://www.sec.gov/Archives/edgar/data/895728/000110465926106404/tm2624881d5_ex99-1.htm,False,
ENBBF,2026-09-09 00:00:00,https://www.sec.gov/Archives/edgar/data/895728/000110465926106404/0001104659-26-106404-index.htm,8-K,FORM 8-K,https://www.sec.gov/Archives/edgar/data/895728/000110465926106404/tm2624881d5_8k.htm,False,
ENBBF,2026-09-09 00:00:00,https://www.sec.gov/Archives/edgar/data/895728/000110465926106404/0001104659-26-106404-index.htm,EX-99.1,EXHIBIT 99.1,https://www.sec.gov/Archives/edgar/data/895728/000110465926106404/tm2624881d5_ex99-1.htm,False,
EBBNF,2026-09-09 00:00:00,https://www.sec.gov/Archives/edgar/data/895728/000110465926106404/0001104659-26-106404-index.htm,8-K,FORM 8-K,https://www.sec.gov/Archives/edgar/data/895728/000110465926106404/tm2624881d5_8k.htm,False,
EBBNF,2026-09-09 00:00:00,https://www.sec.gov/Archives/edgar/data/895728/000110465926106404/0001104659-26-106404-index.htm,EX-99.1,EXHIBIT 99.1,https://www.sec.gov/Archives/edgar/data/895728/000110465926106404/tm2624881d5_ex99-1.htm,False,
ENBNF,2026-09-09 00:00:00,https://www.sec.gov/Archives/edgar/data/895728/000110465926106404/0001104659-26-106404-index.htm,8-K,FORM 8-K,https://www.sec.gov/Archives/edgar/data/895728/000110465926106404/tm2624881d5_8k.htm,False,
ENBNF,2026-09-09 00:00:00,https://www.sec.gov/Archives/edgar/data/895728/000110465926106404/0001104659-26-106404-index.htm,EX-99.1,EXHIBIT 99.1,https://www.sec.gov/Archives/edgar/data/895728/000110465926106404/tm2624881d5_ex99-1.htm,False,
BBW,2026-09-09 00:00:00,https://www.sec.gov/Archives/edgar/data/1113809/000143774926029998/0001437749-26-029998-index.htm,8-K,FORM 8-K,https://www.sec.gov/Archives/edgar/data/1113809/000143774926029998/bbw20260904_8k.htm,False,
BBW,2026-09-09 00:00:00,https://www.sec.gov/Archives/edgar/data/1113809/000143774926029998/0001437749-26-029998-index.htm,EX-99.1,EXHIBIT 99.1,https://www.sec.gov/Archives/edgar/data/1113809/000143774926029998/ex_1012917.htm,False,
VIVK,2026-09-09 00:00:00,https://www.sec.gov/Archives/edgar/data/1450704/000182912626009949/0001829126-26-009949-index.htm,8-K,8-K,https://www.sec.gov/Archives/edgar/data/1450704/000182912626009949/vivakorinc_8k.htm,True,
VIVK,2026-09-09 00:00:00,https://www.sec.gov/Archives/edgar/data/1450704/000182912626009949/0001829126-26-009949-index.htm,EX-99.1,EXHIBIT 99.1,https://www.sec.gov/Archives/edgar/data/1450704/000182912626009949/vivakorinc_ex99-1.htm,False,
BLFS,2026-09-09 00:00:00,https://www.sec.gov/Archives/edgar/data/834365/000162828026061174/0001628280-26-061174-index.htm,8-K,8-K,https://www.sec.gov/Archives/edgar/data/834365/000162828026061174/blfs-20260903.htm,False,
IQV,2026-09-09 00:00:00,https://www.sec.gov/Archives/edgar/data/1478242/000119312526386633/0001193125-26-386633-index.htm,8-K,8-K,https://www.sec.gov/Archives/edgar/data/1478242/000119312526386633/d516985d8k.htm,True,
IQV,2026-09-09 00:00:00,https://www.sec.gov/Archives/edgar/data/1478242/000119312526386633/0001193125-26-386633-index.htm,EX-99.1,EX-99.1,https://www.sec.gov/Archives/edgar/data/1478242/000119312526386633/d516985dex991.htm,True,
AVXL,2026-09-09 00:00:00,https://www.sec.gov/Archives/edgar/data/1314052/000173112226001211/0001731122-26-001211-index.htm,8-K,FORM 8-K,https://www.sec.gov/Archives/edgar/data/1314052/000173112226001211/e7928_8-k.htm,False,
None,2026-09-09 00:00:00,https://www.sec.gov/Archives/edgar/data/1581776/000119312526386623/0001193125-26-386623-index.htm,8-K,8-K,https://www.sec.gov/Archives/edgar/data/912595/000119312526386623/maa-20260909.htm,False,
None,2026-09-09 00:00:00,https://www.sec.gov/Archives/edgar/data/1581776/000119312526386623/0001193125-26-386623-index.htm,EX-99.1,EX-99.1,https://www.sec.gov/Archives/edgar/data/912595/000119312526386623/maa-ex99_1.htm,True,
MAA,2026-09-09 00:00:00,https://www.sec.gov/Archives/edgar/data/912595/000119312526386623/0001193125-26-386623-index.htm,8-K,8-K,https://www.sec.gov/Archives/edgar/data/912595/000119312526386623/maa-20260909.htm,False,
MAA,2026-09-09 00:00:00,https://www.sec.gov/Archives/edgar/data/912595/000119312526386623/0001193125-26-386623-index.htm,EX-99.1,EX-99.1,https://www.sec.gov/Archives/edgar/data/912595/000119312526386623/maa-ex99_1.htm,True,
MAA-PI,2026-09-09 00:00:00,https://www.sec.gov/Archives/edgar/data/912595/000119312526386623/0001193125-26-386623-index.htm,8-K,8-K,https://www.sec.gov/Archives/edgar/data/912595/000119312526386623/maa-20260909.htm,False,
MAA-PI,2026-09-09 00:00:00,https://www.sec.gov/Archives/edgar/data/912595/000119312526386623/0001193125-26-386623-index.htm,EX-99.1,EX-99.1,https://www.sec.gov/Archives/edgar/data/912595/000119312526386623/maa-ex99_1.htm,True,
WRAP,2026-09-09 00:00:00,https://www.sec.gov/Archives/edgar/data/1702924/000149315226041992/0001493152-26-041992-index.htm,8-K,8-K,https://www.sec.gov/Archives/edgar/data/1702924/000149315226041992/form8-k.htm,True,
WRAP,2026-09-09 00:00:00,https://www.sec.gov/Archives/edgar/data/1702924/000149315226041992/0001493152-26-041992-index.htm,EX-10.1,EX-10.1,https://www.sec.gov/Archives/edgar/data/1702924/000149315226041992/ex10-1.htm,False,
WRAP,2026-09-09 00:00:00,https://www.sec.gov/Archives/edgar/data/1702924/000149315226041992/0001493152-26-041992-index.htm,EX-10.2,EX-10.2,https://www.sec.gov/Archives/edgar/data/1702924/000149315226041992/ex10-2.htm,False,
DMAQR,2026-09-09 00:00:00,https://www.sec.gov/Archives/edgar/data/1857086/000149315226041991/0001493152-26-041991-index.htm,8-K,8-K,https://www.sec.gov/Archives/edgar/data/1857086/000149315226041991/form8-k.htm,True,
DMAQ,2026-09-09 00:00:00,https://www.sec.gov/Archives/edgar/data/1857086/000149315226041991/0001493152-26-041991-index.htm,8-K,8-K,https://www.sec.gov/Archives/edgar/data/1857086/000149315226041991/form8-k.htm,True,
TRUG,2026-09-09 00:00:00,https://www.sec.gov/Archives/edgar/data/1857086/000149315226041991/0001493152-26-041991-index.htm,8-K,8-K,https://www.sec.gov/Archives/edgar/data/1857086/000149315226041991/form8-k.htm,True,
PRKA,2026-09-09 00:00:00,https://www.sec.gov/Archives/edgar/data/1297937/000149315226041987/0001493152-26-041987-index.htm,8-K,8-K,https://www.sec.gov/Archives/edgar/data/1297937/000149315226041987/form8-k.htm,True,
PRKA,2026-09-09 00:00:00,https://www.sec.gov/Archives/edgar/data/1297937/000149315226041987/0001493152-26-041987-index.htm,EX-10.1,EX-10.1,https://www.sec.gov/Archives/edgar/data/1297937/000149315226041987/ex10-1.htm,False,
PRKA,2026-09-09 00:00:00,https://www.sec.gov/Archives/edgar/data/1297937/000149315226041987/0001493152-26-041987-index.htm,EX-10.2,EX-10.2,https://www.sec.gov/Archives/edgar/data/1297937/000149315226041987/ex10-2.htm,False,
None,2026-09-09 00:00:00,https://www.sec.gov/Archives/edgar/data/2093507/000182912626009947/0001829126-26-009947-index.htm,8-K,8-K,https://www.sec.gov/Archives/edgar/data/2093507/000182912626009947/greenlandenergy_8k.htm,False,
None,2026-09-09 00:00:00,https://www.sec.gov/Archives/edgar/data/2093507/000182912626009947/0001829126-26-009947-index.htm,EX-99.1,EXHIBIT 99.1,https://www.sec.gov/Archives/edgar/data/2093507/000182912626009947/greenlandenergy_ex99-1.htm,False,
ISTR,2026-09-09 00:00:00,https://www.sec.gov/Archives/edgar/data/1602658/000143774926029996/0001437749-26-029996-index.htm,8-K,FORM 8-K,https://www.sec.gov/Archives/edgar/data/1602658/000143774926029996/istr20260901_8k.htm,False,
PPC,2026-09-09 00:00:00,https://www.sec.gov/Archives/edgar/data/802481/000080248126000065/0000802481-26-000065-index.htm,8-K,8-K,https://www.sec.gov/Archives/edgar/data/802481/000080248126000065/ppc-20260909.htm,False,
PPC,2026-09-09 00:00:00,https://www.sec.gov/Archives/edgar/data/802481/000080248126000065/0000802481-26-000065-index.htm,EX-99.1,EX-99.1,https://www.sec.gov/Archives/edgar/data/802481/000080248126000065/ex991bondpricing.htm,False,
KALA,2026-09-09 00:00:00,https://www.sec.gov/Archives/edgar/data/1479419/000182912626009946/0001829126-26-009946-index.htm,8-K,8-K,https://www.sec.gov/Archives/edgar/data/1479419/000182912626009946/kalabio_8k.htm,False,
HLLK,2026-09-09 00:00:00,https://www.sec.gov/Archives/edgar/data/1331421/000149315226041986/0001493152-26-041986-index.htm,8-K,8-K,https://www.sec.gov/Archives/edgar/data/1331421/000149315226041986/form8-k.htm,False,
GCTK,2026-09-09 00:00:00,https://www.sec.gov/Archives/edgar/data/1506983/000149315226041978/0001493152-26-041978-index.htm,8-K,8-K,https://www.sec.gov/Archives/edgar/data/1506983/000149315226041978/form8-k.htm,True,
IGAP,2026-09-09 00:00:00,https://www.sec.gov/Archives/edgar/data/1506983/000149315226041978/0001493152-26-041978-index.htm,8-K,8-K,https://www.sec.gov/Archives/edgar/data/1506983/000149315226041978/form8-k.htm,True,
CTBI,2026-09-09 00:00:00,https://www.sec.gov/Archives/edgar/data/350852/000035085226000072/0000350852-26-000072-index.htm,8-K,CURRENT REPORT FILING,https://www.sec.gov/Archives/edgar/data/350852/000035085226000072/ctb0926invpres8k.htm,False,
CTBI,2026-09-09 00:00:00,https://www.sec.gov/Archives/edgar/data/350852/000035085226000072/0000350852-26-000072-index.htm,EX-99.1,EX-99.1,https://www.sec.gov/Archives/edgar/data/350852/000035085226000072/ctb0926invpre8kex99.htm,False,
CADL,2026-09-09 00:00:00,https://www.sec.gov/Archives/edgar/data/1841387/000119312526386561/0001193125-26-386561-index.htm,8-K,8-K,https://www.sec.gov/Archives/edgar/data/1841387/000119312526386561/d738484d8k.htm,False,
CADL,2026-09-09 00:00:00,https://www.sec.gov/Archives/edgar/data/1841387/000119312526386561/0001193125-26-386561-index.htm,EX-99.1,EX-99.1,https://www.sec.gov/Archives/edgar/data/1841387/000119312526386561/d738484dex991.htm,True,
None,2026-09-09 00:00:00,https://www.sec.gov/Archives/edgar/data/319643/000109991026000259/0001099910-26-000259-index.htm,8-K,CURRENT REPORT,https://www.sec.gov/Archives/edgar/data/319643/000109991026000259/cdcc_8k.htm,False,
None,2026-09-09 00:00:00,https://www.sec.gov/Archives/edgar/data/319643/000109991026000259/0001099910-26-000259-index.htm,EX-99.1,CANADIAN DERIVATIVES CLEARING CORPORATION OPTIONS,https://www.sec.gov/Archives/edgar/data/319643/000109991026000259/ex99-1.htm,False,
DEC,2026-09-09 00:00:00,https://www.sec.gov/Archives/edgar/data/1922446/000192244626000086/0001922446-26-000086-index.htm,8-K,8-K,https://www.sec.gov/Archives/edgar/data/1922446/000192244626000086/dec-20260902.htm,True,
SUI,2026-09-09 00:00:00,https://www.sec.gov/Archives/edgar/data/912593/000091259326000254/0000912593-26-000254-index.htm,8-K,8-K,https://www.sec.gov/Archives/edgar/data/912593/000091259326000254/sui-20260909.htm,False,
SUI,2026-09-09 00:00:00,https://www.sec.gov/Archives/edgar/data/912593/000091259326000254/0000912593-26-000254-index.htm,EX-99.1,EX-99.1,https://www.sec.gov/Archives/edgar/data/912593/000091259326000254/a2q2026ip09092026final.htm,False,
UEPS,2026-09-09 00:00:00,https://www.sec.gov/Archives/edgar/data/1041514/000106299326004866/0001062993-26-004866-index.htm,8-K,FORM 8-K,https://www.sec.gov/Archives/edgar/data/1041514/000106299326004866/form8k.htm,False,
UEPS,2026-09-09 00:00:00,https://www.sec.gov/Archives/edgar/data/1041514/000106299326004866/0001062993-26-004866-index.htm,EX-99.1,EXHIBIT 99.1,https://www.sec.gov/Archives/edgar/data/1041514/000106299326004866/exhibit99-1.htm,False,
LSAK,2026-09-09 00:00:00,https://www.sec.gov/Archives/edgar/data/1041514/000106299326004866/0001062993-26-004866-index.htm,8-K,FORM 8-K,https://www.sec.gov/Archives/edgar/data/1041514/000106299326004866/form8k.htm,False,
LSAK,2026-09-09 00:00:00,https://www.sec.gov/Archives/edgar/data/1041514/000106299326004866/0001062993-26-004866-index.htm,EX-99.1,EXHIBIT 99.1,https://www.sec.gov/Archives/edgar/data/1041514/000106299326004866/exhibit99-1.htm,False,
T-PA,2026-09-09 00:00:00,https://www.sec.gov/Archives/edgar/data/732717/000119312526386534/0001193125-26-386534-index.htm,8-K,8-K,https://www.sec.gov/Archives/edgar/data/732717/000119312526386534/d123248d8k.htm,False,
T-PC,2026-09-09 00:00:00,https://www.sec.gov/Archives/edgar/data/732717/000119312526386534/0001193125-26-386534-index.htm,8-K,8-K,https://www.sec.gov/Archives/edgar/data/732717/000119312526386534/d123248d8k.htm,False,
TBB,2026-09-09 00:00:00,https://www.sec.gov/Archives/edgar/data/732717/000119312526386534/0001193125-26-386534-index.htm,8-K,8-K,https://www.sec.gov/Archives/edgar/data/732717/000119312526386534/d123248d8k.htm,False,
T,2026-09-09 00:00:00,https://www.sec.gov/Archives/edgar/data/732717/000119312526386534/0001193125-26-386534-index.htm,8-K,8-K,https://www.sec.gov/Archives/edgar/data/732717/000119312526386534/d123248d8k.htm,False,
TBC,2026-09-09 00:00:00,https://www.sec.gov/Archives/edgar/data/732717/000119312526386534/0001193125-26-386534-index.htm,8-K,8-K,https://www.sec.gov/Archives/edgar/data/732717/000119312526386534/d123248d8k.htm,False,
GRVI,2026-09-09 00:00:00,https://www.sec.gov/Archives/edgar/data/1775194/000147793226005490/0001477932-26-005490-index.htm,8-K,FORM 8-K,https://www.sec.gov/Archives/edgar/data/1775194/000147793226005490/upxi_8k.htm,False,
GRVI,2026-09-09 00:00:00,https://www.sec.gov/Archives/edgar/data/1775194/000147793226005490/0001477932-26-005490-index.htm,EX-99.1,PRESS RELEASE,https://www.sec.gov/Archives/edgar/data/1775194/000147793226005490/upxi_ex991.htm,False,
UPXI,2026-09-09 00:00:00,https://www.sec.gov/Archives/edgar/data/1775194/000147793226005490/0001477932-26-005490-index.htm,8-K,FORM 8-K,https://www.sec.gov/Archives/edgar/data/1775194/000147793226005490/upxi_8k.htm,False,
UPXI,2026-09-09 00:00:00,https://www.sec.gov/Archives/edgar/data/1775194/000147793226005490/0001477932-26-005490-index.htm,EX-99.1,PRESS RELEASE,https://www.sec.gov/Archives/edgar/data/1775194/000147793226005490/upxi_ex991.htm,False,
CULP,2026-09-09 00:00:00,https://www.sec.gov/Archives/edgar/data/723603/000119312526386522/0001193125-26-386522-index.htm,8-K,8-K,https://www.sec.gov/Archives/edgar/data/723603/000119312526386522/culp-20260910.htm,False,
CULP,2026-09-09 00:00:00,https://www.sec.gov/Archives/edgar/data/723603/000119312526386522/0001193125-26-386522-index.htm,EX-99.1,EX-99.1,https://www.sec.gov/Archives/edgar/data/723603/000119312526386522/culp-ex99_1.htm,False,
COO,2026-09-09 00:00:00,https://www.sec.gov/Archives/edgar/data/711404/000162828026061155/0001628280-26-061155-index.htm,8-K,8-K,https://www.sec.gov/Archives/edgar/data/711404/000162828026061155/coo-20260909.htm,False,
COO,2026-09-09 00:00:00,https://www.sec.gov/Archives/edgar/data/711404/000162828026061155/0001628280-26-061155-index.htm,EX-99.1,EX-99.1,https://www.sec.gov/Archives/edgar/data/711404/000162828026061155/cooperq32026pressrelease.htm,False,
ALCO,2026-09-09 00:00:00,https://www.sec.gov/Archives/edgar/data/3545/000000354526000047/0000003545-26-000047-index.htm,8-K,8-K,https://www.sec.gov/Archives/edgar/data/3545/000000354526000047/alco-20260908.htm,False,
COLD,2026-09-09 00:00:00,https://www.sec.gov/Archives/edgar/data/1455863/000162828026061151/0001628280-26-061151-index.htm,8-K,8-K,https://www.sec.gov/Archives/edgar/data/1455863/000162828026061151/art-20260909.htm,False,
COLD,2026-09-09 00:00:00,https://www.sec.gov/Archives/edgar/data/1455863/000162828026061151/0001628280-26-061151-index.htm,EX-99.1,EX-99.1,https://www.sec.gov/Archives/edgar/data/1455863/000162828026061151/cold-investordeckfall202.htm,True,
None,2026-09-09 00:00:00,https://www.sec.gov/Archives/edgar/data/1042773/000110465926106356/0001104659-26-106356-index.htm,8-K,FORM 8-K,https://www.sec.gov/Archives/edgar/data/48732/000110465926106356/tm2625073d1_8k.htm,True,
None,2026-09-09 00:00:00,https://www.sec.gov/Archives/edgar/data/1042773/000110465926106356/0001104659-26-106356-index.htm,EX-10.1,EXHIBIT 10.1,https://www.sec.gov/Archives/edgar/data/48732/000110465926106356/tm2625073d1_ex10-1.htm,True,
None,2026-09-09 00:00:00,https://www.sec.gov/Archives/edgar/data/1042773/000110465926106356/0001104659-26-106356-index.htm,EX-10.2,EXHIBIT 10.2,https://www.sec.gov/Archives/edgar/data/48732/000110465926106356/tm2625073d1_ex10-2.htm,True,
None,2026-09-09 00:00:00,https://www.sec.gov/Archives/edgar/data/48732/000110465926106356/0001104659-26-106356-index.htm,8-K,FORM 8-K,https://www.sec.gov/Archives/edgar/data/48732/000110465926106356/tm2625073d1_8k.htm,True,
None,2026-09-09 00:00:00,https://www.sec.gov/Archives/edgar/data/48732/000110465926106356/0001104659-26-106356-index.htm,EX-10.1,EXHIBIT 10.1,https://www.sec.gov/Archives/edgar/data/48732/000110465926106356/tm2625073d1_ex10-1.htm,True,
None,2026-09-09 00:00:00,https://www.sec.gov/Archives/edgar/data/48732/000110465926106356/0001104659-26-106356-index.htm,EX-10.2,EXHIBIT 10.2,https://www.sec.gov/Archives/edgar/data/48732/000110465926106356/tm2625073d1_ex10-2.htm,True,
CNP,2026-09-09 00:00:00,https://www.sec.gov/Archives/edgar/data/1130310/000110465926106356/0001104659-26-106356-index.htm,8-K,FORM 8-K,https://www.sec.gov/Archives/edgar/data/48732/000110465926106356/tm2625073d1_8k.htm,True,
CNP,2026-09-09 00:00:00,https://www.sec.gov/Archives/edgar/data/1130310/000110465926106356/0001104659-26-106356-index.htm,EX-10.1,EXHIBIT 10.1,https://www.sec.gov/Archives/edgar/data/48732/000110465926106356/tm2625073d1_ex10-1.htm,True,
CNP,2026-09-09 00:00:00,https://www.sec.gov/Archives/edgar/data/1130310/000110465926106356/0001104659-26-106356-index.htm,EX-10.2,EXHIBIT 10.2,https://www.sec.gov/Archives/edgar/data/48732/000110465926106356/tm2625073d1_ex10-2.htm,True,
CNP-PB,2026-09-09 00:00:00,https://www.sec.gov/Archives/edgar/data/1130310/000110465926106356/0001104659-26-106356-index.htm,8-K,FORM 8-K,https://www.sec.gov/Archives/edgar/data/48732/000110465926106356/tm2625073d1_8k.htm,True,
CNP-PB,2026-09-09 00:00:00,https://www.sec.gov/Archives/edgar/data/1130310/000110465926106356/0001104659-26-106356-index.htm,EX-10.1,EXHIBIT 10.1,https://www.sec.gov/Archives/edgar/data/48732/000110465926106356/tm2625073d1_ex10-1.htm,True,
CNP-PB,2026-09-09 00:00:00,https://www.sec.gov/Archives/edgar/data/1130310/000110465926106356/0001104659-26-106356-index.htm,EX-10.2,EXHIBIT 10.2,https://www.sec.gov/Archives/edgar/data/48732/000110465926106356/tm2625073d1_ex10-2.htm,True,
CIIT,2026-09-09 00:00:00,https://www.sec.gov/Archives/edgar/data/1557798/000168316826007038/0001683168-26-007038-index.htm,8-K,CURRENT REPORT,https://www.sec.gov/Archives/edgar/data/1557798/000168316826007038/tianci_8k.htm,False,
CIIT,2026-09-09 00:00:00,https://www.sec.gov/Archives/edgar/data/1557798/000168316826007038/0001683168-26-007038-index.htm,EX-99.1,PRESS RELEASE,https://www.sec.gov/Archives/edgar/data/1557798/000168316826007038/tianci_ex9901.htm,False,
RLYB,2026-09-09 00:00:00,https://www.sec.gov/Archives/edgar/data/1739410/000119312526386511/0001193125-26-386511-index.htm,8-K,8-K,https://www.sec.gov/Archives/edgar/data/1739410/000119312526386511/d96849d8k.htm,False,
RLYB,2026-09-09 00:00:00,https://www.sec.gov/Archives/edgar/data/1739410/000119312526386511/0001193125-26-386511-index.htm,EX-10.1,EX-10.1,https://www.sec.gov/Archives/edgar/data/1739410/000119312526386511/d96849dex101.htm,False,
HYMCW,2026-09-09 00:00:00,https://www.sec.gov/Archives/edgar/data/1718405/000149315226041967/0001493152-26-041967-index.htm,8-K,8-K,https://www.sec.gov/Archives/edgar/data/1718405/000149315226041967/form8-k.htm,False,
HYMCW,2026-09-09 00:00:00,https://www.sec.gov/Archives/edgar/data/1718405/000149315226041967/0001493152-26-041967-index.htm,EX-99.1,EX-99.1,https://www.sec.gov/Archives/edgar/data/1718405/000149315226041967/ex99-1.htm,False,
HYMCZ,2026-09-09 00:00:00,https://www.sec.gov/Archives/edgar/data/1718405/000149315226041967/0001493152-26-041967-index.htm,8-K,8-K,https://www.sec.gov/Archives/edgar/data/1718405/000149315226041967/form8-k.htm,False,
HYMCZ,2026-09-09 00:00:00,https://www.sec.gov/Archives/edgar/data/1718405/000149315226041967/0001493152-26-041967-index.htm,EX-99.1,EX-99.1,https://www.sec.gov/Archives/edgar/data/1718405/000149315226041967/ex99-1.htm,False,
HYMCL,2026-09-09 00:00:00,https://www.sec.gov/Archives/edgar/data/1718405/000149315226041967/0001493152-26-041967-index.htm,8-K,8-K,https://www.sec.gov/Archives/edgar/data/1718405/000149315226041967/form8-k.htm,False,
HYMCL,2026-09-09 00:00:00,https://www.sec.gov/Archives/edgar/data/1718405/000149315226041967/0001493152-26-041967-index.htm,EX-99.1,EX-99.1,https://www.sec.gov/Archives/edgar/data/1718405/000149315226041967/ex99-1.htm,False,
HYMC,2026-09-09 00:00:00,https://www.sec.gov/Archives/edgar/data/1718405/000149315226041967/0001493152-26-041967-index.htm,8-K,8-K,https://www.sec.gov/Archives/edgar/data/1718405/000149315226041967/form8-k.htm,False,
HYMC,2026-09-09 00:00:00,https://www.sec.gov/Archives/edgar/data/1718405/000149315226041967/0001493152-26-041967-index.htm,EX-99.1,EX-99.1,https://www.sec.gov/Archives/edgar/data/1718405/000149315226041967/ex99-1.htm,False,
AEO,2026-09-09 00:00:00,https://www.sec.gov/Archives/edgar/data/919012/000119312526386510/0001193125-26-386510-index.htm,8-K,8-K,https://www.sec.gov/Archives/edgar/data/919012/000119312526386510/aeo-20260909.htm,False,
AEO,2026-09-09 00:00:00,https://www.sec.gov/Archives/edgar/data/919012/000119312526386510/0001193125-26-386510-index.htm,EX-99.1,EX-99.1,https://www.sec.gov/Archives/edgar/data/919012/000119312526386510/aeo-ex99_1.htm,False,
BJRI,2026-09-09 00:00:00,https://www.sec.gov/Archives/edgar/data/1013488/000117184326005956/0001171843-26-005956-index.htm,8-K,FORM 8-K,https://www.sec.gov/Archives/edgar/data/1013488/000117184326005956/f8k_090926.htm,False,
BJRI,2026-09-09 00:00:00,https://www.sec.gov/Archives/edgar/data/1013488/000117184326005956/0001171843-26-005956-index.htm,EX-99.1,PRESS RELEASE,https://www.sec.gov/Archives/edgar/data/1013488/000117184326005956/exh_991.htm,False,
INVH,2026-09-09 00:00:00,https://www.sec.gov/Archives/edgar/data/1687229/000168722926000048/0001687229-26-000048-index.htm,8-K,8-K,https://www.sec.gov/Archives/edgar/data/1687229/000168722926000048/invh-20260909.htm,False,
INVH,2026-09-09 00:00:00,https://www.sec.gov/Archives/edgar/data/1687229/000168722926000048/0001687229-26-000048-index.htm,EX-99.1,EX-99.1,https://www.sec.gov/Archives/edgar/data/1687229/000168722926000048/investorpresentation_sep.htm,False,
AMZN,2026-09-09 00:00:00,https://www.sec.gov/Archives/edgar/data/1018724/000101872426000036/0001018724-26-000036-index.htm,8-K,8-K,https://www.sec.gov/Archives/edgar/data/1018724/000101872426000036/amzn-20260908.htm,False,
HGTY-WT,2026-09-09 00:00:00,https://www.sec.gov/Archives/edgar/data/1840776/000119312526386495/0001193125-26-386495-index.htm,8-K,8-K,https://www.sec.gov/Archives/edgar/data/1840776/000119312526386495/d163369d8k.htm,False,
HGTY-WT,2026-09-09 00:00:00,https://www.sec.gov/Archives/edgar/data/1840776/000119312526386495/0001193125-26-386495-index.htm,EX-99.1,EX-99.1,https://www.sec.gov/Archives/edgar/data/1840776/000119312526386495/d163369dex991.htm,False,
HGTY,2026-09-09 00:00:00,https://www.sec.gov/Archives/edgar/data/1840776/000119312526386495/0001193125-26-386495-index.htm,8-K,8-K,https://www.sec.gov/Archives/edgar/data/1840776/000119312526386495/d163369d8k.htm,False,
HGTY,2026-09-09 00:00:00,https://www.sec.gov/Archives/edgar/data/1840776/000119312526386495/0001193125-26-386495-index.htm,EX-99.1,EX-99.1,https://www.sec.gov/Archives/edgar/data/1840776/000119312526386495/d163369dex991.htm,False,
ADF,2026-09-09 00:00:00,https://www.sec.gov/Archives/edgar/data/1840776/000119312526386495/0001193125-26-386495-index.htm,8-K,8-K,https://www.sec.gov/Archives/edgar/data/1840776/000119312526386495/d163369d8k.htm,False,
ADF,2026-09-09 00:00:00,https://www.sec.gov/Archives/edgar/data/1840776/000119312526386495/0001193125-26-386495-index.htm,EX-99.1,EX-99.1,https://www.sec.gov/Archives/edgar/data/1840776/000119312526386495/d163369dex991.htm,False,
TH,2026-09-09 00:00:00,https://www.sec.gov/Archives/edgar/data/1712189/000110465926106345/0001104659-26-106345-index.htm,8-K,FORM 8-K,https://www.sec.gov/Archives/edgar/data/1712189/000110465926106345/tm2623414d2_8k.htm,False,
TH,2026-09-09 00:00:00,https://www.sec.gov/Archives/edgar/data/1712189/000110465926106345/0001104659-26-106345-index.htm,EX-99.1,EXHIBIT 99.1,https://www.sec.gov/Archives/edgar/data/1712189/000110465926106345/tm2623414d2_ex99-1.htm,False,
THWWW,2026-09-09 00:00:00,https://www.sec.gov/Archives/edgar/data/1712189/000110465926106345/0001104659-26-106345-index.htm,8-K,FORM 8-K,https://www.sec.gov/Archives/edgar/data/1712189/000110465926106345/tm2623414d2_8k.htm,False,
THWWW,2026-09-09 00:00:00,https://www.sec.gov/Archives/edgar/data/1712189/000110465926106345/0001104659-26-106345-index.htm,EX-99.1,EXHIBIT 99.1,https://www.sec.gov/Archives/edgar/data/1712189/000110465926106345/tm2623414d2_ex99-1.htm,False,
ENNPF,2026-09-09 00:00:00,https://www.sec.gov/Archives/edgar/data/895728/000110465926106344/0001104659-26-106344-index.htm,8-K,FORM 8-K,https://www.sec.gov/Archives/edgar/data/895728/000110465926106344/tm2624881d6_8k.htm,False,
ENNPF,2026-09-09 00:00:00,https://www.sec.gov/Archives/edgar/data/895728/000110465926106344/0001104659-26-106344-index.htm,EX-99.1,EXHIBIT 99.1,https://www.sec.gov/Archives/edgar/data/895728/000110465926106344/tm2624881d6_ex99-1.htm,False,
ENBFF,2026-09-09 00:00:00,https://www.sec.gov/Archives/edgar/data/895728/000110465926106344/0001104659-26-106344-index.htm,8-K,FORM 8-K,https://www.sec.gov/Archives/edgar/data/895728/000110465926106344/tm2624881d6_8k.htm,False,
ENBFF,2026-09-09 00:00:00,https://www.sec.gov/Archives/edgar/data/895728/000110465926106344/0001104659-26-106344-index.htm,EX-99.1,EXHIBIT 99.1,https://www.sec.gov/Archives/edgar/data/895728/000110465926106344/tm2624881d6_ex99-1.htm,False,
ENBRF,2026-09-09 00:00:00,https://www.sec.gov/Archives/edgar/data/895728/000110465926106344/0001104659-26-106344-index.htm,8-K,FORM 8-K,https://www.sec.gov/Archives/edgar/data/895728/000110465926106344/tm2624881d6_8k.htm,False,
ENBRF,2026-09-09 00:00:00,https://www.sec.gov/Archives/edgar/data/895728/000110465926106344/0001104659-26-106344-index.htm,EX-99.1,EXHIBIT 99.1,https://www.sec.gov/Archives/edgar/data/895728/000110465926106344/tm2624881d6_ex99-1.htm,False,
ENB,2026-09-09 00:00:00,https://www.sec.gov/Archives/edgar/data/895728/000110465926106344/0001104659-26-106344-index.htm,8-K,FORM 8-K,https://www.sec.gov/Archives/edgar/data/895728/000110465926106344/tm2624881d6_8k.htm,False,
ENB,2026-09-09 00:00:00,https://www.sec.gov/Archives/edgar/data/895728/000110465926106344/0001104659-26-106344-index.htm,EX-99.1,EXHIBIT 99.1,https://www.sec.gov/Archives/edgar/data/895728/000110465926106344/tm2624881d6_ex99-1.htm,False,
EBGEF,2026-09-09 00:00:00,https://www.sec.gov/Archives/edgar/data/895728/000110465926106344/0001104659-26-106344-index.htm,8-K,FORM 8-K,https://www.sec.gov/Archives/edgar/data/895728/000110465926106344/tm2624881d6_8k.htm,False,
EBGEF,2026-09-09 00:00:00,https://www.sec.gov/Archives/edgar/data/895728/000110465926106344/0001104659-26-106344-index.htm,EX-99.1,EXHIBIT 99.1,https://www.sec.gov/Archives/edgar/data/895728/000110465926106344/tm2624881d6_ex99-1.htm,False,
ENBHF,2026-09-09 00:00:00,https://www.sec.gov/Archives/edgar/data/895728/000110465926106344/0001104659-26-106344-index.htm,8-K,FORM 8-K,https://www.sec.gov/Archives/edgar/data/895728/000110465926106344/tm2624881d6_8k.htm,False,
ENBHF,2026-09-09 00:00:00,https://www.sec.gov/Archives/edgar/data/895728/000110465926106344/0001104659-26-106344-index.htm,EX-99.1,EXHIBIT 99.1,https://www.sec.gov/Archives/edgar/data/895728/000110465926106344/tm2624881d6_ex99-1.htm,False,
EBRGF,2026-09-09 00:00:00,https://www.sec.gov/Archives/edgar/data/895728/000110465926106344/0001104659-26-106344-index.htm,8-K,FORM 8-K,https://www.sec.gov/Archives/edgar/data/895728/000110465926106344/tm2624881d6_8k.htm,False,
EBRGF,2026-09-09 00:00:00,https://www.sec.gov/Archives/edgar/data/895728/000110465926106344/0001104659-26-106344-index.htm,EX-99.1,EXHIBIT 99.1,https://www.sec.gov/Archives/edgar/data/895728/000110465926106344/tm2624881d6_ex99-1.htm,False,
EBRZF,2026-09-09 00:00:00,https://www.sec.gov/Archives/edgar/data/895728/000110465926106344/0001104659-26-106344-index.htm,8-K,FORM 8-K,https://www.sec.gov/Archives/edgar/data/895728/000110465926106344/tm2624881d6_8k.htm,False,
EBRZF,2026-09-09 00:00:00,https://www.sec.gov/Archives/edgar/data/895728/000110465926106344/0001104659-26-106344-index.htm,EX-99.1,EXHIBIT 99.1,https://www.sec.gov/Archives/edgar/data/895728/000110465926106344/tm2624881d6_ex99-1.htm,False,
ENBGF,2026-09-09 00:00:00,https://www.sec.gov/Archives/edgar/data/895728/000110465926106344/0001104659-26-106344-index.htm,8-K,FORM 8-K,https://www.sec.gov/Archives/edgar/data/895728/000110465926106344/tm2624881d6_8k.htm,False,
ENBGF,2026-09-09 00:00:00,https://www.sec.gov/Archives/edgar/data/895728/000110465926106344/0001104659-26-106344-index.htm,EX-99.1,EXHIBIT 99.1,https://www.sec.gov/Archives/edgar/data/895728/000110465926106344/tm2624881d6_ex99-1.htm,False,
ENBA,2026-09-09 00:00:00,https://www.sec.gov/Archives/edgar/data/895728/000110465926106344/0001104659-26-106344-index.htm,8-K,FORM 8-K,https://www.sec.gov/Archives/edgar/data/895728/000110465926106344/tm2624881d6_8k.htm,False,
ENBA,2026-09-09 00:00:00,https://www.sec.gov/Archives/edgar/data/895728/000110465926106344/0001104659-26-106344-index.htm,EX-99.1,EXHIBIT 99.1,https://www.sec.gov/Archives/edgar/data/895728/000110465926106344/tm2624881d6_ex99-1.htm,False,
ENBMF,2026-09-09 00:00:00,https://www.sec.gov/Archives/edgar/data/895728/000110465926106344/0001104659-26-106344-index.htm,8-K,FORM 8-K,https://www.sec.gov/Archives/edgar/data/895728/000110465926106344/tm2624881d6_8k.htm,False,
ENBMF,2026-09-09 00:00:00,https://www.sec.gov/Archives/edgar/data/895728/000110465926106344/0001104659-26-106344-index.htm,EX-99.1,EXHIBIT 99.1,https://www.sec.gov/Archives/edgar/data/895728/000110465926106344/tm2624881d6_ex99-1.htm,False,
ENBSF,2026-09-09 00:00:00,https://www.sec.gov/Archives/edgar/data/895728/000110465926106344/0001104659-26-106344-index.htm,8-K,FORM 8-K,https://www.sec.gov/Archives/edgar/data/895728/000110465926106344/tm2624881d6_8k.htm,False,
ENBSF,2026-09-09 00:00:00,https://www.sec.gov/Archives/edgar/data/895728/000110465926106344/0001104659-26-106344-index.htm,EX-99.1,EXHIBIT 99.1,https://www.sec.gov/Archives/edgar/data/895728/000110465926106344/tm2624881d6_ex99-1.htm,False,
EBBGF,2026-09-09 00:00:00,https://www.sec.gov/Archives/edgar/data/895728/000110465926106344/0001104659-26-106344-index.htm,8-K,FORM 8-K,https://www.sec.gov/Archives/edgar/data/895728/000110465926106344/tm2624881d6_8k.htm,False,
EBBGF,2026-09-09 00:00:00,https://www.sec.gov/Archives/edgar/data/895728/000110465926106344/0001104659-26-106344-index.htm,EX-99.1,EXHIBIT 99.1,https://www.sec.gov/Archives/edgar/data/895728/000110465926106344/tm2624881d6_ex99-1.htm,False,
ENBOF,2026-09-09 00:00:00,https://www.sec.gov/Archives/edgar/data/895728/000110465926106344/0001104659-26-106344-index.htm,8-K,FORM 8-K,https://www.sec.gov/Archives/edgar/data/895728/000110465926106344/tm2624881d6_8k.htm,False,
ENBOF,2026-09-09 00:00:00,https://www.sec.gov/Archives/edgar/data/895728/000110465926106344/0001104659-26-106344-index.htm,EX-99.1,EXHIBIT 99.1,https://www.sec.gov/Archives/edgar/data/895728/000110465926106344/tm2624881d6_ex99-1.htm,False,
ENBBF,2026-09-09 00:00:00,https://www.sec.gov/Archives/edgar/data/895728/000110465926106344/0001104659-26-106344-index.htm,8-K,FORM 8-K,https://www.sec.gov/Archives/edgar/data/895728/000110465926106344/tm2624881d6_8k.htm,False,
ENBBF,2026-09-09 00:00:00,https://www.sec.gov/Archives/edgar/data/895728/000110465926106344/0001104659-26-106344-index.htm,EX-99.1,EXHIBIT 99.1,https://www.sec.gov/Archives/edgar/data/895728/000110465926106344/tm2624881d6_ex99-1.htm,False,
EBBNF,2026-09-09 00:00:00,https://www.sec.gov/Archives/edgar/data/895728/000110465926106344/0001104659-26-106344-index.htm,8-K,FORM 8-K,https://www.sec.gov/Archives/edgar/data/895728/000110465926106344/tm2624881d6_8k.htm,False,
EBBNF,2026-09-09 00:00:00,https://www.sec.gov/Archives/edgar/data/895728/000110465926106344/0001104659-26-106344-index.htm,EX-99.1,EXHIBIT 99.1,https://www.sec.gov/Archives/edgar/data/895728/000110465926106344/tm2624881d6_ex99-1.htm,False,
ENBNF,2026-09-09 00:00:00,https://www.sec.gov/Archives/edgar/data/895728/000110465926106344/0001104659-26-106344-index.htm,8-K,FORM 8-K,https://www.sec.gov/Archives/edgar/data/895728/000110465926106344/tm2624881d6_8k.htm,False,
ENBNF,2026-09-09 00:00:00,https://www.sec.gov/Archives/edgar/data/895728/000110465926106344/0001104659-26-106344-index.htm,EX-99.1,EXHIBIT 99.1,https://www.sec.gov/Archives/edgar/data/895728/000110465926106344/tm2624881d6_ex99-1.htm,False,
MSI,2026-09-09 00:00:00,https://www.sec.gov/Archives/edgar/data/68505/000119312526386490/0001193125-26-386490-index.htm,8-K,8-K,https://www.sec.gov/Archives/edgar/data/68505/000119312526386490/d492220d8k.htm,False,
MSI,2026-09-09 00:00:00,https://www.sec.gov/Archives/edgar/data/68505/000119312526386490/0001193125-26-386490-index.htm,EX-99.1,EX-99.1,https://www.sec.gov/Archives/edgar/data/68505/000119312526386490/d492220dex991.htm,False,
KFY,2026-09-09 00:00:00,https://www.sec.gov/Archives/edgar/data/56679/000005667926000033/0000056679-26-000033-index.htm,8-K,8-K,https://www.sec.gov/Archives/edgar/data/56679/000005667926000033/kfy-20260909_d2.htm,False,
KFY,2026-09-09 00:00:00,https://www.sec.gov/Archives/edgar/data/56679/000005667926000033/0000056679-26-000033-index.htm,EX-99.1,EX-99.1,https://www.sec.gov/Archives/edgar/data/56679/000005667926000033/kfy-20260909.htm,True,
KTTAW,2026-09-09 00:00:00,https://www.sec.gov/Archives/edgar/data/1841330/000121390026098405/0001213900-26-098405-index.htm,8-K,CURRENT REPORT,https://www.sec.gov/Archives/edgar/data/1841330/000121390026098405/ea0304934-8k_pasithea.htm,False,
KTTA,2026-09-09 00:00:00,https://www.sec.gov/Archives/edgar/data/1841330/000121390026098405/0001213900-26-098405-index.htm,8-K,CURRENT REPORT,https://www.sec.gov/Archives/edgar/data/1841330/000121390026098405/ea0304934-8k_pasithea.htm,False,
ENVA,2026-09-09 00:00:00,https://www.sec.gov/Archives/edgar/data/1529864/000119312526386483/0001193125-26-386483-index.htm,8-K,8-K,https://www.sec.gov/Archives/edgar/data/1529864/000119312526386483/enva-20260909.htm,True,
ENVA,2026-09-09 00:00:00,https://www.sec.gov/Archives/edgar/data/1529864/000119312526386483/0001193125-26-386483-index.htm,EX-99.1,EX-99.1,https://www.sec.gov/Archives/edgar/data/1529864/000119312526386483/enva-ex99_1.htm,True,
KEQU,2026-09-09 00:00:00,https://www.sec.gov/Archives/edgar/data/55529/000005552926000031/0000055529-26-000031-index.htm,8-K,8-K,https://www.sec.gov/Archives/edgar/data/55529/000005552926000031/kequ-20260909.htm,False,
KEQU,2026-09-09 00:00:00,https://www.sec.gov/Archives/edgar/data/55529/000005552926000031/0000055529-26-000031-index.htm,EX-99.1,EX-99.1,https://www.sec.gov/Archives/edgar/data/55529/000005552926000031/prfy27q1earningsrelease.htm,True,
AWK,2026-09-09 00:00:00,https://www.sec.gov/Archives/edgar/data/1410636/000141063626000131/0001410636-26-000131-index.htm,8-K,FORM 8-K - NEW JERSEY AMERICAN WATER GENERAL RATE CASE ORDER,https://www.sec.gov/Archives/edgar/data/1410636/000141063626000131/awk-20260909.htm,False,
AWK,2026-09-09 00:00:00,https://www.sec.gov/Archives/edgar/data/1410636/000141063626000131/0001410636-26-000131-index.htm,EX-99.1,EX-99.1 - PRESS RELEASE OF NEW JERSEY AMERICAN WATER,https://www.sec.gov/Archives/edgar/data/1410636/000141063626000131/ex991-njawc2026generalrate.htm,False,
None,2026-09-09 00:00:00,https://www.sec.gov/Archives/edgar/data/1919369/000119312526386477/0001193125-26-386477-index.htm,8-K,8-K,https://www.sec.gov/Archives/edgar/data/1919369/000119312526386477/ck0001919369-20260909.htm,False,
None,2026-09-09 00:00:00,https://www.sec.gov/Archives/edgar/data/1716558/000156240126000050/0001562401-26-000050-index.htm,8-K,8-K,https://www.sec.gov/Archives/edgar/data/1562401/000156240126000050/amh-20260909.htm,False,
None,2026-09-09 00:00:00,https://www.sec.gov/Archives/edgar/data/1716558/000156240126000050/0001562401-26-000050-index.htm,EX-99.1,EX-99.1,https://www.sec.gov/Archives/edgar/data/1562401/000156240126000050/investorhighlights-septe.htm,True,
AMH,2026-09-09 00:00:00,https://www.sec.gov/Archives/edgar/data/1562401/000156240126000050/0001562401-26-000050-index.htm,8-K,8-K,https://www.sec.gov/Archives/edgar/data/1562401/000156240126000050/amh-20260909.htm,False,
AMH,2026-09-09 00:00:00,https://www.sec.gov/Archives/edgar/data/1562401/000156240126000050/0001562401-26-000050-index.htm,EX-99.1,EX-99.1,https://www.sec.gov/Archives/edgar/data/1562401/000156240126000050/investorhighlights-septe.htm,True,
AMH-PE,2026-09-09 00:00:00,https://www.sec.gov/Archives/edgar/data/1562401/000156240126000050/0001562401-26-000050-index.htm,8-K,8-K,https://www.sec.gov/Archives/edgar/data/1562401/000156240126000050/amh-20260909.htm,False,
AMH-PE,2026-09-09 00:00:00,https://www.sec.gov/Archives/edgar/data/1562401/000156240126000050/0001562401-26-000050-index.htm,EX-99.1,EX-99.1,https://www.sec.gov/Archives/edgar/data/1562401/000156240126000050/investorhighlights-septe.htm,True,
AMH-PF,2026-09-09 00:00:00,https://www.sec.gov/Archives/edgar/data/1562401/000156240126000050/0001562401-26-000050-index.htm,8-K,8-K,https://www.sec.gov/Archives/edgar/data/1562401/000156240126000050/amh-20260909.htm,False,
AMH-PF,2026-09-09 00:00:00,https://www.sec.gov/Archives/edgar/data/1562401/000156240126000050/0001562401-26-000050-index.htm,EX-99.1,EX-99.1,https://www.sec.gov/Archives/edgar/data/1562401/000156240126000050/investorhighlights-septe.htm,True,
AMH-PG,2026-09-09 00:00:00,https://www.sec.gov/Archives/edgar/data/1562401/000156240126000050/0001562401-26-000050-index.htm,8-K,8-K,https://www.sec.gov/Archives/edgar/data/1562401/000156240126000050/amh-20260909.htm,False,
AMH-PG,2026-09-09 00:00:00,https://www.sec.gov/Archives/edgar/data/1562401/000156240126000050/0001562401-26-000050-index.htm,EX-99.1,EX-99.1,https://www.sec.gov/Archives/edgar/data/1562401/000156240126000050/investorhighlights-septe.htm,True,
AMH-PH,2026-09-09 00:00:00,https://www.sec.gov/Archives/edgar/data/1562401/000156240126000050/0001562401-26-000050-index.htm,8-K,8-K,https://www.sec.gov/Archives/edgar/data/1562401/000156240126000050/amh-20260909.htm,False,
AMH-PH,2026-09-09 00:00:00,https://www.sec.gov/Archives/edgar/data/1562401/000156240126000050/0001562401-26-000050-index.htm,EX-99.1,EX-99.1,https://www.sec.gov/Archives/edgar/data/1562401/000156240126000050/investorhighlights-septe.htm,True,
OSTX,2026-09-09 00:00:00,https://www.sec.gov/Archives/edgar/data/1795091/000121390026098403/0001213900-26-098403-index.htm,8-K,CURRENT REPORT,https://www.sec.gov/Archives/edgar/data/1795091/000121390026098403/ea0305001-8k_ostherapies.htm,False,
OSTX,2026-09-09 00:00:00,https://www.sec.gov/Archives/edgar/data/1795091/000121390026098403/0001213900-26-098403-index.htm,EX-10.1,OS THERAPIES INCORPORATED AMENDED AND RESTATED 2023 INCENTIVE COMPENSATION PLAN,https://www.sec.gov/Archives/edgar/data/1795091/000121390026098403/ea030500101ex10-1.htm,False,
UDR,2026-09-09 00:00:00,https://www.sec.gov/Archives/edgar/data/74208/000007420826000077/0000074208-26-000077-index.htm,8-K,8-K,https://www.sec.gov/Archives/edgar/data/74208/000007420826000077/udr-20260909x8k.htm,False,
UDR,2026-09-09 00:00:00,https://www.sec.gov/Archives/edgar/data/74208/000007420826000077/0000074208-26-000077-index.htm,EX-99.1,EX-99.1,https://www.sec.gov/Archives/edgar/data/74208/000007420826000077/udr-20260909xex99d1.htm,False,
ROLL,2026-09-09 00:00:00,https://www.sec.gov/Archives/edgar/data/1324948/000121390026098402/0001213900-26-098402-index.htm,8-K,CURRENT REPORT,https://www.sec.gov/Archives/edgar/data/1324948/000121390026098402/ea0304597-8k_rbcbearings.htm,False,
ROLLP,2026-09-09 00:00:00,https://www.sec.gov/Archives/edgar/data/1324948/000121390026098402/0001213900-26-098402-index.htm,8-K,CURRENT REPORT,https://www.sec.gov/Archives/edgar/data/1324948/000121390026098402/ea0304597-8k_rbcbearings.htm,False,
RBC,2026-09-09 00:00:00,https://www.sec.gov/Archives/edgar/data/1324948/000121390026098402/0001213900-26-098402-index.htm,8-K,CURRENT REPORT,https://www.sec.gov/Archives/edgar/data/1324948/000121390026098402/ea0304597-8k_rbcbearings.htm,False,
RBCP,2026-09-09 00:00:00,https://www.sec.gov/Archives/edgar/data/1324948/000121390026098402/0001213900-26-098402-index.htm,8-K,CURRENT REPORT,https://www.sec.gov/Archives/edgar/data/1324948/000121390026098402/ea0304597-8k_rbcbearings.htm,False,
EPRT,2026-09-09 00:00:00,https://www.sec.gov/Archives/edgar/data/1728951/000172895126000057/0001728951-26-000057-index.htm,8-K,8-K,https://www.sec.gov/Archives/edgar/data/1728951/000172895126000057/eprt-20260904.htm,False,
EPRT,2026-09-09 00:00:00,https://www.sec.gov/Archives/edgar/data/1728951/000172895126000057/0001728951-26-000057-index.htm,EX-10.1,EX-10.1,https://www.sec.gov/Archives/edgar/data/1728951/000172895126000057/exhibit-101.htm,False,
EPRT,2026-09-09 00:00:00,https://www.sec.gov/Archives/edgar/data/1728951/000172895126000057/0001728951-26-000057-index.htm,EX-10.2,EX-10.2,https://www.sec.gov/Archives/edgar/data/1728951/000172895126000057/exhibit-102.htm,False,
EPRT,2026-09-09 00:00:00,https://www.sec.gov/Archives/edgar/data/1728951/000172895126000057/0001728951-26-000057-index.htm,EX-99.1,EX-99.1,https://www.sec.gov/Archives/edgar/data/1728951/000172895126000057/ex991-september2026.htm,False,
FBHS,2026-09-09 00:00:00,https://www.sec.gov/Archives/edgar/data/1519751/000119312526386469/0001193125-26-386469-index.htm,8-K,8-K,https://www.sec.gov/Archives/edgar/data/1519751/000119312526386469/fbin-20260909.htm,False,
FBHS,2026-09-09 00:00:00,https://www.sec.gov/Archives/edgar/data/1519751/000119312526386469/0001193125-26-386469-index.htm,EX-99.1,EX-99.1,https://www.sec.gov/Archives/edgar/data/1519751/000119312526386469/fbin-ex99_1.htm,False,
FBIN,2026-09-09 00:00:00,https://www.sec.gov/Archives/edgar/data/1519751/000119312526386469/0001193125-26-386469-index.htm,8-K,8-K,https://www.sec.gov/Archives/edgar/data/1519751/000119312526386469/fbin-20260909.htm,False,
FBIN,2026-09-09 00:00:00,https://www.sec.gov/Archives/edgar/data/1519751/000119312526386469/0001193125-26-386469-index.htm,EX-99.1,EX-99.1,https://www.sec.gov/Archives/edgar/data/1519751/000119312526386469/fbin-ex99_1.htm,False,
RSSS,2026-09-09 00:00:00,https://www.sec.gov/Archives/edgar/data/1386301/000110465926106331/0001104659-26-106331-index.htm,8-K,FORM 8-K,https://www.sec.gov/Archives/edgar/data/1386301/000110465926106331/tm2625003d1_8k.htm,False,
RSSS,2026-09-09 00:00:00,https://www.sec.gov/Archives/edgar/data/1386301/000110465926106331/0001104659-26-106331-index.htm,EX-99.1,EXHIBIT 99.1,https://www.sec.gov/Archives/edgar/data/1386301/000110465926106331/tm2625003d1_ex99-1.htm,False,
ALCYW,2026-09-09 00:00:00,https://www.sec.gov/Archives/edgar/data/1901336/000110465926106324/0001104659-26-106324-index.htm,8-K,FORM 8-K,https://www.sec.gov/Archives/edgar/data/1901336/000110465926106324/tm2624857d3_8k.htm,False,
ALCY,2026-09-09 00:00:00,https://www.sec.gov/Archives/edgar/data/1901336/000110465926106324/0001104659-26-106324-index.htm,8-K,FORM 8-K,https://www.sec.gov/Archives/edgar/data/1901336/000110465926106324/tm2624857d3_8k.htm,False,
ALCYU,2026-09-09 00:00:00,https://www.sec.gov/Archives/edgar/data/1901336/000110465926106324/0001104659-26-106324-index.htm,8-K,FORM 8-K,https://www.sec.gov/Archives/edgar/data/1901336/000110465926106324/tm2624857d3_8k.htm,False,
LXFR,2026-09-09 00:00:00,https://www.sec.gov/Archives/edgar/data/1096056/000207709626000244/0002077096-26-000244-index.htm,8-K,CURRENT REPORT,https://www.sec.gov/Archives/edgar/data/1096056/000207709626000244/ea0304990-8k_luxfer.htm,False,
LAKE,2026-09-09 00:00:00,https://www.sec.gov/Archives/edgar/data/798081/000119312526386460/0001193125-26-386460-index.htm,8-K,8-K,https://www.sec.gov/Archives/edgar/data/798081/000119312526386460/lake-20260909.htm,False,
LAKE,2026-09-09 00:00:00,https://www.sec.gov/Archives/edgar/data/798081/000119312526386460/0001193125-26-386460-index.htm,EX-99.1,EX-99.1,https://www.sec.gov/Archives/edgar/data/798081/000119312526386460/lake-ex99_1.htm,True,
AGX,2026-09-09 00:00:00,https://www.sec.gov/Archives/edgar/data/100591/000110465926106321/0001104659-26-106321-index.htm,8-K,8-K,https://www.sec.gov/Archives/edgar/data/100591/000110465926106321/agx-20260909x8k.htm,False,
AGX,2026-09-09 00:00:00,https://www.sec.gov/Archives/edgar/data/100591/000110465926106321/0001104659-26-106321-index.htm,EX-99.1,EX-99.1,https://www.sec.gov/Archives/edgar/data/100591/000110465926106321/agx-20260909xex99d1.htm,False,
None,2026-09-09 00:00:00,https://www.sec.gov/Archives/edgar/data/1639723/000162828026061136/0001628280-26-061136-index.htm,8-K,8-K,https://www.sec.gov/Archives/edgar/data/1639723/000162828026061136/navn-20260909.htm,False,
None,2026-09-09 00:00:00,https://www.sec.gov/Archives/edgar/data/1639723/000162828026061136/0001628280-26-061136-index.htm,EX-99.1,EX-99.1,https://www.sec.gov/Archives/edgar/data/1639723/000162828026061136/exhibit991-earningspressre.htm,False,
EGHT,2026-09-09 00:00:00,https://www.sec.gov/Archives/edgar/data/1023731/000102373126000141/0001023731-26-000141-index.htm,8-K,8-K,https://www.sec.gov/Archives/edgar/data/1023731/000102373126000141/eght-20260909.htm,False,
EGHT,2026-09-09 00:00:00,https://www.sec.gov/Archives/edgar/data/1023731/000102373126000141/0001023731-26-000141-index.htm,EX-99.1,EX-99.1,https://www.sec.gov/Archives/edgar/data/1023731/000102373126000141/exh_991xinvestorxpres.htm,True,
AVNW,2026-09-09 00:00:00,https://www.sec.gov/Archives/edgar/data/1377789/000162828026061134/0001628280-26-061134-index.htm,8-K,8-K,https://www.sec.gov/Archives/edgar/data/1377789/000162828026061134/avnw-20260902.htm,False,
MIDDV,2026-09-09 00:00:00,https://www.sec.gov/Archives/edgar/data/769520/000110465926106313/0001104659-26-106313-index.htm,8-K,FORM 8-K,https://www.sec.gov/Archives/edgar/data/769520/000110465926106313/tm2625101d2_8k.htm,False,
MIDDV,2026-09-09 00:00:00,https://www.sec.gov/Archives/edgar/data/769520/000110465926106313/0001104659-26-106313-index.htm,EX-99.1,EXHIBIT 99.1,https://www.sec.gov/Archives/edgar/data/769520/000110465926106313/tm2625101d2_ex99-1.htm,False,
MIDD,2026-09-09 00:00:00,https://www.sec.gov/Archives/edgar/data/769520/000110465926106313/0001104659-26-106313-index.htm,8-K,FORM 8-K,https://www.sec.gov/Archives/edgar/data/769520/000110465926106313/tm2625101d2_8k.htm,False,
MIDD,2026-09-09 00:00:00,https://www.sec.gov/Archives/edgar/data/769520/000110465926106313/0001104659-26-106313-index.htm,EX-99.1,EXHIBIT 99.1,https://www.sec.gov/Archives/edgar/data/769520/000110465926106313/tm2625101d2_ex99-1.htm,False,
VSEE,2026-09-09 00:00:00,https://www.sec.gov/Archives/edgar/data/1864531/000118518526003896/0001185185-26-003896-index.htm,8-K,FORM 8-K,https://www.sec.gov/Archives/edgar/data/1864531/000118518526003896/vsee8k090826.htm,True,
VSEE,2026-09-09 00:00:00,https://www.sec.gov/Archives/edgar/data/1864531/000118518526003896/0001185185-26-003896-index.htm,EX-10.1,EXHIBIT 10.1,https://www.sec.gov/Archives/edgar/data/1864531/000118518526003896/vseeex10-1.htm,False,
VSEEW,2026-09-09 00:00:00,https://www.sec.gov/Archives/edgar/data/1864531/000118518526003896/0001185185-26-003896-index.htm,8-K,FORM 8-K,https://www.sec.gov/Archives/edgar/data/1864531/000118518526003896/vsee8k090826.htm,True,
VSEEW,2026-09-09 00:00:00,https://www.sec.gov/Archives/edgar/data/1864531/000118518526003896/0001185185-26-003896-index.htm,EX-10.1,EXHIBIT 10.1,https://www.sec.gov/Archives/edgar/data/1864531/000118518526003896/vseeex10-1.htm,False,
DHACU,2026-09-09 00:00:00,https://www.sec.gov/Archives/edgar/data/1864531/000118518526003896/0001185185-26-003896-index.htm,8-K,FORM 8-K,https://www.sec.gov/Archives/edgar/data/1864531/000118518526003896/vsee8k090826.htm,True,
DHACU,2026-09-09 00:00:00,https://www.sec.gov/Archives/edgar/data/1864531/000118518526003896/0001185185-26-003896-index.htm,EX-10.1,EXHIBIT 10.1,https://www.sec.gov/Archives/edgar/data/1864531/000118518526003896/vseeex10-1.htm,False,
DHAC,2026-09-09 00:00:00,https://www.sec.gov/Archives/edgar/data/1864531/000118518526003896/0001185185-26-003896-index.htm,8-K,FORM 8-K,https://www.sec.gov/Archives/edgar/data/1864531/000118518526003896/vsee8k090826.htm,True,
DHAC,2026-09-09 00:00:00,https://www.sec.gov/Archives/edgar/data/1864531/000118518526003896/0001185185-26-003896-index.htm,EX-10.1,EXHIBIT 10.1,https://www.sec.gov/Archives/edgar/data/1864531/000118518526003896/vseeex10-1.htm,False,
DHACW,2026-09-09 00:00:00,https://www.sec.gov/Archives/edgar/data/1864531/000118518526003896/0001185185-26-003896-index.htm,8-K,FORM 8-K,https://www.sec.gov/Archives/edgar/data/1864531/000118518526003896/vsee8k090826.htm,True,
DHACW,2026-09-09 00:00:00,https://www.sec.gov/Archives/edgar/data/1864531/000118518526003896/0001185185-26-003896-index.htm,EX-10.1,EXHIBIT 10.1,https://www.sec.gov/Archives/edgar/data/1864531/000118518526003896/vseeex10-1.htm,False,
IPSC,2026-09-09 00:00:00,https://www.sec.gov/Archives/edgar/data/1850119/000110465926106312/0001104659-26-106312-index.htm,8-K,FORM 8-K,https://www.sec.gov/Archives/edgar/data/1850119/000110465926106312/tm2625030d1_8k.htm,False,
IPSC,2026-09-09 00:00:00,https://www.sec.gov/Archives/edgar/data/1850119/000110465926106312/0001104659-26-106312-index.htm,EX-99.1,EXHIBIT 99.1,https://www.sec.gov/Archives/edgar/data/1850119/000110465926106312/tm2625030d1_ex99-1.htm,False,
POLEW,2026-09-09 00:00:00,https://www.sec.gov/Archives/edgar/data/2025341/000121390026098391/0001213900-26-098391-index.htm,8-K,CURRENT REPORT,https://www.sec.gov/Archives/edgar/data/2025341/000121390026098391/ea0304883-8k_andretti2.htm,True,
POLEW,2026-09-09 00:00:00,https://www.sec.gov/Archives/edgar/data/2025341/000121390026098391/0001213900-26-098391-index.htm,EX-10.1,FORM OF NON-REDEMPTION AGREEMENT,https://www.sec.gov/Archives/edgar/data/2025341/000121390026098391/ea030488301ex10-1.htm,False,
POLE,2026-09-09 00:00:00,https://www.sec.gov/Archives/edgar/data/2025341/000121390026098391/0001213900-26-098391-index.htm,8-K,CURRENT REPORT,https://www.sec.gov/Archives/edgar/data/2025341/000121390026098391/ea0304883-8k_andretti2.htm,True,
POLE,2026-09-09 00:00:00,https://www.sec.gov/Archives/edgar/data/2025341/000121390026098391/0001213900-26-098391-index.htm,EX-10.1,FORM OF NON-REDEMPTION AGREEMENT,https://www.sec.gov/Archives/edgar/data/2025341/000121390026098391/ea030488301ex10-1.htm,False,
POLEU,2026-09-09 00:00:00,https://www.sec.gov/Archives/edgar/data/2025341/000121390026098391/0001213900-26-098391-index.htm,8-K,CURRENT REPORT,https://www.sec.gov/Archives/edgar/data/2025341/000121390026098391/ea0304883-8k_andretti2.htm,True,
POLEU,2026-09-09 00:00:00,https://www.sec.gov/Archives/edgar/data/2025341/000121390026098391/0001213900-26-098391-index.htm,EX-10.1,FORM OF NON-REDEMPTION AGREEMENT,https://www.sec.gov/Archives/edgar/data/2025341/000121390026098391/ea030488301ex10-1.htm,False,
JOBY-WT,2026-09-09 00:00:00,https://www.sec.gov/Archives/edgar/data/1819848/000181984826000453/0001819848-26-000453-index.htm,8-K,8-K,https://www.sec.gov/Archives/edgar/data/1819848/000181984826000453/joby-20260902.htm,False,
JOBY,2026-09-09 00:00:00,https://www.sec.gov/Archives/edgar/data/1819848/000181984826000453/0001819848-26-000453-index.htm,8-K,8-K,https://www.sec.gov/Archives/edgar/data/1819848/000181984826000453/joby-20260902.htm,False,
RTP,2026-09-09 00:00:00,https://www.sec.gov/Archives/edgar/data/1819848/000181984826000453/0001819848-26-000453-index.htm,8-K,8-K,https://www.sec.gov/Archives/edgar/data/1819848/000181984826000453/joby-20260902.htm,False,
GLOO,2026-09-09 00:00:00,https://www.sec.gov/Archives/edgar/data/2069785/000119312526386446/0001193125-26-386446-index.htm,8-K,8-K,https://www.sec.gov/Archives/edgar/data/2069785/000119312526386446/gloo-20260909.htm,False,
GLOO,2026-09-09 00:00:00,https://www.sec.gov/Archives/edgar/data/2069785/000119312526386446/0001193125-26-386446-index.htm,EX-99.1,EX-99.1,https://www.sec.gov/Archives/edgar/data/2069785/000119312526386446/gloo-ex99_1.htm,False,
None,2026-09-09 00:00:00,https://www.sec.gov/Archives/edgar/data/1524566/000162828026061131/0001628280-26-061131-index.htm,8-K,8-K,https://www.sec.gov/Archives/edgar/data/1524566/000162828026061131/wlth-20260909.htm,False,
None,2026-09-09 00:00:00,https://www.sec.gov/Archives/edgar/data/1524566/000162828026061131/0001628280-26-061131-index.htm,EX-99.1,EX-99.1,https://www.sec.gov/Archives/edgar/data/1524566/000162828026061131/q227earningsrelease.htm,False,
SKIL-WT,2026-09-09 00:00:00,https://www.sec.gov/Archives/edgar/data/1774675/000143774926029980/0001437749-26-029980-index.htm,8-K,FORM 8-K,https://www.sec.gov/Archives/edgar/data/1774675/000143774926029980/skil20260626_8k.htm,False,
SKIL-WT,2026-09-09 00:00:00,https://www.sec.gov/Archives/edgar/data/1774675/000143774926029980/0001437749-26-029980-index.htm,EX-99.1,EXHIBIT 99.1,https://www.sec.gov/Archives/edgar/data/1774675/000143774926029980/ex_982157.htm,True,
SKIL,2026-09-09 00:00:00,https://www.sec.gov/Archives/edgar/data/1774675/000143774926029980/0001437749-26-029980-index.htm,8-K,FORM 8-K,https://www.sec.gov/Archives/edgar/data/1774675/000143774926029980/skil20260626_8k.htm,False,
SKIL,2026-09-09 00:00:00,https://www.sec.gov/Archives/edgar/data/1774675/000143774926029980/0001437749-26-029980-index.htm,EX-99.1,EXHIBIT 99.1,https://www.sec.gov/Archives/edgar/data/1774675/000143774926029980/ex_982157.htm,True,
VEEE,2026-09-09 00:00:00,https://www.sec.gov/Archives/edgar/data/1855509/000173112226001209/0001731122-26-001209-index.htm,8-K,FORM 8-K,https://www.sec.gov/Archives/edgar/data/1855509/000173112226001209/e7927_8k.htm,False,
FTLF,2026-09-09 00:00:00,https://www.sec.gov/Archives/edgar/data/1374328/000143774926029979/0001437749-26-029979-index.htm,8-K,FORM 8-K,https://www.sec.gov/Archives/edgar/data/1374328/000143774926029979/ftlf20260909_8k.htm,False,
FTLF,2026-09-09 00:00:00,https://www.sec.gov/Archives/edgar/data/1374328/000143774926029979/0001437749-26-029979-index.htm,EX-99.1,EXHIBIT 99.1,https://www.sec.gov/Archives/edgar/data/1374328/000143774926029979/ex_1014304_source_source.htm,False,
FSCO,2026-09-09 00:00:00,https://www.sec.gov/Archives/edgar/data/1568194/000110465926106307/0001104659-26-106307-index.htm,8-K,FORM 8-K,https://www.sec.gov/Archives/edgar/data/1568194/000110465926106307/tm2625025d1_8k.htm,False,
SBCF,2026-09-09 00:00:00,https://www.sec.gov/Archives/edgar/data/730708/000162828026061128/0001628280-26-061128-index.htm,8-K,8-K,https://www.sec.gov/Archives/edgar/data/730708/000162828026061128/sbcf-20260909.htm,False,
SBCF,2026-09-09 00:00:00,https://www.sec.gov/Archives/edgar/data/730708/000162828026061128/0001628280-26-061128-index.htm,EX-99.1,EX-99.1,https://www.sec.gov/Archives/edgar/data/730708/000162828026061128/sbcf2q2026investorpresen.htm,False,
LIDR,2026-09-09 00:00:00,https://www.sec.gov/Archives/edgar/data/1818644/000121390026098385/0001213900-26-098385-index.htm,8-K,CURRENT REPORT,https://www.sec.gov/Archives/edgar/data/1818644/000121390026098385/ea030501001-8k_aeye.htm,False,
CFACU,2026-09-09 00:00:00,https://www.sec.gov/Archives/edgar/data/1818644/000121390026098385/0001213900-26-098385-index.htm,8-K,CURRENT REPORT,https://www.sec.gov/Archives/edgar/data/1818644/000121390026098385/ea030501001-8k_aeye.htm,False,
LIDRW,2026-09-09 00:00:00,https://www.sec.gov/Archives/edgar/data/1818644/000121390026098385/0001213900-26-098385-index.htm,8-K,CURRENT REPORT,https://www.sec.gov/Archives/edgar/data/1818644/000121390026098385/ea030501001-8k_aeye.htm,False,
HTFC,2026-09-09 00:00:00,https://www.sec.gov/Archives/edgar/data/1487428/000143774926029978/0001437749-26-029978-index.htm,8-K,FORM 8-K,https://www.sec.gov/Archives/edgar/data/1487428/000143774926029978/hrzn20260909_8k.htm,True,
HTFA,2026-09-09 00:00:00,https://www.sec.gov/Archives/edgar/data/1487428/000143774926029978/0001437749-26-029978-index.htm,8-K,FORM 8-K,https://www.sec.gov/Archives/edgar/data/1487428/000143774926029978/hrzn20260909_8k.htm,True,
HTFB,2026-09-09 00:00:00,https://www.sec.gov/Archives/edgar/data/1487428/000143774926029978/0001437749-26-029978-index.htm,8-K,FORM 8-K,https://www.sec.gov/Archives/edgar/data/1487428/000143774926029978/hrzn20260909_8k.htm,True,
HRZN,2026-09-09 00:00:00,https://www.sec.gov/Archives/edgar/data/1487428/000143774926029978/0001437749-26-029978-index.htm,8-K,FORM 8-K,https://www.sec.gov/Archives/edgar/data/1487428/000143774926029978/hrzn20260909_8k.htm,True,
None,2026-09-09 00:00:00,https://www.sec.gov/Archives/edgar/data/2011498/000119312526386441/0001193125-26-386441-index.htm,8-K,8-K,https://www.sec.gov/Archives/edgar/data/2011498/000119312526386441/ck0002011498-20260904.htm,True,
None,2026-09-09 00:00:00,https://www.sec.gov/Archives/edgar/data/2011498/000119312526386441/0001193125-26-386441-index.htm,EX-10.1,EX-10.1,https://www.sec.gov/Archives/edgar/data/2011498/000119312526386441/ck0002011498-ex10_1.htm,True,
NRUC,2026-09-09 00:00:00,https://www.sec.gov/Archives/edgar/data/70502/000007050226000611/0000070502-26-000611-index.htm,8-K,8-K DMTN REDEMPTION,https://www.sec.gov/Archives/edgar/data/70502/000007050226000611/nru-20260908.htm,False,
AVAV,2026-09-09 00:00:00,https://www.sec.gov/Archives/edgar/data/1368622/000110465926106304/0001104659-26-106304-index.htm,8-K,8-K,https://www.sec.gov/Archives/edgar/data/1368622/000110465926106304/avav-20260909x8k.htm,False,
AVAV,2026-09-09 00:00:00,https://www.sec.gov/Archives/edgar/data/1368622/000110465926106304/0001104659-26-106304-index.htm,EX-99.1,EX-99.1,https://www.sec.gov/Archives/edgar/data/1368622/000110465926106304/avav-20260909xex99d1.htm,True,
PCOR,2026-09-09 00:00:00,https://www.sec.gov/Archives/edgar/data/1611052/000119312526386428/0001193125-26-386428-index.htm,8-K,8-K,https://www.sec.gov/Archives/edgar/data/1611052/000119312526386428/d59216d8k.htm,False,
LMNR,2026-09-09 00:00:00,https://www.sec.gov/Archives/edgar/data/1342423/000134242326000030/0001342423-26-000030-index.htm,8-K,8-K,https://www.sec.gov/Archives/edgar/data/1342423/000134242326000030/lmnr-20260909.htm,False,
LMNR,2026-09-09 00:00:00,https://www.sec.gov/Archives/edgar/data/1342423/000134242326000030/0001342423-26-000030-index.htm,EX-99.1,EX-99.1,https://www.sec.gov/Archives/edgar/data/1342423/000134242326000030/lmnr73126erex991.htm,True,
ONOV,2026-09-09 00:00:00,https://www.sec.gov/Archives/edgar/data/1877939/000187793926000078/0001877939-26-000078-index.htm,8-K,8-K,https://www.sec.gov/Archives/edgar/data/1877939/000187793926000078/ctm-20260909.htm,False,
ONOV,2026-09-09 00:00:00,https://www.sec.gov/Archives/edgar/data/1877939/000187793926000078/0001877939-26-000078-index.htm,EX-99.1,EX-99.1,https://www.sec.gov/Archives/edgar/data/1877939/000187793926000078/exhibit991september92026.htm,False,
CTM,2026-09-09 00:00:00,https://www.sec.gov/Archives/edgar/data/1877939/000187793926000078/0001877939-26-000078-index.htm,8-K,8-K,https://www.sec.gov/Archives/edgar/data/1877939/000187793926000078/ctm-20260909.htm,False,
CTM,2026-09-09 00:00:00,https://www.sec.gov/Archives/edgar/data/1877939/000187793926000078/0001877939-26-000078-index.htm,EX-99.1,EX-99.1,https://www.sec.gov/Archives/edgar/data/1877939/000187793926000078/exhibit991september92026.htm,False,
LEE,2026-09-09 00:00:00,https://www.sec.gov/Archives/edgar/data/58361/000005836126000067/0000058361-26-000067-index.htm,8-K,8-K,https://www.sec.gov/Archives/edgar/data/58361/000005836126000067/lee-20260902.htm,False,
FMBM,2026-09-09 00:00:00,https://www.sec.gov/Archives/edgar/data/740806/000165495426008221/0001654954-26-008221-index.htm,8-K,FORM 8-K,https://www.sec.gov/Archives/edgar/data/740806/000165495426008221/fmbm_8k.htm,False,
FMBM,2026-09-09 00:00:00,https://www.sec.gov/Archives/edgar/data/740806/000165495426008221/0001654954-26-008221-index.htm,EX-99.1,PRESENTATION,https://www.sec.gov/Archives/edgar/data/740806/000165495426008221/fmbm_ex991.htm,False,
EDUC,2026-09-09 00:00:00,https://www.sec.gov/Archives/edgar/data/31667/000118518526003894/0001185185-26-003894-index.htm,8-K,FORM 8-K,https://www.sec.gov/Archives/edgar/data/31667/000118518526003894/educ8k090826.htm,False,
EDUC,2026-09-09 00:00:00,https://www.sec.gov/Archives/edgar/data/31667/000118518526003894/0001185185-26-003894-index.htm,EX-99.1,EXHIBIT 99.1,https://www.sec.gov/Archives/edgar/data/31667/000118518526003894/educex99-1.htm,False,
TRSO,2026-09-09 00:00:00,https://www.sec.gov/Archives/edgar/data/1758699/000164033426001475/0001640334-26-001475-index.htm,8-K,FORM 8-K,https://www.sec.gov/Archives/edgar/data/1758699/000164033426001475/trso_8k.htm,True,
TRSO,2026-09-09 00:00:00,https://www.sec.gov/Archives/edgar/data/1758699/000164033426001475/0001640334-26-001475-index.htm,EX-10.1,LETTER OF INTENT,https://www.sec.gov/Archives/edgar/data/1758699/000164033426001475/trso_ex101.htm,False,
TRSO,2026-09-09 00:00:00,https://www.sec.gov/Archives/edgar/data/1758699/000164033426001475/0001640334-26-001475-index.htm,EX-99.1,PRESS RELEASE,https://www.sec.gov/Archives/edgar/data/1758699/000164033426001475/trso_ex991.htm,False,
SRXH,2026-09-09 00:00:00,https://www.sec.gov/Archives/edgar/data/1471727/000149315226041945/0001493152-26-041945-index.htm,8-K,8-K,https://www.sec.gov/Archives/edgar/data/1471727/000149315226041945/form8-k.htm,True,
SRXH,2026-09-09 00:00:00,https://www.sec.gov/Archives/edgar/data/1471727/000149315226041945/0001493152-26-041945-index.htm,EX-10.1,EX-10.1,https://www.sec.gov/Archives/edgar/data/1471727/000149315226041945/ex10-1.htm,False,
BTTR,2026-09-09 00:00:00,https://www.sec.gov/Archives/edgar/data/1471727/000149315226041945/0001493152-26-041945-index.htm,8-K,8-K,https://www.sec.gov/Archives/edgar/data/1471727/000149315226041945/form8-k.htm,True,
BTTR,2026-09-09 00:00:00,https://www.sec.gov/Archives/edgar/data/1471727/000149315226041945/0001493152-26-041945-index.htm,EX-10.1,EX-10.1,https://www.sec.gov/Archives/edgar/data/1471727/000149315226041945/ex10-1.htm,False,
CRMT,2026-09-09 00:00:00,https://www.sec.gov/Archives/edgar/data/799850/000117184326005948/0001171843-26-005948-index.htm,8-K,FORM 8-K,https://www.sec.gov/Archives/edgar/data/799850/000117184326005948/f8k_090926.htm,False,
CRMT,2026-09-09 00:00:00,https://www.sec.gov/Archives/edgar/data/799850/000117184326005948/0001171843-26-005948-index.htm,EX-99.1,PRESS RELEASE,https://www.sec.gov/Archives/edgar/data/799850/000117184326005948/exh_991.htm,True,
None,2026-09-09 00:00:00,https://www.sec.gov/Archives/edgar/data/1325814/000132581426000142/0001325814-26-000142-index.htm,8-K,8-K,https://www.sec.gov/Archives/edgar/data/1325814/000132581426000142/fhlbdm-20260902.htm,False,
None,2026-09-09 00:00:00,https://www.sec.gov/Archives/edgar/data/1325814/000132581426000142/0001325814-26-000142-index.htm,EX-99.1,EX-99.1,https://www.sec.gov/Archives/edgar/data/1325814/000132581426000142/tsy090926ex991.htm,False,
None,2026-09-09 00:00:00,https://www.sec.gov/Archives/edgar/data/1692951/000169295126000171/0001692951-26-000171-index.htm,8-K,8-K,https://www.sec.gov/Archives/edgar/data/1692951/000169295126000171/cci-20260903.htm,False,
SYY,2026-09-09 00:00:00,https://www.sec.gov/Archives/edgar/data/96021/000095014226002526/0000950142-26-002526-index.htm,8-K,FORM 8-K,https://www.sec.gov/Archives/edgar/data/96021/000095014226002526/eh260827982_8k.htm,False,
SYY,2026-09-09 00:00:00,https://www.sec.gov/Archives/edgar/data/96021/000095014226002526/0000950142-26-002526-index.htm,EX-99.1,EXHIBIT 99.1,https://www.sec.gov/Archives/edgar/data/96021/000095014226002526/eh260827982_ex9901.htm,False,
None,2026-09-09 00:00:00,https://www.sec.gov/Archives/edgar/data/1331451/000133145126000166/0001331451-26-000166-index.htm,8-K,8-K,https://www.sec.gov/Archives/edgar/data/1331451/000133145126000166/fhlbc-20260902.htm,False,
CME,2026-09-09 00:00:00,https://www.sec.gov/Archives/edgar/data/1156375/000119312526386091/0001193125-26-386091-index.htm,8-K,8-K,https://www.sec.gov/Archives/edgar/data/1156375/000119312526386091/d157844d8k.htm,False,
CME,2026-09-09 00:00:00,https://www.sec.gov/Archives/edgar/data/1156375/000119312526386091/0001193125-26-386091-index.htm,EX-99.1,EX-99.1,https://www.sec.gov/Archives/edgar/data/1156375/000119312526386091/d157844dex991.htm,False,
NYT,2026-09-09 00:00:00,https://www.sec.gov/Archives/edgar/data/71691/000119312526386067/0001193125-26-386067-index.htm,8-K,8-K,https://www.sec.gov/Archives/edgar/data/71691/000119312526386067/d118790d8k.htm,False,
BRNS,2026-09-09 00:00:00,https://www.sec.gov/Archives/edgar/data/1828185/000110465926106183/0001104659-26-106183-index.htm,8-K,FORM 8-K,https://www.sec.gov/Archives/edgar/data/1828185/000110465926106183/tm2625093d1_8k.htm,False,
VACC,2026-09-09 00:00:00,https://www.sec.gov/Archives/edgar/data/1828185/000110465926106183/0001104659-26-106183-index.htm,8-K,FORM 8-K,https://www.sec.gov/Archives/edgar/data/1828185/000110465926106183/tm2625093d1_8k.htm,False,
NWE,2026-09-09 00:00:00,https://www.sec.gov/Archives/edgar/data/1993004/000199300426000054/0001993004-26-000054-index.htm,8-K,8-K,https://www.sec.gov/Archives/edgar/data/1993004/000199300426000054/nwe-20260909.htm,False,
NWE,2026-09-09 00:00:00,https://www.sec.gov/Archives/edgar/data/1993004/000199300426000054/0001993004-26-000054-index.htm,EX-99.1,EX-99.1 PRESENTATION BARCLAYS 2026,https://www.sec.gov/Archives/edgar/data/1993004/000199300426000054/exh991barclaysconfpres26.htm,False,
LEXXW,2026-09-09 00:00:00,https://www.sec.gov/Archives/edgar/data/1348362/000164033426001468/0001640334-26-001468-index.htm,8-K,FORM 8-K,https://www.sec.gov/Archives/edgar/data/1348362/000164033426001468/lxrp_8k.htm,True,
LEXXW,2026-09-09 00:00:00,https://www.sec.gov/Archives/edgar/data/1348362/000164033426001468/0001640334-26-001468-index.htm,EX-10.1,FORM OF INDUCEMENT LETTER,https://www.sec.gov/Archives/edgar/data/1348362/000164033426001468/lxrp_ex101.htm,False,
LEXXW,2026-09-09 00:00:00,https://www.sec.gov/Archives/edgar/data/1348362/000164033426001468/0001640334-26-001468-index.htm,EX-99.1,PRESS RELEASE,https://www.sec.gov/Archives/edgar/data/1348362/000164033426001468/lxrp_ex991.htm,False,
LEXX,2026-09-09 00:00:00,https://www.sec.gov/Archives/edgar/data/1348362/000164033426001468/0001640334-26-001468-index.htm,8-K,FORM 8-K,https://www.sec.gov/Archives/edgar/data/1348362/000164033426001468/lxrp_8k.htm,True,
LEXX,2026-09-09 00:00:00,https://www.sec.gov/Archives/edgar/data/1348362/000164033426001468/0001640334-26-001468-index.htm,EX-10.1,FORM OF INDUCEMENT LETTER,https://www.sec.gov/Archives/edgar/data/1348362/000164033426001468/lxrp_ex101.htm,False,
LEXX,2026-09-09 00:00:00,https://www.sec.gov/Archives/edgar/data/1348362/000164033426001468/0001640334-26-001468-index.htm,EX-99.1,PRESS RELEASE,https://www.sec.gov/Archives/edgar/data/1348362/000164033426001468/lxrp_ex991.htm,False,
PWUP,2026-09-09 00:00:00,https://www.sec.gov/Archives/edgar/data/1847345/000149315226041918/0001493152-26-041918-index.htm,8-K,8-K,https://www.sec.gov/Archives/edgar/data/1847345/000149315226041918/form8-k.htm,False,
PWUP,2026-09-09 00:00:00,https://www.sec.gov/Archives/edgar/data/1847345/000149315226041918/0001493152-26-041918-index.htm,EX-99.1,EX-99.1,https://www.sec.gov/Archives/edgar/data/1847345/000149315226041918/ex99-1.htm,False,
PWUPW,2026-09-09 00:00:00,https://www.sec.gov/Archives/edgar/data/1847345/000149315226041918/0001493152-26-041918-index.htm,8-K,8-K,https://www.sec.gov/Archives/edgar/data/1847345/000149315226041918/form8-k.htm,False,
PWUPW,2026-09-09 00:00:00,https://www.sec.gov/Archives/edgar/data/1847345/000149315226041918/0001493152-26-041918-index.htm,EX-99.1,EX-99.1,https://www.sec.gov/Archives/edgar/data/1847345/000149315226041918/ex99-1.htm,False,
PWUPU,2026-09-09 00:00:00,https://www.sec.gov/Archives/edgar/data/1847345/000149315226041918/0001493152-26-041918-index.htm,8-K,8-K,https://www.sec.gov/Archives/edgar/data/1847345/000149315226041918/form8-k.htm,False,
PWUPU,2026-09-09 00:00:00,https://www.sec.gov/Archives/edgar/data/1847345/000149315226041918/0001493152-26-041918-index.htm,EX-99.1,EX-99.1,https://www.sec.gov/Archives/edgar/data/1847345/000149315226041918/ex99-1.htm,False,
ASBP,2026-09-09 00:00:00,https://www.sec.gov/Archives/edgar/data/1847345/000149315226041918/0001493152-26-041918-index.htm,8-K,8-K,https://www.sec.gov/Archives/edgar/data/1847345/000149315226041918/form8-k.htm,False,
ASBP,2026-09-09 00:00:00,https://www.sec.gov/Archives/edgar/data/1847345/000149315226041918/0001493152-26-041918-index.htm,EX-99.1,EX-99.1,https://www.sec.gov/Archives/edgar/data/1847345/000149315226041918/ex99-1.htm,False,
EZRA,2026-09-09 00:00:00,https://www.sec.gov/Archives/edgar/data/1812727/000149315226041914/0001493152-26-041914-index.htm,8-K,8-K,https://www.sec.gov/Archives/edgar/data/1812727/000149315226041914/form8-k.htm,True,
RELIW,2026-09-09 00:00:00,https://www.sec.gov/Archives/edgar/data/1812727/000149315226041914/0001493152-26-041914-index.htm,8-K,8-K,https://www.sec.gov/Archives/edgar/data/1812727/000149315226041914/form8-k.htm,True,
RELI,2026-09-09 00:00:00,https://www.sec.gov/Archives/edgar/data/1812727/000149315226041914/0001493152-26-041914-index.htm,8-K,8-K,https://www.sec.gov/Archives/edgar/data/1812727/000149315226041914/form8-k.htm,True,
ROYL,2026-09-09 00:00:00,https://www.sec.gov/Archives/edgar/data/1694617/000117184326005939/0001171843-26-005939-index.htm,8-K,FORM 8-K,https://www.sec.gov/Archives/edgar/data/1694617/000117184326005939/f8k_090926.htm,False,
ROYL,2026-09-09 00:00:00,https://www.sec.gov/Archives/edgar/data/1694617/000117184326005939/0001171843-26-005939-index.htm,EX-99.1,PRESS RELEASE,https://www.sec.gov/Archives/edgar/data/1694617/000117184326005939/exh_991.htm,False,
GBFH,2026-09-09 00:00:00,https://www.sec.gov/Archives/edgar/data/1791145/000119312526386010/0001193125-26-386010-index.htm,8-K,8-K,https://www.sec.gov/Archives/edgar/data/1791145/000119312526386010/gbfh-20260909.htm,False,
GBFH,2026-09-09 00:00:00,https://www.sec.gov/Archives/edgar/data/1791145/000119312526386010/0001193125-26-386010-index.htm,EX-99.1,EX-99.1,https://www.sec.gov/Archives/edgar/data/1791145/000119312526386010/gbfh-ex99_1.htm,False,
ROKU,2026-09-09 00:00:00,https://www.sec.gov/Archives/edgar/data/1428439/000114036126035990/0001140361-26-035990-index.htm,8-K,8-K,https://www.sec.gov/Archives/edgar/data/1428439/000114036126035990/ef20081770_8k.htm,False,
NNBR,2026-09-09 00:00:00,https://www.sec.gov/Archives/edgar/data/918541/000091854126000087/0000918541-26-000087-index.htm,8-K,8-K,https://www.sec.gov/Archives/edgar/data/918541/000091854126000087/nnbr-20260909.htm,False,
NNBR,2026-09-09 00:00:00,https://www.sec.gov/Archives/edgar/data/918541/000091854126000087/0000918541-26-000087-index.htm,EX-99.1,EX-99.1 INVESTOR PRESENTATION,https://www.sec.gov/Archives/edgar/data/918541/000091854126000087/nn-form8xk2026x09x10inve.htm,False,
ADBT,2026-09-09 00:00:00,https://www.sec.gov/Archives/edgar/data/2084227/000149315226041908/0001493152-26-041908-index.htm,8-K,8-K,https://www.sec.gov/Archives/edgar/data/2084227/000149315226041908/form8-k.htm,False,
ADBT,2026-09-09 00:00:00,https://www.sec.gov/Archives/edgar/data/2084227/000149315226041908/0001493152-26-041908-index.htm,EX-99.1,EX-99.1,https://www.sec.gov/Archives/edgar/data/2084227/000149315226041908/ex99-1.htm,False,
FOXA,2026-09-09 00:00:00,https://www.sec.gov/Archives/edgar/data/1754301/000119312526385979/0001193125-26-385979-index.htm,8-K,8-K,https://www.sec.gov/Archives/edgar/data/1754301/000119312526385979/d176496d8k.htm,False,
FOX,2026-09-09 00:00:00,https://www.sec.gov/Archives/edgar/data/1754301/000119312526385979/0001193125-26-385979-index.htm,8-K,8-K,https://www.sec.gov/Archives/edgar/data/1754301/000119312526385979/d176496d8k.htm,False,
LMB,2026-09-09 00:00:00,https://www.sec.gov/Archives/edgar/data/1606163/000162828026061042/0001628280-26-061042-index.htm,8-K,8-K,https://www.sec.gov/Archives/edgar/data/1606163/000162828026061042/lmb-20260909.htm,True,
LMB,2026-09-09 00:00:00,https://www.sec.gov/Archives/edgar/data/1606163/000162828026061042/0001628280-26-061042-index.htm,EX-10.1,EX-10.1,https://www.sec.gov/Archives/edgar/data/1606163/000162828026061042/pnccreditagreement-limbach.htm,True,
PKKW,2026-09-09 00:00:00,https://www.sec.gov/Archives/edgar/data/1657642/000143774926029929/0001437749-26-029929-index.htm,8-K,FORM 8-K,https://www.sec.gov/Archives/edgar/data/1657642/000143774926029929/pkkw20260908_8k.htm,False,
PKKW,2026-09-09 00:00:00,https://www.sec.gov/Archives/edgar/data/1657642/000143774926029929/0001437749-26-029929-index.htm,EX-99.1,EXHIBIT 99.1,https://www.sec.gov/Archives/edgar/data/1657642/000143774926029929/ex_1013781_source.htm,False,
None,2026-09-09 00:00:00,https://www.sec.gov/Archives/edgar/data/1727255/000168316826007026/0001683168-26-007026-index.htm,8-K,CURRENT REPORT,https://www.sec.gov/Archives/edgar/data/1727255/000168316826007026/chilean_8k.htm,True,
None,2026-09-09 00:00:00,https://www.sec.gov/Archives/edgar/data/1727255/000168316826007026/0001683168-26-007026-index.htm,EX-10.1,SECURITIES PURCHASE AGREEMENT,https://www.sec.gov/Archives/edgar/data/1727255/000168316826007026/chilean_ex1001.htm,True,
None,2026-09-09 00:00:00,https://www.sec.gov/Archives/edgar/data/1727255/000168316826007026/0001683168-26-007026-index.htm,EX-99.1,PRESS RELEASE,https://www.sec.gov/Archives/edgar/data/1727255/000168316826007026/chilean_ex9901.htm,False,
MAX,2026-09-09 00:00:00,https://www.sec.gov/Archives/edgar/data/1818383/000181838326000231/0001818383-26-000231-index.htm,8-K,8-K,https://www.sec.gov/Archives/edgar/data/1818383/000181838326000231/max-20260909.htm,True,
MAX,2026-09-09 00:00:00,https://www.sec.gov/Archives/edgar/data/1818383/000181838326000231/0001818383-26-000231-index.htm,EX-10.1,EX-10.1,https://www.sec.gov/Archives/edgar/data/1818383/000181838326000231/plx-assignmentassumptionan.htm,False,
EQR,2026-09-09 00:00:00,https://www.sec.gov/Archives/edgar/data/906107/000119312526385969/0001193125-26-385969-index.htm,8-K,8-K,https://www.sec.gov/Archives/edgar/data/906107/000119312526385969/vmrk-20260909.htm,False,
EQR,2026-09-09 00:00:00,https://www.sec.gov/Archives/edgar/data/906107/000119312526385969/0001193125-26-385969-index.htm,EX-99.1,EX-99.1,https://www.sec.gov/Archives/edgar/data/906107/000119312526385969/vmrk-ex99_1.htm,False,
VMRK,2026-09-09 00:00:00,https://www.sec.gov/Archives/edgar/data/906107/000119312526385969/0001193125-26-385969-index.htm,8-K,8-K,https://www.sec.gov/Archives/edgar/data/906107/000119312526385969/vmrk-20260909.htm,False,
VMRK,2026-09-09 00:00:00,https://www.sec.gov/Archives/edgar/data/906107/000119312526385969/0001193125-26-385969-index.htm,EX-99.1,EX-99.1,https://www.sec.gov/Archives/edgar/data/906107/000119312526385969/vmrk-ex99_1.htm,False,
IMUX,2026-09-09 00:00:00,https://www.sec.gov/Archives/edgar/data/1280776/000119380526001196/0001193805-26-001196-index.htm,8-K,,https://www.sec.gov/Archives/edgar/data/1280776/000119380526001196/e665768_8k-immunic.htm,False,
IMUX,2026-09-09 00:00:00,https://www.sec.gov/Archives/edgar/data/1280776/000119380526001196/0001193805-26-001196-index.htm,EX-99.1,,https://www.sec.gov/Archives/edgar/data/1280776/000119380526001196/e665768_ex99-1.htm,False,
GOSS,2026-09-09 00:00:00,https://www.sec.gov/Archives/edgar/data/1728117/000172811726000091/0001728117-26-000091-index.htm,8-K,8-K,https://www.sec.gov/Archives/edgar/data/1728117/000172811726000091/goss-20260909.htm,False,
GOSS,2026-09-09 00:00:00,https://www.sec.gov/Archives/edgar/data/1728117/000172811726000091/0001728117-26-000091-index.htm,EX-99.1,EX-99.1,https://www.sec.gov/Archives/edgar/data/1728117/000172811726000091/ex991revstocksplit.htm,False,
CNR,2026-09-09 00:00:00,https://www.sec.gov/Archives/edgar/data/883902/000110465926106157/0001104659-26-106157-index.htm,8-K,FROM 8-K,https://www.sec.gov/Archives/edgar/data/883902/000110465926106157/tm2625020d1_8k.htm,False,
CNR,2026-09-09 00:00:00,https://www.sec.gov/Archives/edgar/data/883902/000110465926106157/0001104659-26-106157-index.htm,EX-99.1,EXHIBIT 99.1,https://www.sec.gov/Archives/edgar/data/883902/000110465926106157/tm2625020d1_ex99-1.htm,False,
CERU,2026-09-09 00:00:00,https://www.sec.gov/Archives/edgar/data/1401914/000149315226041904/0001493152-26-041904-index.htm,8-K,8-K,https://www.sec.gov/Archives/edgar/data/1401914/000149315226041904/form8-k.htm,False,
CERU,2026-09-09 00:00:00,https://www.sec.gov/Archives/edgar/data/1401914/000149315226041904/0001493152-26-041904-index.htm,EX-99.1,EX-99.1,https://www.sec.gov/Archives/edgar/data/1401914/000149315226041904/ex99-1.htm,False,
DARE,2026-09-09 00:00:00,https://www.sec.gov/Archives/edgar/data/1401914/000149315226041904/0001493152-26-041904-index.htm,8-K,8-K,https://www.sec.gov/Archives/edgar/data/1401914/000149315226041904/form8-k.htm,False,
DARE,2026-09-09 00:00:00,https://www.sec.gov/Archives/edgar/data/1401914/000149315226041904/0001493152-26-041904-index.htm,EX-99.1,EX-99.1,https://www.sec.gov/Archives/edgar/data/1401914/000149315226041904/ex99-1.htm,False,
NRBO,2026-09-09 00:00:00,https://www.sec.gov/Archives/edgar/data/1638287/000110465926106156/0001104659-26-106156-index.htm,8-K,8-K,https://www.sec.gov/Archives/edgar/data/1638287/000110465926106156/mtva-20260909x8k.htm,False,
NRBO,2026-09-09 00:00:00,https://www.sec.gov/Archives/edgar/data/1638287/000110465926106156/0001104659-26-106156-index.htm,EX-99.1,EX-99.1,https://www.sec.gov/Archives/edgar/data/1638287/000110465926106156/mtva-20260909xex99d1.htm,False,
INBS,2026-09-09 00:00:00,https://www.sec.gov/Archives/edgar/data/1725430/000149315226041901/0001493152-26-041901-index.htm,8-K,8-K,https://www.sec.gov/Archives/edgar/data/1725430/000149315226041901/form8-k.htm,False,
INBS,2026-09-09 00:00:00,https://www.sec.gov/Archives/edgar/data/1725430/000149315226041901/0001493152-26-041901-index.htm,EX-99.1,EX-99.1,https://www.sec.gov/Archives/edgar/data/1725430/000149315226041901/ex99-1.htm,False,
GBS,2026-09-09 00:00:00,https://www.sec.gov/Archives/edgar/data/1725430/000149315226041901/0001493152-26-041901-index.htm,8-K,8-K,https://www.sec.gov/Archives/edgar/data/1725430/000149315226041901/form8-k.htm,False,
GBS,2026-09-09 00:00:00,https://www.sec.gov/Archives/edgar/data/1725430/000149315226041901/0001493152-26-041901-index.htm,EX-99.1,EX-99.1,https://www.sec.gov/Archives/edgar/data/1725430/000149315226041901/ex99-1.htm,False,
WHLRW,2026-09-09 00:00:00,https://www.sec.gov/Archives/edgar/data/1527541/000152754126000340/0001527541-26-000340-index.htm,8-K,8-K,https://www.sec.gov/Archives/edgar/data/1527541/000152754126000340/whlr-20260908.htm,False,
WHLRP,2026-09-09 00:00:00,https://www.sec.gov/Archives/edgar/data/1527541/000152754126000340/0001527541-26-000340-index.htm,8-K,8-K,https://www.sec.gov/Archives/edgar/data/1527541/000152754126000340/whlr-20260908.htm,False,
WHLRL,2026-09-09 00:00:00,https://www.sec.gov/Archives/edgar/data/1527541/000152754126000340/0001527541-26-000340-index.htm,8-K,8-K,https://www.sec.gov/Archives/edgar/data/1527541/000152754126000340/whlr-20260908.htm,False,
WHLRD,2026-09-09 00:00:00,https://www.sec.gov/Archives/edgar/data/1527541/000152754126000340/0001527541-26-000340-index.htm,8-K,8-K,https://www.sec.gov/Archives/edgar/data/1527541/000152754126000340/whlr-20260908.htm,False,
WHLR,2026-09-09 00:00:00,https://www.sec.gov/Archives/edgar/data/1527541/000152754126000340/0001527541-26-000340-index.htm,8-K,8-K,https://www.sec.gov/Archives/edgar/data/1527541/000152754126000340/whlr-20260908.htm,False,
TNON,2026-09-09 00:00:00,https://www.sec.gov/Archives/edgar/data/1560293/000121390026098232/0001213900-26-098232-index.htm,8-K,CURRENT REPORT,https://www.sec.gov/Archives/edgar/data/1560293/000121390026098232/ea0304884-8k_tenon.htm,False,
TNON,2026-09-09 00:00:00,https://www.sec.gov/Archives/edgar/data/1560293/000121390026098232/0001213900-26-098232-index.htm,EX-99.1,"PRESS RELEASE OF TENON MEDICAL, INC., DATED SEPTEMBER 9, 2026",https://www.sec.gov/Archives/edgar/data/1560293/000121390026098232/ea030488401ex99-1.htm,False,
STX,2026-09-09 00:00:00,https://www.sec.gov/Archives/edgar/data/1137789/000119312526385961/0001193125-26-385961-index.htm,8-K,8-K,https://www.sec.gov/Archives/edgar/data/1137789/000119312526385961/d109585d8k.htm,False,
STX,2026-09-09 00:00:00,https://www.sec.gov/Archives/edgar/data/1137789/000119312526385961/0001193125-26-385961-index.htm,EX-99.1,EX-99.1,https://www.sec.gov/Archives/edgar/data/1137789/000119312526385961/d109585dex991.htm,False,
GPC,2026-09-09 00:00:00,https://www.sec.gov/Archives/edgar/data/40987/000119312526385959/0001193125-26-385959-index.htm,8-K,8-K,https://www.sec.gov/Archives/edgar/data/40987/000119312526385959/d136093d8k.htm,False,
GPC,2026-09-09 00:00:00,https://www.sec.gov/Archives/edgar/data/40987/000119312526385959/0001193125-26-385959-index.htm,EX-10.1,EX-10.1,https://www.sec.gov/Archives/edgar/data/40987/000119312526385959/d136093dex101.htm,False,
GPC,2026-09-09 00:00:00,https://www.sec.gov/Archives/edgar/data/40987/000119312526385959/0001193125-26-385959-index.htm,EX-99.1,EX-99.1,https://www.sec.gov/Archives/edgar/data/40987/000119312526385959/d136093dex991.htm,False,
LEU,2026-09-09 00:00:00,https://www.sec.gov/Archives/edgar/data/1065059/000162828026061036/0001628280-26-061036-index.htm,8-K,8-K,https://www.sec.gov/Archives/edgar/data/1065059/000162828026061036/leu-20260909.htm,False,
LEU,2026-09-09 00:00:00,https://www.sec.gov/Archives/edgar/data/1065059/000162828026061036/0001628280-26-061036-index.htm,EX-99.1,EX-99.1,https://www.sec.gov/Archives/edgar/data/1065059/000162828026061036/ex991-centrusandradianta.htm,False,
CSR,2026-09-09 00:00:00,https://www.sec.gov/Archives/edgar/data/798359/000114036126035986/0001140361-26-035986-index.htm,8-K,8-K,https://www.sec.gov/Archives/edgar/data/798359/000114036126035986/ef20081761_8k.htm,True,
CSR,2026-09-09 00:00:00,https://www.sec.gov/Archives/edgar/data/798359/000114036126035986/0001140361-26-035986-index.htm,EX-10.1,EXHIBIT 10.1,https://www.sec.gov/Archives/edgar/data/798359/000114036126035986/ef20081761_ex10-1.htm,False,
CSR,2026-09-09 00:00:00,https://www.sec.gov/Archives/edgar/data/798359/000114036126035986/0001140361-26-035986-index.htm,EX-99.1,EXHIBIT 99.1,https://www.sec.gov/Archives/edgar/data/798359/000114036126035986/ef20081761_ex99-1.htm,True,
CSR-PC,2026-09-09 00:00:00,https://www.sec.gov/Archives/edgar/data/798359/000114036126035986/0001140361-26-035986-index.htm,8-K,8-K,https://www.sec.gov/Archives/edgar/data/798359/000114036126035986/ef20081761_8k.htm,True,
CSR-PC,2026-09-09 00:00:00,https://www.sec.gov/Archives/edgar/data/798359/000114036126035986/0001140361-26-035986-index.htm,EX-10.1,EXHIBIT 10.1,https://www.sec.gov/Archives/edgar/data/798359/000114036126035986/ef20081761_ex10-1.htm,False,
CSR-PC,2026-09-09 00:00:00,https://www.sec.gov/Archives/edgar/data/798359/000114036126035986/0001140361-26-035986-index.htm,EX-99.1,EXHIBIT 99.1,https://www.sec.gov/Archives/edgar/data/798359/000114036126035986/ef20081761_ex99-1.htm,True,
XERS,2026-09-09 00:00:00,https://www.sec.gov/Archives/edgar/data/1867096/000186709626000077/0001867096-26-000077-index.htm,8-K,8-K,https://www.sec.gov/Archives/edgar/data/1867096/000186709626000077/xers-20260909.htm,False,
XERS,2026-09-09 00:00:00,https://www.sec.gov/Archives/edgar/data/1867096/000186709626000077/0001867096-26-000077-index.htm,EX-99.1,EX-99.1,https://www.sec.gov/Archives/edgar/data/1867096/000186709626000077/exh991xp-8121rddaypresen.htm,False,
BIAF,2026-09-09 00:00:00,https://www.sec.gov/Archives/edgar/data/1712762/000149315226041894/0001493152-26-041894-index.htm,8-K,8-K,https://www.sec.gov/Archives/edgar/data/1712762/000149315226041894/form8-k.htm,False,
BIAF,2026-09-09 00:00:00,https://www.sec.gov/Archives/edgar/data/1712762/000149315226041894/0001493152-26-041894-index.htm,EX-99.1,EX-99.1,https://www.sec.gov/Archives/edgar/data/1712762/000149315226041894/ex99-1.htm,False,
BIAFW,2026-09-09 00:00:00,https://www.sec.gov/Archives/edgar/data/1712762/000149315226041894/0001493152-26-041894-index.htm,8-K,8-K,https://www.sec.gov/Archives/edgar/data/1712762/000149315226041894/form8-k.htm,False,
BIAFW,2026-09-09 00:00:00,https://www.sec.gov/Archives/edgar/data/1712762/000149315226041894/0001493152-26-041894-index.htm,EX-99.1,EX-99.1,https://www.sec.gov/Archives/edgar/data/1712762/000149315226041894/ex99-1.htm,False,
ECOR,2026-09-09 00:00:00,https://www.sec.gov/Archives/edgar/data/1560258/000149315226041893/0001493152-26-041893-index.htm,8-K,8-K,https://www.sec.gov/Archives/edgar/data/1560258/000149315226041893/form8-k.htm,False,
ECOR,2026-09-09 00:00:00,https://www.sec.gov/Archives/edgar/data/1560258/000149315226041893/0001493152-26-041893-index.htm,EX-10.1,EX-10.1,https://www.sec.gov/Archives/edgar/data/1560258/000149315226041893/ex10-1.htm,False,
ECOR,2026-09-09 00:00:00,https://www.sec.gov/Archives/edgar/data/1560258/000149315226041893/0001493152-26-041893-index.htm,EX-10.2,EX-10.2,https://www.sec.gov/Archives/edgar/data/1560258/000149315226041893/ex10-2.htm,False,
ECOR,2026-09-09 00:00:00,https://www.sec.gov/Archives/edgar/data/1560258/000149315226041893/0001493152-26-041893-index.htm,EX-99.1,EX-99.1,https://www.sec.gov/Archives/edgar/data/1560258/000149315226041893/ex99-1.htm,False,
DH,2026-09-09 00:00:00,https://www.sec.gov/Archives/edgar/data/1861795/000119312526385950/0001193125-26-385950-index.htm,8-K,8-K,https://www.sec.gov/Archives/edgar/data/1861795/000119312526385950/dh-20260909.htm,False,
AA,2026-09-09 00:00:00,https://www.sec.gov/Archives/edgar/data/1675149/000119312526385947/0001193125-26-385947-index.htm,8-K,8-K,https://www.sec.gov/Archives/edgar/data/1675149/000119312526385947/aa-20260909.htm,True,
AA,2026-09-09 00:00:00,https://www.sec.gov/Archives/edgar/data/1675149/000119312526385947/0001193125-26-385947-index.htm,EX-99.1,EX-99.1,https://www.sec.gov/Archives/edgar/data/1675149/000119312526385947/aa-ex99_1.htm,False,
GAME,2026-09-09 00:00:00,https://www.sec.gov/Archives/edgar/data/1714562/000149315226041889/0001493152-26-041889-index.htm,8-K,8-K,https://www.sec.gov/Archives/edgar/data/1714562/000149315226041889/form8-k.htm,False,
ADI,2026-09-09 00:00:00,https://www.sec.gov/Archives/edgar/data/6281/000119312526385938/0001193125-26-385938-index.htm,8-K,8-K,https://www.sec.gov/Archives/edgar/data/6281/000119312526385938/d924057d8k.htm,False,
ADI,2026-09-09 00:00:00,https://www.sec.gov/Archives/edgar/data/6281/000119312526385938/0001193125-26-385938-index.htm,EX-99.1,EX-99.1,https://www.sec.gov/Archives/edgar/data/6281/000119312526385938/d924057dex991.htm,False,
GAME,2026-09-09 00:00:00,https://www.sec.gov/Archives/edgar/data/1714562/000149315226041884/0001493152-26-041884-index.htm,8-K,8-K,https://www.sec.gov/Archives/edgar/data/1714562/000149315226041884/form8-k.htm,True,
GAME,2026-09-09 00:00:00,https://www.sec.gov/Archives/edgar/data/1714562/000149315226041884/0001493152-26-041884-index.htm,EX-10.1,EX-10.1,https://www.sec.gov/Archives/edgar/data/1714562/000149315226041884/ex10-1.htm,False,
None,2026-09-09 00:00:00,https://www.sec.gov/Archives/edgar/data/2023016/000121390026098224/0001213900-26-098224-index.htm,8-K,CURRENT REPORT,https://www.sec.gov/Archives/edgar/data/2023016/000121390026098224/ea0304806-8k_turn.htm,False,
None,2026-09-09 00:00:00,https://www.sec.gov/Archives/edgar/data/2023016/000121390026098224/0001213900-26-098224-index.htm,EX-99.1,"PRESS RELEASE, DATED SEPTEMBER 9, 2026",https://www.sec.gov/Archives/edgar/data/2023016/000121390026098224/ea030480601ex99-1.htm,False,
BALL,2026-09-09 00:00:00,https://www.sec.gov/Archives/edgar/data/9389/000110465926106140/0001104659-26-106140-index.htm,8-K,FORM 8-K,https://www.sec.gov/Archives/edgar/data/9389/000110465926106140/tm2625007d1_8k.htm,False,
BALL,2026-09-09 00:00:00,https://www.sec.gov/Archives/edgar/data/9389/000110465926106140/0001104659-26-106140-index.htm,EX-99.1,EXHIBIT 99.1,https://www.sec.gov/Archives/edgar/data/9389/000110465926106140/tm2625007d1_ex99-1.htm,False,
BLL,2026-09-09 00:00:00,https://www.sec.gov/Archives/edgar/data/9389/000110465926106140/0001104659-26-106140-index.htm,8-K,FORM 8-K,https://www.sec.gov/Archives/edgar/data/9389/000110465926106140/tm2625007d1_8k.htm,False,
BLL,2026-09-09 00:00:00,https://www.sec.gov/Archives/edgar/data/9389/000110465926106140/0001104659-26-106140-index.htm,EX-99.1,EXHIBIT 99.1,https://www.sec.gov/Archives/edgar/data/9389/000110465926106140/tm2625007d1_ex99-1.htm,False,
ASO,2026-09-09 00:00:00,https://www.sec.gov/Archives/edgar/data/1817358/000181735826000146/0001817358-26-000146-index.htm,8-K,8-K,https://www.sec.gov/Archives/edgar/data/1817358/000181735826000146/aso-20260909.htm,False,
ASO,2026-09-09 00:00:00,https://www.sec.gov/Archives/edgar/data/1817358/000181735826000146/0001817358-26-000146-index.htm,EX-99.1,EX-99.1,https://www.sec.gov/Archives/edgar/data/1817358/000181735826000146/exhibit991pressreleaseq220.htm,True,
LYFT,2026-09-09 00:00:00,https://www.sec.gov/Archives/edgar/data/1759509/000162828026061020/0001628280-26-061020-index.htm,8-K,8-K,https://www.sec.gov/Archives/edgar/data/1759509/000162828026061020/lyft-20260906.htm,False,
LYFT,2026-09-09 00:00:00,https://www.sec.gov/Archives/edgar/data/1759509/000162828026061020/0001628280-26-061020-index.htm,EX-99.1,EX-99.1,https://www.sec.gov/Archives/edgar/data/1759509/000162828026061020/ex991-pressrelease90926.htm,False,
SGLB,2026-09-09 00:00:00,https://www.sec.gov/Archives/edgar/data/788611/000149315226041880/0001493152-26-041880-index.htm,8-K,8-K,https://www.sec.gov/Archives/edgar/data/788611/000149315226041880/form8-k.htm,False,
SGLB,2026-09-09 00:00:00,https://www.sec.gov/Archives/edgar/data/788611/000149315226041880/0001493152-26-041880-index.htm,EX-99.1,EX-99.1,https://www.sec.gov/Archives/edgar/data/788611/000149315226041880/ex99-1.htm,False,
NTRP,2026-09-09 00:00:00,https://www.sec.gov/Archives/edgar/data/788611/000149315226041880/0001493152-26-041880-index.htm,8-K,8-K,https://www.sec.gov/Archives/edgar/data/788611/000149315226041880/form8-k.htm,False,
NTRP,2026-09-09 00:00:00,https://www.sec.gov/Archives/edgar/data/788611/000149315226041880/0001493152-26-041880-index.htm,EX-99.1,EX-99.1,https://www.sec.gov/Archives/edgar/data/788611/000149315226041880/ex99-1.htm,False,
SGLBW,2026-09-09 00:00:00,https://www.sec.gov/Archives/edgar/data/788611/000149315226041880/0001493152-26-041880-index.htm,8-K,8-K,https://www.sec.gov/Archives/edgar/data/788611/000149315226041880/form8-k.htm,False,
SGLBW,2026-09-09 00:00:00,https://www.sec.gov/Archives/edgar/data/788611/000149315226041880/0001493152-26-041880-index.htm,EX-99.1,EX-99.1,https://www.sec.gov/Archives/edgar/data/788611/000149315226041880/ex99-1.htm,False,
SASI,2026-09-09 00:00:00,https://www.sec.gov/Archives/edgar/data/788611/000149315226041880/0001493152-26-041880-index.htm,8-K,8-K,https://www.sec.gov/Archives/edgar/data/788611/000149315226041880/form8-k.htm,False,
SASI,2026-09-09 00:00:00,https://www.sec.gov/Archives/edgar/data/788611/000149315226041880/0001493152-26-041880-index.htm,EX-99.1,EX-99.1,https://www.sec.gov/Archives/edgar/data/788611/000149315226041880/ex99-1.htm,False,
WW,2026-09-09 00:00:00,https://www.sec.gov/Archives/edgar/data/105319/000119312526385911/0001193125-26-385911-index.htm,8-K,8-K,https://www.sec.gov/Archives/edgar/data/105319/000119312526385911/d172124d8k.htm,False,
WW,2026-09-09 00:00:00,https://www.sec.gov/Archives/edgar/data/105319/000119312526385911/0001193125-26-385911-index.htm,EX-10.1,EX-10.1,https://www.sec.gov/Archives/edgar/data/105319/000119312526385911/d172124dex101.htm,False,
WW,2026-09-09 00:00:00,https://www.sec.gov/Archives/edgar/data/105319/000119312526385911/0001193125-26-385911-index.htm,EX-99.1,EX-99.1,https://www.sec.gov/Archives/edgar/data/105319/000119312526385911/d172124dex991.htm,False,
BTU,2026-09-09 00:00:00,https://www.sec.gov/Archives/edgar/data/1064728/000106472826000061/0001064728-26-000061-index.htm,8-K,8-K,https://www.sec.gov/Archives/edgar/data/1064728/000106472826000061/btu-20260909.htm,False,
BTU,2026-09-09 00:00:00,https://www.sec.gov/Archives/edgar/data/1064728/000106472826000061/0001064728-26-000061-index.htm,EX-99.1,EX-99.1,https://www.sec.gov/Archives/edgar/data/1064728/000106472826000061/peabody_investorxpresent.htm,True,
CTGO,2026-09-09 00:00:00,https://www.sec.gov/Archives/edgar/data/1502377/000119312526385909/0001193125-26-385909-index.htm,8-K,8-K,https://www.sec.gov/Archives/edgar/data/1502377/000119312526385909/ctgo-20260908.htm,False,
CTGO,2026-09-09 00:00:00,https://www.sec.gov/Archives/edgar/data/1502377/000119312526385909/0001193125-26-385909-index.htm,EX-99.1,EX-99.1,https://www.sec.gov/Archives/edgar/data/1502377/000119312526385909/ctgo-ex99_1.htm,False,
IVDA,2026-09-09 00:00:00,https://www.sec.gov/Archives/edgar/data/1397183/000149315226041878/0001493152-26-041878-index.htm,8-K,8-K,https://www.sec.gov/Archives/edgar/data/1397183/000149315226041878/form8-k.htm,False,
IVDA,2026-09-09 00:00:00,https://www.sec.gov/Archives/edgar/data/1397183/000149315226041878/0001493152-26-041878-index.htm,EX-99.1,EX-99.1,https://www.sec.gov/Archives/edgar/data/1397183/000149315226041878/ex99-1.htm,False,
IVDAW,2026-09-09 00:00:00,https://www.sec.gov/Archives/edgar/data/1397183/000149315226041878/0001493152-26-041878-index.htm,8-K,8-K,https://www.sec.gov/Archives/edgar/data/1397183/000149315226041878/form8-k.htm,False,
IVDAW,2026-09-09 00:00:00,https://www.sec.gov/Archives/edgar/data/1397183/000149315226041878/0001493152-26-041878-index.htm,EX-99.1,EX-99.1,https://www.sec.gov/Archives/edgar/data/1397183/000149315226041878/ex99-1.htm,False,
COCP,2026-09-09 00:00:00,https://www.sec.gov/Archives/edgar/data/1412486/000149315226041877/0001493152-26-041877-index.htm,8-K,8-K,https://www.sec.gov/Archives/edgar/data/1412486/000149315226041877/form8-k.htm,False,
COCP,2026-09-09 00:00:00,https://www.sec.gov/Archives/edgar/data/1412486/000149315226041877/0001493152-26-041877-index.htm,EX-99.1,EX-99.1,https://www.sec.gov/Archives/edgar/data/1412486/000149315226041877/ex99-1.htm,False,
LMFA,2026-09-09 00:00:00,https://www.sec.gov/Archives/edgar/data/1640384/000119312526385908/0001193125-26-385908-index.htm,8-K,8-K,https://www.sec.gov/Archives/edgar/data/1640384/000119312526385908/lmfa-20260909.htm,False,
LMFA,2026-09-09 00:00:00,https://www.sec.gov/Archives/edgar/data/1640384/000119312526385908/0001193125-26-385908-index.htm,EX-99.1,EX-99.1,https://www.sec.gov/Archives/edgar/data/1640384/000119312526385908/lmfa-ex99_1.htm,False,
TENX,2026-09-09 00:00:00,https://www.sec.gov/Archives/edgar/data/34956/000119312526385910/0001193125-26-385910-index.htm,8-K,8-K,https://www.sec.gov/Archives/edgar/data/34956/000119312526385910/d43255d8k.htm,False,
TENX,2026-09-09 00:00:00,https://www.sec.gov/Archives/edgar/data/34956/000119312526385910/0001193125-26-385910-index.htm,EX-99.1,EX-99.1,https://www.sec.gov/Archives/edgar/data/34956/000119312526385910/d43255dex991.htm,False,
LXU,2026-09-09 00:00:00,https://www.sec.gov/Archives/edgar/data/60714/000119312526385906/0001193125-26-385906-index.htm,8-K,8-K,https://www.sec.gov/Archives/edgar/data/60714/000119312526385906/lxu-20260909.htm,False,
LXU,2026-09-09 00:00:00,https://www.sec.gov/Archives/edgar/data/60714/000119312526385906/0001193125-26-385906-index.htm,EX-99.1,EX-99.1,https://www.sec.gov/Archives/edgar/data/60714/000119312526385906/lxu-ex99_1.htm,True,
CAL,2026-09-09 00:00:00,https://www.sec.gov/Archives/edgar/data/14707/000001470726000138/0000014707-26-000138-index.htm,8-K,8-K,https://www.sec.gov/Archives/edgar/data/14707/000001470726000138/cal-20260909x8k.htm,False,
CAL,2026-09-09 00:00:00,https://www.sec.gov/Archives/edgar/data/14707/000001470726000138/0000014707-26-000138-index.htm,EX-99.1,EX-99.1,https://www.sec.gov/Archives/edgar/data/14707/000001470726000138/cal-20260909xex99d1.htm,True,
SER,2026-09-09 00:00:00,https://www.sec.gov/Archives/edgar/data/1708599/000170859926000054/0001708599-26-000054-index.htm,8-K,8-K,https://www.sec.gov/Archives/edgar/data/1708599/000170859926000054/ser-20260909.htm,False,
SER,2026-09-09 00:00:00,https://www.sec.gov/Archives/edgar/data/1708599/000170859926000054/0001708599-26-000054-index.htm,EX-99.1,EX-99.1,https://www.sec.gov/Archives/edgar/data/1708599/000170859926000054/cohort1pr09032026_sredits.htm,False,
AGE,2026-09-09 00:00:00,https://www.sec.gov/Archives/edgar/data/1708599/000170859926000054/0001708599-26-000054-index.htm,8-K,8-K,https://www.sec.gov/Archives/edgar/data/1708599/000170859926000054/ser-20260909.htm,False,
AGE,2026-09-09 00:00:00,https://www.sec.gov/Archives/edgar/data/1708599/000170859926000054/0001708599-26-000054-index.htm,EX-99.1,EX-99.1,https://www.sec.gov/Archives/edgar/data/1708599/000170859926000054/cohort1pr09032026_sredits.htm,False,
DSACU,2026-09-09 00:00:00,https://www.sec.gov/Archives/edgar/data/2082149/000121390026098215/0001213900-26-098215-index.htm,8-K,CURRENT REPORT,https://www.sec.gov/Archives/edgar/data/2082149/000121390026098215/ea0304929-8k_daedalus.htm,False,
DSACU,2026-09-09 00:00:00,https://www.sec.gov/Archives/edgar/data/2082149/000121390026098215/0001213900-26-098215-index.htm,EX-99.1,"PRESS RELEASE DATED SEPTEMBER 8, 2026",https://www.sec.gov/Archives/edgar/data/2082149/000121390026098215/ea030492901ex99-1.htm,False,
DSAC,2026-09-09 00:00:00,https://www.sec.gov/Archives/edgar/data/2082149/000121390026098215/0001213900-26-098215-index.htm,8-K,CURRENT REPORT,https://www.sec.gov/Archives/edgar/data/2082149/000121390026098215/ea0304929-8k_daedalus.htm,False,
DSAC,2026-09-09 00:00:00,https://www.sec.gov/Archives/edgar/data/2082149/000121390026098215/0001213900-26-098215-index.htm,EX-99.1,"PRESS RELEASE DATED SEPTEMBER 8, 2026",https://www.sec.gov/Archives/edgar/data/2082149/000121390026098215/ea030492901ex99-1.htm,False,
PYXS,2026-09-09 00:00:00,https://www.sec.gov/Archives/edgar/data/1782223/000119312526385901/0001193125-26-385901-index.htm,8-K,8-K,https://www.sec.gov/Archives/edgar/data/1782223/000119312526385901/pyxs-20260909.htm,False,
PYXS,2026-09-09 00:00:00,https://www.sec.gov/Archives/edgar/data/1782223/000119312526385901/0001193125-26-385901-index.htm,EX-99.1,EX-99.1,https://www.sec.gov/Archives/edgar/data/1782223/000119312526385901/pyxs-ex99_1.htm,False,
PPIH,2026-09-09 00:00:00,https://www.sec.gov/Archives/edgar/data/914122/000143774926029909/0001437749-26-029909-index.htm,8-K,FORM 8-K,https://www.sec.gov/Archives/edgar/data/914122/000143774926029909/ppih20260612_8k.htm,False,
PPIH,2026-09-09 00:00:00,https://www.sec.gov/Archives/edgar/data/914122/000143774926029909/0001437749-26-029909-index.htm,EX-99.1,EXHIBIT 99.1,https://www.sec.gov/Archives/edgar/data/914122/000143774926029909/ex_976465.htm,True,
RXO,2026-09-09 00:00:00,https://www.sec.gov/Archives/edgar/data/1929561/000192956126000041/0001929561-26-000041-index.htm,8-K,8-K,https://www.sec.gov/Archives/edgar/data/1929561/000192956126000041/rxo-20260909.htm,False,
RXO,2026-09-09 00:00:00,https://www.sec.gov/Archives/edgar/data/1929561/000192956126000041/0001929561-26-000041-index.htm,EX-99.1,EX-99.1,https://www.sec.gov/Archives/edgar/data/1929561/000192956126000041/rxo2026q3brokeragepressrel.htm,False,
RNN,2026-09-09 00:00:00,https://www.sec.gov/Archives/edgar/data/1228627/000114036126035979/0001140361-26-035979-index.htm,8-K,8-K,https://www.sec.gov/Archives/edgar/data/1228627/000114036126035979/ef20081753_8k.htm,False,
RNN,2026-09-09 00:00:00,https://www.sec.gov/Archives/edgar/data/1228627/000114036126035979/0001140361-26-035979-index.htm,EX-99.1,EXHIBIT 99.1,https://www.sec.gov/Archives/edgar/data/1228627/000114036126035979/ef20081753_ex99-1.htm,False,
OCUP,2026-09-09 00:00:00,https://www.sec.gov/Archives/edgar/data/1228627/000114036126035979/0001140361-26-035979-index.htm,8-K,8-K,https://www.sec.gov/Archives/edgar/data/1228627/000114036126035979/ef20081753_8k.htm,False,
OCUP,2026-09-09 00:00:00,https://www.sec.gov/Archives/edgar/data/1228627/000114036126035979/0001140361-26-035979-index.htm,EX-99.1,EXHIBIT 99.1,https://www.sec.gov/Archives/edgar/data/1228627/000114036126035979/ef20081753_ex99-1.htm,False,
IRD,2026-09-09 00:00:00,https://www.sec.gov/Archives/edgar/data/1228627/000114036126035979/0001140361-26-035979-index.htm,8-K,8-K,https://www.sec.gov/Archives/edgar/data/1228627/000114036126035979/ef20081753_8k.htm,False,
IRD,2026-09-09 00:00:00,https://www.sec.gov/Archives/edgar/data/1228627/000114036126035979/0001140361-26-035979-index.htm,EX-99.1,EXHIBIT 99.1,https://www.sec.gov/Archives/edgar/data/1228627/000114036126035979/ef20081753_ex99-1.htm,False,
SLNHP,2026-09-09 00:00:00,https://www.sec.gov/Archives/edgar/data/64463/000149315226041870/0001493152-26-041870-index.htm,8-K,8-K,https://www.sec.gov/Archives/edgar/data/64463/000149315226041870/form8-k.htm,False,
SLNHP,2026-09-09 00:00:00,https://www.sec.gov/Archives/edgar/data/64463/000149315226041870/0001493152-26-041870-index.htm,EX-99.1,EX-99.1,https://www.sec.gov/Archives/edgar/data/64463/000149315226041870/ex99-1.htm,False,
SLNH,2026-09-09 00:00:00,https://www.sec.gov/Archives/edgar/data/64463/000149315226041870/0001493152-26-041870-index.htm,8-K,8-K,https://www.sec.gov/Archives/edgar/data/64463/000149315226041870/form8-k.htm,False,
SLNH,2026-09-09 00:00:00,https://www.sec.gov/Archives/edgar/data/64463/000149315226041870/0001493152-26-041870-index.htm,EX-99.1,EX-99.1,https://www.sec.gov/Archives/edgar/data/64463/000149315226041870/ex99-1.htm,False,
MKTY,2026-09-09 00:00:00,https://www.sec.gov/Archives/edgar/data/64463/000149315226041870/0001493152-26-041870-index.htm,8-K,8-K,https://www.sec.gov/Archives/edgar/data/64463/000149315226041870/form8-k.htm,False,
MKTY,2026-09-09 00:00:00,https://www.sec.gov/Archives/edgar/data/64463/000149315226041870/0001493152-26-041870-index.htm,EX-99.1,EX-99.1,https://www.sec.gov/Archives/edgar/data/64463/000149315226041870/ex99-1.htm,False,
IXHL,2026-09-09 00:00:00,https://www.sec.gov/Archives/edgar/data/1873875/000121390026098213/0001213900-26-098213-index.htm,8-K,CURRENT REPORT,https://www.sec.gov/Archives/edgar/data/1873875/000121390026098213/ea0304782-8k_incannex.htm,False,
IXHL,2026-09-09 00:00:00,https://www.sec.gov/Archives/edgar/data/1873875/000121390026098213/0001213900-26-098213-index.htm,EX-99.1,"PRESS RELEASE DATED AS OF SEPTEMBER 9, 2026",https://www.sec.gov/Archives/edgar/data/1873875/000121390026098213/ea030478201ex99-1.htm,False,
CNM,2026-09-09 00:00:00,https://www.sec.gov/Archives/edgar/data/1856525/000185652526000091/0001856525-26-000091-index.htm,8-K,8-K,https://www.sec.gov/Archives/edgar/data/1856525/000185652526000091/cnm-20260909.htm,False,
CNM,2026-09-09 00:00:00,https://www.sec.gov/Archives/edgar/data/1856525/000185652526000091/0001856525-26-000091-index.htm,EX-99.1,EX-99.1,https://www.sec.gov/Archives/edgar/data/1856525/000185652526000091/cnmq22026earningspressrele.htm,True,
PHGE-UN,2026-09-09 00:00:00,https://www.sec.gov/Archives/edgar/data/1739174/000121390026098212/0001213900-26-098212-index.htm,8-K,CURRENT REPORT,https://www.sec.gov/Archives/edgar/data/1739174/000121390026098212/ea0304935-8k_biomx.htm,False,
PHGE,2026-09-09 00:00:00,https://www.sec.gov/Archives/edgar/data/1739174/000121390026098212/0001213900-26-098212-index.htm,8-K,CURRENT REPORT,https://www.sec.gov/Archives/edgar/data/1739174/000121390026098212/ea0304935-8k_biomx.htm,False,
PHGE-WT,2026-09-09 00:00:00,https://www.sec.gov/Archives/edgar/data/1739174/000121390026098212/0001213900-26-098212-index.htm,8-K,CURRENT REPORT,https://www.sec.gov/Archives/edgar/data/1739174/000121390026098212/ea0304935-8k_biomx.htm,False,
DXLG,2026-09-09 00:00:00,https://www.sec.gov/Archives/edgar/data/813298/000119312526385888/0001193125-26-385888-index.htm,8-K,8-K,https://www.sec.gov/Archives/edgar/data/813298/000119312526385888/dxlg-20260909.htm,False,
DXLG,2026-09-09 00:00:00,https://www.sec.gov/Archives/edgar/data/813298/000119312526385888/0001193125-26-385888-index.htm,EX-99.1,EX-99.1,https://www.sec.gov/Archives/edgar/data/813298/000119312526385888/dxlg-ex99_1.htm,False,
FTK,2026-09-09 00:00:00,https://www.sec.gov/Archives/edgar/data/928054/000092805426000087/0000928054-26-000087-index.htm,8-K,8-K,https://www.sec.gov/Archives/edgar/data/928054/000092805426000087/ftk-20260909.htm,False,
FTK,2026-09-09 00:00:00,https://www.sec.gov/Archives/edgar/data/928054/000092805426000087/0000928054-26-000087-index.htm,EX-99.1,EX-99.1,https://www.sec.gov/Archives/edgar/data/928054/000092805426000087/ex991-guidanceupdatesept20.htm,False,
None,2026-09-09 00:00:00,https://www.sec.gov/Archives/edgar/data/2030781/000162828026061015/0001628280-26-061015-index.htm,8-K,8-K,https://www.sec.gov/Archives/edgar/data/2030781/000162828026061015/sail-20260909.htm,False,
None,2026-09-09 00:00:00,https://www.sec.gov/Archives/edgar/data/2030781/000162828026061015/0001628280-26-061015-index.htm,EX-99.1,EX-99.1,https://www.sec.gov/Archives/edgar/data/2030781/000162828026061015/sailpointinc-20260731x991x.htm,True,
TYRA,2026-09-09 00:00:00,https://www.sec.gov/Archives/edgar/data/1863127/000119312526385886/0001193125-26-385886-index.htm,8-K,8-K,https://www.sec.gov/Archives/edgar/data/1863127/000119312526385886/d167841d8k.htm,False,
SUNB,2026-09-09 00:00:00,https://www.sec.gov/Archives/edgar/data/2083785/000162828026061014/0001628280-26-061014-index.htm,8-K,8-K,https://www.sec.gov/Archives/edgar/data/2083785/000162828026061014/snblt-20260909.htm,False,
SUNB,2026-09-09 00:00:00,https://www.sec.gov/Archives/edgar/data/2083785/000162828026061014/0001628280-26-061014-index.htm,EX-99.1,EX-99.1,https://www.sec.gov/Archives/edgar/data/2083785/000162828026061014/sunbeltpressrelease-q1fy27.htm,False,
KURA,2026-09-09 00:00:00,https://www.sec.gov/Archives/edgar/data/1422143/000119312526385881/0001193125-26-385881-index.htm,8-K,8-K,https://www.sec.gov/Archives/edgar/data/1422143/000119312526385881/d496500d8k.htm,False,
CHWY,2026-09-09 00:00:00,https://www.sec.gov/Archives/edgar/data/1766502/000162828026061011/0001628280-26-061011-index.htm,8-K,8-K,https://www.sec.gov/Archives/edgar/data/1766502/000162828026061011/chwy-20260909.htm,False,
CHWY,2026-09-09 00:00:00,https://www.sec.gov/Archives/edgar/data/1766502/000162828026061011/0001628280-26-061011-index.htm,EX-99.1,EX-99.1,https://www.sec.gov/Archives/edgar/data/1766502/000162828026061011/chwyq22026exhibit991.htm,False,
NVCR,2026-09-09 00:00:00,https://www.sec.gov/Archives/edgar/data/1645113/000164511326000068/0001645113-26-000068-index.htm,8-K,8-K,https://www.sec.gov/Archives/edgar/data/1645113/000164511326000068/nvcr-20260902.htm,False,
LIDRW,2026-09-09 00:00:00,https://www.sec.gov/Archives/edgar/data/1818644/000121390026098204/0001213900-26-098204-index.htm,8-K,CURRENT REPORT,https://www.sec.gov/Archives/edgar/data/1818644/000121390026098204/ea0304926-8k_aeye.htm,False,
LIDRW,2026-09-09 00:00:00,https://www.sec.gov/Archives/edgar/data/1818644/000121390026098204/0001213900-26-098204-index.htm,EX-99.1,"STOCKHOLDER LETTER DATED SEPTEMBER 9, 2026",https://www.sec.gov/Archives/edgar/data/1818644/000121390026098204/ea030492601ex99-1.htm,False,
LIDR,2026-09-09 00:00:00,https://www.sec.gov/Archives/edgar/data/1818644/000121390026098204/0001213900-26-098204-index.htm,8-K,CURRENT REPORT,https://www.sec.gov/Archives/edgar/data/1818644/000121390026098204/ea0304926-8k_aeye.htm,False,
LIDR,2026-09-09 00:00:00,https://www.sec.gov/Archives/edgar/data/1818644/000121390026098204/0001213900-26-098204-index.htm,EX-99.1,"STOCKHOLDER LETTER DATED SEPTEMBER 9, 2026",https://www.sec.gov/Archives/edgar/data/1818644/000121390026098204/ea030492601ex99-1.htm,False,
CFACU,2026-09-09 00:00:00,https://www.sec.gov/Archives/edgar/data/1818644/000121390026098204/0001213900-26-098204-index.htm,8-K,CURRENT REPORT,https://www.sec.gov/Archives/edgar/data/1818644/000121390026098204/ea0304926-8k_aeye.htm,False,
CFACU,2026-09-09 00:00:00,https://www.sec.gov/Archives/edgar/data/1818644/000121390026098204/0001213900-26-098204-index.htm,EX-99.1,"STOCKHOLDER LETTER DATED SEPTEMBER 9, 2026",https://www.sec.gov/Archives/edgar/data/1818644/000121390026098204/ea030492601ex99-1.htm,False,
SIG,2026-09-09 00:00:00,https://www.sec.gov/Archives/edgar/data/832988/000083298826000227/0000832988-26-000227-index.htm,8-K,8-K,https://www.sec.gov/Archives/edgar/data/832988/000083298826000227/sig-20260904.htm,True,
SIG,2026-09-09 00:00:00,https://www.sec.gov/Archives/edgar/data/832988/000083298826000227/0000832988-26-000227-index.htm,EX-99.1,EX-99.1,https://www.sec.gov/Archives/edgar/data/832988/000083298826000227/fy27ex99109x09x26pressrele.htm,True,
KFY,2026-09-09 00:00:00,https://www.sec.gov/Archives/edgar/data/56679/000005667926000029/0000056679-26-000029-index.htm,8-K,8-K,https://www.sec.gov/Archives/edgar/data/56679/000005667926000029/kfy-20260909.htm,False,
KFY,2026-09-09 00:00:00,https://www.sec.gov/Archives/edgar/data/56679/000005667926000029/0000056679-26-000029-index.htm,EX-99.1,EX-99.1,https://www.sec.gov/Archives/edgar/data/56679/000005667926000029/kfy-20260731xex991q1fy27.htm,False,
None,2026-09-09 00:00:00,https://www.sec.gov/Archives/edgar/data/2070457/000121390026098200/0001213900-26-098200-index.htm,8-K,CURRENT REPORT,https://www.sec.gov/Archives/edgar/data/2070457/000121390026098200/ea0304719-8k_twenty.htm,False,
None,2026-09-09 00:00:00,https://www.sec.gov/Archives/edgar/data/2070457/000121390026098200/0001213900-26-098200-index.htm,EX-10.1,"INDEPENDENT DIRECTOR AGREEMENT BETWEEN THE COMPANY AND DAVID J. GOLDSCHMIDT, DAT",https://www.sec.gov/Archives/edgar/data/2070457/000121390026098200/ea030471901ex10-1.htm,False,
IRT,2026-09-09 00:00:00,https://www.sec.gov/Archives/edgar/data/1466085/000143774926029903/0001437749-26-029903-index.htm,8-K,FORM 8-K,https://www.sec.gov/Archives/edgar/data/1466085/000143774926029903/irt20260909c_8k.htm,True,
IRT,2026-09-09 00:00:00,https://www.sec.gov/Archives/edgar/data/1466085/000143774926029903/0001437749-26-029903-index.htm,EX-99.1,EXHIBIT 99.1,https://www.sec.gov/Archives/edgar/data/1466085/000143774926029903/ex_1014243.htm,False,
JMKE,2026-09-09 00:00:00,https://www.sec.gov/Archives/edgar/data/2127043/000212704326000008/0002127043-26-000008-index.htm,8-K,8-K,https://www.sec.gov/Archives/edgar/data/2127043/000212704326000008/jmke-20260909.htm,False,
JMKE,2026-09-09 00:00:00,https://www.sec.gov/Archives/edgar/data/2127043/000212704326000008/0002127043-26-000008-index.htm,EX-99.1,EX-99.1,https://www.sec.gov/Archives/edgar/data/2127043/000212704326000008/q22026earningsrelease.htm,False,
JILL,2026-09-09 00:00:00,https://www.sec.gov/Archives/edgar/data/1687932/000119312526385874/0001193125-26-385874-index.htm,8-K,8-K,https://www.sec.gov/Archives/edgar/data/1687932/000119312526385874/jill-20260909.htm,False,
JILL,2026-09-09 00:00:00,https://www.sec.gov/Archives/edgar/data/1687932/000119312526385874/0001193125-26-385874-index.htm,EX-99.1,EX-99.1,https://www.sec.gov/Archives/edgar/data/1687932/000119312526385874/jill-ex99_1.htm,False,
AVAT,2026-09-09 00:00:00,https://www.sec.gov/Archives/edgar/data/2092446/000110465926106101/0001104659-26-106101-index.htm,8-K,FORM 8-K,https://www.sec.gov/Archives/edgar/data/2092446/000110465926106101/tm2625032d1_8k.htm,False,
AVAT,2026-09-09 00:00:00,https://www.sec.gov/Archives/edgar/data/2092446/000110465926106101/0001104659-26-106101-index.htm,EX-10.1,EXHIBIT 10.1,https://www.sec.gov/Archives/edgar/data/2092446/000110465926106101/tm2625032d1_ex10-1.htm,False,
AVAT,2026-09-09 00:00:00,https://www.sec.gov/Archives/edgar/data/2092446/000110465926106101/0001104659-26-106101-index.htm,EX-10.2,EXHIBIT 10.2,https://www.sec.gov/Archives/edgar/data/2092446/000110465926106101/tm2625032d1_ex10-2.htm,False,
ACI,2026-09-09 00:00:00,https://www.sec.gov/Archives/edgar/data/1646972/000164697226000054/0001646972-26-000054-index.htm,8-K,8-K,https://www.sec.gov/Archives/edgar/data/1646972/000164697226000054/aci-20260908.htm,False,
ACI,2026-09-09 00:00:00,https://www.sec.gov/Archives/edgar/data/1646972/000164697226000054/0001646972-26-000054-index.htm,EX-99.1,EX-99.1,https://www.sec.gov/Archives/edgar/data/1646972/000164697226000054/ex991-pressreleasebod.htm,False,
CC,2026-09-09 00:00:00,https://www.sec.gov/Archives/edgar/data/1627223/000162722326000027/0001627223-26-000027-index.htm,8-K,8-K,https://www.sec.gov/Archives/edgar/data/1627223/000162722326000027/cc-20260908.htm,False,
CC,2026-09-09 00:00:00,https://www.sec.gov/Archives/edgar/data/1627223/000162722326000027/0001627223-26-000027-index.htm,EX-99.1,EX-99.1,https://www.sec.gov/Archives/edgar/data/1627223/000162722326000027/cc-ex99_1.htm,True,
SYY,2026-09-09 00:00:00,https://www.sec.gov/Archives/edgar/data/96021/000095014226002525/0000950142-26-002525-index.htm,8-K,FORM 8-K,https://www.sec.gov/Archives/edgar/data/96021/000095014226002525/eh260827503_8k.htm,False,
SYY,2026-09-09 00:00:00,https://www.sec.gov/Archives/edgar/data/96021/000095014226002525/0000950142-26-002525-index.htm,EX-99.1,EXHIBIT 99.1,https://www.sec.gov/Archives/edgar/data/96021/000095014226002525/eh260827503_ex9901.htm,False,
PSTL,2026-09-09 00:00:00,https://www.sec.gov/Archives/edgar/data/1759774/000162828026060996/0001628280-26-060996-index.htm,8-K,8-K,https://www.sec.gov/Archives/edgar/data/1759774/000162828026060996/pstl-20260904.htm,False,
AITXD,2026-09-09 00:00:00,https://www.sec.gov/Archives/edgar/data/1498148/000106299326004859/0001062993-26-004859-index.htm,8-K,FORM 8-K,https://www.sec.gov/Archives/edgar/data/1498148/000106299326004859/form8k.htm,False,
AITXD,2026-09-09 00:00:00,https://www.sec.gov/Archives/edgar/data/1498148/000106299326004859/0001062993-26-004859-index.htm,EX-99.1,EXHIBIT 99.1,https://www.sec.gov/Archives/edgar/data/1498148/000106299326004859/exhibit99-1.htm,False,
AITX,2026-09-09 00:00:00,https://www.sec.gov/Archives/edgar/data/1498148/000106299326004859/0001062993-26-004859-index.htm,8-K,FORM 8-K,https://www.sec.gov/Archives/edgar/data/1498148/000106299326004859/form8k.htm,False,
AITX,2026-09-09 00:00:00,https://www.sec.gov/Archives/edgar/data/1498148/000106299326004859/0001062993-26-004859-index.htm,EX-99.1,EXHIBIT 99.1,https://www.sec.gov/Archives/edgar/data/1498148/000106299326004859/exhibit99-1.htm,False,
None,2026-09-09 00:00:00,https://www.sec.gov/Archives/edgar/data/1938570/000119312526385826/0001193125-26-385826-index.htm,8-K,8-K,https://www.sec.gov/Archives/edgar/data/1938570/000119312526385826/d162976d8k.htm,True,
None,2026-09-09 00:00:00,https://www.sec.gov/Archives/edgar/data/1938570/000119312526385826/0001193125-26-385826-index.htm,EX-10.1,EX-10.1,https://www.sec.gov/Archives/edgar/data/1938570/000119312526385826/d162976dex101.htm,False,
None,2026-09-09 00:00:00,https://www.sec.gov/Archives/edgar/data/1938570/000119312526385826/0001193125-26-385826-index.htm,EX-10.2,EX-10.2,https://www.sec.gov/Archives/edgar/data/1938570/000119312526385826/d162976dex102.htm,False,
None,2026-09-09 00:00:00,https://www.sec.gov/Archives/edgar/data/1938570/000119312526385826/0001193125-26-385826-index.htm,EX-99.1,EX-99.1,https://www.sec.gov/Archives/edgar/data/1938570/000119312526385826/d162976dex991.htm,False,
BKR,2026-09-09 00:00:00,https://www.sec.gov/Archives/edgar/data/1701605/000119312526385823/0001193125-26-385823-index.htm,8-K,8-K,https://www.sec.gov/Archives/edgar/data/1701605/000119312526385823/d539011d8k.htm,False,
BKR,2026-09-09 00:00:00,https://www.sec.gov/Archives/edgar/data/1701605/000119312526385823/0001193125-26-385823-index.htm,EX-99.1,EX-99.1,https://www.sec.gov/Archives/edgar/data/1701605/000119312526385823/d539011dex991.htm,False,
