symbol,filingDate,filing_detail_url,document_type,document_description,document_url,matched,error
IPEXU,2026-08-31 00:00:00,https://www.sec.gov/Archives/edgar/data/2028355/000121390026095807/0001213900-26-095807-index.htm,8-K,CURRENT REPORT,https://www.sec.gov/Archives/edgar/data/2028355/000121390026095807/ea0303966-8k425_inflection5.htm,True,
IPEXU,2026-08-31 00:00:00,https://www.sec.gov/Archives/edgar/data/2028355/000121390026095807/0001213900-26-095807-index.htm,EX-10.1,"AMENDMENT TO SPAC HOLDERS SUPPORT AGREEMENT, DATED AS OF AUGUST 31, 2026, BY AND",https://www.sec.gov/Archives/edgar/data/2028355/000121390026095807/ea030396601ex10-1.htm,False,
IPEXU,2026-08-31 00:00:00,https://www.sec.gov/Archives/edgar/data/2028355/000121390026095807/0001213900-26-095807-index.htm,EX-10.2,"AMENDMENT TO AMENDED AND RESTATED LETTER AGREEMENT, DATED AS OF AUGUST 31, 2026,",https://www.sec.gov/Archives/edgar/data/2028355/000121390026095807/ea030396601ex10-2.htm,False,
IPEX,2026-08-31 00:00:00,https://www.sec.gov/Archives/edgar/data/2028355/000121390026095807/0001213900-26-095807-index.htm,8-K,CURRENT REPORT,https://www.sec.gov/Archives/edgar/data/2028355/000121390026095807/ea0303966-8k425_inflection5.htm,True,
IPEX,2026-08-31 00:00:00,https://www.sec.gov/Archives/edgar/data/2028355/000121390026095807/0001213900-26-095807-index.htm,EX-10.1,"AMENDMENT TO SPAC HOLDERS SUPPORT AGREEMENT, DATED AS OF AUGUST 31, 2026, BY AND",https://www.sec.gov/Archives/edgar/data/2028355/000121390026095807/ea030396601ex10-1.htm,False,
IPEX,2026-08-31 00:00:00,https://www.sec.gov/Archives/edgar/data/2028355/000121390026095807/0001213900-26-095807-index.htm,EX-10.2,"AMENDMENT TO AMENDED AND RESTATED LETTER AGREEMENT, DATED AS OF AUGUST 31, 2026,",https://www.sec.gov/Archives/edgar/data/2028355/000121390026095807/ea030396601ex10-2.htm,False,
MAYAR,2026-08-31 00:00:00,https://www.sec.gov/Archives/edgar/data/2028355/000121390026095807/0001213900-26-095807-index.htm,8-K,CURRENT REPORT,https://www.sec.gov/Archives/edgar/data/2028355/000121390026095807/ea0303966-8k425_inflection5.htm,True,
MAYAR,2026-08-31 00:00:00,https://www.sec.gov/Archives/edgar/data/2028355/000121390026095807/0001213900-26-095807-index.htm,EX-10.1,"AMENDMENT TO SPAC HOLDERS SUPPORT AGREEMENT, DATED AS OF AUGUST 31, 2026, BY AND",https://www.sec.gov/Archives/edgar/data/2028355/000121390026095807/ea030396601ex10-1.htm,False,
MAYAR,2026-08-31 00:00:00,https://www.sec.gov/Archives/edgar/data/2028355/000121390026095807/0001213900-26-095807-index.htm,EX-10.2,"AMENDMENT TO AMENDED AND RESTATED LETTER AGREEMENT, DATED AS OF AUGUST 31, 2026,",https://www.sec.gov/Archives/edgar/data/2028355/000121390026095807/ea030396601ex10-2.htm,False,
MAYA,2026-08-31 00:00:00,https://www.sec.gov/Archives/edgar/data/2028355/000121390026095807/0001213900-26-095807-index.htm,8-K,CURRENT REPORT,https://www.sec.gov/Archives/edgar/data/2028355/000121390026095807/ea0303966-8k425_inflection5.htm,True,
MAYA,2026-08-31 00:00:00,https://www.sec.gov/Archives/edgar/data/2028355/000121390026095807/0001213900-26-095807-index.htm,EX-10.1,"AMENDMENT TO SPAC HOLDERS SUPPORT AGREEMENT, DATED AS OF AUGUST 31, 2026, BY AND",https://www.sec.gov/Archives/edgar/data/2028355/000121390026095807/ea030396601ex10-1.htm,False,
MAYA,2026-08-31 00:00:00,https://www.sec.gov/Archives/edgar/data/2028355/000121390026095807/0001213900-26-095807-index.htm,EX-10.2,"AMENDMENT TO AMENDED AND RESTATED LETTER AGREEMENT, DATED AS OF AUGUST 31, 2026,",https://www.sec.gov/Archives/edgar/data/2028355/000121390026095807/ea030396601ex10-2.htm,False,
IPEXR,2026-08-31 00:00:00,https://www.sec.gov/Archives/edgar/data/2028355/000121390026095807/0001213900-26-095807-index.htm,8-K,CURRENT REPORT,https://www.sec.gov/Archives/edgar/data/2028355/000121390026095807/ea0303966-8k425_inflection5.htm,True,
IPEXR,2026-08-31 00:00:00,https://www.sec.gov/Archives/edgar/data/2028355/000121390026095807/0001213900-26-095807-index.htm,EX-10.1,"AMENDMENT TO SPAC HOLDERS SUPPORT AGREEMENT, DATED AS OF AUGUST 31, 2026, BY AND",https://www.sec.gov/Archives/edgar/data/2028355/000121390026095807/ea030396601ex10-1.htm,False,
IPEXR,2026-08-31 00:00:00,https://www.sec.gov/Archives/edgar/data/2028355/000121390026095807/0001213900-26-095807-index.htm,EX-10.2,"AMENDMENT TO AMENDED AND RESTATED LETTER AGREEMENT, DATED AS OF AUGUST 31, 2026,",https://www.sec.gov/Archives/edgar/data/2028355/000121390026095807/ea030396601ex10-2.htm,False,
MAYAU,2026-08-31 00:00:00,https://www.sec.gov/Archives/edgar/data/2028355/000121390026095807/0001213900-26-095807-index.htm,8-K,CURRENT REPORT,https://www.sec.gov/Archives/edgar/data/2028355/000121390026095807/ea0303966-8k425_inflection5.htm,True,
MAYAU,2026-08-31 00:00:00,https://www.sec.gov/Archives/edgar/data/2028355/000121390026095807/0001213900-26-095807-index.htm,EX-10.1,"AMENDMENT TO SPAC HOLDERS SUPPORT AGREEMENT, DATED AS OF AUGUST 31, 2026, BY AND",https://www.sec.gov/Archives/edgar/data/2028355/000121390026095807/ea030396601ex10-1.htm,False,
MAYAU,2026-08-31 00:00:00,https://www.sec.gov/Archives/edgar/data/2028355/000121390026095807/0001213900-26-095807-index.htm,EX-10.2,"AMENDMENT TO AMENDED AND RESTATED LETTER AGREEMENT, DATED AS OF AUGUST 31, 2026,",https://www.sec.gov/Archives/edgar/data/2028355/000121390026095807/ea030396601ex10-2.htm,False,
DGII,2026-08-31 00:00:00,https://www.sec.gov/Archives/edgar/data/854775/000110465926103966/0001104659-26-103966-index.htm,8-K,FORM 8-K,https://www.sec.gov/Archives/edgar/data/854775/000110465926103966/tm2624262d1_8k.htm,True,
DGII,2026-08-31 00:00:00,https://www.sec.gov/Archives/edgar/data/854775/000110465926103966/0001104659-26-103966-index.htm,EX-10.1,EXHIBIT 10.1,https://www.sec.gov/Archives/edgar/data/854775/000110465926103966/tm2624262d1_ex10-1.htm,True,
DGII,2026-08-31 00:00:00,https://www.sec.gov/Archives/edgar/data/854775/000110465926103966/0001104659-26-103966-index.htm,EX-99.1,EXHIBIT 99.1,https://www.sec.gov/Archives/edgar/data/854775/000110465926103966/tm2624262d1_ex99-1.htm,True,
COLD,2026-08-31 00:00:00,https://www.sec.gov/Archives/edgar/data/1455863/000119312526377096/0001193125-26-377096-index.htm,8-K,8-K,https://www.sec.gov/Archives/edgar/data/1455863/000119312526377096/d176870d8k.htm,True,
COLD,2026-08-31 00:00:00,https://www.sec.gov/Archives/edgar/data/1455863/000119312526377096/0001193125-26-377096-index.htm,EX-10.1,EX-10.1,https://www.sec.gov/Archives/edgar/data/1455863/000119312526377096/d176870dex101.htm,False,
COLD,2026-08-31 00:00:00,https://www.sec.gov/Archives/edgar/data/1455863/000119312526377096/0001193125-26-377096-index.htm,EX-99.1,EX-99.1,https://www.sec.gov/Archives/edgar/data/1455863/000119312526377096/d176870dex991.htm,False,
HCWC,2026-08-31 00:00:00,https://www.sec.gov/Archives/edgar/data/1948864/000149315226040875/0001493152-26-040875-index.htm,8-K,8-K,https://www.sec.gov/Archives/edgar/data/1948864/000149315226040875/form8-k.htm,False,
NUKKW,2026-08-31 00:00:00,https://www.sec.gov/Archives/edgar/data/1787518/000118518526003774/0001185185-26-003774-index.htm,8-K,FORM 8-K,https://www.sec.gov/Archives/edgar/data/1787518/000118518526003774/dfns8k082626.htm,False,
NUKK,2026-08-31 00:00:00,https://www.sec.gov/Archives/edgar/data/1787518/000118518526003774/0001185185-26-003774-index.htm,8-K,FORM 8-K,https://www.sec.gov/Archives/edgar/data/1787518/000118518526003774/dfns8k082626.htm,False,
BRLIU,2026-08-31 00:00:00,https://www.sec.gov/Archives/edgar/data/1787518/000118518526003774/0001185185-26-003774-index.htm,8-K,FORM 8-K,https://www.sec.gov/Archives/edgar/data/1787518/000118518526003774/dfns8k082626.htm,False,
BRLIW,2026-08-31 00:00:00,https://www.sec.gov/Archives/edgar/data/1787518/000118518526003774/0001185185-26-003774-index.htm,8-K,FORM 8-K,https://www.sec.gov/Archives/edgar/data/1787518/000118518526003774/dfns8k082626.htm,False,
BRLIR,2026-08-31 00:00:00,https://www.sec.gov/Archives/edgar/data/1787518/000118518526003774/0001185185-26-003774-index.htm,8-K,FORM 8-K,https://www.sec.gov/Archives/edgar/data/1787518/000118518526003774/dfns8k082626.htm,False,
BRLI,2026-08-31 00:00:00,https://www.sec.gov/Archives/edgar/data/1787518/000118518526003774/0001185185-26-003774-index.htm,8-K,FORM 8-K,https://www.sec.gov/Archives/edgar/data/1787518/000118518526003774/dfns8k082626.htm,False,
None,2026-08-31 00:00:00,https://www.sec.gov/Archives/edgar/data/1918080/000121390026095806/0001213900-26-095806-index.htm,8-K,CURRENT REPORT,https://www.sec.gov/Archives/edgar/data/1918080/000121390026095806/ea0304084-8k_deep.htm,False,
TDW-WTB,2026-08-31 00:00:00,https://www.sec.gov/Archives/edgar/data/98222/000110465926103962/0001104659-26-103962-index.htm,8-K,FORM 8-K,https://www.sec.gov/Archives/edgar/data/98222/000110465926103962/tm2624097d1_8k.htm,True,
TDW-WTB,2026-08-31 00:00:00,https://www.sec.gov/Archives/edgar/data/98222/000110465926103962/0001104659-26-103962-index.htm,EX-99.1,EXHIBIT 99.1,https://www.sec.gov/Archives/edgar/data/98222/000110465926103962/tm2624097d1_ex99-1.htm,False,
TDW-WT,2026-08-31 00:00:00,https://www.sec.gov/Archives/edgar/data/98222/000110465926103962/0001104659-26-103962-index.htm,8-K,FORM 8-K,https://www.sec.gov/Archives/edgar/data/98222/000110465926103962/tm2624097d1_8k.htm,True,
TDW-WT,2026-08-31 00:00:00,https://www.sec.gov/Archives/edgar/data/98222/000110465926103962/0001104659-26-103962-index.htm,EX-99.1,EXHIBIT 99.1,https://www.sec.gov/Archives/edgar/data/98222/000110465926103962/tm2624097d1_ex99-1.htm,False,
TDGMW,2026-08-31 00:00:00,https://www.sec.gov/Archives/edgar/data/98222/000110465926103962/0001104659-26-103962-index.htm,8-K,FORM 8-K,https://www.sec.gov/Archives/edgar/data/98222/000110465926103962/tm2624097d1_8k.htm,True,
TDGMW,2026-08-31 00:00:00,https://www.sec.gov/Archives/edgar/data/98222/000110465926103962/0001104659-26-103962-index.htm,EX-99.1,EXHIBIT 99.1,https://www.sec.gov/Archives/edgar/data/98222/000110465926103962/tm2624097d1_ex99-1.htm,False,
TDW,2026-08-31 00:00:00,https://www.sec.gov/Archives/edgar/data/98222/000110465926103962/0001104659-26-103962-index.htm,8-K,FORM 8-K,https://www.sec.gov/Archives/edgar/data/98222/000110465926103962/tm2624097d1_8k.htm,True,
TDW,2026-08-31 00:00:00,https://www.sec.gov/Archives/edgar/data/98222/000110465926103962/0001104659-26-103962-index.htm,EX-99.1,EXHIBIT 99.1,https://www.sec.gov/Archives/edgar/data/98222/000110465926103962/tm2624097d1_ex99-1.htm,False,
TDW-WTA,2026-08-31 00:00:00,https://www.sec.gov/Archives/edgar/data/98222/000110465926103962/0001104659-26-103962-index.htm,8-K,FORM 8-K,https://www.sec.gov/Archives/edgar/data/98222/000110465926103962/tm2624097d1_8k.htm,True,
TDW-WTA,2026-08-31 00:00:00,https://www.sec.gov/Archives/edgar/data/98222/000110465926103962/0001104659-26-103962-index.htm,EX-99.1,EXHIBIT 99.1,https://www.sec.gov/Archives/edgar/data/98222/000110465926103962/tm2624097d1_ex99-1.htm,False,
TGEN,2026-08-31 00:00:00,https://www.sec.gov/Archives/edgar/data/1537435/000153743526000072/0001537435-26-000072-index.htm,8-K,8-K,https://www.sec.gov/Archives/edgar/data/1537435/000153743526000072/tgen-20260831.htm,False,
TGEN,2026-08-31 00:00:00,https://www.sec.gov/Archives/edgar/data/1537435/000153743526000072/0001537435-26-000072-index.htm,EX-99.1,EX-99.1,https://www.sec.gov/Archives/edgar/data/1537435/000153743526000072/tecogen-formoflockxupagree.htm,False,
None,2026-08-31 00:00:00,https://www.sec.gov/Archives/edgar/data/2051985/000121390026095802/0001213900-26-095802-index.htm,8-K,CURRENT REPORT,https://www.sec.gov/Archives/edgar/data/2051985/000121390026095802/ea0304091-8k425_iron2.htm,False,
None,2026-08-31 00:00:00,https://www.sec.gov/Archives/edgar/data/2051985/000121390026095802/0001213900-26-095802-index.htm,EX-99.1,"NEWSLETTER DATED AUGUST 31, 2026",https://www.sec.gov/Archives/edgar/data/2051985/000121390026095802/ea030409101ex99-1.htm,False,
ISPC,2026-08-31 00:00:00,https://www.sec.gov/Archives/edgar/data/1558569/000121390026095801/0001213900-26-095801-index.htm,8-K,CURRENT REPORT,https://www.sec.gov/Archives/edgar/data/1558569/000121390026095801/ea0303998-8k_ispecimen.htm,False,
ISPC,2026-08-31 00:00:00,https://www.sec.gov/Archives/edgar/data/1558569/000121390026095801/0001213900-26-095801-index.htm,EX-10.1,"INDEPENDENT CONTRACTOR AGREEMENT, DATED AUGUST 26, 2026, BY AND BETWEEN ISPECIME",https://www.sec.gov/Archives/edgar/data/1558569/000121390026095801/ea030399801ex10-1.htm,False,
CLAYU,2026-08-31 00:00:00,https://www.sec.gov/Archives/edgar/data/1855467/000149315226040870/0001493152-26-040870-index.htm,8-K,8-K,https://www.sec.gov/Archives/edgar/data/1855467/000149315226040870/form8-k.htm,False,
CLAYU,2026-08-31 00:00:00,https://www.sec.gov/Archives/edgar/data/1855467/000149315226040870/0001493152-26-040870-index.htm,EX-99.1,EX-99.1,https://www.sec.gov/Archives/edgar/data/1855467/000149315226040870/ex99-1.htm,False,
CLAYW,2026-08-31 00:00:00,https://www.sec.gov/Archives/edgar/data/1855467/000149315226040870/0001493152-26-040870-index.htm,8-K,8-K,https://www.sec.gov/Archives/edgar/data/1855467/000149315226040870/form8-k.htm,False,
CLAYW,2026-08-31 00:00:00,https://www.sec.gov/Archives/edgar/data/1855467/000149315226040870/0001493152-26-040870-index.htm,EX-99.1,EX-99.1,https://www.sec.gov/Archives/edgar/data/1855467/000149315226040870/ex99-1.htm,False,
MOBXW,2026-08-31 00:00:00,https://www.sec.gov/Archives/edgar/data/1855467/000149315226040870/0001493152-26-040870-index.htm,8-K,8-K,https://www.sec.gov/Archives/edgar/data/1855467/000149315226040870/form8-k.htm,False,
MOBXW,2026-08-31 00:00:00,https://www.sec.gov/Archives/edgar/data/1855467/000149315226040870/0001493152-26-040870-index.htm,EX-99.1,EX-99.1,https://www.sec.gov/Archives/edgar/data/1855467/000149315226040870/ex99-1.htm,False,
CLAY,2026-08-31 00:00:00,https://www.sec.gov/Archives/edgar/data/1855467/000149315226040870/0001493152-26-040870-index.htm,8-K,8-K,https://www.sec.gov/Archives/edgar/data/1855467/000149315226040870/form8-k.htm,False,
CLAY,2026-08-31 00:00:00,https://www.sec.gov/Archives/edgar/data/1855467/000149315226040870/0001493152-26-040870-index.htm,EX-99.1,EX-99.1,https://www.sec.gov/Archives/edgar/data/1855467/000149315226040870/ex99-1.htm,False,
MOBX,2026-08-31 00:00:00,https://www.sec.gov/Archives/edgar/data/1855467/000149315226040870/0001493152-26-040870-index.htm,8-K,8-K,https://www.sec.gov/Archives/edgar/data/1855467/000149315226040870/form8-k.htm,False,
MOBX,2026-08-31 00:00:00,https://www.sec.gov/Archives/edgar/data/1855467/000149315226040870/0001493152-26-040870-index.htm,EX-99.1,EX-99.1,https://www.sec.gov/Archives/edgar/data/1855467/000149315226040870/ex99-1.htm,False,
SSM,2026-08-31 00:00:00,https://www.sec.gov/Archives/edgar/data/1840416/000117184326005808/0001171843-26-005808-index.htm,8-K,FORM 8-K,https://www.sec.gov/Archives/edgar/data/1840416/000117184326005808/f8k_083126.htm,True,
SSM,2026-08-31 00:00:00,https://www.sec.gov/Archives/edgar/data/1840416/000117184326005808/0001171843-26-005808-index.htm,EX-10.1,EXHIBIT 10.1,https://www.sec.gov/Archives/edgar/data/1840416/000117184326005808/exh_101.htm,False,
SSM,2026-08-31 00:00:00,https://www.sec.gov/Archives/edgar/data/1840416/000117184326005808/0001171843-26-005808-index.htm,EX-99.1,EXHIBIT 99.1,https://www.sec.gov/Archives/edgar/data/1840416/000117184326005808/exh_991.htm,False,
SEV,2026-08-31 00:00:00,https://www.sec.gov/Archives/edgar/data/1840416/000117184326005808/0001171843-26-005808-index.htm,8-K,FORM 8-K,https://www.sec.gov/Archives/edgar/data/1840416/000117184326005808/f8k_083126.htm,True,
SEV,2026-08-31 00:00:00,https://www.sec.gov/Archives/edgar/data/1840416/000117184326005808/0001171843-26-005808-index.htm,EX-10.1,EXHIBIT 10.1,https://www.sec.gov/Archives/edgar/data/1840416/000117184326005808/exh_101.htm,False,
SEV,2026-08-31 00:00:00,https://www.sec.gov/Archives/edgar/data/1840416/000117184326005808/0001171843-26-005808-index.htm,EX-99.1,EXHIBIT 99.1,https://www.sec.gov/Archives/edgar/data/1840416/000117184326005808/exh_991.htm,False,
SEVCF,2026-08-31 00:00:00,https://www.sec.gov/Archives/edgar/data/1840416/000117184326005808/0001171843-26-005808-index.htm,8-K,FORM 8-K,https://www.sec.gov/Archives/edgar/data/1840416/000117184326005808/f8k_083126.htm,True,
SEVCF,2026-08-31 00:00:00,https://www.sec.gov/Archives/edgar/data/1840416/000117184326005808/0001171843-26-005808-index.htm,EX-10.1,EXHIBIT 10.1,https://www.sec.gov/Archives/edgar/data/1840416/000117184326005808/exh_101.htm,False,
SEVCF,2026-08-31 00:00:00,https://www.sec.gov/Archives/edgar/data/1840416/000117184326005808/0001171843-26-005808-index.htm,EX-99.1,EXHIBIT 99.1,https://www.sec.gov/Archives/edgar/data/1840416/000117184326005808/exh_991.htm,False,
JAZZ,2026-08-31 00:00:00,https://www.sec.gov/Archives/edgar/data/1232524/000119312526377073/0001193125-26-377073-index.htm,8-K,8-K,https://www.sec.gov/Archives/edgar/data/1232524/000119312526377073/d127542d8k.htm,True,
JAZZ,2026-08-31 00:00:00,https://www.sec.gov/Archives/edgar/data/1232524/000119312526377073/0001193125-26-377073-index.htm,EX-99.1,EX-99.1,https://www.sec.gov/Archives/edgar/data/1232524/000119312526377073/d127542dex991.htm,False,
KSS,2026-08-31 00:00:00,https://www.sec.gov/Archives/edgar/data/885639/000119312526377068/0001193125-26-377068-index.htm,8-K,8-K,https://www.sec.gov/Archives/edgar/data/885639/000119312526377068/kss-20260827.htm,False,
KSS,2026-08-31 00:00:00,https://www.sec.gov/Archives/edgar/data/885639/000119312526377068/0001193125-26-377068-index.htm,EX-99.1,EX-99.1,https://www.sec.gov/Archives/edgar/data/885639/000119312526377068/kss-ex99_1.htm,False,
KYNB,2026-08-31 00:00:00,https://www.sec.gov/Archives/edgar/data/921299/000119312526377059/0001193125-26-377059-index.htm,8-K,8-K,https://www.sec.gov/Archives/edgar/data/921299/000119312526377059/kynb-20260831.htm,True,
KYNB,2026-08-31 00:00:00,https://www.sec.gov/Archives/edgar/data/921299/000119312526377059/0001193125-26-377059-index.htm,EX-99.1,EX-99.1,https://www.sec.gov/Archives/edgar/data/921299/000119312526377059/kynb-ex99_1.htm,True,
FGEN,2026-08-31 00:00:00,https://www.sec.gov/Archives/edgar/data/921299/000119312526377059/0001193125-26-377059-index.htm,8-K,8-K,https://www.sec.gov/Archives/edgar/data/921299/000119312526377059/kynb-20260831.htm,True,
FGEN,2026-08-31 00:00:00,https://www.sec.gov/Archives/edgar/data/921299/000119312526377059/0001193125-26-377059-index.htm,EX-99.1,EX-99.1,https://www.sec.gov/Archives/edgar/data/921299/000119312526377059/kynb-ex99_1.htm,True,
CTVA,2026-08-31 00:00:00,https://www.sec.gov/Archives/edgar/data/1755672/000119312526377055/0001193125-26-377055-index.htm,8-K,8-K,https://www.sec.gov/Archives/edgar/data/30554/000119312526377055/ck0001755672-20260831.htm,False,
CTVA,2026-08-31 00:00:00,https://www.sec.gov/Archives/edgar/data/1755672/000119312526377055/0001193125-26-377055-index.htm,EX-99.1,EX-99.1,https://www.sec.gov/Archives/edgar/data/30554/000119312526377055/ck0001755672-ex99_1.htm,False,
CTA-PA,2026-08-31 00:00:00,https://www.sec.gov/Archives/edgar/data/30554/000119312526377055/0001193125-26-377055-index.htm,8-K,8-K,https://www.sec.gov/Archives/edgar/data/30554/000119312526377055/ck0001755672-20260831.htm,False,
CTA-PA,2026-08-31 00:00:00,https://www.sec.gov/Archives/edgar/data/30554/000119312526377055/0001193125-26-377055-index.htm,EX-99.1,EX-99.1,https://www.sec.gov/Archives/edgar/data/30554/000119312526377055/ck0001755672-ex99_1.htm,False,
CTA-PB,2026-08-31 00:00:00,https://www.sec.gov/Archives/edgar/data/30554/000119312526377055/0001193125-26-377055-index.htm,8-K,8-K,https://www.sec.gov/Archives/edgar/data/30554/000119312526377055/ck0001755672-20260831.htm,False,
CTA-PB,2026-08-31 00:00:00,https://www.sec.gov/Archives/edgar/data/30554/000119312526377055/0001193125-26-377055-index.htm,EX-99.1,EX-99.1,https://www.sec.gov/Archives/edgar/data/30554/000119312526377055/ck0001755672-ex99_1.htm,False,
EAF,2026-08-31 00:00:00,https://www.sec.gov/Archives/edgar/data/931148/000093114826000075/0000931148-26-000075-index.htm,8-K,8-K,https://www.sec.gov/Archives/edgar/data/931148/000093114826000075/gti-20260806.htm,False,
JVA,2026-08-31 00:00:00,https://www.sec.gov/Archives/edgar/data/1007019/000149315226040863/0001493152-26-040863-index.htm,8-K,8-K,https://www.sec.gov/Archives/edgar/data/1007019/000149315226040863/form8-k.htm,False,
JVA,2026-08-31 00:00:00,https://www.sec.gov/Archives/edgar/data/1007019/000149315226040863/0001493152-26-040863-index.htm,EX-10.1,EX-10.1,https://www.sec.gov/Archives/edgar/data/1007019/000149315226040863/ex10-1.htm,False,
MBRX,2026-08-31 00:00:00,https://www.sec.gov/Archives/edgar/data/1659617/000143774926029336/0001437749-26-029336-index.htm,8-K,FORM 8-K,https://www.sec.gov/Archives/edgar/data/1659617/000143774926029336/mbrx20260818_8k.htm,False,
MBRX,2026-08-31 00:00:00,https://www.sec.gov/Archives/edgar/data/1659617/000143774926029336/0001437749-26-029336-index.htm,EX-99.1,EXHIBIT 99.1,https://www.sec.gov/Archives/edgar/data/1659617/000143774926029336/ex_1006652_source.htm,False,
SGLB,2026-08-31 00:00:00,https://www.sec.gov/Archives/edgar/data/788611/000149315226040859/0001493152-26-040859-index.htm,8-K,8-K,https://www.sec.gov/Archives/edgar/data/788611/000149315226040859/form8-k.htm,True,
NTRP,2026-08-31 00:00:00,https://www.sec.gov/Archives/edgar/data/788611/000149315226040859/0001493152-26-040859-index.htm,8-K,8-K,https://www.sec.gov/Archives/edgar/data/788611/000149315226040859/form8-k.htm,True,
SGLBW,2026-08-31 00:00:00,https://www.sec.gov/Archives/edgar/data/788611/000149315226040859/0001493152-26-040859-index.htm,8-K,8-K,https://www.sec.gov/Archives/edgar/data/788611/000149315226040859/form8-k.htm,True,
SASI,2026-08-31 00:00:00,https://www.sec.gov/Archives/edgar/data/788611/000149315226040859/0001493152-26-040859-index.htm,8-K,8-K,https://www.sec.gov/Archives/edgar/data/788611/000149315226040859/form8-k.htm,True,
OKE,2026-08-31 00:00:00,https://www.sec.gov/Archives/edgar/data/1039684/000119312526377023/0001193125-26-377023-index.htm,8-K,8-K,https://www.sec.gov/Archives/edgar/data/1039684/000119312526377023/d405989d8k.htm,True,
OKE,2026-08-31 00:00:00,https://www.sec.gov/Archives/edgar/data/1039684/000119312526377023/0001193125-26-377023-index.htm,EX-99.1,EX-99.1,https://www.sec.gov/Archives/edgar/data/1039684/000119312526377023/d405989dex991.htm,True,
CANE,2026-08-31 00:00:00,https://www.sec.gov/Archives/edgar/data/1471824/000143774926029334/0001437749-26-029334-index.htm,8-K,FORM 8-K,https://www.sec.gov/Archives/edgar/data/1471824/000143774926029334/tags20260831c_8k.htm,False,
CORN,2026-08-31 00:00:00,https://www.sec.gov/Archives/edgar/data/1471824/000143774926029334/0001437749-26-029334-index.htm,8-K,FORM 8-K,https://www.sec.gov/Archives/edgar/data/1471824/000143774926029334/tags20260831c_8k.htm,False,
DEFI,2026-08-31 00:00:00,https://www.sec.gov/Archives/edgar/data/1471824/000143774926029334/0001437749-26-029334-index.htm,8-K,FORM 8-K,https://www.sec.gov/Archives/edgar/data/1471824/000143774926029334/tags20260831c_8k.htm,False,
TAGS,2026-08-31 00:00:00,https://www.sec.gov/Archives/edgar/data/1471824/000143774926029334/0001437749-26-029334-index.htm,8-K,FORM 8-K,https://www.sec.gov/Archives/edgar/data/1471824/000143774926029334/tags20260831c_8k.htm,False,
WEAT,2026-08-31 00:00:00,https://www.sec.gov/Archives/edgar/data/1471824/000143774926029334/0001437749-26-029334-index.htm,8-K,FORM 8-K,https://www.sec.gov/Archives/edgar/data/1471824/000143774926029334/tags20260831c_8k.htm,False,
SOYB,2026-08-31 00:00:00,https://www.sec.gov/Archives/edgar/data/1471824/000143774926029334/0001437749-26-029334-index.htm,8-K,FORM 8-K,https://www.sec.gov/Archives/edgar/data/1471824/000143774926029334/tags20260831c_8k.htm,False,
WLKP,2026-08-31 00:00:00,https://www.sec.gov/Archives/edgar/data/1604665/000119312526377003/0001193125-26-377003-index.htm,8-K,8-K,https://www.sec.gov/Archives/edgar/data/1604665/000119312526377003/d147867d8k.htm,False,
IVZ,2026-08-31 00:00:00,https://www.sec.gov/Archives/edgar/data/914208/000091420826000347/0000914208-26-000347-index.htm,8-K,8-K,https://www.sec.gov/Archives/edgar/data/914208/000091420826000347/ivz-20260831.htm,False,
IVZ,2026-08-31 00:00:00,https://www.sec.gov/Archives/edgar/data/914208/000091420826000347/0000914208-26-000347-index.htm,EX-99.1,EX-99.1,https://www.sec.gov/Archives/edgar/data/914208/000091420826000347/a8-k08312026exhibit991.htm,False,
FRST,2026-08-31 00:00:00,https://www.sec.gov/Archives/edgar/data/1325670/000110465926103947/0001104659-26-103947-index.htm,8-K,FORM 8-K,https://www.sec.gov/Archives/edgar/data/1325670/000110465926103947/tm2624389d1_8k.htm,False,
WLK,2026-08-31 00:00:00,https://www.sec.gov/Archives/edgar/data/1262823/000119312526376996/0001193125-26-376996-index.htm,8-K,8-K,https://www.sec.gov/Archives/edgar/data/1262823/000119312526376996/d437911d8k.htm,False,
CBNA,2026-08-31 00:00:00,https://www.sec.gov/Archives/edgar/data/1392272/000162828026059621/0001628280-26-059621-index.htm,8-K,8-K,https://www.sec.gov/Archives/edgar/data/1392272/000162828026059621/chnbrdg-20260831.htm,False,
CBNA,2026-08-31 00:00:00,https://www.sec.gov/Archives/edgar/data/1392272/000162828026059621/0001628280-26-059621-index.htm,EX-99.1,EX-99.1,https://www.sec.gov/Archives/edgar/data/1392272/000162828026059621/cbnainvestorpresentation.htm,False,
INHD,2026-08-31 00:00:00,https://www.sec.gov/Archives/edgar/data/1961847/000149315226040848/0001493152-26-040848-index.htm,8-K,8-K,https://www.sec.gov/Archives/edgar/data/1961847/000149315226040848/form8-k.htm,False,
SONM,2026-08-31 00:00:00,https://www.sec.gov/Archives/edgar/data/1178697/000149315226040845/0001493152-26-040845-index.htm,8-K,8-K,https://www.sec.gov/Archives/edgar/data/1178697/000149315226040845/form8-k.htm,False,
None,2026-08-31 00:00:00,https://www.sec.gov/Archives/edgar/data/2049595/000119312526376988/0001193125-26-376988-index.htm,8-K,8-K,https://www.sec.gov/Archives/edgar/data/2049595/000119312526376988/ck0002049595-20260831.htm,False,
CANE,2026-08-31 00:00:00,https://www.sec.gov/Archives/edgar/data/1471824/000143774926029332/0001437749-26-029332-index.htm,8-K,FORM 8-K,https://www.sec.gov/Archives/edgar/data/1471824/000143774926029332/tags20260831_8k.htm,False,
CORN,2026-08-31 00:00:00,https://www.sec.gov/Archives/edgar/data/1471824/000143774926029332/0001437749-26-029332-index.htm,8-K,FORM 8-K,https://www.sec.gov/Archives/edgar/data/1471824/000143774926029332/tags20260831_8k.htm,False,
DEFI,2026-08-31 00:00:00,https://www.sec.gov/Archives/edgar/data/1471824/000143774926029332/0001437749-26-029332-index.htm,8-K,FORM 8-K,https://www.sec.gov/Archives/edgar/data/1471824/000143774926029332/tags20260831_8k.htm,False,
TAGS,2026-08-31 00:00:00,https://www.sec.gov/Archives/edgar/data/1471824/000143774926029332/0001437749-26-029332-index.htm,8-K,FORM 8-K,https://www.sec.gov/Archives/edgar/data/1471824/000143774926029332/tags20260831_8k.htm,False,
WEAT,2026-08-31 00:00:00,https://www.sec.gov/Archives/edgar/data/1471824/000143774926029332/0001437749-26-029332-index.htm,8-K,FORM 8-K,https://www.sec.gov/Archives/edgar/data/1471824/000143774926029332/tags20260831_8k.htm,False,
SOYB,2026-08-31 00:00:00,https://www.sec.gov/Archives/edgar/data/1471824/000143774926029332/0001437749-26-029332-index.htm,8-K,FORM 8-K,https://www.sec.gov/Archives/edgar/data/1471824/000143774926029332/tags20260831_8k.htm,False,
COLD,2026-08-31 00:00:00,https://www.sec.gov/Archives/edgar/data/1455863/000119312526376978/0001193125-26-376978-index.htm,8-K,8-K,https://www.sec.gov/Archives/edgar/data/1455863/000119312526376978/d824016d8k.htm,False,
COLD,2026-08-31 00:00:00,https://www.sec.gov/Archives/edgar/data/1455863/000119312526376978/0001193125-26-376978-index.htm,EX-10.1,EX-10.1,https://www.sec.gov/Archives/edgar/data/1455863/000119312526376978/d824016dex101.htm,False,
AAWH,2026-08-31 00:00:00,https://www.sec.gov/Archives/edgar/data/1756390/000162828026059619/0001628280-26-059619-index.htm,8-K,8-K,https://www.sec.gov/Archives/edgar/data/1756390/000162828026059619/aawh-20260828.htm,False,
None,2026-08-31 00:00:00,https://www.sec.gov/Archives/edgar/data/2063009/000153949726002403/0001539497-26-002403-index.htm,8-K,FORM 8-K,https://www.sec.gov/Archives/edgar/data/2063009/000153949726002403/n6069_x13-8k.htm,False,
GETY,2026-08-31 00:00:00,https://www.sec.gov/Archives/edgar/data/1898496/000121390026095778/0001213900-26-095778-index.htm,8-K,CURRENT REPORT,https://www.sec.gov/Archives/edgar/data/1898496/000121390026095778/ea0304109-8k_getty.htm,False,
GETY-WT,2026-08-31 00:00:00,https://www.sec.gov/Archives/edgar/data/1898496/000121390026095778/0001213900-26-095778-index.htm,8-K,CURRENT REPORT,https://www.sec.gov/Archives/edgar/data/1898496/000121390026095778/ea0304109-8k_getty.htm,False,
PBAXW,2026-08-31 00:00:00,https://www.sec.gov/Archives/edgar/data/1870404/000121390026095776/0001213900-26-095776-index.htm,8-K,CURRENT REPORT,https://www.sec.gov/Archives/edgar/data/1870404/000121390026095776/ea0304037-8k_cero.htm,True,
PBAXW,2026-08-31 00:00:00,https://www.sec.gov/Archives/edgar/data/1870404/000121390026095776/0001213900-26-095776-index.htm,EX-10.1,"FORM OF CONSOLIDATED SENIOR SECURED PROMISSORY NOTE DATED AUGUST 27, 2026",https://www.sec.gov/Archives/edgar/data/1870404/000121390026095776/ea030403701ex10-1.htm,True,
PBAXW,2026-08-31 00:00:00,https://www.sec.gov/Archives/edgar/data/1870404/000121390026095776/0001213900-26-095776-index.htm,EX-10.2,"FORM OF ASSET SECURITY AGREEMENT DATED AUGUST 27, 2026",https://www.sec.gov/Archives/edgar/data/1870404/000121390026095776/ea030403701ex10-2.htm,False,
CERO,2026-08-31 00:00:00,https://www.sec.gov/Archives/edgar/data/1870404/000121390026095776/0001213900-26-095776-index.htm,8-K,CURRENT REPORT,https://www.sec.gov/Archives/edgar/data/1870404/000121390026095776/ea0304037-8k_cero.htm,True,
CERO,2026-08-31 00:00:00,https://www.sec.gov/Archives/edgar/data/1870404/000121390026095776/0001213900-26-095776-index.htm,EX-10.1,"FORM OF CONSOLIDATED SENIOR SECURED PROMISSORY NOTE DATED AUGUST 27, 2026",https://www.sec.gov/Archives/edgar/data/1870404/000121390026095776/ea030403701ex10-1.htm,True,
CERO,2026-08-31 00:00:00,https://www.sec.gov/Archives/edgar/data/1870404/000121390026095776/0001213900-26-095776-index.htm,EX-10.2,"FORM OF ASSET SECURITY AGREEMENT DATED AUGUST 27, 2026",https://www.sec.gov/Archives/edgar/data/1870404/000121390026095776/ea030403701ex10-2.htm,False,
CEROW,2026-08-31 00:00:00,https://www.sec.gov/Archives/edgar/data/1870404/000121390026095776/0001213900-26-095776-index.htm,8-K,CURRENT REPORT,https://www.sec.gov/Archives/edgar/data/1870404/000121390026095776/ea0304037-8k_cero.htm,True,
CEROW,2026-08-31 00:00:00,https://www.sec.gov/Archives/edgar/data/1870404/000121390026095776/0001213900-26-095776-index.htm,EX-10.1,"FORM OF CONSOLIDATED SENIOR SECURED PROMISSORY NOTE DATED AUGUST 27, 2026",https://www.sec.gov/Archives/edgar/data/1870404/000121390026095776/ea030403701ex10-1.htm,True,
CEROW,2026-08-31 00:00:00,https://www.sec.gov/Archives/edgar/data/1870404/000121390026095776/0001213900-26-095776-index.htm,EX-10.2,"FORM OF ASSET SECURITY AGREEMENT DATED AUGUST 27, 2026",https://www.sec.gov/Archives/edgar/data/1870404/000121390026095776/ea030403701ex10-2.htm,False,
PBAXU,2026-08-31 00:00:00,https://www.sec.gov/Archives/edgar/data/1870404/000121390026095776/0001213900-26-095776-index.htm,8-K,CURRENT REPORT,https://www.sec.gov/Archives/edgar/data/1870404/000121390026095776/ea0304037-8k_cero.htm,True,
PBAXU,2026-08-31 00:00:00,https://www.sec.gov/Archives/edgar/data/1870404/000121390026095776/0001213900-26-095776-index.htm,EX-10.1,"FORM OF CONSOLIDATED SENIOR SECURED PROMISSORY NOTE DATED AUGUST 27, 2026",https://www.sec.gov/Archives/edgar/data/1870404/000121390026095776/ea030403701ex10-1.htm,True,
PBAXU,2026-08-31 00:00:00,https://www.sec.gov/Archives/edgar/data/1870404/000121390026095776/0001213900-26-095776-index.htm,EX-10.2,"FORM OF ASSET SECURITY AGREEMENT DATED AUGUST 27, 2026",https://www.sec.gov/Archives/edgar/data/1870404/000121390026095776/ea030403701ex10-2.htm,False,
PBAX,2026-08-31 00:00:00,https://www.sec.gov/Archives/edgar/data/1870404/000121390026095776/0001213900-26-095776-index.htm,8-K,CURRENT REPORT,https://www.sec.gov/Archives/edgar/data/1870404/000121390026095776/ea0304037-8k_cero.htm,True,
PBAX,2026-08-31 00:00:00,https://www.sec.gov/Archives/edgar/data/1870404/000121390026095776/0001213900-26-095776-index.htm,EX-10.1,"FORM OF CONSOLIDATED SENIOR SECURED PROMISSORY NOTE DATED AUGUST 27, 2026",https://www.sec.gov/Archives/edgar/data/1870404/000121390026095776/ea030403701ex10-1.htm,True,
PBAX,2026-08-31 00:00:00,https://www.sec.gov/Archives/edgar/data/1870404/000121390026095776/0001213900-26-095776-index.htm,EX-10.2,"FORM OF ASSET SECURITY AGREEMENT DATED AUGUST 27, 2026",https://www.sec.gov/Archives/edgar/data/1870404/000121390026095776/ea030403701ex10-2.htm,False,
VCTR,2026-08-31 00:00:00,https://www.sec.gov/Archives/edgar/data/1570827/000110465926103936/0001104659-26-103936-index.htm,8-K,FORM 8-K,https://www.sec.gov/Archives/edgar/data/1570827/000110465926103936/tm2624030d6_8k.htm,True,
TMST,2026-08-31 00:00:00,https://www.sec.gov/Archives/edgar/data/1598428/000119312526376936/0001193125-26-376936-index.htm,8-K,8-K,https://www.sec.gov/Archives/edgar/data/1598428/000119312526376936/mtus-20260831.htm,False,
TMST,2026-08-31 00:00:00,https://www.sec.gov/Archives/edgar/data/1598428/000119312526376936/0001193125-26-376936-index.htm,EX-99.1,EX-99.1,https://www.sec.gov/Archives/edgar/data/1598428/000119312526376936/mtus-ex99_1.htm,False,
MTUS,2026-08-31 00:00:00,https://www.sec.gov/Archives/edgar/data/1598428/000119312526376936/0001193125-26-376936-index.htm,8-K,8-K,https://www.sec.gov/Archives/edgar/data/1598428/000119312526376936/mtus-20260831.htm,False,
MTUS,2026-08-31 00:00:00,https://www.sec.gov/Archives/edgar/data/1598428/000119312526376936/0001193125-26-376936-index.htm,EX-99.1,EX-99.1,https://www.sec.gov/Archives/edgar/data/1598428/000119312526376936/mtus-ex99_1.htm,False,
ABG,2026-08-31 00:00:00,https://www.sec.gov/Archives/edgar/data/1144980/000114498026000098/0001144980-26-000098-index.htm,8-K,8-K,https://www.sec.gov/Archives/edgar/data/1144980/000114498026000098/abg-20260831.htm,False,
ABG,2026-08-31 00:00:00,https://www.sec.gov/Archives/edgar/data/1144980/000114498026000098/0001144980-26-000098-index.htm,EX-99.1,EX-99.1,https://www.sec.gov/Archives/edgar/data/1144980/000114498026000098/ex991hrowrdpressrelease831.htm,False,
MVST,2026-08-31 00:00:00,https://www.sec.gov/Archives/edgar/data/1760689/000094787126000854/0000947871-26-000854-index.htm,8-K,CURRENT REPORT,https://www.sec.gov/Archives/edgar/data/1760689/000094787126000854/ss6762896_8k.htm,False,
MVSTW,2026-08-31 00:00:00,https://www.sec.gov/Archives/edgar/data/1760689/000094787126000854/0000947871-26-000854-index.htm,8-K,CURRENT REPORT,https://www.sec.gov/Archives/edgar/data/1760689/000094787126000854/ss6762896_8k.htm,False,
THCBW,2026-08-31 00:00:00,https://www.sec.gov/Archives/edgar/data/1760689/000094787126000854/0000947871-26-000854-index.htm,8-K,CURRENT REPORT,https://www.sec.gov/Archives/edgar/data/1760689/000094787126000854/ss6762896_8k.htm,False,
THCBU,2026-08-31 00:00:00,https://www.sec.gov/Archives/edgar/data/1760689/000094787126000854/0000947871-26-000854-index.htm,8-K,CURRENT REPORT,https://www.sec.gov/Archives/edgar/data/1760689/000094787126000854/ss6762896_8k.htm,False,
THCB,2026-08-31 00:00:00,https://www.sec.gov/Archives/edgar/data/1760689/000094787126000854/0000947871-26-000854-index.htm,8-K,CURRENT REPORT,https://www.sec.gov/Archives/edgar/data/1760689/000094787126000854/ss6762896_8k.htm,False,
CPT,2026-08-31 00:00:00,https://www.sec.gov/Archives/edgar/data/906345/000162828026059610/0001628280-26-059610-index.htm,8-K,8-K,https://www.sec.gov/Archives/edgar/data/906345/000162828026059610/cpt-20260831.htm,True,
CPT,2026-08-31 00:00:00,https://www.sec.gov/Archives/edgar/data/906345/000162828026059610/0001628280-26-059610-index.htm,EX-10.1,EX-10.1,https://www.sec.gov/Archives/edgar/data/906345/000162828026059610/exhibit101separationandrel.htm,False,
None,2026-08-31 00:00:00,https://www.sec.gov/Archives/edgar/data/2081043/000114036126035091/0001140361-26-035091-index.htm,8-K,8-K,https://www.sec.gov/Archives/edgar/data/2081043/000114036126035091/ef20081348_8k.htm,False,
SHLS,2026-08-31 00:00:00,https://www.sec.gov/Archives/edgar/data/1831651/000183165126000116/0001831651-26-000116-index.htm,8-K,8-K,https://www.sec.gov/Archives/edgar/data/1831651/000183165126000116/shls-20260828.htm,True,
SHLS,2026-08-31 00:00:00,https://www.sec.gov/Archives/edgar/data/1831651/000183165126000116/0001831651-26-000116-index.htm,EX-10.1,EX-10.1,https://www.sec.gov/Archives/edgar/data/1831651/000183165126000116/shoalsljpm-amendmentno8edg.htm,True,
UPS,2026-08-31 00:00:00,https://www.sec.gov/Archives/edgar/data/1090727/000162828026059609/0001628280-26-059609-index.htm,8-K,8-K,https://www.sec.gov/Archives/edgar/data/1090727/000162828026059609/ups-20260831.htm,False,
UPS,2026-08-31 00:00:00,https://www.sec.gov/Archives/edgar/data/1090727/000162828026059609/0001628280-26-059609-index.htm,EX-10.1,EX-10.1 RETENTION AGREEMENT,https://www.sec.gov/Archives/edgar/data/1090727/000162828026059609/ups-ex101restrictedstockun.htm,False,
UPS,2026-08-31 00:00:00,https://www.sec.gov/Archives/edgar/data/1090727/000162828026059609/0001628280-26-059609-index.htm,EX-10.2,EX-10.2 RETENTION AGREEMENT,https://www.sec.gov/Archives/edgar/data/1090727/000162828026059609/ups-ex102restrictedstockun.htm,False,
UPS,2026-08-31 00:00:00,https://www.sec.gov/Archives/edgar/data/1090727/000162828026059609/0001628280-26-059609-index.htm,EX-99.1,EX-99.1,https://www.sec.gov/Archives/edgar/data/1090727/000162828026059609/exhibit991leadershipchange.htm,False,
TDOC,2026-08-31 00:00:00,https://www.sec.gov/Archives/edgar/data/1477449/000147744926000044/0001477449-26-000044-index.htm,8-K,8-K,https://www.sec.gov/Archives/edgar/data/1477449/000147744926000044/tdoc-20260827.htm,False,
TDOC,2026-08-31 00:00:00,https://www.sec.gov/Archives/edgar/data/1477449/000147744926000044/0001477449-26-000044-index.htm,EX-10.1,EX-10.1,https://www.sec.gov/Archives/edgar/data/1477449/000147744926000044/teladoc-offerlettergrasher.htm,False,
TDOC,2026-08-31 00:00:00,https://www.sec.gov/Archives/edgar/data/1477449/000147744926000044/0001477449-26-000044-index.htm,EX-10.2,EX-10.2,https://www.sec.gov/Archives/edgar/data/1477449/000147744926000044/teladoc-employmentagreemen.htm,False,
TDOC,2026-08-31 00:00:00,https://www.sec.gov/Archives/edgar/data/1477449/000147744926000044/0001477449-26-000044-index.htm,EX-99.1,EX-99.1,https://www.sec.gov/Archives/edgar/data/1477449/000147744926000044/pressrelease_michaelgrasher.htm,False,
ULCC,2026-08-31 00:00:00,https://www.sec.gov/Archives/edgar/data/1670076/000167007626000093/0001670076-26-000093-index.htm,8-K,8-K,https://www.sec.gov/Archives/edgar/data/1670076/000167007626000093/fron-20260825.htm,False,
GBCI,2026-08-31 00:00:00,https://www.sec.gov/Archives/edgar/data/868671/000086867126000071/0000868671-26-000071-index.htm,8-K,8-K,https://www.sec.gov/Archives/edgar/data/868671/000086867126000071/gbci-20260827.htm,False,
GBCI,2026-08-31 00:00:00,https://www.sec.gov/Archives/edgar/data/868671/000086867126000071/0000868671-26-000071-index.htm,EX-99.1,EXHIBIT-99.1,https://www.sec.gov/Archives/edgar/data/868671/000086867126000071/exhibit_991.htm,False,
None,2026-08-31 00:00:00,https://www.sec.gov/Archives/edgar/data/1662972/000166297226000130/0001662972-26-000130-index.htm,8-K,8-K,https://www.sec.gov/Archives/edgar/data/1662972/000166297226000130/breit-20260828.htm,False,
CJMB,2026-08-31 00:00:00,https://www.sec.gov/Archives/edgar/data/2032545/000149315226040838/0001493152-26-040838-index.htm,8-K,8-K,https://www.sec.gov/Archives/edgar/data/2032545/000149315226040838/form8-k.htm,True,
CJMB,2026-08-31 00:00:00,https://www.sec.gov/Archives/edgar/data/2032545/000149315226040838/0001493152-26-040838-index.htm,EX-10.1,EX-10.1,https://www.sec.gov/Archives/edgar/data/2032545/000149315226040838/ex10-1.htm,False,
CENN,2026-08-31 00:00:00,https://www.sec.gov/Archives/edgar/data/1707919/000114036126035085/0001140361-26-035085-index.htm,8-K,8-K,https://www.sec.gov/Archives/edgar/data/1707919/000114036126035085/ef20081371_8k.htm,True,
CENN,2026-08-31 00:00:00,https://www.sec.gov/Archives/edgar/data/1707919/000114036126035085/0001140361-26-035085-index.htm,EX-10.1,EXHIBIT 10.1,https://www.sec.gov/Archives/edgar/data/1707919/000114036126035085/ef20081371_ex10-1.htm,False,
NAKD,2026-08-31 00:00:00,https://www.sec.gov/Archives/edgar/data/1707919/000114036126035085/0001140361-26-035085-index.htm,8-K,8-K,https://www.sec.gov/Archives/edgar/data/1707919/000114036126035085/ef20081371_8k.htm,True,
NAKD,2026-08-31 00:00:00,https://www.sec.gov/Archives/edgar/data/1707919/000114036126035085/0001140361-26-035085-index.htm,EX-10.1,EXHIBIT 10.1,https://www.sec.gov/Archives/edgar/data/1707919/000114036126035085/ef20081371_ex10-1.htm,False,
FDS,2026-08-31 00:00:00,https://www.sec.gov/Archives/edgar/data/1013237/000095015726000966/0000950157-26-000966-index.htm,8-K,CURRENT REPORT,https://www.sec.gov/Archives/edgar/data/1013237/000095015726000966/form8-k.htm,True,
FDS,2026-08-31 00:00:00,https://www.sec.gov/Archives/edgar/data/1013237/000095015726000966/0000950157-26-000966-index.htm,EX-10.1,AMENDMENT NO. 1,https://www.sec.gov/Archives/edgar/data/1013237/000095015726000966/ex10-1.htm,True,
INCY,2026-08-31 00:00:00,https://www.sec.gov/Archives/edgar/data/879169/000087916926000058/0000879169-26-000058-index.htm,8-K,8-K,https://www.sec.gov/Archives/edgar/data/879169/000087916926000058/incy-20260831.htm,False,
None,2026-08-31 00:00:00,https://www.sec.gov/Archives/edgar/data/1271834/000114036126035084/0001140361-26-035084-index.htm,8-K,8-K,https://www.sec.gov/Archives/edgar/data/1091667/000114036126035084/ef20081340_8k.htm,False,
None,2026-08-31 00:00:00,https://www.sec.gov/Archives/edgar/data/1271834/000114036126035084/0001140361-26-035084-index.htm,EX-99.1,EXHIBIT 99.1,https://www.sec.gov/Archives/edgar/data/1091667/000114036126035084/ef20081340_ex99-1.htm,False,
CHTR,2026-08-31 00:00:00,https://www.sec.gov/Archives/edgar/data/1091667/000114036126035084/0001140361-26-035084-index.htm,8-K,8-K,https://www.sec.gov/Archives/edgar/data/1091667/000114036126035084/ef20081340_8k.htm,False,
CHTR,2026-08-31 00:00:00,https://www.sec.gov/Archives/edgar/data/1091667/000114036126035084/0001140361-26-035084-index.htm,EX-99.1,EXHIBIT 99.1,https://www.sec.gov/Archives/edgar/data/1091667/000114036126035084/ef20081340_ex99-1.htm,False,
None,2026-08-31 00:00:00,https://www.sec.gov/Archives/edgar/data/1271833/000114036126035084/0001140361-26-035084-index.htm,8-K,8-K,https://www.sec.gov/Archives/edgar/data/1091667/000114036126035084/ef20081340_8k.htm,False,
None,2026-08-31 00:00:00,https://www.sec.gov/Archives/edgar/data/1271833/000114036126035084/0001140361-26-035084-index.htm,EX-99.1,EXHIBIT 99.1,https://www.sec.gov/Archives/edgar/data/1091667/000114036126035084/ef20081340_ex99-1.htm,False,
FF,2026-08-31 00:00:00,https://www.sec.gov/Archives/edgar/data/1337298/000143774926029321/0001437749-26-029321-index.htm,8-K,FORM 8-K,https://www.sec.gov/Archives/edgar/data/1337298/000143774926029321/ff20260831_8k.htm,False,
FF,2026-08-31 00:00:00,https://www.sec.gov/Archives/edgar/data/1337298/000143774926029321/0001437749-26-029321-index.htm,EX-99.1,EXHIBIT 99.1,https://www.sec.gov/Archives/edgar/data/1337298/000143774926029321/ex_1010930.htm,False,
NUTX,2026-08-31 00:00:00,https://www.sec.gov/Archives/edgar/data/1479681/000162828026059602/0001628280-26-059602-index.htm,8-K,8-K,https://www.sec.gov/Archives/edgar/data/1479681/000162828026059602/nutx-20260831.htm,False,
CLNH,2026-08-31 00:00:00,https://www.sec.gov/Archives/edgar/data/1479681/000162828026059602/0001628280-26-059602-index.htm,8-K,8-K,https://www.sec.gov/Archives/edgar/data/1479681/000162828026059602/nutx-20260831.htm,False,
PRIM,2026-08-31 00:00:00,https://www.sec.gov/Archives/edgar/data/1361538/000136153826000030/0001361538-26-000030-index.htm,8-K,8-K,https://www.sec.gov/Archives/edgar/data/1361538/000136153826000030/prim-20260825x8k.htm,False,
ADT,2026-08-31 00:00:00,https://www.sec.gov/Archives/edgar/data/1703056/000170305626000106/0001703056-26-000106-index.htm,8-K,8-K,https://www.sec.gov/Archives/edgar/data/1703056/000170305626000106/adt-20260828.htm,True,
ADT,2026-08-31 00:00:00,https://www.sec.gov/Archives/edgar/data/1703056/000170305626000106/0001703056-26-000106-index.htm,EX-10.1,EX-10.1,https://www.sec.gov/Archives/edgar/data/1703056/000170305626000106/exhibit101-incrementalassu.htm,True,
VRDR,2026-08-31 00:00:00,https://www.sec.gov/Archives/edgar/data/1506929/000149315226040832/0001493152-26-040832-index.htm,8-K,8-K,https://www.sec.gov/Archives/edgar/data/1506929/000149315226040832/form8-k.htm,False,
VRDR,2026-08-31 00:00:00,https://www.sec.gov/Archives/edgar/data/1506929/000149315226040832/0001493152-26-040832-index.htm,EX-99.1,EX-99.1,https://www.sec.gov/Archives/edgar/data/1506929/000149315226040832/ex99-1.htm,False,
SPNV,2026-08-31 00:00:00,https://www.sec.gov/Archives/edgar/data/1825024/000119312526376851/0001193125-26-376851-index.htm,8-K,8-K,https://www.sec.gov/Archives/edgar/data/1825024/000119312526376851/d116463d8k.htm,True,
SPNV,2026-08-31 00:00:00,https://www.sec.gov/Archives/edgar/data/1825024/000119312526376851/0001193125-26-376851-index.htm,EX-10.1,EX-10.1,https://www.sec.gov/Archives/edgar/data/1825024/000119312526376851/d116463dex101.htm,True,
OPAD,2026-08-31 00:00:00,https://www.sec.gov/Archives/edgar/data/1825024/000119312526376851/0001193125-26-376851-index.htm,8-K,8-K,https://www.sec.gov/Archives/edgar/data/1825024/000119312526376851/d116463d8k.htm,True,
OPAD,2026-08-31 00:00:00,https://www.sec.gov/Archives/edgar/data/1825024/000119312526376851/0001193125-26-376851-index.htm,EX-10.1,EX-10.1,https://www.sec.gov/Archives/edgar/data/1825024/000119312526376851/d116463dex101.htm,True,
OPAD-WT,2026-08-31 00:00:00,https://www.sec.gov/Archives/edgar/data/1825024/000119312526376851/0001193125-26-376851-index.htm,8-K,8-K,https://www.sec.gov/Archives/edgar/data/1825024/000119312526376851/d116463d8k.htm,True,
OPAD-WT,2026-08-31 00:00:00,https://www.sec.gov/Archives/edgar/data/1825024/000119312526376851/0001193125-26-376851-index.htm,EX-10.1,EX-10.1,https://www.sec.gov/Archives/edgar/data/1825024/000119312526376851/d116463dex101.htm,True,
SPNV-UN,2026-08-31 00:00:00,https://www.sec.gov/Archives/edgar/data/1825024/000119312526376851/0001193125-26-376851-index.htm,8-K,8-K,https://www.sec.gov/Archives/edgar/data/1825024/000119312526376851/d116463d8k.htm,True,
SPNV-UN,2026-08-31 00:00:00,https://www.sec.gov/Archives/edgar/data/1825024/000119312526376851/0001193125-26-376851-index.htm,EX-10.1,EX-10.1,https://www.sec.gov/Archives/edgar/data/1825024/000119312526376851/d116463dex101.htm,True,
RWLK,2026-08-31 00:00:00,https://www.sec.gov/Archives/edgar/data/1607962/000117891326004360/0001178913-26-004360-index.htm,8-K,8-K,https://www.sec.gov/Archives/edgar/data/1607962/000117891326004360/a2636053.htm,False,
LFWD,2026-08-31 00:00:00,https://www.sec.gov/Archives/edgar/data/1607962/000117891326004360/0001178913-26-004360-index.htm,8-K,8-K,https://www.sec.gov/Archives/edgar/data/1607962/000117891326004360/a2636053.htm,False,
WTRG,2026-08-31 00:00:00,https://www.sec.gov/Archives/edgar/data/78128/000155278126000466/0001552781-26-000466-index.htm,8-K,,https://www.sec.gov/Archives/edgar/data/78128/000155278126000466/e26365_wtrg-8k.htm,False,
WTRU,2026-08-31 00:00:00,https://www.sec.gov/Archives/edgar/data/78128/000155278126000466/0001552781-26-000466-index.htm,8-K,,https://www.sec.gov/Archives/edgar/data/78128/000155278126000466/e26365_wtrg-8k.htm,False,
FSHP,2026-08-31 00:00:00,https://www.sec.gov/Archives/edgar/data/1850059/000182912626009545/0001829126-26-009545-index.htm,8-K,8-K,https://www.sec.gov/Archives/edgar/data/1850059/000182912626009545/flagshipacq_8k.htm,False,
FSHPR,2026-08-31 00:00:00,https://www.sec.gov/Archives/edgar/data/1850059/000182912626009545/0001829126-26-009545-index.htm,8-K,8-K,https://www.sec.gov/Archives/edgar/data/1850059/000182912626009545/flagshipacq_8k.htm,False,
FSHPU,2026-08-31 00:00:00,https://www.sec.gov/Archives/edgar/data/1850059/000182912626009545/0001829126-26-009545-index.htm,8-K,8-K,https://www.sec.gov/Archives/edgar/data/1850059/000182912626009545/flagshipacq_8k.htm,False,
None,2026-08-31 00:00:00,https://www.sec.gov/Archives/edgar/data/2082826/000119312526376818/0001193125-26-376818-index.htm,8-K,8-K,https://www.sec.gov/Archives/edgar/data/2082826/000119312526376818/ck0002082826-20260826.htm,False,
CSW,2026-08-31 00:00:00,https://www.sec.gov/Archives/edgar/data/1624794/000162479426000051/0001624794-26-000051-index.htm,8-K,8-K,https://www.sec.gov/Archives/edgar/data/1624794/000162479426000051/cswi-20260827.htm,False,
CSWI,2026-08-31 00:00:00,https://www.sec.gov/Archives/edgar/data/1624794/000162479426000051/0001624794-26-000051-index.htm,8-K,8-K,https://www.sec.gov/Archives/edgar/data/1624794/000162479426000051/cswi-20260827.htm,False,
RE,2026-08-31 00:00:00,https://www.sec.gov/Archives/edgar/data/1095073/000109507326000035/0001095073-26-000035-index.htm,8-K,8-K,https://www.sec.gov/Archives/edgar/data/1095073/000109507326000035/everestre-20260831.htm,False,
RE,2026-08-31 00:00:00,https://www.sec.gov/Archives/edgar/data/1095073/000109507326000035/0001095073-26-000035-index.htm,EX-99.1,EX-99.1,https://www.sec.gov/Archives/edgar/data/1095073/000109507326000035/everest2025globallosstrian.htm,False,
EG,2026-08-31 00:00:00,https://www.sec.gov/Archives/edgar/data/1095073/000109507326000035/0001095073-26-000035-index.htm,8-K,8-K,https://www.sec.gov/Archives/edgar/data/1095073/000109507326000035/everestre-20260831.htm,False,
EG,2026-08-31 00:00:00,https://www.sec.gov/Archives/edgar/data/1095073/000109507326000035/0001095073-26-000035-index.htm,EX-99.1,EX-99.1,https://www.sec.gov/Archives/edgar/data/1095073/000109507326000035/everest2025globallosstrian.htm,False,
None,2026-08-31 00:00:00,https://www.sec.gov/Archives/edgar/data/1043121/000103754026000037/0001037540-26-000037-index.htm,8-K,8-K,https://www.sec.gov/Archives/edgar/data/1037540/000103754026000037/bxp-20260831.htm,False,
BXP,2026-08-31 00:00:00,https://www.sec.gov/Archives/edgar/data/1037540/000103754026000037/0001037540-26-000037-index.htm,8-K,8-K,https://www.sec.gov/Archives/edgar/data/1037540/000103754026000037/bxp-20260831.htm,False,
EXEL,2026-08-31 00:00:00,https://www.sec.gov/Archives/edgar/data/939767/000093976726000104/0000939767-26-000104-index.htm,8-K,8-K,https://www.sec.gov/Archives/edgar/data/939767/000093976726000104/exel-20260831.htm,False,
MIR-WT,2026-08-31 00:00:00,https://www.sec.gov/Archives/edgar/data/1809987/000162828026059593/0001628280-26-059593-index.htm,8-K,8-K,https://www.sec.gov/Archives/edgar/data/1809987/000162828026059593/mir-20260831.htm,False,
GSAH-UN,2026-08-31 00:00:00,https://www.sec.gov/Archives/edgar/data/1809987/000162828026059593/0001628280-26-059593-index.htm,8-K,8-K,https://www.sec.gov/Archives/edgar/data/1809987/000162828026059593/mir-20260831.htm,False,
MIR,2026-08-31 00:00:00,https://www.sec.gov/Archives/edgar/data/1809987/000162828026059593/0001628280-26-059593-index.htm,8-K,8-K,https://www.sec.gov/Archives/edgar/data/1809987/000162828026059593/mir-20260831.htm,False,
PCT,2026-08-31 00:00:00,https://www.sec.gov/Archives/edgar/data/1830033/000183003326000029/0001830033-26-000029-index.htm,8-K,8-K,https://www.sec.gov/Archives/edgar/data/1830033/000183003326000029/pct-20260828.htm,True,
PCT,2026-08-31 00:00:00,https://www.sec.gov/Archives/edgar/data/1830033/000183003326000029/0001830033-26-000029-index.htm,EX-10.1,EX-10.1,https://www.sec.gov/Archives/edgar/data/1830033/000183003326000029/pct-ex10_1.htm,True,
PCTTU,2026-08-31 00:00:00,https://www.sec.gov/Archives/edgar/data/1830033/000183003326000029/0001830033-26-000029-index.htm,8-K,8-K,https://www.sec.gov/Archives/edgar/data/1830033/000183003326000029/pct-20260828.htm,True,
PCTTU,2026-08-31 00:00:00,https://www.sec.gov/Archives/edgar/data/1830033/000183003326000029/0001830033-26-000029-index.htm,EX-10.1,EX-10.1,https://www.sec.gov/Archives/edgar/data/1830033/000183003326000029/pct-ex10_1.htm,True,
PCTTW,2026-08-31 00:00:00,https://www.sec.gov/Archives/edgar/data/1830033/000183003326000029/0001830033-26-000029-index.htm,8-K,8-K,https://www.sec.gov/Archives/edgar/data/1830033/000183003326000029/pct-20260828.htm,True,
PCTTW,2026-08-31 00:00:00,https://www.sec.gov/Archives/edgar/data/1830033/000183003326000029/0001830033-26-000029-index.htm,EX-10.1,EX-10.1,https://www.sec.gov/Archives/edgar/data/1830033/000183003326000029/pct-ex10_1.htm,True,
FRMI,2026-08-31 00:00:00,https://www.sec.gov/Archives/edgar/data/2071778/000121390026095719/0001213900-26-095719-index.htm,8-K,CURRENT REPORT,https://www.sec.gov/Archives/edgar/data/2071778/000121390026095719/ea0303852-8k_fermi.htm,False,
ROYTL,2026-08-31 00:00:00,https://www.sec.gov/Archives/edgar/data/1538822/000110465926103886/0001104659-26-103886-index.htm,8-K,FORM 8-K,https://www.sec.gov/Archives/edgar/data/1538822/000110465926103886/tm2624316d1_8k.htm,False,
ROYTL,2026-08-31 00:00:00,https://www.sec.gov/Archives/edgar/data/1538822/000110465926103886/0001104659-26-103886-index.htm,EX-99.1,EXHIBIT 99.1,https://www.sec.gov/Archives/edgar/data/1538822/000110465926103886/tm2624316d1_ex99-1.htm,False,
AWK,2026-08-31 00:00:00,https://www.sec.gov/Archives/edgar/data/1410636/000141063626000128/0001410636-26-000128-index.htm,8-K,FORM 8-K - PAPUC INTERIM ORDER IN ESSENTIAL UTILITIES MERGER PROCEEDING,https://www.sec.gov/Archives/edgar/data/1410636/000141063626000128/awk-20260828.htm,False,
TFINP,2026-08-31 00:00:00,https://www.sec.gov/Archives/edgar/data/1539638/000153963826000031/0001539638-26-000031-index.htm,8-K,8-K,https://www.sec.gov/Archives/edgar/data/1539638/000153963826000031/tfin-20260831.htm,False,
TFINP,2026-08-31 00:00:00,https://www.sec.gov/Archives/edgar/data/1539638/000153963826000031/0001539638-26-000031-index.htm,EX-99.1,EX-99.1,https://www.sec.gov/Archives/edgar/data/1539638/000153963826000031/exhibit99_1preferreddivide.htm,False,
TFIN,2026-08-31 00:00:00,https://www.sec.gov/Archives/edgar/data/1539638/000153963826000031/0001539638-26-000031-index.htm,8-K,8-K,https://www.sec.gov/Archives/edgar/data/1539638/000153963826000031/tfin-20260831.htm,False,
TFIN,2026-08-31 00:00:00,https://www.sec.gov/Archives/edgar/data/1539638/000153963826000031/0001539638-26-000031-index.htm,EX-99.1,EX-99.1,https://www.sec.gov/Archives/edgar/data/1539638/000153963826000031/exhibit99_1preferreddivide.htm,False,
TBK,2026-08-31 00:00:00,https://www.sec.gov/Archives/edgar/data/1539638/000153963826000031/0001539638-26-000031-index.htm,8-K,8-K,https://www.sec.gov/Archives/edgar/data/1539638/000153963826000031/tfin-20260831.htm,False,
TBK,2026-08-31 00:00:00,https://www.sec.gov/Archives/edgar/data/1539638/000153963826000031/0001539638-26-000031-index.htm,EX-99.1,EX-99.1,https://www.sec.gov/Archives/edgar/data/1539638/000153963826000031/exhibit99_1preferreddivide.htm,False,
TBKCP,2026-08-31 00:00:00,https://www.sec.gov/Archives/edgar/data/1539638/000153963826000031/0001539638-26-000031-index.htm,8-K,8-K,https://www.sec.gov/Archives/edgar/data/1539638/000153963826000031/tfin-20260831.htm,False,
TBKCP,2026-08-31 00:00:00,https://www.sec.gov/Archives/edgar/data/1539638/000153963826000031/0001539638-26-000031-index.htm,EX-99.1,EX-99.1,https://www.sec.gov/Archives/edgar/data/1539638/000153963826000031/exhibit99_1preferreddivide.htm,False,
LIFWZ,2026-08-31 00:00:00,https://www.sec.gov/Archives/edgar/data/1802450/000121390026095717/0001213900-26-095717-index.htm,8-K,CURRENT REPORT,https://www.sec.gov/Archives/edgar/data/1802450/000121390026095717/ea0304067-8k_msp.htm,True,
LIFWZ,2026-08-31 00:00:00,https://www.sec.gov/Archives/edgar/data/1802450/000121390026095717/0001213900-26-095717-index.htm,EX-10.1,"HAZEL LETTER AGREEMENT DATED AUGUST 17, 2026",https://www.sec.gov/Archives/edgar/data/1802450/000121390026095717/ea030406701ex10-1.htm,True,
LIFWZ,2026-08-31 00:00:00,https://www.sec.gov/Archives/edgar/data/1802450/000121390026095717/0001213900-26-095717-index.htm,EX-10.2,"HAZEL LETTER AGREEMENT DATED AUGUST 26, 2026",https://www.sec.gov/Archives/edgar/data/1802450/000121390026095717/ea030406701ex10-2.htm,True,
LIFWW,2026-08-31 00:00:00,https://www.sec.gov/Archives/edgar/data/1802450/000121390026095717/0001213900-26-095717-index.htm,8-K,CURRENT REPORT,https://www.sec.gov/Archives/edgar/data/1802450/000121390026095717/ea0304067-8k_msp.htm,True,
LIFWW,2026-08-31 00:00:00,https://www.sec.gov/Archives/edgar/data/1802450/000121390026095717/0001213900-26-095717-index.htm,EX-10.1,"HAZEL LETTER AGREEMENT DATED AUGUST 17, 2026",https://www.sec.gov/Archives/edgar/data/1802450/000121390026095717/ea030406701ex10-1.htm,True,
LIFWW,2026-08-31 00:00:00,https://www.sec.gov/Archives/edgar/data/1802450/000121390026095717/0001213900-26-095717-index.htm,EX-10.2,"HAZEL LETTER AGREEMENT DATED AUGUST 26, 2026",https://www.sec.gov/Archives/edgar/data/1802450/000121390026095717/ea030406701ex10-2.htm,True,
LCAPW,2026-08-31 00:00:00,https://www.sec.gov/Archives/edgar/data/1802450/000121390026095717/0001213900-26-095717-index.htm,8-K,CURRENT REPORT,https://www.sec.gov/Archives/edgar/data/1802450/000121390026095717/ea0304067-8k_msp.htm,True,
LCAPW,2026-08-31 00:00:00,https://www.sec.gov/Archives/edgar/data/1802450/000121390026095717/0001213900-26-095717-index.htm,EX-10.1,"HAZEL LETTER AGREEMENT DATED AUGUST 17, 2026",https://www.sec.gov/Archives/edgar/data/1802450/000121390026095717/ea030406701ex10-1.htm,True,
LCAPW,2026-08-31 00:00:00,https://www.sec.gov/Archives/edgar/data/1802450/000121390026095717/0001213900-26-095717-index.htm,EX-10.2,"HAZEL LETTER AGREEMENT DATED AUGUST 26, 2026",https://www.sec.gov/Archives/edgar/data/1802450/000121390026095717/ea030406701ex10-2.htm,True,
LCAPU,2026-08-31 00:00:00,https://www.sec.gov/Archives/edgar/data/1802450/000121390026095717/0001213900-26-095717-index.htm,8-K,CURRENT REPORT,https://www.sec.gov/Archives/edgar/data/1802450/000121390026095717/ea0304067-8k_msp.htm,True,
LCAPU,2026-08-31 00:00:00,https://www.sec.gov/Archives/edgar/data/1802450/000121390026095717/0001213900-26-095717-index.htm,EX-10.1,"HAZEL LETTER AGREEMENT DATED AUGUST 17, 2026",https://www.sec.gov/Archives/edgar/data/1802450/000121390026095717/ea030406701ex10-1.htm,True,
LCAPU,2026-08-31 00:00:00,https://www.sec.gov/Archives/edgar/data/1802450/000121390026095717/0001213900-26-095717-index.htm,EX-10.2,"HAZEL LETTER AGREEMENT DATED AUGUST 26, 2026",https://www.sec.gov/Archives/edgar/data/1802450/000121390026095717/ea030406701ex10-2.htm,True,
LIFW,2026-08-31 00:00:00,https://www.sec.gov/Archives/edgar/data/1802450/000121390026095717/0001213900-26-095717-index.htm,8-K,CURRENT REPORT,https://www.sec.gov/Archives/edgar/data/1802450/000121390026095717/ea0304067-8k_msp.htm,True,
LIFW,2026-08-31 00:00:00,https://www.sec.gov/Archives/edgar/data/1802450/000121390026095717/0001213900-26-095717-index.htm,EX-10.1,"HAZEL LETTER AGREEMENT DATED AUGUST 17, 2026",https://www.sec.gov/Archives/edgar/data/1802450/000121390026095717/ea030406701ex10-1.htm,True,
LIFW,2026-08-31 00:00:00,https://www.sec.gov/Archives/edgar/data/1802450/000121390026095717/0001213900-26-095717-index.htm,EX-10.2,"HAZEL LETTER AGREEMENT DATED AUGUST 26, 2026",https://www.sec.gov/Archives/edgar/data/1802450/000121390026095717/ea030406701ex10-2.htm,True,
MSPRW,2026-08-31 00:00:00,https://www.sec.gov/Archives/edgar/data/1802450/000121390026095717/0001213900-26-095717-index.htm,8-K,CURRENT REPORT,https://www.sec.gov/Archives/edgar/data/1802450/000121390026095717/ea0304067-8k_msp.htm,True,
MSPRW,2026-08-31 00:00:00,https://www.sec.gov/Archives/edgar/data/1802450/000121390026095717/0001213900-26-095717-index.htm,EX-10.1,"HAZEL LETTER AGREEMENT DATED AUGUST 17, 2026",https://www.sec.gov/Archives/edgar/data/1802450/000121390026095717/ea030406701ex10-1.htm,True,
MSPRW,2026-08-31 00:00:00,https://www.sec.gov/Archives/edgar/data/1802450/000121390026095717/0001213900-26-095717-index.htm,EX-10.2,"HAZEL LETTER AGREEMENT DATED AUGUST 26, 2026",https://www.sec.gov/Archives/edgar/data/1802450/000121390026095717/ea030406701ex10-2.htm,True,
MSPR,2026-08-31 00:00:00,https://www.sec.gov/Archives/edgar/data/1802450/000121390026095717/0001213900-26-095717-index.htm,8-K,CURRENT REPORT,https://www.sec.gov/Archives/edgar/data/1802450/000121390026095717/ea0304067-8k_msp.htm,True,
MSPR,2026-08-31 00:00:00,https://www.sec.gov/Archives/edgar/data/1802450/000121390026095717/0001213900-26-095717-index.htm,EX-10.1,"HAZEL LETTER AGREEMENT DATED AUGUST 17, 2026",https://www.sec.gov/Archives/edgar/data/1802450/000121390026095717/ea030406701ex10-1.htm,True,
MSPR,2026-08-31 00:00:00,https://www.sec.gov/Archives/edgar/data/1802450/000121390026095717/0001213900-26-095717-index.htm,EX-10.2,"HAZEL LETTER AGREEMENT DATED AUGUST 26, 2026",https://www.sec.gov/Archives/edgar/data/1802450/000121390026095717/ea030406701ex10-2.htm,True,
MSPRZ,2026-08-31 00:00:00,https://www.sec.gov/Archives/edgar/data/1802450/000121390026095717/0001213900-26-095717-index.htm,8-K,CURRENT REPORT,https://www.sec.gov/Archives/edgar/data/1802450/000121390026095717/ea0304067-8k_msp.htm,True,
MSPRZ,2026-08-31 00:00:00,https://www.sec.gov/Archives/edgar/data/1802450/000121390026095717/0001213900-26-095717-index.htm,EX-10.1,"HAZEL LETTER AGREEMENT DATED AUGUST 17, 2026",https://www.sec.gov/Archives/edgar/data/1802450/000121390026095717/ea030406701ex10-1.htm,True,
MSPRZ,2026-08-31 00:00:00,https://www.sec.gov/Archives/edgar/data/1802450/000121390026095717/0001213900-26-095717-index.htm,EX-10.2,"HAZEL LETTER AGREEMENT DATED AUGUST 26, 2026",https://www.sec.gov/Archives/edgar/data/1802450/000121390026095717/ea030406701ex10-2.htm,True,
CRWS,2026-08-31 00:00:00,https://www.sec.gov/Archives/edgar/data/25895/000143774926029311/0001437749-26-029311-index.htm,8-K,FORM 8-K,https://www.sec.gov/Archives/edgar/data/25895/000143774926029311/crws20260828_8k.htm,False,
HLX,2026-08-31 00:00:00,https://www.sec.gov/Archives/edgar/data/866829/000114036126035065/0001140361-26-035065-index.htm,8-K,8-K,https://www.sec.gov/Archives/edgar/data/866829/000114036126035065/ef20081337_8k.htm,False,
HLX,2026-08-31 00:00:00,https://www.sec.gov/Archives/edgar/data/866829/000114036126035065/0001140361-26-035065-index.htm,EX-99.1,EXHIBIT 99.1,https://www.sec.gov/Archives/edgar/data/866829/000114036126035065/ef20081337_ex99-1.htm,False,
VSEEW,2026-08-31 00:00:00,https://www.sec.gov/Archives/edgar/data/1864531/000118518526003768/0001185185-26-003768-index.htm,8-K,FORM 8-K,https://www.sec.gov/Archives/edgar/data/1864531/000118518526003768/vsee8k083126.htm,False,
VSEE,2026-08-31 00:00:00,https://www.sec.gov/Archives/edgar/data/1864531/000118518526003768/0001185185-26-003768-index.htm,8-K,FORM 8-K,https://www.sec.gov/Archives/edgar/data/1864531/000118518526003768/vsee8k083126.htm,False,
DHACW,2026-08-31 00:00:00,https://www.sec.gov/Archives/edgar/data/1864531/000118518526003768/0001185185-26-003768-index.htm,8-K,FORM 8-K,https://www.sec.gov/Archives/edgar/data/1864531/000118518526003768/vsee8k083126.htm,False,
DHAC,2026-08-31 00:00:00,https://www.sec.gov/Archives/edgar/data/1864531/000118518526003768/0001185185-26-003768-index.htm,8-K,FORM 8-K,https://www.sec.gov/Archives/edgar/data/1864531/000118518526003768/vsee8k083126.htm,False,
DHACU,2026-08-31 00:00:00,https://www.sec.gov/Archives/edgar/data/1864531/000118518526003768/0001185185-26-003768-index.htm,8-K,FORM 8-K,https://www.sec.gov/Archives/edgar/data/1864531/000118518526003768/vsee8k083126.htm,False,
ARRY,2026-08-31 00:00:00,https://www.sec.gov/Archives/edgar/data/1820721/000162828026059584/0001628280-26-059584-index.htm,8-K,8-K,https://www.sec.gov/Archives/edgar/data/1820721/000162828026059584/arry-20260831.htm,False,
ARRY,2026-08-31 00:00:00,https://www.sec.gov/Archives/edgar/data/1820721/000162828026059584/0001628280-26-059584-index.htm,EX-99.1,EX-99.1,https://www.sec.gov/Archives/edgar/data/1820721/000162828026059584/exhibit9912026awmacquisiti.htm,False,
RPD,2026-08-31 00:00:00,https://www.sec.gov/Archives/edgar/data/1560327/000156032726000046/0001560327-26-000046-index.htm,8-K,8-K,https://www.sec.gov/Archives/edgar/data/1560327/000156032726000046/rp-20260827.htm,False,
SBEV-WT,2026-08-31 00:00:00,https://www.sec.gov/Archives/edgar/data/1553788/000173112226001173/0001731122-26-001173-index.htm,8-K,FORM 8-K,https://www.sec.gov/Archives/edgar/data/1553788/000173112226001173/e7903_8-k.htm,False,
SBEV-WT,2026-08-31 00:00:00,https://www.sec.gov/Archives/edgar/data/1553788/000173112226001173/0001731122-26-001173-index.htm,EX-99.1,EXHIBIT 99.1,https://www.sec.gov/Archives/edgar/data/1553788/000173112226001173/e7903_ex99-1.htm,False,
SBEV,2026-08-31 00:00:00,https://www.sec.gov/Archives/edgar/data/1553788/000173112226001173/0001731122-26-001173-index.htm,8-K,FORM 8-K,https://www.sec.gov/Archives/edgar/data/1553788/000173112226001173/e7903_8-k.htm,False,
SBEV,2026-08-31 00:00:00,https://www.sec.gov/Archives/edgar/data/1553788/000173112226001173/0001731122-26-001173-index.htm,EX-99.1,EXHIBIT 99.1,https://www.sec.gov/Archives/edgar/data/1553788/000173112226001173/e7903_ex99-1.htm,False,
RCMT,2026-08-31 00:00:00,https://www.sec.gov/Archives/edgar/data/700841/000092963826003386/0000929638-26-003386-index.htm,8-K,,https://www.sec.gov/Archives/edgar/data/700841/000092963826003386/a8k.htm,False,
GBX,2026-08-31 00:00:00,https://www.sec.gov/Archives/edgar/data/923120/000119312526376734/0001193125-26-376734-index.htm,8-K,8-K,https://www.sec.gov/Archives/edgar/data/923120/000119312526376734/d111664d8k.htm,False,
GBX,2026-08-31 00:00:00,https://www.sec.gov/Archives/edgar/data/923120/000119312526376734/0001193125-26-376734-index.htm,EX-99.1,EX-99.1,https://www.sec.gov/Archives/edgar/data/923120/000119312526376734/d111664dex991.htm,False,
PMVP,2026-08-31 00:00:00,https://www.sec.gov/Archives/edgar/data/1699382/000119312526376723/0001193125-26-376723-index.htm,8-K,8-K,https://www.sec.gov/Archives/edgar/data/1699382/000119312526376723/d441751d8k.htm,False,
PMVP,2026-08-31 00:00:00,https://www.sec.gov/Archives/edgar/data/1699382/000119312526376723/0001193125-26-376723-index.htm,EX-99.1,EX-99.1,https://www.sec.gov/Archives/edgar/data/1699382/000119312526376723/d441751dex991.htm,False,
IXAQU,2026-08-31 00:00:00,https://www.sec.gov/Archives/edgar/data/1852019/000110465926103875/0001104659-26-103875-index.htm,8-K,FORM 8-K,https://www.sec.gov/Archives/edgar/data/1852019/000110465926103875/tm2623922d1_8k.htm,True,
IXAQW,2026-08-31 00:00:00,https://www.sec.gov/Archives/edgar/data/1852019/000110465926103875/0001104659-26-103875-index.htm,8-K,FORM 8-K,https://www.sec.gov/Archives/edgar/data/1852019/000110465926103875/tm2623922d1_8k.htm,True,
IXAQF,2026-08-31 00:00:00,https://www.sec.gov/Archives/edgar/data/1852019/000110465926103875/0001104659-26-103875-index.htm,8-K,FORM 8-K,https://www.sec.gov/Archives/edgar/data/1852019/000110465926103875/tm2623922d1_8k.htm,True,
IXAQ,2026-08-31 00:00:00,https://www.sec.gov/Archives/edgar/data/1852019/000110465926103875/0001104659-26-103875-index.htm,8-K,FORM 8-K,https://www.sec.gov/Archives/edgar/data/1852019/000110465926103875/tm2623922d1_8k.htm,True,
WYNN,2026-08-31 00:00:00,https://www.sec.gov/Archives/edgar/data/1174922/000117492226000057/0001174922-26-000057-index.htm,8-K,8-K,https://www.sec.gov/Archives/edgar/data/1174922/000117492226000057/wynn-20260831.htm,False,
WYNN,2026-08-31 00:00:00,https://www.sec.gov/Archives/edgar/data/1174922/000117492226000057/0001174922-26-000057-index.htm,EX-99.1,EX-99.1,https://www.sec.gov/Archives/edgar/data/1174922/000117492226000057/ex991wml2026interimrepor.htm,False,
GIA,2026-08-31 00:00:00,https://www.sec.gov/Archives/edgar/data/1844505/000162828026059577/0001628280-26-059577-index.htm,8-K,8-K,https://www.sec.gov/Archives/edgar/data/1844505/000162828026059577/qti-20260828.htm,False,
GIA-UN,2026-08-31 00:00:00,https://www.sec.gov/Archives/edgar/data/1844505/000162828026059577/0001628280-26-059577-index.htm,8-K,8-K,https://www.sec.gov/Archives/edgar/data/1844505/000162828026059577/qti-20260828.htm,False,
GIA-WT,2026-08-31 00:00:00,https://www.sec.gov/Archives/edgar/data/1844505/000162828026059577/0001628280-26-059577-index.htm,8-K,8-K,https://www.sec.gov/Archives/edgar/data/1844505/000162828026059577/qti-20260828.htm,False,
QTI,2026-08-31 00:00:00,https://www.sec.gov/Archives/edgar/data/1844505/000162828026059577/0001628280-26-059577-index.htm,8-K,8-K,https://www.sec.gov/Archives/edgar/data/1844505/000162828026059577/qti-20260828.htm,False,
QTIH,2026-08-31 00:00:00,https://www.sec.gov/Archives/edgar/data/1844505/000162828026059577/0001628280-26-059577-index.htm,8-K,8-K,https://www.sec.gov/Archives/edgar/data/1844505/000162828026059577/qti-20260828.htm,False,
QTIWW,2026-08-31 00:00:00,https://www.sec.gov/Archives/edgar/data/1844505/000162828026059577/0001628280-26-059577-index.htm,8-K,8-K,https://www.sec.gov/Archives/edgar/data/1844505/000162828026059577/qti-20260828.htm,False,
AVCO,2026-08-31 00:00:00,https://www.sec.gov/Archives/edgar/data/1630212/000121390026095707/0001213900-26-095707-index.htm,8-K,CURRENT REPORT,https://www.sec.gov/Archives/edgar/data/1630212/000121390026095707/ea0303869-8k_change.htm,False,
AVCO,2026-08-31 00:00:00,https://www.sec.gov/Archives/edgar/data/1630212/000121390026095707/0001213900-26-095707-index.htm,EX-99.1,"PRESS RELEASE DATED AUGUST 27, 2026",https://www.sec.gov/Archives/edgar/data/1630212/000121390026095707/ea030386901ex99-1.htm,False,
ALBT,2026-08-31 00:00:00,https://www.sec.gov/Archives/edgar/data/1630212/000121390026095707/0001213900-26-095707-index.htm,8-K,CURRENT REPORT,https://www.sec.gov/Archives/edgar/data/1630212/000121390026095707/ea0303869-8k_change.htm,False,
ALBT,2026-08-31 00:00:00,https://www.sec.gov/Archives/edgar/data/1630212/000121390026095707/0001213900-26-095707-index.htm,EX-99.1,"PRESS RELEASE DATED AUGUST 27, 2026",https://www.sec.gov/Archives/edgar/data/1630212/000121390026095707/ea030386901ex99-1.htm,False,
CELZ,2026-08-31 00:00:00,https://www.sec.gov/Archives/edgar/data/1187953/000147793226005329/0001477932-26-005329-index.htm,8-K,FORM 8-K,https://www.sec.gov/Archives/edgar/data/1187953/000147793226005329/celz_8k.htm,False,
COHN,2026-08-31 00:00:00,https://www.sec.gov/Archives/edgar/data/1270436/000110465926103870/0001104659-26-103870-index.htm,8-K,FORM 8-K,https://www.sec.gov/Archives/edgar/data/1270436/000110465926103870/tm2624009d1_8k.htm,True,
COHN,2026-08-31 00:00:00,https://www.sec.gov/Archives/edgar/data/1270436/000110465926103870/0001104659-26-103870-index.htm,EX-10.1,EXHIBIT 10.1,https://www.sec.gov/Archives/edgar/data/1270436/000110465926103870/tm2624009d1_ex10-1.htm,True,
ALGN,2026-08-31 00:00:00,https://www.sec.gov/Archives/edgar/data/1097149/000109714926000065/0001097149-26-000065-index.htm,8-K,8-K,https://www.sec.gov/Archives/edgar/data/1097149/000109714926000065/algn-20260827.htm,False,
ALGN,2026-08-31 00:00:00,https://www.sec.gov/Archives/edgar/data/1097149/000109714926000065/0001097149-26-000065-index.htm,EX-99.1,EX-99.1,https://www.sec.gov/Archives/edgar/data/1097149/000109714926000065/algn-ex991algnpressrelease.htm,False,
BOF,2026-08-31 00:00:00,https://www.sec.gov/Archives/edgar/data/1962481/000149315226040819/0001493152-26-040819-index.htm,8-K,8-K,https://www.sec.gov/Archives/edgar/data/1962481/000149315226040819/form8-k.htm,False,
BOF,2026-08-31 00:00:00,https://www.sec.gov/Archives/edgar/data/1962481/000149315226040819/0001493152-26-040819-index.htm,EX-99.1,EX-99.1,https://www.sec.gov/Archives/edgar/data/1962481/000149315226040819/ex99-1.htm,False,
MYE,2026-08-31 00:00:00,https://www.sec.gov/Archives/edgar/data/69488/000119312526376721/0001193125-26-376721-index.htm,8-K,8-K,https://www.sec.gov/Archives/edgar/data/69488/000119312526376721/mye-20260831.htm,True,
MYE,2026-08-31 00:00:00,https://www.sec.gov/Archives/edgar/data/69488/000119312526376721/0001193125-26-376721-index.htm,EX-99.1,EX-99.1,https://www.sec.gov/Archives/edgar/data/69488/000119312526376721/mye-ex99_1.htm,False,
UMH-PC,2026-08-31 00:00:00,https://www.sec.gov/Archives/edgar/data/752642/000149315226040820/0001493152-26-040820-index.htm,8-K,8-K,https://www.sec.gov/Archives/edgar/data/752642/000149315226040820/form8-k.htm,False,
UMH,2026-08-31 00:00:00,https://www.sec.gov/Archives/edgar/data/752642/000149315226040820/0001493152-26-040820-index.htm,8-K,8-K,https://www.sec.gov/Archives/edgar/data/752642/000149315226040820/form8-k.htm,False,
UMH-PD,2026-08-31 00:00:00,https://www.sec.gov/Archives/edgar/data/752642/000149315226040820/0001493152-26-040820-index.htm,8-K,8-K,https://www.sec.gov/Archives/edgar/data/752642/000149315226040820/form8-k.htm,False,
CMBM,2026-08-31 00:00:00,https://www.sec.gov/Archives/edgar/data/1738177/000119312526376720/0001193125-26-376720-index.htm,8-K,8-K,https://www.sec.gov/Archives/edgar/data/1738177/000119312526376720/cmbmf-20260825.htm,False,
CWH,2026-08-31 00:00:00,https://www.sec.gov/Archives/edgar/data/1669779/000110465926103869/0001104659-26-103869-index.htm,8-K,8-K,https://www.sec.gov/Archives/edgar/data/1669779/000110465926103869/cwh-20260825x8k.htm,True,
CWH,2026-08-31 00:00:00,https://www.sec.gov/Archives/edgar/data/1669779/000110465926103869/0001104659-26-103869-index.htm,EX-10.1,EX-10.1,https://www.sec.gov/Archives/edgar/data/1669779/000110465926103869/cwh-20260825xex10d1.htm,True,
WOR,2026-08-31 00:00:00,https://www.sec.gov/Archives/edgar/data/108516/000119312526376705/0001193125-26-376705-index.htm,8-K,8-K,https://www.sec.gov/Archives/edgar/data/108516/000119312526376705/wor-20260831.htm,True,
GROV,2026-08-31 00:00:00,https://www.sec.gov/Archives/edgar/data/1841761/000184176126000086/0001841761-26-000086-index.htm,8-K,8-K,https://www.sec.gov/Archives/edgar/data/1841761/000184176126000086/grov-20260827.htm,False,
GROV-WT,2026-08-31 00:00:00,https://www.sec.gov/Archives/edgar/data/1841761/000184176126000086/0001841761-26-000086-index.htm,8-K,8-K,https://www.sec.gov/Archives/edgar/data/1841761/000184176126000086/grov-20260827.htm,False,
GROVW,2026-08-31 00:00:00,https://www.sec.gov/Archives/edgar/data/1841761/000184176126000086/0001841761-26-000086-index.htm,8-K,8-K,https://www.sec.gov/Archives/edgar/data/1841761/000184176126000086/grov-20260827.htm,False,
ONOV,2026-08-31 00:00:00,https://www.sec.gov/Archives/edgar/data/1877939/000187793926000075/0001877939-26-000075-index.htm,8-K,8-K,https://www.sec.gov/Archives/edgar/data/1877939/000187793926000075/ctm-20260831.htm,False,
ONOV,2026-08-31 00:00:00,https://www.sec.gov/Archives/edgar/data/1877939/000187793926000075/0001877939-26-000075-index.htm,EX-99.1,EX-99.1,https://www.sec.gov/Archives/edgar/data/1877939/000187793926000075/exhibit991august312026.htm,False,
CTM,2026-08-31 00:00:00,https://www.sec.gov/Archives/edgar/data/1877939/000187793926000075/0001877939-26-000075-index.htm,8-K,8-K,https://www.sec.gov/Archives/edgar/data/1877939/000187793926000075/ctm-20260831.htm,False,
CTM,2026-08-31 00:00:00,https://www.sec.gov/Archives/edgar/data/1877939/000187793926000075/0001877939-26-000075-index.htm,EX-99.1,EX-99.1,https://www.sec.gov/Archives/edgar/data/1877939/000187793926000075/exhibit991august312026.htm,False,
NAOV,2026-08-31 00:00:00,https://www.sec.gov/Archives/edgar/data/1326706/000149315226040814/0001493152-26-040814-index.htm,8-K,8-K,https://www.sec.gov/Archives/edgar/data/1326706/000149315226040814/form8-k.htm,False,
NAOV,2026-08-31 00:00:00,https://www.sec.gov/Archives/edgar/data/1326706/000149315226040814/0001493152-26-040814-index.htm,EX-99.1,EX-99.1,https://www.sec.gov/Archives/edgar/data/1326706/000149315226040814/ex99-1.htm,False,
IOAC,2026-08-31 00:00:00,https://www.sec.gov/Archives/edgar/data/1854275/000121390026095700/0001213900-26-095700-index.htm,8-K,CURRENT REPORT,https://www.sec.gov/Archives/edgar/data/1854275/000121390026095700/ea0304018-8k_zoomcar.htm,False,
IOAC,2026-08-31 00:00:00,https://www.sec.gov/Archives/edgar/data/1854275/000121390026095700/0001213900-26-095700-index.htm,EX-99.1,"PRESS RELEASE, DATED AUGUST 31, 2026",https://www.sec.gov/Archives/edgar/data/1854275/000121390026095700/ea030401801ex99-1.htm,False,
IOACU,2026-08-31 00:00:00,https://www.sec.gov/Archives/edgar/data/1854275/000121390026095700/0001213900-26-095700-index.htm,8-K,CURRENT REPORT,https://www.sec.gov/Archives/edgar/data/1854275/000121390026095700/ea0304018-8k_zoomcar.htm,False,
IOACU,2026-08-31 00:00:00,https://www.sec.gov/Archives/edgar/data/1854275/000121390026095700/0001213900-26-095700-index.htm,EX-99.1,"PRESS RELEASE, DATED AUGUST 31, 2026",https://www.sec.gov/Archives/edgar/data/1854275/000121390026095700/ea030401801ex99-1.htm,False,
IOACW,2026-08-31 00:00:00,https://www.sec.gov/Archives/edgar/data/1854275/000121390026095700/0001213900-26-095700-index.htm,8-K,CURRENT REPORT,https://www.sec.gov/Archives/edgar/data/1854275/000121390026095700/ea0304018-8k_zoomcar.htm,False,
IOACW,2026-08-31 00:00:00,https://www.sec.gov/Archives/edgar/data/1854275/000121390026095700/0001213900-26-095700-index.htm,EX-99.1,"PRESS RELEASE, DATED AUGUST 31, 2026",https://www.sec.gov/Archives/edgar/data/1854275/000121390026095700/ea030401801ex99-1.htm,False,
ZCAR,2026-08-31 00:00:00,https://www.sec.gov/Archives/edgar/data/1854275/000121390026095700/0001213900-26-095700-index.htm,8-K,CURRENT REPORT,https://www.sec.gov/Archives/edgar/data/1854275/000121390026095700/ea0304018-8k_zoomcar.htm,False,
ZCAR,2026-08-31 00:00:00,https://www.sec.gov/Archives/edgar/data/1854275/000121390026095700/0001213900-26-095700-index.htm,EX-99.1,"PRESS RELEASE, DATED AUGUST 31, 2026",https://www.sec.gov/Archives/edgar/data/1854275/000121390026095700/ea030401801ex99-1.htm,False,
ZCARW,2026-08-31 00:00:00,https://www.sec.gov/Archives/edgar/data/1854275/000121390026095700/0001213900-26-095700-index.htm,8-K,CURRENT REPORT,https://www.sec.gov/Archives/edgar/data/1854275/000121390026095700/ea0304018-8k_zoomcar.htm,False,
ZCARW,2026-08-31 00:00:00,https://www.sec.gov/Archives/edgar/data/1854275/000121390026095700/0001213900-26-095700-index.htm,EX-99.1,"PRESS RELEASE, DATED AUGUST 31, 2026",https://www.sec.gov/Archives/edgar/data/1854275/000121390026095700/ea030401801ex99-1.htm,False,
NSAI,2026-08-31 00:00:00,https://www.sec.gov/Archives/edgar/data/2133719/000121390026095697/0001213900-26-095697-index.htm,8-K,CURRENT REPORT,https://www.sec.gov/Archives/edgar/data/2133719/000121390026095697/ea0304061-8k_northstrive1.htm,False,
NSAI,2026-08-31 00:00:00,https://www.sec.gov/Archives/edgar/data/2133719/000121390026095697/0001213900-26-095697-index.htm,EX-99.1,"PRESS RELEASE DATED AUGUST 31, 2026",https://www.sec.gov/Archives/edgar/data/2133719/000121390026095697/ea030406101ex99-1.htm,False,
NSAIU,2026-08-31 00:00:00,https://www.sec.gov/Archives/edgar/data/2133719/000121390026095697/0001213900-26-095697-index.htm,8-K,CURRENT REPORT,https://www.sec.gov/Archives/edgar/data/2133719/000121390026095697/ea0304061-8k_northstrive1.htm,False,
NSAIU,2026-08-31 00:00:00,https://www.sec.gov/Archives/edgar/data/2133719/000121390026095697/0001213900-26-095697-index.htm,EX-99.1,"PRESS RELEASE DATED AUGUST 31, 2026",https://www.sec.gov/Archives/edgar/data/2133719/000121390026095697/ea030406101ex99-1.htm,False,
None,2026-08-31 00:00:00,https://www.sec.gov/Archives/edgar/data/2033695/000119312526376676/0001193125-26-376676-index.htm,8-K,8-K,https://www.sec.gov/Archives/edgar/data/2033695/000119312526376676/ck0002033695-20260831.htm,False,
None,2026-08-31 00:00:00,https://www.sec.gov/Archives/edgar/data/1882850/000119312526376677/0001193125-26-376677-index.htm,8-K,8-K,https://www.sec.gov/Archives/edgar/data/1882850/000119312526376677/ck0001882850-20260831.htm,False,
BBIO,2026-08-31 00:00:00,https://www.sec.gov/Archives/edgar/data/1743881/000114036126035055/0001140361-26-035055-index.htm,8-K,8-K,https://www.sec.gov/Archives/edgar/data/1743881/000114036126035055/ef20081330_8k.htm,False,
BBIO,2026-08-31 00:00:00,https://www.sec.gov/Archives/edgar/data/1743881/000114036126035055/0001140361-26-035055-index.htm,EX-99.1,EXHIBIT 99.1,https://www.sec.gov/Archives/edgar/data/1743881/000114036126035055/ef20081330_ex99-1.htm,False,
None,2026-08-31 00:00:00,https://www.sec.gov/Archives/edgar/data/2093119/000153949726002392/0001539497-26-002392-index.htm,8-K,8-K,https://www.sec.gov/Archives/edgar/data/2093119/000153949726002392/n5438_x28-8k.htm,False,
BKE,2026-08-31 00:00:00,https://www.sec.gov/Archives/edgar/data/885245/000088524526000035/0000885245-26-000035-index.htm,8-K,"THE BUCKLE, INC. 8-K",https://www.sec.gov/Archives/edgar/data/885245/000088524526000035/bke-20260825.htm,False,
BKE,2026-08-31 00:00:00,https://www.sec.gov/Archives/edgar/data/885245/000088524526000035/0000885245-26-000035-index.htm,EX-99.1,EX-99.1,https://www.sec.gov/Archives/edgar/data/885245/000088524526000035/bke20268258-kex.htm,False,
TNON,2026-08-31 00:00:00,https://www.sec.gov/Archives/edgar/data/1560293/000121390026095686/0001213900-26-095686-index.htm,8-K,CURRENT REPORT,https://www.sec.gov/Archives/edgar/data/1560293/000121390026095686/ea0303883-8k_tenon.htm,True,
TNON,2026-08-31 00:00:00,https://www.sec.gov/Archives/edgar/data/1560293/000121390026095686/0001213900-26-095686-index.htm,EX-10.1,FORM OF SECURITIES PURCHASE AGREEMENT,https://www.sec.gov/Archives/edgar/data/1560293/000121390026095686/ea030388301ex10-1.htm,True,
TNON,2026-08-31 00:00:00,https://www.sec.gov/Archives/edgar/data/1560293/000121390026095686/0001213900-26-095686-index.htm,EX-10.2,FORM OF REGISTRATION RIGHTS AGREEMENT,https://www.sec.gov/Archives/edgar/data/1560293/000121390026095686/ea030388301ex10-2.htm,False,
TNON,2026-08-31 00:00:00,https://www.sec.gov/Archives/edgar/data/1560293/000121390026095686/0001213900-26-095686-index.htm,EX-99.1,"PRESS RELEASE ISSUED BY TENON MEDICAL, INC. DATED AUGUST 28, 2026",https://www.sec.gov/Archives/edgar/data/1560293/000121390026095686/ea030388301ex99-1.htm,False,
None,2026-08-31 00:00:00,https://www.sec.gov/Archives/edgar/data/1976927/000197692726000067/0001976927-26-000067-index.htm,8-K,8-K,https://www.sec.gov/Archives/edgar/data/1976927/000197692726000067/incref-20260831.htm,False,
None,2026-08-31 00:00:00,https://www.sec.gov/Archives/edgar/data/1756761/000175676126000122/0001756761-26-000122-index.htm,8-K,8-K,https://www.sec.gov/Archives/edgar/data/1756761/000175676126000122/inreit-20260831.htm,False,
None,2026-08-31 00:00:00,https://www.sec.gov/Archives/edgar/data/2148771/000153949726002383/0001539497-26-002383-index.htm,8-K,8-K,https://www.sec.gov/Archives/edgar/data/2148771/000153949726002383/n6075_x19-8k.htm,False,
None,2026-08-31 00:00:00,https://www.sec.gov/Archives/edgar/data/1654238/000092963826003359/0000929638-26-003359-index.htm,8-K,CURRENT REPORT,https://www.sec.gov/Archives/edgar/data/1654238/000092963826003359/eart2026-4_8k.htm,True,
None,2026-08-31 00:00:00,https://www.sec.gov/Archives/edgar/data/1654238/000092963826003359/0000929638-26-003359-index.htm,EX-10.1,PURCHASE AGREEMENT,https://www.sec.gov/Archives/edgar/data/1654238/000092963826003359/exhibit10-1.htm,True,
None,2026-08-31 00:00:00,https://www.sec.gov/Archives/edgar/data/1654238/000092963826003359/0000929638-26-003359-index.htm,EX-10.2,CONTRIBUTION AGREEMENT,https://www.sec.gov/Archives/edgar/data/1654238/000092963826003359/exhibit10-2.htm,True,
None,2026-08-31 00:00:00,https://www.sec.gov/Archives/edgar/data/2150254/000092963826003359/0000929638-26-003359-index.htm,8-K,CURRENT REPORT,https://www.sec.gov/Archives/edgar/data/1654238/000092963826003359/eart2026-4_8k.htm,True,
None,2026-08-31 00:00:00,https://www.sec.gov/Archives/edgar/data/2150254/000092963826003359/0000929638-26-003359-index.htm,EX-10.1,PURCHASE AGREEMENT,https://www.sec.gov/Archives/edgar/data/1654238/000092963826003359/exhibit10-1.htm,True,
None,2026-08-31 00:00:00,https://www.sec.gov/Archives/edgar/data/2150254/000092963826003359/0000929638-26-003359-index.htm,EX-10.2,CONTRIBUTION AGREEMENT,https://www.sec.gov/Archives/edgar/data/1654238/000092963826003359/exhibit10-2.htm,True,
None,2026-08-31 00:00:00,https://www.sec.gov/Archives/edgar/data/2150254/000092963826003358/0000929638-26-003358-index.htm,8-K,CURRENT REPORT,https://www.sec.gov/Archives/edgar/data/1654238/000092963826003358/eart2026-4_8k.htm,False,
None,2026-08-31 00:00:00,https://www.sec.gov/Archives/edgar/data/1654238/000092963826003358/0000929638-26-003358-index.htm,8-K,CURRENT REPORT,https://www.sec.gov/Archives/edgar/data/1654238/000092963826003358/eart2026-4_8k.htm,False,
None,2026-08-31 00:00:00,https://www.sec.gov/Archives/edgar/data/1999511/000177037326000048/0001770373-26-000048-index.htm,8-K,8-K,https://www.sec.gov/Archives/edgar/data/1770373/000177037326000048/crvna2026-p3xform8xkreclos.htm,True,
None,2026-08-31 00:00:00,https://www.sec.gov/Archives/edgar/data/1999511/000177037326000048/0001770373-26-000048-index.htm,EX-10.1,EX-10.1,https://www.sec.gov/Archives/edgar/data/1770373/000177037326000048/crvna2026-p3xex101receivab.htm,False,
None,2026-08-31 00:00:00,https://www.sec.gov/Archives/edgar/data/1999511/000177037326000048/0001770373-26-000048-index.htm,EX-10.2,EX-10.2,https://www.sec.gov/Archives/edgar/data/1770373/000177037326000048/crvna2026-p3xex102receivab.htm,False,
None,2026-08-31 00:00:00,https://www.sec.gov/Archives/edgar/data/1770373/000177037326000048/0001770373-26-000048-index.htm,8-K,8-K,https://www.sec.gov/Archives/edgar/data/1770373/000177037326000048/crvna2026-p3xform8xkreclos.htm,True,
None,2026-08-31 00:00:00,https://www.sec.gov/Archives/edgar/data/1770373/000177037326000048/0001770373-26-000048-index.htm,EX-10.1,EX-10.1,https://www.sec.gov/Archives/edgar/data/1770373/000177037326000048/crvna2026-p3xex101receivab.htm,False,
None,2026-08-31 00:00:00,https://www.sec.gov/Archives/edgar/data/1770373/000177037326000048/0001770373-26-000048-index.htm,EX-10.2,EX-10.2,https://www.sec.gov/Archives/edgar/data/1770373/000177037326000048/crvna2026-p3xex102receivab.htm,False,
UTMD,2026-08-31 00:00:00,https://www.sec.gov/Archives/edgar/data/706698/000109690626001326/0001096906-26-001326-index.htm,8-K,"UTAH MEDICAL PRODUCTS, INC. - FORM 8-K SEC FILING",https://www.sec.gov/Archives/edgar/data/706698/000109690626001326/utmd-20260831_8k.htm,False,
UTMD,2026-08-31 00:00:00,https://www.sec.gov/Archives/edgar/data/706698/000109690626001326/0001096906-26-001326-index.htm,EX-99.1,"PRESS RELEASE ISSUED AUGUST 31, 2026: FEMCARE LTD ACQUIRES ORION MEDICAL SUPPLIE",https://www.sec.gov/Archives/edgar/data/706698/000109690626001326/utmd_ex99z1.htm,False,
AREB,2026-08-31 00:00:00,https://www.sec.gov/Archives/edgar/data/1648087/000149315226040784/0001493152-26-040784-index.htm,8-K,8-K,https://www.sec.gov/Archives/edgar/data/1648087/000149315226040784/form8-k.htm,True,
AREB,2026-08-31 00:00:00,https://www.sec.gov/Archives/edgar/data/1648087/000149315226040784/0001493152-26-040784-index.htm,EX-10.1,EX-10.1,https://www.sec.gov/Archives/edgar/data/1648087/000149315226040784/ex10-1.htm,False,
AREB,2026-08-31 00:00:00,https://www.sec.gov/Archives/edgar/data/1648087/000149315226040784/0001493152-26-040784-index.htm,EX-10.2,EX-10.2,https://www.sec.gov/Archives/edgar/data/1648087/000149315226040784/ex10-2.htm,False,
AREB,2026-08-31 00:00:00,https://www.sec.gov/Archives/edgar/data/1648087/000149315226040784/0001493152-26-040784-index.htm,EX-99.1,EX-99.1,https://www.sec.gov/Archives/edgar/data/1648087/000149315226040784/ex99-1.htm,False,
AREBW,2026-08-31 00:00:00,https://www.sec.gov/Archives/edgar/data/1648087/000149315226040784/0001493152-26-040784-index.htm,8-K,8-K,https://www.sec.gov/Archives/edgar/data/1648087/000149315226040784/form8-k.htm,True,
AREBW,2026-08-31 00:00:00,https://www.sec.gov/Archives/edgar/data/1648087/000149315226040784/0001493152-26-040784-index.htm,EX-10.1,EX-10.1,https://www.sec.gov/Archives/edgar/data/1648087/000149315226040784/ex10-1.htm,False,
AREBW,2026-08-31 00:00:00,https://www.sec.gov/Archives/edgar/data/1648087/000149315226040784/0001493152-26-040784-index.htm,EX-10.2,EX-10.2,https://www.sec.gov/Archives/edgar/data/1648087/000149315226040784/ex10-2.htm,False,
AREBW,2026-08-31 00:00:00,https://www.sec.gov/Archives/edgar/data/1648087/000149315226040784/0001493152-26-040784-index.htm,EX-99.1,EX-99.1,https://www.sec.gov/Archives/edgar/data/1648087/000149315226040784/ex99-1.htm,False,
None,2026-08-31 00:00:00,https://www.sec.gov/Archives/edgar/data/1946997/000119312526376236/0001193125-26-376236-index.htm,8-K,8-K,https://www.sec.gov/Archives/edgar/data/1946997/000119312526376236/ck0001946997-20260831.htm,False,
None,2026-08-31 00:00:00,https://www.sec.gov/Archives/edgar/data/1895316/000110465926103741/0001104659-26-103741-index.htm,8-K,FORM 8-K,https://www.sec.gov/Archives/edgar/data/1895316/000110465926103741/tm2624380d1_8k.htm,False,
None,2026-08-31 00:00:00,https://www.sec.gov/Archives/edgar/data/2125567/000121390026095583/0001213900-26-095583-index.htm,8-K,CURRENT REPORT,https://www.sec.gov/Archives/edgar/data/2125567/000121390026095583/ea0303787-8k_samos.htm,False,
None,2026-08-31 00:00:00,https://www.sec.gov/Archives/edgar/data/2125567/000121390026095583/0001213900-26-095583-index.htm,EX-99.1,"PRESS RELEASE DATED AUGUST 31, 2026",https://www.sec.gov/Archives/edgar/data/2125567/000121390026095583/ea030378701ex99-1.htm,False,
None,2026-08-31 00:00:00,https://www.sec.gov/Archives/edgar/data/1893262/000162828026059501/0001628280-26-059501-index.htm,8-K,8-K,https://www.sec.gov/Archives/edgar/data/1893262/000162828026059501/ck0001893262-20260831.htm,False,
None,2026-08-31 00:00:00,https://www.sec.gov/Archives/edgar/data/2074065/000110465926103666/0001104659-26-103666-index.htm,8-K,FORM 8-K,https://www.sec.gov/Archives/edgar/data/2074065/000110465926103666/tm2624206d1_8k.htm,False,
None,2026-08-31 00:00:00,https://www.sec.gov/Archives/edgar/data/1711929/000119312526375795/0001193125-26-375795-index.htm,8-K,8-K,https://www.sec.gov/Archives/edgar/data/1711929/000119312526375795/ck0001711929-20260831.htm,False,
BOKFL,2026-08-31 00:00:00,https://www.sec.gov/Archives/edgar/data/875357/000087535726000051/0000875357-26-000051-index.htm,8-K,8-K,https://www.sec.gov/Archives/edgar/data/875357/000087535726000051/bokf-20260831.htm,False,
BOKFL,2026-08-31 00:00:00,https://www.sec.gov/Archives/edgar/data/875357/000087535726000051/0000875357-26-000051-index.htm,EX-99.1,EX-99.1,https://www.sec.gov/Archives/edgar/data/875357/000087535726000051/a20260630bokfinvestordec.htm,False,
BOKF,2026-08-31 00:00:00,https://www.sec.gov/Archives/edgar/data/875357/000087535726000051/0000875357-26-000051-index.htm,8-K,8-K,https://www.sec.gov/Archives/edgar/data/875357/000087535726000051/bokf-20260831.htm,False,
BOKF,2026-08-31 00:00:00,https://www.sec.gov/Archives/edgar/data/875357/000087535726000051/0000875357-26-000051-index.htm,EX-99.1,EX-99.1,https://www.sec.gov/Archives/edgar/data/875357/000087535726000051/a20260630bokfinvestordec.htm,False,
EAWD,2026-08-31 00:00:00,https://www.sec.gov/Archives/edgar/data/1563298/000107997326001200/0001079973-26-001200-index.htm,8-K,FORNM 8-K,https://www.sec.gov/Archives/edgar/data/1563298/000107997326001200/eawd_8k.htm,False,
None,2026-08-31 00:00:00,https://www.sec.gov/Archives/edgar/data/2026448/000162828026059484/0001628280-26-059484-index.htm,8-K,8-K,https://www.sec.gov/Archives/edgar/data/2026448/000162828026059484/pcrei-20260831.htm,False,
None,2026-08-31 00:00:00,https://www.sec.gov/Archives/edgar/data/1923622/000119312526375613/0001193125-26-375613-index.htm,8-K,8-K,https://www.sec.gov/Archives/edgar/data/1923622/000119312526375613/ck0001923622-20260827.htm,False,
MVIS,2026-08-31 00:00:00,https://www.sec.gov/Archives/edgar/data/65770/000149315226040752/0001493152-26-040752-index.htm,8-K,8-K,https://www.sec.gov/Archives/edgar/data/65770/000149315226040752/form8-k.htm,False,
MVIS,2026-08-31 00:00:00,https://www.sec.gov/Archives/edgar/data/65770/000149315226040752/0001493152-26-040752-index.htm,EX-99.1,EX-99.1,https://www.sec.gov/Archives/edgar/data/65770/000149315226040752/ex99-1.htm,False,
None,2026-08-31 00:00:00,https://www.sec.gov/Archives/edgar/data/1986395/000119312526375604/0001193125-26-375604-index.htm,8-K,8-K,https://www.sec.gov/Archives/edgar/data/1986395/000119312526375604/ck0001986395-20260831.htm,False,
NWS,2026-08-31 00:00:00,https://www.sec.gov/Archives/edgar/data/1564708/000156470826000191/0001564708-26-000191-index.htm,8-K,8-K,https://www.sec.gov/Archives/edgar/data/1564708/000156470826000191/nws-20260828.htm,False,
NWS,2026-08-31 00:00:00,https://www.sec.gov/Archives/edgar/data/1564708/000156470826000191/0001564708-26-000191-index.htm,EX-99.1,EX-99.1,https://www.sec.gov/Archives/edgar/data/1564708/000156470826000191/appendix3cclassa20260828.htm,False,
NWSA,2026-08-31 00:00:00,https://www.sec.gov/Archives/edgar/data/1564708/000156470826000191/0001564708-26-000191-index.htm,8-K,8-K,https://www.sec.gov/Archives/edgar/data/1564708/000156470826000191/nws-20260828.htm,False,
NWSA,2026-08-31 00:00:00,https://www.sec.gov/Archives/edgar/data/1564708/000156470826000191/0001564708-26-000191-index.htm,EX-99.1,EX-99.1,https://www.sec.gov/Archives/edgar/data/1564708/000156470826000191/appendix3cclassa20260828.htm,False,
AEMD,2026-08-31 00:00:00,https://www.sec.gov/Archives/edgar/data/882291/000168316826006815/0001683168-26-006815-index.htm,8-K,CURRENT REPORT,https://www.sec.gov/Archives/edgar/data/882291/000168316826006815/aethlon_8k.htm,False,
IPEXU,2026-08-31 00:00:00,https://www.sec.gov/Archives/edgar/data/2028355/000121390026095416/0001213900-26-095416-index.htm,8-K,CURRENT REPORT,https://www.sec.gov/Archives/edgar/data/2028355/000121390026095416/ea030396604-8k425_inflect5.htm,False,
IPEXR,2026-08-31 00:00:00,https://www.sec.gov/Archives/edgar/data/2028355/000121390026095416/0001213900-26-095416-index.htm,8-K,CURRENT REPORT,https://www.sec.gov/Archives/edgar/data/2028355/000121390026095416/ea030396604-8k425_inflect5.htm,False,
IPEX,2026-08-31 00:00:00,https://www.sec.gov/Archives/edgar/data/2028355/000121390026095416/0001213900-26-095416-index.htm,8-K,CURRENT REPORT,https://www.sec.gov/Archives/edgar/data/2028355/000121390026095416/ea030396604-8k425_inflect5.htm,False,
MAYA,2026-08-31 00:00:00,https://www.sec.gov/Archives/edgar/data/2028355/000121390026095416/0001213900-26-095416-index.htm,8-K,CURRENT REPORT,https://www.sec.gov/Archives/edgar/data/2028355/000121390026095416/ea030396604-8k425_inflect5.htm,False,
MAYAR,2026-08-31 00:00:00,https://www.sec.gov/Archives/edgar/data/2028355/000121390026095416/0001213900-26-095416-index.htm,8-K,CURRENT REPORT,https://www.sec.gov/Archives/edgar/data/2028355/000121390026095416/ea030396604-8k425_inflect5.htm,False,
MAYAU,2026-08-31 00:00:00,https://www.sec.gov/Archives/edgar/data/2028355/000121390026095416/0001213900-26-095416-index.htm,8-K,CURRENT REPORT,https://www.sec.gov/Archives/edgar/data/2028355/000121390026095416/ea030396604-8k425_inflect5.htm,False,
MPTI,2026-08-31 00:00:00,https://www.sec.gov/Archives/edgar/data/1902314/000143774926029252/0001437749-26-029252-index.htm,8-K,FORM 8-K,https://www.sec.gov/Archives/edgar/data/1902314/000143774926029252/mpti20260814c_8k.htm,False,
MPTI,2026-08-31 00:00:00,https://www.sec.gov/Archives/edgar/data/1902314/000143774926029252/0001437749-26-029252-index.htm,EX-99.1,EXHIBIT 99.1,https://www.sec.gov/Archives/edgar/data/1902314/000143774926029252/ex_1005216.htm,False,
ROAD,2026-08-31 00:00:00,https://www.sec.gov/Archives/edgar/data/1718227/000162828026059479/0001628280-26-059479-index.htm,8-K,8-K,https://www.sec.gov/Archives/edgar/data/1718227/000162828026059479/road-20260831.htm,False,
ROAD,2026-08-31 00:00:00,https://www.sec.gov/Archives/edgar/data/1718227/000162828026059479/0001628280-26-059479-index.htm,EX-99.1,EX-99.1,https://www.sec.gov/Archives/edgar/data/1718227/000162828026059479/exhibit991_pressrelease083.htm,False,
AIN,2026-08-31 00:00:00,https://www.sec.gov/Archives/edgar/data/819793/000162828026059478/0001628280-26-059478-index.htm,8-K,8-K,https://www.sec.gov/Archives/edgar/data/819793/000162828026059478/ain-20260831.htm,False,
CHH,2026-08-31 00:00:00,https://www.sec.gov/Archives/edgar/data/1046311/000119312526375580/0001193125-26-375580-index.htm,8-K,8-K,https://www.sec.gov/Archives/edgar/data/1046311/000119312526375580/d767448d8k.htm,False,
CHH,2026-08-31 00:00:00,https://www.sec.gov/Archives/edgar/data/1046311/000119312526375580/0001193125-26-375580-index.htm,EX-10.1,EX-10.1,https://www.sec.gov/Archives/edgar/data/1046311/000119312526375580/d767448dex101.htm,False,
CHH,2026-08-31 00:00:00,https://www.sec.gov/Archives/edgar/data/1046311/000119312526375580/0001193125-26-375580-index.htm,EX-99.1,EX-99.1,https://www.sec.gov/Archives/edgar/data/1046311/000119312526375580/d767448dex991.htm,False,
FNGR,2026-08-31 00:00:00,https://www.sec.gov/Archives/edgar/data/1602409/000149315226040744/0001493152-26-040744-index.htm,8-K,8-K,https://www.sec.gov/Archives/edgar/data/1602409/000149315226040744/form8-k.htm,True,
FNGR,2026-08-31 00:00:00,https://www.sec.gov/Archives/edgar/data/1602409/000149315226040744/0001493152-26-040744-index.htm,EX-10.1,EX-10.1,https://www.sec.gov/Archives/edgar/data/1602409/000149315226040744/ex10-1.htm,True,
NVAC,2026-08-31 00:00:00,https://www.sec.gov/Archives/edgar/data/1859807/000121390026095405/0001213900-26-095405-index.htm,8-K,CURRENT REPORT,https://www.sec.gov/Archives/edgar/data/1859807/000121390026095405/ea0303945-8k_profusa.htm,False,
NVAC,2026-08-31 00:00:00,https://www.sec.gov/Archives/edgar/data/1859807/000121390026095405/0001213900-26-095405-index.htm,EX-99.1,PRESS RELEASE,https://www.sec.gov/Archives/edgar/data/1859807/000121390026095405/ea030394501ex99-1.htm,False,
NVACW,2026-08-31 00:00:00,https://www.sec.gov/Archives/edgar/data/1859807/000121390026095405/0001213900-26-095405-index.htm,8-K,CURRENT REPORT,https://www.sec.gov/Archives/edgar/data/1859807/000121390026095405/ea0303945-8k_profusa.htm,False,
NVACW,2026-08-31 00:00:00,https://www.sec.gov/Archives/edgar/data/1859807/000121390026095405/0001213900-26-095405-index.htm,EX-99.1,PRESS RELEASE,https://www.sec.gov/Archives/edgar/data/1859807/000121390026095405/ea030394501ex99-1.htm,False,
NVACR,2026-08-31 00:00:00,https://www.sec.gov/Archives/edgar/data/1859807/000121390026095405/0001213900-26-095405-index.htm,8-K,CURRENT REPORT,https://www.sec.gov/Archives/edgar/data/1859807/000121390026095405/ea0303945-8k_profusa.htm,False,
NVACR,2026-08-31 00:00:00,https://www.sec.gov/Archives/edgar/data/1859807/000121390026095405/0001213900-26-095405-index.htm,EX-99.1,PRESS RELEASE,https://www.sec.gov/Archives/edgar/data/1859807/000121390026095405/ea030394501ex99-1.htm,False,
AVCO,2026-08-31 00:00:00,https://www.sec.gov/Archives/edgar/data/1630212/000121390026095403/0001213900-26-095403-index.htm,8-K,CURRENT REPORT,https://www.sec.gov/Archives/edgar/data/1630212/000121390026095403/ea0303993-8k_change.htm,False,
AVCO,2026-08-31 00:00:00,https://www.sec.gov/Archives/edgar/data/1630212/000121390026095403/0001213900-26-095403-index.htm,EX-99.1,"PRESS RELEASE DATED AUGUST 31, 2026",https://www.sec.gov/Archives/edgar/data/1630212/000121390026095403/ea030399301ex99-1.htm,False,
ALBT,2026-08-31 00:00:00,https://www.sec.gov/Archives/edgar/data/1630212/000121390026095403/0001213900-26-095403-index.htm,8-K,CURRENT REPORT,https://www.sec.gov/Archives/edgar/data/1630212/000121390026095403/ea0303993-8k_change.htm,False,
ALBT,2026-08-31 00:00:00,https://www.sec.gov/Archives/edgar/data/1630212/000121390026095403/0001213900-26-095403-index.htm,EX-99.1,"PRESS RELEASE DATED AUGUST 31, 2026",https://www.sec.gov/Archives/edgar/data/1630212/000121390026095403/ea030399301ex99-1.htm,False,
BMNR,2026-08-31 00:00:00,https://www.sec.gov/Archives/edgar/data/1829311/000149315226040741/0001493152-26-040741-index.htm,8-K,8-K,https://www.sec.gov/Archives/edgar/data/1829311/000149315226040741/form8-k.htm,False,
BMNR,2026-08-31 00:00:00,https://www.sec.gov/Archives/edgar/data/1829311/000149315226040741/0001493152-26-040741-index.htm,EX-99.1,EX-99.1,https://www.sec.gov/Archives/edgar/data/1829311/000149315226040741/ex99-1.htm,False,
SSHI,2026-08-31 00:00:00,https://www.sec.gov/Archives/edgar/data/1829311/000149315226040741/0001493152-26-040741-index.htm,8-K,8-K,https://www.sec.gov/Archives/edgar/data/1829311/000149315226040741/form8-k.htm,False,
SSHI,2026-08-31 00:00:00,https://www.sec.gov/Archives/edgar/data/1829311/000149315226040741/0001493152-26-040741-index.htm,EX-99.1,EX-99.1,https://www.sec.gov/Archives/edgar/data/1829311/000149315226040741/ex99-1.htm,False,
TZUP,2026-08-31 00:00:00,https://www.sec.gov/Archives/edgar/data/1853825/000149315226040739/0001493152-26-040739-index.htm,8-K,8-K,https://www.sec.gov/Archives/edgar/data/1853825/000149315226040739/form8-k.htm,True,
TZUP,2026-08-31 00:00:00,https://www.sec.gov/Archives/edgar/data/1853825/000149315226040739/0001493152-26-040739-index.htm,EX-10.1,EX-10.1,https://www.sec.gov/Archives/edgar/data/1853825/000149315226040739/ex10-1.htm,False,
TZUP,2026-08-31 00:00:00,https://www.sec.gov/Archives/edgar/data/1853825/000149315226040739/0001493152-26-040739-index.htm,EX-99.1,EX-99.1,https://www.sec.gov/Archives/edgar/data/1853825/000149315226040739/ex99-1.htm,False,
CVKD,2026-08-31 00:00:00,https://www.sec.gov/Archives/edgar/data/1937993/000121390026095394/0001213900-26-095394-index.htm,8-K,CURRENT REPORT.,https://www.sec.gov/Archives/edgar/data/1937993/000121390026095394/ea0303997-8k_cadrenal.htm,False,
CVKD,2026-08-31 00:00:00,https://www.sec.gov/Archives/edgar/data/1937993/000121390026095394/0001213900-26-095394-index.htm,EX-99.1,"PRESS RELEASE, ISSUED BY CADRENAL THERAPEUTICS, INC. ON AUGUST 31, 2026",https://www.sec.gov/Archives/edgar/data/1937993/000121390026095394/ea030399701ex99-1.htm,False,
INV,2026-08-31 00:00:00,https://www.sec.gov/Archives/edgar/data/2001557/000200155726000160/0002001557-26-000160-index.htm,8-K,8-K,https://www.sec.gov/Archives/edgar/data/2001557/000200155726000160/innv-20260828.htm,False,
INV,2026-08-31 00:00:00,https://www.sec.gov/Archives/edgar/data/2001557/000200155726000160/0002001557-26-000160-index.htm,EX-99.1,EX-99.1,https://www.sec.gov/Archives/edgar/data/2001557/000200155726000160/a9918312026pressrelease.htm,False,
INVLW,2026-08-31 00:00:00,https://www.sec.gov/Archives/edgar/data/2001557/000200155726000160/0002001557-26-000160-index.htm,8-K,8-K,https://www.sec.gov/Archives/edgar/data/2001557/000200155726000160/innv-20260828.htm,False,
INVLW,2026-08-31 00:00:00,https://www.sec.gov/Archives/edgar/data/2001557/000200155726000160/0002001557-26-000160-index.htm,EX-99.1,EX-99.1,https://www.sec.gov/Archives/edgar/data/2001557/000200155726000160/a9918312026pressrelease.htm,False,
KPTI,2026-08-31 00:00:00,https://www.sec.gov/Archives/edgar/data/1503802/000119312526375495/0001193125-26-375495-index.htm,8-K,8-K,https://www.sec.gov/Archives/edgar/data/1503802/000119312526375495/d423030d8k.htm,False,
XPON,2026-08-31 00:00:00,https://www.sec.gov/Archives/edgar/data/1894954/000190359626000334/0001903596-26-000334-index.htm,8-K,,https://www.sec.gov/Archives/edgar/data/1894954/000190359626000334/xpon_8k.htm,False,
XPON,2026-08-31 00:00:00,https://www.sec.gov/Archives/edgar/data/1894954/000190359626000334/0001903596-26-000334-index.htm,EX-10.1,,https://www.sec.gov/Archives/edgar/data/1894954/000190359626000334/ex10_1.htm,False,
XPON,2026-08-31 00:00:00,https://www.sec.gov/Archives/edgar/data/1894954/000190359626000334/0001903596-26-000334-index.htm,EX-99.1,,https://www.sec.gov/Archives/edgar/data/1894954/000190359626000334/ex99_1.htm,False,
PROP,2026-08-31 00:00:00,https://www.sec.gov/Archives/edgar/data/1162896/000114036126034938/0001140361-26-034938-index.htm,8-K,8-K,https://www.sec.gov/Archives/edgar/data/1162896/000114036126034938/ef20081334_8k.htm,True,
WIZD,2026-08-31 00:00:00,https://www.sec.gov/Archives/edgar/data/1162896/000114036126034938/0001140361-26-034938-index.htm,8-K,8-K,https://www.sec.gov/Archives/edgar/data/1162896/000114036126034938/ef20081334_8k.htm,True,
CRKR,2026-08-31 00:00:00,https://www.sec.gov/Archives/edgar/data/1162896/000114036126034938/0001140361-26-034938-index.htm,8-K,8-K,https://www.sec.gov/Archives/edgar/data/1162896/000114036126034938/ef20081334_8k.htm,True,
None,2026-08-31 00:00:00,https://www.sec.gov/Archives/edgar/data/1926314/000149315226040735/0001493152-26-040735-index.htm,8-K,8-K,https://www.sec.gov/Archives/edgar/data/1926314/000149315226040735/form8-k.htm,False,
None,2026-08-31 00:00:00,https://www.sec.gov/Archives/edgar/data/75488/000199937126019256/0001999371-26-019256-index.htm,8-K,CURRENT REPORT,https://www.sec.gov/Archives/edgar/data/75488/000199937126019256/pcg-8k_083126.htm,False,
PCG-PD,2026-08-31 00:00:00,https://www.sec.gov/Archives/edgar/data/1004980/000199937126019256/0001999371-26-019256-index.htm,8-K,CURRENT REPORT,https://www.sec.gov/Archives/edgar/data/75488/000199937126019256/pcg-8k_083126.htm,False,
PCGU,2026-08-31 00:00:00,https://www.sec.gov/Archives/edgar/data/1004980/000199937126019256/0001999371-26-019256-index.htm,8-K,CURRENT REPORT,https://www.sec.gov/Archives/edgar/data/75488/000199937126019256/pcg-8k_083126.htm,False,
PCG-PI,2026-08-31 00:00:00,https://www.sec.gov/Archives/edgar/data/1004980/000199937126019256/0001999371-26-019256-index.htm,8-K,CURRENT REPORT,https://www.sec.gov/Archives/edgar/data/75488/000199937126019256/pcg-8k_083126.htm,False,
PCG-PH,2026-08-31 00:00:00,https://www.sec.gov/Archives/edgar/data/1004980/000199937126019256/0001999371-26-019256-index.htm,8-K,CURRENT REPORT,https://www.sec.gov/Archives/edgar/data/75488/000199937126019256/pcg-8k_083126.htm,False,
PCG-PG,2026-08-31 00:00:00,https://www.sec.gov/Archives/edgar/data/1004980/000199937126019256/0001999371-26-019256-index.htm,8-K,CURRENT REPORT,https://www.sec.gov/Archives/edgar/data/75488/000199937126019256/pcg-8k_083126.htm,False,
PCG-PE,2026-08-31 00:00:00,https://www.sec.gov/Archives/edgar/data/1004980/000199937126019256/0001999371-26-019256-index.htm,8-K,CURRENT REPORT,https://www.sec.gov/Archives/edgar/data/75488/000199937126019256/pcg-8k_083126.htm,False,
PCG-PC,2026-08-31 00:00:00,https://www.sec.gov/Archives/edgar/data/1004980/000199937126019256/0001999371-26-019256-index.htm,8-K,CURRENT REPORT,https://www.sec.gov/Archives/edgar/data/75488/000199937126019256/pcg-8k_083126.htm,False,
PCG-PB,2026-08-31 00:00:00,https://www.sec.gov/Archives/edgar/data/1004980/000199937126019256/0001999371-26-019256-index.htm,8-K,CURRENT REPORT,https://www.sec.gov/Archives/edgar/data/75488/000199937126019256/pcg-8k_083126.htm,False,
PCG-PA,2026-08-31 00:00:00,https://www.sec.gov/Archives/edgar/data/1004980/000199937126019256/0001999371-26-019256-index.htm,8-K,CURRENT REPORT,https://www.sec.gov/Archives/edgar/data/75488/000199937126019256/pcg-8k_083126.htm,False,
PCG,2026-08-31 00:00:00,https://www.sec.gov/Archives/edgar/data/1004980/000199937126019256/0001999371-26-019256-index.htm,8-K,CURRENT REPORT,https://www.sec.gov/Archives/edgar/data/75488/000199937126019256/pcg-8k_083126.htm,False,
STRC,2026-08-31 00:00:00,https://www.sec.gov/Archives/edgar/data/1050446/000119312526375463/0001193125-26-375463-index.htm,8-K,8-K,https://www.sec.gov/Archives/edgar/data/1050446/000119312526375463/mstr-20260831.htm,False,
STRF,2026-08-31 00:00:00,https://www.sec.gov/Archives/edgar/data/1050446/000119312526375463/0001193125-26-375463-index.htm,8-K,8-K,https://www.sec.gov/Archives/edgar/data/1050446/000119312526375463/mstr-20260831.htm,False,
STRK,2026-08-31 00:00:00,https://www.sec.gov/Archives/edgar/data/1050446/000119312526375463/0001193125-26-375463-index.htm,8-K,8-K,https://www.sec.gov/Archives/edgar/data/1050446/000119312526375463/mstr-20260831.htm,False,
STRD,2026-08-31 00:00:00,https://www.sec.gov/Archives/edgar/data/1050446/000119312526375463/0001193125-26-375463-index.htm,8-K,8-K,https://www.sec.gov/Archives/edgar/data/1050446/000119312526375463/mstr-20260831.htm,False,
MSTR,2026-08-31 00:00:00,https://www.sec.gov/Archives/edgar/data/1050446/000119312526375463/0001193125-26-375463-index.htm,8-K,8-K,https://www.sec.gov/Archives/edgar/data/1050446/000119312526375463/mstr-20260831.htm,False,
COHR,2026-08-31 00:00:00,https://www.sec.gov/Archives/edgar/data/820318/000119312526375462/0001193125-26-375462-index.htm,8-K,8-K,https://www.sec.gov/Archives/edgar/data/820318/000119312526375462/d110649d8k.htm,False,
IIVIP,2026-08-31 00:00:00,https://www.sec.gov/Archives/edgar/data/820318/000119312526375462/0001193125-26-375462-index.htm,8-K,8-K,https://www.sec.gov/Archives/edgar/data/820318/000119312526375462/d110649d8k.htm,False,
IIVI,2026-08-31 00:00:00,https://www.sec.gov/Archives/edgar/data/820318/000119312526375462/0001193125-26-375462-index.htm,8-K,8-K,https://www.sec.gov/Archives/edgar/data/820318/000119312526375462/d110649d8k.htm,False,
SATA,2026-08-31 00:00:00,https://www.sec.gov/Archives/edgar/data/1920406/000162828026059468/0001628280-26-059468-index.htm,8-K,8-K,https://www.sec.gov/Archives/edgar/data/1920406/000162828026059468/asst-20260831.htm,False,
ASST,2026-08-31 00:00:00,https://www.sec.gov/Archives/edgar/data/1920406/000162828026059468/0001628280-26-059468-index.htm,8-K,8-K,https://www.sec.gov/Archives/edgar/data/1920406/000162828026059468/asst-20260831.htm,False,
STC,2026-08-31 00:00:00,https://www.sec.gov/Archives/edgar/data/94344/000110465926103563/0001104659-26-103563-index.htm,8-K,FORM 8-K,https://www.sec.gov/Archives/edgar/data/94344/000110465926103563/tm2624032d1_8k.htm,False,
STC,2026-08-31 00:00:00,https://www.sec.gov/Archives/edgar/data/94344/000110465926103563/0001104659-26-103563-index.htm,EX-99.1,EXHIBIT 99.1,https://www.sec.gov/Archives/edgar/data/94344/000110465926103563/tm2624032d1_ex99-1.htm,False,
CIVB,2026-08-31 00:00:00,https://www.sec.gov/Archives/edgar/data/944745/000119312526375432/0001193125-26-375432-index.htm,8-K,8-K,https://www.sec.gov/Archives/edgar/data/944745/000119312526375432/civb-20260831.htm,False,
CIVB,2026-08-31 00:00:00,https://www.sec.gov/Archives/edgar/data/944745/000119312526375432/0001193125-26-375432-index.htm,EX-99.1,EX-99.1,https://www.sec.gov/Archives/edgar/data/944745/000119312526375432/civb-ex99_1.htm,False,
FCFS,2026-08-31 00:00:00,https://www.sec.gov/Archives/edgar/data/840489/000110465926103556/0001104659-26-103556-index.htm,8-K,FORM 8-K,https://www.sec.gov/Archives/edgar/data/840489/000110465926103556/tm2624268d1_8k.htm,True,
FCFS,2026-08-31 00:00:00,https://www.sec.gov/Archives/edgar/data/840489/000110465926103556/0001104659-26-103556-index.htm,EX-10.1,EXHIBIT 10.1,https://www.sec.gov/Archives/edgar/data/840489/000110465926103556/tm2624268d1_ex10-1.htm,True,
FCFS,2026-08-31 00:00:00,https://www.sec.gov/Archives/edgar/data/840489/000110465926103556/0001104659-26-103556-index.htm,EX-99.1,EXHIBIT 99.1,https://www.sec.gov/Archives/edgar/data/840489/000110465926103556/tm2624268d1_ex99-1.htm,True,
None,2026-08-31 00:00:00,https://www.sec.gov/Archives/edgar/data/2070457/000121390026095339/0001213900-26-095339-index.htm,8-K,CURRENT REPORT,https://www.sec.gov/Archives/edgar/data/2070457/000121390026095339/ea0303978-8k_twentyone.htm,False,
None,2026-08-31 00:00:00,https://www.sec.gov/Archives/edgar/data/2070457/000121390026095339/0001213900-26-095339-index.htm,EX-99.1,TRANSCRIPT OF RAPHAEL ZAGURY'S PRESENTATION AT BITCOIN ASIA CONFERENCE 2026 ON A,https://www.sec.gov/Archives/edgar/data/2070457/000121390026095339/ea030397801ex99-1.htm,False,
TELA,2026-08-31 00:00:00,https://www.sec.gov/Archives/edgar/data/1561921/000110465926103548/0001104659-26-103548-index.htm,8-K,FORM 8-K,https://www.sec.gov/Archives/edgar/data/1561921/000110465926103548/tm2624299d1_8k.htm,False,
TELA,2026-08-31 00:00:00,https://www.sec.gov/Archives/edgar/data/1561921/000110465926103548/0001104659-26-103548-index.htm,EX-99.1,EXHIBIT 99.1,https://www.sec.gov/Archives/edgar/data/1561921/000110465926103548/tm2624299d1_ex99-1.htm,False,
TBN,2026-08-31 00:00:00,https://www.sec.gov/Archives/edgar/data/1997652/000162828026059462/0001628280-26-059462-index.htm,8-K,8-K,https://www.sec.gov/Archives/edgar/data/1997652/000162828026059462/trc-20260831.htm,False,
TBN,2026-08-31 00:00:00,https://www.sec.gov/Archives/edgar/data/1997652/000162828026059462/0001628280-26-059462-index.htm,EX-99.1,EX-99.1,https://www.sec.gov/Archives/edgar/data/1997652/000162828026059462/ex991-tbnbeetaloobasinsi.htm,False,
TBNRL,2026-08-31 00:00:00,https://www.sec.gov/Archives/edgar/data/1997652/000162828026059462/0001628280-26-059462-index.htm,8-K,8-K,https://www.sec.gov/Archives/edgar/data/1997652/000162828026059462/trc-20260831.htm,False,
TBNRL,2026-08-31 00:00:00,https://www.sec.gov/Archives/edgar/data/1997652/000162828026059462/0001628280-26-059462-index.htm,EX-99.1,EX-99.1,https://www.sec.gov/Archives/edgar/data/1997652/000162828026059462/ex991-tbnbeetaloobasinsi.htm,False,
SLB,2026-08-31 00:00:00,https://www.sec.gov/Archives/edgar/data/87347/000119312526375358/0001193125-26-375358-index.htm,8-K,8-K,https://www.sec.gov/Archives/edgar/data/87347/000119312526375358/d106278d8k.htm,False,
SAIC,2026-08-31 00:00:00,https://www.sec.gov/Archives/edgar/data/1571123/000157112326000131/0001571123-26-000131-index.htm,8-K,8-K,https://www.sec.gov/Archives/edgar/data/1571123/000157112326000131/saic-20260831.htm,False,
SAIC,2026-08-31 00:00:00,https://www.sec.gov/Archives/edgar/data/1571123/000157112326000131/0001571123-26-000131-index.htm,EX-99.1,EARNINGS RELEASE,https://www.sec.gov/Archives/edgar/data/1571123/000157112326000131/saic08312026ex991earningsr.htm,False,
HLF,2026-08-31 00:00:00,https://www.sec.gov/Archives/edgar/data/1180262/000121390026095328/0001213900-26-095328-index.htm,8-K,CURRENT REPORT,https://www.sec.gov/Archives/edgar/data/1180262/000121390026095328/ea0303957-8k_herbalife.htm,False,
NVA,2026-08-31 00:00:00,https://www.sec.gov/Archives/edgar/data/1852551/000149315226040718/0001493152-26-040718-index.htm,8-K,8-K,https://www.sec.gov/Archives/edgar/data/1852551/000149315226040718/form8-k.htm,False,
NVA,2026-08-31 00:00:00,https://www.sec.gov/Archives/edgar/data/1852551/000149315226040718/0001493152-26-040718-index.htm,EX-99.1,EX-99.1,https://www.sec.gov/Archives/edgar/data/1852551/000149315226040718/ex99-1.htm,False,
NVAAF,2026-08-31 00:00:00,https://www.sec.gov/Archives/edgar/data/1852551/000149315226040718/0001493152-26-040718-index.htm,8-K,8-K,https://www.sec.gov/Archives/edgar/data/1852551/000149315226040718/form8-k.htm,False,
NVAAF,2026-08-31 00:00:00,https://www.sec.gov/Archives/edgar/data/1852551/000149315226040718/0001493152-26-040718-index.htm,EX-99.1,EX-99.1,https://www.sec.gov/Archives/edgar/data/1852551/000149315226040718/ex99-1.htm,False,
NVAWW,2026-08-31 00:00:00,https://www.sec.gov/Archives/edgar/data/1852551/000149315226040718/0001493152-26-040718-index.htm,8-K,8-K,https://www.sec.gov/Archives/edgar/data/1852551/000149315226040718/form8-k.htm,False,
NVAWW,2026-08-31 00:00:00,https://www.sec.gov/Archives/edgar/data/1852551/000149315226040718/0001493152-26-040718-index.htm,EX-99.1,EX-99.1,https://www.sec.gov/Archives/edgar/data/1852551/000149315226040718/ex99-1.htm,False,
NC,2026-08-31 00:00:00,https://www.sec.gov/Archives/edgar/data/789933/000078993326000156/0000789933-26-000156-index.htm,8-K,8-K,https://www.sec.gov/Archives/edgar/data/789933/000078993326000156/nacco-20260831.htm,False,
IPXXU,2026-08-31 00:00:00,https://www.sec.gov/Archives/edgar/data/1970622/000197062226000061/0001970622-26-000061-index.htm,8-K,FORM 8-K - ITEM 5.07,https://www.sec.gov/Archives/edgar/data/1970622/000197062226000061/usar-20260828.htm,False,
IPXX,2026-08-31 00:00:00,https://www.sec.gov/Archives/edgar/data/1970622/000197062226000061/0001970622-26-000061-index.htm,8-K,FORM 8-K - ITEM 5.07,https://www.sec.gov/Archives/edgar/data/1970622/000197062226000061/usar-20260828.htm,False,
IPXXW,2026-08-31 00:00:00,https://www.sec.gov/Archives/edgar/data/1970622/000197062226000061/0001970622-26-000061-index.htm,8-K,FORM 8-K - ITEM 5.07,https://www.sec.gov/Archives/edgar/data/1970622/000197062226000061/usar-20260828.htm,False,
USAR,2026-08-31 00:00:00,https://www.sec.gov/Archives/edgar/data/1970622/000197062226000061/0001970622-26-000061-index.htm,8-K,FORM 8-K - ITEM 5.07,https://www.sec.gov/Archives/edgar/data/1970622/000197062226000061/usar-20260828.htm,False,
AON,2026-08-31 00:00:00,https://www.sec.gov/Archives/edgar/data/315293/000119312526375328/0001193125-26-375328-index.htm,8-K,8-K,https://www.sec.gov/Archives/edgar/data/315293/000119312526375328/d108801d8k.htm,True,
AON,2026-08-31 00:00:00,https://www.sec.gov/Archives/edgar/data/315293/000119312526375328/0001193125-26-375328-index.htm,EX-99.1,EX-99.1,https://www.sec.gov/Archives/edgar/data/315293/000119312526375328/d108801dex991.htm,False,
RNGR,2026-08-31 00:00:00,https://www.sec.gov/Archives/edgar/data/1699039/000162828026059460/0001628280-26-059460-index.htm,8-K,8-K,https://www.sec.gov/Archives/edgar/data/1699039/000162828026059460/rng-20260831.htm,True,
RNGR,2026-08-31 00:00:00,https://www.sec.gov/Archives/edgar/data/1699039/000162828026059460/0001628280-26-059460-index.htm,EX-99.1,EX-99.1,https://www.sec.gov/Archives/edgar/data/1699039/000162828026059460/rngr-08312026prstep.htm,False,
ZDGE,2026-08-31 00:00:00,https://www.sec.gov/Archives/edgar/data/1667313/000121390026095319/0001213900-26-095319-index.htm,8-K,CURRENT REPORT,https://www.sec.gov/Archives/edgar/data/1667313/000121390026095319/ea0303979-8k_zedge.htm,False,
ZDGE,2026-08-31 00:00:00,https://www.sec.gov/Archives/edgar/data/1667313/000121390026095319/0001213900-26-095319-index.htm,EX-99.1,"PRESS RELEASE, DATED AUGUST 31, 2026",https://www.sec.gov/Archives/edgar/data/1667313/000121390026095319/ea030397901ex99-1.htm,False,
KKR,2026-08-31 00:00:00,https://www.sec.gov/Archives/edgar/data/1404912/000114036126034930/0001140361-26-034930-index.htm,8-K,8-K,https://www.sec.gov/Archives/edgar/data/1404912/000114036126034930/ef20081331_8k.htm,False,
KKR-PC,2026-08-31 00:00:00,https://www.sec.gov/Archives/edgar/data/1404912/000114036126034930/0001140361-26-034930-index.htm,8-K,8-K,https://www.sec.gov/Archives/edgar/data/1404912/000114036126034930/ef20081331_8k.htm,False,
KKRS,2026-08-31 00:00:00,https://www.sec.gov/Archives/edgar/data/1404912/000114036126034930/0001140361-26-034930-index.htm,8-K,8-K,https://www.sec.gov/Archives/edgar/data/1404912/000114036126034930/ef20081331_8k.htm,False,
NCL,2026-08-31 00:00:00,https://www.sec.gov/Archives/edgar/data/1923780/000157587226000629/0001575872-26-000629-index.htm,8-K,FORM 8-K,https://www.sec.gov/Archives/edgar/data/1923780/000157587226000629/ncl127_8k.htm,False,
GME,2026-08-31 00:00:00,https://www.sec.gov/Archives/edgar/data/1326380/000132638026000046/0001326380-26-000046-index.htm,8-K,8-K,https://www.sec.gov/Archives/edgar/data/1326380/000132638026000046/gme-20260831.htm,True,
GME,2026-08-31 00:00:00,https://www.sec.gov/Archives/edgar/data/1326380/000132638026000046/0001326380-26-000046-index.htm,EX-99.1,EX-99.1,https://www.sec.gov/Archives/edgar/data/1326380/000132638026000046/pressreleasesecondquarterp.htm,False,
LEDS,2026-08-31 00:00:00,https://www.sec.gov/Archives/edgar/data/1333822/000119312526375307/0001193125-26-375307-index.htm,8-K,8-K,https://www.sec.gov/Archives/edgar/data/1333822/000119312526375307/leds-20260828.htm,False,
AITXD,2026-08-31 00:00:00,https://www.sec.gov/Archives/edgar/data/1498148/000149315226040689/0001493152-26-040689-index.htm,8-K,8-K,https://www.sec.gov/Archives/edgar/data/1498148/000149315226040689/form8-k.htm,False,
AITXD,2026-08-31 00:00:00,https://www.sec.gov/Archives/edgar/data/1498148/000149315226040689/0001493152-26-040689-index.htm,EX-99.1,EX-99.1,https://www.sec.gov/Archives/edgar/data/1498148/000149315226040689/ex99-1.htm,False,
AITX,2026-08-31 00:00:00,https://www.sec.gov/Archives/edgar/data/1498148/000149315226040689/0001493152-26-040689-index.htm,8-K,8-K,https://www.sec.gov/Archives/edgar/data/1498148/000149315226040689/form8-k.htm,False,
AITX,2026-08-31 00:00:00,https://www.sec.gov/Archives/edgar/data/1498148/000149315226040689/0001493152-26-040689-index.htm,EX-99.1,EX-99.1,https://www.sec.gov/Archives/edgar/data/1498148/000149315226040689/ex99-1.htm,False,
None,2026-08-31 00:00:00,https://www.sec.gov/Archives/edgar/data/2145659/000121390026095299/0001213900-26-095299-index.htm,8-K,CURRENT REPORT,https://www.sec.gov/Archives/edgar/data/2145659/000121390026095299/ea0303786-8k_jatt3.htm,True,
None,2026-08-31 00:00:00,https://www.sec.gov/Archives/edgar/data/2145659/000121390026095299/0001213900-26-095299-index.htm,EX-10.1,"LETTER AGREEMENT, DATED AUGUST 25, 2026, AMONG THE COMPANY, JATT VENTURES III L.",https://www.sec.gov/Archives/edgar/data/2145659/000121390026095299/ea030378601ex10-1.htm,False,
None,2026-08-31 00:00:00,https://www.sec.gov/Archives/edgar/data/2145659/000121390026095299/0001213900-26-095299-index.htm,EX-10.2,"INVESTMENT MANAGEMENT TRUST AGREEMENT, DATED AUGUST 25, 2026, BETWEEN THE COMPAN",https://www.sec.gov/Archives/edgar/data/2145659/000121390026095299/ea030378601ex10-2.htm,False,
None,2026-08-31 00:00:00,https://www.sec.gov/Archives/edgar/data/2145659/000121390026095299/0001213900-26-095299-index.htm,EX-99.1,"PRESS RELEASE, DATED AUGUST 25, 2026",https://www.sec.gov/Archives/edgar/data/2145659/000121390026095299/ea030378601ex99-1.htm,False,
MWRK,2026-08-31 00:00:00,https://www.sec.gov/Archives/edgar/data/1515139/000149315226040683/0001493152-26-040683-index.htm,8-K,8-K,https://www.sec.gov/Archives/edgar/data/1515139/000149315226040683/form8-k.htm,False,
MWRK,2026-08-31 00:00:00,https://www.sec.gov/Archives/edgar/data/1515139/000149315226040683/0001493152-26-040683-index.htm,EX-10.1,EX-10.1,https://www.sec.gov/Archives/edgar/data/1515139/000149315226040683/ex10-1.htm,False,
CWRK,2026-08-31 00:00:00,https://www.sec.gov/Archives/edgar/data/1515139/000149315226040683/0001493152-26-040683-index.htm,8-K,8-K,https://www.sec.gov/Archives/edgar/data/1515139/000149315226040683/form8-k.htm,False,
CWRK,2026-08-31 00:00:00,https://www.sec.gov/Archives/edgar/data/1515139/000149315226040683/0001493152-26-040683-index.htm,EX-10.1,EX-10.1,https://www.sec.gov/Archives/edgar/data/1515139/000149315226040683/ex10-1.htm,False,
WAST,2026-08-31 00:00:00,https://www.sec.gov/Archives/edgar/data/1515139/000149315226040683/0001493152-26-040683-index.htm,8-K,8-K,https://www.sec.gov/Archives/edgar/data/1515139/000149315226040683/form8-k.htm,False,
WAST,2026-08-31 00:00:00,https://www.sec.gov/Archives/edgar/data/1515139/000149315226040683/0001493152-26-040683-index.htm,EX-10.1,EX-10.1,https://www.sec.gov/Archives/edgar/data/1515139/000149315226040683/ex10-1.htm,False,
BMRN,2026-08-31 00:00:00,https://www.sec.gov/Archives/edgar/data/1048477/000119312526375275/0001193125-26-375275-index.htm,8-K,8-K,https://www.sec.gov/Archives/edgar/data/1048477/000119312526375275/d110137d8k.htm,True,
BMRN,2026-08-31 00:00:00,https://www.sec.gov/Archives/edgar/data/1048477/000119312526375275/0001193125-26-375275-index.htm,EX-99.1,EX-99.1,https://www.sec.gov/Archives/edgar/data/1048477/000119312526375275/d110137dex991.htm,False,
