symbol,cik,filingDate,acceptedDate,formType,hasFinancials,link,finalLink
NLITU,0001854963,2026-08-05 00:00:00,2026-08-05 17:30:28,8-K,False,https://www.sec.gov/Archives/edgar/data/1854963/000149315226036225/0001493152-26-036225-index.htm,https://www.sec.gov/Archives/edgar/data/1854963/000149315226036225/form8-k.htm
NLIT,0001854963,2026-08-05 00:00:00,2026-08-05 17:30:28,8-K,False,https://www.sec.gov/Archives/edgar/data/1854963/000149315226036225/0001493152-26-036225-index.htm,https://www.sec.gov/Archives/edgar/data/1854963/000149315226036225/form8-k.htm
NLITW,0001854963,2026-08-05 00:00:00,2026-08-05 17:30:28,8-K,False,https://www.sec.gov/Archives/edgar/data/1854963/000149315226036225/0001493152-26-036225-index.htm,https://www.sec.gov/Archives/edgar/data/1854963/000149315226036225/form8-k.htm
SHFS,0001854963,2026-08-05 00:00:00,2026-08-05 17:30:28,8-K,False,https://www.sec.gov/Archives/edgar/data/1854963/000149315226036225/0001493152-26-036225-index.htm,https://www.sec.gov/Archives/edgar/data/1854963/000149315226036225/form8-k.htm
SHFSW,0001854963,2026-08-05 00:00:00,2026-08-05 17:30:28,8-K,False,https://www.sec.gov/Archives/edgar/data/1854963/000149315226036225/0001493152-26-036225-index.htm,https://www.sec.gov/Archives/edgar/data/1854963/000149315226036225/form8-k.htm
EZRA,0001812727,2026-08-05 00:00:00,2026-08-05 17:29:33,8-K,False,https://www.sec.gov/Archives/edgar/data/1812727/000149315226036223/0001493152-26-036223-index.htm,https://www.sec.gov/Archives/edgar/data/1812727/000149315226036223/form8-k.htm
RELIW,0001812727,2026-08-05 00:00:00,2026-08-05 17:29:33,8-K,False,https://www.sec.gov/Archives/edgar/data/1812727/000149315226036223/0001493152-26-036223-index.htm,https://www.sec.gov/Archives/edgar/data/1812727/000149315226036223/form8-k.htm
RELI,0001812727,2026-08-05 00:00:00,2026-08-05 17:29:33,8-K,False,https://www.sec.gov/Archives/edgar/data/1812727/000149315226036223/0001493152-26-036223-index.htm,https://www.sec.gov/Archives/edgar/data/1812727/000149315226036223/form8-k.htm
APOG,0000006845,2026-08-05 00:00:00,2026-08-05 17:27:59,8-K,False,https://www.sec.gov/Archives/edgar/data/6845/000000684526000070/0000006845-26-000070-index.htm,https://www.sec.gov/Archives/edgar/data/6845/000000684526000070/apog-20260805.htm
TWST,0001581280,2026-08-05 00:00:00,2026-08-05 17:27:14,8-K,False,https://www.sec.gov/Archives/edgar/data/1581280/000110465926091280/0001104659-26-091280-index.htm,https://www.sec.gov/Archives/edgar/data/1581280/000110465926091280/tm2622018d2_8k.htm
NWL,0000814453,2026-08-05 00:00:00,2026-08-05 17:26:22,8-K,False,https://www.sec.gov/Archives/edgar/data/814453/000119312526335521/0001193125-26-335521-index.htm,https://www.sec.gov/Archives/edgar/data/814453/000119312526335521/d122853d8k.htm
NLCP,0001854964,2026-08-05 00:00:00,2026-08-05 17:25:40,8-K,True,https://www.sec.gov/Archives/edgar/data/1854964/000185496426000025/0001854964-26-000025-index.htm,https://www.sec.gov/Archives/edgar/data/1854964/000185496426000025/a991earningsrelease063026.htm
HTIBP,0001561032,2026-08-05 00:00:00,2026-08-05 17:25:31,8-K,True,https://www.sec.gov/Archives/edgar/data/1561032/000156103226000052/0001561032-26-000052-index.htm,https://www.sec.gov/Archives/edgar/data/1561032/000156103226000052/q22026earningspressrelease.htm
HTIA,0001561032,2026-08-05 00:00:00,2026-08-05 17:25:31,8-K,True,https://www.sec.gov/Archives/edgar/data/1561032/000156103226000052/0001561032-26-000052-index.htm,https://www.sec.gov/Archives/edgar/data/1561032/000156103226000052/q22026earningspressrelease.htm
HLTC,0001561032,2026-08-05 00:00:00,2026-08-05 17:25:31,8-K,True,https://www.sec.gov/Archives/edgar/data/1561032/000156103226000052/0001561032-26-000052-index.htm,https://www.sec.gov/Archives/edgar/data/1561032/000156103226000052/q22026earningspressrelease.htm
NUCLW,0002089283,2026-08-05 00:00:00,2026-08-05 17:24:25,8-K,False,https://www.sec.gov/Archives/edgar/data/2089283/000110465926091278/0001104659-26-091278-index.htm,https://www.sec.gov/Archives/edgar/data/2089283/000110465926091278/tm2622345d1_8k.htm
NUCL,0002089283,2026-08-05 00:00:00,2026-08-05 17:24:25,8-K,False,https://www.sec.gov/Archives/edgar/data/2089283/000110465926091278/0001104659-26-091278-index.htm,https://www.sec.gov/Archives/edgar/data/2089283/000110465926091278/tm2622345d1_8k.htm
SDRWW,0001349436,2026-08-05 00:00:00,2026-08-05 17:24:23,8-K,True,https://www.sec.gov/Archives/edgar/data/1349436/000162828026053557/0001628280-26-053557-index.htm,https://www.sec.gov/Archives/edgar/data/1349436/000162828026053557/sd6302026-ex991earningsrel.htm
SDRDW,0001349436,2026-08-05 00:00:00,2026-08-05 17:24:23,8-K,True,https://www.sec.gov/Archives/edgar/data/1349436/000162828026053557/0001628280-26-053557-index.htm,https://www.sec.gov/Archives/edgar/data/1349436/000162828026053557/sd6302026-ex991earningsrel.htm
SD,0001349436,2026-08-05 00:00:00,2026-08-05 17:24:23,8-K,True,https://www.sec.gov/Archives/edgar/data/1349436/000162828026053557/0001628280-26-053557-index.htm,https://www.sec.gov/Archives/edgar/data/1349436/000162828026053557/sd6302026-ex991earningsrel.htm
CF,0001324404,2026-08-05 00:00:00,2026-08-05 17:22:46,8-K,True,https://www.sec.gov/Archives/edgar/data/1324404/000110465926091275/0001104659-26-091275-index.htm,https://www.sec.gov/Archives/edgar/data/1324404/000110465926091275/tm2622111d1_ex99-1.htm
None,0001851491,2026-08-05 00:00:00,2026-08-05 17:22:31,8-K,False,https://www.sec.gov/Archives/edgar/data/1851491/000157587226000551/0001575872-26-000551-index.htm,https://www.sec.gov/Archives/edgar/data/1851491/000157587226000551/amass038_8k.htm
OPITS,0001456772,2026-08-05 00:00:00,2026-08-05 17:21:55,8-K,True,https://www.sec.gov/Archives/edgar/data/1456772/000145677226000034/0001456772-26-000034-index.htm,https://www.sec.gov/Archives/edgar/data/1456772/000145677226000034/opi_exhibitx992x06302026.htm
OPI,0001456772,2026-08-05 00:00:00,2026-08-05 17:21:55,8-K,True,https://www.sec.gov/Archives/edgar/data/1456772/000145677226000034/0001456772-26-000034-index.htm,https://www.sec.gov/Archives/edgar/data/1456772/000145677226000034/opi_exhibitx992x06302026.htm
OPINL,0001456772,2026-08-05 00:00:00,2026-08-05 17:21:55,8-K,True,https://www.sec.gov/Archives/edgar/data/1456772/000145677226000034/0001456772-26-000034-index.htm,https://www.sec.gov/Archives/edgar/data/1456772/000145677226000034/opi_exhibitx992x06302026.htm
IGAP,0001506983,2026-08-05 00:00:00,2026-08-05 17:20:30,8-K,False,https://www.sec.gov/Archives/edgar/data/1506983/000149315226036218/0001493152-26-036218-index.htm,https://www.sec.gov/Archives/edgar/data/1506983/000149315226036218/form8-k.htm
GCTK,0001506983,2026-08-05 00:00:00,2026-08-05 17:20:30,8-K,False,https://www.sec.gov/Archives/edgar/data/1506983/000149315226036218/0001493152-26-036218-index.htm,https://www.sec.gov/Archives/edgar/data/1506983/000149315226036218/form8-k.htm
LGCY,0001836754,2026-08-05 00:00:00,2026-08-05 17:19:25,8-K,False,https://www.sec.gov/Archives/edgar/data/1836754/000149315226036214/0001493152-26-036214-index.htm,https://www.sec.gov/Archives/edgar/data/1836754/000149315226036214/form8-k.htm
CMP,0001227654,2026-08-05 00:00:00,2026-08-05 17:18:22,8-K,False,https://www.sec.gov/Archives/edgar/data/1227654/000122765426000051/0001227654-26-000051-index.htm,https://www.sec.gov/Archives/edgar/data/1227654/000122765426000051/cmp-20260803.htm
CMP,0001227654,2026-08-05 00:00:00,2026-08-05 17:17:51,8-K,True,https://www.sec.gov/Archives/edgar/data/1227654/000122765426000050/0001227654-26-000050-index.htm,https://www.sec.gov/Archives/edgar/data/1227654/000122765426000050/cmp-q32026earningsreleasee.htm
ABBV,0001551152,2026-08-05 00:00:00,2026-08-05 17:17:20,8-K,False,https://www.sec.gov/Archives/edgar/data/1551152/000110465926091269/0001104659-26-091269-index.htm,https://www.sec.gov/Archives/edgar/data/1551152/000110465926091269/tm2621452d4_8k.htm
GDNSF,0001771706,2026-08-05 00:00:00,2026-08-05 17:16:01,8-K,True,https://www.sec.gov/Archives/edgar/data/1771706/000110465926091266/0001104659-26-091266-index.htm,https://www.sec.gov/Archives/edgar/data/1771706/000110465926091266/tm2621363d5_10-1.htm
VREOF,0001771706,2026-08-05 00:00:00,2026-08-05 17:16:01,8-K,True,https://www.sec.gov/Archives/edgar/data/1771706/000110465926091266/0001104659-26-091266-index.htm,https://www.sec.gov/Archives/edgar/data/1771706/000110465926091266/tm2621363d5_10-1.htm
IPCX,0002012318,2026-08-05 00:00:00,2026-08-05 17:15:41,8-K,False,https://www.sec.gov/Archives/edgar/data/2012318/000121390026085796/0001213900-26-085796-index.htm,https://www.sec.gov/Archives/edgar/data/2012318/000121390026085796/ea0299535-8k425_inflect3.htm
IPCXU,0002012318,2026-08-05 00:00:00,2026-08-05 17:15:41,8-K,False,https://www.sec.gov/Archives/edgar/data/2012318/000121390026085796/0001213900-26-085796-index.htm,https://www.sec.gov/Archives/edgar/data/2012318/000121390026085796/ea0299535-8k425_inflect3.htm
IPCXR,0002012318,2026-08-05 00:00:00,2026-08-05 17:15:41,8-K,False,https://www.sec.gov/Archives/edgar/data/2012318/000121390026085796/0001213900-26-085796-index.htm,https://www.sec.gov/Archives/edgar/data/2012318/000121390026085796/ea0299535-8k425_inflect3.htm
MYSZ,0001211805,2026-08-05 00:00:00,2026-08-05 17:15:14,8-K,False,https://www.sec.gov/Archives/edgar/data/1211805/000149315226036211/0001493152-26-036211-index.htm,https://www.sec.gov/Archives/edgar/data/1211805/000149315226036211/form8-k.htm
NINEQ,0001532286,2026-08-05 00:00:00,2026-08-05 17:15:14,8-K,True,https://www.sec.gov/Archives/edgar/data/1532286/000121390026085795/0001213900-26-085795-index.htm,https://www.sec.gov/Archives/edgar/data/1532286/000121390026085795/ea030064901ex99-1.htm
RGLD,0000085535,2026-08-05 00:00:00,2026-08-05 17:14:50,8-K,True,https://www.sec.gov/Archives/edgar/data/85535/000008553526000038/0000085535-26-000038-index.htm,https://www.sec.gov/Archives/edgar/data/85535/000008553526000038/rgld-20260805xexx991.htm
MLM,0000916076,2026-08-05 00:00:00,2026-08-05 17:14:19,8-K,False,https://www.sec.gov/Archives/edgar/data/916076/000095015726000850/0000950157-26-000850-index.htm,https://www.sec.gov/Archives/edgar/data/916076/000095015726000850/form8-k.htm
ORA,0001296445,2026-08-05 00:00:00,2026-08-05 17:13:40,8-K,True,https://www.sec.gov/Archives/edgar/data/1296445/000143774926025961/0001437749-26-025961-index.htm,https://www.sec.gov/Archives/edgar/data/1296445/000143774926025961/ex_999557.htm
BYND,0001655210,2026-08-05 00:00:00,2026-08-05 17:13:27,8-K,True,https://www.sec.gov/Archives/edgar/data/1655210/000165521026000053/0001655210-26-000053-index.htm,https://www.sec.gov/Archives/edgar/data/1655210/000165521026000053/ex991pressrelease-q22026ea.htm
ONBPP,0000707179,2026-08-05 00:00:00,2026-08-05 17:13:26,8-K,False,https://www.sec.gov/Archives/edgar/data/707179/000162828026053527/0001628280-26-053527-index.htm,https://www.sec.gov/Archives/edgar/data/707179/000162828026053527/onb-20260805.htm
ONBPO,0000707179,2026-08-05 00:00:00,2026-08-05 17:13:26,8-K,False,https://www.sec.gov/Archives/edgar/data/707179/000162828026053527/0001628280-26-053527-index.htm,https://www.sec.gov/Archives/edgar/data/707179/000162828026053527/onb-20260805.htm
ONB,0000707179,2026-08-05 00:00:00,2026-08-05 17:13:26,8-K,False,https://www.sec.gov/Archives/edgar/data/707179/000162828026053527/0001628280-26-053527-index.htm,https://www.sec.gov/Archives/edgar/data/707179/000162828026053527/onb-20260805.htm
AXTA,0001616862,2026-08-05 00:00:00,2026-08-05 17:10:46,8-K,False,https://www.sec.gov/Archives/edgar/data/1616862/000119312526335470/0001193125-26-335470-index.htm,https://www.sec.gov/Archives/edgar/data/1616862/000119312526335470/d108157d8k.htm
BHR,0001574085,2026-08-05 00:00:00,2026-08-05 17:10:32,8-K,True,https://www.sec.gov/Archives/edgar/data/1574085/000157408526000125/0001574085-26-000125-index.htm,https://www.sec.gov/Archives/edgar/data/1574085/000157408526000125/bhr-investorpresentation.htm
BHR-PB,0001574085,2026-08-05 00:00:00,2026-08-05 17:10:32,8-K,True,https://www.sec.gov/Archives/edgar/data/1574085/000157408526000125/0001574085-26-000125-index.htm,https://www.sec.gov/Archives/edgar/data/1574085/000157408526000125/bhr-investorpresentation.htm
BHR-PD,0001574085,2026-08-05 00:00:00,2026-08-05 17:10:32,8-K,True,https://www.sec.gov/Archives/edgar/data/1574085/000157408526000125/0001574085-26-000125-index.htm,https://www.sec.gov/Archives/edgar/data/1574085/000157408526000125/bhr-investorpresentation.htm
XRN,0001533615,2026-08-05 00:00:00,2026-08-05 17:10:12,8-K,True,https://www.sec.gov/Archives/edgar/data/1533615/000110465926091251/0001104659-26-091251-index.htm,https://www.sec.gov/Archives/edgar/data/1533615/000110465926091251/tm2622344d1_ex99-1.htm
GMRE-PA,0001533615,2026-08-05 00:00:00,2026-08-05 17:10:12,8-K,True,https://www.sec.gov/Archives/edgar/data/1533615/000110465926091251/0001104659-26-091251-index.htm,https://www.sec.gov/Archives/edgar/data/1533615/000110465926091251/tm2622344d1_ex99-1.htm
GMRE-PB,0001533615,2026-08-05 00:00:00,2026-08-05 17:10:12,8-K,True,https://www.sec.gov/Archives/edgar/data/1533615/000110465926091251/0001104659-26-091251-index.htm,https://www.sec.gov/Archives/edgar/data/1533615/000110465926091251/tm2622344d1_ex99-1.htm
GMRE,0001533615,2026-08-05 00:00:00,2026-08-05 17:10:12,8-K,True,https://www.sec.gov/Archives/edgar/data/1533615/000110465926091251/0001104659-26-091251-index.htm,https://www.sec.gov/Archives/edgar/data/1533615/000110465926091251/tm2622344d1_ex99-1.htm
CODQL,0001770561,2026-08-05 00:00:00,2026-08-05 17:09:42,8-K,False,https://www.sec.gov/Archives/edgar/data/1770561/000110465926091248/0001104659-26-091248-index.htm,https://www.sec.gov/Archives/edgar/data/1770561/000110465926091248/tm2622330d1_8k.htm
RIG,0001451505,2026-08-05 00:00:00,2026-08-05 17:09:41,8-K,True,https://www.sec.gov/Archives/edgar/data/1451505/000145150526000058/0001451505-26-000058-index.htm,https://www.sec.gov/Archives/edgar/data/1451505/000145150526000058/rig-20260805xex99d1.htm
SPB,0000109177,2026-08-05 00:00:00,2026-08-05 17:09:21,8-K,False,https://www.sec.gov/Archives/edgar/data/109177/000010917726000035/0000109177-26-000035-index.htm,https://www.sec.gov/Archives/edgar/data/109177/000010917726000035/spb-20260805.htm
BGSF,0001474903,2026-08-05 00:00:00,2026-08-05 17:07:50,8-K,True,https://www.sec.gov/Archives/edgar/data/1474903/000147490326000071/0001474903-26-000071-index.htm,https://www.sec.gov/Archives/edgar/data/1474903/000147490326000071/ex991q22026earnings.htm
SCTH,0001703157,2026-08-05 00:00:00,2026-08-05 17:07:20,8-K,False,https://www.sec.gov/Archives/edgar/data/1703157/000101738626000096/0001017386-26-000096-index.htm,https://www.sec.gov/Archives/edgar/data/1703157/000101738626000096/scth_form8k08052026.htm
DXLG,0000813298,2026-08-05 00:00:00,2026-08-05 17:06:22,8-K,False,https://www.sec.gov/Archives/edgar/data/813298/000119312526335458/0001193125-26-335458-index.htm,https://www.sec.gov/Archives/edgar/data/813298/000119312526335458/dxlg-20260804.htm
SRI,0001043337,2026-08-05 00:00:00,2026-08-05 17:03:54,8-K,True,https://www.sec.gov/Archives/edgar/data/1043337/000104333726000072/0001043337-26-000072-index.htm,https://www.sec.gov/Archives/edgar/data/1043337/000104333726000072/sri-20260805xexx991earning.htm
INVE,0001036044,2026-08-05 00:00:00,2026-08-05 17:02:58,8-K,False,https://www.sec.gov/Archives/edgar/data/1036044/000119312526335440/0001193125-26-335440-index.htm,https://www.sec.gov/Archives/edgar/data/1036044/000119312526335440/d171720d8k.htm
GNK,0001326200,2026-08-05 00:00:00,2026-08-05 17:01:58,8-K,True,https://www.sec.gov/Archives/edgar/data/1326200/000114036126031442/0001140361-26-031442-index.htm,https://www.sec.gov/Archives/edgar/data/1326200/000114036126031442/ef20079211_ex99-1.htm
None,0002101470,2026-08-05 00:00:00,2026-08-05 17:01:38,8-K,False,https://www.sec.gov/Archives/edgar/data/2101470/000121390026085764/0001213900-26-085764-index.htm,https://www.sec.gov/Archives/edgar/data/2101470/000121390026085764/ea0300734-8k_wilco.htm
CLRO,0000840715,2026-08-05 00:00:00,2026-08-05 17:01:17,8-K,False,https://www.sec.gov/Archives/edgar/data/840715/000175392626001341/0001753926-26-001341-index.htm,https://www.sec.gov/Archives/edgar/data/840715/000175392626001341/clro-20260731.htm
VAL,0000314808,2026-08-05 00:00:00,2026-08-05 17:01:16,8-K,False,https://www.sec.gov/Archives/edgar/data/314808/000031480826000139/0000314808-26-000139-index.htm,https://www.sec.gov/Archives/edgar/data/314808/000031480826000139/val-20260805.htm
VAL-WT,0000314808,2026-08-05 00:00:00,2026-08-05 17:01:16,8-K,False,https://www.sec.gov/Archives/edgar/data/314808/000031480826000139/0000314808-26-000139-index.htm,https://www.sec.gov/Archives/edgar/data/314808/000031480826000139/val-20260805.htm
GLXY,0001859392,2026-08-05 00:00:00,2026-08-05 17:01:14,8-K,False,https://www.sec.gov/Archives/edgar/data/1859392/000185939226000086/0001859392-26-000086-index.htm,https://www.sec.gov/Archives/edgar/data/1859392/000185939226000086/glxy-20260805.htm
GHC,0000104889,2026-08-05 00:00:00,2026-08-05 17:00:51,8-K,False,https://www.sec.gov/Archives/edgar/data/104889/000162828026053479/0001628280-26-053479-index.htm,https://www.sec.gov/Archives/edgar/data/104889/000162828026053479/ghc-20260805.htm
DIOD,0000029002,2026-08-05 00:00:00,2026-08-05 17:00:32,8-K,True,https://www.sec.gov/Archives/edgar/data/29002/000119312526335408/0001193125-26-335408-index.htm,https://www.sec.gov/Archives/edgar/data/29002/000119312526335408/diod-ex99_1.htm
PLMIW,0001840317,2026-08-05 00:00:00,2026-08-05 17:00:30,8-K,False,https://www.sec.gov/Archives/edgar/data/1840317/000121390026085763/0001213900-26-085763-index.htm,https://www.sec.gov/Archives/edgar/data/1840317/000121390026085763/ea0300722-8k_veeainc.htm
PLMI,0001840317,2026-08-05 00:00:00,2026-08-05 17:00:30,8-K,False,https://www.sec.gov/Archives/edgar/data/1840317/000121390026085763/0001213900-26-085763-index.htm,https://www.sec.gov/Archives/edgar/data/1840317/000121390026085763/ea0300722-8k_veeainc.htm
PLMIU,0001840317,2026-08-05 00:00:00,2026-08-05 17:00:30,8-K,False,https://www.sec.gov/Archives/edgar/data/1840317/000121390026085763/0001213900-26-085763-index.htm,https://www.sec.gov/Archives/edgar/data/1840317/000121390026085763/ea0300722-8k_veeainc.htm
VAL-WT,0000314808,2026-08-05 00:00:00,2026-08-05 17:00:16,8-K,True,https://www.sec.gov/Archives/edgar/data/314808/000031480826000138/0000314808-26-000138-index.htm,https://www.sec.gov/Archives/edgar/data/314808/000031480826000138/a06302026ex991pressrelease.htm
VAL,0000314808,2026-08-05 00:00:00,2026-08-05 17:00:16,8-K,True,https://www.sec.gov/Archives/edgar/data/314808/000031480826000138/0000314808-26-000138-index.htm,https://www.sec.gov/Archives/edgar/data/314808/000031480826000138/a06302026ex991pressrelease.htm
NXGLW,0001468929,2026-08-05 00:00:00,2026-08-05 17:00:14,8-K,False,https://www.sec.gov/Archives/edgar/data/1468929/000149315226036206/0001493152-26-036206-index.htm,https://www.sec.gov/Archives/edgar/data/1468929/000149315226036206/form8-k.htm
NXGL,0001468929,2026-08-05 00:00:00,2026-08-05 17:00:14,8-K,False,https://www.sec.gov/Archives/edgar/data/1468929/000149315226036206/0001493152-26-036206-index.htm,https://www.sec.gov/Archives/edgar/data/1468929/000149315226036206/form8-k.htm
TREB,0001805833,2026-08-05 00:00:00,2026-08-05 16:59:46,8-K,False,https://www.sec.gov/Archives/edgar/data/1805833/000180583326000051/0001805833-26-000051-index.htm,https://www.sec.gov/Archives/edgar/data/1805833/000180583326000051/sst-20260805.htm
SST-WT,0001805833,2026-08-05 00:00:00,2026-08-05 16:59:46,8-K,False,https://www.sec.gov/Archives/edgar/data/1805833/000180583326000051/0001805833-26-000051-index.htm,https://www.sec.gov/Archives/edgar/data/1805833/000180583326000051/sst-20260805.htm
SST,0001805833,2026-08-05 00:00:00,2026-08-05 16:59:46,8-K,False,https://www.sec.gov/Archives/edgar/data/1805833/000180583326000051/0001805833-26-000051-index.htm,https://www.sec.gov/Archives/edgar/data/1805833/000180583326000051/sst-20260805.htm
BIOA,0001709941,2026-08-05 00:00:00,2026-08-05 16:55:14,8-K,True,https://www.sec.gov/Archives/edgar/data/1709941/000119312526335368/0001193125-26-335368-index.htm,https://www.sec.gov/Archives/edgar/data/1709941/000119312526335368/bioa-ex99_1.htm
OPTT,0001378140,2026-08-05 00:00:00,2026-08-05 16:54:18,8-K,False,https://www.sec.gov/Archives/edgar/data/1378140/000149315226036203/0001493152-26-036203-index.htm,https://www.sec.gov/Archives/edgar/data/1378140/000149315226036203/form8-k.htm
OAS,0001486159,2026-08-05 00:00:00,2026-08-05 16:53:11,8-K,True,https://www.sec.gov/Archives/edgar/data/1486159/000148615926000029/0001486159-26-000029-index.htm,https://www.sec.gov/Archives/edgar/data/1486159/000148615926000029/chrd-q22026earningsrelease.htm
OASPW,0001486159,2026-08-05 00:00:00,2026-08-05 16:53:11,8-K,True,https://www.sec.gov/Archives/edgar/data/1486159/000148615926000029/0001486159-26-000029-index.htm,https://www.sec.gov/Archives/edgar/data/1486159/000148615926000029/chrd-q22026earningsrelease.htm
CHRD,0001486159,2026-08-05 00:00:00,2026-08-05 16:53:11,8-K,True,https://www.sec.gov/Archives/edgar/data/1486159/000148615926000029/0001486159-26-000029-index.htm,https://www.sec.gov/Archives/edgar/data/1486159/000148615926000029/chrd-q22026earningsrelease.htm
WTI,0001288403,2026-08-05 00:00:00,2026-08-05 16:53:09,8-K,True,https://www.sec.gov/Archives/edgar/data/1288403/000110465926091211/0001104659-26-091211-index.htm,https://www.sec.gov/Archives/edgar/data/1288403/000110465926091211/wti-20260805xex99d1.htm
DAR,0000916540,2026-08-05 00:00:00,2026-08-05 16:52:01,8-K,False,https://www.sec.gov/Archives/edgar/data/916540/000091654026000021/0000916540-26-000021-index.htm,https://www.sec.gov/Archives/edgar/data/916540/000091654026000021/dar-20260805.htm
AVX,0001826397,2026-08-05 00:00:00,2026-08-05 16:51:44,8-K,False,https://www.sec.gov/Archives/edgar/data/1826397/000149315226036201/0001493152-26-036201-index.htm,https://www.sec.gov/Archives/edgar/data/1826397/000149315226036201/form8-k.htm
AGRI,0001826397,2026-08-05 00:00:00,2026-08-05 16:51:44,8-K,False,https://www.sec.gov/Archives/edgar/data/1826397/000149315226036201/0001493152-26-036201-index.htm,https://www.sec.gov/Archives/edgar/data/1826397/000149315226036201/form8-k.htm
AGRIW,0001826397,2026-08-05 00:00:00,2026-08-05 16:51:44,8-K,False,https://www.sec.gov/Archives/edgar/data/1826397/000149315226036201/0001493152-26-036201-index.htm,https://www.sec.gov/Archives/edgar/data/1826397/000149315226036201/form8-k.htm
HNNAZ,0001145255,2026-08-05 00:00:00,2026-08-05 16:51:44,8-K,False,https://www.sec.gov/Archives/edgar/data/1145255/000143774926025953/0001437749-26-025953-index.htm,https://www.sec.gov/Archives/edgar/data/1145255/000143774926025953/hnna20260803c_8k.htm
HNNA,0001145255,2026-08-05 00:00:00,2026-08-05 16:51:44,8-K,False,https://www.sec.gov/Archives/edgar/data/1145255/000143774926025953/0001437749-26-025953-index.htm,https://www.sec.gov/Archives/edgar/data/1145255/000143774926025953/hnna20260803c_8k.htm
NOVT,0001076930,2026-08-05 00:00:00,2026-08-05 16:50:16,8-K,True,https://www.sec.gov/Archives/edgar/data/1076930/000119312526335356/0001193125-26-335356-index.htm,https://www.sec.gov/Archives/edgar/data/1076930/000119312526335356/novt-ex99_1.htm
XHR,0001616000,2026-08-05 00:00:00,2026-08-05 16:48:50,8-K,False,https://www.sec.gov/Archives/edgar/data/1616000/000119312526335352/0001193125-26-335352-index.htm,https://www.sec.gov/Archives/edgar/data/1616000/000119312526335352/d282867d8k.htm
NNBR,0000918541,2026-08-05 00:00:00,2026-08-05 16:48:39,8-K,True,https://www.sec.gov/Archives/edgar/data/918541/000091854126000065/0000918541-26-000065-index.htm,https://www.sec.gov/Archives/edgar/data/918541/000091854126000065/pressrelease2026-q2.htm
SVC,0000945394,2026-08-05 00:00:00,2026-08-05 16:48:32,8-K,True,https://www.sec.gov/Archives/edgar/data/945394/000094539426000048/0000945394-26-000048-index.htm,https://www.sec.gov/Archives/edgar/data/945394/000094539426000048/svc_063026xexhibitx992.htm
ATO,0000731802,2026-08-05 00:00:00,2026-08-05 16:47:05,8-K,False,https://www.sec.gov/Archives/edgar/data/731802/000073180226000100/0000731802-26-000100-index.htm,https://www.sec.gov/Archives/edgar/data/731802/000073180226000100/ato-20260805.htm
PRG,0001808834,2026-08-05 00:00:00,2026-08-05 16:45:50,8-K,False,https://www.sec.gov/Archives/edgar/data/1808834/000180883426000118/0001808834-26-000118-index.htm,https://www.sec.gov/Archives/edgar/data/1808834/000180883426000118/prg-20260805.htm
SEG,0002009684,2026-08-05 00:00:00,2026-08-05 16:45:41,8-K,True,https://www.sec.gov/Archives/edgar/data/2009684/000110465926091195/0001104659-26-091195-index.htm,https://www.sec.gov/Archives/edgar/data/2009684/000110465926091195/seg-20260805xex99d1.htm
TPVG,0001580345,2026-08-05 00:00:00,2026-08-05 16:45:38,8-K,True,https://www.sec.gov/Archives/edgar/data/1580345/000158034526000024/0001580345-26-000024-index.htm,https://www.sec.gov/Archives/edgar/data/1580345/000158034526000024/tpvgq22026earningsrelease.htm
UMH-PC,0000752642,2026-08-05 00:00:00,2026-08-05 16:45:18,8-K,True,https://www.sec.gov/Archives/edgar/data/752642/000149315226036197/0001493152-26-036197-index.htm,https://www.sec.gov/Archives/edgar/data/752642/000149315226036197/ex99-2.htm
UMH-PD,0000752642,2026-08-05 00:00:00,2026-08-05 16:45:18,8-K,True,https://www.sec.gov/Archives/edgar/data/752642/000149315226036197/0001493152-26-036197-index.htm,https://www.sec.gov/Archives/edgar/data/752642/000149315226036197/ex99-2.htm
UMH,0000752642,2026-08-05 00:00:00,2026-08-05 16:45:18,8-K,True,https://www.sec.gov/Archives/edgar/data/752642/000149315226036197/0001493152-26-036197-index.htm,https://www.sec.gov/Archives/edgar/data/752642/000149315226036197/ex99-2.htm
HRTG,0001598665,2026-08-05 00:00:00,2026-08-05 16:45:16,8-K,True,https://www.sec.gov/Archives/edgar/data/1598665/000119312526335334/0001193125-26-335334-index.htm,https://www.sec.gov/Archives/edgar/data/1598665/000119312526335334/hrtg-ex99_1.htm
USAC,0001522727,2026-08-05 00:00:00,2026-08-05 16:45:05,8-K,False,https://www.sec.gov/Archives/edgar/data/1522727/000152272726000060/0001522727-26-000060-index.htm,https://www.sec.gov/Archives/edgar/data/1522727/000152272726000060/usac-20260805.htm
CAPL,0001538849,2026-08-05 00:00:00,2026-08-05 16:45:01,8-K,True,https://www.sec.gov/Archives/edgar/data/1538849/000119312526335332/0001193125-26-335332-index.htm,https://www.sec.gov/Archives/edgar/data/1538849/000119312526335332/capl-ex99_1.htm
CACI,0000016058,2026-08-05 00:00:00,2026-08-05 16:44:30,8-K,True,https://www.sec.gov/Archives/edgar/data/16058/000162828026053448/0001628280-26-053448-index.htm,https://www.sec.gov/Archives/edgar/data/16058/000162828026053448/fy26-q4caci20260805ex991.htm
CDE,0000215466,2026-08-05 00:00:00,2026-08-05 16:44:15,8-K,True,https://www.sec.gov/Archives/edgar/data/215466/000021546626000038/0000215466-26-000038-index.htm,https://www.sec.gov/Archives/edgar/data/215466/000021546626000038/a2q26earningsreleaseex-991.htm
CHRS,0001512762,2026-08-05 00:00:00,2026-08-05 16:43:14,8-K,True,https://www.sec.gov/Archives/edgar/data/1512762/000110465926091188/0001104659-26-091188-index.htm,https://www.sec.gov/Archives/edgar/data/1512762/000110465926091188/chrs-20260805xex99d1.htm
None,0002011498,2026-08-05 00:00:00,2026-08-05 16:43:03,8-K,False,https://www.sec.gov/Archives/edgar/data/2011498/000119312526335322/0001193125-26-335322-index.htm,https://www.sec.gov/Archives/edgar/data/2011498/000119312526335322/ck0002011498-20260805.htm
CF,0001324404,2026-08-05 00:00:00,2026-08-05 16:42:56,8-K,True,https://www.sec.gov/Archives/edgar/data/1324404/000132440426000017/0001324404-26-000017-index.htm,https://www.sec.gov/Archives/edgar/data/1324404/000132440426000017/cf-08052026_ex991xearnings.htm
NC,0000789933,2026-08-05 00:00:00,2026-08-05 16:42:33,8-K,True,https://www.sec.gov/Archives/edgar/data/789933/000078993326000143/0000789933-26-000143-index.htm,https://www.sec.gov/Archives/edgar/data/789933/000078993326000143/nc6302026earningsreleaseex.htm
RGCO,0001069533,2026-08-05 00:00:00,2026-08-05 16:42:06,8-K,True,https://www.sec.gov/Archives/edgar/data/1069533/000143774926025946/0001437749-26-025946-index.htm,https://www.sec.gov/Archives/edgar/data/1069533/000143774926025946/ex_974885.htm
VCTR,0001570827,2026-08-05 00:00:00,2026-08-05 16:41:16,8-K,True,https://www.sec.gov/Archives/edgar/data/1570827/000119312526335319/0001193125-26-335319-index.htm,https://www.sec.gov/Archives/edgar/data/1570827/000119312526335319/vctr-ex99_1.htm
VSECU,0000102752,2026-08-05 00:00:00,2026-08-05 16:41:04,8-K,True,https://www.sec.gov/Archives/edgar/data/102752/000010275226000055/0000102752-26-000055-index.htm,https://www.sec.gov/Archives/edgar/data/102752/000010275226000055/vse-prxq2x2026earningsrele.htm
VSEC,0000102752,2026-08-05 00:00:00,2026-08-05 16:41:04,8-K,True,https://www.sec.gov/Archives/edgar/data/102752/000010275226000055/0000102752-26-000055-index.htm,https://www.sec.gov/Archives/edgar/data/102752/000010275226000055/vse-prxq2x2026earningsrele.htm
UPLD,0001505155,2026-08-05 00:00:00,2026-08-05 16:40:47,8-K,False,https://www.sec.gov/Archives/edgar/data/1505155/000150515526000062/0001505155-26-000062-index.htm,https://www.sec.gov/Archives/edgar/data/1505155/000150515526000062/upld-20260731.htm
MTDR,0001520006,2026-08-05 00:00:00,2026-08-05 16:40:42,8-K,True,https://www.sec.gov/Archives/edgar/data/1520006/000152000626000036/0001520006-26-000036-index.htm,https://www.sec.gov/Archives/edgar/data/1520006/000152000626000036/a20260630mtdr8ker-ex991.htm
SPIR,0001816017,2026-08-05 00:00:00,2026-08-05 16:40:23,8-K,False,https://www.sec.gov/Archives/edgar/data/1816017/000119312526335313/0001193125-26-335313-index.htm,https://www.sec.gov/Archives/edgar/data/1816017/000119312526335313/spir-20260731.htm
NSH-UN,0001816017,2026-08-05 00:00:00,2026-08-05 16:40:23,8-K,False,https://www.sec.gov/Archives/edgar/data/1816017/000119312526335313/0001193125-26-335313-index.htm,https://www.sec.gov/Archives/edgar/data/1816017/000119312526335313/spir-20260731.htm
NSH,0001816017,2026-08-05 00:00:00,2026-08-05 16:40:23,8-K,False,https://www.sec.gov/Archives/edgar/data/1816017/000119312526335313/0001193125-26-335313-index.htm,https://www.sec.gov/Archives/edgar/data/1816017/000119312526335313/spir-20260731.htm
SPIR-WT,0001816017,2026-08-05 00:00:00,2026-08-05 16:40:23,8-K,False,https://www.sec.gov/Archives/edgar/data/1816017/000119312526335313/0001193125-26-335313-index.htm,https://www.sec.gov/Archives/edgar/data/1816017/000119312526335313/spir-20260731.htm
III,0001371489,2026-08-05 00:00:00,2026-08-05 16:38:52,8-K,False,https://www.sec.gov/Archives/edgar/data/1371489/000110465926091178/0001104659-26-091178-index.htm,https://www.sec.gov/Archives/edgar/data/1371489/000110465926091178/iii-20260805x8k.htm
LILAB,0001712184,2026-08-05 00:00:00,2026-08-05 16:38:47,8-K,True,https://www.sec.gov/Archives/edgar/data/1712184/000171218426000129/0001712184-26-000129-index.htm,https://www.sec.gov/Archives/edgar/data/1712184/000171218426000129/ex991toform_llaq22026earni.htm
LILAK,0001712184,2026-08-05 00:00:00,2026-08-05 16:38:47,8-K,True,https://www.sec.gov/Archives/edgar/data/1712184/000171218426000129/0001712184-26-000129-index.htm,https://www.sec.gov/Archives/edgar/data/1712184/000171218426000129/ex991toform_llaq22026earni.htm
LILA,0001712184,2026-08-05 00:00:00,2026-08-05 16:38:47,8-K,True,https://www.sec.gov/Archives/edgar/data/1712184/000171218426000129/0001712184-26-000129-index.htm,https://www.sec.gov/Archives/edgar/data/1712184/000171218426000129/ex991toform_llaq22026earni.htm
AMPL,0001866692,2026-08-05 00:00:00,2026-08-05 16:38:23,8-K,True,https://www.sec.gov/Archives/edgar/data/1866692/000119312526335305/0001193125-26-335305-index.htm,https://www.sec.gov/Archives/edgar/data/1866692/000119312526335305/ampl-ex99_1.htm
HST,0001070750,2026-08-05 00:00:00,2026-08-05 16:38:03,8-K,True,https://www.sec.gov/Archives/edgar/data/1070750/000107075026000122/0001070750-26-000122-index.htm,https://www.sec.gov/Archives/edgar/data/1070750/000107075026000122/hst-ex991.htm
LEU,0001065059,2026-08-05 00:00:00,2026-08-05 16:37:30,8-K,True,https://www.sec.gov/Archives/edgar/data/1065059/000162828026053433/0001628280-26-053433-index.htm,https://www.sec.gov/Archives/edgar/data/1065059/000162828026053433/ex991-10q2026_08x05.htm
WBI,0002064947,2026-08-05 00:00:00,2026-08-05 16:37:27,8-K,True,https://www.sec.gov/Archives/edgar/data/2064947/000119312526335301/0001193125-26-335301-index.htm,https://www.sec.gov/Archives/edgar/data/2064947/000119312526335301/wbi-ex99_1.htm
ALBT,0001630212,2026-08-05 00:00:00,2026-08-05 16:37:09,8-K,False,https://www.sec.gov/Archives/edgar/data/1630212/000121390026085714/0001213900-26-085714-index.htm,https://www.sec.gov/Archives/edgar/data/1630212/000121390026085714/ea0300751-8k_change.htm
AVCO,0001630212,2026-08-05 00:00:00,2026-08-05 16:37:09,8-K,False,https://www.sec.gov/Archives/edgar/data/1630212/000121390026085714/0001213900-26-085714-index.htm,https://www.sec.gov/Archives/edgar/data/1630212/000121390026085714/ea0300751-8k_change.htm
INN-PF,0001497645,2026-08-05 00:00:00,2026-08-05 16:37:06,8-K,True,https://www.sec.gov/Archives/edgar/data/1497645/000149764526000066/0001497645-26-000066-index.htm,https://www.sec.gov/Archives/edgar/data/1497645/000149764526000066/exhibit99106302026.htm
INN-PE,0001497645,2026-08-05 00:00:00,2026-08-05 16:37:06,8-K,True,https://www.sec.gov/Archives/edgar/data/1497645/000149764526000066/0001497645-26-000066-index.htm,https://www.sec.gov/Archives/edgar/data/1497645/000149764526000066/exhibit99106302026.htm
INN,0001497645,2026-08-05 00:00:00,2026-08-05 16:37:06,8-K,True,https://www.sec.gov/Archives/edgar/data/1497645/000149764526000066/0001497645-26-000066-index.htm,https://www.sec.gov/Archives/edgar/data/1497645/000149764526000066/exhibit99106302026.htm
MUR,0000717423,2026-08-05 00:00:00,2026-08-05 16:37:02,8-K,True,https://www.sec.gov/Archives/edgar/data/717423/000162828026053431/0001628280-26-053431-index.htm,https://www.sec.gov/Archives/edgar/data/717423/000162828026053431/mur-2026q2xex991.htm
CRM,0001108524,2026-08-05 00:00:00,2026-08-05 16:36:56,8-K,False,https://www.sec.gov/Archives/edgar/data/1108524/000110852426000160/0001108524-26-000160-index.htm,https://www.sec.gov/Archives/edgar/data/1108524/000110852426000160/crm-20260805.htm
STKS,0001399520,2026-08-05 00:00:00,2026-08-05 16:36:10,8-K,True,https://www.sec.gov/Archives/edgar/data/1399520/000110465926091169/0001104659-26-091169-index.htm,https://www.sec.gov/Archives/edgar/data/1399520/000110465926091169/stks-20260805xex99d1.htm
LB,0001995807,2026-08-05 00:00:00,2026-08-05 16:36:03,8-K,True,https://www.sec.gov/Archives/edgar/data/1995807/000119312526335296/0001193125-26-335296-index.htm,https://www.sec.gov/Archives/edgar/data/1995807/000119312526335296/lb-ex99_1.htm
DEC,0001922446,2026-08-05 00:00:00,2026-08-05 16:35:30,8-K,True,https://www.sec.gov/Archives/edgar/data/1922446/000192244626000070/0001922446-26-000070-index.htm,https://www.sec.gov/Archives/edgar/data/1922446/000192244626000070/a2q26earningspr.htm
MNTK,0001826600,2026-08-05 00:00:00,2026-08-05 16:35:14,8-K,True,https://www.sec.gov/Archives/edgar/data/1826600/000119312526335293/0001193125-26-335293-index.htm,https://www.sec.gov/Archives/edgar/data/1826600/000119312526335293/mntk-ex99_1.htm
WTS,0000795403,2026-08-05 00:00:00,2026-08-05 16:34:58,8-K,True,https://www.sec.gov/Archives/edgar/data/795403/000110465926091165/0001104659-26-091165-index.htm,https://www.sec.gov/Archives/edgar/data/795403/000110465926091165/wts-20260805xex99d1.htm
CRTO,0001576427,2026-08-05 00:00:00,2026-08-05 16:33:18,8-K,False,https://www.sec.gov/Archives/edgar/data/1576427/000162828026053414/0001628280-26-053414-index.htm,https://www.sec.gov/Archives/edgar/data/1576427/000162828026053414/crto-20260805.htm
HY,0001173514,2026-08-05 00:00:00,2026-08-05 16:33:14,8-K,False,https://www.sec.gov/Archives/edgar/data/1173514/000117351426000209/0001173514-26-000209-index.htm,https://www.sec.gov/Archives/edgar/data/1173514/000117351426000209/hy-20260805.htm
MUSA,0001573516,2026-08-05 00:00:00,2026-08-05 16:33:10,8-K,True,https://www.sec.gov/Archives/edgar/data/1573516/000157351626000164/0001573516-26-000164-index.htm,https://www.sec.gov/Archives/edgar/data/1573516/000157351626000164/exh991_06302026er.htm
APA,0001841666,2026-08-05 00:00:00,2026-08-05 16:33:08,8-K,False,https://www.sec.gov/Archives/edgar/data/1841666/000184166626000050/0001841666-26-000050-index.htm,https://www.sec.gov/Archives/edgar/data/1841666/000184166626000050/apa8k-20260805.htm
CSV,0001016281,2026-08-05 00:00:00,2026-08-05 16:33:07,8-K,True,https://www.sec.gov/Archives/edgar/data/1016281/000101628126000051/0001016281-26-000051-index.htm,https://www.sec.gov/Archives/edgar/data/1016281/000101628126000051/pressrelease-q22026.htm
OEC,0001609804,2026-08-05 00:00:00,2026-08-05 16:33:01,8-K,True,https://www.sec.gov/Archives/edgar/data/1609804/000162828026053413/0001628280-26-053413-index.htm,https://www.sec.gov/Archives/edgar/data/1609804/000162828026053413/a2026q2earningsrelease.htm
STE,0001757898,2026-08-05 00:00:00,2026-08-05 16:33:00,8-K,True,https://www.sec.gov/Archives/edgar/data/1757898/000162828026053412/0001628280-26-053412-index.htm,https://www.sec.gov/Archives/edgar/data/1757898/000162828026053412/ste6302026ex991.htm
REPX,0001001614,2026-08-05 00:00:00,2026-08-05 16:32:23,8-K,True,https://www.sec.gov/Archives/edgar/data/1001614/000100161426000049/0001001614-26-000049-index.htm,https://www.sec.gov/Archives/edgar/data/1001614/000100161426000049/q22026earningsrelease.htm
None,0001662972,2026-08-05 00:00:00,2026-08-05 16:32:22,8-K,False,https://www.sec.gov/Archives/edgar/data/1662972/000166297226000103/0001662972-26-000103-index.htm,https://www.sec.gov/Archives/edgar/data/1662972/000166297226000103/breit-20260801.htm
CGNX,0000851205,2026-08-05 00:00:00,2026-08-05 16:32:16,8-K,True,https://www.sec.gov/Archives/edgar/data/851205/000085120526000061/0000851205-26-000061-index.htm,https://www.sec.gov/Archives/edgar/data/851205/000085120526000061/a07052026-xex991xq22026ear.htm
EE,0001888447,2026-08-05 00:00:00,2026-08-05 16:32:10,8-K,True,https://www.sec.gov/Archives/edgar/data/1888447/000119312526335279/0001193125-26-335279-index.htm,https://www.sec.gov/Archives/edgar/data/1888447/000119312526335279/ee-ex99_1.htm
TWFG,0002007596,2026-08-05 00:00:00,2026-08-05 16:32:09,8-K,True,https://www.sec.gov/Archives/edgar/data/2007596/000200759626000011/0002007596-26-000011-index.htm,https://www.sec.gov/Archives/edgar/data/2007596/000200759626000011/a991pressreleasedatedaugus.htm
SATL,0001874315,2026-08-05 00:00:00,2026-08-05 16:32:06,8-K,True,https://www.sec.gov/Archives/edgar/data/1874315/000143774926025939/0001437749-26-025939-index.htm,https://www.sec.gov/Archives/edgar/data/1874315/000143774926025939/ex_999295.htm
SATLW,0001874315,2026-08-05 00:00:00,2026-08-05 16:32:06,8-K,True,https://www.sec.gov/Archives/edgar/data/1874315/000143774926025939/0001437749-26-025939-index.htm,https://www.sec.gov/Archives/edgar/data/1874315/000143774926025939/ex_999295.htm
WHLR,0001527541,2026-08-05 00:00:00,2026-08-05 16:31:59,8-K,False,https://www.sec.gov/Archives/edgar/data/1527541/000152754126000240/0001527541-26-000240-index.htm,https://www.sec.gov/Archives/edgar/data/1527541/000152754126000240/whlr-20260730.htm
WHLRW,0001527541,2026-08-05 00:00:00,2026-08-05 16:31:59,8-K,False,https://www.sec.gov/Archives/edgar/data/1527541/000152754126000240/0001527541-26-000240-index.htm,https://www.sec.gov/Archives/edgar/data/1527541/000152754126000240/whlr-20260730.htm
WHLRD,0001527541,2026-08-05 00:00:00,2026-08-05 16:31:59,8-K,False,https://www.sec.gov/Archives/edgar/data/1527541/000152754126000240/0001527541-26-000240-index.htm,https://www.sec.gov/Archives/edgar/data/1527541/000152754126000240/whlr-20260730.htm
WHLRL,0001527541,2026-08-05 00:00:00,2026-08-05 16:31:59,8-K,False,https://www.sec.gov/Archives/edgar/data/1527541/000152754126000240/0001527541-26-000240-index.htm,https://www.sec.gov/Archives/edgar/data/1527541/000152754126000240/whlr-20260730.htm
WHLRP,0001527541,2026-08-05 00:00:00,2026-08-05 16:31:59,8-K,False,https://www.sec.gov/Archives/edgar/data/1527541/000152754126000240/0001527541-26-000240-index.htm,https://www.sec.gov/Archives/edgar/data/1527541/000152754126000240/whlr-20260730.htm
GNPX,0001595248,2026-08-05 00:00:00,2026-08-05 16:31:46,8-K,False,https://www.sec.gov/Archives/edgar/data/1595248/000143774926025938/0001437749-26-025938-index.htm,https://www.sec.gov/Archives/edgar/data/1595248/000143774926025938/gnpx20260805_8k.htm
MET,0001099219,2026-08-05 00:00:00,2026-08-05 16:31:29,8-K,True,https://www.sec.gov/Archives/edgar/data/1099219/000109921926000048/0001099219-26-000048-index.htm,https://www.sec.gov/Archives/edgar/data/1099219/000109921926000048/ex991earningsreleasetables.htm
MET-PA,0001099219,2026-08-05 00:00:00,2026-08-05 16:31:29,8-K,True,https://www.sec.gov/Archives/edgar/data/1099219/000109921926000048/0001099219-26-000048-index.htm,https://www.sec.gov/Archives/edgar/data/1099219/000109921926000048/ex991earningsreleasetables.htm
MET-PE,0001099219,2026-08-05 00:00:00,2026-08-05 16:31:29,8-K,True,https://www.sec.gov/Archives/edgar/data/1099219/000109921926000048/0001099219-26-000048-index.htm,https://www.sec.gov/Archives/edgar/data/1099219/000109921926000048/ex991earningsreleasetables.htm
MET-PF,0001099219,2026-08-05 00:00:00,2026-08-05 16:31:29,8-K,True,https://www.sec.gov/Archives/edgar/data/1099219/000109921926000048/0001099219-26-000048-index.htm,https://www.sec.gov/Archives/edgar/data/1099219/000109921926000048/ex991earningsreleasetables.htm
MKSI,0001049502,2026-08-05 00:00:00,2026-08-05 16:31:16,8-K,True,https://www.sec.gov/Archives/edgar/data/1049502/000119312526335274/0001193125-26-335274-index.htm,https://www.sec.gov/Archives/edgar/data/1049502/000119312526335274/mksi-ex99_1.htm
DUKB,0001326160,2026-08-05 00:00:00,2026-08-05 16:31:05,8-K,False,https://www.sec.gov/Archives/edgar/data/1326160/000110465926091159/0001104659-26-091159-index.htm,https://www.sec.gov/Archives/edgar/data/17797/000110465926091159/tm2622337d1_8k.htm
DUK-PA,0001326160,2026-08-05 00:00:00,2026-08-05 16:31:05,8-K,False,https://www.sec.gov/Archives/edgar/data/1326160/000110465926091159/0001104659-26-091159-index.htm,https://www.sec.gov/Archives/edgar/data/17797/000110465926091159/tm2622337d1_8k.htm
None,0000017797,2026-08-05 00:00:00,2026-08-05 16:31:05,8-K,False,https://www.sec.gov/Archives/edgar/data/17797/000110465926091159/0001104659-26-091159-index.htm,https://www.sec.gov/Archives/edgar/data/17797/000110465926091159/tm2622337d1_8k.htm
DUK,0001326160,2026-08-05 00:00:00,2026-08-05 16:31:05,8-K,False,https://www.sec.gov/Archives/edgar/data/1326160/000110465926091159/0001104659-26-091159-index.htm,https://www.sec.gov/Archives/edgar/data/17797/000110465926091159/tm2622337d1_8k.htm
DUKH,0001326160,2026-08-05 00:00:00,2026-08-05 16:31:05,8-K,False,https://www.sec.gov/Archives/edgar/data/1326160/000110465926091159/0001104659-26-091159-index.htm,https://www.sec.gov/Archives/edgar/data/17797/000110465926091159/tm2622337d1_8k.htm
SLMBP,0001032033,2026-08-05 00:00:00,2026-08-05 16:30:54,8-K,False,https://www.sec.gov/Archives/edgar/data/1032033/000103203326000046/0001032033-26-000046-index.htm,https://www.sec.gov/Archives/edgar/data/1032033/000103203326000046/slm-20260805.htm
SLM,0001032033,2026-08-05 00:00:00,2026-08-05 16:30:54,8-K,False,https://www.sec.gov/Archives/edgar/data/1032033/000103203326000046/0001032033-26-000046-index.htm,https://www.sec.gov/Archives/edgar/data/1032033/000103203326000046/slm-20260805.htm
CAPC,0000814926,2026-08-05 00:00:00,2026-08-05 16:30:43,8-K,False,https://www.sec.gov/Archives/edgar/data/814926/000149315226036185/0001493152-26-036185-index.htm,https://www.sec.gov/Archives/edgar/data/814926/000149315226036185/form8-k.htm
None,0002070542,2026-08-05 00:00:00,2026-08-05 16:30:37,8-K,False,https://www.sec.gov/Archives/edgar/data/2070542/000121390026085711/0001213900-26-085711-index.htm,https://www.sec.gov/Archives/edgar/data/2070542/000121390026085711/ea0300567-8k_aibdata.htm
None,0000081100,2026-08-05 00:00:00,2026-08-05 16:30:34,8-K,False,https://www.sec.gov/Archives/edgar/data/81100/000119312526335273/0001193125-26-335273-index.htm,https://www.sec.gov/Archives/edgar/data/81100/000119312526335273/d158889d8k.htm
None,0001085392,2026-08-05 00:00:00,2026-08-05 16:30:34,8-K,False,https://www.sec.gov/Archives/edgar/data/1085392/000119312526335273/0001193125-26-335273-index.htm,https://www.sec.gov/Archives/edgar/data/81100/000119312526335273/d158889d8k.htm
SMXT,0001519472,2026-08-05 00:00:00,2026-08-05 16:30:27,8-K,False,https://www.sec.gov/Archives/edgar/data/1519472/000164033426001279/0001640334-26-001279-index.htm,https://www.sec.gov/Archives/edgar/data/1519472/000164033426001279/solarmax_8k.htm
ZOM,0001684144,2026-08-05 00:00:00,2026-08-05 16:30:26,8-K,False,https://www.sec.gov/Archives/edgar/data/1684144/000165495426007306/0001654954-26-007306-index.htm,https://www.sec.gov/Archives/edgar/data/1684144/000165495426007306/zom_8k.htm
LTBR,0001084554,2026-08-05 00:00:00,2026-08-05 16:30:25,8-K,True,https://www.sec.gov/Archives/edgar/data/1084554/000147793226004726/0001477932-26-004726-index.htm,https://www.sec.gov/Archives/edgar/data/1084554/000147793226004726/ltbr_ex991.htm
AULT,0000896493,2026-08-05 00:00:00,2026-08-05 16:30:24,8-K,False,https://www.sec.gov/Archives/edgar/data/896493/000121465926009663/0001214659-26-009663-index.htm,https://www.sec.gov/Archives/edgar/data/896493/000121465926009663/x842618k.htm
GPUS-PD,0000896493,2026-08-05 00:00:00,2026-08-05 16:30:24,8-K,False,https://www.sec.gov/Archives/edgar/data/896493/000121465926009663/0001214659-26-009663-index.htm,https://www.sec.gov/Archives/edgar/data/896493/000121465926009663/x842618k.htm
NILE-PD,0000896493,2026-08-05 00:00:00,2026-08-05 16:30:24,8-K,False,https://www.sec.gov/Archives/edgar/data/896493/000121465926009663/0001214659-26-009663-index.htm,https://www.sec.gov/Archives/edgar/data/896493/000121465926009663/x842618k.htm
NILE,0000896493,2026-08-05 00:00:00,2026-08-05 16:30:24,8-K,False,https://www.sec.gov/Archives/edgar/data/896493/000121465926009663/0001214659-26-009663-index.htm,https://www.sec.gov/Archives/edgar/data/896493/000121465926009663/x842618k.htm
GPUS,0000896493,2026-08-05 00:00:00,2026-08-05 16:30:24,8-K,False,https://www.sec.gov/Archives/edgar/data/896493/000121465926009663/0001214659-26-009663-index.htm,https://www.sec.gov/Archives/edgar/data/896493/000121465926009663/x842618k.htm
DPW,0000896493,2026-08-05 00:00:00,2026-08-05 16:30:24,8-K,False,https://www.sec.gov/Archives/edgar/data/896493/000121465926009663/0001214659-26-009663-index.htm,https://www.sec.gov/Archives/edgar/data/896493/000121465926009663/x842618k.htm
TLSS,0001463208,2026-08-05 00:00:00,2026-08-05 16:30:23,8-K,False,https://www.sec.gov/Archives/edgar/data/1463208/000149315226036183/0001493152-26-036183-index.htm,https://www.sec.gov/Archives/edgar/data/1463208/000149315226036183/form8-k.htm
None,0002089126,2026-08-05 00:00:00,2026-08-05 16:30:18,8-K,False,https://www.sec.gov/Archives/edgar/data/2089126/000119312526335268/0001193125-26-335268-index.htm,https://www.sec.gov/Archives/edgar/data/2089126/000119312526335268/ck0002089126-20260805.htm
SGU,0001002590,2026-08-05 00:00:00,2026-08-05 16:30:18,8-K,True,https://www.sec.gov/Archives/edgar/data/1002590/000117184326005249/0001171843-26-005249-index.htm,https://www.sec.gov/Archives/edgar/data/1002590/000117184326005249/exh_991.htm
EQBK,0001227500,2026-08-05 00:00:00,2026-08-05 16:30:15,8-K,False,https://www.sec.gov/Archives/edgar/data/1227500/000119312526335263/0001193125-26-335263-index.htm,https://www.sec.gov/Archives/edgar/data/1227500/000119312526335263/eqbk-20260805.htm
PRI,0001475922,2026-08-05 00:00:00,2026-08-05 16:29:44,8-K,True,https://www.sec.gov/Archives/edgar/data/1475922/000119312526335260/0001193125-26-335260-index.htm,https://www.sec.gov/Archives/edgar/data/1475922/000119312526335260/pri-ex99_1.htm
BKH,0001130464,2026-08-05 00:00:00,2026-08-05 16:29:38,8-K,True,https://www.sec.gov/Archives/edgar/data/1130464/000119312526335259/0001193125-26-335259-index.htm,https://www.sec.gov/Archives/edgar/data/1130464/000119312526335259/bkh-ex99.htm
None,0001944366,2026-08-05 00:00:00,2026-08-05 16:28:48,8-K,False,https://www.sec.gov/Archives/edgar/data/1944366/000194436626000061/0001944366-26-000061-index.htm,https://www.sec.gov/Archives/edgar/data/1944366/000194436626000061/osnl-20260727.htm
GNPK-UN,0001819810,2026-08-05 00:00:00,2026-08-05 16:28:41,8-K,True,https://www.sec.gov/Archives/edgar/data/1819810/000181981026000121/0001819810-26-000121-index.htm,https://www.sec.gov/Archives/edgar/data/1819810/000181981026000121/exhibit991redwire06302026e.htm
RDW-WT,0001819810,2026-08-05 00:00:00,2026-08-05 16:28:41,8-K,True,https://www.sec.gov/Archives/edgar/data/1819810/000181981026000121/0001819810-26-000121-index.htm,https://www.sec.gov/Archives/edgar/data/1819810/000181981026000121/exhibit991redwire06302026e.htm
RDW,0001819810,2026-08-05 00:00:00,2026-08-05 16:28:41,8-K,True,https://www.sec.gov/Archives/edgar/data/1819810/000181981026000121/0001819810-26-000121-index.htm,https://www.sec.gov/Archives/edgar/data/1819810/000181981026000121/exhibit991redwire06302026e.htm
NWAX-UN,0002074878,2026-08-05 00:00:00,2026-08-05 16:27:02,8-K,False,https://www.sec.gov/Archives/edgar/data/2074878/000149315226036181/0001493152-26-036181-index.htm,https://www.sec.gov/Archives/edgar/data/2074878/000149315226036181/form8-k.htm
NWAX-WT,0002074878,2026-08-05 00:00:00,2026-08-05 16:27:02,8-K,False,https://www.sec.gov/Archives/edgar/data/2074878/000149315226036181/0001493152-26-036181-index.htm,https://www.sec.gov/Archives/edgar/data/2074878/000149315226036181/form8-k.htm
NWAX,0002074878,2026-08-05 00:00:00,2026-08-05 16:27:02,8-K,False,https://www.sec.gov/Archives/edgar/data/2074878/000149315226036181/0001493152-26-036181-index.htm,https://www.sec.gov/Archives/edgar/data/2074878/000149315226036181/form8-k.htm
MAC,0000912242,2026-08-05 00:00:00,2026-08-05 16:26:40,8-K,False,https://www.sec.gov/Archives/edgar/data/912242/000119312526335240/0001193125-26-335240-index.htm,https://www.sec.gov/Archives/edgar/data/912242/000119312526335240/d169476d8k.htm
MSIF,0001535778,2026-08-05 00:00:00,2026-08-05 16:26:40,8-K,False,https://www.sec.gov/Archives/edgar/data/1535778/000153577826000077/0001535778-26-000077-index.htm,https://www.sec.gov/Archives/edgar/data/1535778/000153577826000077/msif-20260805.htm
AWR,0001056903,2026-08-05 00:00:00,2026-08-05 16:25:51,8-K,True,https://www.sec.gov/Archives/edgar/data/1056903/000162828026053403/0001628280-26-053403-index.htm,https://www.sec.gov/Archives/edgar/data/1056903/000162828026053403/exhibit991pressrelease2026.htm
HMN,0000850141,2026-08-05 00:00:00,2026-08-05 16:25:41,8-K,False,https://www.sec.gov/Archives/edgar/data/850141/000085014126000030/0000850141-26-000030-index.htm,https://www.sec.gov/Archives/edgar/data/850141/000085014126000030/hmn-20260805.htm
SOUN,0001840856,2026-08-05 00:00:00,2026-08-05 16:25:36,8-K,True,https://www.sec.gov/Archives/edgar/data/1840856/000184085626000019/0001840856-26-000019-index.htm,https://www.sec.gov/Archives/edgar/data/1840856/000184085626000019/soun-20260806ex991earnings.htm
SOUNW,0001840856,2026-08-05 00:00:00,2026-08-05 16:25:36,8-K,True,https://www.sec.gov/Archives/edgar/data/1840856/000184085626000019/0001840856-26-000019-index.htm,https://www.sec.gov/Archives/edgar/data/1840856/000184085626000019/soun-20260806ex991earnings.htm
ATSPW,0001840856,2026-08-05 00:00:00,2026-08-05 16:25:36,8-K,True,https://www.sec.gov/Archives/edgar/data/1840856/000184085626000019/0001840856-26-000019-index.htm,https://www.sec.gov/Archives/edgar/data/1840856/000184085626000019/soun-20260806ex991earnings.htm
ATSPT,0001840856,2026-08-05 00:00:00,2026-08-05 16:25:36,8-K,True,https://www.sec.gov/Archives/edgar/data/1840856/000184085626000019/0001840856-26-000019-index.htm,https://www.sec.gov/Archives/edgar/data/1840856/000184085626000019/soun-20260806ex991earnings.htm
ATSPU,0001840856,2026-08-05 00:00:00,2026-08-05 16:25:36,8-K,True,https://www.sec.gov/Archives/edgar/data/1840856/000184085626000019/0001840856-26-000019-index.htm,https://www.sec.gov/Archives/edgar/data/1840856/000184085626000019/soun-20260806ex991earnings.htm
CDRE,0001860543,2026-08-05 00:00:00,2026-08-05 16:25:36,8-K,True,https://www.sec.gov/Archives/edgar/data/1860543/000110465926091143/0001104659-26-091143-index.htm,https://www.sec.gov/Archives/edgar/data/1860543/000110465926091143/cdre-20260805xex99d1.htm
None,0002070849,2026-08-05 00:00:00,2026-08-05 16:25:27,8-K,True,https://www.sec.gov/Archives/edgar/data/2070849/000207084926000048/0002070849-26-000048-index.htm,https://www.sec.gov/Archives/edgar/data/2070849/000207084926000048/a991blln-earningspressrele.htm
WES,0001423902,2026-08-05 00:00:00,2026-08-05 16:24:33,8-K,True,https://www.sec.gov/Archives/edgar/data/1423902/000142390226000092/0001423902-26-000092-index.htm,https://www.sec.gov/Archives/edgar/data/1423902/000142390226000092/wes2026q2xex991xearningsre.htm
None,0001939433,2026-08-05 00:00:00,2026-08-05 16:24:27,8-K,False,https://www.sec.gov/Archives/edgar/data/1939433/000193943326000132/0001939433-26-000132-index.htm,https://www.sec.gov/Archives/edgar/data/1939433/000193943326000132/cnsreit-20260803.htm
HLF,0001180262,2026-08-05 00:00:00,2026-08-05 16:24:08,8-K,True,https://www.sec.gov/Archives/edgar/data/1180262/000121390026085702/0001213900-26-085702-index.htm,https://www.sec.gov/Archives/edgar/data/1180262/000121390026085702/ea030059301ex99-1.htm
OTF,0001747777,2026-08-05 00:00:00,2026-08-05 16:23:33,8-K,False,https://www.sec.gov/Archives/edgar/data/1747777/000174777726000027/0001747777-26-000027-index.htm,https://www.sec.gov/Archives/edgar/data/1747777/000174777726000027/ortf-20260805.htm
PACB,0001299130,2026-08-05 00:00:00,2026-08-05 16:23:30,8-K,False,https://www.sec.gov/Archives/edgar/data/1299130/000129913026000117/0001299130-26-000117-index.htm,https://www.sec.gov/Archives/edgar/data/1299130/000129913026000117/pacb-20260730.htm
ORCC,0001655888,2026-08-05 00:00:00,2026-08-05 16:23:21,8-K,True,https://www.sec.gov/Archives/edgar/data/1655888/000165588826000055/0001655888-26-000055-index.htm,https://www.sec.gov/Archives/edgar/data/1655888/000165588826000055/exhibit991-obdcxpressrelea.htm
OBDC,0001655888,2026-08-05 00:00:00,2026-08-05 16:23:21,8-K,True,https://www.sec.gov/Archives/edgar/data/1655888/000165588826000055/0001655888-26-000055-index.htm,https://www.sec.gov/Archives/edgar/data/1655888/000165588826000055/exhibit991-obdcxpressrelea.htm
EHC,0000785161,2026-08-05 00:00:00,2026-08-05 16:23:16,8-K,True,https://www.sec.gov/Archives/edgar/data/785161/000078516126000183/0000785161-26-000183-index.htm,https://www.sec.gov/Archives/edgar/data/785161/000078516126000183/ehcearningsrelease63026.htm
CCI,0001051470,2026-08-05 00:00:00,2026-08-05 16:23:11,8-K,False,https://www.sec.gov/Archives/edgar/data/1051470/000105147026000076/0001051470-26-000076-index.htm,https://www.sec.gov/Archives/edgar/data/1051470/000105147026000076/cci-20260805.htm
ACT,0001823529,2026-08-05 00:00:00,2026-08-05 16:23:10,8-K,True,https://www.sec.gov/Archives/edgar/data/1823529/000182352926000186/0001823529-26-000186-index.htm,https://www.sec.gov/Archives/edgar/data/1823529/000182352926000186/a2q26earningsrelease.htm
LTC,0000887905,2026-08-05 00:00:00,2026-08-05 16:22:41,8-K,True,https://www.sec.gov/Archives/edgar/data/887905/000110465926091138/0001104659-26-091138-index.htm,https://www.sec.gov/Archives/edgar/data/887905/000110465926091138/ltc-20260805xex99d1.htm
CXT,0000025445,2026-08-05 00:00:00,2026-08-05 16:22:39,8-K,True,https://www.sec.gov/Archives/edgar/data/25445/000002544526000032/0000025445-26-000032-index.htm,https://www.sec.gov/Archives/edgar/data/25445/000002544526000032/exhibit991-pressreleasexq2.htm
CR,0000025445,2026-08-05 00:00:00,2026-08-05 16:22:39,8-K,True,https://www.sec.gov/Archives/edgar/data/25445/000002544526000032/0000025445-26-000032-index.htm,https://www.sec.gov/Archives/edgar/data/25445/000002544526000032/exhibit991-pressreleasexq2.htm
RAIL,0001320854,2026-08-05 00:00:00,2026-08-05 16:22:34,8-K,False,https://www.sec.gov/Archives/edgar/data/1320854/000121390026085699/0001213900-26-085699-index.htm,https://www.sec.gov/Archives/edgar/data/1320854/000121390026085699/ea0300615-8k_freightcar.htm
ALB,0000915913,2026-08-05 00:00:00,2026-08-05 16:22:29,8-K,True,https://www.sec.gov/Archives/edgar/data/915913/000091591326000101/0000915913-26-000101-index.htm,https://www.sec.gov/Archives/edgar/data/915913/000091591326000101/a2q26earningsreleaseex991.htm
NL,0000072162,2026-08-05 00:00:00,2026-08-05 16:22:15,8-K,False,https://www.sec.gov/Archives/edgar/data/72162/000007216226000039/0000072162-26-000039-index.htm,https://www.sec.gov/Archives/edgar/data/72162/000007216226000039/nl-20260805x8k.htm
CTKB,0001831915,2026-08-05 00:00:00,2026-08-05 16:22:06,8-K,True,https://www.sec.gov/Archives/edgar/data/1831915/000119312526335212/0001193125-26-335212-index.htm,https://www.sec.gov/Archives/edgar/data/1831915/000119312526335212/d118986dex991.htm
BHFAO,0001685040,2026-08-05 00:00:00,2026-08-05 16:21:53,8-K,True,https://www.sec.gov/Archives/edgar/data/1685040/000168504026000026/0001685040-26-000026-index.htm,https://www.sec.gov/Archives/edgar/data/1685040/000168504026000026/q22026bhfearningspressrele.htm
BHFAM,0001685040,2026-08-05 00:00:00,2026-08-05 16:21:53,8-K,True,https://www.sec.gov/Archives/edgar/data/1685040/000168504026000026/0001685040-26-000026-index.htm,https://www.sec.gov/Archives/edgar/data/1685040/000168504026000026/q22026bhfearningspressrele.htm
BHFAN,0001685040,2026-08-05 00:00:00,2026-08-05 16:21:53,8-K,True,https://www.sec.gov/Archives/edgar/data/1685040/000168504026000026/0001685040-26-000026-index.htm,https://www.sec.gov/Archives/edgar/data/1685040/000168504026000026/q22026bhfearningspressrele.htm
BHFAP,0001685040,2026-08-05 00:00:00,2026-08-05 16:21:53,8-K,True,https://www.sec.gov/Archives/edgar/data/1685040/000168504026000026/0001685040-26-000026-index.htm,https://www.sec.gov/Archives/edgar/data/1685040/000168504026000026/q22026bhfearningspressrele.htm
BHF,0001685040,2026-08-05 00:00:00,2026-08-05 16:21:53,8-K,True,https://www.sec.gov/Archives/edgar/data/1685040/000168504026000026/0001685040-26-000026-index.htm,https://www.sec.gov/Archives/edgar/data/1685040/000168504026000026/q22026bhfearningspressrele.htm
BHFAL,0001685040,2026-08-05 00:00:00,2026-08-05 16:21:53,8-K,True,https://www.sec.gov/Archives/edgar/data/1685040/000168504026000026/0001685040-26-000026-index.htm,https://www.sec.gov/Archives/edgar/data/1685040/000168504026000026/q22026bhfearningspressrele.htm
MLR,0000924822,2026-08-05 00:00:00,2026-08-05 16:21:50,8-K,True,https://www.sec.gov/Archives/edgar/data/924822/000110465926091137/0001104659-26-091137-index.htm,https://www.sec.gov/Archives/edgar/data/924822/000110465926091137/mlr-20260805xex99d1.htm
HP,0000046765,2026-08-05 00:00:00,2026-08-05 16:21:22,8-K,True,https://www.sec.gov/Archives/edgar/data/46765/000004676526000039/0000046765-26-000039-index.htm,https://www.sec.gov/Archives/edgar/data/46765/000004676526000039/q3fy26earningsrelease.htm
BHR-PB,0001574085,2026-08-05 00:00:00,2026-08-05 16:21:16,8-K,True,https://www.sec.gov/Archives/edgar/data/1574085/000157408526000123/0001574085-26-000123-index.htm,https://www.sec.gov/Archives/edgar/data/1574085/000157408526000123/bhr2026q2earningsrelease.htm
BHR-PD,0001574085,2026-08-05 00:00:00,2026-08-05 16:21:16,8-K,True,https://www.sec.gov/Archives/edgar/data/1574085/000157408526000123/0001574085-26-000123-index.htm,https://www.sec.gov/Archives/edgar/data/1574085/000157408526000123/bhr2026q2earningsrelease.htm
BHR,0001574085,2026-08-05 00:00:00,2026-08-05 16:21:16,8-K,True,https://www.sec.gov/Archives/edgar/data/1574085/000157408526000123/0001574085-26-000123-index.htm,https://www.sec.gov/Archives/edgar/data/1574085/000157408526000123/bhr2026q2earningsrelease.htm
AAME,0000008177,2026-08-05 00:00:00,2026-08-05 16:20:53,8-K,False,https://www.sec.gov/Archives/edgar/data/8177/000114036126031431/0001140361-26-031431-index.htm,https://www.sec.gov/Archives/edgar/data/8177/000114036126031431/ef20079464_8k.htm
GNL-PA,0001526113,2026-08-05 00:00:00,2026-08-05 16:20:41,8-K,True,https://www.sec.gov/Archives/edgar/data/1526113/000110465926091131/0001104659-26-091131-index.htm,https://www.sec.gov/Archives/edgar/data/1526113/000110465926091131/tm2622247d1_ex99-1.htm
GNL-PD,0001526113,2026-08-05 00:00:00,2026-08-05 16:20:41,8-K,True,https://www.sec.gov/Archives/edgar/data/1526113/000110465926091131/0001104659-26-091131-index.htm,https://www.sec.gov/Archives/edgar/data/1526113/000110465926091131/tm2622247d1_ex99-1.htm
GNL,0001526113,2026-08-05 00:00:00,2026-08-05 16:20:41,8-K,True,https://www.sec.gov/Archives/edgar/data/1526113/000110465926091131/0001104659-26-091131-index.htm,https://www.sec.gov/Archives/edgar/data/1526113/000110465926091131/tm2622247d1_ex99-1.htm
GNL-PB,0001526113,2026-08-05 00:00:00,2026-08-05 16:20:41,8-K,True,https://www.sec.gov/Archives/edgar/data/1526113/000110465926091131/0001104659-26-091131-index.htm,https://www.sec.gov/Archives/edgar/data/1526113/000110465926091131/tm2622247d1_ex99-1.htm
GNL-PE,0001526113,2026-08-05 00:00:00,2026-08-05 16:20:41,8-K,True,https://www.sec.gov/Archives/edgar/data/1526113/000110465926091131/0001104659-26-091131-index.htm,https://www.sec.gov/Archives/edgar/data/1526113/000110465926091131/tm2622247d1_ex99-1.htm
PVH,0000078239,2026-08-05 00:00:00,2026-08-05 16:20:32,8-K,False,https://www.sec.gov/Archives/edgar/data/78239/000121390026085690/0001213900-26-085690-index.htm,https://www.sec.gov/Archives/edgar/data/78239/000121390026085690/ea0300370-8k_pvhcorp.htm
HYACW,0001819253,2026-08-05 00:00:00,2026-08-05 16:20:16,8-K,True,https://www.sec.gov/Archives/edgar/data/1819253/000119312526335200/0001193125-26-335200-index.htm,https://www.sec.gov/Archives/edgar/data/1819253/000119312526335200/btmd-ex99_1.htm
BTMDW,0001819253,2026-08-05 00:00:00,2026-08-05 16:20:16,8-K,True,https://www.sec.gov/Archives/edgar/data/1819253/000119312526335200/0001193125-26-335200-index.htm,https://www.sec.gov/Archives/edgar/data/1819253/000119312526335200/btmd-ex99_1.htm
BTMD,0001819253,2026-08-05 00:00:00,2026-08-05 16:20:16,8-K,True,https://www.sec.gov/Archives/edgar/data/1819253/000119312526335200/0001193125-26-335200-index.htm,https://www.sec.gov/Archives/edgar/data/1819253/000119312526335200/btmd-ex99_1.htm
HYAC-UN,0001819253,2026-08-05 00:00:00,2026-08-05 16:20:16,8-K,True,https://www.sec.gov/Archives/edgar/data/1819253/000119312526335200/0001193125-26-335200-index.htm,https://www.sec.gov/Archives/edgar/data/1819253/000119312526335200/btmd-ex99_1.htm
HYAC,0001819253,2026-08-05 00:00:00,2026-08-05 16:20:16,8-K,True,https://www.sec.gov/Archives/edgar/data/1819253/000119312526335200/0001193125-26-335200-index.htm,https://www.sec.gov/Archives/edgar/data/1819253/000119312526335200/btmd-ex99_1.htm
RMR,0001644378,2026-08-05 00:00:00,2026-08-05 16:20:01,8-K,True,https://www.sec.gov/Archives/edgar/data/1644378/000164437826000019/0001644378-26-000019-index.htm,https://www.sec.gov/Archives/edgar/data/1644378/000164437826000019/rmr_6302026x8-kxexhibit9.htm
FNF,0001331875,2026-08-05 00:00:00,2026-08-05 16:19:34,8-K,True,https://www.sec.gov/Archives/edgar/data/1331875/000133187526000068/0001331875-26-000068-index.htm,https://www.sec.gov/Archives/edgar/data/1331875/000133187526000068/fnfpressreleaseq22026.htm
INVA,0001080014,2026-08-05 00:00:00,2026-08-05 16:19:21,8-K,True,https://www.sec.gov/Archives/edgar/data/1080014/000119312526335192/0001193125-26-335192-index.htm,https://www.sec.gov/Archives/edgar/data/1080014/000119312526335192/d228097dex991.htm
OPRT,0001538716,2026-08-05 00:00:00,2026-08-05 16:19:18,8-K,True,https://www.sec.gov/Archives/edgar/data/1538716/000153871626000065/0001538716-26-000065-index.htm,https://www.sec.gov/Archives/edgar/data/1538716/000153871626000065/earningsrelease2q2026.htm
ACA,0001739445,2026-08-05 00:00:00,2026-08-05 16:19:02,8-K,True,https://www.sec.gov/Archives/edgar/data/1739445/000173944526000124/0001739445-26-000124-index.htm,https://www.sec.gov/Archives/edgar/data/1739445/000173944526000124/exh991earningsrelease63020.htm
FIPWV,0001899883,2026-08-05 00:00:00,2026-08-05 16:18:35,8-K,True,https://www.sec.gov/Archives/edgar/data/1899883/000189988326000031/0001899883-26-000031-index.htm,https://www.sec.gov/Archives/edgar/data/1899883/000189988326000031/fip63020268-kxexhibit991.htm
FIP,0001899883,2026-08-05 00:00:00,2026-08-05 16:18:35,8-K,True,https://www.sec.gov/Archives/edgar/data/1899883/000189988326000031/0001899883-26-000031-index.htm,https://www.sec.gov/Archives/edgar/data/1899883/000189988326000031/fip63020268-kxexhibit991.htm
OUT,0001579877,2026-08-05 00:00:00,2026-08-05 16:18:33,8-K,True,https://www.sec.gov/Archives/edgar/data/1579877/000157987726000035/0001579877-26-000035-index.htm,https://www.sec.gov/Archives/edgar/data/1579877/000157987726000035/ex9912q26earningsrelease.htm
UVV,0000102037,2026-08-05 00:00:00,2026-08-05 16:18:32,8-K,True,https://www.sec.gov/Archives/edgar/data/102037/000162828026053392/0001628280-26-053392-index.htm,https://www.sec.gov/Archives/edgar/data/102037/000162828026053392/uvv-ex991x20260630xpressre.htm
DIT,0000928465,2026-08-05 00:00:00,2026-08-05 16:18:23,8-K,True,https://www.sec.gov/Archives/edgar/data/928465/000110465926091127/0001104659-26-091127-index.htm,https://www.sec.gov/Archives/edgar/data/928465/000110465926091127/tm2622223d1_ex99-1.htm
ACET,0001720580,2026-08-05 00:00:00,2026-08-05 16:18:14,8-K,False,https://www.sec.gov/Archives/edgar/data/1720580/000172058026000049/0001720580-26-000049-index.htm,https://www.sec.gov/Archives/edgar/data/1720580/000172058026000049/acet-20260805.htm
ALTO,0000778164,2026-08-05 00:00:00,2026-08-05 16:18:04,8-K,True,https://www.sec.gov/Archives/edgar/data/778164/000121390026085686/0001213900-26-085686-index.htm,https://www.sec.gov/Archives/edgar/data/778164/000121390026085686/ea030066901ex99-1.htm
SM,0000893538,2026-08-05 00:00:00,2026-08-05 16:18:04,8-K,True,https://www.sec.gov/Archives/edgar/data/893538/000089353826000119/0000893538-26-000119-index.htm,https://www.sec.gov/Archives/edgar/data/893538/000089353826000119/exhibit99108052026er.htm
ABCL,0001703057,2026-08-05 00:00:00,2026-08-05 16:18:02,8-K,True,https://www.sec.gov/Archives/edgar/data/1703057/000170305726000044/0001703057-26-000044-index.htm,https://www.sec.gov/Archives/edgar/data/1703057/000170305726000044/q22026earningspressrelease.htm
GNW,0001276520,2026-08-05 00:00:00,2026-08-05 16:18:00,8-K,True,https://www.sec.gov/Archives/edgar/data/1276520/000162828026053389/0001628280-26-053389-index.htm,https://www.sec.gov/Archives/edgar/data/1276520/000162828026053389/quarterlyearningsrelease.htm
GNL-PD,0001526113,2026-08-05 00:00:00,2026-08-05 16:17:59,8-K,True,https://www.sec.gov/Archives/edgar/data/1526113/000162828026053386/0001628280-26-053386-index.htm,https://www.sec.gov/Archives/edgar/data/1526113/000162828026053386/ex991gnlearningsrelease630.htm
GNL-PA,0001526113,2026-08-05 00:00:00,2026-08-05 16:17:59,8-K,True,https://www.sec.gov/Archives/edgar/data/1526113/000162828026053386/0001628280-26-053386-index.htm,https://www.sec.gov/Archives/edgar/data/1526113/000162828026053386/ex991gnlearningsrelease630.htm
GNL-PB,0001526113,2026-08-05 00:00:00,2026-08-05 16:17:59,8-K,True,https://www.sec.gov/Archives/edgar/data/1526113/000162828026053386/0001628280-26-053386-index.htm,https://www.sec.gov/Archives/edgar/data/1526113/000162828026053386/ex991gnlearningsrelease630.htm
GNL-PE,0001526113,2026-08-05 00:00:00,2026-08-05 16:17:59,8-K,True,https://www.sec.gov/Archives/edgar/data/1526113/000162828026053386/0001628280-26-053386-index.htm,https://www.sec.gov/Archives/edgar/data/1526113/000162828026053386/ex991gnlearningsrelease630.htm
GNL,0001526113,2026-08-05 00:00:00,2026-08-05 16:17:59,8-K,True,https://www.sec.gov/Archives/edgar/data/1526113/000162828026053386/0001628280-26-053386-index.htm,https://www.sec.gov/Archives/edgar/data/1526113/000162828026053386/ex991gnlearningsrelease630.htm
None,0001806931,2026-08-05 00:00:00,2026-08-05 16:17:50,8-K,True,https://www.sec.gov/Archives/edgar/data/1806931/000005282726000094/0000052827-26-000094-index.htm,https://www.sec.gov/Archives/edgar/data/52827/000005282726000094/exhibit9912q2026.htm
RYN,0000052827,2026-08-05 00:00:00,2026-08-05 16:17:50,8-K,True,https://www.sec.gov/Archives/edgar/data/52827/000005282726000094/0000052827-26-000094-index.htm,https://www.sec.gov/Archives/edgar/data/52827/000005282726000094/exhibit9912q2026.htm
TPC,0000077543,2026-08-05 00:00:00,2026-08-05 16:17:49,8-K,True,https://www.sec.gov/Archives/edgar/data/77543/000007754326000184/0000077543-26-000184-index.htm,https://www.sec.gov/Archives/edgar/data/77543/000007754326000184/tpc20260805ex991.htm
NWSA,0001564708,2026-08-05 00:00:00,2026-08-05 16:17:48,8-K,True,https://www.sec.gov/Archives/edgar/data/1564708/000156470826000171/0001564708-26-000171-index.htm,https://www.sec.gov/Archives/edgar/data/1564708/000156470826000171/release-q4fy2026.htm
NWS,0001564708,2026-08-05 00:00:00,2026-08-05 16:17:48,8-K,True,https://www.sec.gov/Archives/edgar/data/1564708/000156470826000171/0001564708-26-000171-index.htm,https://www.sec.gov/Archives/edgar/data/1564708/000156470826000171/release-q4fy2026.htm
SOLV,0001964738,2026-08-05 00:00:00,2026-08-05 16:17:48,8-K,True,https://www.sec.gov/Archives/edgar/data/1964738/000196473826000045/0001964738-26-000045-index.htm,https://www.sec.gov/Archives/edgar/data/1964738/000196473826000045/q22026-8kerexx991.htm
FGN,0001934850,2026-08-05 00:00:00,2026-08-05 16:17:47,8-K,True,https://www.sec.gov/Archives/edgar/data/1934850/000193485026000081/0001934850-26-000081-index.htm,https://www.sec.gov/Archives/edgar/data/1934850/000193485026000081/a2q26fgearningsrelease_f.htm
FG,0001934850,2026-08-05 00:00:00,2026-08-05 16:17:47,8-K,True,https://www.sec.gov/Archives/edgar/data/1934850/000193485026000081/0001934850-26-000081-index.htm,https://www.sec.gov/Archives/edgar/data/1934850/000193485026000081/a2q26fgearningsrelease_f.htm
SNEX,0000913760,2026-08-05 00:00:00,2026-08-05 16:17:45,8-K,False,https://www.sec.gov/Archives/edgar/data/913760/000091376026000037/0000913760-26-000037-index.htm,https://www.sec.gov/Archives/edgar/data/913760/000091376026000037/intl-20260805.htm
GDLC,0001729997,2026-08-05 00:00:00,2026-08-05 16:17:19,8-K,False,https://www.sec.gov/Archives/edgar/data/1729997/000119312526335171/0001193125-26-335171-index.htm,https://www.sec.gov/Archives/edgar/data/1729997/000119312526335171/gdlc-20260731.htm
EOLS,0001570562,2026-08-05 00:00:00,2026-08-05 16:17:15,8-K,True,https://www.sec.gov/Archives/edgar/data/1570562/000162828026053384/0001628280-26-053384-index.htm,https://www.sec.gov/Archives/edgar/data/1570562/000162828026053384/q22026eolsex991.htm
SOI,0001697500,2026-08-05 00:00:00,2026-08-05 16:17:10,8-K,True,https://www.sec.gov/Archives/edgar/data/1697500/000162828026053383/0001628280-26-053383-index.htm,https://www.sec.gov/Archives/edgar/data/1697500/000162828026053383/sei-ex99x6302026.htm
SCKT,0000944075,2026-08-05 00:00:00,2026-08-05 16:17:08,8-K,False,https://www.sec.gov/Archives/edgar/data/944075/000094407526000053/0000944075-26-000053-index.htm,https://www.sec.gov/Archives/edgar/data/944075/000094407526000053/form-8k0803.htm
MWA,0001350593,2026-08-05 00:00:00,2026-08-05 16:17:00,8-K,True,https://www.sec.gov/Archives/edgar/data/1350593/000135059326000034/0001350593-26-000034-index.htm,https://www.sec.gov/Archives/edgar/data/1350593/000135059326000034/exhibit991pressreleasefy26.htm
KRO,0001257640,2026-08-05 00:00:00,2026-08-05 16:16:51,8-K,True,https://www.sec.gov/Archives/edgar/data/1257640/000125764026000029/0001257640-26-000029-index.htm,https://www.sec.gov/Archives/edgar/data/1257640/000125764026000029/kro-20260805xex99d1.htm
TPL,0001811074,2026-08-05 00:00:00,2026-08-05 16:16:48,8-K,True,https://www.sec.gov/Archives/edgar/data/1811074/000181107426000056/0001811074-26-000056-index.htm,https://www.sec.gov/Archives/edgar/data/1811074/000181107426000056/exhibit991q22026earningsre.htm
VIAV,0000912093,2026-08-05 00:00:00,2026-08-05 16:16:46,8-K,True,https://www.sec.gov/Archives/edgar/data/912093/000162828026053381/0001628280-26-053381-index.htm,https://www.sec.gov/Archives/edgar/data/912093/000162828026053381/viavq4fy268-kex991.htm
FSCO,0001568194,2026-08-05 00:00:00,2026-08-05 16:16:44,8-K,False,https://www.sec.gov/Archives/edgar/data/1568194/000110465926091122/0001104659-26-091122-index.htm,https://www.sec.gov/Archives/edgar/data/1568194/000110465926091122/tm2622225d1_8k.htm
CNTX,0001842952,2026-08-05 00:00:00,2026-08-05 16:16:31,8-K,False,https://www.sec.gov/Archives/edgar/data/1842952/000162828026053378/0001628280-26-053378-index.htm,https://www.sec.gov/Archives/edgar/data/1842952/000162828026053378/cntx-20260805.htm
GTPPP,0000042582,2026-08-05 00:00:00,2026-08-05 16:16:27,8-K,True,https://www.sec.gov/Archives/edgar/data/42582/000162828026053379/0001628280-26-053379-index.htm,https://www.sec.gov/Archives/edgar/data/42582/000162828026053379/q22026nrearningsrelease_dr.htm
GT,0000042582,2026-08-05 00:00:00,2026-08-05 16:16:27,8-K,True,https://www.sec.gov/Archives/edgar/data/42582/000162828026053379/0001628280-26-053379-index.htm,https://www.sec.gov/Archives/edgar/data/42582/000162828026053379/q22026nrearningsrelease_dr.htm
OXY,0000797468,2026-08-05 00:00:00,2026-08-05 16:16:18,8-K,True,https://www.sec.gov/Archives/edgar/data/797468/000162828026053377/0001628280-26-053377-index.htm,https://www.sec.gov/Archives/edgar/data/797468/000162828026053377/oxyex9916-30x26earningsrel.htm
OXY-WT,0000797468,2026-08-05 00:00:00,2026-08-05 16:16:18,8-K,True,https://www.sec.gov/Archives/edgar/data/797468/000162828026053377/0001628280-26-053377-index.htm,https://www.sec.gov/Archives/edgar/data/797468/000162828026053377/oxyex9916-30x26earningsrel.htm
PNTG,0001766400,2026-08-05 00:00:00,2026-08-05 16:16:18,8-K,True,https://www.sec.gov/Archives/edgar/data/1766400/000176640026000064/0001766400-26-000064-index.htm,https://www.sec.gov/Archives/edgar/data/1766400/000176640026000064/q22026earningspressrelease.htm
VWAVW,0002038439,2026-08-05 00:00:00,2026-08-05 16:16:08,8-K,False,https://www.sec.gov/Archives/edgar/data/2038439/000173112226001022/0001731122-26-001022-index.htm,https://www.sec.gov/Archives/edgar/data/2038439/000173112226001022/e7830_8-k.htm
VWAV,0002038439,2026-08-05 00:00:00,2026-08-05 16:16:08,8-K,False,https://www.sec.gov/Archives/edgar/data/2038439/000173112226001022/0001731122-26-001022-index.htm,https://www.sec.gov/Archives/edgar/data/2038439/000173112226001022/e7830_8-k.htm
MRAM,0001438423,2026-08-05 00:00:00,2026-08-05 16:16:06,8-K,True,https://www.sec.gov/Archives/edgar/data/1438423/000162828026053376/0001628280-26-053376-index.htm,https://www.sec.gov/Archives/edgar/data/1438423/000162828026053376/mram-20260630xexx991.htm
ALL-PI,0000899051,2026-08-05 00:00:00,2026-08-05 16:15:57,8-K,True,https://www.sec.gov/Archives/edgar/data/899051/000089905126000117/0000899051-26-000117-index.htm,https://www.sec.gov/Archives/edgar/data/899051/000089905126000117/allcorp63026earningsreleas.htm
ALL-PJ,0000899051,2026-08-05 00:00:00,2026-08-05 16:15:57,8-K,True,https://www.sec.gov/Archives/edgar/data/899051/000089905126000117/0000899051-26-000117-index.htm,https://www.sec.gov/Archives/edgar/data/899051/000089905126000117/allcorp63026earningsreleas.htm
ALL-PB,0000899051,2026-08-05 00:00:00,2026-08-05 16:15:57,8-K,True,https://www.sec.gov/Archives/edgar/data/899051/000089905126000117/0000899051-26-000117-index.htm,https://www.sec.gov/Archives/edgar/data/899051/000089905126000117/allcorp63026earningsreleas.htm
ALL-PG,0000899051,2026-08-05 00:00:00,2026-08-05 16:15:57,8-K,True,https://www.sec.gov/Archives/edgar/data/899051/000089905126000117/0000899051-26-000117-index.htm,https://www.sec.gov/Archives/edgar/data/899051/000089905126000117/allcorp63026earningsreleas.htm
ALL-PH,0000899051,2026-08-05 00:00:00,2026-08-05 16:15:57,8-K,True,https://www.sec.gov/Archives/edgar/data/899051/000089905126000117/0000899051-26-000117-index.htm,https://www.sec.gov/Archives/edgar/data/899051/000089905126000117/allcorp63026earningsreleas.htm
ALL,0000899051,2026-08-05 00:00:00,2026-08-05 16:15:57,8-K,True,https://www.sec.gov/Archives/edgar/data/899051/000089905126000117/0000899051-26-000117-index.htm,https://www.sec.gov/Archives/edgar/data/899051/000089905126000117/allcorp63026earningsreleas.htm
BBDC,0001379785,2026-08-05 00:00:00,2026-08-05 16:15:57,8-K,True,https://www.sec.gov/Archives/edgar/data/1379785/000137978526000031/0001379785-26-000031-index.htm,https://www.sec.gov/Archives/edgar/data/1379785/000137978526000031/exhibit99120260805earnings.htm
VECO,0000103145,2026-08-05 00:00:00,2026-08-05 16:15:57,8-K,True,https://www.sec.gov/Archives/edgar/data/103145/000110465926091118/0001104659-26-091118-index.htm,https://www.sec.gov/Archives/edgar/data/103145/000110465926091118/veco-20260805xex99d1.htm
SMR,0001822966,2026-08-05 00:00:00,2026-08-05 16:15:45,8-K,True,https://www.sec.gov/Archives/edgar/data/1822966/000182296626000086/0001822966-26-000086-index.htm,https://www.sec.gov/Archives/edgar/data/1822966/000182296626000086/a2026-08x05xnuscaleq2202.htm
SMR-WT,0001822966,2026-08-05 00:00:00,2026-08-05 16:15:45,8-K,True,https://www.sec.gov/Archives/edgar/data/1822966/000182296626000086/0001822966-26-000086-index.htm,https://www.sec.gov/Archives/edgar/data/1822966/000182296626000086/a2026-08x05xnuscaleq2202.htm
SV,0001822966,2026-08-05 00:00:00,2026-08-05 16:15:45,8-K,True,https://www.sec.gov/Archives/edgar/data/1822966/000182296626000086/0001822966-26-000086-index.htm,https://www.sec.gov/Archives/edgar/data/1822966/000182296626000086/a2026-08x05xnuscaleq2202.htm
SVSVU,0001822966,2026-08-05 00:00:00,2026-08-05 16:15:45,8-K,True,https://www.sec.gov/Archives/edgar/data/1822966/000182296626000086/0001822966-26-000086-index.htm,https://www.sec.gov/Archives/edgar/data/1822966/000182296626000086/a2026-08x05xnuscaleq2202.htm
MMED,0002062583,2026-08-05 00:00:00,2026-08-05 16:15:44,8-K,False,https://www.sec.gov/Archives/edgar/data/2062583/000110465926091115/0001104659-26-091115-index.htm,https://www.sec.gov/Archives/edgar/data/2062583/000110465926091115/tm2622265d1_8k.htm
CENTA,0000887733,2026-08-05 00:00:00,2026-08-05 16:15:43,8-K,True,https://www.sec.gov/Archives/edgar/data/887733/000088773326000019/0000887733-26-000019-index.htm,https://www.sec.gov/Archives/edgar/data/887733/000088773326000019/q32026pressrelease.htm
CENT,0000887733,2026-08-05 00:00:00,2026-08-05 16:15:43,8-K,True,https://www.sec.gov/Archives/edgar/data/887733/000088773326000019/0000887733-26-000019-index.htm,https://www.sec.gov/Archives/edgar/data/887733/000088773326000019/q32026pressrelease.htm
AURA,0001501796,2026-08-05 00:00:00,2026-08-05 16:15:40,8-K,False,https://www.sec.gov/Archives/edgar/data/1501796/000119312526335157/0001193125-26-335157-index.htm,https://www.sec.gov/Archives/edgar/data/1501796/000119312526335157/aura-20260805.htm
ASYS,0000720500,2026-08-05 00:00:00,2026-08-05 16:15:29,8-K,False,https://www.sec.gov/Archives/edgar/data/720500/000072050026000011/0000720500-26-000011-index.htm,https://www.sec.gov/Archives/edgar/data/720500/000072050026000011/asys-20260804.htm
FLS,0000030625,2026-08-05 00:00:00,2026-08-05 16:15:20,8-K,False,https://www.sec.gov/Archives/edgar/data/30625/000162828026053369/0001628280-26-053369-index.htm,https://www.sec.gov/Archives/edgar/data/30625/000162828026053369/fls-20260804.htm
RXST,0001111485,2026-08-05 00:00:00,2026-08-05 16:15:17,8-K,True,https://www.sec.gov/Archives/edgar/data/1111485/000119312526335150/0001193125-26-335150-index.htm,https://www.sec.gov/Archives/edgar/data/1111485/000119312526335150/rxst-ex99_1.htm
HUBS,0001404655,2026-08-05 00:00:00,2026-08-05 16:15:17,8-K,True,https://www.sec.gov/Archives/edgar/data/1404655/000119312526335148/0001193125-26-335148-index.htm,https://www.sec.gov/Archives/edgar/data/1404655/000119312526335148/hubs-ex99_1.htm
FEIM,0000039020,2026-08-05 00:00:00,2026-08-05 16:15:17,8-K,False,https://www.sec.gov/Archives/edgar/data/39020/000118518526003285/0001185185-26-003285-index.htm,https://www.sec.gov/Archives/edgar/data/39020/000118518526003285/feim8k080526.htm
PSBD,0001794776,2026-08-05 00:00:00,2026-08-05 16:15:16,8-K,True,https://www.sec.gov/Archives/edgar/data/1794776/000119312526335145/0001193125-26-335145-index.htm,https://www.sec.gov/Archives/edgar/data/1794776/000119312526335145/psbd-ex99_1.htm
APLE,0001418121,2026-08-05 00:00:00,2026-08-05 16:15:16,8-K,True,https://www.sec.gov/Archives/edgar/data/1418121/000119312526335144/0001193125-26-335144-index.htm,https://www.sec.gov/Archives/edgar/data/1418121/000119312526335144/aple-ex99_1.htm
GPMT-PA,0001703644,2026-08-05 00:00:00,2026-08-05 16:15:05,8-K,True,https://www.sec.gov/Archives/edgar/data/1703644/000170364426000033/0001703644-26-000033-index.htm,https://www.sec.gov/Archives/edgar/data/1703644/000170364426000033/q22026earningsrelease.htm
GPMT,0001703644,2026-08-05 00:00:00,2026-08-05 16:15:05,8-K,True,https://www.sec.gov/Archives/edgar/data/1703644/000170364426000033/0001703644-26-000033-index.htm,https://www.sec.gov/Archives/edgar/data/1703644/000170364426000033/q22026earningsrelease.htm
MIAX,0001438472,2026-08-05 00:00:00,2026-08-05 16:14:43,8-K,True,https://www.sec.gov/Archives/edgar/data/1438472/000143847226000040/0001438472-26-000040-index.htm,https://www.sec.gov/Archives/edgar/data/1438472/000143847226000040/miaxq22026earningsreleas.htm
ALOT,0000008146,2026-08-05 00:00:00,2026-08-05 16:14:40,8-K,False,https://www.sec.gov/Archives/edgar/data/8146/000119312526335139/0001193125-26-335139-index.htm,https://www.sec.gov/Archives/edgar/data/8146/000119312526335139/d20284d8k.htm
ELF,0001600033,2026-08-05 00:00:00,2026-08-05 16:14:25,8-K,True,https://www.sec.gov/Archives/edgar/data/1600033/000160003326000036/0001600033-26-000036-index.htm,https://www.sec.gov/Archives/edgar/data/1600033/000160003326000036/q12027er-991.htm
ARQT,0001787306,2026-08-05 00:00:00,2026-08-05 16:14:24,8-K,True,https://www.sec.gov/Archives/edgar/data/1787306/000178730626000049/0001787306-26-000049-index.htm,https://www.sec.gov/Archives/edgar/data/1787306/000178730626000049/pressreleaseex991q22026.htm
COKE,0000317540,2026-08-05 00:00:00,2026-08-05 16:13:40,8-K,True,https://www.sec.gov/Archives/edgar/data/317540/000162828026053365/0001628280-26-053365-index.htm,https://www.sec.gov/Archives/edgar/data/317540/000162828026053365/cokeq22026ex-991.htm
ZVRA,0001434647,2026-08-05 00:00:00,2026-08-05 16:13:22,8-K,True,https://www.sec.gov/Archives/edgar/data/1434647/000143464726000067/0001434647-26-000067-index.htm,https://www.sec.gov/Archives/edgar/data/1434647/000143464726000067/zvra-20260805xex991earnings.htm
KMPH,0001434647,2026-08-05 00:00:00,2026-08-05 16:13:22,8-K,True,https://www.sec.gov/Archives/edgar/data/1434647/000143464726000067/0001434647-26-000067-index.htm,https://www.sec.gov/Archives/edgar/data/1434647/000143464726000067/zvra-20260805xex991earnings.htm
SAIA,0001177702,2026-08-05 00:00:00,2026-08-05 16:13:08,8-K,False,https://www.sec.gov/Archives/edgar/data/1177702/000119312526335131/0001193125-26-335131-index.htm,https://www.sec.gov/Archives/edgar/data/1177702/000119312526335131/saia-20260730.htm
ATEN,0001580808,2026-08-05 00:00:00,2026-08-05 16:13:01,8-K,True,https://www.sec.gov/Archives/edgar/data/1580808/000158080826000042/0001580808-26-000042-index.htm,https://www.sec.gov/Archives/edgar/data/1580808/000158080826000042/q2-26exx9918052026earnings.htm
TRLV,0001754195,2026-08-05 00:00:00,2026-08-05 16:13:01,8-K,False,https://www.sec.gov/Archives/edgar/data/1754195/000175419526000062/0001754195-26-000062-index.htm,https://www.sec.gov/Archives/edgar/data/1754195/000175419526000062/tcnnf-20260805.htm
TCNNF,0001754195,2026-08-05 00:00:00,2026-08-05 16:13:01,8-K,False,https://www.sec.gov/Archives/edgar/data/1754195/000175419526000062/0001754195-26-000062-index.htm,https://www.sec.gov/Archives/edgar/data/1754195/000175419526000062/tcnnf-20260805.htm
FLT,0001175454,2026-08-05 00:00:00,2026-08-05 16:13:01,8-K,True,https://www.sec.gov/Archives/edgar/data/1175454/000117545426000045/0001175454-26-000045-index.htm,https://www.sec.gov/Archives/edgar/data/1175454/000117545426000045/ex991q2_2026.htm
CPAY,0001175454,2026-08-05 00:00:00,2026-08-05 16:13:01,8-K,True,https://www.sec.gov/Archives/edgar/data/1175454/000117545426000045/0001175454-26-000045-index.htm,https://www.sec.gov/Archives/edgar/data/1175454/000117545426000045/ex991q2_2026.htm
NVST,0001757073,2026-08-05 00:00:00,2026-08-05 16:12:56,8-K,True,https://www.sec.gov/Archives/edgar/data/1757073/000175707326000063/0001757073-26-000063-index.htm,https://www.sec.gov/Archives/edgar/data/1757073/000175707326000063/nvst-ex991x7326xworkingfil.htm
MSI,0000068505,2026-08-05 00:00:00,2026-08-05 16:12:37,8-K,True,https://www.sec.gov/Archives/edgar/data/68505/000006850526000027/0000068505-26-000027-index.htm,https://www.sec.gov/Archives/edgar/data/68505/000006850526000027/msiq22026pressrelease.htm
AXON,0001069183,2026-08-05 00:00:00,2026-08-05 16:12:36,8-K,True,https://www.sec.gov/Archives/edgar/data/1069183/000162828026053363/0001628280-26-053363-index.htm,https://www.sec.gov/Archives/edgar/data/1069183/000162828026053363/axon-20260805xex991.htm
DASH,0001792789,2026-08-05 00:00:00,2026-08-05 16:12:32,8-K,True,https://www.sec.gov/Archives/edgar/data/1792789/000179278926000048/0001792789-26-000048-index.htm,https://www.sec.gov/Archives/edgar/data/1792789/000179278926000048/proddashex991-pressrelease.htm
CAI,0002019410,2026-08-05 00:00:00,2026-08-05 16:12:27,8-K,True,https://www.sec.gov/Archives/edgar/data/2019410/000201941026000053/0002019410-26-000053-index.htm,https://www.sec.gov/Archives/edgar/data/2019410/000201941026000053/cai_ex99-1.htm
EZPW,0000876523,2026-08-05 00:00:00,2026-08-05 16:12:13,8-K,True,https://www.sec.gov/Archives/edgar/data/876523/000087652326000064/0000876523-26-000064-index.htm,https://www.sec.gov/Archives/edgar/data/876523/000087652326000064/a2026-q3pressreleaseex991.htm
SOLV,0001964738,2026-08-05 00:00:00,2026-08-05 16:11:59,8-K,False,https://www.sec.gov/Archives/edgar/data/1964738/000196473826000043/0001964738-26-000043-index.htm,https://www.sec.gov/Archives/edgar/data/1964738/000196473826000043/solv-20260805.htm
VVI,0000884219,2026-08-05 00:00:00,2026-08-05 16:11:56,8-K,False,https://www.sec.gov/Archives/edgar/data/884219/000119312526335125/0001193125-26-335125-index.htm,https://www.sec.gov/Archives/edgar/data/884219/000119312526335125/prsu-20260805.htm
PRSU,0000884219,2026-08-05 00:00:00,2026-08-05 16:11:56,8-K,False,https://www.sec.gov/Archives/edgar/data/884219/000119312526335125/0001193125-26-335125-index.htm,https://www.sec.gov/Archives/edgar/data/884219/000119312526335125/prsu-20260805.htm
SITM,0001451809,2026-08-05 00:00:00,2026-08-05 16:11:48,8-K,True,https://www.sec.gov/Archives/edgar/data/1451809/000145180926000059/0001451809-26-000059-index.htm,https://www.sec.gov/Archives/edgar/data/1451809/000145180926000059/sitm-q226x8kxexx991.htm
RELY,0001782170,2026-08-05 00:00:00,2026-08-05 16:11:46,8-K,True,https://www.sec.gov/Archives/edgar/data/1782170/000162828026053361/0001628280-26-053361-index.htm,https://www.sec.gov/Archives/edgar/data/1782170/000162828026053361/rely2q26-earningspr.htm
MEG,0001643615,2026-08-05 00:00:00,2026-08-05 16:11:36,8-K,False,https://www.sec.gov/Archives/edgar/data/1643615/000119312526335121/0001193125-26-335121-index.htm,https://www.sec.gov/Archives/edgar/data/1643615/000119312526335121/ont-20260805.htm
None,0002080216,2026-08-05 00:00:00,2026-08-05 16:11:35,8-K,False,https://www.sec.gov/Archives/edgar/data/2080216/000119312526335120/0001193125-26-335120-index.htm,https://www.sec.gov/Archives/edgar/data/2080216/000119312526335120/d77489d8k.htm
DAVEW,0001841408,2026-08-05 00:00:00,2026-08-05 16:11:28,8-K,True,https://www.sec.gov/Archives/edgar/data/1841408/000119312526335119/0001193125-26-335119-index.htm,https://www.sec.gov/Archives/edgar/data/1841408/000119312526335119/dave-ex99_1.htm
DAVE,0001841408,2026-08-05 00:00:00,2026-08-05 16:11:28,8-K,True,https://www.sec.gov/Archives/edgar/data/1841408/000119312526335119/0001193125-26-335119-index.htm,https://www.sec.gov/Archives/edgar/data/1841408/000119312526335119/dave-ex99_1.htm
CWEN-A,0001567683,2026-08-05 00:00:00,2026-08-05 16:11:26,8-K,True,https://www.sec.gov/Archives/edgar/data/1567683/000162828026053357/0001628280-26-053357-index.htm,https://www.sec.gov/Archives/edgar/data/1567683/000162828026053357/exhibit991-clearwayenergyi.htm
CWEN,0001567683,2026-08-05 00:00:00,2026-08-05 16:11:26,8-K,True,https://www.sec.gov/Archives/edgar/data/1567683/000162828026053357/0001628280-26-053357-index.htm,https://www.sec.gov/Archives/edgar/data/1567683/000162828026053357/exhibit991-clearwayenergyi.htm
PTGX,0001377121,2026-08-05 00:00:00,2026-08-05 16:11:23,8-K,False,https://www.sec.gov/Archives/edgar/data/1377121/000110465926091099/0001104659-26-091099-index.htm,https://www.sec.gov/Archives/edgar/data/1377121/000110465926091099/tm2622272d1_8k.htm
XYZ,0001512673,2026-08-05 00:00:00,2026-08-05 16:11:16,8-K,True,https://www.sec.gov/Archives/edgar/data/1512673/000119312526335117/0001193125-26-335117-index.htm,https://www.sec.gov/Archives/edgar/data/1512673/000119312526335117/d91486dex991.htm
SQ,0001512673,2026-08-05 00:00:00,2026-08-05 16:11:16,8-K,True,https://www.sec.gov/Archives/edgar/data/1512673/000119312526335117/0001193125-26-335117-index.htm,https://www.sec.gov/Archives/edgar/data/1512673/000119312526335117/d91486dex991.htm
BSQKZ,0001512673,2026-08-05 00:00:00,2026-08-05 16:11:16,8-K,True,https://www.sec.gov/Archives/edgar/data/1512673/000119312526335117/0001193125-26-335117-index.htm,https://www.sec.gov/Archives/edgar/data/1512673/000119312526335117/d91486dex991.htm
ZBH,0001136869,2026-08-05 00:00:00,2026-08-05 16:11:11,8-K,True,https://www.sec.gov/Archives/edgar/data/1136869/000119312526335108/0001193125-26-335108-index.htm,https://www.sec.gov/Archives/edgar/data/1136869/000119312526335108/zbh-ex99_1.htm
WERN,0000793074,2026-08-05 00:00:00,2026-08-05 16:10:57,8-K,False,https://www.sec.gov/Archives/edgar/data/793074/000079307426000132/0000793074-26-000132-index.htm,https://www.sec.gov/Archives/edgar/data/793074/000079307426000132/wern-20260805.htm
LFMDP,0000948320,2026-08-05 00:00:00,2026-08-05 16:10:53,8-K,True,https://www.sec.gov/Archives/edgar/data/948320/000149315226036170/0001493152-26-036170-index.htm,https://www.sec.gov/Archives/edgar/data/948320/000149315226036170/ex99-1.htm
LFMD,0000948320,2026-08-05 00:00:00,2026-08-05 16:10:53,8-K,True,https://www.sec.gov/Archives/edgar/data/948320/000149315226036170/0001493152-26-036170-index.htm,https://www.sec.gov/Archives/edgar/data/948320/000149315226036170/ex99-1.htm
ADMA,0001368514,2026-08-05 00:00:00,2026-08-05 16:10:51,8-K,True,https://www.sec.gov/Archives/edgar/data/1368514/000114036126031423/0001140361-26-031423-index.htm,https://www.sec.gov/Archives/edgar/data/1368514/000114036126031423/ef20079311_ex99-1.htm
APEI,0001201792,2026-08-05 00:00:00,2026-08-05 16:10:45,8-K,False,https://www.sec.gov/Archives/edgar/data/1201792/000110465926091094/0001104659-26-091094-index.htm,https://www.sec.gov/Archives/edgar/data/1201792/000110465926091094/tm2622340d1_8k.htm
CHYM,0001795586,2026-08-05 00:00:00,2026-08-05 16:10:43,8-K,True,https://www.sec.gov/Archives/edgar/data/1795586/000179558626000046/0001795586-26-000046-index.htm,https://www.sec.gov/Archives/edgar/data/1795586/000179558626000046/ex991q226.htm
TDUP,0001484778,2026-08-05 00:00:00,2026-08-05 16:10:42,8-K,True,https://www.sec.gov/Archives/edgar/data/1484778/000148477826000024/0001484778-26-000024-index.htm,https://www.sec.gov/Archives/edgar/data/1484778/000148477826000024/exhibit991earningsreleaseq.htm
PR,0001658566,2026-08-05 00:00:00,2026-08-05 16:10:40,8-K,True,https://www.sec.gov/Archives/edgar/data/1658566/000165856626000094/0001658566-26-000094-index.htm,https://www.sec.gov/Archives/edgar/data/1658566/000165856626000094/ex991prq22026earningsrelea.htm
CDEV,0001658566,2026-08-05 00:00:00,2026-08-05 16:10:40,8-K,True,https://www.sec.gov/Archives/edgar/data/1658566/000165856626000094/0001658566-26-000094-index.htm,https://www.sec.gov/Archives/edgar/data/1658566/000165856626000094/ex991prq22026earningsrelea.htm
VRRMW,0001682745,2026-08-05 00:00:00,2026-08-05 16:10:39,8-K,True,https://www.sec.gov/Archives/edgar/data/1682745/000119312526335111/0001193125-26-335111-index.htm,https://www.sec.gov/Archives/edgar/data/1682745/000119312526335111/vrrm-ex99_1.htm
VRRM,0001682745,2026-08-05 00:00:00,2026-08-05 16:10:39,8-K,True,https://www.sec.gov/Archives/edgar/data/1682745/000119312526335111/0001193125-26-335111-index.htm,https://www.sec.gov/Archives/edgar/data/1682745/000119312526335111/vrrm-ex99_1.htm
HDSN,0000925528,2026-08-05 00:00:00,2026-08-05 16:10:36,8-K,True,https://www.sec.gov/Archives/edgar/data/925528/000110465926091092/0001104659-26-091092-index.htm,https://www.sec.gov/Archives/edgar/data/925528/000110465926091092/tm2622080d1_ex99-1.htm
MGY,0001698990,2026-08-05 00:00:00,2026-08-05 16:10:33,8-K,True,https://www.sec.gov/Archives/edgar/data/1698990/000110465926091091/0001104659-26-091091-index.htm,https://www.sec.gov/Archives/edgar/data/1698990/000110465926091091/tm2622270d1_ex4-1.htm
MYO,0001369290,2026-08-05 00:00:00,2026-08-05 16:10:26,8-K,True,https://www.sec.gov/Archives/edgar/data/1369290/000119312526335109/0001193125-26-335109-index.htm,https://www.sec.gov/Archives/edgar/data/1369290/000119312526335109/myo-ex99_1.htm
LAB,0001162194,2026-08-05 00:00:00,2026-08-05 16:10:20,8-K,True,https://www.sec.gov/Archives/edgar/data/1162194/000119312526335106/0001193125-26-335106-index.htm,https://www.sec.gov/Archives/edgar/data/1162194/000119312526335106/lab-ex99_1.htm
FLDM,0001162194,2026-08-05 00:00:00,2026-08-05 16:10:20,8-K,True,https://www.sec.gov/Archives/edgar/data/1162194/000119312526335106/0001193125-26-335106-index.htm,https://www.sec.gov/Archives/edgar/data/1162194/000119312526335106/lab-ex99_1.htm
PKOH,0000076282,2026-08-05 00:00:00,2026-08-05 16:10:20,8-K,True,https://www.sec.gov/Archives/edgar/data/76282/000007628226000025/0000076282-26-000025-index.htm,https://www.sec.gov/Archives/edgar/data/76282/000007628226000025/pkoh20260630-ex991earnings.htm
PAYC,0001590955,2026-08-05 00:00:00,2026-08-05 16:10:18,8-K,True,https://www.sec.gov/Archives/edgar/data/1590955/000119312526335105/0001193125-26-335105-index.htm,https://www.sec.gov/Archives/edgar/data/1590955/000119312526335105/payc-ex99_1.htm
AEVAW,0001789029,2026-08-05 00:00:00,2026-08-05 16:10:17,8-K,True,https://www.sec.gov/Archives/edgar/data/1789029/000119312526335102/0001193125-26-335102-index.htm,https://www.sec.gov/Archives/edgar/data/1789029/000119312526335102/aeva-ex99_1.htm
AEVA-WT,0001789029,2026-08-05 00:00:00,2026-08-05 16:10:17,8-K,True,https://www.sec.gov/Archives/edgar/data/1789029/000119312526335102/0001193125-26-335102-index.htm,https://www.sec.gov/Archives/edgar/data/1789029/000119312526335102/aeva-ex99_1.htm
AEVA,0001789029,2026-08-05 00:00:00,2026-08-05 16:10:17,8-K,True,https://www.sec.gov/Archives/edgar/data/1789029/000119312526335102/0001193125-26-335102-index.htm,https://www.sec.gov/Archives/edgar/data/1789029/000119312526335102/aeva-ex99_1.htm
IMRA,0001672619,2026-08-05 00:00:00,2026-08-05 16:10:16,8-K,False,https://www.sec.gov/Archives/edgar/data/1672619/000119312526335101/0001193125-26-335101-index.htm,https://www.sec.gov/Archives/edgar/data/1672619/000119312526335101/elvn-20260805.htm
ELVN,0001672619,2026-08-05 00:00:00,2026-08-05 16:10:16,8-K,False,https://www.sec.gov/Archives/edgar/data/1672619/000119312526335101/0001193125-26-335101-index.htm,https://www.sec.gov/Archives/edgar/data/1672619/000119312526335101/elvn-20260805.htm
OLP,0000712770,2026-08-05 00:00:00,2026-08-05 16:10:14,8-K,True,https://www.sec.gov/Archives/edgar/data/712770/000121390026085673/0001213900-26-085673-index.htm,https://www.sec.gov/Archives/edgar/data/712770/000121390026085673/ea030064801ex99-1.htm
RAMP,0000733269,2026-08-05 00:00:00,2026-08-05 16:10:05,8-K,True,https://www.sec.gov/Archives/edgar/data/733269/000073326926000045/0000733269-26-000045-index.htm,https://www.sec.gov/Archives/edgar/data/733269/000073326926000045/a2027q1pressreleaseforedgar.htm
TNYA,0001858848,2026-08-05 00:00:00,2026-08-05 16:10:04,8-K,False,https://www.sec.gov/Archives/edgar/data/1858848/000119312526335098/0001193125-26-335098-index.htm,https://www.sec.gov/Archives/edgar/data/1858848/000119312526335098/tnya-20260805.htm
VIR,0001706431,2026-08-05 00:00:00,2026-08-05 16:09:55,8-K,True,https://www.sec.gov/Archives/edgar/data/1706431/000162828026053351/0001628280-26-053351-index.htm,https://www.sec.gov/Archives/edgar/data/1706431/000162828026053351/a20260805-q2ex991earningsr.htm
GDRX,0001809519,2026-08-05 00:00:00,2026-08-05 16:09:49,8-K,False,https://www.sec.gov/Archives/edgar/data/1809519/000180951926000153/0001809519-26-000153-index.htm,https://www.sec.gov/Archives/edgar/data/1809519/000180951926000153/gdrx-20260731.htm
AESC,0000874761,2026-08-05 00:00:00,2026-08-05 16:09:48,8-K,False,https://www.sec.gov/Archives/edgar/data/874761/000095010326011951/0000950103-26-011951-index.htm,https://www.sec.gov/Archives/edgar/data/874761/000095010326011951/dp251078_8k.htm
IPWLP,0000874761,2026-08-05 00:00:00,2026-08-05 16:09:48,8-K,False,https://www.sec.gov/Archives/edgar/data/874761/000095010326011951/0000950103-26-011951-index.htm,https://www.sec.gov/Archives/edgar/data/874761/000095010326011951/dp251078_8k.htm
IPWLK,0000874761,2026-08-05 00:00:00,2026-08-05 16:09:48,8-K,False,https://www.sec.gov/Archives/edgar/data/874761/000095010326011951/0000950103-26-011951-index.htm,https://www.sec.gov/Archives/edgar/data/874761/000095010326011951/dp251078_8k.htm
AES,0000874761,2026-08-05 00:00:00,2026-08-05 16:09:48,8-K,False,https://www.sec.gov/Archives/edgar/data/874761/000095010326011951/0000950103-26-011951-index.htm,https://www.sec.gov/Archives/edgar/data/874761/000095010326011951/dp251078_8k.htm
SGHT,0001531177,2026-08-05 00:00:00,2026-08-05 16:09:46,8-K,True,https://www.sec.gov/Archives/edgar/data/1531177/000119312526335092/0001193125-26-335092-index.htm,https://www.sec.gov/Archives/edgar/data/1531177/000119312526335092/sght-ex99_1.htm
RUN,0001469367,2026-08-05 00:00:00,2026-08-05 16:09:41,8-K,True,https://www.sec.gov/Archives/edgar/data/1469367/000162828026053349/0001628280-26-053349-index.htm,https://www.sec.gov/Archives/edgar/data/1469367/000162828026053349/exhibit991q226.htm
EXEL,0000939767,2026-08-05 00:00:00,2026-08-05 16:09:37,8-K,False,https://www.sec.gov/Archives/edgar/data/939767/000093976726000096/0000939767-26-000096-index.htm,https://www.sec.gov/Archives/edgar/data/939767/000093976726000096/exel-20260805.htm
AKBA,0001517022,2026-08-05 00:00:00,2026-08-05 16:09:28,8-K,False,https://www.sec.gov/Archives/edgar/data/1517022/000151702226000050/0001517022-26-000050-index.htm,https://www.sec.gov/Archives/edgar/data/1517022/000151702226000050/akba-20260805.htm
XPER-WI,0001788999,2026-08-05 00:00:00,2026-08-05 16:09:22,8-K,True,https://www.sec.gov/Archives/edgar/data/1788999/000178899926000015/0001788999-26-000015-index.htm,https://www.sec.gov/Archives/edgar/data/1788999/000178899926000015/xper-ex99_1.htm
XPER,0001788999,2026-08-05 00:00:00,2026-08-05 16:09:22,8-K,True,https://www.sec.gov/Archives/edgar/data/1788999/000178899926000015/0001788999-26-000015-index.htm,https://www.sec.gov/Archives/edgar/data/1788999/000178899926000015/xper-ex99_1.htm
ECPG,0001084961,2026-08-05 00:00:00,2026-08-05 16:09:16,8-K,True,https://www.sec.gov/Archives/edgar/data/1084961/000108496126000057/0001084961-26-000057-index.htm,https://www.sec.gov/Archives/edgar/data/1084961/000108496126000057/exhibit991ecpgq22026earnin.htm
BLBD,0001589526,2026-08-05 00:00:00,2026-08-05 16:09:10,8-K,True,https://www.sec.gov/Archives/edgar/data/1589526/000158952626000046/0001589526-26-000046-index.htm,https://www.sec.gov/Archives/edgar/data/1589526/000158952626000046/a2026q3resultsreleaseex991.htm
DGII,0000854775,2026-08-05 00:00:00,2026-08-05 16:09:09,8-K,True,https://www.sec.gov/Archives/edgar/data/854775/000085477526000025/0000854775-26-000025-index.htm,https://www.sec.gov/Archives/edgar/data/854775/000085477526000025/dgii-ex991_20260805.htm
KVYO,0001835830,2026-08-05 00:00:00,2026-08-05 16:09:08,8-K,True,https://www.sec.gov/Archives/edgar/data/1835830/000183583026000039/0001835830-26-000039-index.htm,https://www.sec.gov/Archives/edgar/data/1835830/000183583026000039/confidentialfiscalq22026ea.htm
SNDKV,0002023554,2026-08-05 00:00:00,2026-08-05 16:09:06,8-K,True,https://www.sec.gov/Archives/edgar/data/2023554/000162828026053346/0001628280-26-053346-index.htm,https://www.sec.gov/Archives/edgar/data/2023554/000162828026053346/sndkq4-26ex991xpressrelease.htm
DHX,0001393883,2026-08-05 00:00:00,2026-08-05 16:09:06,8-K,True,https://www.sec.gov/Archives/edgar/data/1393883/000139388326000106/0001393883-26-000106-index.htm,https://www.sec.gov/Archives/edgar/data/1393883/000139388326000106/a991-earningsrelease2026q2.htm
SNDK,0002023554,2026-08-05 00:00:00,2026-08-05 16:09:06,8-K,True,https://www.sec.gov/Archives/edgar/data/2023554/000162828026053346/0001628280-26-053346-index.htm,https://www.sec.gov/Archives/edgar/data/2023554/000162828026053346/sndkq4-26ex991xpressrelease.htm
FLNC,0001868941,2026-08-05 00:00:00,2026-08-05 16:08:54,8-K,True,https://www.sec.gov/Archives/edgar/data/1868941/000186894126000028/0001868941-26-000028-index.htm,https://www.sec.gov/Archives/edgar/data/1868941/000186894126000028/flncq3fy26earningspressrel.htm
SMST,0001585389,2026-08-05 00:00:00,2026-08-05 16:08:43,8-K,False,https://www.sec.gov/Archives/edgar/data/1585389/000158538926000011/0001585389-26-000011-index.htm,https://www.sec.gov/Archives/edgar/data/1585389/000158538926000011/ck0001585389-20260805.htm
SMA,0001585389,2026-08-05 00:00:00,2026-08-05 16:08:43,8-K,False,https://www.sec.gov/Archives/edgar/data/1585389/000158538926000011/0001585389-26-000011-index.htm,https://www.sec.gov/Archives/edgar/data/1585389/000158538926000011/ck0001585389-20260805.htm
STSFF,0001585389,2026-08-05 00:00:00,2026-08-05 16:08:43,8-K,False,https://www.sec.gov/Archives/edgar/data/1585389/000158538926000011/0001585389-26-000011-index.htm,https://www.sec.gov/Archives/edgar/data/1585389/000158538926000011/ck0001585389-20260805.htm
FSLY,0001517413,2026-08-05 00:00:00,2026-08-05 16:08:42,8-K,True,https://www.sec.gov/Archives/edgar/data/1517413/000151741326000212/0001517413-26-000212-index.htm,https://www.sec.gov/Archives/edgar/data/1517413/000151741326000212/ex991-fslypressrelease63026.htm
ARRY,0001820721,2026-08-05 00:00:00,2026-08-05 16:08:37,8-K,True,https://www.sec.gov/Archives/edgar/data/1820721/000162828026053342/0001628280-26-053342-index.htm,https://www.sec.gov/Archives/edgar/data/1820721/000162828026053342/exhibit9912026q2pressrelea.htm
GRAL,0001699031,2026-08-05 00:00:00,2026-08-05 16:08:32,8-K,True,https://www.sec.gov/Archives/edgar/data/1699031/000162828026053341/0001628280-26-053341-index.htm,https://www.sec.gov/Archives/edgar/data/1699031/000162828026053341/ex9912026q2earningspressre.htm
HMHW,0002021880,2026-08-05 00:00:00,2026-08-05 16:08:16,8-K,True,https://www.sec.gov/Archives/edgar/data/2021880/000162828026053339/0001628280-26-053339-index.htm,https://www.sec.gov/Archives/edgar/data/2021880/000162828026053339/q22026exhibit991.htm
KMPR,0000860748,2026-08-05 00:00:00,2026-08-05 16:08:07,8-K,True,https://www.sec.gov/Archives/edgar/data/860748/000086074826000082/0000860748-26-000082-index.htm,https://www.sec.gov/Archives/edgar/data/860748/000086074826000082/kmpr20266302026ex991release.htm
KMPB,0000860748,2026-08-05 00:00:00,2026-08-05 16:08:07,8-K,True,https://www.sec.gov/Archives/edgar/data/860748/000086074826000082/0000860748-26-000082-index.htm,https://www.sec.gov/Archives/edgar/data/860748/000086074826000082/kmpr20266302026ex991release.htm
O,0000726728,2026-08-05 00:00:00,2026-08-05 16:07:57,8-K,True,https://www.sec.gov/Archives/edgar/data/726728/000072672826000044/0000726728-26-000044-index.htm,https://www.sec.gov/Archives/edgar/data/726728/000072672826000044/o-991q22026.htm
PCVX,0001649094,2026-08-05 00:00:00,2026-08-05 16:07:51,8-K,False,https://www.sec.gov/Archives/edgar/data/1649094/000164909426000041/0001649094-26-000041-index.htm,https://www.sec.gov/Archives/edgar/data/1649094/000164909426000041/pcvx-20260805.htm
UHALB,0000004457,2026-08-05 00:00:00,2026-08-05 16:07:51,8-K,True,https://www.sec.gov/Archives/edgar/data/4457/000119312526335076/0001193125-26-335076-index.htm,https://www.sec.gov/Archives/edgar/data/4457/000119312526335076/uhal-ex99_1.htm
UHAL-B,0000004457,2026-08-05 00:00:00,2026-08-05 16:07:51,8-K,True,https://www.sec.gov/Archives/edgar/data/4457/000119312526335076/0001193125-26-335076-index.htm,https://www.sec.gov/Archives/edgar/data/4457/000119312526335076/uhal-ex99_1.htm
UHAL,0000004457,2026-08-05 00:00:00,2026-08-05 16:07:51,8-K,True,https://www.sec.gov/Archives/edgar/data/4457/000119312526335076/0001193125-26-335076-index.htm,https://www.sec.gov/Archives/edgar/data/4457/000119312526335076/uhal-ex99_1.htm
BBSI,0000902791,2026-08-05 00:00:00,2026-08-05 16:07:50,8-K,True,https://www.sec.gov/Archives/edgar/data/902791/000119312526335077/0001193125-26-335077-index.htm,https://www.sec.gov/Archives/edgar/data/902791/000119312526335077/bbsi-ex99_1.htm
SSSSL,0001509470,2026-08-05 00:00:00,2026-08-05 16:07:49,8-K,False,https://www.sec.gov/Archives/edgar/data/1509470/000149315226036167/0001493152-26-036167-index.htm,https://www.sec.gov/Archives/edgar/data/1509470/000149315226036167/form8-k.htm
NSLR,0001509470,2026-08-05 00:00:00,2026-08-05 16:07:49,8-K,False,https://www.sec.gov/Archives/edgar/data/1509470/000149315226036167/0001493152-26-036167-index.htm,https://www.sec.gov/Archives/edgar/data/1509470/000149315226036167/form8-k.htm
SSSS,0001509470,2026-08-05 00:00:00,2026-08-05 16:07:49,8-K,False,https://www.sec.gov/Archives/edgar/data/1509470/000149315226036167/0001493152-26-036167-index.htm,https://www.sec.gov/Archives/edgar/data/1509470/000149315226036167/form8-k.htm
TLN,0001622536,2026-08-05 00:00:00,2026-08-05 16:07:49,8-K,True,https://www.sec.gov/Archives/edgar/data/1622536/000162253626000065/0001622536-26-000065-index.htm,https://www.sec.gov/Archives/edgar/data/1622536/000162253626000065/a20260805q22026earningsrel.htm
RCUS,0001724521,2026-08-05 00:00:00,2026-08-05 16:07:48,8-K,False,https://www.sec.gov/Archives/edgar/data/1724521/000172452126000042/0001724521-26-000042-index.htm,https://www.sec.gov/Archives/edgar/data/1724521/000172452126000042/rcus-20260805.htm
OSUR,0001116463,2026-08-05 00:00:00,2026-08-05 16:07:48,8-K,True,https://www.sec.gov/Archives/edgar/data/1116463/000111646326000048/0001116463-26-000048-index.htm,https://www.sec.gov/Archives/edgar/data/1116463/000111646326000048/osur-pressreleaseq22026.htm
SDGR,0001490978,2026-08-05 00:00:00,2026-08-05 16:07:48,8-K,True,https://www.sec.gov/Archives/edgar/data/1490978/000149097826000067/0001490978-26-000067-index.htm,https://www.sec.gov/Archives/edgar/data/1490978/000149097826000067/sdgr-20260630x8kxexx991.htm
BMEA,0001840439,2026-08-05 00:00:00,2026-08-05 16:07:47,8-K,False,https://www.sec.gov/Archives/edgar/data/1840439/000119312526335073/0001193125-26-335073-index.htm,https://www.sec.gov/Archives/edgar/data/1840439/000119312526335073/bmea-20260805.htm
EBAY,0001065088,2026-08-05 00:00:00,2026-08-05 16:07:47,8-K,True,https://www.sec.gov/Archives/edgar/data/1065088/000106508826000174/0001065088-26-000174-index.htm,https://www.sec.gov/Archives/edgar/data/1065088/000106508826000174/exhibit991erebayq22026.htm
AIRG,0001272842,2026-08-05 00:00:00,2026-08-05 16:07:46,8-K,True,https://www.sec.gov/Archives/edgar/data/1272842/000119312526335072/0001193125-26-335072-index.htm,https://www.sec.gov/Archives/edgar/data/1272842/000119312526335072/airg-ex99_1.htm
UTI,0001261654,2026-08-05 00:00:00,2026-08-05 16:07:43,8-K,True,https://www.sec.gov/Archives/edgar/data/1261654/000126165426000015/0001261654-26-000015-index.htm,https://www.sec.gov/Archives/edgar/data/1261654/000126165426000015/exhibit991-q32026earningsp.htm
COOK,0001857853,2026-08-05 00:00:00,2026-08-05 16:07:42,8-K,True,https://www.sec.gov/Archives/edgar/data/1857853/000162828026053336/0001628280-26-053336-index.htm,https://www.sec.gov/Archives/edgar/data/1857853/000162828026053336/q2-26earningspressrelease.htm
CLOV,0001801170,2026-08-05 00:00:00,2026-08-05 16:07:40,8-K,True,https://www.sec.gov/Archives/edgar/data/1801170/000180117026000196/0001801170-26-000196-index.htm,https://www.sec.gov/Archives/edgar/data/1801170/000180117026000196/a2q26exx991xearningsrelease.htm
GDRX,0001809519,2026-08-05 00:00:00,2026-08-05 16:07:39,8-K,True,https://www.sec.gov/Archives/edgar/data/1809519/000180951926000151/0001809519-26-000151-index.htm,https://www.sec.gov/Archives/edgar/data/1809519/000180951926000151/gdrxq226-exx991pressrelease.htm
MGNI,0001595974,2026-08-05 00:00:00,2026-08-05 16:07:36,8-K,True,https://www.sec.gov/Archives/edgar/data/1595974/000162828026053334/0001628280-26-053334-index.htm,https://www.sec.gov/Archives/edgar/data/1595974/000162828026053334/a991-earningsq22026.htm
Z,0001617640,2026-08-05 00:00:00,2026-08-05 16:07:32,8-K,False,https://www.sec.gov/Archives/edgar/data/1617640/000161764026000050/0001617640-26-000050-index.htm,https://www.sec.gov/Archives/edgar/data/1617640/000161764026000050/z-20260804.htm
ZG,0001617640,2026-08-05 00:00:00,2026-08-05 16:07:32,8-K,False,https://www.sec.gov/Archives/edgar/data/1617640/000161764026000050/0001617640-26-000050-index.htm,https://www.sec.gov/Archives/edgar/data/1617640/000161764026000050/z-20260804.htm
EVCM,0001853145,2026-08-05 00:00:00,2026-08-05 16:07:32,8-K,True,https://www.sec.gov/Archives/edgar/data/1853145/000185314526000028/0001853145-26-000028-index.htm,https://www.sec.gov/Archives/edgar/data/1853145/000185314526000028/evcmq226earningsrelease.htm
ZI,0001794515,2026-08-05 00:00:00,2026-08-05 16:07:30,8-K,True,https://www.sec.gov/Archives/edgar/data/1794515/000179451526000054/0001794515-26-000054-index.htm,https://www.sec.gov/Archives/edgar/data/1794515/000179451526000054/gtm-8kex991x20260805.htm
GTM,0001794515,2026-08-05 00:00:00,2026-08-05 16:07:30,8-K,True,https://www.sec.gov/Archives/edgar/data/1794515/000179451526000054/0001794515-26-000054-index.htm,https://www.sec.gov/Archives/edgar/data/1794515/000179451526000054/gtm-8kex991x20260805.htm
HONA,0002089271,2026-08-05 00:00:00,2026-08-05 16:07:29,8-K,True,https://www.sec.gov/Archives/edgar/data/2089271/000208927126000020/0002089271-26-000020-index.htm,https://www.sec.gov/Archives/edgar/data/2089271/000208927126000020/exhibit991q22026earningsre.htm
HONAV,0002089271,2026-08-05 00:00:00,2026-08-05 16:07:29,8-K,True,https://www.sec.gov/Archives/edgar/data/2089271/000208927126000020/0002089271-26-000020-index.htm,https://www.sec.gov/Archives/edgar/data/2089271/000208927126000020/exhibit991q22026earningsre.htm
FIG,0001579878,2026-08-05 00:00:00,2026-08-05 16:07:28,8-K,True,https://www.sec.gov/Archives/edgar/data/1579878/000162828026053331/0001628280-26-053331-index.htm,https://www.sec.gov/Archives/edgar/data/1579878/000162828026053331/q226pressrelease.htm
BROS,0001866581,2026-08-05 00:00:00,2026-08-05 16:07:25,8-K,True,https://www.sec.gov/Archives/edgar/data/1866581/000186658126000131/0001866581-26-000131-index.htm,https://www.sec.gov/Archives/edgar/data/1866581/000186658126000131/a2026-q2_ex991.htm
AMSC,0000880807,2026-08-05 00:00:00,2026-08-05 16:07:20,8-K,True,https://www.sec.gov/Archives/edgar/data/880807/000143774926025921/0001437749-26-025921-index.htm,https://www.sec.gov/Archives/edgar/data/880807/000143774926025921/ex_978081.htm
ZIP,0001617553,2026-08-05 00:00:00,2026-08-05 16:07:19,8-K,False,https://www.sec.gov/Archives/edgar/data/1617553/000161755326000045/0001617553-26-000045-index.htm,https://www.sec.gov/Archives/edgar/data/1617553/000161755326000045/zip-20260805.htm
PECO,0001476204,2026-08-05 00:00:00,2026-08-05 16:07:17,8-K,False,https://www.sec.gov/Archives/edgar/data/1476204/000147620426000034/0001476204-26-000034-index.htm,https://www.sec.gov/Archives/edgar/data/1476204/000147620426000034/cik0001476204-20260805.htm
AGL,0001831097,2026-08-05 00:00:00,2026-08-05 16:07:17,8-K,True,https://www.sec.gov/Archives/edgar/data/1831097/000162828026053328/0001628280-26-053328-index.htm,https://www.sec.gov/Archives/edgar/data/1831097/000162828026053328/agl-20260630xexx991.htm
KLIC,0000056978,2026-08-05 00:00:00,2026-08-05 16:07:12,8-K,True,https://www.sec.gov/Archives/edgar/data/56978/000005697826000030/0000056978-26-000030-index.htm,https://www.sec.gov/Archives/edgar/data/56978/000005697826000030/ex991liveq32026.htm
CXW,0001070985,2026-08-05 00:00:00,2026-08-05 16:07:03,8-K,False,https://www.sec.gov/Archives/edgar/data/1070985/000119312526335068/0001193125-26-335068-index.htm,https://www.sec.gov/Archives/edgar/data/1070985/000119312526335068/d174637d8k.htm
ETSY,0001370637,2026-08-05 00:00:00,2026-08-05 16:06:57,8-K,False,https://www.sec.gov/Archives/edgar/data/1370637/000137063726000079/0001370637-26-000079-index.htm,https://www.sec.gov/Archives/edgar/data/1370637/000137063726000079/etsy-20260803.htm
GECCH,0001675033,2026-08-05 00:00:00,2026-08-05 16:06:56,8-K,False,https://www.sec.gov/Archives/edgar/data/1675033/000119312526335061/0001193125-26-335061-index.htm,https://www.sec.gov/Archives/edgar/data/1675033/000119312526335061/gecc-20260805.htm
GECC,0001675033,2026-08-05 00:00:00,2026-08-05 16:06:56,8-K,False,https://www.sec.gov/Archives/edgar/data/1675033/000119312526335061/0001193125-26-335061-index.htm,https://www.sec.gov/Archives/edgar/data/1675033/000119312526335061/gecc-20260805.htm
GECCZ,0001675033,2026-08-05 00:00:00,2026-08-05 16:06:56,8-K,False,https://www.sec.gov/Archives/edgar/data/1675033/000119312526335061/0001193125-26-335061-index.htm,https://www.sec.gov/Archives/edgar/data/1675033/000119312526335061/gecc-20260805.htm
GECCO,0001675033,2026-08-05 00:00:00,2026-08-05 16:06:56,8-K,False,https://www.sec.gov/Archives/edgar/data/1675033/000119312526335061/0001193125-26-335061-index.htm,https://www.sec.gov/Archives/edgar/data/1675033/000119312526335061/gecc-20260805.htm
GECCN,0001675033,2026-08-05 00:00:00,2026-08-05 16:06:56,8-K,False,https://www.sec.gov/Archives/edgar/data/1675033/000119312526335061/0001193125-26-335061-index.htm,https://www.sec.gov/Archives/edgar/data/1675033/000119312526335061/gecc-20260805.htm
GECCM,0001675033,2026-08-05 00:00:00,2026-08-05 16:06:56,8-K,False,https://www.sec.gov/Archives/edgar/data/1675033/000119312526335061/0001193125-26-335061-index.htm,https://www.sec.gov/Archives/edgar/data/1675033/000119312526335061/gecc-20260805.htm
GECCI,0001675033,2026-08-05 00:00:00,2026-08-05 16:06:56,8-K,False,https://www.sec.gov/Archives/edgar/data/1675033/000119312526335061/0001193125-26-335061-index.htm,https://www.sec.gov/Archives/edgar/data/1675033/000119312526335061/gecc-20260805.htm
ZVIA,0001854139,2026-08-05 00:00:00,2026-08-05 16:06:52,8-K,True,https://www.sec.gov/Archives/edgar/data/1854139/000143774926025920/0001437749-26-025920-index.htm,https://www.sec.gov/Archives/edgar/data/1854139/000143774926025920/ex_974482.htm
TASK,0001829864,2026-08-05 00:00:00,2026-08-05 16:06:50,8-K,True,https://www.sec.gov/Archives/edgar/data/1829864/000182986426000147/0001829864-26-000147-index.htm,https://www.sec.gov/Archives/edgar/data/1829864/000182986426000147/earningsreleaseex991q22026.htm
ERII,0001421517,2026-08-05 00:00:00,2026-08-05 16:06:45,8-K,True,https://www.sec.gov/Archives/edgar/data/1421517/000142151726000082/0001421517-26-000082-index.htm,https://www.sec.gov/Archives/edgar/data/1421517/000142151726000082/ex991earningsrelease2026-q2.htm
TKNO,0001850902,2026-08-05 00:00:00,2026-08-05 16:06:41,8-K,True,https://www.sec.gov/Archives/edgar/data/1850902/000119312526335059/0001193125-26-335059-index.htm,https://www.sec.gov/Archives/edgar/data/1850902/000119312526335059/tkno-ex99_1.htm
SRNGU,0001830214,2026-08-05 00:00:00,2026-08-05 16:06:24,8-K,True,https://www.sec.gov/Archives/edgar/data/1830214/000162828026053319/0001628280-26-053319-index.htm,https://www.sec.gov/Archives/edgar/data/1830214/000162828026053319/ex991earningspr.htm
SRNGW,0001830214,2026-08-05 00:00:00,2026-08-05 16:06:24,8-K,True,https://www.sec.gov/Archives/edgar/data/1830214/000162828026053319/0001628280-26-053319-index.htm,https://www.sec.gov/Archives/edgar/data/1830214/000162828026053319/ex991earningspr.htm
SRNG,0001830214,2026-08-05 00:00:00,2026-08-05 16:06:24,8-K,True,https://www.sec.gov/Archives/edgar/data/1830214/000162828026053319/0001628280-26-053319-index.htm,https://www.sec.gov/Archives/edgar/data/1830214/000162828026053319/ex991earningspr.htm
DNA-WT,0001830214,2026-08-05 00:00:00,2026-08-05 16:06:24,8-K,True,https://www.sec.gov/Archives/edgar/data/1830214/000162828026053319/0001628280-26-053319-index.htm,https://www.sec.gov/Archives/edgar/data/1830214/000162828026053319/ex991earningspr.htm
DNABW,0001830214,2026-08-05 00:00:00,2026-08-05 16:06:24,8-K,True,https://www.sec.gov/Archives/edgar/data/1830214/000162828026053319/0001628280-26-053319-index.htm,https://www.sec.gov/Archives/edgar/data/1830214/000162828026053319/ex991earningspr.htm
DNA,0001830214,2026-08-05 00:00:00,2026-08-05 16:06:24,8-K,True,https://www.sec.gov/Archives/edgar/data/1830214/000162828026053319/0001628280-26-053319-index.htm,https://www.sec.gov/Archives/edgar/data/1830214/000162828026053319/ex991earningspr.htm
SRPT,0000873303,2026-08-05 00:00:00,2026-08-05 16:06:23,8-K,True,https://www.sec.gov/Archives/edgar/data/873303/000119312526335056/0001193125-26-335056-index.htm,https://www.sec.gov/Archives/edgar/data/873303/000119312526335056/srpt-ex99_1.htm
DLX,0000027996,2026-08-05 00:00:00,2026-08-05 16:06:17,8-K,True,https://www.sec.gov/Archives/edgar/data/27996/000002799626000109/0000027996-26-000109-index.htm,https://www.sec.gov/Archives/edgar/data/27996/000002799626000109/exhibit991080520268-k.htm
APP,0001751008,2026-08-05 00:00:00,2026-08-05 16:06:12,8-K,True,https://www.sec.gov/Archives/edgar/data/1751008/000175100826000057/0001751008-26-000057-index.htm,https://www.sec.gov/Archives/edgar/data/1751008/000175100826000057/exhibit991-2q26earningspre.htm
SNES,0001680378,2026-08-05 00:00:00,2026-08-05 16:06:10,8-K,True,https://www.sec.gov/Archives/edgar/data/1680378/000162828026053316/0001628280-26-053316-index.htm,https://www.sec.gov/Archives/edgar/data/1680378/000162828026053316/snes-20260805xexx991.htm
EBS,0001367644,2026-08-05 00:00:00,2026-08-05 16:06:08,8-K,True,https://www.sec.gov/Archives/edgar/data/1367644/000136764426000080/0001367644-26-000080-index.htm,https://www.sec.gov/Archives/edgar/data/1367644/000136764426000080/ebs202606-30ex99er.htm
HNST,0001530979,2026-08-05 00:00:00,2026-08-05 16:06:08,8-K,True,https://www.sec.gov/Archives/edgar/data/1530979/000162828026053315/0001628280-26-053315-index.htm,https://www.sec.gov/Archives/edgar/data/1530979/000162828026053315/honestcoq2-26exhibit991.htm
AKA,0001865107,2026-08-05 00:00:00,2026-08-05 16:06:08,8-K,True,https://www.sec.gov/Archives/edgar/data/1865107/000186510726000043/0001865107-26-000043-index.htm,https://www.sec.gov/Archives/edgar/data/1865107/000186510726000043/exhibit991-q22026earningsr.htm
LZ,0001286139,2026-08-05 00:00:00,2026-08-05 16:06:07,8-K,True,https://www.sec.gov/Archives/edgar/data/1286139/000128613926000029/0001286139-26-000029-index.htm,https://www.sec.gov/Archives/edgar/data/1286139/000128613926000029/lz-q22026earningsxexx991.htm
INSG,0001022652,2026-08-05 00:00:00,2026-08-05 16:06:07,8-K,True,https://www.sec.gov/Archives/edgar/data/1022652/000168316826005989/0001683168-26-005989-index.htm,https://www.sec.gov/Archives/edgar/data/1022652/000168316826005989/inseego_ex9901.htm
YSS,0002086587,2026-08-05 00:00:00,2026-08-05 16:06:06,8-K,False,https://www.sec.gov/Archives/edgar/data/2086587/000162828026053314/0001628280-26-053314-index.htm,https://www.sec.gov/Archives/edgar/data/2086587/000162828026053314/yss-20260730.htm
NLOP,0001952976,2026-08-05 00:00:00,2026-08-05 16:06:05,8-K,True,https://www.sec.gov/Archives/edgar/data/1952976/000195297626000058/0001952976-26-000058-index.htm,https://www.sec.gov/Archives/edgar/data/1952976/000195297626000058/nlop2026q2supplementalexh9.htm
CNET,0001376321,2026-08-05 00:00:00,2026-08-05 16:06:03,8-K,True,https://www.sec.gov/Archives/edgar/data/1376321/000117184326005242/0001171843-26-005242-index.htm,https://www.sec.gov/Archives/edgar/data/1376321/000117184326005242/exh_101.htm
MCK,0000927653,2026-08-05 00:00:00,2026-08-05 16:06:03,8-K,True,https://www.sec.gov/Archives/edgar/data/927653/000092765326000232/0000927653-26-000232-index.htm,https://www.sec.gov/Archives/edgar/data/927653/000092765326000232/mck_exhibit991x6302026.htm
KRT,0001758021,2026-08-05 00:00:00,2026-08-05 16:06:01,8-K,False,https://www.sec.gov/Archives/edgar/data/1758021/000175802126000024/0001758021-26-000024-index.htm,https://www.sec.gov/Archives/edgar/data/1758021/000175802126000024/krt-20260804.htm
INSE,0001615063,2026-08-05 00:00:00,2026-08-05 16:06:00,8-K,True,https://www.sec.gov/Archives/edgar/data/1615063/000149315226036165/0001493152-26-036165-index.htm,https://www.sec.gov/Archives/edgar/data/1615063/000149315226036165/ex99-1.htm
WW,0000105319,2026-08-05 00:00:00,2026-08-05 16:05:56,8-K,True,https://www.sec.gov/Archives/edgar/data/105319/000119312526335047/0001193125-26-335047-index.htm,https://www.sec.gov/Archives/edgar/data/105319/000119312526335047/d15116dex991.htm
ROOT,0001788882,2026-08-05 00:00:00,2026-08-05 16:05:55,8-K,False,https://www.sec.gov/Archives/edgar/data/1788882/000178888226000060/0001788882-26-000060-index.htm,https://www.sec.gov/Archives/edgar/data/1788882/000178888226000060/root-20260805.htm
MKLY,0002067592,2026-08-05 00:00:00,2026-08-05 16:05:53,8-K,False,https://www.sec.gov/Archives/edgar/data/2067592/000121390026085663/0001213900-26-085663-index.htm,https://www.sec.gov/Archives/edgar/data/2067592/000121390026085663/ea0299662-8k425_mckinley.htm
MKLYU,0002067592,2026-08-05 00:00:00,2026-08-05 16:05:53,8-K,False,https://www.sec.gov/Archives/edgar/data/2067592/000121390026085663/0001213900-26-085663-index.htm,https://www.sec.gov/Archives/edgar/data/2067592/000121390026085663/ea0299662-8k425_mckinley.htm
SURGW,0001392694,2026-08-05 00:00:00,2026-08-05 16:05:51,8-K,False,https://www.sec.gov/Archives/edgar/data/1392694/000149315226036162/0001493152-26-036162-index.htm,https://www.sec.gov/Archives/edgar/data/1392694/000149315226036162/form8-k.htm
SURG,0001392694,2026-08-05 00:00:00,2026-08-05 16:05:51,8-K,False,https://www.sec.gov/Archives/edgar/data/1392694/000149315226036162/0001493152-26-036162-index.htm,https://www.sec.gov/Archives/edgar/data/1392694/000149315226036162/form8-k.htm
BYON,0001130713,2026-08-05 00:00:00,2026-08-05 16:05:50,8-K,False,https://www.sec.gov/Archives/edgar/data/1130713/000114036126031414/0001140361-26-031414-index.htm,https://www.sec.gov/Archives/edgar/data/1130713/000114036126031414/ef20079516_8k.htm
BBBY,0001130713,2026-08-05 00:00:00,2026-08-05 16:05:50,8-K,False,https://www.sec.gov/Archives/edgar/data/1130713/000114036126031414/0001140361-26-031414-index.htm,https://www.sec.gov/Archives/edgar/data/1130713/000114036126031414/ef20079516_8k.htm
OSTK,0001130713,2026-08-05 00:00:00,2026-08-05 16:05:50,8-K,False,https://www.sec.gov/Archives/edgar/data/1130713/000114036126031414/0001140361-26-031414-index.htm,https://www.sec.gov/Archives/edgar/data/1130713/000114036126031414/ef20079516_8k.htm
OSTBP,0001130713,2026-08-05 00:00:00,2026-08-05 16:05:50,8-K,False,https://www.sec.gov/Archives/edgar/data/1130713/000114036126031414/0001140361-26-031414-index.htm,https://www.sec.gov/Archives/edgar/data/1130713/000114036126031414/ef20079516_8k.htm
OSTKO,0001130713,2026-08-05 00:00:00,2026-08-05 16:05:50,8-K,False,https://www.sec.gov/Archives/edgar/data/1130713/000114036126031414/0001140361-26-031414-index.htm,https://www.sec.gov/Archives/edgar/data/1130713/000114036126031414/ef20079516_8k.htm
SMCI,0001375365,2026-08-05 00:00:00,2026-08-05 16:05:48,8-K,False,https://www.sec.gov/Archives/edgar/data/1375365/000137536526000020/0001375365-26-000020-index.htm,https://www.sec.gov/Archives/edgar/data/1375365/000137536526000020/smci-20260805.htm
PAYS,0001496443,2026-08-05 00:00:00,2026-08-05 16:05:47,8-K,True,https://www.sec.gov/Archives/edgar/data/1496443/000168316826005988/0001683168-26-005988-index.htm,https://www.sec.gov/Archives/edgar/data/1496443/000168316826005988/paysign_ex9901.htm
PFXNL,0001490349,2026-08-05 00:00:00,2026-08-05 16:05:45,8-K,True,https://www.sec.gov/Archives/edgar/data/1490349/000121390026085661/0001213900-26-085661-index.htm,https://www.sec.gov/Archives/edgar/data/1490349/000121390026085661/ea030025801ex99-1.htm
PFXNZ,0001490349,2026-08-05 00:00:00,2026-08-05 16:05:45,8-K,True,https://www.sec.gov/Archives/edgar/data/1490349/000121390026085661/0001213900-26-085661-index.htm,https://www.sec.gov/Archives/edgar/data/1490349/000121390026085661/ea030025801ex99-1.htm
PFX,0001490349,2026-08-05 00:00:00,2026-08-05 16:05:45,8-K,True,https://www.sec.gov/Archives/edgar/data/1490349/000121390026085661/0001213900-26-085661-index.htm,https://www.sec.gov/Archives/edgar/data/1490349/000121390026085661/ea030025801ex99-1.htm
RDVT,0001720116,2026-08-05 00:00:00,2026-08-05 16:05:42,8-K,False,https://www.sec.gov/Archives/edgar/data/1720116/000119312526335043/0001193125-26-335043-index.htm,https://www.sec.gov/Archives/edgar/data/1720116/000119312526335043/rdvt-20260805.htm
BMBL,0001830043,2026-08-05 00:00:00,2026-08-05 16:05:39,8-K,True,https://www.sec.gov/Archives/edgar/data/1830043/000183004326000099/0001830043-26-000099-index.htm,https://www.sec.gov/Archives/edgar/data/1830043/000183004326000099/bmbl-ex991prxq22026.htm
BLBD,0001589526,2026-08-05 00:00:00,2026-08-05 16:05:37,8-K,False,https://www.sec.gov/Archives/edgar/data/1589526/000158952626000044/0001589526-26-000044-index.htm,https://www.sec.gov/Archives/edgar/data/1589526/000158952626000044/blbd-20260731.htm
APMC,0002101393,2026-08-05 00:00:00,2026-08-05 16:05:33,8-K,False,https://www.sec.gov/Archives/edgar/data/2101393/000118518526003284/0001185185-26-003284-index.htm,https://www.sec.gov/Archives/edgar/data/2101393/000118518526003284/acac8k080426.htm
APMCU,0002101393,2026-08-05 00:00:00,2026-08-05 16:05:33,8-K,False,https://www.sec.gov/Archives/edgar/data/2101393/000118518526003284/0001185185-26-003284-index.htm,https://www.sec.gov/Archives/edgar/data/2101393/000118518526003284/acac8k080426.htm
IONQ,0001824920,2026-08-05 00:00:00,2026-08-05 16:05:33,8-K,True,https://www.sec.gov/Archives/edgar/data/1824920/000119312526335040/0001193125-26-335040-index.htm,https://www.sec.gov/Archives/edgar/data/1824920/000119312526335040/ionq-ex99_1.htm
IONQ-WT,0001824920,2026-08-05 00:00:00,2026-08-05 16:05:33,8-K,True,https://www.sec.gov/Archives/edgar/data/1824920/000119312526335040/0001193125-26-335040-index.htm,https://www.sec.gov/Archives/edgar/data/1824920/000119312526335040/ionq-ex99_1.htm
DMYI-UN,0001824920,2026-08-05 00:00:00,2026-08-05 16:05:33,8-K,True,https://www.sec.gov/Archives/edgar/data/1824920/000119312526335040/0001193125-26-335040-index.htm,https://www.sec.gov/Archives/edgar/data/1824920/000119312526335040/ionq-ex99_1.htm
DMYI,0001824920,2026-08-05 00:00:00,2026-08-05 16:05:33,8-K,True,https://www.sec.gov/Archives/edgar/data/1824920/000119312526335040/0001193125-26-335040-index.htm,https://www.sec.gov/Archives/edgar/data/1824920/000119312526335040/ionq-ex99_1.htm
RVMDW,0001628171,2026-08-05 00:00:00,2026-08-05 16:05:32,8-K,False,https://www.sec.gov/Archives/edgar/data/1628171/000119312526335039/0001193125-26-335039-index.htm,https://www.sec.gov/Archives/edgar/data/1628171/000119312526335039/rvmd-20260805.htm
RVMD,0001628171,2026-08-05 00:00:00,2026-08-05 16:05:32,8-K,False,https://www.sec.gov/Archives/edgar/data/1628171/000119312526335039/0001193125-26-335039-index.htm,https://www.sec.gov/Archives/edgar/data/1628171/000119312526335039/rvmd-20260805.htm
RWAYL,0001653384,2026-08-05 00:00:00,2026-08-05 16:05:18,8-K,False,https://www.sec.gov/Archives/edgar/data/1653384/000119312526335031/0001193125-26-335031-index.htm,https://www.sec.gov/Archives/edgar/data/1653384/000119312526335031/rway-20260805.htm
RWAYZ,0001653384,2026-08-05 00:00:00,2026-08-05 16:05:18,8-K,False,https://www.sec.gov/Archives/edgar/data/1653384/000119312526335031/0001193125-26-335031-index.htm,https://www.sec.gov/Archives/edgar/data/1653384/000119312526335031/rway-20260805.htm
RWAY,0001653384,2026-08-05 00:00:00,2026-08-05 16:05:18,8-K,False,https://www.sec.gov/Archives/edgar/data/1653384/000119312526335031/0001193125-26-335031-index.htm,https://www.sec.gov/Archives/edgar/data/1653384/000119312526335031/rway-20260805.htm
CARL,0001794546,2026-08-05 00:00:00,2026-08-05 16:05:16,8-K,True,https://www.sec.gov/Archives/edgar/data/1794546/000179454626000015/0001794546-26-000015-index.htm,https://www.sec.gov/Archives/edgar/data/1794546/000179454626000015/carl-ex99_1.htm
STSFF,0001585389,2026-08-05 00:00:00,2026-08-05 16:05:15,8-K,True,https://www.sec.gov/Archives/edgar/data/1585389/000158538926000010/0001585389-26-000010-index.htm,https://www.sec.gov/Archives/edgar/data/1585389/000158538926000010/ck0001585389-ex99_1.htm
SMST,0001585389,2026-08-05 00:00:00,2026-08-05 16:05:15,8-K,True,https://www.sec.gov/Archives/edgar/data/1585389/000158538926000010/0001585389-26-000010-index.htm,https://www.sec.gov/Archives/edgar/data/1585389/000158538926000010/ck0001585389-ex99_1.htm
SMA,0001585389,2026-08-05 00:00:00,2026-08-05 16:05:15,8-K,True,https://www.sec.gov/Archives/edgar/data/1585389/000158538926000010/0001585389-26-000010-index.htm,https://www.sec.gov/Archives/edgar/data/1585389/000158538926000010/ck0001585389-ex99_1.htm
None,0002059924,2026-08-05 00:00:00,2026-08-05 16:05:14,8-K,False,https://www.sec.gov/Archives/edgar/data/2059924/000121390026085659/0001213900-26-085659-index.htm,https://www.sec.gov/Archives/edgar/data/2059924/000121390026085659/ea0300653-8k_isq.htm
TREB,0001805833,2026-08-05 00:00:00,2026-08-05 16:05:01,8-K,True,https://www.sec.gov/Archives/edgar/data/1805833/000180583326000049/0001805833-26-000049-index.htm,https://www.sec.gov/Archives/edgar/data/1805833/000180583326000049/q22026-ex991pressrelease.htm
SST-WT,0001805833,2026-08-05 00:00:00,2026-08-05 16:05:01,8-K,True,https://www.sec.gov/Archives/edgar/data/1805833/000180583326000049/0001805833-26-000049-index.htm,https://www.sec.gov/Archives/edgar/data/1805833/000180583326000049/q22026-ex991pressrelease.htm
SST,0001805833,2026-08-05 00:00:00,2026-08-05 16:05:01,8-K,True,https://www.sec.gov/Archives/edgar/data/1805833/000180583326000049/0001805833-26-000049-index.htm,https://www.sec.gov/Archives/edgar/data/1805833/000180583326000049/q22026-ex991pressrelease.htm
VNDA,0001347178,2026-08-05 00:00:00,2026-08-05 16:04:48,8-K,True,https://www.sec.gov/Archives/edgar/data/1347178/000162828026053308/0001628280-26-053308-index.htm,https://www.sec.gov/Archives/edgar/data/1347178/000162828026053308/vnda8-k852026exhibit991.htm
HBB,0001709164,2026-08-05 00:00:00,2026-08-05 16:04:40,8-K,True,https://www.sec.gov/Archives/edgar/data/1709164/000170916426000157/0001709164-26-000157-index.htm,https://www.sec.gov/Archives/edgar/data/1709164/000170916426000157/hbbhc63026earningsreleasee.htm
CXW,0001070985,2026-08-05 00:00:00,2026-08-05 16:04:36,8-K,True,https://www.sec.gov/Archives/edgar/data/1070985/000119312526335025/0001193125-26-335025-index.htm,https://www.sec.gov/Archives/edgar/data/1070985/000119312526335025/d173726dex991.htm
WDC,0000106040,2026-08-05 00:00:00,2026-08-05 16:04:35,8-K,True,https://www.sec.gov/Archives/edgar/data/106040/000162828026053305/0001628280-26-053305-index.htm,https://www.sec.gov/Archives/edgar/data/106040/000162828026053305/a4ex991-pressreleaseq426.htm
KRMD,0000704440,2026-08-05 00:00:00,2026-08-05 16:04:32,8-K,True,https://www.sec.gov/Archives/edgar/data/704440/000116169726000188/0001161697-26-000188-index.htm,https://www.sec.gov/Archives/edgar/data/704440/000116169726000188/ex_99-1.htm
VTGN,0001411685,2026-08-05 00:00:00,2026-08-05 16:04:27,8-K,False,https://www.sec.gov/Archives/edgar/data/1411685/000162828026053304/0001628280-26-053304-index.htm,https://www.sec.gov/Archives/edgar/data/1411685/000162828026053304/vtgn-20260804.htm
HHH,0001981792,2026-08-05 00:00:00,2026-08-05 16:04:27,8-K,True,https://www.sec.gov/Archives/edgar/data/1981792/000162828026053303/0001628280-26-053303-index.htm,https://www.sec.gov/Archives/edgar/data/1981792/000162828026053303/hhhearningsreleaseq22026.htm
MEG,0001643615,2026-08-05 00:00:00,2026-08-05 16:04:16,8-K,True,https://www.sec.gov/Archives/edgar/data/1643615/000119312526335022/0001193125-26-335022-index.htm,https://www.sec.gov/Archives/edgar/data/1643615/000119312526335022/ont-ex99_1.htm
None,0001811935,2026-08-05 00:00:00,2026-08-05 16:04:12,8-K,True,https://www.sec.gov/Archives/edgar/data/1811935/000181193526000051/0001811935-26-000051-index.htm,https://www.sec.gov/Archives/edgar/data/1811935/000181193526000051/ptrn-20260630xearningsrele.htm
DUOL,0001562088,2026-08-05 00:00:00,2026-08-05 16:04:09,8-K,True,https://www.sec.gov/Archives/edgar/data/1562088/000162828026053299/0001628280-26-053299-index.htm,https://www.sec.gov/Archives/edgar/data/1562088/000162828026053299/q2fy26duolingo6-30x26share.htm
SYM,0001837240,2026-08-05 00:00:00,2026-08-05 16:04:08,8-K,True,https://www.sec.gov/Archives/edgar/data/1837240/000183724026000042/0001837240-26-000042-index.htm,https://www.sec.gov/Archives/edgar/data/1837240/000183724026000042/q3268-k_ex991.htm
SVFC,0001837240,2026-08-05 00:00:00,2026-08-05 16:04:08,8-K,True,https://www.sec.gov/Archives/edgar/data/1837240/000183724026000042/0001837240-26-000042-index.htm,https://www.sec.gov/Archives/edgar/data/1837240/000183724026000042/q3268-k_ex991.htm
SWM,0001000623,2026-08-05 00:00:00,2026-08-05 16:04:03,8-K,True,https://www.sec.gov/Archives/edgar/data/1000623/000100062326000064/0001000623-26-000064-index.htm,https://www.sec.gov/Archives/edgar/data/1000623/000100062326000064/ex991earningsrelease2026q2.htm
MATV,0001000623,2026-08-05 00:00:00,2026-08-05 16:04:03,8-K,True,https://www.sec.gov/Archives/edgar/data/1000623/000100062326000064/0001000623-26-000064-index.htm,https://www.sec.gov/Archives/edgar/data/1000623/000100062326000064/ex991earningsrelease2026q2.htm
HCC,0001691303,2026-08-05 00:00:00,2026-08-05 16:03:41,8-K,True,https://www.sec.gov/Archives/edgar/data/1691303/000119312526335017/0001193125-26-335017-index.htm,https://www.sec.gov/Archives/edgar/data/1691303/000119312526335017/hcc-ex99_1.htm
JOBY-WT,0001819848,2026-08-05 00:00:00,2026-08-05 16:03:39,8-K,True,https://www.sec.gov/Archives/edgar/data/1819848/000181984826000432/0001819848-26-000432-index.htm,https://www.sec.gov/Archives/edgar/data/1819848/000181984826000432/joby-8kx20260805xexx99_2.htm
JOBY,0001819848,2026-08-05 00:00:00,2026-08-05 16:03:39,8-K,True,https://www.sec.gov/Archives/edgar/data/1819848/000181984826000432/0001819848-26-000432-index.htm,https://www.sec.gov/Archives/edgar/data/1819848/000181984826000432/joby-8kx20260805xexx99_2.htm
RTP,0001819848,2026-08-05 00:00:00,2026-08-05 16:03:39,8-K,True,https://www.sec.gov/Archives/edgar/data/1819848/000181984826000432/0001819848-26-000432-index.htm,https://www.sec.gov/Archives/edgar/data/1819848/000181984826000432/joby-8kx20260805xexx99_2.htm
ATEN,0001580808,2026-08-05 00:00:00,2026-08-05 16:03:35,8-K,False,https://www.sec.gov/Archives/edgar/data/1580808/000158080826000041/0001580808-26-000041-index.htm,https://www.sec.gov/Archives/edgar/data/1580808/000158080826000041/aten-20260803.htm
LTCHW,0001826000,2026-08-05 00:00:00,2026-08-05 16:03:34,8-K,False,https://www.sec.gov/Archives/edgar/data/1826000/000110465926091071/0001104659-26-091071-index.htm,https://www.sec.gov/Archives/edgar/data/1826000/000110465926091071/tm2622239d1_8k.htm
LTCH,0001826000,2026-08-05 00:00:00,2026-08-05 16:03:34,8-K,False,https://www.sec.gov/Archives/edgar/data/1826000/000110465926091071/0001104659-26-091071-index.htm,https://www.sec.gov/Archives/edgar/data/1826000/000110465926091071/tm2622239d1_8k.htm
TRUP,0001371285,2026-08-05 00:00:00,2026-08-05 16:03:34,8-K,True,https://www.sec.gov/Archives/edgar/data/1371285/000137128526000171/0001371285-26-000171-index.htm,https://www.sec.gov/Archives/edgar/data/1371285/000137128526000171/ex991q22026.htm
MNKD,0000899460,2026-08-05 00:00:00,2026-08-05 16:03:26,8-K,True,https://www.sec.gov/Archives/edgar/data/899460/000119312526335016/0001193125-26-335016-index.htm,https://www.sec.gov/Archives/edgar/data/899460/000119312526335016/mnkd-ex99_1.htm
WETG,0001784970,2026-08-05 00:00:00,2026-08-05 16:03:20,8-K,False,https://www.sec.gov/Archives/edgar/data/1784970/000121390026085658/0001213900-26-085658-index.htm,https://www.sec.gov/Archives/edgar/data/1784970/000121390026085658/ea0300559-8k_next.htm
NXTT,0001784970,2026-08-05 00:00:00,2026-08-05 16:03:20,8-K,False,https://www.sec.gov/Archives/edgar/data/1784970/000121390026085658/0001213900-26-085658-index.htm,https://www.sec.gov/Archives/edgar/data/1784970/000121390026085658/ea0300559-8k_next.htm
PTLO,0001871509,2026-08-05 00:00:00,2026-08-05 16:03:15,8-K,True,https://www.sec.gov/Archives/edgar/data/1871509/000187150926000055/0001871509-26-000055-index.htm,https://www.sec.gov/Archives/edgar/data/1871509/000187150926000055/exhibit991earningsrelease6.htm
GOOD,0001234006,2026-08-05 00:00:00,2026-08-05 16:03:13,8-K,False,https://www.sec.gov/Archives/edgar/data/1234006/000123400626000019/0001234006-26-000019-index.htm,https://www.sec.gov/Archives/edgar/data/1234006/000123400626000019/good-20260805.htm
GOODM,0001234006,2026-08-05 00:00:00,2026-08-05 16:03:13,8-K,False,https://www.sec.gov/Archives/edgar/data/1234006/000123400626000019/0001234006-26-000019-index.htm,https://www.sec.gov/Archives/edgar/data/1234006/000123400626000019/good-20260805.htm
GOODO,0001234006,2026-08-05 00:00:00,2026-08-05 16:03:13,8-K,False,https://www.sec.gov/Archives/edgar/data/1234006/000123400626000019/0001234006-26-000019-index.htm,https://www.sec.gov/Archives/edgar/data/1234006/000123400626000019/good-20260805.htm
GOODN,0001234006,2026-08-05 00:00:00,2026-08-05 16:03:13,8-K,False,https://www.sec.gov/Archives/edgar/data/1234006/000123400626000019/0001234006-26-000019-index.htm,https://www.sec.gov/Archives/edgar/data/1234006/000123400626000019/good-20260805.htm
WMG,0001319161,2026-08-05 00:00:00,2026-08-05 16:03:12,8-K,True,https://www.sec.gov/Archives/edgar/data/1319161/000131916126000031/0001319161-26-000031-index.htm,https://www.sec.gov/Archives/edgar/data/1319161/000131916126000031/q32026ex991.htm
EDIT,0001650664,2026-08-05 00:00:00,2026-08-05 16:03:09,8-K,False,https://www.sec.gov/Archives/edgar/data/1650664/000165066426000082/0001650664-26-000082-index.htm,https://www.sec.gov/Archives/edgar/data/1650664/000165066426000082/edit-20260803.htm
SAFT,0001172052,2026-08-05 00:00:00,2026-08-05 16:02:55,8-K,True,https://www.sec.gov/Archives/edgar/data/1172052/000117205226000021/0001172052-26-000021-index.htm,https://www.sec.gov/Archives/edgar/data/1172052/000117205226000021/saft-20260805xex99d1.htm
POWI,0000833640,2026-08-05 00:00:00,2026-08-05 16:02:41,8-K,True,https://www.sec.gov/Archives/edgar/data/833640/000083364026000141/0000833640-26-000141-index.htm,https://www.sec.gov/Archives/edgar/data/833640/000083364026000141/powi-20260805xexx991.htm
MIRM,0001759425,2026-08-05 00:00:00,2026-08-05 16:02:41,8-K,True,https://www.sec.gov/Archives/edgar/data/1759425/000175942526000044/0001759425-26-000044-index.htm,https://www.sec.gov/Archives/edgar/data/1759425/000175942526000044/mirm-20260805xexx991.htm
BDTX,0001701541,2026-08-05 00:00:00,2026-08-05 16:02:17,8-K,False,https://www.sec.gov/Archives/edgar/data/1701541/000170154126000023/0001701541-26-000023-index.htm,https://www.sec.gov/Archives/edgar/data/1701541/000170154126000023/bdtx-20260805.htm
BDSX,0001439725,2026-08-05 00:00:00,2026-08-05 16:02:14,8-K,True,https://www.sec.gov/Archives/edgar/data/1439725/000119312526335010/0001193125-26-335010-index.htm,https://www.sec.gov/Archives/edgar/data/1439725/000119312526335010/bdsx-ex99_1.htm
CDLX,0001666071,2026-08-05 00:00:00,2026-08-05 16:02:05,8-K,True,https://www.sec.gov/Archives/edgar/data/1666071/000162828026053285/0001628280-26-053285-index.htm,https://www.sec.gov/Archives/edgar/data/1666071/000162828026053285/cdlx_form8-kx2026q2xex991.htm
UIHC,0001401521,2026-08-05 00:00:00,2026-08-05 16:01:39,8-K,True,https://www.sec.gov/Archives/edgar/data/1401521/000140152126000035/0001401521-26-000035-index.htm,https://www.sec.gov/Archives/edgar/data/1401521/000140152126000035/acic-ex99_1.htm
XNCR,0001326732,2026-08-05 00:00:00,2026-08-05 16:01:16,8-K,False,https://www.sec.gov/Archives/edgar/data/1326732/000132673226000055/0001326732-26-000055-index.htm,https://www.sec.gov/Archives/edgar/data/1326732/000132673226000055/xncr-20260805.htm
SBGI,0001971213,2026-08-05 00:00:00,2026-08-05 16:01:13,8-K,True,https://www.sec.gov/Archives/edgar/data/1971213/000197121326000037/0001971213-26-000037-index.htm,https://www.sec.gov/Archives/edgar/data/1971213/000197121326000037/exhibit991-2q26pressreleas.htm
MRP,0002017206,2026-08-05 00:00:00,2026-08-05 16:01:11,8-K,False,https://www.sec.gov/Archives/edgar/data/2017206/000119312526335005/0001193125-26-335005-index.htm,https://www.sec.gov/Archives/edgar/data/2017206/000119312526335005/d177605d8k.htm
CRUS,0000772406,2026-08-05 00:00:00,2026-08-05 16:01:06,8-K,True,https://www.sec.gov/Archives/edgar/data/772406/000077240626000036/0000772406-26-000036-index.htm,https://www.sec.gov/Archives/edgar/data/772406/000077240626000036/pressrelease.htm
MGY,0001698990,2026-08-05 00:00:00,2026-08-05 16:01:02,8-K,True,https://www.sec.gov/Archives/edgar/data/1698990/000169899026000016/0001698990-26-000016-index.htm,https://www.sec.gov/Archives/edgar/data/1698990/000169899026000016/q22026pressrelease.htm
MELI,0001099590,2026-08-05 00:00:00,2026-08-05 16:00:58,8-K,True,https://www.sec.gov/Archives/edgar/data/1099590/000109959026000021/0001099590-26-000021-index.htm,https://www.sec.gov/Archives/edgar/data/1099590/000109959026000021/meli-20260805xex991.htm
ASYS,0000720500,2026-08-05 00:00:00,2026-08-05 16:00:55,8-K,True,https://www.sec.gov/Archives/edgar/data/720500/000072050026000009/0000720500-26-000009-index.htm,https://www.sec.gov/Archives/edgar/data/720500/000072050026000009/asys-ex99_1.htm
None,0002108359,2026-08-05 00:00:00,2026-08-05 16:00:30,8-K,False,https://www.sec.gov/Archives/edgar/data/2108359/000121390026085653/0001213900-26-085653-index.htm,https://www.sec.gov/Archives/edgar/data/2108359/000121390026085653/ea0300506-8k_biokey.htm
VEL,0001692376,2026-08-05 00:00:00,2026-08-05 16:00:22,8-K,False,https://www.sec.gov/Archives/edgar/data/1692376/000119312526334993/0001193125-26-334993-index.htm,https://www.sec.gov/Archives/edgar/data/1692376/000119312526334993/vel-20260805.htm
None,0002087450,2026-08-05 00:00:00,2026-08-05 16:00:19,8-K,False,https://www.sec.gov/Archives/edgar/data/2087450/000182912626008388/0001829126-26-008388-index.htm,https://www.sec.gov/Archives/edgar/data/2087450/000182912626008388/legatomerger4_8k.htm
FWRD,0000912728,2026-08-05 00:00:00,2026-08-05 16:00:18,8-K,True,https://www.sec.gov/Archives/edgar/data/912728/000162828026053272/0001628280-26-053272-index.htm,https://www.sec.gov/Archives/edgar/data/912728/000162828026053272/exhibit991q22026pressrelea.htm
CLFD,0000796505,2026-08-05 00:00:00,2026-08-05 16:00:18,8-K,True,https://www.sec.gov/Archives/edgar/data/796505/000117184326005241/0001171843-26-005241-index.htm,https://www.sec.gov/Archives/edgar/data/796505/000117184326005241/exh_991.htm
VEL,0001692376,2026-08-05 00:00:00,2026-08-05 16:00:17,8-K,True,https://www.sec.gov/Archives/edgar/data/1692376/000119312526334991/0001193125-26-334991-index.htm,https://www.sec.gov/Archives/edgar/data/1692376/000119312526334991/vel-ex99_1.htm
EXPE,0001324424,2026-08-05 00:00:00,2026-08-05 16:00:16,8-K,True,https://www.sec.gov/Archives/edgar/data/1324424/000132442426000051/0001324424-26-000051-index.htm,https://www.sec.gov/Archives/edgar/data/1324424/000132442426000051/earningsrelease-q22026.htm
None,0001043951,2026-08-05 00:00:00,2026-08-05 15:46:08,8-K,False,https://www.sec.gov/Archives/edgar/data/1043951/000114036126031405/0001140361-26-031405-index.htm,https://www.sec.gov/Archives/edgar/data/1043951/000114036126031405/ef20079566_8k.htm
ZPTA,0001843714,2026-08-05 00:00:00,2026-08-05 15:00:29,8-K,False,https://www.sec.gov/Archives/edgar/data/1843714/000168316826005982/0001683168-26-005982-index.htm,https://www.sec.gov/Archives/edgar/data/1843714/000168316826005982/zapata_8k.htm
WNNR-UN,0001843714,2026-08-05 00:00:00,2026-08-05 15:00:29,8-K,False,https://www.sec.gov/Archives/edgar/data/1843714/000168316826005982/0001683168-26-005982-index.htm,https://www.sec.gov/Archives/edgar/data/1843714/000168316826005982/zapata_8k.htm
WNNR,0001843714,2026-08-05 00:00:00,2026-08-05 15:00:29,8-K,False,https://www.sec.gov/Archives/edgar/data/1843714/000168316826005982/0001683168-26-005982-index.htm,https://www.sec.gov/Archives/edgar/data/1843714/000168316826005982/zapata_8k.htm
ZPTAW,0001843714,2026-08-05 00:00:00,2026-08-05 15:00:29,8-K,False,https://www.sec.gov/Archives/edgar/data/1843714/000168316826005982/0001683168-26-005982-index.htm,https://www.sec.gov/Archives/edgar/data/1843714/000168316826005982/zapata_8k.htm
WNNR-WT,0001843714,2026-08-05 00:00:00,2026-08-05 15:00:29,8-K,False,https://www.sec.gov/Archives/edgar/data/1843714/000168316826005982/0001683168-26-005982-index.htm,https://www.sec.gov/Archives/edgar/data/1843714/000168316826005982/zapata_8k.htm
FGBIP,0001408534,2026-08-05 00:00:00,2026-08-05 15:00:16,8-K,False,https://www.sec.gov/Archives/edgar/data/1408534/000140853426000062/0001408534-26-000062-index.htm,https://www.sec.gov/Archives/edgar/data/1408534/000140853426000062/fgbi-20260805.htm
FGBI,0001408534,2026-08-05 00:00:00,2026-08-05 15:00:16,8-K,False,https://www.sec.gov/Archives/edgar/data/1408534/000140853426000062/0001408534-26-000062-index.htm,https://www.sec.gov/Archives/edgar/data/1408534/000140853426000062/fgbi-20260805.htm
None,0001771514,2026-08-05 00:00:00,2026-08-05 15:00:14,8-K,False,https://www.sec.gov/Archives/edgar/data/1771514/000119312526334743/0001193125-26-334743-index.htm,https://www.sec.gov/Archives/edgar/data/1771514/000119312526334743/none-20260715.htm
USNU,0001089815,2026-08-05 00:00:00,2026-08-05 14:44:29,8-K,False,https://www.sec.gov/Archives/edgar/data/1089815/000143774926025897/0001437749-26-025897-index.htm,https://www.sec.gov/Archives/edgar/data/1089815/000143774926025897/ehsi20260804_8k.htm
XXII,0001347858,2026-08-05 00:00:00,2026-08-05 14:26:43,8-K,False,https://www.sec.gov/Archives/edgar/data/1347858/000149315226036144/0001493152-26-036144-index.htm,https://www.sec.gov/Archives/edgar/data/1347858/000149315226036144/form8-k.htm
CEG,0001868275,2026-08-05 00:00:00,2026-08-05 14:14:03,8-K,False,https://www.sec.gov/Archives/edgar/data/1868275/000186827526000089/0001868275-26-000089-index.htm,https://www.sec.gov/Archives/edgar/data/1868275/000186827526000089/ceg-20260804.htm
CLIN,0001883984,2026-08-05 00:00:00,2026-08-05 14:08:18,8-K,False,https://www.sec.gov/Archives/edgar/data/1883984/000143774926025888/0001437749-26-025888-index.htm,https://www.sec.gov/Archives/edgar/data/1883984/000143774926025888/alce20260805_8k.htm
CLINR,0001883984,2026-08-05 00:00:00,2026-08-05 14:08:18,8-K,False,https://www.sec.gov/Archives/edgar/data/1883984/000143774926025888/0001437749-26-025888-index.htm,https://www.sec.gov/Archives/edgar/data/1883984/000143774926025888/alce20260805_8k.htm
CLINU,0001883984,2026-08-05 00:00:00,2026-08-05 14:08:18,8-K,False,https://www.sec.gov/Archives/edgar/data/1883984/000143774926025888/0001437749-26-025888-index.htm,https://www.sec.gov/Archives/edgar/data/1883984/000143774926025888/alce20260805_8k.htm
ALCE,0001883984,2026-08-05 00:00:00,2026-08-05 14:08:18,8-K,False,https://www.sec.gov/Archives/edgar/data/1883984/000143774926025888/0001437749-26-025888-index.htm,https://www.sec.gov/Archives/edgar/data/1883984/000143774926025888/alce20260805_8k.htm
CLINW,0001883984,2026-08-05 00:00:00,2026-08-05 14:08:18,8-K,False,https://www.sec.gov/Archives/edgar/data/1883984/000143774926025888/0001437749-26-025888-index.htm,https://www.sec.gov/Archives/edgar/data/1883984/000143774926025888/alce20260805_8k.htm
LSH,0001996192,2026-08-05 00:00:00,2026-08-05 14:00:26,8-K,False,https://www.sec.gov/Archives/edgar/data/1996192/000121390026085554/0001213900-26-085554-index.htm,https://www.sec.gov/Archives/edgar/data/1996192/000121390026085554/ea0300504-8k_quanome.htm
None,0001919369,2026-08-05 00:00:00,2026-08-05 13:46:23,8-K,False,https://www.sec.gov/Archives/edgar/data/1919369/000119312526334549/0001193125-26-334549-index.htm,https://www.sec.gov/Archives/edgar/data/1919369/000119312526334549/ck0001919369-20260731.htm
MDC,0000773141,2026-08-05 00:00:00,2026-08-05 12:52:03,8-K,False,https://www.sec.gov/Archives/edgar/data/773141/000077314126000015/0000773141-26-000015-index.htm,https://www.sec.gov/Archives/edgar/data/773141/000077314126000015/mdc-20260801.htm
OSS,0001394056,2026-08-05 00:00:00,2026-08-05 12:47:08,8-K,False,https://www.sec.gov/Archives/edgar/data/1394056/000119312526334453/0001193125-26-334453-index.htm,https://www.sec.gov/Archives/edgar/data/1394056/000119312526334453/oss-20260731.htm
SCI,0000089089,2026-08-05 00:00:00,2026-08-05 12:25:53,8-K,False,https://www.sec.gov/Archives/edgar/data/89089/000008908926000085/0000089089-26-000085-index.htm,https://www.sec.gov/Archives/edgar/data/89089/000008908926000085/sci-20260805.htm
None,0001986395,2026-08-05 00:00:00,2026-08-05 12:15:33,8-K,False,https://www.sec.gov/Archives/edgar/data/1986395/000119312526334384/0001193125-26-334384-index.htm,https://www.sec.gov/Archives/edgar/data/1986395/000119312526334384/ck0001986395-20260803.htm
STBA,0000719220,2026-08-05 00:00:00,2026-08-05 12:08:50,8-K,False,https://www.sec.gov/Archives/edgar/data/719220/000071922026000095/0000719220-26-000095-index.htm,https://www.sec.gov/Archives/edgar/data/719220/000071922026000095/stba-20260805.htm
AIDX,0001139685,2026-08-05 00:00:00,2026-08-05 12:00:42,8-K,False,https://www.sec.gov/Archives/edgar/data/1139685/000121390026085514/0001213900-26-085514-index.htm,https://www.sec.gov/Archives/edgar/data/1139685/000121390026085514/ea0300726-8k_2020bio.htm
IPW,0001830072,2026-08-05 00:00:00,2026-08-05 11:50:17,8-K,False,https://www.sec.gov/Archives/edgar/data/1830072/000168316826005967/0001683168-26-005967-index.htm,https://www.sec.gov/Archives/edgar/data/1830072/000168316826005967/ipower_8k.htm
None,0001542447,2026-08-05 00:00:00,2026-08-05 11:45:13,8-K,False,https://www.sec.gov/Archives/edgar/data/1542447/000154244726000094/0001542447-26-000094-index.htm,https://www.sec.gov/Archives/edgar/data/1542447/000154244726000094/rpt-20260804.htm
SRCE,0000034782,2026-08-05 00:00:00,2026-08-05 11:44:27,8-K,True,https://www.sec.gov/Archives/edgar/data/34782/000003478226000048/0000034782-26-000048-index.htm,https://www.sec.gov/Archives/edgar/data/34782/000003478226000048/sceinvestorpresentation0.htm
LVPA,0000831378,2026-08-05 00:00:00,2026-08-05 11:32:59,8-K,False,https://www.sec.gov/Archives/edgar/data/831378/000147793226004721/0001477932-26-004721-index.htm,https://www.sec.gov/Archives/edgar/data/831378/000147793226004721/lvpa_8k.htm
None,0001938569,2026-08-05 00:00:00,2026-08-05 11:16:24,8-K,False,https://www.sec.gov/Archives/edgar/data/1938569/000149315226036127/0001493152-26-036127-index.htm,https://www.sec.gov/Archives/edgar/data/1938569/000149315226036127/form8-k.htm
None,0002045370,2026-08-05 00:00:00,2026-08-05 11:15:08,8-K,False,https://www.sec.gov/Archives/edgar/data/2045370/000143774926025825/0001437749-26-025825-index.htm,https://www.sec.gov/Archives/edgar/data/2045370/000143774926025825/remc20260804_8k.htm
QBTS-WT,0001907982,2026-08-05 00:00:00,2026-08-05 11:09:53,8-K,False,https://www.sec.gov/Archives/edgar/data/1907982/000190798226000123/0001907982-26-000123-index.htm,https://www.sec.gov/Archives/edgar/data/1907982/000190798226000123/qbts-20260805.htm
QBTS,0001907982,2026-08-05 00:00:00,2026-08-05 11:09:53,8-K,False,https://www.sec.gov/Archives/edgar/data/1907982/000190798226000123/0001907982-26-000123-index.htm,https://www.sec.gov/Archives/edgar/data/1907982/000190798226000123/qbts-20260805.htm
WTRG,0000078128,2026-08-05 00:00:00,2026-08-05 10:48:20,8-K,True,https://www.sec.gov/Archives/edgar/data/78128/000155278126000404/0001552781-26-000404-index.htm,https://www.sec.gov/Archives/edgar/data/78128/000155278126000404/e26327_ex99-1.htm
WTRU,0000078128,2026-08-05 00:00:00,2026-08-05 10:48:20,8-K,True,https://www.sec.gov/Archives/edgar/data/78128/000155278126000404/0001552781-26-000404-index.htm,https://www.sec.gov/Archives/edgar/data/78128/000155278126000404/e26327_ex99-1.htm
HTLD,0000799233,2026-08-05 00:00:00,2026-08-05 10:35:48,8-K,True,https://www.sec.gov/Archives/edgar/data/799233/000079923326000037/0000799233-26-000037-index.htm,https://www.sec.gov/Archives/edgar/data/799233/000079923326000037/htld2026q2earningsrelease.htm
None,0001838126,2026-08-05 00:00:00,2026-08-05 10:22:42,8-K,False,https://www.sec.gov/Archives/edgar/data/1838126/000119312526334161/0001193125-26-334161-index.htm,https://www.sec.gov/Archives/edgar/data/1838126/000119312526334161/d151018d8k.htm
PSX,0001534701,2026-08-05 00:00:00,2026-08-05 10:03:40,8-K,True,https://www.sec.gov/Archives/edgar/data/1534701/000153470126000030/0001534701-26-000030-index.htm,https://www.sec.gov/Archives/edgar/data/1534701/000153470126000030/psx-20260630_erxsuppinfoxe.htm
CCL,0000815097,2026-08-05 00:00:00,2026-08-05 09:46:59,8-K,False,https://www.sec.gov/Archives/edgar/data/815097/000095014226002267/0000950142-26-002267-index.htm,https://www.sec.gov/Archives/edgar/data/815097/000095014226002267/eh260815320_8k.htm
TENKU,0001851484,2026-08-05 00:00:00,2026-08-05 09:28:46,8-K,False,https://www.sec.gov/Archives/edgar/data/1851484/000121390026085434/0001213900-26-085434-index.htm,https://www.sec.gov/Archives/edgar/data/1851484/000121390026085434/ea0300371-8k_citius.htm
TENK,0001851484,2026-08-05 00:00:00,2026-08-05 09:28:46,8-K,False,https://www.sec.gov/Archives/edgar/data/1851484/000121390026085434/0001213900-26-085434-index.htm,https://www.sec.gov/Archives/edgar/data/1851484/000121390026085434/ea0300371-8k_citius.htm
TENKR,0001851484,2026-08-05 00:00:00,2026-08-05 09:28:46,8-K,False,https://www.sec.gov/Archives/edgar/data/1851484/000121390026085434/0001213900-26-085434-index.htm,https://www.sec.gov/Archives/edgar/data/1851484/000121390026085434/ea0300371-8k_citius.htm
CTXR,0001506251,2026-08-05 00:00:00,2026-08-05 09:27:18,8-K,False,https://www.sec.gov/Archives/edgar/data/1506251/000121390026085432/0001213900-26-085432-index.htm,https://www.sec.gov/Archives/edgar/data/1506251/000121390026085432/ea0300373-8k_citius.htm
CTXRW,0001506251,2026-08-05 00:00:00,2026-08-05 09:27:18,8-K,False,https://www.sec.gov/Archives/edgar/data/1506251/000121390026085432/0001213900-26-085432-index.htm,https://www.sec.gov/Archives/edgar/data/1506251/000121390026085432/ea0300373-8k_citius.htm
COPRD,0001263364,2026-08-05 00:00:00,2026-08-05 09:15:33,8-K,False,https://www.sec.gov/Archives/edgar/data/1263364/000149315226036123/0001493152-26-036123-index.htm,https://www.sec.gov/Archives/edgar/data/1263364/000149315226036123/form8-k.htm
GTVI,0001263364,2026-08-05 00:00:00,2026-08-05 09:15:33,8-K,False,https://www.sec.gov/Archives/edgar/data/1263364/000149315226036123/0001493152-26-036123-index.htm,https://www.sec.gov/Archives/edgar/data/1263364/000149315226036123/form8-k.htm
AXP,0000004962,2026-08-05 00:00:00,2026-08-05 09:10:30,8-K,False,https://www.sec.gov/Archives/edgar/data/4962/000000496226000327/0000004962-26-000327-index.htm,https://www.sec.gov/Archives/edgar/data/4962/000000496226000327/axp-20260805.htm
DJT,0001849635,2026-08-05 00:00:00,2026-08-05 09:08:02,8-K,False,https://www.sec.gov/Archives/edgar/data/1849635/000143774926025800/0001437749-26-025800-index.htm,https://www.sec.gov/Archives/edgar/data/1849635/000143774926025800/djt20260805_8k.htm
DWACW,0001849635,2026-08-05 00:00:00,2026-08-05 09:08:02,8-K,False,https://www.sec.gov/Archives/edgar/data/1849635/000143774926025800/0001437749-26-025800-index.htm,https://www.sec.gov/Archives/edgar/data/1849635/000143774926025800/djt20260805_8k.htm
DWACU,0001849635,2026-08-05 00:00:00,2026-08-05 09:08:02,8-K,False,https://www.sec.gov/Archives/edgar/data/1849635/000143774926025800/0001437749-26-025800-index.htm,https://www.sec.gov/Archives/edgar/data/1849635/000143774926025800/djt20260805_8k.htm
DWAC,0001849635,2026-08-05 00:00:00,2026-08-05 09:08:02,8-K,False,https://www.sec.gov/Archives/edgar/data/1849635/000143774926025800/0001437749-26-025800-index.htm,https://www.sec.gov/Archives/edgar/data/1849635/000143774926025800/djt20260805_8k.htm
DJTWW,0001849635,2026-08-05 00:00:00,2026-08-05 09:08:02,8-K,False,https://www.sec.gov/Archives/edgar/data/1849635/000143774926025800/0001437749-26-025800-index.htm,https://www.sec.gov/Archives/edgar/data/1849635/000143774926025800/djt20260805_8k.htm
HPP-PC,0001482512,2026-08-05 00:00:00,2026-08-05 09:00:15,8-K,True,https://www.sec.gov/Archives/edgar/data/1482512/000148251226000064/0001482512-26-000064-index.htm,https://www.sec.gov/Archives/edgar/data/1482512/000148251226000064/q22026ex991.htm
WBS-PG,0000801337,2026-08-05 00:00:00,2026-08-05 09:00:15,8-K,False,https://www.sec.gov/Archives/edgar/data/801337/000080133726000025/0000801337-26-000025-index.htm,https://www.sec.gov/Archives/edgar/data/801337/000080133726000025/wbs-20260804.htm
WBS-PF,0000801337,2026-08-05 00:00:00,2026-08-05 09:00:15,8-K,False,https://www.sec.gov/Archives/edgar/data/801337/000080133726000025/0000801337-26-000025-index.htm,https://www.sec.gov/Archives/edgar/data/801337/000080133726000025/wbs-20260804.htm
WBS,0000801337,2026-08-05 00:00:00,2026-08-05 09:00:15,8-K,False,https://www.sec.gov/Archives/edgar/data/801337/000080133726000025/0000801337-26-000025-index.htm,https://www.sec.gov/Archives/edgar/data/801337/000080133726000025/wbs-20260804.htm
HPP,0001482512,2026-08-05 00:00:00,2026-08-05 09:00:15,8-K,True,https://www.sec.gov/Archives/edgar/data/1482512/000148251226000064/0001482512-26-000064-index.htm,https://www.sec.gov/Archives/edgar/data/1482512/000148251226000064/q22026ex991.htm
MGEE,0001161728,2026-08-05 00:00:00,2026-08-05 08:57:31,8-K,False,https://www.sec.gov/Archives/edgar/data/1161728/000119312526334011/0001193125-26-334011-index.htm,https://www.sec.gov/Archives/edgar/data/61339/000119312526334011/mgee-20260805.htm
None,0000061339,2026-08-05 00:00:00,2026-08-05 08:57:31,8-K,False,https://www.sec.gov/Archives/edgar/data/61339/000119312526334011/0001193125-26-334011-index.htm,https://www.sec.gov/Archives/edgar/data/61339/000119312526334011/mgee-20260805.htm
CMG,0001058090,2026-08-05 00:00:00,2026-08-05 08:55:23,8-K,False,https://www.sec.gov/Archives/edgar/data/1058090/000105809026000069/0001058090-26-000069-index.htm,https://www.sec.gov/Archives/edgar/data/1058090/000105809026000069/cmg-20260804.htm
GBS,0001725430,2026-08-05 00:00:00,2026-08-05 08:55:18,8-K,False,https://www.sec.gov/Archives/edgar/data/1725430/000149315226036112/0001493152-26-036112-index.htm,https://www.sec.gov/Archives/edgar/data/1725430/000149315226036112/form8-k.htm
INBS,0001725430,2026-08-05 00:00:00,2026-08-05 08:55:18,8-K,False,https://www.sec.gov/Archives/edgar/data/1725430/000149315226036112/0001493152-26-036112-index.htm,https://www.sec.gov/Archives/edgar/data/1725430/000149315226036112/form8-k.htm
MFAN,0001055160,2026-08-05 00:00:00,2026-08-05 08:45:57,8-K,True,https://www.sec.gov/Archives/edgar/data/1055160/000105516026000013/0001055160-26-000013-index.htm,https://www.sec.gov/Archives/edgar/data/1055160/000105516026000013/mfa6302026pressreleaseex99.htm
MFA-PC,0001055160,2026-08-05 00:00:00,2026-08-05 08:45:57,8-K,True,https://www.sec.gov/Archives/edgar/data/1055160/000105516026000013/0001055160-26-000013-index.htm,https://www.sec.gov/Archives/edgar/data/1055160/000105516026000013/mfa6302026pressreleaseex99.htm
MFAO,0001055160,2026-08-05 00:00:00,2026-08-05 08:45:57,8-K,True,https://www.sec.gov/Archives/edgar/data/1055160/000105516026000013/0001055160-26-000013-index.htm,https://www.sec.gov/Archives/edgar/data/1055160/000105516026000013/mfa6302026pressreleaseex99.htm
MFA-PB,0001055160,2026-08-05 00:00:00,2026-08-05 08:45:57,8-K,True,https://www.sec.gov/Archives/edgar/data/1055160/000105516026000013/0001055160-26-000013-index.htm,https://www.sec.gov/Archives/edgar/data/1055160/000105516026000013/mfa6302026pressreleaseex99.htm
MFA,0001055160,2026-08-05 00:00:00,2026-08-05 08:45:57,8-K,True,https://www.sec.gov/Archives/edgar/data/1055160/000105516026000013/0001055160-26-000013-index.htm,https://www.sec.gov/Archives/edgar/data/1055160/000105516026000013/mfa6302026pressreleaseex99.htm
UGRO,0001706524,2026-08-05 00:00:00,2026-08-05 08:42:52,8-K,False,https://www.sec.gov/Archives/edgar/data/1706524/000121390026085414/0001213900-26-085414-index.htm,https://www.sec.gov/Archives/edgar/data/1706524/000121390026085414/ea0300599-8k_flash.htm
FLZH,0001706524,2026-08-05 00:00:00,2026-08-05 08:42:52,8-K,False,https://www.sec.gov/Archives/edgar/data/1706524/000121390026085414/0001213900-26-085414-index.htm,https://www.sec.gov/Archives/edgar/data/1706524/000121390026085414/ea0300599-8k_flash.htm
ATHLV,0001527469,2026-08-05 00:00:00,2026-08-05 08:40:54,8-K,True,https://www.sec.gov/Archives/edgar/data/1527469/000119312526333977/0001193125-26-333977-index.htm,https://www.sec.gov/Archives/edgar/data/1527469/000119312526333977/d114269dex991.htm
ATHLL,0001527469,2026-08-05 00:00:00,2026-08-05 08:40:54,8-K,True,https://www.sec.gov/Archives/edgar/data/1527469/000119312526333977/0001193125-26-333977-index.htm,https://www.sec.gov/Archives/edgar/data/1527469/000119312526333977/d114269dex991.htm
ATH-PD,0001527469,2026-08-05 00:00:00,2026-08-05 08:40:54,8-K,True,https://www.sec.gov/Archives/edgar/data/1527469/000119312526333977/0001193125-26-333977-index.htm,https://www.sec.gov/Archives/edgar/data/1527469/000119312526333977/d114269dex991.htm
ATH-PC,0001527469,2026-08-05 00:00:00,2026-08-05 08:40:54,8-K,True,https://www.sec.gov/Archives/edgar/data/1527469/000119312526333977/0001193125-26-333977-index.htm,https://www.sec.gov/Archives/edgar/data/1527469/000119312526333977/d114269dex991.htm
ATHS,0001527469,2026-08-05 00:00:00,2026-08-05 08:40:54,8-K,True,https://www.sec.gov/Archives/edgar/data/1527469/000119312526333977/0001193125-26-333977-index.htm,https://www.sec.gov/Archives/edgar/data/1527469/000119312526333977/d114269dex991.htm
ATH-PB,0001527469,2026-08-05 00:00:00,2026-08-05 08:40:54,8-K,True,https://www.sec.gov/Archives/edgar/data/1527469/000119312526333977/0001193125-26-333977-index.htm,https://www.sec.gov/Archives/edgar/data/1527469/000119312526333977/d114269dex991.htm
ATH-PA,0001527469,2026-08-05 00:00:00,2026-08-05 08:40:54,8-K,True,https://www.sec.gov/Archives/edgar/data/1527469/000119312526333977/0001193125-26-333977-index.htm,https://www.sec.gov/Archives/edgar/data/1527469/000119312526333977/d114269dex991.htm
ATH-PE,0001527469,2026-08-05 00:00:00,2026-08-05 08:40:54,8-K,True,https://www.sec.gov/Archives/edgar/data/1527469/000119312526333977/0001193125-26-333977-index.htm,https://www.sec.gov/Archives/edgar/data/1527469/000119312526333977/d114269dex991.htm
ATH,0001527469,2026-08-05 00:00:00,2026-08-05 08:40:54,8-K,True,https://www.sec.gov/Archives/edgar/data/1527469/000119312526333977/0001193125-26-333977-index.htm,https://www.sec.gov/Archives/edgar/data/1527469/000119312526333977/d114269dex991.htm
SBEV-WT,0001553788,2026-08-05 00:00:00,2026-08-05 08:35:42,8-K,False,https://www.sec.gov/Archives/edgar/data/1553788/000173112226001020/0001731122-26-001020-index.htm,https://www.sec.gov/Archives/edgar/data/1553788/000173112226001020/e7828_8k.htm
SBEV,0001553788,2026-08-05 00:00:00,2026-08-05 08:35:42,8-K,False,https://www.sec.gov/Archives/edgar/data/1553788/000173112226001020/0001731122-26-001020-index.htm,https://www.sec.gov/Archives/edgar/data/1553788/000173112226001020/e7828_8k.htm
PSTL,0001759774,2026-08-05 00:00:00,2026-08-05 08:35:16,8-K,False,https://www.sec.gov/Archives/edgar/data/1759774/000121390026085407/0001213900-26-085407-index.htm,https://www.sec.gov/Archives/edgar/data/1759774/000121390026085407/ea0300595-8k_postal.htm
CHH,0001046311,2026-08-05 00:00:00,2026-08-05 08:35:12,8-K,True,https://www.sec.gov/Archives/edgar/data/1046311/000104631126000023/0001046311-26-000023-index.htm,https://www.sec.gov/Archives/edgar/data/1046311/000104631126000023/exhibit991earningspressrel.htm
LMFA,0001640384,2026-08-05 00:00:00,2026-08-05 08:34:09,8-K,False,https://www.sec.gov/Archives/edgar/data/1640384/000119312526333965/0001193125-26-333965-index.htm,https://www.sec.gov/Archives/edgar/data/1640384/000119312526333965/lmfa-20260803.htm
CHARU,0002024459,2026-08-05 00:00:00,2026-08-05 08:33:58,8-K,False,https://www.sec.gov/Archives/edgar/data/2024459/000121390026085406/0001213900-26-085406-index.htm,https://www.sec.gov/Archives/edgar/data/2024459/000121390026085406/ea0300440-8k_charlton.htm
CHAR,0002024459,2026-08-05 00:00:00,2026-08-05 08:33:58,8-K,False,https://www.sec.gov/Archives/edgar/data/2024459/000121390026085406/0001213900-26-085406-index.htm,https://www.sec.gov/Archives/edgar/data/2024459/000121390026085406/ea0300440-8k_charlton.htm
CHARR,0002024459,2026-08-05 00:00:00,2026-08-05 08:33:58,8-K,False,https://www.sec.gov/Archives/edgar/data/2024459/000121390026085406/0001213900-26-085406-index.htm,https://www.sec.gov/Archives/edgar/data/2024459/000121390026085406/ea0300440-8k_charlton.htm
None,0002081628,2026-08-05 00:00:00,2026-08-05 08:31:09,8-K,False,https://www.sec.gov/Archives/edgar/data/2081628/000162828026052942/0001628280-26-052942-index.htm,https://www.sec.gov/Archives/edgar/data/2081628/000162828026052942/rhome-20260731.htm
MDRRP,0001654595,2026-08-05 00:00:00,2026-08-05 08:30:55,8-K,True,https://www.sec.gov/Archives/edgar/data/1654595/000110465926090763/0001104659-26-090763-index.htm,https://www.sec.gov/Archives/edgar/data/1654595/000110465926090763/mdrr-20260731xex99d1.htm
MDRR,0001654595,2026-08-05 00:00:00,2026-08-05 08:30:55,8-K,True,https://www.sec.gov/Archives/edgar/data/1654595/000110465926090763/0001104659-26-090763-index.htm,https://www.sec.gov/Archives/edgar/data/1654595/000110465926090763/mdrr-20260731xex99d1.htm
DRMA,0001853816,2026-08-05 00:00:00,2026-08-05 08:30:20,8-K,False,https://www.sec.gov/Archives/edgar/data/1853816/000149315226036109/0001493152-26-036109-index.htm,https://www.sec.gov/Archives/edgar/data/1853816/000149315226036109/form8-k.htm
DRMAW,0001853816,2026-08-05 00:00:00,2026-08-05 08:30:20,8-K,False,https://www.sec.gov/Archives/edgar/data/1853816/000149315226036109/0001493152-26-036109-index.htm,https://www.sec.gov/Archives/edgar/data/1853816/000149315226036109/form8-k.htm
DEA,0001622194,2026-08-05 00:00:00,2026-08-05 08:30:19,8-K,False,https://www.sec.gov/Archives/edgar/data/1622194/000119312526333959/0001193125-26-333959-index.htm,https://www.sec.gov/Archives/edgar/data/1622194/000119312526333959/dea-20240228.htm
AFGD,0001042046,2026-08-05 00:00:00,2026-08-05 08:30:18,8-K,True,https://www.sec.gov/Archives/edgar/data/1042046/000119312526333957/0001193125-26-333957-index.htm,https://www.sec.gov/Archives/edgar/data/1042046/000119312526333957/d124182dex992.htm
AFGE,0001042046,2026-08-05 00:00:00,2026-08-05 08:30:18,8-K,True,https://www.sec.gov/Archives/edgar/data/1042046/000119312526333957/0001193125-26-333957-index.htm,https://www.sec.gov/Archives/edgar/data/1042046/000119312526333957/d124182dex992.htm
AFG,0001042046,2026-08-05 00:00:00,2026-08-05 08:30:18,8-K,True,https://www.sec.gov/Archives/edgar/data/1042046/000119312526333957/0001193125-26-333957-index.htm,https://www.sec.gov/Archives/edgar/data/1042046/000119312526333957/d124182dex992.htm
AFGB,0001042046,2026-08-05 00:00:00,2026-08-05 08:30:18,8-K,True,https://www.sec.gov/Archives/edgar/data/1042046/000119312526333957/0001193125-26-333957-index.htm,https://www.sec.gov/Archives/edgar/data/1042046/000119312526333957/d124182dex992.htm
AFGC,0001042046,2026-08-05 00:00:00,2026-08-05 08:30:18,8-K,True,https://www.sec.gov/Archives/edgar/data/1042046/000119312526333957/0001193125-26-333957-index.htm,https://www.sec.gov/Archives/edgar/data/1042046/000119312526333957/d124182dex992.htm
NNN,0000751364,2026-08-05 00:00:00,2026-08-05 08:30:17,8-K,True,https://www.sec.gov/Archives/edgar/data/751364/000119312526333958/0001193125-26-333958-index.htm,https://www.sec.gov/Archives/edgar/data/751364/000119312526333958/nnn-ex99_1.htm
NNN-PF,0000751364,2026-08-05 00:00:00,2026-08-05 08:30:17,8-K,True,https://www.sec.gov/Archives/edgar/data/751364/000119312526333958/0001193125-26-333958-index.htm,https://www.sec.gov/Archives/edgar/data/751364/000119312526333958/nnn-ex99_1.htm
IBATF,0001786318,2026-08-05 00:00:00,2026-08-05 08:30:16,8-K,False,https://www.sec.gov/Archives/edgar/data/1786318/000119312526333956/0001193125-26-333956-index.htm,https://www.sec.gov/Archives/edgar/data/1786318/000119312526333956/ibatf-20260805.htm
GBLIL,0001494904,2026-08-05 00:00:00,2026-08-05 08:24:35,8-K,True,https://www.sec.gov/Archives/edgar/data/1494904/000119312526333951/0001193125-26-333951-index.htm,https://www.sec.gov/Archives/edgar/data/1494904/000119312526333951/gbli-ex99_1.htm
GBLI,0001494904,2026-08-05 00:00:00,2026-08-05 08:24:35,8-K,True,https://www.sec.gov/Archives/edgar/data/1494904/000119312526333951/0001193125-26-333951-index.htm,https://www.sec.gov/Archives/edgar/data/1494904/000119312526333951/gbli-ex99_1.htm
RAND,0000081955,2026-08-05 00:00:00,2026-08-05 08:10:19,8-K,True,https://www.sec.gov/Archives/edgar/data/81955/000149315226036108/0001493152-26-036108-index.htm,https://www.sec.gov/Archives/edgar/data/81955/000149315226036108/ex99-1.htm
FWAA,0001837014,2026-08-05 00:00:00,2026-08-05 08:06:19,8-K,True,https://www.sec.gov/Archives/edgar/data/1837014/000119312526333913/0001193125-26-333913-index.htm,https://www.sec.gov/Archives/edgar/data/1837014/000119312526333913/smrt-ex99_1.htm
SMRT,0001837014,2026-08-05 00:00:00,2026-08-05 08:06:19,8-K,True,https://www.sec.gov/Archives/edgar/data/1837014/000119312526333913/0001193125-26-333913-index.htm,https://www.sec.gov/Archives/edgar/data/1837014/000119312526333913/smrt-ex99_1.htm
ASPI,0001921865,2026-08-05 00:00:00,2026-08-05 08:05:16,8-K,False,https://www.sec.gov/Archives/edgar/data/1921865/000119312526333911/0001193125-26-333911-index.htm,https://www.sec.gov/Archives/edgar/data/1921865/000119312526333911/aspi-20260805.htm
IMA,0001835579,2026-08-05 00:00:00,2026-08-05 08:05:10,8-K,True,https://www.sec.gov/Archives/edgar/data/1835579/000119312526333912/0001193125-26-333912-index.htm,https://www.sec.gov/Archives/edgar/data/1835579/000119312526333912/d166048dex991.htm
None,0000092416,2026-08-05 00:00:00,2026-08-05 08:05:10,8-K,True,https://www.sec.gov/Archives/edgar/data/92416/000169211526000109/0001692115-26-000109-index.htm,https://www.sec.gov/Archives/edgar/data/92416/000169211526000109/swx63026-earningsrelease.htm
IKNA,0001835579,2026-08-05 00:00:00,2026-08-05 08:05:10,8-K,True,https://www.sec.gov/Archives/edgar/data/1835579/000119312526333912/0001193125-26-333912-index.htm,https://www.sec.gov/Archives/edgar/data/1835579/000119312526333912/d166048dex991.htm
SWX,0001692115,2026-08-05 00:00:00,2026-08-05 08:05:10,8-K,True,https://www.sec.gov/Archives/edgar/data/1692115/000169211526000109/0001692115-26-000109-index.htm,https://www.sec.gov/Archives/edgar/data/92416/000169211526000109/swx63026-earningsrelease.htm
AVT,0000008858,2026-08-05 00:00:00,2026-08-05 08:03:39,8-K,True,https://www.sec.gov/Archives/edgar/data/8858/000000885826000066/0000008858-26-000066-index.htm,https://www.sec.gov/Archives/edgar/data/8858/000000885826000066/avt-20260805xex99d1.htm
XPEL,0001767258,2026-08-05 00:00:00,2026-08-05 08:02:50,8-K,True,https://www.sec.gov/Archives/edgar/data/1767258/000176725826000071/0001767258-26-000071-index.htm,https://www.sec.gov/Archives/edgar/data/1767258/000176725826000071/xpelq22026earnings.htm
URGN,0001668243,2026-08-05 00:00:00,2026-08-05 08:02:32,8-K,True,https://www.sec.gov/Archives/edgar/data/1668243/000143774926025793/0001437749-26-025793-index.htm,https://www.sec.gov/Archives/edgar/data/1668243/000143774926025793/ex_995856.htm
BWA,0000908255,2026-08-05 00:00:00,2026-08-05 08:01:33,8-K,True,https://www.sec.gov/Archives/edgar/data/908255/000090825526000049/0000908255-26-000049-index.htm,https://www.sec.gov/Archives/edgar/data/908255/000090825526000049/a20260630ex991pressrelease.htm
XSPA,0001410428,2026-08-05 00:00:00,2026-08-05 08:00:51,8-K,False,https://www.sec.gov/Archives/edgar/data/1410428/000110465926090744/0001104659-26-090744-index.htm,https://www.sec.gov/Archives/edgar/data/1410428/000110465926090744/tm2622217d1_8k.htm
XWEL,0001410428,2026-08-05 00:00:00,2026-08-05 08:00:51,8-K,False,https://www.sec.gov/Archives/edgar/data/1410428/000110465926090744/0001104659-26-090744-index.htm,https://www.sec.gov/Archives/edgar/data/1410428/000110465926090744/tm2622217d1_8k.htm
IEP,0000813762,2026-08-05 00:00:00,2026-08-05 08:00:34,8-K,True,https://www.sec.gov/Archives/edgar/data/813762/000110465926090743/0001104659-26-090743-index.htm,https://www.sec.gov/Archives/edgar/data/813762/000110465926090743/tm2622273d1_ex99-1.htm
SLNH,0000064463,2026-08-05 00:00:00,2026-08-05 08:00:30,8-K,False,https://www.sec.gov/Archives/edgar/data/64463/000149315226036105/0001493152-26-036105-index.htm,https://www.sec.gov/Archives/edgar/data/64463/000149315226036105/form8-k.htm
SLNHP,0000064463,2026-08-05 00:00:00,2026-08-05 08:00:30,8-K,False,https://www.sec.gov/Archives/edgar/data/64463/000149315226036105/0001493152-26-036105-index.htm,https://www.sec.gov/Archives/edgar/data/64463/000149315226036105/form8-k.htm
MKTY,0000064463,2026-08-05 00:00:00,2026-08-05 08:00:30,8-K,False,https://www.sec.gov/Archives/edgar/data/64463/000149315226036105/0001493152-26-036105-index.htm,https://www.sec.gov/Archives/edgar/data/64463/000149315226036105/form8-k.htm
AIM,0000946644,2026-08-05 00:00:00,2026-08-05 08:00:29,8-K,False,https://www.sec.gov/Archives/edgar/data/946644/000149315226036104/0001493152-26-036104-index.htm,https://www.sec.gov/Archives/edgar/data/946644/000149315226036104/form8-k.htm
TRINL,0001786108,2026-08-05 00:00:00,2026-08-05 08:00:28,8-K,True,https://www.sec.gov/Archives/edgar/data/1786108/000119312526333904/0001193125-26-333904-index.htm,https://www.sec.gov/Archives/edgar/data/1786108/000119312526333904/trin-ex99_1.htm
TRINZ,0001786108,2026-08-05 00:00:00,2026-08-05 08:00:28,8-K,True,https://www.sec.gov/Archives/edgar/data/1786108/000119312526333904/0001193125-26-333904-index.htm,https://www.sec.gov/Archives/edgar/data/1786108/000119312526333904/trin-ex99_1.htm
TRINI,0001786108,2026-08-05 00:00:00,2026-08-05 08:00:28,8-K,True,https://www.sec.gov/Archives/edgar/data/1786108/000119312526333904/0001193125-26-333904-index.htm,https://www.sec.gov/Archives/edgar/data/1786108/000119312526333904/trin-ex99_1.htm
TRIN,0001786108,2026-08-05 00:00:00,2026-08-05 08:00:28,8-K,True,https://www.sec.gov/Archives/edgar/data/1786108/000119312526333904/0001193125-26-333904-index.htm,https://www.sec.gov/Archives/edgar/data/1786108/000119312526333904/trin-ex99_1.htm
BATRB,0001958140,2026-08-05 00:00:00,2026-08-05 08:00:20,8-K,True,https://www.sec.gov/Archives/edgar/data/1958140/000110465926090742/0001104659-26-090742-index.htm,https://www.sec.gov/Archives/edgar/data/1958140/000110465926090742/batra-20260805xex99d1.htm
BATRK,0001958140,2026-08-05 00:00:00,2026-08-05 08:00:20,8-K,True,https://www.sec.gov/Archives/edgar/data/1958140/000110465926090742/0001104659-26-090742-index.htm,https://www.sec.gov/Archives/edgar/data/1958140/000110465926090742/batra-20260805xex99d1.htm
BATRA,0001958140,2026-08-05 00:00:00,2026-08-05 08:00:20,8-K,True,https://www.sec.gov/Archives/edgar/data/1958140/000110465926090742/0001104659-26-090742-index.htm,https://www.sec.gov/Archives/edgar/data/1958140/000110465926090742/batra-20260805xex99d1.htm
RMBS,0000917273,2026-08-05 00:00:00,2026-08-05 07:50:45,8-K,False,https://www.sec.gov/Archives/edgar/data/917273/000119312526333887/0001193125-26-333887-index.htm,https://www.sec.gov/Archives/edgar/data/917273/000119312526333887/d122300d8k.htm
BALY,0001747079,2026-08-05 00:00:00,2026-08-05 07:47:47,8-K,False,https://www.sec.gov/Archives/edgar/data/1747079/000121390026085392/0001213900-26-085392-index.htm,https://www.sec.gov/Archives/edgar/data/1747079/000121390026085392/ea0300356-8k_ballys.htm
NWSA,0001564708,2026-08-05 00:00:00,2026-08-05 07:47:05,8-K,False,https://www.sec.gov/Archives/edgar/data/1564708/000156470826000167/0001564708-26-000167-index.htm,https://www.sec.gov/Archives/edgar/data/1564708/000156470826000167/nws-20260804.htm
NWS,0001564708,2026-08-05 00:00:00,2026-08-05 07:47:05,8-K,False,https://www.sec.gov/Archives/edgar/data/1564708/000156470826000167/0001564708-26-000167-index.htm,https://www.sec.gov/Archives/edgar/data/1564708/000156470826000167/nws-20260804.htm
GFF,0000050725,2026-08-05 00:00:00,2026-08-05 07:46:19,8-K,True,https://www.sec.gov/Archives/edgar/data/50725/000162828026052927/0001628280-26-052927-index.htm,https://www.sec.gov/Archives/edgar/data/50725/000162828026052927/gffq32026exhibit991.htm
SDST,0001831979,2026-08-05 00:00:00,2026-08-05 07:45:19,8-K,False,https://www.sec.gov/Archives/edgar/data/1831979/000149315226036102/0001493152-26-036102-index.htm,https://www.sec.gov/Archives/edgar/data/1831979/000149315226036102/form8-k.htm
GPACW,0001831979,2026-08-05 00:00:00,2026-08-05 07:45:19,8-K,False,https://www.sec.gov/Archives/edgar/data/1831979/000149315226036102/0001493152-26-036102-index.htm,https://www.sec.gov/Archives/edgar/data/1831979/000149315226036102/form8-k.htm
SDSTW,0001831979,2026-08-05 00:00:00,2026-08-05 07:45:19,8-K,False,https://www.sec.gov/Archives/edgar/data/1831979/000149315226036102/0001493152-26-036102-index.htm,https://www.sec.gov/Archives/edgar/data/1831979/000149315226036102/form8-k.htm
ROCK,0000912562,2026-08-05 00:00:00,2026-08-05 07:43:09,8-K,True,https://www.sec.gov/Archives/edgar/data/912562/000091256226000145/0000912562-26-000145-index.htm,https://www.sec.gov/Archives/edgar/data/912562/000091256226000145/exhibit991q22026earningsre.htm
HLLY,0001822928,2026-08-05 00:00:00,2026-08-05 07:41:53,8-K,True,https://www.sec.gov/Archives/edgar/data/1822928/000182292826000069/0001822928-26-000069-index.htm,https://www.sec.gov/Archives/edgar/data/1822928/000182292826000069/hlly-20260628xexx991.htm
HLLY-WT,0001822928,2026-08-05 00:00:00,2026-08-05 07:41:53,8-K,True,https://www.sec.gov/Archives/edgar/data/1822928/000182292826000069/0001822928-26-000069-index.htm,https://www.sec.gov/Archives/edgar/data/1822928/000182292826000069/hlly-20260628xexx991.htm
EMPW,0001822928,2026-08-05 00:00:00,2026-08-05 07:41:53,8-K,True,https://www.sec.gov/Archives/edgar/data/1822928/000182292826000069/0001822928-26-000069-index.htm,https://www.sec.gov/Archives/edgar/data/1822928/000182292826000069/hlly-20260628xexx991.htm
IMRX,0001790340,2026-08-05 00:00:00,2026-08-05 07:41:04,8-K,True,https://www.sec.gov/Archives/edgar/data/1790340/000179034026000088/0001790340-26-000088-index.htm,https://www.sec.gov/Archives/edgar/data/1790340/000179034026000088/imrx-20260805xexx991.htm
EVGO,0001821159,2026-08-05 00:00:00,2026-08-05 07:40:53,8-K,True,https://www.sec.gov/Archives/edgar/data/1821159/000182115926000017/0001821159-26-000017-index.htm,https://www.sec.gov/Archives/edgar/data/1821159/000182115926000017/exhibit991evgoearningsrele.htm
EVGOW,0001821159,2026-08-05 00:00:00,2026-08-05 07:40:53,8-K,True,https://www.sec.gov/Archives/edgar/data/1821159/000182115926000017/0001821159-26-000017-index.htm,https://www.sec.gov/Archives/edgar/data/1821159/000182115926000017/exhibit991evgoearningsrele.htm
CLII,0001821159,2026-08-05 00:00:00,2026-08-05 07:40:53,8-K,True,https://www.sec.gov/Archives/edgar/data/1821159/000182115926000017/0001821159-26-000017-index.htm,https://www.sec.gov/Archives/edgar/data/1821159/000182115926000017/exhibit991evgoearningsrele.htm
BVS,0001665988,2026-08-05 00:00:00,2026-08-05 07:40:11,8-K,True,https://www.sec.gov/Archives/edgar/data/1665988/000166598826000041/0001665988-26-000041-index.htm,https://www.sec.gov/Archives/edgar/data/1665988/000166598826000041/bioventusex-991q22026.htm
None,0002046386,2026-08-05 00:00:00,2026-08-05 07:34:29,8-K,True,https://www.sec.gov/Archives/edgar/data/2046386/000204638626000049/0002046386-26-000049-index.htm,https://www.sec.gov/Archives/edgar/data/2046386/000204638626000049/ex9912q26pressrelease.htm
RPRX,0001802768,2026-08-05 00:00:00,2026-08-05 07:33:09,8-K,True,https://www.sec.gov/Archives/edgar/data/1802768/000180276826000014/0001802768-26-000014-index.htm,https://www.sec.gov/Archives/edgar/data/1802768/000180276826000014/rprx-20260630rpplcpressxre.htm
SMMT,0001599298,2026-08-05 00:00:00,2026-08-05 07:32:20,8-K,False,https://www.sec.gov/Archives/edgar/data/1599298/000159929826000071/0001599298-26-000071-index.htm,https://www.sec.gov/Archives/edgar/data/1599298/000159929826000071/smmt-20260805.htm
VSH,0000103730,2026-08-05 00:00:00,2026-08-05 07:30:56,8-K,True,https://www.sec.gov/Archives/edgar/data/103730/000010373026000064/0000103730-26-000064-index.htm,https://www.sec.gov/Archives/edgar/data/103730/000010373026000064/exhibit99-1.htm
LOGC,0002064307,2026-08-05 00:00:00,2026-08-05 07:29:29,8-K,False,https://www.sec.gov/Archives/edgar/data/2064307/000119312526333861/0001193125-26-333861-index.htm,https://www.sec.gov/Archives/edgar/data/2064307/000119312526333861/logc-20260804.htm
KD,0001867072,2026-08-05 00:00:00,2026-08-05 07:23:01,8-K,True,https://www.sec.gov/Archives/edgar/data/1867072/000110465926090725/0001104659-26-090725-index.htm,https://www.sec.gov/Archives/edgar/data/1867072/000110465926090725/kd-20260805xex99d1.htm
None,0001045610,2026-08-05 00:00:00,2026-08-05 07:22:33,8-K,False,https://www.sec.gov/Archives/edgar/data/1045610/000110465926090724/0001104659-26-090724-index.htm,https://www.sec.gov/Archives/edgar/data/1045609/000110465926090724/tm2621155d5_8k.htm
PLDGP,0001045609,2026-08-05 00:00:00,2026-08-05 07:22:33,8-K,False,https://www.sec.gov/Archives/edgar/data/1045609/000110465926090724/0001104659-26-090724-index.htm,https://www.sec.gov/Archives/edgar/data/1045609/000110465926090724/tm2621155d5_8k.htm
PLD,0001045609,2026-08-05 00:00:00,2026-08-05 07:22:33,8-K,False,https://www.sec.gov/Archives/edgar/data/1045609/000110465926090724/0001104659-26-090724-index.htm,https://www.sec.gov/Archives/edgar/data/1045609/000110465926090724/tm2621155d5_8k.htm
CDW,0001402057,2026-08-05 00:00:00,2026-08-05 07:21:45,8-K,False,https://www.sec.gov/Archives/edgar/data/1402057/000140205726000064/0001402057-26-000064-index.htm,https://www.sec.gov/Archives/edgar/data/1402057/000140205726000064/cdw-20260803.htm
LAW,0001625641,2026-08-05 00:00:00,2026-08-05 07:20:27,8-K,True,https://www.sec.gov/Archives/edgar/data/1625641/000162564126000160/0001625641-26-000160-index.htm,https://www.sec.gov/Archives/edgar/data/1625641/000162564126000160/q2fy2026earningsrelease.htm
LFCR,0001005286,2026-08-05 00:00:00,2026-08-05 07:17:09,8-K,True,https://www.sec.gov/Archives/edgar/data/1005286/000100528626000032/0001005286-26-000032-index.htm,https://www.sec.gov/Archives/edgar/data/1005286/000100528626000032/lfcr-2026q2xex991earningsr.htm
LNDC,0001005286,2026-08-05 00:00:00,2026-08-05 07:17:09,8-K,True,https://www.sec.gov/Archives/edgar/data/1005286/000100528626000032/0001005286-26-000032-index.htm,https://www.sec.gov/Archives/edgar/data/1005286/000100528626000032/lfcr-2026q2xex991earningsr.htm
RAPP,0002012593,2026-08-05 00:00:00,2026-08-05 07:17:00,8-K,True,https://www.sec.gov/Archives/edgar/data/2012593/000119312526333853/0001193125-26-333853-index.htm,https://www.sec.gov/Archives/edgar/data/2012593/000119312526333853/rapp-ex99_1.htm
CRL,0001100682,2026-08-05 00:00:00,2026-08-05 07:15:21,8-K,True,https://www.sec.gov/Archives/edgar/data/1100682/000110068226000115/0001100682-26-000115-index.htm,https://www.sec.gov/Archives/edgar/data/1100682/000110068226000115/crl2q26earningsrelease.htm
DIN,0000049754,2026-08-05 00:00:00,2026-08-05 07:15:06,8-K,True,https://www.sec.gov/Archives/edgar/data/49754/000119312526333848/0001193125-26-333848-index.htm,https://www.sec.gov/Archives/edgar/data/49754/000119312526333848/d148591dex991.htm
NRP,0001171486,2026-08-05 00:00:00,2026-08-05 07:14:30,8-K,True,https://www.sec.gov/Archives/edgar/data/1171486/000143774926025784/0001437749-26-025784-index.htm,https://www.sec.gov/Archives/edgar/data/1171486/000143774926025784/ex_961869.htm
VRNOD,0001848416,2026-08-05 00:00:00,2026-08-05 07:13:38,8-K,True,https://www.sec.gov/Archives/edgar/data/1848416/000162828026052918/0001628280-26-052918-index.htm,https://www.sec.gov/Archives/edgar/data/1848416/000162828026052918/vrno-2026630xexx991.htm
VRNOF,0001848416,2026-08-05 00:00:00,2026-08-05 07:13:38,8-K,True,https://www.sec.gov/Archives/edgar/data/1848416/000162828026052918/0001628280-26-052918-index.htm,https://www.sec.gov/Archives/edgar/data/1848416/000162828026052918/vrno-2026630xexx991.htm
VRNO,0001848416,2026-08-05 00:00:00,2026-08-05 07:13:38,8-K,True,https://www.sec.gov/Archives/edgar/data/1848416/000162828026052918/0001628280-26-052918-index.htm,https://www.sec.gov/Archives/edgar/data/1848416/000162828026052918/vrno-2026630xexx991.htm
ADVWW,0001776661,2026-08-05 00:00:00,2026-08-05 07:13:14,8-K,True,https://www.sec.gov/Archives/edgar/data/1776661/000119312526333843/0001193125-26-333843-index.htm,https://www.sec.gov/Archives/edgar/data/1776661/000119312526333843/adv-ex99_1.htm
ADV,0001776661,2026-08-05 00:00:00,2026-08-05 07:13:14,8-K,True,https://www.sec.gov/Archives/edgar/data/1776661/000119312526333843/0001193125-26-333843-index.htm,https://www.sec.gov/Archives/edgar/data/1776661/000119312526333843/adv-ex99_1.htm
EXTR,0001078271,2026-08-05 00:00:00,2026-08-05 07:12:27,8-K,True,https://www.sec.gov/Archives/edgar/data/1078271/000119312526333840/0001193125-26-333840-index.htm,https://www.sec.gov/Archives/edgar/data/1078271/000119312526333840/extr-ex99_1.htm
IE,0001879016,2026-08-05 00:00:00,2026-08-05 07:12:08,8-K,False,https://www.sec.gov/Archives/edgar/data/1879016/000110465926090722/0001104659-26-090722-index.htm,https://www.sec.gov/Archives/edgar/data/1879016/000110465926090722/tm2622220d1_8k.htm
KYMR,0001815442,2026-08-05 00:00:00,2026-08-05 07:10:14,8-K,False,https://www.sec.gov/Archives/edgar/data/1815442/000119312526333834/0001193125-26-333834-index.htm,https://www.sec.gov/Archives/edgar/data/1815442/000119312526333834/kymr-20260805.htm
NAMSW,0001936258,2026-08-05 00:00:00,2026-08-05 07:08:16,8-K,True,https://www.sec.gov/Archives/edgar/data/1936258/000119312526333827/0001193125-26-333827-index.htm,https://www.sec.gov/Archives/edgar/data/1936258/000119312526333827/nams-ex99_1.htm
NAMS,0001936258,2026-08-05 00:00:00,2026-08-05 07:08:16,8-K,True,https://www.sec.gov/Archives/edgar/data/1936258/000119312526333827/0001193125-26-333827-index.htm,https://www.sec.gov/Archives/edgar/data/1936258/000119312526333827/nams-ex99_1.htm
SBXD,0002015947,2026-08-05 00:00:00,2026-08-05 07:06:57,8-K,False,https://www.sec.gov/Archives/edgar/data/2015947/000110465926090712/0001104659-26-090712-index.htm,https://www.sec.gov/Archives/edgar/data/2015947/000110465926090712/tm2622195d1_8k.htm
SBXD-UN,0002015947,2026-08-05 00:00:00,2026-08-05 07:06:57,8-K,False,https://www.sec.gov/Archives/edgar/data/2015947/000110465926090712/0001104659-26-090712-index.htm,https://www.sec.gov/Archives/edgar/data/2015947/000110465926090712/tm2622195d1_8k.htm
LCII,0000763744,2026-08-05 00:00:00,2026-08-05 07:06:57,8-K,True,https://www.sec.gov/Archives/edgar/data/763744/000076374426000068/0000763744-26-000068-index.htm,https://www.sec.gov/Archives/edgar/data/763744/000076374426000068/lcii-earningsrelease2q26qu.htm
SR-PA,0001126956,2026-08-05 00:00:00,2026-08-05 07:06:14,8-K,True,https://www.sec.gov/Archives/edgar/data/1126956/000119312526333825/0001193125-26-333825-index.htm,https://www.sec.gov/Archives/edgar/data/1126956/000119312526333825/sr-ex99_1.htm
SRCU,0001126956,2026-08-05 00:00:00,2026-08-05 07:06:14,8-K,True,https://www.sec.gov/Archives/edgar/data/1126956/000119312526333825/0001193125-26-333825-index.htm,https://www.sec.gov/Archives/edgar/data/1126956/000119312526333825/sr-ex99_1.htm
SR,0001126956,2026-08-05 00:00:00,2026-08-05 07:06:14,8-K,True,https://www.sec.gov/Archives/edgar/data/1126956/000119312526333825/0001193125-26-333825-index.htm,https://www.sec.gov/Archives/edgar/data/1126956/000119312526333825/sr-ex99_1.htm
RRX,0000082811,2026-08-05 00:00:00,2026-08-05 07:06:12,8-K,True,https://www.sec.gov/Archives/edgar/data/82811/000008281126000226/0000082811-26-000226-index.htm,https://www.sec.gov/Archives/edgar/data/82811/000008281126000226/a2q2026earningsannouncement.htm
CDW,0001402057,2026-08-05 00:00:00,2026-08-05 07:06:04,8-K,True,https://www.sec.gov/Archives/edgar/data/1402057/000140205726000062/0001402057-26-000062-index.htm,https://www.sec.gov/Archives/edgar/data/1402057/000140205726000062/cdw-2026630earningsrelease.htm
GTE,0001273441,2026-08-05 00:00:00,2026-08-05 07:06:01,8-K,False,https://www.sec.gov/Archives/edgar/data/1273441/000110465926090711/0001104659-26-090711-index.htm,https://www.sec.gov/Archives/edgar/data/1273441/000110465926090711/tm2622187d1_8k.htm
CRTO,0001576427,2026-08-05 00:00:00,2026-08-05 07:05:33,8-K,True,https://www.sec.gov/Archives/edgar/data/1576427/000162828026052913/0001628280-26-052913-index.htm,https://www.sec.gov/Archives/edgar/data/1576427/000162828026052913/exhibit991-8xkq22026.htm
FUBO,0001484769,2026-08-05 00:00:00,2026-08-05 07:05:27,8-K,True,https://www.sec.gov/Archives/edgar/data/1484769/000149315226036098/0001493152-26-036098-index.htm,https://www.sec.gov/Archives/edgar/data/1484769/000149315226036098/ex99-1.htm
PSDV,0001314102,2026-08-05 00:00:00,2026-08-05 07:05:22,8-K,True,https://www.sec.gov/Archives/edgar/data/1314102/000119312526333821/0001193125-26-333821-index.htm,https://www.sec.gov/Archives/edgar/data/1314102/000119312526333821/eypt-ex99_1.htm
EYPT,0001314102,2026-08-05 00:00:00,2026-08-05 07:05:22,8-K,True,https://www.sec.gov/Archives/edgar/data/1314102/000119312526333821/0001193125-26-333821-index.htm,https://www.sec.gov/Archives/edgar/data/1314102/000119312526333821/eypt-ex99_1.htm
LLY,0000059478,2026-08-05 00:00:00,2026-08-05 07:05:09,8-K,False,https://www.sec.gov/Archives/edgar/data/59478/000005947826000077/0000059478-26-000077-index.htm,https://www.sec.gov/Archives/edgar/data/59478/000005947826000077/lly-20260805.htm
MCRB,0001609809,2026-08-05 00:00:00,2026-08-05 07:05:06,8-K,True,https://www.sec.gov/Archives/edgar/data/1609809/000119312526333820/0001193125-26-333820-index.htm,https://www.sec.gov/Archives/edgar/data/1609809/000119312526333820/d124829dex991.htm
PYYX,0000939930,2026-08-05 00:00:00,2026-08-05 07:04:57,8-K,True,https://www.sec.gov/Archives/edgar/data/939930/000093993026000035/0000939930-26-000035-index.htm,https://www.sec.gov/Archives/edgar/data/939930/000093993026000035/exhibit991q12027.htm
PODD,0001145197,2026-08-05 00:00:00,2026-08-05 07:04:50,8-K,True,https://www.sec.gov/Archives/edgar/data/1145197/000114519726000167/0001145197-26-000167-index.htm,https://www.sec.gov/Archives/edgar/data/1145197/000114519726000167/podd2026-06x30ex991.htm
SHAK,0001620533,2026-08-05 00:00:00,2026-08-05 07:04:40,8-K,True,https://www.sec.gov/Archives/edgar/data/1620533/000162053326000033/0001620533-26-000033-index.htm,https://www.sec.gov/Archives/edgar/data/1620533/000162053326000033/shak-20260805_exhibit991.htm
TRDA,0001689375,2026-08-05 00:00:00,2026-08-05 07:04:39,8-K,False,https://www.sec.gov/Archives/edgar/data/1689375/000168937526000052/0001689375-26-000052-index.htm,https://www.sec.gov/Archives/edgar/data/1689375/000168937526000052/trda-20260805.htm
KLTR,0001432133,2026-08-05 00:00:00,2026-08-05 07:03:57,8-K,True,https://www.sec.gov/Archives/edgar/data/1432133/000162828026052910/0001628280-26-052910-index.htm,https://www.sec.gov/Archives/edgar/data/1432133/000162828026052910/kaltura-q2x2026earningsrel.htm
DIBS,0001600641,2026-08-05 00:00:00,2026-08-05 07:03:52,8-K,True,https://www.sec.gov/Archives/edgar/data/1600641/000160064126000032/0001600641-26-000032-index.htm,https://www.sec.gov/Archives/edgar/data/1600641/000160064126000032/ex991q2fy26earningsrelease.htm
NYT,0000071691,2026-08-05 00:00:00,2026-08-05 07:03:51,8-K,True,https://www.sec.gov/Archives/edgar/data/71691/000007169126000032/0000071691-26-000032-index.htm,https://www.sec.gov/Archives/edgar/data/71691/000007169126000032/pressrelease6302026.htm
LINE,0001868159,2026-08-05 00:00:00,2026-08-05 07:03:23,8-K,True,https://www.sec.gov/Archives/edgar/data/1868159/000186815926000038/0001868159-26-000038-index.htm,https://www.sec.gov/Archives/edgar/data/1868159/000186815926000038/earningsreleaseex991-linea.htm
OFIX,0000884624,2026-08-05 00:00:00,2026-08-05 07:03:20,8-K,True,https://www.sec.gov/Archives/edgar/data/884624/000119312526333817/0001193125-26-333817-index.htm,https://www.sec.gov/Archives/edgar/data/884624/000119312526333817/ofix-ex99_1.htm
ACTG,0000934549,2026-08-05 00:00:00,2026-08-05 07:03:05,8-K,True,https://www.sec.gov/Archives/edgar/data/934549/000093454926000031/0000934549-26-000031-index.htm,https://www.sec.gov/Archives/edgar/data/934549/000093454926000031/actg-20260630xex991.htm
GLXY,0001859392,2026-08-05 00:00:00,2026-08-05 07:02:52,8-K,True,https://www.sec.gov/Archives/edgar/data/1859392/000185939226000084/0001859392-26-000084-index.htm,https://www.sec.gov/Archives/edgar/data/1859392/000185939226000084/glxy-20260630xpressrelease.htm
QTTB,0001661998,2026-08-05 00:00:00,2026-08-05 07:02:49,8-K,True,https://www.sec.gov/Archives/edgar/data/1661998/000119312526333813/0001193125-26-333813-index.htm,https://www.sec.gov/Archives/edgar/data/1661998/000119312526333813/qttb-ex99_1.htm
FIXX,0001661998,2026-08-05 00:00:00,2026-08-05 07:02:49,8-K,True,https://www.sec.gov/Archives/edgar/data/1661998/000119312526333813/0001193125-26-333813-index.htm,https://www.sec.gov/Archives/edgar/data/1661998/000119312526333813/qttb-ex99_1.htm
BCRX,0000882796,2026-08-05 00:00:00,2026-08-05 07:02:39,8-K,True,https://www.sec.gov/Archives/edgar/data/882796/000117184326005223/0001171843-26-005223-index.htm,https://www.sec.gov/Archives/edgar/data/882796/000117184326005223/exh_991.htm
BCO,0000078890,2026-08-05 00:00:00,2026-08-05 07:02:30,8-K,True,https://www.sec.gov/Archives/edgar/data/78890/000007889026000054/0000078890-26-000054-index.htm,https://www.sec.gov/Archives/edgar/data/78890/000007889026000054/ex991q22026.htm
SEDG,0001419612,2026-08-05 00:00:00,2026-08-05 07:02:26,8-K,True,https://www.sec.gov/Archives/edgar/data/1419612/000117891326003833/0001178913-26-003833-index.htm,https://www.sec.gov/Archives/edgar/data/1419612/000117891326003833/exhibit_99-1.htm
OESX,0001409375,2026-08-05 00:00:00,2026-08-05 07:02:10,8-K,True,https://www.sec.gov/Archives/edgar/data/1409375/000119312526333810/0001193125-26-333810-index.htm,https://www.sec.gov/Archives/edgar/data/1409375/000119312526333810/oesx-ex99_1.htm
KHC,0001637459,2026-08-05 00:00:00,2026-08-05 07:01:49,8-K,True,https://www.sec.gov/Archives/edgar/data/1637459/000163745926000052/0001637459-26-000052-index.htm,https://www.sec.gov/Archives/edgar/data/1637459/000163745926000052/ex991-erq22026.htm
SHOP,0001594805,2026-08-05 00:00:00,2026-08-05 07:01:47,8-K,True,https://www.sec.gov/Archives/edgar/data/1594805/000159480526000046/0001594805-26-000046-index.htm,https://www.sec.gov/Archives/edgar/data/1594805/000159480526000046/exhibit991pressreleaseq220.htm
JJSF,0000785956,2026-08-05 00:00:00,2026-08-05 07:01:30,8-K,True,https://www.sec.gov/Archives/edgar/data/785956/000143774926025782/0001437749-26-025782-index.htm,https://www.sec.gov/Archives/edgar/data/785956/000143774926025782/ex_998849.htm
ASTE,0000792987,2026-08-05 00:00:00,2026-08-05 07:01:30,8-K,True,https://www.sec.gov/Archives/edgar/data/792987/000079298726000039/0000792987-26-000039-index.htm,https://www.sec.gov/Archives/edgar/data/792987/000079298726000039/aste-20260630xexx991.htm
CWK,0001628369,2026-08-05 00:00:00,2026-08-05 07:01:26,8-K,True,https://www.sec.gov/Archives/edgar/data/1628369/000162836926000116/0001628369-26-000116-index.htm,https://www.sec.gov/Archives/edgar/data/1628369/000162836926000116/cwk-ex991q22026.htm
VVV,0001674910,2026-08-05 00:00:00,2026-08-05 07:00:55,8-K,True,https://www.sec.gov/Archives/edgar/data/1674910/000167491026000062/0001674910-26-000062-index.htm,https://www.sec.gov/Archives/edgar/data/1674910/000167491026000062/q32026earningsrelease.htm
SN,0001957132,2026-08-05 00:00:00,2026-08-05 07:00:52,8-K,True,https://www.sec.gov/Archives/edgar/data/1957132/000195713226000047/0001957132-26-000047-index.htm,https://www.sec.gov/Archives/edgar/data/1957132/000195713226000047/exhibit991pressreleaseofsh.htm
WULF,0001083301,2026-08-05 00:00:00,2026-08-05 07:00:50,8-K,True,https://www.sec.gov/Archives/edgar/data/1083301/000108330126000162/0001083301-26-000162-index.htm,https://www.sec.gov/Archives/edgar/data/1083301/000108330126000162/a_wulfearningsreleaseq22026.htm
IKNX,0001083301,2026-08-05 00:00:00,2026-08-05 07:00:50,8-K,True,https://www.sec.gov/Archives/edgar/data/1083301/000108330126000162/0001083301-26-000162-index.htm,https://www.sec.gov/Archives/edgar/data/1083301/000108330126000162/a_wulfearningsreleaseq22026.htm
HGTY,0001840776,2026-08-05 00:00:00,2026-08-05 07:00:42,8-K,True,https://www.sec.gov/Archives/edgar/data/1840776/000184077626000028/0001840776-26-000028-index.htm,https://www.sec.gov/Archives/edgar/data/1840776/000184077626000028/pressreleaseq22026.htm
HGTY-WT,0001840776,2026-08-05 00:00:00,2026-08-05 07:00:42,8-K,True,https://www.sec.gov/Archives/edgar/data/1840776/000184077626000028/0001840776-26-000028-index.htm,https://www.sec.gov/Archives/edgar/data/1840776/000184077626000028/pressreleaseq22026.htm
ADF,0001840776,2026-08-05 00:00:00,2026-08-05 07:00:42,8-K,True,https://www.sec.gov/Archives/edgar/data/1840776/000184077626000028/0001840776-26-000028-index.htm,https://www.sec.gov/Archives/edgar/data/1840776/000184077626000028/pressreleaseq22026.htm
HVIIR,0001846416,2026-08-05 00:00:00,2026-08-05 07:00:26,8-K,False,https://www.sec.gov/Archives/edgar/data/1846416/000149315226036097/0001493152-26-036097-index.htm,https://www.sec.gov/Archives/edgar/data/1846416/000149315226036097/form8-k.htm
HVII,0001846416,2026-08-05 00:00:00,2026-08-05 07:00:26,8-K,False,https://www.sec.gov/Archives/edgar/data/1846416/000149315226036097/0001493152-26-036097-index.htm,https://www.sec.gov/Archives/edgar/data/1846416/000149315226036097/form8-k.htm
HVIIU,0001846416,2026-08-05 00:00:00,2026-08-05 07:00:26,8-K,False,https://www.sec.gov/Archives/edgar/data/1846416/000149315226036097/0001493152-26-036097-index.htm,https://www.sec.gov/Archives/edgar/data/1846416/000149315226036097/form8-k.htm
ETON,0001710340,2026-08-05 00:00:00,2026-08-05 07:00:10,8-K,False,https://www.sec.gov/Archives/edgar/data/1710340/000143774926025781/0001437749-26-025781-index.htm,https://www.sec.gov/Archives/edgar/data/1710340/000143774926025781/eton20260803_8k.htm
GPN,0001123360,2026-08-05 00:00:00,2026-08-05 06:59:21,8-K,True,https://www.sec.gov/Archives/edgar/data/1123360/000112336026000082/0001123360-26-000082-index.htm,https://www.sec.gov/Archives/edgar/data/1123360/000112336026000082/exhibit99120260630.htm
FLUT,0001635327,2026-08-05 00:00:00,2026-08-05 06:58:56,8-K,True,https://www.sec.gov/Archives/edgar/data/1635327/000119312526333800/0001193125-26-333800-index.htm,https://www.sec.gov/Archives/edgar/data/1635327/000119312526333800/d127369dex991.htm
CMC,0000022444,2026-08-05 00:00:00,2026-08-05 06:57:55,8-K,False,https://www.sec.gov/Archives/edgar/data/22444/000119312526333797/0001193125-26-333797-index.htm,https://www.sec.gov/Archives/edgar/data/22444/000119312526333797/d95091d8k.htm
UBER,0001543151,2026-08-05 00:00:00,2026-08-05 06:56:58,8-K,True,https://www.sec.gov/Archives/edgar/data/1543151/000154315126000027/0001543151-26-000027-index.htm,https://www.sec.gov/Archives/edgar/data/1543151/000154315126000027/uberq226earningspressrelea.htm
FLUT,0001635327,2026-08-05 00:00:00,2026-08-05 06:56:38,8-K,False,https://www.sec.gov/Archives/edgar/data/1635327/000119312526333794/0001193125-26-333794-index.htm,https://www.sec.gov/Archives/edgar/data/1635327/000119312526333794/d167128d8k.htm
TH,0001712189,2026-08-05 00:00:00,2026-08-05 06:55:22,8-K,False,https://www.sec.gov/Archives/edgar/data/1712189/000110465926090700/0001104659-26-090700-index.htm,https://www.sec.gov/Archives/edgar/data/1712189/000110465926090700/tm2621747d1_8k.htm
THWWW,0001712189,2026-08-05 00:00:00,2026-08-05 06:55:22,8-K,False,https://www.sec.gov/Archives/edgar/data/1712189/000110465926090700/0001104659-26-090700-index.htm,https://www.sec.gov/Archives/edgar/data/1712189/000110465926090700/tm2621747d1_8k.htm
EOSE,0001805077,2026-08-05 00:00:00,2026-08-05 06:54:43,8-K,True,https://www.sec.gov/Archives/edgar/data/1805077/000162828026052903/0001628280-26-052903-index.htm,https://www.sec.gov/Archives/edgar/data/1805077/000162828026052903/eoseq2fy26earningsreleas.htm
EOSEW,0001805077,2026-08-05 00:00:00,2026-08-05 06:54:43,8-K,True,https://www.sec.gov/Archives/edgar/data/1805077/000162828026052903/0001628280-26-052903-index.htm,https://www.sec.gov/Archives/edgar/data/1805077/000162828026052903/eoseq2fy26earningsreleas.htm
ADNT,0001670541,2026-08-05 00:00:00,2026-08-05 06:54:01,8-K,True,https://www.sec.gov/Archives/edgar/data/1670541/000167054126000090/0001670541-26-000090-index.htm,https://www.sec.gov/Archives/edgar/data/1670541/000167054126000090/a08052026adientexhibit991.htm
KTB,0001760965,2026-08-05 00:00:00,2026-08-05 06:51:34,8-K,True,https://www.sec.gov/Archives/edgar/data/1760965/000176096526000051/0001760965-26-000051-index.htm,https://www.sec.gov/Archives/edgar/data/1760965/000176096526000051/a2026q2ktberex991discopsfi.htm
CPRI,0001530721,2026-08-05 00:00:00,2026-08-05 06:49:12,8-K,True,https://www.sec.gov/Archives/edgar/data/1530721/000153072126000078/0001530721-26-000078-index.htm,https://www.sec.gov/Archives/edgar/data/1530721/000153072126000078/cpri8-k6272026exhibit991.htm
MTRN,0001104657,2026-08-05 00:00:00,2026-08-05 06:47:53,8-K,True,https://www.sec.gov/Archives/edgar/data/1104657/000110465726000042/0001104657-26-000042-index.htm,https://www.sec.gov/Archives/edgar/data/1104657/000110465726000042/q22026pressrelease.htm
IRM,0001020569,2026-08-05 00:00:00,2026-08-05 06:47:30,8-K,True,https://www.sec.gov/Archives/edgar/data/1020569/000102056926000068/0001020569-26-000068-index.htm,https://www.sec.gov/Archives/edgar/data/1020569/000102056926000068/final-q22026earningspres.htm
CIM-PD,0001409493,2026-08-05 00:00:00,2026-08-05 06:45:45,8-K,False,https://www.sec.gov/Archives/edgar/data/1409493/000120677426000414/0001206774-26-000414-index.htm,https://www.sec.gov/Archives/edgar/data/1409493/000120677426000414/cim4671931-8k.htm
CIM,0001409493,2026-08-05 00:00:00,2026-08-05 06:45:45,8-K,False,https://www.sec.gov/Archives/edgar/data/1409493/000120677426000414/0001206774-26-000414-index.htm,https://www.sec.gov/Archives/edgar/data/1409493/000120677426000414/cim4671931-8k.htm
CIM-PA,0001409493,2026-08-05 00:00:00,2026-08-05 06:45:45,8-K,False,https://www.sec.gov/Archives/edgar/data/1409493/000120677426000414/0001206774-26-000414-index.htm,https://www.sec.gov/Archives/edgar/data/1409493/000120677426000414/cim4671931-8k.htm
CIM-PB,0001409493,2026-08-05 00:00:00,2026-08-05 06:45:45,8-K,False,https://www.sec.gov/Archives/edgar/data/1409493/000120677426000414/0001206774-26-000414-index.htm,https://www.sec.gov/Archives/edgar/data/1409493/000120677426000414/cim4671931-8k.htm
CIM-PC,0001409493,2026-08-05 00:00:00,2026-08-05 06:45:45,8-K,False,https://www.sec.gov/Archives/edgar/data/1409493/000120677426000414/0001206774-26-000414-index.htm,https://www.sec.gov/Archives/edgar/data/1409493/000120677426000414/cim4671931-8k.htm
CIM-PD,0001409493,2026-08-05 00:00:00,2026-08-05 06:45:41,8-K,True,https://www.sec.gov/Archives/edgar/data/1409493/000140949326000046/0001409493-26-000046-index.htm,https://www.sec.gov/Archives/edgar/data/1409493/000140949326000046/pressrelease-q22026.htm
CIM-PA,0001409493,2026-08-05 00:00:00,2026-08-05 06:45:41,8-K,True,https://www.sec.gov/Archives/edgar/data/1409493/000140949326000046/0001409493-26-000046-index.htm,https://www.sec.gov/Archives/edgar/data/1409493/000140949326000046/pressrelease-q22026.htm
CIM-PB,0001409493,2026-08-05 00:00:00,2026-08-05 06:45:41,8-K,True,https://www.sec.gov/Archives/edgar/data/1409493/000140949326000046/0001409493-26-000046-index.htm,https://www.sec.gov/Archives/edgar/data/1409493/000140949326000046/pressrelease-q22026.htm
CIM-PC,0001409493,2026-08-05 00:00:00,2026-08-05 06:45:41,8-K,True,https://www.sec.gov/Archives/edgar/data/1409493/000140949326000046/0001409493-26-000046-index.htm,https://www.sec.gov/Archives/edgar/data/1409493/000140949326000046/pressrelease-q22026.htm
CIM,0001409493,2026-08-05 00:00:00,2026-08-05 06:45:41,8-K,True,https://www.sec.gov/Archives/edgar/data/1409493/000140949326000046/0001409493-26-000046-index.htm,https://www.sec.gov/Archives/edgar/data/1409493/000140949326000046/pressrelease-q22026.htm
ABC,0001140859,2026-08-05 00:00:00,2026-08-05 06:45:30,8-K,False,https://www.sec.gov/Archives/edgar/data/1140859/000110465926090691/0001104659-26-090691-index.htm,https://www.sec.gov/Archives/edgar/data/1140859/000110465926090691/tm2621845d1_8k.htm
COR,0001140859,2026-08-05 00:00:00,2026-08-05 06:45:30,8-K,False,https://www.sec.gov/Archives/edgar/data/1140859/000110465926090691/0001104659-26-090691-index.htm,https://www.sec.gov/Archives/edgar/data/1140859/000110465926090691/tm2621845d1_8k.htm
KMT,0000055242,2026-08-05 00:00:00,2026-08-05 06:43:20,8-K,True,https://www.sec.gov/Archives/edgar/data/55242/000162828026052896/0001628280-26-052896-index.htm,https://www.sec.gov/Archives/edgar/data/55242/000162828026052896/kmt6302026exhibit991.htm
FTCI,0001828161,2026-08-05 00:00:00,2026-08-05 06:39:59,8-K,True,https://www.sec.gov/Archives/edgar/data/1828161/000119312526333770/0001193125-26-333770-index.htm,https://www.sec.gov/Archives/edgar/data/1828161/000119312526333770/ftci-ex99_1.htm
CAH,0000721371,2026-08-05 00:00:00,2026-08-05 06:39:06,8-K,False,https://www.sec.gov/Archives/edgar/data/721371/000072137126000026/0000721371-26-000026-index.htm,https://www.sec.gov/Archives/edgar/data/721371/000072137126000026/cah-20260804.htm
PRGO,0001585364,2026-08-05 00:00:00,2026-08-05 06:37:49,8-K,True,https://www.sec.gov/Archives/edgar/data/1585364/000158536426000143/0001585364-26-000143-index.htm,https://www.sec.gov/Archives/edgar/data/1585364/000158536426000143/cy26q2ex991pressrelease.htm
NIMC,0001111711,2026-08-05 00:00:00,2026-08-05 06:35:43,8-K,False,https://www.sec.gov/Archives/edgar/data/1111711/000111171126000087/0001111711-26-000087-index.htm,https://www.sec.gov/Archives/edgar/data/1111711/000111171126000087/nix-20260805.htm
NI-PB,0001111711,2026-08-05 00:00:00,2026-08-05 06:35:43,8-K,False,https://www.sec.gov/Archives/edgar/data/1111711/000111171126000087/0001111711-26-000087-index.htm,https://www.sec.gov/Archives/edgar/data/1111711/000111171126000087/nix-20260805.htm
NI,0001111711,2026-08-05 00:00:00,2026-08-05 06:35:43,8-K,False,https://www.sec.gov/Archives/edgar/data/1111711/000111171126000087/0001111711-26-000087-index.htm,https://www.sec.gov/Archives/edgar/data/1111711/000111171126000087/nix-20260805.htm
DKL,0001552797,2026-08-05 00:00:00,2026-08-05 06:35:18,8-K,True,https://www.sec.gov/Archives/edgar/data/1552797/000162828026052893/0001628280-26-052893-index.htm,https://www.sec.gov/Archives/edgar/data/1552797/000162828026052893/dkl-ex991xearningsreleasex.htm
DK,0001694426,2026-08-05 00:00:00,2026-08-05 06:34:49,8-K,True,https://www.sec.gov/Archives/edgar/data/1694426/000162828026052892/0001628280-26-052892-index.htm,https://www.sec.gov/Archives/edgar/data/1694426/000162828026052892/dk-ex991earningsreleasex06.htm
FRPT,0001611647,2026-08-05 00:00:00,2026-08-05 06:33:35,8-K,True,https://www.sec.gov/Archives/edgar/data/1611647/000161164726000016/0001611647-26-000016-index.htm,https://www.sec.gov/Archives/edgar/data/1611647/000161164726000016/frpt-exx991x20260805.htm
UTHR,0001082554,2026-08-05 00:00:00,2026-08-05 06:33:07,8-K,False,https://www.sec.gov/Archives/edgar/data/1082554/000108255426000028/0001082554-26-000028-index.htm,https://www.sec.gov/Archives/edgar/data/1082554/000108255426000028/uthr-20260805.htm
COR,0001140859,2026-08-05 00:00:00,2026-08-05 06:32:19,8-K,True,https://www.sec.gov/Archives/edgar/data/1140859/000114085926000032/0001140859-26-000032-index.htm,https://www.sec.gov/Archives/edgar/data/1140859/000114085926000032/exhibit991-q32026.htm
ABC,0001140859,2026-08-05 00:00:00,2026-08-05 06:32:19,8-K,True,https://www.sec.gov/Archives/edgar/data/1140859/000114085926000032/0001140859-26-000032-index.htm,https://www.sec.gov/Archives/edgar/data/1140859/000114085926000032/exhibit991-q32026.htm
DT,0001773383,2026-08-05 00:00:00,2026-08-05 06:32:18,8-K,True,https://www.sec.gov/Archives/edgar/data/1773383/000177338326000049/0001773383-26-000049-index.htm,https://www.sec.gov/Archives/edgar/data/1773383/000177338326000049/q1fy27-earningsreleaseex99.htm
CVS,0000064803,2026-08-05 00:00:00,2026-08-05 06:32:06,8-K,True,https://www.sec.gov/Archives/edgar/data/64803/000006480326000097/0000064803-26-000097-index.htm,https://www.sec.gov/Archives/edgar/data/64803/000006480326000097/cvs_ex99x1q2-26.htm
BLMN,0001546417,2026-08-05 00:00:00,2026-08-05 06:31:56,8-K,True,https://www.sec.gov/Archives/edgar/data/1546417/000154641726000030/0001546417-26-000030-index.htm,https://www.sec.gov/Archives/edgar/data/1546417/000154641726000030/ex991-earningsq226pressrel.htm
NCRRP,0000070866,2026-08-05 00:00:00,2026-08-05 06:31:47,8-K,True,https://www.sec.gov/Archives/edgar/data/70866/000007086626000029/0000070866-26-000029-index.htm,https://www.sec.gov/Archives/edgar/data/70866/000007086626000029/exhibit991-q22026earningsr.htm
VYX,0000070866,2026-08-05 00:00:00,2026-08-05 06:31:47,8-K,True,https://www.sec.gov/Archives/edgar/data/70866/000007086626000029/0000070866-26-000029-index.htm,https://www.sec.gov/Archives/edgar/data/70866/000007086626000029/exhibit991-q22026earningsr.htm
NCR,0000070866,2026-08-05 00:00:00,2026-08-05 06:31:47,8-K,True,https://www.sec.gov/Archives/edgar/data/70866/000007086626000029/0000070866-26-000029-index.htm,https://www.sec.gov/Archives/edgar/data/70866/000007086626000029/exhibit991-q22026earningsr.htm
RXRX,0001601830,2026-08-05 00:00:00,2026-08-05 06:31:36,8-K,True,https://www.sec.gov/Archives/edgar/data/1601830/000160183026000097/0001601830-26-000097-index.htm,https://www.sec.gov/Archives/edgar/data/1601830/000160183026000097/exhibit991-q0226.htm
CMPS,0001816590,2026-08-05 00:00:00,2026-08-05 06:31:09,8-K,True,https://www.sec.gov/Archives/edgar/data/1816590/000181659026000059/0001816590-26-000059-index.htm,https://www.sec.gov/Archives/edgar/data/1816590/000181659026000059/q22026pressrelease.htm
UTZ,0001739566,2026-08-05 00:00:00,2026-08-05 06:31:07,8-K,True,https://www.sec.gov/Archives/edgar/data/1739566/000162828026052888/0001628280-26-052888-index.htm,https://www.sec.gov/Archives/edgar/data/1739566/000162828026052888/pressrelease-2026q2earning.htm
DIS,0001744489,2026-08-05 00:00:00,2026-08-05 06:30:54,8-K,True,https://www.sec.gov/Archives/edgar/data/1744489/000174448926000056/0001744489-26-000056-index.htm,https://www.sec.gov/Archives/edgar/data/1744489/000174448926000056/fy2026_q3xerxex991.htm
NATL,0001974138,2026-08-05 00:00:00,2026-08-05 06:30:48,8-K,True,https://www.sec.gov/Archives/edgar/data/1974138/000197413826000014/0001974138-26-000014-index.htm,https://www.sec.gov/Archives/edgar/data/1974138/000197413826000014/ex-991ncratleosearningsrel.htm
PX,0001841968,2026-08-05 00:00:00,2026-08-05 06:30:25,8-K,True,https://www.sec.gov/Archives/edgar/data/1841968/000119312526333763/0001193125-26-333763-index.htm,https://www.sec.gov/Archives/edgar/data/1841968/000119312526333763/rpc-ex99_2.htm
VPG,0001487952,2026-08-05 00:00:00,2026-08-05 06:30:18,8-K,True,https://www.sec.gov/Archives/edgar/data/1487952/000143774926025779/0001437749-26-025779-index.htm,https://www.sec.gov/Archives/edgar/data/1487952/000143774926025779/ex_962771.htm
ZBH,0001136869,2026-08-05 00:00:00,2026-08-05 06:30:16,8-K,True,https://www.sec.gov/Archives/edgar/data/1136869/000119312526333761/0001193125-26-333761-index.htm,https://www.sec.gov/Archives/edgar/data/1136869/000119312526333761/zbh-ex99_1.htm
ELAT,0001739104,2026-08-05 00:00:00,2026-08-05 06:27:37,8-K,True,https://www.sec.gov/Archives/edgar/data/1739104/000173910426000040/0001739104-26-000040-index.htm,https://www.sec.gov/Archives/edgar/data/1739104/000173910426000040/elanco-20260630exhibit991.htm
ELAN,0001739104,2026-08-05 00:00:00,2026-08-05 06:27:37,8-K,True,https://www.sec.gov/Archives/edgar/data/1739104/000173910426000040/0001739104-26-000040-index.htm,https://www.sec.gov/Archives/edgar/data/1739104/000173910426000040/elanco-20260630exhibit991.htm
SOV,0000811830,2026-08-05 00:00:00,2026-08-05 06:13:43,8-K,False,https://www.sec.gov/Archives/edgar/data/811830/000095010326011922/0000950103-26-011922-index.htm,https://www.sec.gov/Archives/edgar/data/811830/000095010326011922/dp250449_8k.htm
CRCL,0001876042,2026-08-05 00:00:00,2026-08-05 06:12:18,8-K,True,https://www.sec.gov/Archives/edgar/data/1876042/000187604226000246/0001876042-26-000246-index.htm,https://www.sec.gov/Archives/edgar/data/1876042/000187604226000246/augustepr-circle_q22026f.htm
EPC,0001096752,2026-08-05 00:00:00,2026-08-05 06:10:48,8-K,True,https://www.sec.gov/Archives/edgar/data/1096752/000162828026052881/0001628280-26-052881-index.htm,https://www.sec.gov/Archives/edgar/data/1096752/000162828026052881/q3fy26-epcexhibit991.htm
OCSL,0001414932,2026-08-05 00:00:00,2026-08-05 06:10:10,8-K,True,https://www.sec.gov/Archives/edgar/data/1414932/000119312526333737/0001193125-26-333737-index.htm,https://www.sec.gov/Archives/edgar/data/1414932/000119312526333737/d158058dex991.htm
LIVN,0001639691,2026-08-05 00:00:00,2026-08-05 06:05:30,8-K,True,https://www.sec.gov/Archives/edgar/data/1639691/000163969126000085/0001639691-26-000085-index.htm,https://www.sec.gov/Archives/edgar/data/1639691/000163969126000085/a2q2026earningspressrelease.htm
NLST,0001282631,2026-08-05 00:00:00,2026-08-05 06:04:34,8-K,False,https://www.sec.gov/Archives/edgar/data/1282631/000110465926090641/0001104659-26-090641-index.htm,https://www.sec.gov/Archives/edgar/data/1282631/000110465926090641/tm2622153d1_8k.htm
NVL,0001304280,2026-08-05 00:00:00,2026-08-05 06:04:16,8-K,True,https://www.sec.gov/Archives/edgar/data/1304280/000130428026000030/0001304280-26-000030-index.htm,https://www.sec.gov/Archives/edgar/data/1304280/000130428026000030/novelisq1fy27results.htm
IOSP,0001054905,2026-08-05 00:00:00,2026-08-05 06:03:02,8-K,True,https://www.sec.gov/Archives/edgar/data/1054905/000119312526333724/0001193125-26-333724-index.htm,https://www.sec.gov/Archives/edgar/data/1054905/000119312526333724/iosp-ex99_1.htm
OC,0001370946,2026-08-05 00:00:00,2026-08-05 06:02:49,8-K,True,https://www.sec.gov/Archives/edgar/data/1370946/000137094626000175/0001370946-26-000175-index.htm,https://www.sec.gov/Archives/edgar/data/1370946/000137094626000175/q22026exh-991pressrelease.htm
BEIGF,0001651308,2026-08-05 00:00:00,2026-08-05 06:02:36,8-K,True,https://www.sec.gov/Archives/edgar/data/1651308/000162828026052877/0001628280-26-052877-index.htm,https://www.sec.gov/Archives/edgar/data/1651308/000162828026052877/exhibit991-q22026earningsr.htm
BGNE,0001651308,2026-08-05 00:00:00,2026-08-05 06:02:36,8-K,True,https://www.sec.gov/Archives/edgar/data/1651308/000162828026052877/0001628280-26-052877-index.htm,https://www.sec.gov/Archives/edgar/data/1651308/000162828026052877/exhibit991-q22026earningsr.htm
ONC,0001651308,2026-08-05 00:00:00,2026-08-05 06:02:36,8-K,True,https://www.sec.gov/Archives/edgar/data/1651308/000162828026052877/0001628280-26-052877-index.htm,https://www.sec.gov/Archives/edgar/data/1651308/000162828026052877/exhibit991-q22026earningsr.htm
PRMB,0002042694,2026-08-05 00:00:00,2026-08-05 06:01:59,8-K,True,https://www.sec.gov/Archives/edgar/data/2042694/000127956926000742/0001279569-26-000742-index.htm,https://www.sec.gov/Archives/edgar/data/2042694/000127956926000742/ex991.htm
AITXD,0001498148,2026-08-05 00:00:00,2026-08-05 06:01:41,8-K,False,https://www.sec.gov/Archives/edgar/data/1498148/000106299326004016/0001062993-26-004016-index.htm,https://www.sec.gov/Archives/edgar/data/1498148/000106299326004016/form8k.htm
AITX,0001498148,2026-08-05 00:00:00,2026-08-05 06:01:41,8-K,False,https://www.sec.gov/Archives/edgar/data/1498148/000106299326004016/0001062993-26-004016-index.htm,https://www.sec.gov/Archives/edgar/data/1498148/000106299326004016/form8k.htm
TBLAW,0001840502,2026-08-05 00:00:00,2026-08-05 06:01:40,8-K,True,https://www.sec.gov/Archives/edgar/data/1840502/000114036126031336/0001140361-26-031336-index.htm,https://www.sec.gov/Archives/edgar/data/1840502/000114036126031336/ef20078191_ex99-1.htm
TBLA,0001840502,2026-08-05 00:00:00,2026-08-05 06:01:40,8-K,True,https://www.sec.gov/Archives/edgar/data/1840502/000114036126031336/0001140361-26-031336-index.htm,https://www.sec.gov/Archives/edgar/data/1840502/000114036126031336/ef20078191_ex99-1.htm
PQG,0001708035,2026-08-05 00:00:00,2026-08-05 06:00:58,8-K,True,https://www.sec.gov/Archives/edgar/data/1708035/000170803526000087/0001708035-26-000087-index.htm,https://www.sec.gov/Archives/edgar/data/1708035/000170803526000087/ex991-ecvt2q26earningsrele.htm
ECVT,0001708035,2026-08-05 00:00:00,2026-08-05 06:00:58,8-K,True,https://www.sec.gov/Archives/edgar/data/1708035/000170803526000087/0001708035-26-000087-index.htm,https://www.sec.gov/Archives/edgar/data/1708035/000170803526000087/ex991-ecvt2q26earningsrele.htm
YOU,0001856314,2026-08-05 00:00:00,2026-08-05 06:00:55,8-K,True,https://www.sec.gov/Archives/edgar/data/1856314/000185631426000039/0001856314-26-000039-index.htm,https://www.sec.gov/Archives/edgar/data/1856314/000185631426000039/clearq22026pressreleaseear.htm
