symbol,filingDate,filing_detail_url,document_type,document_description,document_url,matched,error
AXP,2026-08-12 00:00:00,https://www.sec.gov/Archives/edgar/data/4962/000000496226000338/0000004962-26-000338-index.htm,8-K,8-K,https://www.sec.gov/Archives/edgar/data/4962/000000496226000338/axp-20260812.htm,False,
BSEM,2026-08-12 00:00:00,https://www.sec.gov/Archives/edgar/data/1658678/000119312526347211/0001193125-26-347211-index.htm,8-K,8-K,https://www.sec.gov/Archives/edgar/data/1658678/000119312526347211/bsem-20260812.htm,False,
BSEM,2026-08-12 00:00:00,https://www.sec.gov/Archives/edgar/data/1658678/000119312526347211/0001193125-26-347211-index.htm,EX-99.1,EX-99.1,https://www.sec.gov/Archives/edgar/data/1658678/000119312526347211/bsem-ex99_1.htm,False,
None,2026-08-12 00:00:00,https://www.sec.gov/Archives/edgar/data/1544190/000149315226037454/0001493152-26-037454-index.htm,8-K,8-K,https://www.sec.gov/Archives/edgar/data/1544190/000149315226037454/form8-k.htm,False,
None,2026-08-12 00:00:00,https://www.sec.gov/Archives/edgar/data/1109448/000110944826000201/0001109448-26-000201-index.htm,8-K,8-K ALLIANCEBERNSTEIN L.P.,https://www.sec.gov/Archives/edgar/data/1109448/000110944826000201/ab-20260812.htm,False,
SUNE,2026-08-12 00:00:00,https://www.sec.gov/Archives/edgar/data/22701/000121390026088491/0001213900-26-088491-index.htm,8-K,CURRENT REPORT,https://www.sec.gov/Archives/edgar/data/22701/000121390026088491/ea0301849-8k_sunation.htm,False,
SUNE,2026-08-12 00:00:00,https://www.sec.gov/Archives/edgar/data/22701/000121390026088491/0001213900-26-088491-index.htm,EX-99.1,"PRESS RELEASE DATED AUGUST 12, 2026",https://www.sec.gov/Archives/edgar/data/22701/000121390026088491/ea030184901ex99-1.htm,False,
JCS,2026-08-12 00:00:00,https://www.sec.gov/Archives/edgar/data/22701/000121390026088491/0001213900-26-088491-index.htm,8-K,CURRENT REPORT,https://www.sec.gov/Archives/edgar/data/22701/000121390026088491/ea0301849-8k_sunation.htm,False,
JCS,2026-08-12 00:00:00,https://www.sec.gov/Archives/edgar/data/22701/000121390026088491/0001213900-26-088491-index.htm,EX-99.1,"PRESS RELEASE DATED AUGUST 12, 2026",https://www.sec.gov/Archives/edgar/data/22701/000121390026088491/ea030184901ex99-1.htm,False,
PEGY,2026-08-12 00:00:00,https://www.sec.gov/Archives/edgar/data/22701/000121390026088491/0001213900-26-088491-index.htm,8-K,CURRENT REPORT,https://www.sec.gov/Archives/edgar/data/22701/000121390026088491/ea0301849-8k_sunation.htm,False,
PEGY,2026-08-12 00:00:00,https://www.sec.gov/Archives/edgar/data/22701/000121390026088491/0001213900-26-088491-index.htm,EX-99.1,"PRESS RELEASE DATED AUGUST 12, 2026",https://www.sec.gov/Archives/edgar/data/22701/000121390026088491/ea030184901ex99-1.htm,False,
SLNCF,2026-08-12 00:00:00,https://www.sec.gov/Archives/edgar/data/1479615/000119312526347196/0001193125-26-347196-index.htm,8-K,8-K,https://www.sec.gov/Archives/edgar/data/1479615/000119312526347196/d168365d8k.htm,True,
SLNCF,2026-08-12 00:00:00,https://www.sec.gov/Archives/edgar/data/1479615/000119312526347196/0001193125-26-347196-index.htm,EX-99.1,EX-99.1,https://www.sec.gov/Archives/edgar/data/1479615/000119312526347196/d168365dex991.htm,False,
SLN,2026-08-12 00:00:00,https://www.sec.gov/Archives/edgar/data/1479615/000119312526347196/0001193125-26-347196-index.htm,8-K,8-K,https://www.sec.gov/Archives/edgar/data/1479615/000119312526347196/d168365d8k.htm,True,
SLN,2026-08-12 00:00:00,https://www.sec.gov/Archives/edgar/data/1479615/000119312526347196/0001193125-26-347196-index.htm,EX-99.1,EX-99.1,https://www.sec.gov/Archives/edgar/data/1479615/000119312526347196/d168365dex991.htm,False,
AB,2026-08-12 00:00:00,https://www.sec.gov/Archives/edgar/data/825313/000082531326000053/0000825313-26-000053-index.htm,8-K,8-K ALLIANCEBERNSTEIN HOLDING L.P.,https://www.sec.gov/Archives/edgar/data/825313/000082531326000053/ab-20260812.htm,False,
LGTOU,2026-08-12 00:00:00,https://www.sec.gov/Archives/edgar/data/1883814/000182912626008712/0001829126-26-008712-index.htm,8-K,8-K,https://www.sec.gov/Archives/edgar/data/1883814/000182912626008712/southland_8k.htm,False,
LGTOU,2026-08-12 00:00:00,https://www.sec.gov/Archives/edgar/data/1883814/000182912626008712/0001829126-26-008712-index.htm,EX-99.1,EXHIBIT 99.1,https://www.sec.gov/Archives/edgar/data/1883814/000182912626008712/southland_ex99-1.htm,False,
LGTOW,2026-08-12 00:00:00,https://www.sec.gov/Archives/edgar/data/1883814/000182912626008712/0001829126-26-008712-index.htm,8-K,8-K,https://www.sec.gov/Archives/edgar/data/1883814/000182912626008712/southland_8k.htm,False,
LGTOW,2026-08-12 00:00:00,https://www.sec.gov/Archives/edgar/data/1883814/000182912626008712/0001829126-26-008712-index.htm,EX-99.1,EXHIBIT 99.1,https://www.sec.gov/Archives/edgar/data/1883814/000182912626008712/southland_ex99-1.htm,False,
SLND,2026-08-12 00:00:00,https://www.sec.gov/Archives/edgar/data/1883814/000182912626008712/0001829126-26-008712-index.htm,8-K,8-K,https://www.sec.gov/Archives/edgar/data/1883814/000182912626008712/southland_8k.htm,False,
SLND,2026-08-12 00:00:00,https://www.sec.gov/Archives/edgar/data/1883814/000182912626008712/0001829126-26-008712-index.htm,EX-99.1,EXHIBIT 99.1,https://www.sec.gov/Archives/edgar/data/1883814/000182912626008712/southland_ex99-1.htm,False,
LGTO,2026-08-12 00:00:00,https://www.sec.gov/Archives/edgar/data/1883814/000182912626008712/0001829126-26-008712-index.htm,8-K,8-K,https://www.sec.gov/Archives/edgar/data/1883814/000182912626008712/southland_8k.htm,False,
LGTO,2026-08-12 00:00:00,https://www.sec.gov/Archives/edgar/data/1883814/000182912626008712/0001829126-26-008712-index.htm,EX-99.1,EXHIBIT 99.1,https://www.sec.gov/Archives/edgar/data/1883814/000182912626008712/southland_ex99-1.htm,False,
VCKA,2026-08-12 00:00:00,https://www.sec.gov/Archives/edgar/data/1820190/000119312526347186/0001193125-26-347186-index.htm,8-K,8-K,https://www.sec.gov/Archives/edgar/data/1820190/000119312526347186/sclx-20260808.htm,True,
VCKA,2026-08-12 00:00:00,https://www.sec.gov/Archives/edgar/data/1820190/000119312526347186/0001193125-26-347186-index.htm,EX-10.1,EX-10.1,https://www.sec.gov/Archives/edgar/data/1820190/000119312526347186/sclx-ex10_1.htm,False,
VCKAU,2026-08-12 00:00:00,https://www.sec.gov/Archives/edgar/data/1820190/000119312526347186/0001193125-26-347186-index.htm,8-K,8-K,https://www.sec.gov/Archives/edgar/data/1820190/000119312526347186/sclx-20260808.htm,True,
VCKAU,2026-08-12 00:00:00,https://www.sec.gov/Archives/edgar/data/1820190/000119312526347186/0001193125-26-347186-index.htm,EX-10.1,EX-10.1,https://www.sec.gov/Archives/edgar/data/1820190/000119312526347186/sclx-ex10_1.htm,False,
SCLXW,2026-08-12 00:00:00,https://www.sec.gov/Archives/edgar/data/1820190/000119312526347186/0001193125-26-347186-index.htm,8-K,8-K,https://www.sec.gov/Archives/edgar/data/1820190/000119312526347186/sclx-20260808.htm,True,
SCLXW,2026-08-12 00:00:00,https://www.sec.gov/Archives/edgar/data/1820190/000119312526347186/0001193125-26-347186-index.htm,EX-10.1,EX-10.1,https://www.sec.gov/Archives/edgar/data/1820190/000119312526347186/sclx-ex10_1.htm,False,
VCKAW,2026-08-12 00:00:00,https://www.sec.gov/Archives/edgar/data/1820190/000119312526347186/0001193125-26-347186-index.htm,8-K,8-K,https://www.sec.gov/Archives/edgar/data/1820190/000119312526347186/sclx-20260808.htm,True,
VCKAW,2026-08-12 00:00:00,https://www.sec.gov/Archives/edgar/data/1820190/000119312526347186/0001193125-26-347186-index.htm,EX-10.1,EX-10.1,https://www.sec.gov/Archives/edgar/data/1820190/000119312526347186/sclx-ex10_1.htm,False,
SCLX,2026-08-12 00:00:00,https://www.sec.gov/Archives/edgar/data/1820190/000119312526347186/0001193125-26-347186-index.htm,8-K,8-K,https://www.sec.gov/Archives/edgar/data/1820190/000119312526347186/sclx-20260808.htm,True,
SCLX,2026-08-12 00:00:00,https://www.sec.gov/Archives/edgar/data/1820190/000119312526347186/0001193125-26-347186-index.htm,EX-10.1,EX-10.1,https://www.sec.gov/Archives/edgar/data/1820190/000119312526347186/sclx-ex10_1.htm,False,
GMRS,2026-08-12 00:00:00,https://www.sec.gov/Archives/edgar/data/1898718/000110465926095027/0001104659-26-095027-index.htm,8-K,8-K,https://www.sec.gov/Archives/edgar/data/1898718/000110465926095027/gmrs-20260812x8k.htm,False,
GMRS,2026-08-12 00:00:00,https://www.sec.gov/Archives/edgar/data/1898718/000110465926095027/0001104659-26-095027-index.htm,EX-99.1,EX-99.1,https://www.sec.gov/Archives/edgar/data/1898718/000110465926095027/gmrs-20260812xex99d1.htm,True,
SOV,2026-08-12 00:00:00,https://www.sec.gov/Archives/edgar/data/811830/000081183026000032/0000811830-26-000032-index.htm,8-K,8-K,https://www.sec.gov/Archives/edgar/data/811830/000081183026000032/sov-20260812.htm,False,
SOV,2026-08-12 00:00:00,https://www.sec.gov/Archives/edgar/data/811830/000081183026000032/0000811830-26-000032-index.htm,EX-99.1,EX-99.1,https://www.sec.gov/Archives/edgar/data/811830/000081183026000032/a2q26shusafixedincomepre.htm,False,
None,2026-08-12 00:00:00,https://www.sec.gov/Archives/edgar/data/2119322/000143774926027384/0001437749-26-027384-index.htm,8-K,FORM 8-K,https://www.sec.gov/Archives/edgar/data/2119322/000143774926027384/desp20260812_8k.htm,False,
ARAI,2026-08-12 00:00:00,https://www.sec.gov/Archives/edgar/data/1818274/000149315226037434/0001493152-26-037434-index.htm,8-K,8-K,https://www.sec.gov/Archives/edgar/data/1818274/000149315226037434/form8-k.htm,True,
ARAI,2026-08-12 00:00:00,https://www.sec.gov/Archives/edgar/data/1818274/000149315226037434/0001493152-26-037434-index.htm,EX-10.1,EX-10.1,https://www.sec.gov/Archives/edgar/data/1818274/000149315226037434/ex10-1.htm,False,
WHK,2026-08-12 00:00:00,https://www.sec.gov/Archives/edgar/data/1921603/000119312526347160/0001193125-26-347160-index.htm,8-K,8-K,https://www.sec.gov/Archives/edgar/data/1921603/000119312526347160/whk-20260812.htm,True,
WHK,2026-08-12 00:00:00,https://www.sec.gov/Archives/edgar/data/1921603/000119312526347160/0001193125-26-347160-index.htm,EX-99.1,EX-99.1,https://www.sec.gov/Archives/edgar/data/1921603/000119312526347160/whk-ex99_1.htm,True,
VSH,2026-08-12 00:00:00,https://www.sec.gov/Archives/edgar/data/103730/000010373026000068/0000103730-26-000068-index.htm,8-K,CURRENT REPORT FILING,https://www.sec.gov/Archives/edgar/data/103730/000010373026000068/vsh-20260812.htm,False,
VSH,2026-08-12 00:00:00,https://www.sec.gov/Archives/edgar/data/103730/000010373026000068/0000103730-26-000068-index.htm,EX-99.1,EXHIBIT 99.1,https://www.sec.gov/Archives/edgar/data/103730/000010373026000068/exhibit99-1.htm,False,
SEZL,2026-08-12 00:00:00,https://www.sec.gov/Archives/edgar/data/1662991/000166299126000132/0001662991-26-000132-index.htm,8-K,8-K,https://www.sec.gov/Archives/edgar/data/1662991/000166299126000132/sezl-20260812.htm,False,
SEZL,2026-08-12 00:00:00,https://www.sec.gov/Archives/edgar/data/1662991/000166299126000132/0001662991-26-000132-index.htm,EX-99.1,EX-99.1,https://www.sec.gov/Archives/edgar/data/1662991/000166299126000132/sezl-20260812ex9901.htm,False,
SEZNL,2026-08-12 00:00:00,https://www.sec.gov/Archives/edgar/data/1662991/000166299126000132/0001662991-26-000132-index.htm,8-K,8-K,https://www.sec.gov/Archives/edgar/data/1662991/000166299126000132/sezl-20260812.htm,False,
SEZNL,2026-08-12 00:00:00,https://www.sec.gov/Archives/edgar/data/1662991/000166299126000132/0001662991-26-000132-index.htm,EX-99.1,EX-99.1,https://www.sec.gov/Archives/edgar/data/1662991/000166299126000132/sezl-20260812ex9901.htm,False,
TLSS,2026-08-12 00:00:00,https://www.sec.gov/Archives/edgar/data/1463208/000149315226037418/0001493152-26-037418-index.htm,8-K,8-K,https://www.sec.gov/Archives/edgar/data/1463208/000149315226037418/form8-k.htm,False,
FA,2026-08-12 00:00:00,https://www.sec.gov/Archives/edgar/data/1210677/000119312526347130/0001193125-26-347130-index.htm,8-K,8-K,https://www.sec.gov/Archives/edgar/data/1210677/000119312526347130/d149261d8k.htm,False,
FA,2026-08-12 00:00:00,https://www.sec.gov/Archives/edgar/data/1210677/000119312526347130/0001193125-26-347130-index.htm,EX-99.1,EX-99.1,https://www.sec.gov/Archives/edgar/data/1210677/000119312526347130/d149261dex991.htm,False,
MRMD,2026-08-12 00:00:00,https://www.sec.gov/Archives/edgar/data/1522767/000152276726000164/0001522767-26-000164-index.htm,8-K,8-K,https://www.sec.gov/Archives/edgar/data/1522767/000152276726000164/mrmd-20260812.htm,False,
MRMD,2026-08-12 00:00:00,https://www.sec.gov/Archives/edgar/data/1522767/000152276726000164/0001522767-26-000164-index.htm,EX-99.1,EX-99.1,https://www.sec.gov/Archives/edgar/data/1522767/000152276726000164/ex9918-kearningsq22026.htm,False,
None,2026-08-12 00:00:00,https://www.sec.gov/Archives/edgar/data/2026053/000119312526347123/0001193125-26-347123-index.htm,8-K,8-K,https://www.sec.gov/Archives/edgar/data/2026053/000119312526347123/ps-20260813.htm,False,
None,2026-08-12 00:00:00,https://www.sec.gov/Archives/edgar/data/2026053/000119312526347123/0001193125-26-347123-index.htm,EX-99.1,EX-99.1,https://www.sec.gov/Archives/edgar/data/2026053/000119312526347123/ps-ex99_1.htm,False,
None,2026-08-12 00:00:00,https://www.sec.gov/Archives/edgar/data/2026053/000119312526347123/0001193125-26-347123-index.htm,EX-99.1,PDF COURTESY COPY,https://www.sec.gov/Archives/edgar/data/2026053/000119312526347123/ps-ex99_1.pdf,False,
YETI,2026-08-12 00:00:00,https://www.sec.gov/Archives/edgar/data/1670592/000110465926095004/0001104659-26-095004-index.htm,8-K,FORM 8-K,https://www.sec.gov/Archives/edgar/data/1670592/000110465926095004/tm2623045d1_8k.htm,False,
CRS,2026-08-12 00:00:00,https://www.sec.gov/Archives/edgar/data/17843/000001784326000036/0000017843-26-000036-index.htm,8-K,8-K,https://www.sec.gov/Archives/edgar/data/17843/000001784326000036/crs-20260812.htm,False,
CRS,2026-08-12 00:00:00,https://www.sec.gov/Archives/edgar/data/17843/000001784326000036/0000017843-26-000036-index.htm,EX-99.1,EX-99.1,https://www.sec.gov/Archives/edgar/data/17843/000001784326000036/bodappointmentannouncement.htm,False,
MPTI,2026-08-12 00:00:00,https://www.sec.gov/Archives/edgar/data/1902314/000143774926027369/0001437749-26-027369-index.htm,8-K,FORM 8-K,https://www.sec.gov/Archives/edgar/data/1902314/000143774926027369/mpti20260706_8k.htm,False,
MPTI,2026-08-12 00:00:00,https://www.sec.gov/Archives/edgar/data/1902314/000143774926027369/0001437749-26-027369-index.htm,EX-99.1,EXHIBIT 99.1,https://www.sec.gov/Archives/edgar/data/1902314/000143774926027369/ex_984906.htm,False,
PDCC,2026-08-12 00:00:00,https://www.sec.gov/Archives/edgar/data/1998043/000121465926010005/0001214659-26-010005-index.htm,8-K,,https://www.sec.gov/Archives/edgar/data/1998043/000121465926010005/p8122668k.htm,False,
BYNOW,2026-08-12 00:00:00,https://www.sec.gov/Archives/edgar/data/1801417/000121390026088446/0001213900-26-088446-index.htm,8-K,CURRENT REPORT,https://www.sec.gov/Archives/edgar/data/1801417/000121390026088446/ea0301797-8k_bynordic.htm,False,
BYNOU,2026-08-12 00:00:00,https://www.sec.gov/Archives/edgar/data/1801417/000121390026088446/0001213900-26-088446-index.htm,8-K,CURRENT REPORT,https://www.sec.gov/Archives/edgar/data/1801417/000121390026088446/ea0301797-8k_bynordic.htm,False,
BYNO,2026-08-12 00:00:00,https://www.sec.gov/Archives/edgar/data/1801417/000121390026088446/0001213900-26-088446-index.htm,8-K,CURRENT REPORT,https://www.sec.gov/Archives/edgar/data/1801417/000121390026088446/ea0301797-8k_bynordic.htm,False,
BBGI,2026-08-12 00:00:00,https://www.sec.gov/Archives/edgar/data/1099160/000119312526347093/0001193125-26-347093-index.htm,8-K,8-K,https://www.sec.gov/Archives/edgar/data/1099160/000119312526347093/bbgi-20260812.htm,False,
BBGI,2026-08-12 00:00:00,https://www.sec.gov/Archives/edgar/data/1099160/000119312526347093/0001193125-26-347093-index.htm,EX-99.1,EX-99.1,https://www.sec.gov/Archives/edgar/data/1099160/000119312526347093/bbgi-ex99_1.htm,False,
ITHUF,2026-08-12 00:00:00,https://www.sec.gov/Archives/edgar/data/1643154/000119312526347094/0001193125-26-347094-index.htm,8-K,8-K,https://www.sec.gov/Archives/edgar/data/1643154/000119312526347094/ithuf-20260812.htm,True,
ITHUF,2026-08-12 00:00:00,https://www.sec.gov/Archives/edgar/data/1643154/000119312526347094/0001193125-26-347094-index.htm,EX-99.1,EX-99.1,https://www.sec.gov/Archives/edgar/data/1643154/000119312526347094/ithuf-ex99_1.htm,True,
SCHW-PD,2026-08-12 00:00:00,https://www.sec.gov/Archives/edgar/data/316709/000119312526347083/0001193125-26-347083-index.htm,8-K,8-K,https://www.sec.gov/Archives/edgar/data/316709/000119312526347083/d42452d8k.htm,False,
SCHW-PJ,2026-08-12 00:00:00,https://www.sec.gov/Archives/edgar/data/316709/000119312526347083/0001193125-26-347083-index.htm,8-K,8-K,https://www.sec.gov/Archives/edgar/data/316709/000119312526347083/d42452d8k.htm,False,
SCHW,2026-08-12 00:00:00,https://www.sec.gov/Archives/edgar/data/316709/000119312526347083/0001193125-26-347083-index.htm,8-K,8-K,https://www.sec.gov/Archives/edgar/data/316709/000119312526347083/d42452d8k.htm,False,
ORC,2026-08-12 00:00:00,https://www.sec.gov/Archives/edgar/data/1518621/000143774926027362/0001437749-26-027362-index.htm,8-K,FORM 8-K,https://www.sec.gov/Archives/edgar/data/1518621/000143774926027362/orc20260811_8k.htm,False,
ORC,2026-08-12 00:00:00,https://www.sec.gov/Archives/edgar/data/1518621/000143774926027362/0001437749-26-027362-index.htm,EX-99.1,EXHIBIT 99.1,https://www.sec.gov/Archives/edgar/data/1518621/000143774926027362/ex_1003139.htm,False,
DLPN,2026-08-12 00:00:00,https://www.sec.gov/Archives/edgar/data/1282224/000107997326001070/0001079973-26-001070-index.htm,8-K,FORM 8-K,https://www.sec.gov/Archives/edgar/data/1282224/000107997326001070/dlpn_8k-v2.htm,False,
DLPN,2026-08-12 00:00:00,https://www.sec.gov/Archives/edgar/data/1282224/000107997326001070/0001079973-26-001070-index.htm,EX-99.1,PRESS RELEASE,https://www.sec.gov/Archives/edgar/data/1282224/000107997326001070/ex99x1.htm,True,
TGEN,2026-08-12 00:00:00,https://www.sec.gov/Archives/edgar/data/1537435/000153743526000063/0001537435-26-000063-index.htm,8-K,8-K,https://www.sec.gov/Archives/edgar/data/1537435/000153743526000063/tgen-20260812.htm,False,
TGEN,2026-08-12 00:00:00,https://www.sec.gov/Archives/edgar/data/1537435/000153743526000063/0001537435-26-000063-index.htm,EX-99.1,EX-99.1,https://www.sec.gov/Archives/edgar/data/1537435/000153743526000063/tgenq22026earningsrelease.htm,False,
CURIW,2026-08-12 00:00:00,https://www.sec.gov/Archives/edgar/data/1776909/000162828026056318/0001628280-26-056318-index.htm,8-K,8-K,https://www.sec.gov/Archives/edgar/data/1776909/000162828026056318/curi-20260812.htm,False,
CURIW,2026-08-12 00:00:00,https://www.sec.gov/Archives/edgar/data/1776909/000162828026056318/0001628280-26-056318-index.htm,EX-99.1,EX-99.1,https://www.sec.gov/Archives/edgar/data/1776909/000162828026056318/pressrelease2q26qcuri-2026.htm,False,
CURI,2026-08-12 00:00:00,https://www.sec.gov/Archives/edgar/data/1776909/000162828026056318/0001628280-26-056318-index.htm,8-K,8-K,https://www.sec.gov/Archives/edgar/data/1776909/000162828026056318/curi-20260812.htm,False,
CURI,2026-08-12 00:00:00,https://www.sec.gov/Archives/edgar/data/1776909/000162828026056318/0001628280-26-056318-index.htm,EX-99.1,EX-99.1,https://www.sec.gov/Archives/edgar/data/1776909/000162828026056318/pressrelease2q26qcuri-2026.htm,False,
OSTX,2026-08-12 00:00:00,https://www.sec.gov/Archives/edgar/data/1795091/000121390026088435/0001213900-26-088435-index.htm,8-K,CURRENT REPORT,https://www.sec.gov/Archives/edgar/data/1795091/000121390026088435/ea0301485-8k_ostherapies.htm,True,
OSTX,2026-08-12 00:00:00,https://www.sec.gov/Archives/edgar/data/1795091/000121390026088435/0001213900-26-088435-index.htm,EX-10.1,FORM OF SECURITIES PURCHASE AGREEMENT,https://www.sec.gov/Archives/edgar/data/1795091/000121390026088435/ea030148501ex10-1.htm,True,
OSTX,2026-08-12 00:00:00,https://www.sec.gov/Archives/edgar/data/1795091/000121390026088435/0001213900-26-088435-index.htm,EX-10.2,"PLEDGE AND SECURITY AGREEMENT, DATED AS OF AUGUST 10, 2026, BY AND AMONG OS THER",https://www.sec.gov/Archives/edgar/data/1795091/000121390026088435/ea030148501ex10-2.htm,False,
RLGT,2026-08-12 00:00:00,https://www.sec.gov/Archives/edgar/data/1171155/000119312526347070/0001193125-26-347070-index.htm,8-K,8-K,https://www.sec.gov/Archives/edgar/data/1171155/000119312526347070/rlgt-20260807.htm,True,
RLGT,2026-08-12 00:00:00,https://www.sec.gov/Archives/edgar/data/1171155/000119312526347070/0001193125-26-347070-index.htm,EX-10.1,EX-10.1,https://www.sec.gov/Archives/edgar/data/1171155/000119312526347070/rlgt-ex10_1.htm,True,
RLGT,2026-08-12 00:00:00,https://www.sec.gov/Archives/edgar/data/1171155/000119312526347070/0001193125-26-347070-index.htm,EX-99.1,EX-99.1,https://www.sec.gov/Archives/edgar/data/1171155/000119312526347070/rlgt-ex99_1.htm,True,
AZTR,2026-08-12 00:00:00,https://www.sec.gov/Archives/edgar/data/1701478/000170147826000039/0001701478-26-000039-index.htm,8-K,8-K,https://www.sec.gov/Archives/edgar/data/1701478/000170147826000039/aztr-20260812.htm,False,
AZTR,2026-08-12 00:00:00,https://www.sec.gov/Archives/edgar/data/1701478/000170147826000039/0001701478-26-000039-index.htm,EX-99.1,EX-99.1,https://www.sec.gov/Archives/edgar/data/1701478/000170147826000039/aztrpressrelease6302026-ex.htm,False,
CNK,2026-08-12 00:00:00,https://www.sec.gov/Archives/edgar/data/1385280/000119312526347069/0001193125-26-347069-index.htm,8-K,8-K,https://www.sec.gov/Archives/edgar/data/885975/000119312526347069/cnk-20260812.htm,False,
CNK,2026-08-12 00:00:00,https://www.sec.gov/Archives/edgar/data/1385280/000119312526347069/0001193125-26-347069-index.htm,EX-99.1,EX-99.1,https://www.sec.gov/Archives/edgar/data/885975/000119312526347069/cnk-ex99_1.htm,False,
None,2026-08-12 00:00:00,https://www.sec.gov/Archives/edgar/data/885975/000119312526347069/0001193125-26-347069-index.htm,8-K,8-K,https://www.sec.gov/Archives/edgar/data/885975/000119312526347069/cnk-20260812.htm,False,
None,2026-08-12 00:00:00,https://www.sec.gov/Archives/edgar/data/885975/000119312526347069/0001193125-26-347069-index.htm,EX-99.1,EX-99.1,https://www.sec.gov/Archives/edgar/data/885975/000119312526347069/cnk-ex99_1.htm,False,
RDDT,2026-08-12 00:00:00,https://www.sec.gov/Archives/edgar/data/1713445/000171344526000107/0001713445-26-000107-index.htm,8-K,8-K,https://www.sec.gov/Archives/edgar/data/1713445/000171344526000107/rddt-20260812.htm,False,
MXC,2026-08-12 00:00:00,https://www.sec.gov/Archives/edgar/data/66418/000149315226037401/0001493152-26-037401-index.htm,8-K,8-K,https://www.sec.gov/Archives/edgar/data/66418/000149315226037401/form8-k.htm,False,
MXC,2026-08-12 00:00:00,https://www.sec.gov/Archives/edgar/data/66418/000149315226037401/0001493152-26-037401-index.htm,EX-99.1,EX-99.1,https://www.sec.gov/Archives/edgar/data/66418/000149315226037401/ex99-1.htm,False,
RVPH,2026-08-12 00:00:00,https://www.sec.gov/Archives/edgar/data/1742927/000143774926027356/0001437749-26-027356-index.htm,8-K,FORM 8-K,https://www.sec.gov/Archives/edgar/data/1742927/000143774926027356/rvph20260729_8k.htm,False,
RVPH,2026-08-12 00:00:00,https://www.sec.gov/Archives/edgar/data/1742927/000143774926027356/0001437749-26-027356-index.htm,EX-99.1,EXHIBIT 99.1,https://www.sec.gov/Archives/edgar/data/1742927/000143774926027356/ex_1003442.htm,False,
RVPHW,2026-08-12 00:00:00,https://www.sec.gov/Archives/edgar/data/1742927/000143774926027356/0001437749-26-027356-index.htm,8-K,FORM 8-K,https://www.sec.gov/Archives/edgar/data/1742927/000143774926027356/rvph20260729_8k.htm,False,
RVPHW,2026-08-12 00:00:00,https://www.sec.gov/Archives/edgar/data/1742927/000143774926027356/0001437749-26-027356-index.htm,EX-99.1,EXHIBIT 99.1,https://www.sec.gov/Archives/edgar/data/1742927/000143774926027356/ex_1003442.htm,False,
BNY,2026-08-12 00:00:00,https://www.sec.gov/Archives/edgar/data/1390777/000119312526347061/0001193125-26-347061-index.htm,8-K,8-K,https://www.sec.gov/Archives/edgar/data/1390777/000119312526347061/d175057d8k.htm,False,
BK,2026-08-12 00:00:00,https://www.sec.gov/Archives/edgar/data/1390777/000119312526347061/0001193125-26-347061-index.htm,8-K,8-K,https://www.sec.gov/Archives/edgar/data/1390777/000119312526347061/d175057d8k.htm,False,
ELLA,2026-08-12 00:00:00,https://www.sec.gov/Archives/edgar/data/1560672/000162828026056312/0001628280-26-056312-index.htm,8-K,8-K,https://www.sec.gov/Archives/edgar/data/1560672/000162828026056312/earn-20260812.htm,False,
ELLA,2026-08-12 00:00:00,https://www.sec.gov/Archives/edgar/data/1560672/000162828026056312/0001628280-26-056312-index.htm,EX-99.1,EX-99.1,https://www.sec.gov/Archives/edgar/data/1560672/000162828026056312/earnearningsrelease-june30.htm,True,
EARN,2026-08-12 00:00:00,https://www.sec.gov/Archives/edgar/data/1560672/000162828026056312/0001628280-26-056312-index.htm,8-K,8-K,https://www.sec.gov/Archives/edgar/data/1560672/000162828026056312/earn-20260812.htm,False,
EARN,2026-08-12 00:00:00,https://www.sec.gov/Archives/edgar/data/1560672/000162828026056312/0001628280-26-056312-index.htm,EX-99.1,EX-99.1,https://www.sec.gov/Archives/edgar/data/1560672/000162828026056312/earnearningsrelease-june30.htm,True,
BOXL,2026-08-12 00:00:00,https://www.sec.gov/Archives/edgar/data/1624512/000162828026056308/0001628280-26-056308-index.htm,8-K,8-K,https://www.sec.gov/Archives/edgar/data/1624512/000162828026056308/boxl-20260812.htm,False,
BOXL,2026-08-12 00:00:00,https://www.sec.gov/Archives/edgar/data/1624512/000162828026056308/0001628280-26-056308-index.htm,EX-99.1,EX-99.1,https://www.sec.gov/Archives/edgar/data/1624512/000162828026056308/boxl-earningsexx991xq22026.htm,True,
PARK,2026-08-12 00:00:00,https://www.sec.gov/Archives/edgar/data/2069604/000110465926094967/0001104659-26-094967-index.htm,8-K,8-K,https://www.sec.gov/Archives/edgar/data/2069604/000110465926094967/park-20260812x8k.htm,False,
PARK,2026-08-12 00:00:00,https://www.sec.gov/Archives/edgar/data/2069604/000110465926094967/0001104659-26-094967-index.htm,EX-99.1,EX-99.1,https://www.sec.gov/Archives/edgar/data/2069604/000110465926094967/park-20260812xex99d1.htm,False,
None,2026-08-12 00:00:00,https://www.sec.gov/Archives/edgar/data/1693736/000169373626000016/0001693736-26-000016-index.htm,8-K,8-K,https://www.sec.gov/Archives/edgar/data/1693736/000169373626000016/eqpt-20260812.htm,False,
None,2026-08-12 00:00:00,https://www.sec.gov/Archives/edgar/data/1693736/000169373626000016/0001693736-26-000016-index.htm,EX-99.1,EX-99.1,https://www.sec.gov/Archives/edgar/data/1693736/000169373626000016/a2q26earningsrelease.htm,True,
DFDV,2026-08-12 00:00:00,https://www.sec.gov/Archives/edgar/data/1805526/000180552626000052/0001805526-26-000052-index.htm,8-K,8-K,https://www.sec.gov/Archives/edgar/data/1805526/000180552626000052/dfdv-20260812.htm,False,
DFDV,2026-08-12 00:00:00,https://www.sec.gov/Archives/edgar/data/1805526/000180552626000052/0001805526-26-000052-index.htm,EX-99.1,EX-99.1,https://www.sec.gov/Archives/edgar/data/1805526/000180552626000052/dfdv-exx991_2q26.htm,False,
JNRV,2026-08-12 00:00:00,https://www.sec.gov/Archives/edgar/data/1805526/000180552626000052/0001805526-26-000052-index.htm,8-K,8-K,https://www.sec.gov/Archives/edgar/data/1805526/000180552626000052/dfdv-20260812.htm,False,
JNRV,2026-08-12 00:00:00,https://www.sec.gov/Archives/edgar/data/1805526/000180552626000052/0001805526-26-000052-index.htm,EX-99.1,EX-99.1,https://www.sec.gov/Archives/edgar/data/1805526/000180552626000052/dfdv-exx991_2q26.htm,False,
JNVR,2026-08-12 00:00:00,https://www.sec.gov/Archives/edgar/data/1805526/000180552626000052/0001805526-26-000052-index.htm,8-K,8-K,https://www.sec.gov/Archives/edgar/data/1805526/000180552626000052/dfdv-20260812.htm,False,
JNVR,2026-08-12 00:00:00,https://www.sec.gov/Archives/edgar/data/1805526/000180552626000052/0001805526-26-000052-index.htm,EX-99.1,EX-99.1,https://www.sec.gov/Archives/edgar/data/1805526/000180552626000052/dfdv-exx991_2q26.htm,False,
None,2026-08-12 00:00:00,https://www.sec.gov/Archives/edgar/data/2137965/000119312526347043/0001193125-26-347043-index.htm,8-K,8-K,https://www.sec.gov/Archives/edgar/data/2137965/000119312526347043/d943201d8k.htm,False,
None,2026-08-12 00:00:00,https://www.sec.gov/Archives/edgar/data/2137965/000119312526347043/0001193125-26-347043-index.htm,EX-99.1,EX-99.1,https://www.sec.gov/Archives/edgar/data/2137965/000119312526347043/d943201dex991.htm,False,
BRVO,2026-08-12 00:00:00,https://www.sec.gov/Archives/edgar/data/1444839/000109181826000119/0001091818-26-000119-index.htm,8-K,CURRENT REPORT,https://www.sec.gov/Archives/edgar/data/1444839/000109181826000119/brvo-08122026_8k.htm,False,
None,2026-08-12 00:00:00,https://www.sec.gov/Archives/edgar/data/1890107/000119312526347035/0001193125-26-347035-index.htm,8-K,8-K,https://www.sec.gov/Archives/edgar/data/1890107/000119312526347035/d155687d8k.htm,False,
XMAX,2026-08-12 00:00:00,https://www.sec.gov/Archives/edgar/data/1473334/000149315226037394/0001493152-26-037394-index.htm,8-K,8-K,https://www.sec.gov/Archives/edgar/data/1473334/000149315226037394/form8-k.htm,True,
XMAX,2026-08-12 00:00:00,https://www.sec.gov/Archives/edgar/data/1473334/000149315226037394/0001493152-26-037394-index.htm,EX-10.1,EX-10.1,https://www.sec.gov/Archives/edgar/data/1473334/000149315226037394/ex10-1.htm,False,
XWIN,2026-08-12 00:00:00,https://www.sec.gov/Archives/edgar/data/1473334/000149315226037394/0001493152-26-037394-index.htm,8-K,8-K,https://www.sec.gov/Archives/edgar/data/1473334/000149315226037394/form8-k.htm,True,
XWIN,2026-08-12 00:00:00,https://www.sec.gov/Archives/edgar/data/1473334/000149315226037394/0001493152-26-037394-index.htm,EX-10.1,EX-10.1,https://www.sec.gov/Archives/edgar/data/1473334/000149315226037394/ex10-1.htm,False,
NVFY,2026-08-12 00:00:00,https://www.sec.gov/Archives/edgar/data/1473334/000149315226037394/0001493152-26-037394-index.htm,8-K,8-K,https://www.sec.gov/Archives/edgar/data/1473334/000149315226037394/form8-k.htm,True,
NVFY,2026-08-12 00:00:00,https://www.sec.gov/Archives/edgar/data/1473334/000149315226037394/0001493152-26-037394-index.htm,EX-10.1,EX-10.1,https://www.sec.gov/Archives/edgar/data/1473334/000149315226037394/ex10-1.htm,False,
None,2026-08-12 00:00:00,https://www.sec.gov/Archives/edgar/data/2122392/000182912626008706/0001829126-26-008706-index.htm,8-K,8-K,https://www.sec.gov/Archives/edgar/data/2122392/000182912626008706/pelicanacq2_8k.htm,False,
None,2026-08-12 00:00:00,https://www.sec.gov/Archives/edgar/data/2122392/000182912626008706/0001829126-26-008706-index.htm,EX-99.1,EXHIBIT 99.1,https://www.sec.gov/Archives/edgar/data/2122392/000182912626008706/pelicanacq2_ex99-1.htm,False,
KE,2026-08-12 00:00:00,https://www.sec.gov/Archives/edgar/data/1606757/000160675726000030/0001606757-26-000030-index.htm,8-K,8-K,https://www.sec.gov/Archives/edgar/data/1606757/000160675726000030/ke-20260812.htm,False,
KE,2026-08-12 00:00:00,https://www.sec.gov/Archives/edgar/data/1606757/000160675726000030/0001606757-26-000030-index.htm,EX-99.1,"KIMBALL ELECTRONICS, INC. EX-99.1",https://www.sec.gov/Archives/edgar/data/1606757/000160675726000030/exhibit9918k6302026q410k.htm,False,
None,2026-08-12 00:00:00,https://www.sec.gov/Archives/edgar/data/1786471/000149315226037390/0001493152-26-037390-index.htm,8-K,8-K,https://www.sec.gov/Archives/edgar/data/1786471/000149315226037390/form8-k.htm,False,
None,2026-08-12 00:00:00,https://www.sec.gov/Archives/edgar/data/1786471/000149315226037390/0001493152-26-037390-index.htm,EX-99.1,EX-99.1,https://www.sec.gov/Archives/edgar/data/1786471/000149315226037390/ex99-1.htm,False,
JAN,2026-08-12 00:00:00,https://www.sec.gov/Archives/edgar/data/2100805/000110465926094947/0001104659-26-094947-index.htm,8-K,FORM 8-K,https://www.sec.gov/Archives/edgar/data/2100805/000110465926094947/tm2622964d1_8k.htm,True,
MYSZ,2026-08-12 00:00:00,https://www.sec.gov/Archives/edgar/data/1211805/000149315226037389/0001493152-26-037389-index.htm,8-K,8-K,https://www.sec.gov/Archives/edgar/data/1211805/000149315226037389/form8-k.htm,False,
MYSZ,2026-08-12 00:00:00,https://www.sec.gov/Archives/edgar/data/1211805/000149315226037389/0001493152-26-037389-index.htm,EX-99.1,EX-99.1,https://www.sec.gov/Archives/edgar/data/1211805/000149315226037389/ex99-1.htm,False,
None,2026-08-12 00:00:00,https://www.sec.gov/Archives/edgar/data/2023016/000121390026088411/0001213900-26-088411-index.htm,8-K,CURRENT REPORT,https://www.sec.gov/Archives/edgar/data/2023016/000121390026088411/ea0301772-8k_turn.htm,False,
None,2026-08-12 00:00:00,https://www.sec.gov/Archives/edgar/data/2023016/000121390026088411/0001213900-26-088411-index.htm,EX-99.1,"PRESS RELEASE, DATED AUGUST 12, 2026",https://www.sec.gov/Archives/edgar/data/2023016/000121390026088411/ea030177201ex99-1.htm,False,
DAIO,2026-08-12 00:00:00,https://www.sec.gov/Archives/edgar/data/351998/000165495426007525/0001654954-26-007525-index.htm,8-K,FORM 8-K,https://www.sec.gov/Archives/edgar/data/351998/000165495426007525/daio_8k.htm,False,
BATL,2026-08-12 00:00:00,https://www.sec.gov/Archives/edgar/data/1282648/000110465926094942/0001104659-26-094942-index.htm,8-K,8-K,https://www.sec.gov/Archives/edgar/data/1282648/000110465926094942/batl-20260812x8k.htm,False,
BATL,2026-08-12 00:00:00,https://www.sec.gov/Archives/edgar/data/1282648/000110465926094942/0001104659-26-094942-index.htm,EX-99.1,EX-99.1,https://www.sec.gov/Archives/edgar/data/1282648/000110465926094942/batl-20260812xex99d1.htm,True,
TZUP,2026-08-12 00:00:00,https://www.sec.gov/Archives/edgar/data/1853825/000149315226037386/0001493152-26-037386-index.htm,8-K,8-K,https://www.sec.gov/Archives/edgar/data/1853825/000149315226037386/form8-k.htm,False,
TZUP,2026-08-12 00:00:00,https://www.sec.gov/Archives/edgar/data/1853825/000149315226037386/0001493152-26-037386-index.htm,EX-99.1,EX-99.1,https://www.sec.gov/Archives/edgar/data/1853825/000149315226037386/ex99-1.htm,False,
ONBPO,2026-08-12 00:00:00,https://www.sec.gov/Archives/edgar/data/707179/000162828026056279/0001628280-26-056279-index.htm,8-K,8-K,https://www.sec.gov/Archives/edgar/data/707179/000162828026056279/onb-20260812.htm,False,
ONBPO,2026-08-12 00:00:00,https://www.sec.gov/Archives/edgar/data/707179/000162828026056279/0001628280-26-056279-index.htm,EX-99.1,EX-99.1,https://www.sec.gov/Archives/edgar/data/707179/000162828026056279/ex991dividendsannouncement.htm,False,
ONB,2026-08-12 00:00:00,https://www.sec.gov/Archives/edgar/data/707179/000162828026056279/0001628280-26-056279-index.htm,8-K,8-K,https://www.sec.gov/Archives/edgar/data/707179/000162828026056279/onb-20260812.htm,False,
ONB,2026-08-12 00:00:00,https://www.sec.gov/Archives/edgar/data/707179/000162828026056279/0001628280-26-056279-index.htm,EX-99.1,EX-99.1,https://www.sec.gov/Archives/edgar/data/707179/000162828026056279/ex991dividendsannouncement.htm,False,
ONBPP,2026-08-12 00:00:00,https://www.sec.gov/Archives/edgar/data/707179/000162828026056279/0001628280-26-056279-index.htm,8-K,8-K,https://www.sec.gov/Archives/edgar/data/707179/000162828026056279/onb-20260812.htm,False,
ONBPP,2026-08-12 00:00:00,https://www.sec.gov/Archives/edgar/data/707179/000162828026056279/0001628280-26-056279-index.htm,EX-99.1,EX-99.1,https://www.sec.gov/Archives/edgar/data/707179/000162828026056279/ex991dividendsannouncement.htm,False,
XL,2026-08-12 00:00:00,https://www.sec.gov/Archives/edgar/data/1772720/000162828026056280/0001628280-26-056280-index.htm,8-K,8-K,https://www.sec.gov/Archives/edgar/data/1772720/000162828026056280/spru-20260812.htm,False,
XL,2026-08-12 00:00:00,https://www.sec.gov/Archives/edgar/data/1772720/000162828026056280/0001628280-26-056280-index.htm,EX-99.1,EX-99.1,https://www.sec.gov/Archives/edgar/data/1772720/000162828026056280/spruearningsrelease-6302026.htm,False,
SPRU,2026-08-12 00:00:00,https://www.sec.gov/Archives/edgar/data/1772720/000162828026056280/0001628280-26-056280-index.htm,8-K,8-K,https://www.sec.gov/Archives/edgar/data/1772720/000162828026056280/spru-20260812.htm,False,
SPRU,2026-08-12 00:00:00,https://www.sec.gov/Archives/edgar/data/1772720/000162828026056280/0001628280-26-056280-index.htm,EX-99.1,EX-99.1,https://www.sec.gov/Archives/edgar/data/1772720/000162828026056280/spruearningsrelease-6302026.htm,False,
KTB,2026-08-12 00:00:00,https://www.sec.gov/Archives/edgar/data/1760965/000176096526000057/0001760965-26-000057-index.htm,8-K,8-K,https://www.sec.gov/Archives/edgar/data/1760965/000176096526000057/ktb-20260812.htm,False,
WKHS,2026-08-12 00:00:00,https://www.sec.gov/Archives/edgar/data/1425287/000162828026056273/0001628280-26-056273-index.htm,8-K,8-K,https://www.sec.gov/Archives/edgar/data/1425287/000162828026056273/wkhs-20260811.htm,True,
WKHS,2026-08-12 00:00:00,https://www.sec.gov/Archives/edgar/data/1425287/000162828026056273/0001628280-26-056273-index.htm,EX-10.1,EX-10.1,https://www.sec.gov/Archives/edgar/data/1425287/000162828026056273/ex-101projectmotorxamendme.htm,True,
WKHS,2026-08-12 00:00:00,https://www.sec.gov/Archives/edgar/data/1425287/000162828026056273/0001628280-26-056273-index.htm,EX-10.2,EX-10.2,https://www.sec.gov/Archives/edgar/data/1425287/000162828026056273/ex-102workhorsexwarrantfin.htm,True,
DRCTW,2026-08-12 00:00:00,https://www.sec.gov/Archives/edgar/data/1880613/000188061326000095/0001880613-26-000095-index.htm,8-K,8-K,https://www.sec.gov/Archives/edgar/data/1880613/000188061326000095/drct-20260812.htm,False,
DRCTW,2026-08-12 00:00:00,https://www.sec.gov/Archives/edgar/data/1880613/000188061326000095/0001880613-26-000095-index.htm,EX-99.1,EX-99.1,https://www.sec.gov/Archives/edgar/data/1880613/000188061326000095/drct-earningsreleaseq226xe.htm,False,
DRCT,2026-08-12 00:00:00,https://www.sec.gov/Archives/edgar/data/1880613/000188061326000095/0001880613-26-000095-index.htm,8-K,8-K,https://www.sec.gov/Archives/edgar/data/1880613/000188061326000095/drct-20260812.htm,False,
DRCT,2026-08-12 00:00:00,https://www.sec.gov/Archives/edgar/data/1880613/000188061326000095/0001880613-26-000095-index.htm,EX-99.1,EX-99.1,https://www.sec.gov/Archives/edgar/data/1880613/000188061326000095/drct-earningsreleaseq226xe.htm,False,
None,2026-08-12 00:00:00,https://www.sec.gov/Archives/edgar/data/1692951/000169295126000137/0001692951-26-000137-index.htm,8-K,8-K CCI CONVERTIBLE PREF OFFERING UPDATE 8.12.26,https://www.sec.gov/Archives/edgar/data/1692951/000169295126000137/cci-20260806.htm,False,
None,2026-08-12 00:00:00,https://www.sec.gov/Archives/edgar/data/1920453/000119312526346985/0001193125-26-346985-index.htm,8-K,8-K,https://www.sec.gov/Archives/edgar/data/1920453/000119312526346985/ck0001920453-20260812.htm,False,
None,2026-08-12 00:00:00,https://www.sec.gov/Archives/edgar/data/1920453/000119312526346985/0001193125-26-346985-index.htm,EX-99.1,EX-99.1,https://www.sec.gov/Archives/edgar/data/1920453/000119312526346985/ck0001920453-ex99_1.htm,False,
PHIN,2026-08-12 00:00:00,https://www.sec.gov/Archives/edgar/data/1968915/000196891526000115/0001968915-26-000115-index.htm,8-K,8-K,https://www.sec.gov/Archives/edgar/data/1968915/000196891526000115/phin-20260806.htm,False,
BWB,2026-08-12 00:00:00,https://www.sec.gov/Archives/edgar/data/1341317/000110465926094932/0001104659-26-094932-index.htm,8-K,8-K,https://www.sec.gov/Archives/edgar/data/1341317/000110465926094932/bwb-20260812x8k.htm,False,
BWB,2026-08-12 00:00:00,https://www.sec.gov/Archives/edgar/data/1341317/000110465926094932/0001104659-26-094932-index.htm,EX-99.1,EX-99.1,https://www.sec.gov/Archives/edgar/data/1341317/000110465926094932/bwb-20260812xex99d1.htm,True,
BWBBP,2026-08-12 00:00:00,https://www.sec.gov/Archives/edgar/data/1341317/000110465926094932/0001104659-26-094932-index.htm,8-K,8-K,https://www.sec.gov/Archives/edgar/data/1341317/000110465926094932/bwb-20260812x8k.htm,False,
BWBBP,2026-08-12 00:00:00,https://www.sec.gov/Archives/edgar/data/1341317/000110465926094932/0001104659-26-094932-index.htm,EX-99.1,EX-99.1,https://www.sec.gov/Archives/edgar/data/1341317/000110465926094932/bwb-20260812xex99d1.htm,True,
CRWS,2026-08-12 00:00:00,https://www.sec.gov/Archives/edgar/data/25895/000143774926027336/0001437749-26-027336-index.htm,8-K,FORM 8-K,https://www.sec.gov/Archives/edgar/data/25895/000143774926027336/crws20260807_8k.htm,False,
CRWS,2026-08-12 00:00:00,https://www.sec.gov/Archives/edgar/data/25895/000143774926027336/0001437749-26-027336-index.htm,EX-99.1,EXHIBIT 99.1,https://www.sec.gov/Archives/edgar/data/25895/000143774926027336/ex_1001300.htm,False,
AVB,2026-08-12 00:00:00,https://www.sec.gov/Archives/edgar/data/915912/000110465926094930/0001104659-26-094930-index.htm,8-K,FORM 8-K,https://www.sec.gov/Archives/edgar/data/915912/000110465926094930/tm2622947d1_8k.htm,False,
AVB,2026-08-12 00:00:00,https://www.sec.gov/Archives/edgar/data/915912/000110465926094930/0001104659-26-094930-index.htm,EX-99.1,EXHIBIT 99.1,https://www.sec.gov/Archives/edgar/data/915912/000110465926094930/tm2622947d1_ex99-1.htm,False,
STEM,2026-08-12 00:00:00,https://www.sec.gov/Archives/edgar/data/1758766/000175876626000078/0001758766-26-000078-index.htm,8-K,8-K,https://www.sec.gov/Archives/edgar/data/1758766/000175876626000078/stem-20260812.htm,False,
EQR,2026-08-12 00:00:00,https://www.sec.gov/Archives/edgar/data/906107/000114036126032504/0001140361-26-032504-index.htm,8-K,8-K,https://www.sec.gov/Archives/edgar/data/906107/000114036126032504/ef20080049_8k.htm,False,
EQR,2026-08-12 00:00:00,https://www.sec.gov/Archives/edgar/data/906107/000114036126032504/0001140361-26-032504-index.htm,EX-99.1,EXHIBIT 99.1,https://www.sec.gov/Archives/edgar/data/906107/000114036126032504/ef20080049_ex99-1.htm,False,
NUBIW,2026-08-12 00:00:00,https://www.sec.gov/Archives/edgar/data/1881551/000121390026088394/0001213900-26-088394-index.htm,8-K,CURRENT REPORT,https://www.sec.gov/Archives/edgar/data/1881551/000121390026088394/ea0301771-8k_solidion.htm,False,
NUBIW,2026-08-12 00:00:00,https://www.sec.gov/Archives/edgar/data/1881551/000121390026088394/0001213900-26-088394-index.htm,EX-99.1,"PRESS RELEASE, DATED AUGUST 6, 2026",https://www.sec.gov/Archives/edgar/data/1881551/000121390026088394/ea030177101ex99-1.htm,False,
NUBI,2026-08-12 00:00:00,https://www.sec.gov/Archives/edgar/data/1881551/000121390026088394/0001213900-26-088394-index.htm,8-K,CURRENT REPORT,https://www.sec.gov/Archives/edgar/data/1881551/000121390026088394/ea0301771-8k_solidion.htm,False,
NUBI,2026-08-12 00:00:00,https://www.sec.gov/Archives/edgar/data/1881551/000121390026088394/0001213900-26-088394-index.htm,EX-99.1,"PRESS RELEASE, DATED AUGUST 6, 2026",https://www.sec.gov/Archives/edgar/data/1881551/000121390026088394/ea030177101ex99-1.htm,False,
STI,2026-08-12 00:00:00,https://www.sec.gov/Archives/edgar/data/1881551/000121390026088394/0001213900-26-088394-index.htm,8-K,CURRENT REPORT,https://www.sec.gov/Archives/edgar/data/1881551/000121390026088394/ea0301771-8k_solidion.htm,False,
STI,2026-08-12 00:00:00,https://www.sec.gov/Archives/edgar/data/1881551/000121390026088394/0001213900-26-088394-index.htm,EX-99.1,"PRESS RELEASE, DATED AUGUST 6, 2026",https://www.sec.gov/Archives/edgar/data/1881551/000121390026088394/ea030177101ex99-1.htm,False,
NUBIU,2026-08-12 00:00:00,https://www.sec.gov/Archives/edgar/data/1881551/000121390026088394/0001213900-26-088394-index.htm,8-K,CURRENT REPORT,https://www.sec.gov/Archives/edgar/data/1881551/000121390026088394/ea0301771-8k_solidion.htm,False,
NUBIU,2026-08-12 00:00:00,https://www.sec.gov/Archives/edgar/data/1881551/000121390026088394/0001213900-26-088394-index.htm,EX-99.1,"PRESS RELEASE, DATED AUGUST 6, 2026",https://www.sec.gov/Archives/edgar/data/1881551/000121390026088394/ea030177101ex99-1.htm,False,
OCLT,2026-08-12 00:00:00,https://www.sec.gov/Archives/edgar/data/2137679/000182912626008704/0001829126-26-008704-index.htm,8-K,8-K,https://www.sec.gov/Archives/edgar/data/2137679/000182912626008704/oceanlightacq_8k.htm,True,
OCLT,2026-08-12 00:00:00,https://www.sec.gov/Archives/edgar/data/2137679/000182912626008704/0001829126-26-008704-index.htm,EX-10.1,EXHIBIT 10.1,https://www.sec.gov/Archives/edgar/data/2137679/000182912626008704/oceanlightacq_ex10-1.htm,False,
OCLT,2026-08-12 00:00:00,https://www.sec.gov/Archives/edgar/data/2137679/000182912626008704/0001829126-26-008704-index.htm,EX-10.2,EXHIBIT 10.2,https://www.sec.gov/Archives/edgar/data/2137679/000182912626008704/oceanlightacq_ex10-2.htm,False,
OCLT,2026-08-12 00:00:00,https://www.sec.gov/Archives/edgar/data/2137679/000182912626008704/0001829126-26-008704-index.htm,EX-99.1,EXHIBIT 99.1,https://www.sec.gov/Archives/edgar/data/2137679/000182912626008704/oceanlightacq_ex99-1.htm,False,
SSMR,2026-08-12 00:00:00,https://www.sec.gov/Archives/edgar/data/2091017/000162828026056253/0001628280-26-056253-index.htm,8-K,8-K,https://www.sec.gov/Archives/edgar/data/2091017/000162828026056253/ssmr-20260812.htm,False,
SSMR,2026-08-12 00:00:00,https://www.sec.gov/Archives/edgar/data/2091017/000162828026056253/0001628280-26-056253-index.htm,EX-99.1,EX-99.1,https://www.sec.gov/Archives/edgar/data/2091017/000162828026056253/ssmr2q2026resultspressrele.htm,False,
LESL,2026-08-12 00:00:00,https://www.sec.gov/Archives/edgar/data/1821806/000119312526346961/0001193125-26-346961-index.htm,8-K,8-K,https://www.sec.gov/Archives/edgar/data/1821806/000119312526346961/lesl-20260812.htm,False,
LESL,2026-08-12 00:00:00,https://www.sec.gov/Archives/edgar/data/1821806/000119312526346961/0001193125-26-346961-index.htm,EX-99.1,EX-99.1,https://www.sec.gov/Archives/edgar/data/1821806/000119312526346961/lesl-ex99_1.htm,True,
DATSW,2026-08-12 00:00:00,https://www.sec.gov/Archives/edgar/data/1648960/000121390026088393/0001213900-26-088393-index.htm,8-K,CURRENT REPORT,https://www.sec.gov/Archives/edgar/data/1648960/000121390026088393/ea0301665-8k_myseum.htm,False,
DATSW,2026-08-12 00:00:00,https://www.sec.gov/Archives/edgar/data/1648960/000121390026088393/0001213900-26-088393-index.htm,EX-99.1,"PRESS RELEASE DATED AUGUST 11, 2026",https://www.sec.gov/Archives/edgar/data/1648960/000121390026088393/ea030166501ex99-1.htm,False,
MYSE,2026-08-12 00:00:00,https://www.sec.gov/Archives/edgar/data/1648960/000121390026088393/0001213900-26-088393-index.htm,8-K,CURRENT REPORT,https://www.sec.gov/Archives/edgar/data/1648960/000121390026088393/ea0301665-8k_myseum.htm,False,
MYSE,2026-08-12 00:00:00,https://www.sec.gov/Archives/edgar/data/1648960/000121390026088393/0001213900-26-088393-index.htm,EX-99.1,"PRESS RELEASE DATED AUGUST 11, 2026",https://www.sec.gov/Archives/edgar/data/1648960/000121390026088393/ea030166501ex99-1.htm,False,
DATS,2026-08-12 00:00:00,https://www.sec.gov/Archives/edgar/data/1648960/000121390026088393/0001213900-26-088393-index.htm,8-K,CURRENT REPORT,https://www.sec.gov/Archives/edgar/data/1648960/000121390026088393/ea0301665-8k_myseum.htm,False,
DATS,2026-08-12 00:00:00,https://www.sec.gov/Archives/edgar/data/1648960/000121390026088393/0001213900-26-088393-index.htm,EX-99.1,"PRESS RELEASE DATED AUGUST 11, 2026",https://www.sec.gov/Archives/edgar/data/1648960/000121390026088393/ea030166501ex99-1.htm,False,
PETS,2026-08-12 00:00:00,https://www.sec.gov/Archives/edgar/data/1040130/000104013026000036/0001040130-26-000036-index.htm,8-K,8-K,https://www.sec.gov/Archives/edgar/data/1040130/000104013026000036/pets-20260811.htm,False,
PETS,2026-08-12 00:00:00,https://www.sec.gov/Archives/edgar/data/1040130/000104013026000036/0001040130-26-000036-index.htm,EX-10.1,EX-10.1,https://www.sec.gov/Archives/edgar/data/1040130/000104013026000036/pets-2024omnibusincentiv.htm,False,
None,2026-08-12 00:00:00,https://www.sec.gov/Archives/edgar/data/1337634/000162828026056250/0001628280-26-056250-index.htm,8-K,8-K,https://www.sec.gov/Archives/edgar/data/1337634/000162828026056250/stub-20260812.htm,False,
None,2026-08-12 00:00:00,https://www.sec.gov/Archives/edgar/data/1337634/000162828026056250/0001628280-26-056250-index.htm,EX-99.1,EX-99.1,https://www.sec.gov/Archives/edgar/data/1337634/000162828026056250/q22026stubhubearningsrelea.htm,True,
AGM-PC,2026-08-12 00:00:00,https://www.sec.gov/Archives/edgar/data/845877/000084587726000125/0000845877-26-000125-index.htm,8-K,8-K,https://www.sec.gov/Archives/edgar/data/845877/000084587726000125/agm-20260812.htm,False,
AGM-A,2026-08-12 00:00:00,https://www.sec.gov/Archives/edgar/data/845877/000084587726000125/0000845877-26-000125-index.htm,8-K,8-K,https://www.sec.gov/Archives/edgar/data/845877/000084587726000125/agm-20260812.htm,False,
AGM-PG,2026-08-12 00:00:00,https://www.sec.gov/Archives/edgar/data/845877/000084587726000125/0000845877-26-000125-index.htm,8-K,8-K,https://www.sec.gov/Archives/edgar/data/845877/000084587726000125/agm-20260812.htm,False,
AGM,2026-08-12 00:00:00,https://www.sec.gov/Archives/edgar/data/845877/000084587726000125/0000845877-26-000125-index.htm,8-K,8-K,https://www.sec.gov/Archives/edgar/data/845877/000084587726000125/agm-20260812.htm,False,
AGM-PD,2026-08-12 00:00:00,https://www.sec.gov/Archives/edgar/data/845877/000084587726000125/0000845877-26-000125-index.htm,8-K,8-K,https://www.sec.gov/Archives/edgar/data/845877/000084587726000125/agm-20260812.htm,False,
AGM-PE,2026-08-12 00:00:00,https://www.sec.gov/Archives/edgar/data/845877/000084587726000125/0000845877-26-000125-index.htm,8-K,8-K,https://www.sec.gov/Archives/edgar/data/845877/000084587726000125/agm-20260812.htm,False,
AGM-PF,2026-08-12 00:00:00,https://www.sec.gov/Archives/edgar/data/845877/000084587726000125/0000845877-26-000125-index.htm,8-K,8-K,https://www.sec.gov/Archives/edgar/data/845877/000084587726000125/agm-20260812.htm,False,
TALKW,2026-08-12 00:00:00,https://www.sec.gov/Archives/edgar/data/1803901/000095015726000882/0000950157-26-000882-index.htm,8-K,CURRENT REPORT,https://www.sec.gov/Archives/edgar/data/1803901/000095015726000882/form8-k.htm,False,
TALK,2026-08-12 00:00:00,https://www.sec.gov/Archives/edgar/data/1803901/000095015726000882/0000950157-26-000882-index.htm,8-K,CURRENT REPORT,https://www.sec.gov/Archives/edgar/data/1803901/000095015726000882/form8-k.htm,False,
HECCU,2026-08-12 00:00:00,https://www.sec.gov/Archives/edgar/data/1803901/000095015726000882/0000950157-26-000882-index.htm,8-K,CURRENT REPORT,https://www.sec.gov/Archives/edgar/data/1803901/000095015726000882/form8-k.htm,False,
HECCW,2026-08-12 00:00:00,https://www.sec.gov/Archives/edgar/data/1803901/000095015726000882/0000950157-26-000882-index.htm,8-K,CURRENT REPORT,https://www.sec.gov/Archives/edgar/data/1803901/000095015726000882/form8-k.htm,False,
BCDAW,2026-08-12 00:00:00,https://www.sec.gov/Archives/edgar/data/925741/000143774926027332/0001437749-26-027332-index.htm,8-K,FORM 8-K,https://www.sec.gov/Archives/edgar/data/925741/000143774926027332/bcda20260812_8k.htm,False,
BCDAW,2026-08-12 00:00:00,https://www.sec.gov/Archives/edgar/data/925741/000143774926027332/0001437749-26-027332-index.htm,EX-99.1,EXHIBIT 99.1,https://www.sec.gov/Archives/edgar/data/925741/000143774926027332/ex_1003417.htm,False,
BCDA,2026-08-12 00:00:00,https://www.sec.gov/Archives/edgar/data/925741/000143774926027332/0001437749-26-027332-index.htm,8-K,FORM 8-K,https://www.sec.gov/Archives/edgar/data/925741/000143774926027332/bcda20260812_8k.htm,False,
BCDA,2026-08-12 00:00:00,https://www.sec.gov/Archives/edgar/data/925741/000143774926027332/0001437749-26-027332-index.htm,EX-99.1,EXHIBIT 99.1,https://www.sec.gov/Archives/edgar/data/925741/000143774926027332/ex_1003417.htm,False,
STT,2026-08-12 00:00:00,https://www.sec.gov/Archives/edgar/data/93751/000119312526346938/0001193125-26-346938-index.htm,8-K,8-K,https://www.sec.gov/Archives/edgar/data/93751/000119312526346938/d167699d8k.htm,False,
STT-PG,2026-08-12 00:00:00,https://www.sec.gov/Archives/edgar/data/93751/000119312526346938/0001193125-26-346938-index.htm,8-K,8-K,https://www.sec.gov/Archives/edgar/data/93751/000119312526346938/d167699d8k.htm,False,
STT-PD,2026-08-12 00:00:00,https://www.sec.gov/Archives/edgar/data/93751/000119312526346938/0001193125-26-346938-index.htm,8-K,8-K,https://www.sec.gov/Archives/edgar/data/93751/000119312526346938/d167699d8k.htm,False,
PLNHF,2026-08-12 00:00:00,https://www.sec.gov/Archives/edgar/data/1813452/000143774926027327/0001437749-26-027327-index.htm,8-K,FORM 8-K,https://www.sec.gov/Archives/edgar/data/1813452/000143774926027327/plnh20260522_8k.htm,False,
PLNHF,2026-08-12 00:00:00,https://www.sec.gov/Archives/edgar/data/1813452/000143774926027327/0001437749-26-027327-index.htm,EX-99.1,EXHIBIT 99.1,https://www.sec.gov/Archives/edgar/data/1813452/000143774926027327/ex_967140.htm,False,
PLNH,2026-08-12 00:00:00,https://www.sec.gov/Archives/edgar/data/1813452/000143774926027327/0001437749-26-027327-index.htm,8-K,FORM 8-K,https://www.sec.gov/Archives/edgar/data/1813452/000143774926027327/plnh20260522_8k.htm,False,
PLNH,2026-08-12 00:00:00,https://www.sec.gov/Archives/edgar/data/1813452/000143774926027327/0001437749-26-027327-index.htm,EX-99.1,EXHIBIT 99.1,https://www.sec.gov/Archives/edgar/data/1813452/000143774926027327/ex_967140.htm,False,
FGIWW,2026-08-12 00:00:00,https://www.sec.gov/Archives/edgar/data/1864943/000162828026056242/0001628280-26-056242-index.htm,8-K,8-K,https://www.sec.gov/Archives/edgar/data/1864943/000162828026056242/fgi-20260812.htm,False,
FGIWW,2026-08-12 00:00:00,https://www.sec.gov/Archives/edgar/data/1864943/000162828026056242/0001628280-26-056242-index.htm,EX-99.1,EX-99.1,https://www.sec.gov/Archives/edgar/data/1864943/000162828026056242/fgi-202608xex99x1.htm,True,
FGI,2026-08-12 00:00:00,https://www.sec.gov/Archives/edgar/data/1864943/000162828026056242/0001628280-26-056242-index.htm,8-K,8-K,https://www.sec.gov/Archives/edgar/data/1864943/000162828026056242/fgi-20260812.htm,False,
FGI,2026-08-12 00:00:00,https://www.sec.gov/Archives/edgar/data/1864943/000162828026056242/0001628280-26-056242-index.htm,EX-99.1,EX-99.1,https://www.sec.gov/Archives/edgar/data/1864943/000162828026056242/fgi-202608xex99x1.htm,True,
FOSLL,2026-08-12 00:00:00,https://www.sec.gov/Archives/edgar/data/883569/000088356926000052/0000883569-26-000052-index.htm,8-K,8-K,https://www.sec.gov/Archives/edgar/data/883569/000088356926000052/fosl-20260812.htm,False,
FOSLL,2026-08-12 00:00:00,https://www.sec.gov/Archives/edgar/data/883569/000088356926000052/0000883569-26-000052-index.htm,EX-99.1,EX-99.1,https://www.sec.gov/Archives/edgar/data/883569/000088356926000052/q22026ex991.htm,True,
FOSL,2026-08-12 00:00:00,https://www.sec.gov/Archives/edgar/data/883569/000088356926000052/0000883569-26-000052-index.htm,8-K,8-K,https://www.sec.gov/Archives/edgar/data/883569/000088356926000052/fosl-20260812.htm,False,
FOSL,2026-08-12 00:00:00,https://www.sec.gov/Archives/edgar/data/883569/000088356926000052/0000883569-26-000052-index.htm,EX-99.1,EX-99.1,https://www.sec.gov/Archives/edgar/data/883569/000088356926000052/q22026ex991.htm,True,
None,2026-08-12 00:00:00,https://www.sec.gov/Archives/edgar/data/1911066/000162828026056227/0001628280-26-056227-index.htm,8-K,8-K,https://www.sec.gov/Archives/edgar/data/1911066/000162828026056227/ncpif-20260806.htm,True,
None,2026-08-12 00:00:00,https://www.sec.gov/Archives/edgar/data/1911066/000162828026056227/0001628280-26-056227-index.htm,EX-10.1,EX-10.1,https://www.sec.gov/Archives/edgar/data/1911066/000162828026056227/exhibit101-ncpcifspvvixw.htm,True,
None,2026-08-12 00:00:00,https://www.sec.gov/Archives/edgar/data/1911066/000162828026056227/0001628280-26-056227-index.htm,EX-10.2,EX-10.2,https://www.sec.gov/Archives/edgar/data/1911066/000162828026056227/exhibit102-churchillbdcv.htm,True,
CTRI,2026-08-12 00:00:00,https://www.sec.gov/Archives/edgar/data/1981599/000198159926000108/0001981599-26-000108-index.htm,8-K,8-K,https://www.sec.gov/Archives/edgar/data/1981599/000198159926000108/ctri-20260812.htm,False,
CTRI,2026-08-12 00:00:00,https://www.sec.gov/Archives/edgar/data/1981599/000198159926000108/0001981599-26-000108-index.htm,EX-10.1,EX-10.1,https://www.sec.gov/Archives/edgar/data/1981599/000198159926000108/exhibit101filed08122026.htm,False,
CTRI,2026-08-12 00:00:00,https://www.sec.gov/Archives/edgar/data/1981599/000198159926000108/0001981599-26-000108-index.htm,EX-99.1,EX-99.1,https://www.sec.gov/Archives/edgar/data/1981599/000198159926000108/exhibit991filed08122026.htm,False,
KLRA,2026-08-12 00:00:00,https://www.sec.gov/Archives/edgar/data/2096997/000119312526346919/0001193125-26-346919-index.htm,8-K,8-K,https://www.sec.gov/Archives/edgar/data/2096997/000119312526346919/ck0002096997-20260812.htm,False,
KLRA,2026-08-12 00:00:00,https://www.sec.gov/Archives/edgar/data/2096997/000119312526346919/0001193125-26-346919-index.htm,EX-99.1,EX-99.1,https://www.sec.gov/Archives/edgar/data/2096997/000119312526346919/ck0002096997-ex99_1.htm,False,
UMAC,2026-08-12 00:00:00,https://www.sec.gov/Archives/edgar/data/1956955/000168316826006280/0001683168-26-006280-index.htm,8-K,CURRENT REPORT,https://www.sec.gov/Archives/edgar/data/1956955/000168316826006280/umac_8k.htm,False,
RHP,2026-08-12 00:00:00,https://www.sec.gov/Archives/edgar/data/1040829/000110465926094901/0001104659-26-094901-index.htm,8-K,FORM 8-K,https://www.sec.gov/Archives/edgar/data/1040829/000110465926094901/tm2622522d6_8k.htm,True,
MCHX,2026-08-12 00:00:00,https://www.sec.gov/Archives/edgar/data/1224133/000119312526346915/0001193125-26-346915-index.htm,8-K,8-K,https://www.sec.gov/Archives/edgar/data/1224133/000119312526346915/mchx-20260812.htm,False,
MCHX,2026-08-12 00:00:00,https://www.sec.gov/Archives/edgar/data/1224133/000119312526346915/0001193125-26-346915-index.htm,EX-99.1,EX-99.1,https://www.sec.gov/Archives/edgar/data/1224133/000119312526346915/mchx-ex99_1.htm,False,
MCO,2026-08-12 00:00:00,https://www.sec.gov/Archives/edgar/data/1059556/000105955626000038/0001059556-26-000038-index.htm,8-K,8-K,https://www.sec.gov/Archives/edgar/data/1059556/000105955626000038/mco-20260811.htm,False,
MCO,2026-08-12 00:00:00,https://www.sec.gov/Archives/edgar/data/1059556/000105955626000038/0001059556-26-000038-index.htm,EX-99.1,EX-99.1,https://www.sec.gov/Archives/edgar/data/1059556/000105955626000038/augustpressrelease.htm,False,
MLM,2026-08-12 00:00:00,https://www.sec.gov/Archives/edgar/data/916076/000119312526346914/0001193125-26-346914-index.htm,8-K,8-K,https://www.sec.gov/Archives/edgar/data/916076/000119312526346914/d149482d8k.htm,True,
MLM,2026-08-12 00:00:00,https://www.sec.gov/Archives/edgar/data/916076/000119312526346914/0001193125-26-346914-index.htm,EX-99.1,EX-99.1,https://www.sec.gov/Archives/edgar/data/916076/000119312526346914/d149482dex991.htm,True,
INVE,2026-08-12 00:00:00,https://www.sec.gov/Archives/edgar/data/1036044/000119312526346913/0001193125-26-346913-index.htm,8-K,8-K,https://www.sec.gov/Archives/edgar/data/1036044/000119312526346913/d126247d8k.htm,False,
INVE,2026-08-12 00:00:00,https://www.sec.gov/Archives/edgar/data/1036044/000119312526346913/0001193125-26-346913-index.htm,EX-99.1,EX-99.1,https://www.sec.gov/Archives/edgar/data/1036044/000119312526346913/d126247dex991.htm,False,
CCCXU,2026-08-12 00:00:00,https://www.sec.gov/Archives/edgar/data/2007825/000162828026056222/0001628280-26-056222-index.htm,8-K,8-K,https://www.sec.gov/Archives/edgar/data/2007825/000162828026056222/infq-20260812.htm,False,
CCCXU,2026-08-12 00:00:00,https://www.sec.gov/Archives/edgar/data/2007825/000162828026056222/0001628280-26-056222-index.htm,EX-99.1,EX-99.1,https://www.sec.gov/Archives/edgar/data/2007825/000162828026056222/infq-20260630xex991.htm,False,
INFQ,2026-08-12 00:00:00,https://www.sec.gov/Archives/edgar/data/2007825/000162828026056222/0001628280-26-056222-index.htm,8-K,8-K,https://www.sec.gov/Archives/edgar/data/2007825/000162828026056222/infq-20260812.htm,False,
INFQ,2026-08-12 00:00:00,https://www.sec.gov/Archives/edgar/data/2007825/000162828026056222/0001628280-26-056222-index.htm,EX-99.1,EX-99.1,https://www.sec.gov/Archives/edgar/data/2007825/000162828026056222/infq-20260630xex991.htm,False,
CCCX,2026-08-12 00:00:00,https://www.sec.gov/Archives/edgar/data/2007825/000162828026056222/0001628280-26-056222-index.htm,8-K,8-K,https://www.sec.gov/Archives/edgar/data/2007825/000162828026056222/infq-20260812.htm,False,
CCCX,2026-08-12 00:00:00,https://www.sec.gov/Archives/edgar/data/2007825/000162828026056222/0001628280-26-056222-index.htm,EX-99.1,EX-99.1,https://www.sec.gov/Archives/edgar/data/2007825/000162828026056222/infq-20260630xex991.htm,False,
None,2026-08-12 00:00:00,https://www.sec.gov/Archives/edgar/data/2091349/000119312526346908/0001193125-26-346908-index.htm,8-K,8-K,https://www.sec.gov/Archives/edgar/data/2091349/000119312526346908/trax-20260812.htm,False,
None,2026-08-12 00:00:00,https://www.sec.gov/Archives/edgar/data/2091349/000119312526346908/0001193125-26-346908-index.htm,EX-99.1,EX-99.1,https://www.sec.gov/Archives/edgar/data/2091349/000119312526346908/trax-ex99_1.htm,False,
BTGO,2026-08-12 00:00:00,https://www.sec.gov/Archives/edgar/data/1740604/000174060426000048/0001740604-26-000048-index.htm,8-K,8-K,https://www.sec.gov/Archives/edgar/data/1740604/000174060426000048/btgo-20260810.htm,False,
BTGO,2026-08-12 00:00:00,https://www.sec.gov/Archives/edgar/data/1740604/000174060426000048/0001740604-26-000048-index.htm,EX-99.1,EX-99.1,https://www.sec.gov/Archives/edgar/data/1740604/000174060426000048/btgo-exhibit991_2026xq2.htm,False,
REZI,2026-08-12 00:00:00,https://www.sec.gov/Archives/edgar/data/1740332/000174033226000022/0001740332-26-000022-index.htm,8-K,8-K,https://www.sec.gov/Archives/edgar/data/1740332/000174033226000022/rezi-20260812.htm,False,
AVEX,2026-08-12 00:00:00,https://www.sec.gov/Archives/edgar/data/2096300/000119312526346904/0001193125-26-346904-index.htm,8-K,8-K,https://www.sec.gov/Archives/edgar/data/2096300/000119312526346904/d139310d8k.htm,True,
AVEX,2026-08-12 00:00:00,https://www.sec.gov/Archives/edgar/data/2096300/000119312526346904/0001193125-26-346904-index.htm,EX-99.1,EX-99.1,https://www.sec.gov/Archives/edgar/data/2096300/000119312526346904/d139310dex991.htm,False,
DJCO,2026-08-12 00:00:00,https://www.sec.gov/Archives/edgar/data/783412/000143774926027322/0001437749-26-027322-index.htm,8-K,FORM 8-K,https://www.sec.gov/Archives/edgar/data/783412/000143774926027322/djco20260610_8k.htm,False,
DJCO,2026-08-12 00:00:00,https://www.sec.gov/Archives/edgar/data/783412/000143774926027322/0001437749-26-027322-index.htm,EX-99.1,EXHIBIT 99.1,https://www.sec.gov/Archives/edgar/data/783412/000143774926027322/ex_975533.htm,False,
JOB,2026-08-12 00:00:00,https://www.sec.gov/Archives/edgar/data/40570/000147793226004918/0001477932-26-004918-index.htm,8-K,FORM 8-K,https://www.sec.gov/Archives/edgar/data/40570/000147793226004918/job_8k.htm,False,
JOB,2026-08-12 00:00:00,https://www.sec.gov/Archives/edgar/data/40570/000147793226004918/0001477932-26-004918-index.htm,EX-99.1,PRESS RELEASE,https://www.sec.gov/Archives/edgar/data/40570/000147793226004918/job_ex991.htm,False,
AHT-PF,2026-08-12 00:00:00,https://www.sec.gov/Archives/edgar/data/1232582/000123258226000181/0001232582-26-000181-index.htm,8-K,8-K,https://www.sec.gov/Archives/edgar/data/1232582/000123258226000181/aht-20260812.htm,False,
AHT-PF,2026-08-12 00:00:00,https://www.sec.gov/Archives/edgar/data/1232582/000123258226000181/0001232582-26-000181-index.htm,EX-99.1,EX-99.1,https://www.sec.gov/Archives/edgar/data/1232582/000123258226000181/aht2026q2earningsrelease.htm,True,
AHT-PD,2026-08-12 00:00:00,https://www.sec.gov/Archives/edgar/data/1232582/000123258226000181/0001232582-26-000181-index.htm,8-K,8-K,https://www.sec.gov/Archives/edgar/data/1232582/000123258226000181/aht-20260812.htm,False,
AHT-PD,2026-08-12 00:00:00,https://www.sec.gov/Archives/edgar/data/1232582/000123258226000181/0001232582-26-000181-index.htm,EX-99.1,EX-99.1,https://www.sec.gov/Archives/edgar/data/1232582/000123258226000181/aht2026q2earningsrelease.htm,True,
AHT-PH,2026-08-12 00:00:00,https://www.sec.gov/Archives/edgar/data/1232582/000123258226000181/0001232582-26-000181-index.htm,8-K,8-K,https://www.sec.gov/Archives/edgar/data/1232582/000123258226000181/aht-20260812.htm,False,
AHT-PH,2026-08-12 00:00:00,https://www.sec.gov/Archives/edgar/data/1232582/000123258226000181/0001232582-26-000181-index.htm,EX-99.1,EX-99.1,https://www.sec.gov/Archives/edgar/data/1232582/000123258226000181/aht2026q2earningsrelease.htm,True,
AHT-PI,2026-08-12 00:00:00,https://www.sec.gov/Archives/edgar/data/1232582/000123258226000181/0001232582-26-000181-index.htm,8-K,8-K,https://www.sec.gov/Archives/edgar/data/1232582/000123258226000181/aht-20260812.htm,False,
AHT-PI,2026-08-12 00:00:00,https://www.sec.gov/Archives/edgar/data/1232582/000123258226000181/0001232582-26-000181-index.htm,EX-99.1,EX-99.1,https://www.sec.gov/Archives/edgar/data/1232582/000123258226000181/aht2026q2earningsrelease.htm,True,
AHT-PG,2026-08-12 00:00:00,https://www.sec.gov/Archives/edgar/data/1232582/000123258226000181/0001232582-26-000181-index.htm,8-K,8-K,https://www.sec.gov/Archives/edgar/data/1232582/000123258226000181/aht-20260812.htm,False,
AHT-PG,2026-08-12 00:00:00,https://www.sec.gov/Archives/edgar/data/1232582/000123258226000181/0001232582-26-000181-index.htm,EX-99.1,EX-99.1,https://www.sec.gov/Archives/edgar/data/1232582/000123258226000181/aht2026q2earningsrelease.htm,True,
AHT,2026-08-12 00:00:00,https://www.sec.gov/Archives/edgar/data/1232582/000123258226000181/0001232582-26-000181-index.htm,8-K,8-K,https://www.sec.gov/Archives/edgar/data/1232582/000123258226000181/aht-20260812.htm,False,
AHT,2026-08-12 00:00:00,https://www.sec.gov/Archives/edgar/data/1232582/000123258226000181/0001232582-26-000181-index.htm,EX-99.1,EX-99.1,https://www.sec.gov/Archives/edgar/data/1232582/000123258226000181/aht2026q2earningsrelease.htm,True,
ENS,2026-08-12 00:00:00,https://www.sec.gov/Archives/edgar/data/1289308/000162828026056216/0001628280-26-056216-index.htm,8-K,8-K,https://www.sec.gov/Archives/edgar/data/1289308/000162828026056216/ens-20260812.htm,False,
ENS,2026-08-12 00:00:00,https://www.sec.gov/Archives/edgar/data/1289308/000162828026056216/0001628280-26-056216-index.htm,EX-99.1,EX-99.1,https://www.sec.gov/Archives/edgar/data/1289308/000162828026056216/ex991_earningsx1qfy27.htm,True,
BXSL,2026-08-12 00:00:00,https://www.sec.gov/Archives/edgar/data/1736035/000121390026088376/0001213900-26-088376-index.htm,8-K,8-K,https://www.sec.gov/Archives/edgar/data/1736035/000121390026088376/ea0301710-8k_blackstone.htm,True,
BXSL,2026-08-12 00:00:00,https://www.sec.gov/Archives/edgar/data/1736035/000121390026088376/0001213900-26-088376-index.htm,EX-10.1,EXHIBIT 10.1,https://www.sec.gov/Archives/edgar/data/1736035/000121390026088376/ea030171001_ex10-1.htm,True,
WATT,2026-08-12 00:00:00,https://www.sec.gov/Archives/edgar/data/1575793/000110465926094897/0001104659-26-094897-index.htm,8-K,FORM 8-K,https://www.sec.gov/Archives/edgar/data/1575793/000110465926094897/tm2622314d1_8k.htm,False,
WATT,2026-08-12 00:00:00,https://www.sec.gov/Archives/edgar/data/1575793/000110465926094897/0001104659-26-094897-index.htm,EX-99.1,EXHIBIT 99.1,https://www.sec.gov/Archives/edgar/data/1575793/000110465926094897/tm2622314d1_ex99-1.htm,True,
AHR,2026-08-12 00:00:00,https://www.sec.gov/Archives/edgar/data/1632970/000119312526346895/0001193125-26-346895-index.htm,8-K,8-K,https://www.sec.gov/Archives/edgar/data/1632970/000119312526346895/ahr-20260810.htm,False,
SKYH,2026-08-12 00:00:00,https://www.sec.gov/Archives/edgar/data/1823587/000143774926027321/0001437749-26-027321-index.htm,8-K,FORM 8-K,https://www.sec.gov/Archives/edgar/data/1823587/000143774926027321/ysac20260812c_8k.htm,True,
YSAC,2026-08-12 00:00:00,https://www.sec.gov/Archives/edgar/data/1823587/000143774926027321/0001437749-26-027321-index.htm,8-K,FORM 8-K,https://www.sec.gov/Archives/edgar/data/1823587/000143774926027321/ysac20260812c_8k.htm,True,
SKYH-WT,2026-08-12 00:00:00,https://www.sec.gov/Archives/edgar/data/1823587/000143774926027321/0001437749-26-027321-index.htm,8-K,FORM 8-K,https://www.sec.gov/Archives/edgar/data/1823587/000143774926027321/ysac20260812c_8k.htm,True,
YSACU,2026-08-12 00:00:00,https://www.sec.gov/Archives/edgar/data/1823587/000143774926027321/0001437749-26-027321-index.htm,8-K,FORM 8-K,https://www.sec.gov/Archives/edgar/data/1823587/000143774926027321/ysac20260812c_8k.htm,True,
ARMP,2026-08-12 00:00:00,https://www.sec.gov/Archives/edgar/data/921114/000110465926094896/0001104659-26-094896-index.htm,8-K,8-K,https://www.sec.gov/Archives/edgar/data/921114/000110465926094896/armp-20260812x8k.htm,False,
ARMP,2026-08-12 00:00:00,https://www.sec.gov/Archives/edgar/data/921114/000110465926094896/0001104659-26-094896-index.htm,EX-99.1,EX-99.1,https://www.sec.gov/Archives/edgar/data/921114/000110465926094896/armp-20260812xex99d1.htm,True,
RNXT,2026-08-12 00:00:00,https://www.sec.gov/Archives/edgar/data/1574094/000119312526346894/0001193125-26-346894-index.htm,8-K,8-K,https://www.sec.gov/Archives/edgar/data/1574094/000119312526346894/rnxt-20260812.htm,False,
RNXT,2026-08-12 00:00:00,https://www.sec.gov/Archives/edgar/data/1574094/000119312526346894/0001193125-26-346894-index.htm,EX-99.1,EX-99.1,https://www.sec.gov/Archives/edgar/data/1574094/000119312526346894/rnxt-ex99_1.htm,False,
MBLY,2026-08-12 00:00:00,https://www.sec.gov/Archives/edgar/data/1910139/000110465926094895/0001104659-26-094895-index.htm,8-K,FORM 8-K,https://www.sec.gov/Archives/edgar/data/1910139/000110465926094895/tm2622972d1_8k.htm,False,
ACR-PD,2026-08-12 00:00:00,https://www.sec.gov/Archives/edgar/data/1332551/000119312526346890/0001193125-26-346890-index.htm,8-K,8-K,https://www.sec.gov/Archives/edgar/data/1332551/000119312526346890/acr-20260810.htm,True,
ACR,2026-08-12 00:00:00,https://www.sec.gov/Archives/edgar/data/1332551/000119312526346890/0001193125-26-346890-index.htm,8-K,8-K,https://www.sec.gov/Archives/edgar/data/1332551/000119312526346890/acr-20260810.htm,True,
ACR-PC,2026-08-12 00:00:00,https://www.sec.gov/Archives/edgar/data/1332551/000119312526346890/0001193125-26-346890-index.htm,8-K,8-K,https://www.sec.gov/Archives/edgar/data/1332551/000119312526346890/acr-20260810.htm,True,
NFTG,2026-08-12 00:00:00,https://www.sec.gov/Archives/edgar/data/1895618/000121390026088373/0001213900-26-088373-index.htm,8-K,CURRENT REPORT,https://www.sec.gov/Archives/edgar/data/1895618/000121390026088373/ea0301829-8k_gaxos.htm,False,
NFTG,2026-08-12 00:00:00,https://www.sec.gov/Archives/edgar/data/1895618/000121390026088373/0001213900-26-088373-index.htm,EX-99.1,"PRESS RELEASE DATED AUGUST 12, 2026",https://www.sec.gov/Archives/edgar/data/1895618/000121390026088373/ea030182901ex99-1.htm,False,
GXAI,2026-08-12 00:00:00,https://www.sec.gov/Archives/edgar/data/1895618/000121390026088373/0001213900-26-088373-index.htm,8-K,CURRENT REPORT,https://www.sec.gov/Archives/edgar/data/1895618/000121390026088373/ea0301829-8k_gaxos.htm,False,
GXAI,2026-08-12 00:00:00,https://www.sec.gov/Archives/edgar/data/1895618/000121390026088373/0001213900-26-088373-index.htm,EX-99.1,"PRESS RELEASE DATED AUGUST 12, 2026",https://www.sec.gov/Archives/edgar/data/1895618/000121390026088373/ea030182901ex99-1.htm,False,
OLB,2026-08-12 00:00:00,https://www.sec.gov/Archives/edgar/data/1314196/000118518526003446/0001185185-26-003446-index.htm,8-K,FORM 8-K,https://www.sec.gov/Archives/edgar/data/1314196/000118518526003446/olbgroup8k081226.htm,True,
OLB,2026-08-12 00:00:00,https://www.sec.gov/Archives/edgar/data/1314196/000118518526003446/0001185185-26-003446-index.htm,EX-10.1,EXHIBIT 10.1,https://www.sec.gov/Archives/edgar/data/1314196/000118518526003446/olbgroupex10-1.htm,True,
TOPP,2026-08-12 00:00:00,https://www.sec.gov/Archives/edgar/data/1960847/000121390026088371/0001213900-26-088371-index.htm,8-K,CURRENT REPORT,https://www.sec.gov/Archives/edgar/data/1960847/000121390026088371/ea0301481-8k_toppoint.htm,False,
TOPP,2026-08-12 00:00:00,https://www.sec.gov/Archives/edgar/data/1960847/000121390026088371/0001213900-26-088371-index.htm,EX-99.1,"PRESS RELEASE DATED AUGUST 12, 2026",https://www.sec.gov/Archives/edgar/data/1960847/000121390026088371/ea030148101ex99-1.htm,False,
AVIR,2026-08-12 00:00:00,https://www.sec.gov/Archives/edgar/data/1593899/000119312526346888/0001193125-26-346888-index.htm,8-K,8-K,https://www.sec.gov/Archives/edgar/data/1593899/000119312526346888/d165663d8k.htm,False,
AVIR,2026-08-12 00:00:00,https://www.sec.gov/Archives/edgar/data/1593899/000119312526346888/0001193125-26-346888-index.htm,EX-99.1,EX-99.1,https://www.sec.gov/Archives/edgar/data/1593899/000119312526346888/d165663dex991.htm,False,
AVEX,2026-08-12 00:00:00,https://www.sec.gov/Archives/edgar/data/2096300/000209630026000023/0002096300-26-000023-index.htm,8-K,8-K,https://www.sec.gov/Archives/edgar/data/2096300/000209630026000023/avex-20260812.htm,False,
AVEX,2026-08-12 00:00:00,https://www.sec.gov/Archives/edgar/data/2096300/000209630026000023/0002096300-26-000023-index.htm,EX-99.1,EX-99.1,https://www.sec.gov/Archives/edgar/data/2096300/000209630026000023/exhibit991-pressrelease2q2.htm,True,
PMGMW,2026-08-12 00:00:00,https://www.sec.gov/Archives/edgar/data/1837607/000183760726000061/0001837607-26-000061-index.htm,8-K,8-K,https://www.sec.gov/Archives/edgar/data/1837607/000183760726000061/aeon-20260812x8k.htm,False,
PMGMW,2026-08-12 00:00:00,https://www.sec.gov/Archives/edgar/data/1837607/000183760726000061/0001837607-26-000061-index.htm,EX-99.1,EX-99.1,https://www.sec.gov/Archives/edgar/data/1837607/000183760726000061/aeon-20260812xex99d1.htm,False,
PMGMU,2026-08-12 00:00:00,https://www.sec.gov/Archives/edgar/data/1837607/000183760726000061/0001837607-26-000061-index.htm,8-K,8-K,https://www.sec.gov/Archives/edgar/data/1837607/000183760726000061/aeon-20260812x8k.htm,False,
PMGMU,2026-08-12 00:00:00,https://www.sec.gov/Archives/edgar/data/1837607/000183760726000061/0001837607-26-000061-index.htm,EX-99.1,EX-99.1,https://www.sec.gov/Archives/edgar/data/1837607/000183760726000061/aeon-20260812xex99d1.htm,False,
PMGM,2026-08-12 00:00:00,https://www.sec.gov/Archives/edgar/data/1837607/000183760726000061/0001837607-26-000061-index.htm,8-K,8-K,https://www.sec.gov/Archives/edgar/data/1837607/000183760726000061/aeon-20260812x8k.htm,False,
PMGM,2026-08-12 00:00:00,https://www.sec.gov/Archives/edgar/data/1837607/000183760726000061/0001837607-26-000061-index.htm,EX-99.1,EX-99.1,https://www.sec.gov/Archives/edgar/data/1837607/000183760726000061/aeon-20260812xex99d1.htm,False,
ECTM,2026-08-12 00:00:00,https://www.sec.gov/Archives/edgar/data/1487798/000110465926094890/0001104659-26-094890-index.htm,8-K,FORM 8-K,https://www.sec.gov/Archives/edgar/data/1487798/000110465926094890/tm2623042d1_8k.htm,False,
ECTM,2026-08-12 00:00:00,https://www.sec.gov/Archives/edgar/data/1487798/000110465926094890/0001104659-26-094890-index.htm,EX-99.1,EXHIBIT 99.1,https://www.sec.gov/Archives/edgar/data/1487798/000110465926094890/tm2623042d1_ex99-1.htm,False,
IDXG,2026-08-12 00:00:00,https://www.sec.gov/Archives/edgar/data/1054102/000149315226037360/0001493152-26-037360-index.htm,8-K,8-K,https://www.sec.gov/Archives/edgar/data/1054102/000149315226037360/form8-k.htm,False,
IDXG,2026-08-12 00:00:00,https://www.sec.gov/Archives/edgar/data/1054102/000149315226037360/0001493152-26-037360-index.htm,EX-99.1,EX-99.1,https://www.sec.gov/Archives/edgar/data/1054102/000149315226037360/ex99-1.htm,False,
FWDI,2026-08-12 00:00:00,https://www.sec.gov/Archives/edgar/data/38264/000168316826006277/0001683168-26-006277-index.htm,8-K,CURRENT REPORT,https://www.sec.gov/Archives/edgar/data/38264/000168316826006277/forward_8k.htm,False,
FWDI,2026-08-12 00:00:00,https://www.sec.gov/Archives/edgar/data/38264/000168316826006277/0001683168-26-006277-index.htm,EX-99.1,PRESS RELEASE,https://www.sec.gov/Archives/edgar/data/38264/000168316826006277/forward_ex9901.htm,False,
FORD,2026-08-12 00:00:00,https://www.sec.gov/Archives/edgar/data/38264/000168316826006277/0001683168-26-006277-index.htm,8-K,CURRENT REPORT,https://www.sec.gov/Archives/edgar/data/38264/000168316826006277/forward_8k.htm,False,
FORD,2026-08-12 00:00:00,https://www.sec.gov/Archives/edgar/data/38264/000168316826006277/0001683168-26-006277-index.htm,EX-99.1,PRESS RELEASE,https://www.sec.gov/Archives/edgar/data/38264/000168316826006277/forward_ex9901.htm,False,
GIPRW,2026-08-12 00:00:00,https://www.sec.gov/Archives/edgar/data/1651721/000119312526346878/0001193125-26-346878-index.htm,8-K,8-K,https://www.sec.gov/Archives/edgar/data/1651721/000119312526346878/gipr-20260806.htm,False,
GIPR,2026-08-12 00:00:00,https://www.sec.gov/Archives/edgar/data/1651721/000119312526346878/0001193125-26-346878-index.htm,8-K,8-K,https://www.sec.gov/Archives/edgar/data/1651721/000119312526346878/gipr-20260806.htm,False,
None,2026-08-12 00:00:00,https://www.sec.gov/Archives/edgar/data/1976719/000197671926000022/0001976719-26-000022-index.htm,8-K,8-K,https://www.sec.gov/Archives/edgar/data/1976719/000197671926000022/nmg4if-20260812.htm,False,
MXCT,2026-08-12 00:00:00,https://www.sec.gov/Archives/edgar/data/1287098/000110465926094886/0001104659-26-094886-index.htm,8-K,8-K,https://www.sec.gov/Archives/edgar/data/1287098/000110465926094886/mxct-20260812x8k.htm,False,
MXCT,2026-08-12 00:00:00,https://www.sec.gov/Archives/edgar/data/1287098/000110465926094886/0001104659-26-094886-index.htm,EX-99.1,EX-99.1,https://www.sec.gov/Archives/edgar/data/1287098/000110465926094886/mxct-20260812xex99d1.htm,False,
ANRO,2026-08-12 00:00:00,https://www.sec.gov/Archives/edgar/data/1999480/000199948026000022/0001999480-26-000022-index.htm,8-K,8-K,https://www.sec.gov/Archives/edgar/data/1999480/000199948026000022/alto-20260812.htm,False,
ANRO,2026-08-12 00:00:00,https://www.sec.gov/Archives/edgar/data/1999480/000199948026000022/0001999480-26-000022-index.htm,EX-99.1,EX-99.1,https://www.sec.gov/Archives/edgar/data/1999480/000199948026000022/exhibit991-earningsrelease.htm,False,
LGVN,2026-08-12 00:00:00,https://www.sec.gov/Archives/edgar/data/1721484/000121390026088365/0001213900-26-088365-index.htm,8-K,CURRENT REPORT,https://www.sec.gov/Archives/edgar/data/1721484/000121390026088365/ea0301757-8k_longeveron.htm,False,
LGVN,2026-08-12 00:00:00,https://www.sec.gov/Archives/edgar/data/1721484/000121390026088365/0001213900-26-088365-index.htm,EX-99.1,"PRESS RELEASE ISSUED BY THE COMPANY ON AUGUST 12, 2026",https://www.sec.gov/Archives/edgar/data/1721484/000121390026088365/ea030175701ex99-1.htm,False,
LVLU,2026-08-12 00:00:00,https://www.sec.gov/Archives/edgar/data/1780201/000110465926094884/0001104659-26-094884-index.htm,8-K,8-K,https://www.sec.gov/Archives/edgar/data/1780201/000110465926094884/lvlu-20260812x8k.htm,False,
LVLU,2026-08-12 00:00:00,https://www.sec.gov/Archives/edgar/data/1780201/000110465926094884/0001104659-26-094884-index.htm,EX-99.1,EX-99.1,https://www.sec.gov/Archives/edgar/data/1780201/000110465926094884/lvlu-20260812xex99d1.htm,True,
GIG,2026-08-12 00:00:00,https://www.sec.gov/Archives/edgar/data/2023730/000119312526346872/0001193125-26-346872-index.htm,8-K,8-K,https://www.sec.gov/Archives/edgar/data/2023730/000119312526346872/d170920d8k.htm,False,
GIG,2026-08-12 00:00:00,https://www.sec.gov/Archives/edgar/data/2023730/000119312526346872/0001193125-26-346872-index.htm,EX-99.1,EX-99.1,https://www.sec.gov/Archives/edgar/data/2023730/000119312526346872/d170920dex991.htm,False,
HDRN,2026-08-12 00:00:00,https://www.sec.gov/Archives/edgar/data/2023730/000119312526346872/0001193125-26-346872-index.htm,8-K,8-K,https://www.sec.gov/Archives/edgar/data/2023730/000119312526346872/d170920d8k.htm,False,
HDRN,2026-08-12 00:00:00,https://www.sec.gov/Archives/edgar/data/2023730/000119312526346872/0001193125-26-346872-index.htm,EX-99.1,EX-99.1,https://www.sec.gov/Archives/edgar/data/2023730/000119312526346872/d170920dex991.htm,False,
SPCE,2026-08-12 00:00:00,https://www.sec.gov/Archives/edgar/data/1706946/000170694626000126/0001706946-26-000126-index.htm,8-K,8-K,https://www.sec.gov/Archives/edgar/data/1706946/000170694626000126/spce-20260812.htm,False,
SPCE,2026-08-12 00:00:00,https://www.sec.gov/Archives/edgar/data/1706946/000170694626000126/0001706946-26-000126-index.htm,EX-99.1,EX-99.1,https://www.sec.gov/Archives/edgar/data/1706946/000170694626000126/spce-2026q2_8kprexhibit991.htm,False,
CNTB,2026-08-12 00:00:00,https://www.sec.gov/Archives/edgar/data/1835268/000183526826000027/0001835268-26-000027-index.htm,8-K,8-K,https://www.sec.gov/Archives/edgar/data/1835268/000183526826000027/cntb-20260812.htm,False,
CNTB,2026-08-12 00:00:00,https://www.sec.gov/Archives/edgar/data/1835268/000183526826000027/0001835268-26-000027-index.htm,EX-99.1,EX-99.1,https://www.sec.gov/Archives/edgar/data/1835268/000183526826000027/cntbq22026earningsrelease.htm,False,
ALLO,2026-08-12 00:00:00,https://www.sec.gov/Archives/edgar/data/1737287/000162828026056198/0001628280-26-056198-index.htm,8-K,8-K,https://www.sec.gov/Archives/edgar/data/1737287/000162828026056198/allo-20260812.htm,False,
ALLO,2026-08-12 00:00:00,https://www.sec.gov/Archives/edgar/data/1737287/000162828026056198/0001628280-26-056198-index.htm,EX-99.1,EX-99.1,https://www.sec.gov/Archives/edgar/data/1737287/000162828026056198/allo-20260630xexx991q226.htm,False,
LCID,2026-08-12 00:00:00,https://www.sec.gov/Archives/edgar/data/1811210/000110465926094879/0001104659-26-094879-index.htm,8-K,FORM 8-K,https://www.sec.gov/Archives/edgar/data/1811210/000110465926094879/tm2622757d2_8k.htm,False,
LCID,2026-08-12 00:00:00,https://www.sec.gov/Archives/edgar/data/1811210/000110465926094879/0001104659-26-094879-index.htm,EX-99.1,EXHIBIT 99.1,https://www.sec.gov/Archives/edgar/data/1811210/000110465926094879/tm2622757d2_ex99-1.htm,False,
CCIV,2026-08-12 00:00:00,https://www.sec.gov/Archives/edgar/data/1811210/000110465926094879/0001104659-26-094879-index.htm,8-K,FORM 8-K,https://www.sec.gov/Archives/edgar/data/1811210/000110465926094879/tm2622757d2_8k.htm,False,
CCIV,2026-08-12 00:00:00,https://www.sec.gov/Archives/edgar/data/1811210/000110465926094879/0001104659-26-094879-index.htm,EX-99.1,EXHIBIT 99.1,https://www.sec.gov/Archives/edgar/data/1811210/000110465926094879/tm2622757d2_ex99-1.htm,False,
ENVX,2026-08-12 00:00:00,https://www.sec.gov/Archives/edgar/data/1828318/000182831826000055/0001828318-26-000055-index.htm,8-K,8-K,https://www.sec.gov/Archives/edgar/data/1828318/000182831826000055/envx-20260812.htm,False,
ENVX,2026-08-12 00:00:00,https://www.sec.gov/Archives/edgar/data/1828318/000182831826000055/0001828318-26-000055-index.htm,EX-99.1,EX-99.1,https://www.sec.gov/Archives/edgar/data/1828318/000182831826000055/envx8k-q22026x8122026ex991.htm,False,
AOSL,2026-08-12 00:00:00,https://www.sec.gov/Archives/edgar/data/1387467/000162828026056197/0001628280-26-056197-index.htm,8-K,8-K,https://www.sec.gov/Archives/edgar/data/1387467/000162828026056197/aosl-20260812.htm,False,
AOSL,2026-08-12 00:00:00,https://www.sec.gov/Archives/edgar/data/1387467/000162828026056197/0001628280-26-056197-index.htm,EX-99.1,EX-99.1,https://www.sec.gov/Archives/edgar/data/1387467/000162828026056197/exhibit991earningreleaseju.htm,False,
PHM,2026-08-12 00:00:00,https://www.sec.gov/Archives/edgar/data/822416/000082241626000038/0000822416-26-000038-index.htm,8-K,8-K - MASTER REPURCHASE AGREEMENT,https://www.sec.gov/Archives/edgar/data/822416/000082241626000038/phm-20260811.htm,True,
PHM,2026-08-12 00:00:00,https://www.sec.gov/Archives/edgar/data/822416/000082241626000038/0000822416-26-000038-index.htm,EX-10.1,EX-10.1 - MASTER REPURCHASE AGREEMENT,https://www.sec.gov/Archives/edgar/data/822416/000082241626000038/exhibit101-masterrepurch.htm,True,
LMAOU,2026-08-12 00:00:00,https://www.sec.gov/Archives/edgar/data/1831868/000143774926027314/0001437749-26-027314-index.htm,8-K,FORM 8-K,https://www.sec.gov/Archives/edgar/data/1831868/000143774926027314/icu20260607_8k.htm,False,
LMAOU,2026-08-12 00:00:00,https://www.sec.gov/Archives/edgar/data/1831868/000143774926027314/0001437749-26-027314-index.htm,EX-99.1,EXHIBIT 99.1 - Q1 2026 EARNINGS RELEASE,https://www.sec.gov/Archives/edgar/data/1831868/000143774926027314/ex_973548.htm,False,
LMAOW,2026-08-12 00:00:00,https://www.sec.gov/Archives/edgar/data/1831868/000143774926027314/0001437749-26-027314-index.htm,8-K,FORM 8-K,https://www.sec.gov/Archives/edgar/data/1831868/000143774926027314/icu20260607_8k.htm,False,
LMAOW,2026-08-12 00:00:00,https://www.sec.gov/Archives/edgar/data/1831868/000143774926027314/0001437749-26-027314-index.htm,EX-99.1,EXHIBIT 99.1 - Q1 2026 EARNINGS RELEASE,https://www.sec.gov/Archives/edgar/data/1831868/000143774926027314/ex_973548.htm,False,
LMAO,2026-08-12 00:00:00,https://www.sec.gov/Archives/edgar/data/1831868/000143774926027314/0001437749-26-027314-index.htm,8-K,FORM 8-K,https://www.sec.gov/Archives/edgar/data/1831868/000143774926027314/icu20260607_8k.htm,False,
LMAO,2026-08-12 00:00:00,https://www.sec.gov/Archives/edgar/data/1831868/000143774926027314/0001437749-26-027314-index.htm,EX-99.1,EXHIBIT 99.1 - Q1 2026 EARNINGS RELEASE,https://www.sec.gov/Archives/edgar/data/1831868/000143774926027314/ex_973548.htm,False,
ICU,2026-08-12 00:00:00,https://www.sec.gov/Archives/edgar/data/1831868/000143774926027314/0001437749-26-027314-index.htm,8-K,FORM 8-K,https://www.sec.gov/Archives/edgar/data/1831868/000143774926027314/icu20260607_8k.htm,False,
ICU,2026-08-12 00:00:00,https://www.sec.gov/Archives/edgar/data/1831868/000143774926027314/0001437749-26-027314-index.htm,EX-99.1,EXHIBIT 99.1 - Q1 2026 EARNINGS RELEASE,https://www.sec.gov/Archives/edgar/data/1831868/000143774926027314/ex_973548.htm,False,
ICUCW,2026-08-12 00:00:00,https://www.sec.gov/Archives/edgar/data/1831868/000143774926027314/0001437749-26-027314-index.htm,8-K,FORM 8-K,https://www.sec.gov/Archives/edgar/data/1831868/000143774926027314/icu20260607_8k.htm,False,
ICUCW,2026-08-12 00:00:00,https://www.sec.gov/Archives/edgar/data/1831868/000143774926027314/0001437749-26-027314-index.htm,EX-99.1,EXHIBIT 99.1 - Q1 2026 EARNINGS RELEASE,https://www.sec.gov/Archives/edgar/data/1831868/000143774926027314/ex_973548.htm,False,
AAWH,2026-08-12 00:00:00,https://www.sec.gov/Archives/edgar/data/1756390/000162828026056190/0001628280-26-056190-index.htm,8-K,8-K,https://www.sec.gov/Archives/edgar/data/1756390/000162828026056190/aawh-20260812.htm,False,
AAWH,2026-08-12 00:00:00,https://www.sec.gov/Archives/edgar/data/1756390/000162828026056190/0001628280-26-056190-index.htm,EX-99.1,EX-99.1,https://www.sec.gov/Archives/edgar/data/1756390/000162828026056190/awhq22026pressrelease.htm,True,
ACRV,2026-08-12 00:00:00,https://www.sec.gov/Archives/edgar/data/1781174/000119312526346859/0001193125-26-346859-index.htm,8-K,8-K,https://www.sec.gov/Archives/edgar/data/1781174/000119312526346859/acrv-20260812.htm,False,
ACRV,2026-08-12 00:00:00,https://www.sec.gov/Archives/edgar/data/1781174/000119312526346859/0001193125-26-346859-index.htm,EX-99.1,EX-99.1,https://www.sec.gov/Archives/edgar/data/1781174/000119312526346859/acrv-ex99_1.htm,False,
ATRA,2026-08-12 00:00:00,https://www.sec.gov/Archives/edgar/data/1604464/000119312526346857/0001193125-26-346857-index.htm,8-K,8-K,https://www.sec.gov/Archives/edgar/data/1604464/000119312526346857/atra-20260812.htm,False,
ATRA,2026-08-12 00:00:00,https://www.sec.gov/Archives/edgar/data/1604464/000119312526346857/0001193125-26-346857-index.htm,EX-99.1,EX-99.1,https://www.sec.gov/Archives/edgar/data/1604464/000119312526346857/atra-ex99_1.htm,False,
KURA,2026-08-12 00:00:00,https://www.sec.gov/Archives/edgar/data/1422143/000119312526346856/0001193125-26-346856-index.htm,8-K,8-K,https://www.sec.gov/Archives/edgar/data/1422143/000119312526346856/kura-20260812.htm,False,
KURA,2026-08-12 00:00:00,https://www.sec.gov/Archives/edgar/data/1422143/000119312526346856/0001193125-26-346856-index.htm,EX-99.1,EX-99.1,https://www.sec.gov/Archives/edgar/data/1422143/000119312526346856/kura-ex99_1.htm,False,
SKYX,2026-08-12 00:00:00,https://www.sec.gov/Archives/edgar/data/1598981/000149315226037353/0001493152-26-037353-index.htm,8-K,8-K,https://www.sec.gov/Archives/edgar/data/1598981/000149315226037353/form8-k.htm,False,
SKYX,2026-08-12 00:00:00,https://www.sec.gov/Archives/edgar/data/1598981/000149315226037353/0001493152-26-037353-index.htm,EX-99.1,EX-99.1,https://www.sec.gov/Archives/edgar/data/1598981/000149315226037353/ex99-1.htm,False,
IIVIP,2026-08-12 00:00:00,https://www.sec.gov/Archives/edgar/data/820318/000119312526346860/0001193125-26-346860-index.htm,8-K,8-K,https://www.sec.gov/Archives/edgar/data/820318/000119312526346860/d128030d8k.htm,False,
IIVIP,2026-08-12 00:00:00,https://www.sec.gov/Archives/edgar/data/820318/000119312526346860/0001193125-26-346860-index.htm,EX-99.1,EX-99.1,https://www.sec.gov/Archives/edgar/data/820318/000119312526346860/d128030dex991.htm,True,
COHR,2026-08-12 00:00:00,https://www.sec.gov/Archives/edgar/data/820318/000119312526346860/0001193125-26-346860-index.htm,8-K,8-K,https://www.sec.gov/Archives/edgar/data/820318/000119312526346860/d128030d8k.htm,False,
COHR,2026-08-12 00:00:00,https://www.sec.gov/Archives/edgar/data/820318/000119312526346860/0001193125-26-346860-index.htm,EX-99.1,EX-99.1,https://www.sec.gov/Archives/edgar/data/820318/000119312526346860/d128030dex991.htm,True,
IIVI,2026-08-12 00:00:00,https://www.sec.gov/Archives/edgar/data/820318/000119312526346860/0001193125-26-346860-index.htm,8-K,8-K,https://www.sec.gov/Archives/edgar/data/820318/000119312526346860/d128030d8k.htm,False,
IIVI,2026-08-12 00:00:00,https://www.sec.gov/Archives/edgar/data/820318/000119312526346860/0001193125-26-346860-index.htm,EX-99.1,EX-99.1,https://www.sec.gov/Archives/edgar/data/820318/000119312526346860/d128030dex991.htm,True,
None,2026-08-12 00:00:00,https://www.sec.gov/Archives/edgar/data/2110117/000162828026056188/0001628280-26-056188-index.htm,8-K,8-K,https://www.sec.gov/Archives/edgar/data/2110117/000162828026056188/itg-20260812.htm,False,
None,2026-08-12 00:00:00,https://www.sec.gov/Archives/edgar/data/2110117/000162828026056188/0001628280-26-056188-index.htm,EX-99.1,EX-99.1,https://www.sec.gov/Archives/edgar/data/2110117/000162828026056188/a2q26earningsrelease.htm,True,
SCOR,2026-08-12 00:00:00,https://www.sec.gov/Archives/edgar/data/1158172/000115817226000065/0001158172-26-000065-index.htm,8-K,8-K,https://www.sec.gov/Archives/edgar/data/1158172/000115817226000065/scor-20260812.htm,False,
SCOR,2026-08-12 00:00:00,https://www.sec.gov/Archives/edgar/data/1158172/000115817226000065/0001158172-26-000065-index.htm,EX-99.1,EX-99.1,https://www.sec.gov/Archives/edgar/data/1158172/000115817226000065/exhibit991-pressrelease202.htm,True,
SKYH,2026-08-12 00:00:00,https://www.sec.gov/Archives/edgar/data/1823587/000143774926027312/0001437749-26-027312-index.htm,8-K,FORM 8-K,https://www.sec.gov/Archives/edgar/data/1823587/000143774926027312/ysac20260812_8k.htm,False,
SKYH,2026-08-12 00:00:00,https://www.sec.gov/Archives/edgar/data/1823587/000143774926027312/0001437749-26-027312-index.htm,EX-99.1,EXHIBIT 99.1,https://www.sec.gov/Archives/edgar/data/1823587/000143774926027312/ex_1003732.htm,False,
YSAC,2026-08-12 00:00:00,https://www.sec.gov/Archives/edgar/data/1823587/000143774926027312/0001437749-26-027312-index.htm,8-K,FORM 8-K,https://www.sec.gov/Archives/edgar/data/1823587/000143774926027312/ysac20260812_8k.htm,False,
YSAC,2026-08-12 00:00:00,https://www.sec.gov/Archives/edgar/data/1823587/000143774926027312/0001437749-26-027312-index.htm,EX-99.1,EXHIBIT 99.1,https://www.sec.gov/Archives/edgar/data/1823587/000143774926027312/ex_1003732.htm,False,
SKYH-WT,2026-08-12 00:00:00,https://www.sec.gov/Archives/edgar/data/1823587/000143774926027312/0001437749-26-027312-index.htm,8-K,FORM 8-K,https://www.sec.gov/Archives/edgar/data/1823587/000143774926027312/ysac20260812_8k.htm,False,
SKYH-WT,2026-08-12 00:00:00,https://www.sec.gov/Archives/edgar/data/1823587/000143774926027312/0001437749-26-027312-index.htm,EX-99.1,EXHIBIT 99.1,https://www.sec.gov/Archives/edgar/data/1823587/000143774926027312/ex_1003732.htm,False,
YSACU,2026-08-12 00:00:00,https://www.sec.gov/Archives/edgar/data/1823587/000143774926027312/0001437749-26-027312-index.htm,8-K,FORM 8-K,https://www.sec.gov/Archives/edgar/data/1823587/000143774926027312/ysac20260812_8k.htm,False,
YSACU,2026-08-12 00:00:00,https://www.sec.gov/Archives/edgar/data/1823587/000143774926027312/0001437749-26-027312-index.htm,EX-99.1,EXHIBIT 99.1,https://www.sec.gov/Archives/edgar/data/1823587/000143774926027312/ex_1003732.htm,False,
OMER,2026-08-12 00:00:00,https://www.sec.gov/Archives/edgar/data/1285819/000143774926027313/0001437749-26-027313-index.htm,8-K,FORM 8-K,https://www.sec.gov/Archives/edgar/data/1285819/000143774926027313/omer20260521_8k.htm,False,
OMER,2026-08-12 00:00:00,https://www.sec.gov/Archives/edgar/data/1285819/000143774926027313/0001437749-26-027313-index.htm,EX-99.1,EXHIBIT 99.1,https://www.sec.gov/Archives/edgar/data/1285819/000143774926027313/ex_966798.htm,True,
RRGB,2026-08-12 00:00:00,https://www.sec.gov/Archives/edgar/data/1171759/000162828026056187/0001628280-26-056187-index.htm,8-K,8-K,https://www.sec.gov/Archives/edgar/data/1171759/000162828026056187/rrgb-20260812.htm,False,
RRGB,2026-08-12 00:00:00,https://www.sec.gov/Archives/edgar/data/1171759/000162828026056187/0001628280-26-056187-index.htm,EX-99.1,EX-99.1,https://www.sec.gov/Archives/edgar/data/1171759/000162828026056187/exhibit991q2-2026.htm,False,
USPH,2026-08-12 00:00:00,https://www.sec.gov/Archives/edgar/data/885978/000088597826000048/0000885978-26-000048-index.htm,8-K,,https://www.sec.gov/Archives/edgar/data/885978/000088597826000048/form8-k.htm,False,
USPH,2026-08-12 00:00:00,https://www.sec.gov/Archives/edgar/data/885978/000088597826000048/0000885978-26-000048-index.htm,EX-99.1,,https://www.sec.gov/Archives/edgar/data/885978/000088597826000048/ex99-1.htm,True,
SPRO,2026-08-12 00:00:00,https://www.sec.gov/Archives/edgar/data/1701108/000119312526346855/0001193125-26-346855-index.htm,8-K,8-K,https://www.sec.gov/Archives/edgar/data/1701108/000119312526346855/d69249d8k.htm,False,
SPRO,2026-08-12 00:00:00,https://www.sec.gov/Archives/edgar/data/1701108/000119312526346855/0001193125-26-346855-index.htm,EX-99.1,EX-99.1,https://www.sec.gov/Archives/edgar/data/1701108/000119312526346855/d69249dex991.htm,False,
HLIT,2026-08-12 00:00:00,https://www.sec.gov/Archives/edgar/data/851310/000119312526346853/0001193125-26-346853-index.htm,8-K,8-K,https://www.sec.gov/Archives/edgar/data/851310/000119312526346853/hlit-20260812.htm,False,
HLIT,2026-08-12 00:00:00,https://www.sec.gov/Archives/edgar/data/851310/000119312526346853/0001193125-26-346853-index.htm,EX-99.1,EX-99.1,https://www.sec.gov/Archives/edgar/data/851310/000119312526346853/hlit-ex99_1.htm,False,
None,2026-08-12 00:00:00,https://www.sec.gov/Archives/edgar/data/2021728/000162828026056186/0001628280-26-056186-index.htm,8-K,8-K,https://www.sec.gov/Archives/edgar/data/2021728/000162828026056186/cbrs-20260812.htm,False,
None,2026-08-12 00:00:00,https://www.sec.gov/Archives/edgar/data/2021728/000162828026056186/0001628280-26-056186-index.htm,EX-99.1,EX-99.1,https://www.sec.gov/Archives/edgar/data/2021728/000162828026056186/cbrsannouncesfinancialresu.htm,True,
CBRS,2026-08-12 00:00:00,https://www.sec.gov/Archives/edgar/data/2021728/000162828026056186/0001628280-26-056186-index.htm,8-K,8-K,https://www.sec.gov/Archives/edgar/data/2021728/000162828026056186/cbrs-20260812.htm,False,
CBRS,2026-08-12 00:00:00,https://www.sec.gov/Archives/edgar/data/2021728/000162828026056186/0001628280-26-056186-index.htm,EX-99.1,EX-99.1,https://www.sec.gov/Archives/edgar/data/2021728/000162828026056186/cbrsannouncesfinancialresu.htm,True,
MLCT,2026-08-12 00:00:00,https://www.sec.gov/Archives/edgar/data/1438943/000149315226037350/0001493152-26-037350-index.htm,8-K,8-K,https://www.sec.gov/Archives/edgar/data/1438943/000149315226037350/form8-k.htm,False,
MLCT,2026-08-12 00:00:00,https://www.sec.gov/Archives/edgar/data/1438943/000149315226037350/0001493152-26-037350-index.htm,EX-99.1,EX-99.1,https://www.sec.gov/Archives/edgar/data/1438943/000149315226037350/ex99-1.htm,False,
VBIO,2026-08-12 00:00:00,https://www.sec.gov/Archives/edgar/data/1438943/000149315226037350/0001493152-26-037350-index.htm,8-K,8-K,https://www.sec.gov/Archives/edgar/data/1438943/000149315226037350/form8-k.htm,False,
VBIO,2026-08-12 00:00:00,https://www.sec.gov/Archives/edgar/data/1438943/000149315226037350/0001493152-26-037350-index.htm,EX-99.1,EX-99.1,https://www.sec.gov/Archives/edgar/data/1438943/000149315226037350/ex99-1.htm,False,
ACRX,2026-08-12 00:00:00,https://www.sec.gov/Archives/edgar/data/1427925/000143774926027311/0001437749-26-027311-index.htm,8-K,FORM 8-K,https://www.sec.gov/Archives/edgar/data/1427925/000143774926027311/acrx20260811_8k.htm,False,
ACRX,2026-08-12 00:00:00,https://www.sec.gov/Archives/edgar/data/1427925/000143774926027311/0001437749-26-027311-index.htm,EX-99.1,EXHIBIT 99.1,https://www.sec.gov/Archives/edgar/data/1427925/000143774926027311/ex_1003190.htm,False,
TLPH,2026-08-12 00:00:00,https://www.sec.gov/Archives/edgar/data/1427925/000143774926027311/0001437749-26-027311-index.htm,8-K,FORM 8-K,https://www.sec.gov/Archives/edgar/data/1427925/000143774926027311/acrx20260811_8k.htm,False,
TLPH,2026-08-12 00:00:00,https://www.sec.gov/Archives/edgar/data/1427925/000143774926027311/0001437749-26-027311-index.htm,EX-99.1,EXHIBIT 99.1,https://www.sec.gov/Archives/edgar/data/1427925/000143774926027311/ex_1003190.htm,False,
SERA,2026-08-12 00:00:00,https://www.sec.gov/Archives/edgar/data/1534969/000119312526346846/0001193125-26-346846-index.htm,8-K,8-K,https://www.sec.gov/Archives/edgar/data/1534969/000119312526346846/sera-20260812.htm,False,
SERA,2026-08-12 00:00:00,https://www.sec.gov/Archives/edgar/data/1534969/000119312526346846/0001193125-26-346846-index.htm,EX-99.1,EX-99.1,https://www.sec.gov/Archives/edgar/data/1534969/000119312526346846/sera-ex99_1.htm,False,
JACK,2026-08-12 00:00:00,https://www.sec.gov/Archives/edgar/data/807882/000080788226000090/0000807882-26-000090-index.htm,8-K,8-K,https://www.sec.gov/Archives/edgar/data/807882/000080788226000090/jack-20260812.htm,False,
JACK,2026-08-12 00:00:00,https://www.sec.gov/Archives/edgar/data/807882/000080788226000090/0000807882-26-000090-index.htm,EX-99.1,EX-99.1,https://www.sec.gov/Archives/edgar/data/807882/000080788226000090/ex991-q326earningsrelease.htm,False,
INO,2026-08-12 00:00:00,https://www.sec.gov/Archives/edgar/data/1055726/000105572626000024/0001055726-26-000024-index.htm,8-K,8-K,https://www.sec.gov/Archives/edgar/data/1055726/000105572626000024/ino-20260812.htm,False,
INO,2026-08-12 00:00:00,https://www.sec.gov/Archives/edgar/data/1055726/000105572626000024/0001055726-26-000024-index.htm,EX-99.1,EX-99.1,https://www.sec.gov/Archives/edgar/data/1055726/000105572626000024/ino-63026x8kex991.htm,False,
OPRX,2026-08-12 00:00:00,https://www.sec.gov/Archives/edgar/data/1448431/000144843126000014/0001448431-26-000014-index.htm,8-K,8-K,https://www.sec.gov/Archives/edgar/data/1448431/000144843126000014/oprx-20260807.htm,False,
OPRX,2026-08-12 00:00:00,https://www.sec.gov/Archives/edgar/data/1448431/000144843126000014/0001448431-26-000014-index.htm,EX-10.1,EX-10.1,https://www.sec.gov/Archives/edgar/data/1448431/000144843126000014/ex101stelmakhseparationagr.htm,False,
OPRX,2026-08-12 00:00:00,https://www.sec.gov/Archives/edgar/data/1448431/000144843126000014/0001448431-26-000014-index.htm,EX-10.2,EX-10.2,https://www.sec.gov/Archives/edgar/data/1448431/000144843126000014/ex102dsilva_amendedrestate.htm,False,
OPRX,2026-08-12 00:00:00,https://www.sec.gov/Archives/edgar/data/1448431/000144843126000014/0001448431-26-000014-index.htm,EX-99.1,EX-99.1,https://www.sec.gov/Archives/edgar/data/1448431/000144843126000014/oprxq22026earningsrelease.htm,True,
AVBP,2026-08-12 00:00:00,https://www.sec.gov/Archives/edgar/data/1868279/000110465926094869/0001104659-26-094869-index.htm,8-K,FORM 8-K,https://www.sec.gov/Archives/edgar/data/1868279/000110465926094869/tm2622880d1_8k.htm,True,
AVBP,2026-08-12 00:00:00,https://www.sec.gov/Archives/edgar/data/1868279/000110465926094869/0001104659-26-094869-index.htm,EX-99.1,EXHIBIT 99.1,https://www.sec.gov/Archives/edgar/data/1868279/000110465926094869/tm2622880d1_ex99-1.htm,False,
ANDG,2026-08-12 00:00:00,https://www.sec.gov/Archives/edgar/data/2065708/000119312526346839/0001193125-26-346839-index.htm,8-K,8-K,https://www.sec.gov/Archives/edgar/data/2065708/000119312526346839/d122909d8k.htm,False,
ANDG,2026-08-12 00:00:00,https://www.sec.gov/Archives/edgar/data/2065708/000119312526346839/0001193125-26-346839-index.htm,EX-99.1,EX-99.1,https://www.sec.gov/Archives/edgar/data/2065708/000119312526346839/d122909dex991.htm,False,
QTIH,2026-08-12 00:00:00,https://www.sec.gov/Archives/edgar/data/1844505/000162828026056179/0001628280-26-056179-index.htm,8-K,8-K,https://www.sec.gov/Archives/edgar/data/1844505/000162828026056179/qti-20260812.htm,False,
QTIH,2026-08-12 00:00:00,https://www.sec.gov/Archives/edgar/data/1844505/000162828026056179/0001628280-26-056179-index.htm,EX-99.1,EX-99.1,https://www.sec.gov/Archives/edgar/data/1844505/000162828026056179/formq22026ex991pressrelease.htm,True,
QTIWW,2026-08-12 00:00:00,https://www.sec.gov/Archives/edgar/data/1844505/000162828026056179/0001628280-26-056179-index.htm,8-K,8-K,https://www.sec.gov/Archives/edgar/data/1844505/000162828026056179/qti-20260812.htm,False,
QTIWW,2026-08-12 00:00:00,https://www.sec.gov/Archives/edgar/data/1844505/000162828026056179/0001628280-26-056179-index.htm,EX-99.1,EX-99.1,https://www.sec.gov/Archives/edgar/data/1844505/000162828026056179/formq22026ex991pressrelease.htm,True,
GIA-UN,2026-08-12 00:00:00,https://www.sec.gov/Archives/edgar/data/1844505/000162828026056179/0001628280-26-056179-index.htm,8-K,8-K,https://www.sec.gov/Archives/edgar/data/1844505/000162828026056179/qti-20260812.htm,False,
GIA-UN,2026-08-12 00:00:00,https://www.sec.gov/Archives/edgar/data/1844505/000162828026056179/0001628280-26-056179-index.htm,EX-99.1,EX-99.1,https://www.sec.gov/Archives/edgar/data/1844505/000162828026056179/formq22026ex991pressrelease.htm,True,
GIA-WT,2026-08-12 00:00:00,https://www.sec.gov/Archives/edgar/data/1844505/000162828026056179/0001628280-26-056179-index.htm,8-K,8-K,https://www.sec.gov/Archives/edgar/data/1844505/000162828026056179/qti-20260812.htm,False,
GIA-WT,2026-08-12 00:00:00,https://www.sec.gov/Archives/edgar/data/1844505/000162828026056179/0001628280-26-056179-index.htm,EX-99.1,EX-99.1,https://www.sec.gov/Archives/edgar/data/1844505/000162828026056179/formq22026ex991pressrelease.htm,True,
QTI,2026-08-12 00:00:00,https://www.sec.gov/Archives/edgar/data/1844505/000162828026056179/0001628280-26-056179-index.htm,8-K,8-K,https://www.sec.gov/Archives/edgar/data/1844505/000162828026056179/qti-20260812.htm,False,
QTI,2026-08-12 00:00:00,https://www.sec.gov/Archives/edgar/data/1844505/000162828026056179/0001628280-26-056179-index.htm,EX-99.1,EX-99.1,https://www.sec.gov/Archives/edgar/data/1844505/000162828026056179/formq22026ex991pressrelease.htm,True,
GIA,2026-08-12 00:00:00,https://www.sec.gov/Archives/edgar/data/1844505/000162828026056179/0001628280-26-056179-index.htm,8-K,8-K,https://www.sec.gov/Archives/edgar/data/1844505/000162828026056179/qti-20260812.htm,False,
GIA,2026-08-12 00:00:00,https://www.sec.gov/Archives/edgar/data/1844505/000162828026056179/0001628280-26-056179-index.htm,EX-99.1,EX-99.1,https://www.sec.gov/Archives/edgar/data/1844505/000162828026056179/formq22026ex991pressrelease.htm,True,
SPIR-WT,2026-08-12 00:00:00,https://www.sec.gov/Archives/edgar/data/1816017/000119312526346835/0001193125-26-346835-index.htm,8-K,8-K,https://www.sec.gov/Archives/edgar/data/1816017/000119312526346835/spir-20260812.htm,False,
SPIR-WT,2026-08-12 00:00:00,https://www.sec.gov/Archives/edgar/data/1816017/000119312526346835/0001193125-26-346835-index.htm,EX-99.1,EX-99.1,https://www.sec.gov/Archives/edgar/data/1816017/000119312526346835/spir-ex99_1.htm,False,
NSH-UN,2026-08-12 00:00:00,https://www.sec.gov/Archives/edgar/data/1816017/000119312526346835/0001193125-26-346835-index.htm,8-K,8-K,https://www.sec.gov/Archives/edgar/data/1816017/000119312526346835/spir-20260812.htm,False,
NSH-UN,2026-08-12 00:00:00,https://www.sec.gov/Archives/edgar/data/1816017/000119312526346835/0001193125-26-346835-index.htm,EX-99.1,EX-99.1,https://www.sec.gov/Archives/edgar/data/1816017/000119312526346835/spir-ex99_1.htm,False,
SPIR,2026-08-12 00:00:00,https://www.sec.gov/Archives/edgar/data/1816017/000119312526346835/0001193125-26-346835-index.htm,8-K,8-K,https://www.sec.gov/Archives/edgar/data/1816017/000119312526346835/spir-20260812.htm,False,
SPIR,2026-08-12 00:00:00,https://www.sec.gov/Archives/edgar/data/1816017/000119312526346835/0001193125-26-346835-index.htm,EX-99.1,EX-99.1,https://www.sec.gov/Archives/edgar/data/1816017/000119312526346835/spir-ex99_1.htm,False,
NSH,2026-08-12 00:00:00,https://www.sec.gov/Archives/edgar/data/1816017/000119312526346835/0001193125-26-346835-index.htm,8-K,8-K,https://www.sec.gov/Archives/edgar/data/1816017/000119312526346835/spir-20260812.htm,False,
NSH,2026-08-12 00:00:00,https://www.sec.gov/Archives/edgar/data/1816017/000119312526346835/0001193125-26-346835-index.htm,EX-99.1,EX-99.1,https://www.sec.gov/Archives/edgar/data/1816017/000119312526346835/spir-ex99_1.htm,False,
KSCP,2026-08-12 00:00:00,https://www.sec.gov/Archives/edgar/data/1600983/000110465926094868/0001104659-26-094868-index.htm,8-K,8-K,https://www.sec.gov/Archives/edgar/data/1600983/000110465926094868/kscp-20260812x8k.htm,False,
KSCP,2026-08-12 00:00:00,https://www.sec.gov/Archives/edgar/data/1600983/000110465926094868/0001104659-26-094868-index.htm,EX-99.1,EX-99.1,https://www.sec.gov/Archives/edgar/data/1600983/000110465926094868/kscp-20260812xex99d1.htm,False,
CSCO,2026-08-12 00:00:00,https://www.sec.gov/Archives/edgar/data/858877/000085887726000106/0000858877-26-000106-index.htm,8-K,8-K,https://www.sec.gov/Archives/edgar/data/858877/000085887726000106/csco-20260812.htm,False,
CSCO,2026-08-12 00:00:00,https://www.sec.gov/Archives/edgar/data/858877/000085887726000106/0000858877-26-000106-index.htm,EX-99.1,EX-99.1,https://www.sec.gov/Archives/edgar/data/858877/000085887726000106/exhibit991pressrelease-q4f.htm,False,
LUV,2026-08-12 00:00:00,https://www.sec.gov/Archives/edgar/data/92380/000009238026000098/0000092380-26-000098-index.htm,8-K,8-K,https://www.sec.gov/Archives/edgar/data/92380/000009238026000098/luv-20260810.htm,True,
LUV,2026-08-12 00:00:00,https://www.sec.gov/Archives/edgar/data/92380/000009238026000098/0000092380-26-000098-index.htm,EX-10.1,EX-10.1 REVOLVING CREDIT FACILITY AGREEMENT,https://www.sec.gov/Archives/edgar/data/92380/000009238026000098/southwest-creditagreemen.htm,True,
SGRP,2026-08-12 00:00:00,https://www.sec.gov/Archives/edgar/data/1004989/000143774926027309/0001437749-26-027309-index.htm,8-K,FORM 8-K,https://www.sec.gov/Archives/edgar/data/1004989/000143774926027309/sgrp20260812_8k.htm,False,
MDV-PA,2026-08-12 00:00:00,https://www.sec.gov/Archives/edgar/data/1645873/000110465926094865/0001104659-26-094865-index.htm,8-K,FORM 8-K,https://www.sec.gov/Archives/edgar/data/1645873/000110465926094865/tm2622928d1_8k.htm,True,
MDV,2026-08-12 00:00:00,https://www.sec.gov/Archives/edgar/data/1645873/000110465926094865/0001104659-26-094865-index.htm,8-K,FORM 8-K,https://www.sec.gov/Archives/edgar/data/1645873/000110465926094865/tm2622928d1_8k.htm,True,
None,2026-08-12 00:00:00,https://www.sec.gov/Archives/edgar/data/1271833/000110465926094863/0001104659-26-094863-index.htm,8-K,FORM 8-K,https://www.sec.gov/Archives/edgar/data/1091667/000110465926094863/tm2622892d1_8k.htm,True,
None,2026-08-12 00:00:00,https://www.sec.gov/Archives/edgar/data/1271834/000110465926094863/0001104659-26-094863-index.htm,8-K,FORM 8-K,https://www.sec.gov/Archives/edgar/data/1091667/000110465926094863/tm2622892d1_8k.htm,True,
CHTR,2026-08-12 00:00:00,https://www.sec.gov/Archives/edgar/data/1091667/000110465926094863/0001104659-26-094863-index.htm,8-K,FORM 8-K,https://www.sec.gov/Archives/edgar/data/1091667/000110465926094863/tm2622892d1_8k.htm,True,
DKL,2026-08-12 00:00:00,https://www.sec.gov/Archives/edgar/data/1552797/000119312526346821/0001193125-26-346821-index.htm,8-K,8-K,https://www.sec.gov/Archives/edgar/data/1552797/000119312526346821/d138814d8k.htm,False,
DKL,2026-08-12 00:00:00,https://www.sec.gov/Archives/edgar/data/1552797/000119312526346821/0001193125-26-346821-index.htm,EX-99.1,EX-99.1,https://www.sec.gov/Archives/edgar/data/1552797/000119312526346821/d138814dex991.htm,True,
DERM,2026-08-12 00:00:00,https://www.sec.gov/Archives/edgar/data/1867066/000110465926094862/0001104659-26-094862-index.htm,8-K,FORM 8-K,https://www.sec.gov/Archives/edgar/data/1867066/000110465926094862/tm2622742d1_8k.htm,False,
DERM,2026-08-12 00:00:00,https://www.sec.gov/Archives/edgar/data/1867066/000110465926094862/0001104659-26-094862-index.htm,EX-99.1,EXHIBIT 99.1,https://www.sec.gov/Archives/edgar/data/1867066/000110465926094862/tm2622742d1_ex99-1.htm,True,
LFTO,2026-08-12 00:00:00,https://www.sec.gov/Archives/edgar/data/1850351/000162828026056173/0001628280-26-056173-index.htm,8-K,8-K,https://www.sec.gov/Archives/edgar/data/1850351/000162828026056173/lfto-20260812.htm,False,
LFTO,2026-08-12 00:00:00,https://www.sec.gov/Archives/edgar/data/1850351/000162828026056173/0001628280-26-056173-index.htm,EX-99.1,EX-99.1,https://www.sec.gov/Archives/edgar/data/1850351/000162828026056173/fy26q2earningsrelease.htm,False,
POR,2026-08-12 00:00:00,https://www.sec.gov/Archives/edgar/data/784977/000119312526346816/0001193125-26-346816-index.htm,8-K,8-K,https://www.sec.gov/Archives/edgar/data/784977/000119312526346816/por-20260812.htm,False,
NERV,2026-08-12 00:00:00,https://www.sec.gov/Archives/edgar/data/1598646/000119312526346817/0001193125-26-346817-index.htm,8-K,8-K,https://www.sec.gov/Archives/edgar/data/1598646/000119312526346817/d116503d8k.htm,False,
BLUWU,2026-08-12 00:00:00,https://www.sec.gov/Archives/edgar/data/2050501/000110465926094858/0001104659-26-094858-index.htm,8-K,FORM 8-K,https://www.sec.gov/Archives/edgar/data/2050501/000110465926094858/tm2622935d1_8k.htm,True,
BLUWU,2026-08-12 00:00:00,https://www.sec.gov/Archives/edgar/data/2050501/000110465926094858/0001104659-26-094858-index.htm,EX-10.1,EXHIBIT 10.1,https://www.sec.gov/Archives/edgar/data/2050501/000110465926094858/tm2622935d1_ex10-1.htm,False,
BLUW,2026-08-12 00:00:00,https://www.sec.gov/Archives/edgar/data/2050501/000110465926094858/0001104659-26-094858-index.htm,8-K,FORM 8-K,https://www.sec.gov/Archives/edgar/data/2050501/000110465926094858/tm2622935d1_8k.htm,True,
BLUW,2026-08-12 00:00:00,https://www.sec.gov/Archives/edgar/data/2050501/000110465926094858/0001104659-26-094858-index.htm,EX-10.1,EXHIBIT 10.1,https://www.sec.gov/Archives/edgar/data/2050501/000110465926094858/tm2622935d1_ex10-1.htm,False,
BLUWW,2026-08-12 00:00:00,https://www.sec.gov/Archives/edgar/data/2050501/000110465926094858/0001104659-26-094858-index.htm,8-K,FORM 8-K,https://www.sec.gov/Archives/edgar/data/2050501/000110465926094858/tm2622935d1_8k.htm,True,
BLUWW,2026-08-12 00:00:00,https://www.sec.gov/Archives/edgar/data/2050501/000110465926094858/0001104659-26-094858-index.htm,EX-10.1,EXHIBIT 10.1,https://www.sec.gov/Archives/edgar/data/2050501/000110465926094858/tm2622935d1_ex10-1.htm,False,
ETST,2026-08-12 00:00:00,https://www.sec.gov/Archives/edgar/data/1538495/000149315226037339/0001493152-26-037339-index.htm,8-K,8-K,https://www.sec.gov/Archives/edgar/data/1538495/000149315226037339/form8-k.htm,False,
ETST,2026-08-12 00:00:00,https://www.sec.gov/Archives/edgar/data/1538495/000149315226037339/0001493152-26-037339-index.htm,EX-99.1,EX-99.1,https://www.sec.gov/Archives/edgar/data/1538495/000149315226037339/ex99-1.htm,False,
UNOV,2026-08-12 00:00:00,https://www.sec.gov/Archives/edgar/data/1538495/000149315226037339/0001493152-26-037339-index.htm,8-K,8-K,https://www.sec.gov/Archives/edgar/data/1538495/000149315226037339/form8-k.htm,False,
UNOV,2026-08-12 00:00:00,https://www.sec.gov/Archives/edgar/data/1538495/000149315226037339/0001493152-26-037339-index.htm,EX-99.1,EX-99.1,https://www.sec.gov/Archives/edgar/data/1538495/000149315226037339/ex99-1.htm,False,
NSYS,2026-08-12 00:00:00,https://www.sec.gov/Archives/edgar/data/722313/000149315226037337/0001493152-26-037337-index.htm,8-K,8-K,https://www.sec.gov/Archives/edgar/data/722313/000149315226037337/form8-k.htm,False,
NSYS,2026-08-12 00:00:00,https://www.sec.gov/Archives/edgar/data/722313/000149315226037337/0001493152-26-037337-index.htm,EX-99.1,EX-99.1,https://www.sec.gov/Archives/edgar/data/722313/000149315226037337/ex99-1.htm,True,
GAME,2026-08-12 00:00:00,https://www.sec.gov/Archives/edgar/data/1714562/000149315226037336/0001493152-26-037336-index.htm,8-K,8-K,https://www.sec.gov/Archives/edgar/data/1714562/000149315226037336/form8-k.htm,False,
GAME,2026-08-12 00:00:00,https://www.sec.gov/Archives/edgar/data/1714562/000149315226037336/0001493152-26-037336-index.htm,EX-99.1,EX-99.1,https://www.sec.gov/Archives/edgar/data/1714562/000149315226037336/ex99-1.htm,False,
AMPGW,2026-08-12 00:00:00,https://www.sec.gov/Archives/edgar/data/1518461/000149315226037338/0001493152-26-037338-index.htm,8-K,8-K,https://www.sec.gov/Archives/edgar/data/1518461/000149315226037338/form8-k.htm,True,
AMPG,2026-08-12 00:00:00,https://www.sec.gov/Archives/edgar/data/1518461/000149315226037338/0001493152-26-037338-index.htm,8-K,8-K,https://www.sec.gov/Archives/edgar/data/1518461/000149315226037338/form8-k.htm,True,
None,2026-08-12 00:00:00,https://www.sec.gov/Archives/edgar/data/4515/000119312526346815/0001193125-26-346815-index.htm,8-K,8-K,https://www.sec.gov/Archives/edgar/data/4515/000119312526346815/d167842d8k.htm,True,
LMRI,2026-08-12 00:00:00,https://www.sec.gov/Archives/edgar/data/2071288/000119312526346813/0001193125-26-346813-index.htm,8-K,8-K,https://www.sec.gov/Archives/edgar/data/2071288/000119312526346813/d113773d8k.htm,False,
LMRI,2026-08-12 00:00:00,https://www.sec.gov/Archives/edgar/data/2071288/000119312526346813/0001193125-26-346813-index.htm,EX-99.1,EX-99.1,https://www.sec.gov/Archives/edgar/data/2071288/000119312526346813/d113773dex991.htm,False,
INTC,2026-08-12 00:00:00,https://www.sec.gov/Archives/edgar/data/50863/000119312526346806/0001193125-26-346806-index.htm,8-K,8-K,https://www.sec.gov/Archives/edgar/data/50863/000119312526346806/d117670d8k.htm,False,
INTC,2026-08-12 00:00:00,https://www.sec.gov/Archives/edgar/data/50863/000119312526346806/0001193125-26-346806-index.htm,EX-99.1,EX-99.1,https://www.sec.gov/Archives/edgar/data/50863/000119312526346806/d117670dex991.htm,False,
MTEX,2026-08-12 00:00:00,https://www.sec.gov/Archives/edgar/data/1056358/000143774926027305/0001437749-26-027305-index.htm,8-K,FORM 8-K,https://www.sec.gov/Archives/edgar/data/1056358/000143774926027305/mtex20260730_8k.htm,False,
MTEX,2026-08-12 00:00:00,https://www.sec.gov/Archives/edgar/data/1056358/000143774926027305/0001437749-26-027305-index.htm,EX-99.1,EXHIBIT 99.1,https://www.sec.gov/Archives/edgar/data/1056358/000143774926027305/ex_996253.htm,False,
QRVO,2026-08-12 00:00:00,https://www.sec.gov/Archives/edgar/data/1604778/000162828026056169/0001628280-26-056169-index.htm,8-K,8-K,https://www.sec.gov/Archives/edgar/data/1604778/000162828026056169/rfmd-20260811.htm,False,
STAA,2026-08-12 00:00:00,https://www.sec.gov/Archives/edgar/data/718937/000071893726000036/0000718937-26-000036-index.htm,8-K,8-K,https://www.sec.gov/Archives/edgar/data/718937/000071893726000036/staa-20260812.htm,False,
STAA,2026-08-12 00:00:00,https://www.sec.gov/Archives/edgar/data/718937/000071893726000036/0000718937-26-000036-index.htm,EX-99.1,EX-99.1,https://www.sec.gov/Archives/edgar/data/718937/000071893726000036/staa-ex99_1.htm,False,
GO,2026-08-12 00:00:00,https://www.sec.gov/Archives/edgar/data/1771515/000177151526000065/0001771515-26-000065-index.htm,8-K,8-K,https://www.sec.gov/Archives/edgar/data/1771515/000177151526000065/go-20260812.htm,False,
GO,2026-08-12 00:00:00,https://www.sec.gov/Archives/edgar/data/1771515/000177151526000065/0001771515-26-000065-index.htm,EX-99.1,EX-99.1,https://www.sec.gov/Archives/edgar/data/1771515/000177151526000065/a2026q2exhibit991.htm,True,
RCLFW,2026-08-12 00:00:00,https://www.sec.gov/Archives/edgar/data/1833498/000121390026088341/0001213900-26-088341-index.htm,8-K,CURRENT REPORT,https://www.sec.gov/Archives/edgar/data/1833498/000121390026088341/ea0301807-8k_spectral.htm,False,
RCLFW,2026-08-12 00:00:00,https://www.sec.gov/Archives/edgar/data/1833498/000121390026088341/0001213900-26-088341-index.htm,EX-99.1,"PRESS RELEASE ISSUED BY SPECTRAL AI, INC. ON AUGUST 11, 2026",https://www.sec.gov/Archives/edgar/data/1833498/000121390026088341/ea030180701ex99-1.htm,False,
RCLFU,2026-08-12 00:00:00,https://www.sec.gov/Archives/edgar/data/1833498/000121390026088341/0001213900-26-088341-index.htm,8-K,CURRENT REPORT,https://www.sec.gov/Archives/edgar/data/1833498/000121390026088341/ea0301807-8k_spectral.htm,False,
RCLFU,2026-08-12 00:00:00,https://www.sec.gov/Archives/edgar/data/1833498/000121390026088341/0001213900-26-088341-index.htm,EX-99.1,"PRESS RELEASE ISSUED BY SPECTRAL AI, INC. ON AUGUST 11, 2026",https://www.sec.gov/Archives/edgar/data/1833498/000121390026088341/ea030180701ex99-1.htm,False,
RCLF,2026-08-12 00:00:00,https://www.sec.gov/Archives/edgar/data/1833498/000121390026088341/0001213900-26-088341-index.htm,8-K,CURRENT REPORT,https://www.sec.gov/Archives/edgar/data/1833498/000121390026088341/ea0301807-8k_spectral.htm,False,
RCLF,2026-08-12 00:00:00,https://www.sec.gov/Archives/edgar/data/1833498/000121390026088341/0001213900-26-088341-index.htm,EX-99.1,"PRESS RELEASE ISSUED BY SPECTRAL AI, INC. ON AUGUST 11, 2026",https://www.sec.gov/Archives/edgar/data/1833498/000121390026088341/ea030180701ex99-1.htm,False,
MDAI,2026-08-12 00:00:00,https://www.sec.gov/Archives/edgar/data/1833498/000121390026088341/0001213900-26-088341-index.htm,8-K,CURRENT REPORT,https://www.sec.gov/Archives/edgar/data/1833498/000121390026088341/ea0301807-8k_spectral.htm,False,
MDAI,2026-08-12 00:00:00,https://www.sec.gov/Archives/edgar/data/1833498/000121390026088341/0001213900-26-088341-index.htm,EX-99.1,"PRESS RELEASE ISSUED BY SPECTRAL AI, INC. ON AUGUST 11, 2026",https://www.sec.gov/Archives/edgar/data/1833498/000121390026088341/ea030180701ex99-1.htm,False,
SGMOQ,2026-08-12 00:00:00,https://www.sec.gov/Archives/edgar/data/1001233/000119312526346796/0001193125-26-346796-index.htm,8-K,8-K,https://www.sec.gov/Archives/edgar/data/1001233/000119312526346796/d21956d8k.htm,False,
SGMOQ,2026-08-12 00:00:00,https://www.sec.gov/Archives/edgar/data/1001233/000119312526346796/0001193125-26-346796-index.htm,EX-99.1,EX-99.1,https://www.sec.gov/Archives/edgar/data/1001233/000119312526346796/d21956dex991.htm,True,
SGMO,2026-08-12 00:00:00,https://www.sec.gov/Archives/edgar/data/1001233/000119312526346796/0001193125-26-346796-index.htm,8-K,8-K,https://www.sec.gov/Archives/edgar/data/1001233/000119312526346796/d21956d8k.htm,False,
SGMO,2026-08-12 00:00:00,https://www.sec.gov/Archives/edgar/data/1001233/000119312526346796/0001193125-26-346796-index.htm,EX-99.1,EX-99.1,https://www.sec.gov/Archives/edgar/data/1001233/000119312526346796/d21956dex991.htm,True,
EYEN,2026-08-12 00:00:00,https://www.sec.gov/Archives/edgar/data/1682639/000110465926094849/0001104659-26-094849-index.htm,8-K,FORM 8-K,https://www.sec.gov/Archives/edgar/data/1682639/000110465926094849/tm2622908d1_8k.htm,False,
EYEN,2026-08-12 00:00:00,https://www.sec.gov/Archives/edgar/data/1682639/000110465926094849/0001104659-26-094849-index.htm,EX-99.1,EXHIBIT 99.1,https://www.sec.gov/Archives/edgar/data/1682639/000110465926094849/tm2622908d1_ex99-1.htm,False,
None,2026-08-12 00:00:00,https://www.sec.gov/Archives/edgar/data/2094496/000162828026056164/0001628280-26-056164-index.htm,8-K,8-K,https://www.sec.gov/Archives/edgar/data/2094496/000162828026056164/secz-20260812.htm,False,
None,2026-08-12 00:00:00,https://www.sec.gov/Archives/edgar/data/2094496/000162828026056164/0001628280-26-056164-index.htm,EX-99.1,EX-99.1,https://www.sec.gov/Archives/edgar/data/2094496/000162828026056164/exhibit991-secz2q26earning.htm,False,
OTLKW,2026-08-12 00:00:00,https://www.sec.gov/Archives/edgar/data/1649989/000110465926094848/0001104659-26-094848-index.htm,8-K,FORM 8-K,https://www.sec.gov/Archives/edgar/data/1649989/000110465926094848/tm2622278d1_8k.htm,False,
OTLKW,2026-08-12 00:00:00,https://www.sec.gov/Archives/edgar/data/1649989/000110465926094848/0001104659-26-094848-index.htm,EX-99.1,EXHIBIT 99.1,https://www.sec.gov/Archives/edgar/data/1649989/000110465926094848/tm2622278d1_ex99-1.htm,False,
OTLK,2026-08-12 00:00:00,https://www.sec.gov/Archives/edgar/data/1649989/000110465926094848/0001104659-26-094848-index.htm,8-K,FORM 8-K,https://www.sec.gov/Archives/edgar/data/1649989/000110465926094848/tm2622278d1_8k.htm,False,
OTLK,2026-08-12 00:00:00,https://www.sec.gov/Archives/edgar/data/1649989/000110465926094848/0001104659-26-094848-index.htm,EX-99.1,EXHIBIT 99.1,https://www.sec.gov/Archives/edgar/data/1649989/000110465926094848/tm2622278d1_ex99-1.htm,False,
OFLX,2026-08-12 00:00:00,https://www.sec.gov/Archives/edgar/data/1317945/000149315226037334/0001493152-26-037334-index.htm,8-K,8-K,https://www.sec.gov/Archives/edgar/data/1317945/000149315226037334/form8-k.htm,False,
OFLX,2026-08-12 00:00:00,https://www.sec.gov/Archives/edgar/data/1317945/000149315226037334/0001493152-26-037334-index.htm,EX-99.1,EX-99.1,https://www.sec.gov/Archives/edgar/data/1317945/000149315226037334/ex99-1.htm,False,
CGRN,2026-08-12 00:00:00,https://www.sec.gov/Archives/edgar/data/1009759/000110465926094841/0001104659-26-094841-index.htm,8-K,8-K,https://www.sec.gov/Archives/edgar/data/1009759/000110465926094841/cepl-20260812x8k.htm,False,
CGRN,2026-08-12 00:00:00,https://www.sec.gov/Archives/edgar/data/1009759/000110465926094841/0001104659-26-094841-index.htm,EX-99.1,EX-99.1,https://www.sec.gov/Archives/edgar/data/1009759/000110465926094841/cepl-20260812xex99d1.htm,False,
CGEH,2026-08-12 00:00:00,https://www.sec.gov/Archives/edgar/data/1009759/000110465926094841/0001104659-26-094841-index.htm,8-K,8-K,https://www.sec.gov/Archives/edgar/data/1009759/000110465926094841/cepl-20260812x8k.htm,False,
CGEH,2026-08-12 00:00:00,https://www.sec.gov/Archives/edgar/data/1009759/000110465926094841/0001104659-26-094841-index.htm,EX-99.1,EX-99.1,https://www.sec.gov/Archives/edgar/data/1009759/000110465926094841/cepl-20260812xex99d1.htm,False,
CVV,2026-08-12 00:00:00,https://www.sec.gov/Archives/edgar/data/766792/000149315226037329/0001493152-26-037329-index.htm,8-K,8-K,https://www.sec.gov/Archives/edgar/data/766792/000149315226037329/form8-k.htm,False,
CVV,2026-08-12 00:00:00,https://www.sec.gov/Archives/edgar/data/766792/000149315226037329/0001493152-26-037329-index.htm,EX-99.1,EX-99.1,https://www.sec.gov/Archives/edgar/data/766792/000149315226037329/ex99-1.htm,False,
INLX,2026-08-12 00:00:00,https://www.sec.gov/Archives/edgar/data/1081745/000149315226037327/0001493152-26-037327-index.htm,8-K,8-K,https://www.sec.gov/Archives/edgar/data/1081745/000149315226037327/form8-k.htm,False,
INLX,2026-08-12 00:00:00,https://www.sec.gov/Archives/edgar/data/1081745/000149315226037327/0001493152-26-037327-index.htm,EX-99.1,EX-99.1,https://www.sec.gov/Archives/edgar/data/1081745/000149315226037327/ex99-1.htm,False,
USIO,2026-08-12 00:00:00,https://www.sec.gov/Archives/edgar/data/1088034/000143774926027301/0001437749-26-027301-index.htm,8-K,FORM 8-K,https://www.sec.gov/Archives/edgar/data/1088034/000143774926027301/usio20260608_8k.htm,False,
USIO,2026-08-12 00:00:00,https://www.sec.gov/Archives/edgar/data/1088034/000143774926027301/0001437749-26-027301-index.htm,EX-99.1,EXHIBIT 99.1,https://www.sec.gov/Archives/edgar/data/1088034/000143774926027301/ex_973961.htm,False,
MDIA,2026-08-12 00:00:00,https://www.sec.gov/Archives/edgar/data/1784254/000178425426000031/0001784254-26-000031-index.htm,8-K,8-K,https://www.sec.gov/Archives/edgar/data/1784254/000178425426000031/mdia-20260807.htm,False,
TMGI,2026-08-12 00:00:00,https://www.sec.gov/Archives/edgar/data/1434601/000168316826006258/0001683168-26-006258-index.htm,8-K,CURRENT REPORT,https://www.sec.gov/Archives/edgar/data/1434601/000168316826006258/tmgi_8k.htm,False,
TMGID,2026-08-12 00:00:00,https://www.sec.gov/Archives/edgar/data/1434601/000168316826006258/0001683168-26-006258-index.htm,8-K,CURRENT REPORT,https://www.sec.gov/Archives/edgar/data/1434601/000168316826006258/tmgi_8k.htm,False,
VRME,2026-08-12 00:00:00,https://www.sec.gov/Archives/edgar/data/1104038/000121465926009986/0001214659-26-009986-index.htm,8-K,,https://www.sec.gov/Archives/edgar/data/1104038/000121465926009986/o8122618k.htm,True,
VRMEW,2026-08-12 00:00:00,https://www.sec.gov/Archives/edgar/data/1104038/000121465926009986/0001214659-26-009986-index.htm,8-K,,https://www.sec.gov/Archives/edgar/data/1104038/000121465926009986/o8122618k.htm,True,
None,2026-08-12 00:00:00,https://www.sec.gov/Archives/edgar/data/1786835/000114036126032465/0001140361-26-032465-index.htm,8-K,8-K,https://www.sec.gov/Archives/edgar/data/1786835/000114036126032465/ef20080077_8k.htm,True,
None,2026-08-12 00:00:00,https://www.sec.gov/Archives/edgar/data/1786835/000114036126032465/0001140361-26-032465-index.htm,EX-10.1,EXHIBIT 10.1,https://www.sec.gov/Archives/edgar/data/1786835/000114036126032465/ef20080077_ex10-1.htm,True,
ALDS,2026-08-12 00:00:00,https://www.sec.gov/Archives/edgar/data/1755101/000109690626001208/0001096906-26-001208-index.htm,8-K,"APPLIFE DIGITAL SOLUTIONS, INC. - FORM 8-K SEC FILING",https://www.sec.gov/Archives/edgar/data/1755101/000109690626001208/alds-20260805_8-k.htm,True,
ALDS,2026-08-12 00:00:00,https://www.sec.gov/Archives/edgar/data/1755101/000109690626001208/0001096906-26-001208-index.htm,EX-10.1,"FORM OF SECURITIES PURCHASE AGREEMENT, DATED AUGUST 5, 2026FORM OF SECURITIES PU",https://www.sec.gov/Archives/edgar/data/1755101/000109690626001208/alds_ex10z1.htm,False,
ITOX,2026-08-12 00:00:00,https://www.sec.gov/Archives/edgar/data/1290658/000168316826006251/0001683168-26-006251-index.htm,8-K,CURRENT REPORT,https://www.sec.gov/Archives/edgar/data/1290658/000168316826006251/iiot_8k.htm,True,
ITOX,2026-08-12 00:00:00,https://www.sec.gov/Archives/edgar/data/1290658/000168316826006251/0001683168-26-006251-index.htm,EX-10.1,AMENDMENT NO. 2 TO THE SECURITIES PURCHASE AGREEMENT WITH GHS INVESTMENTS,https://www.sec.gov/Archives/edgar/data/1290658/000168316826006251/iiot_ex1001.htm,False,
None,2026-08-12 00:00:00,https://www.sec.gov/Archives/edgar/data/1711929/000119312526346366/0001193125-26-346366-index.htm,8-K,8-K,https://www.sec.gov/Archives/edgar/data/1711929/000119312526346366/ck0001711929-20260811.htm,False,
BHM-WI,2026-08-12 00:00:00,https://www.sec.gov/Archives/edgar/data/1903382/000110465926094678/0001104659-26-094678-index.htm,8-K,FORM 8-K,https://www.sec.gov/Archives/edgar/data/1903382/000110465926094678/tm2622939d1_8k.htm,False,
BHM,2026-08-12 00:00:00,https://www.sec.gov/Archives/edgar/data/1903382/000110465926094678/0001104659-26-094678-index.htm,8-K,FORM 8-K,https://www.sec.gov/Archives/edgar/data/1903382/000110465926094678/tm2622939d1_8k.htm,False,
None,2026-08-12 00:00:00,https://www.sec.gov/Archives/edgar/data/890975/000110465926094677/0001104659-26-094677-index.htm,8-K,FORM 8-K,https://www.sec.gov/Archives/edgar/data/890975/000110465926094677/tm2620484d9_8k.htm,True,
None,2026-08-12 00:00:00,https://www.sec.gov/Archives/edgar/data/890975/000110465926094677/0001104659-26-094677-index.htm,EX-10.1,EXHIBIT 10.1,https://www.sec.gov/Archives/edgar/data/890975/000110465926094677/tm2620484d9_ex10-1.htm,False,
None,2026-08-12 00:00:00,https://www.sec.gov/Archives/edgar/data/890975/000110465926094677/0001104659-26-094677-index.htm,EX-10.2,EXHIBIT 10.2,https://www.sec.gov/Archives/edgar/data/890975/000110465926094677/tm2620484d9_ex10-2.htm,False,
None,2026-08-12 00:00:00,https://www.sec.gov/Archives/edgar/data/2143476/000110465926094677/0001104659-26-094677-index.htm,8-K,FORM 8-K,https://www.sec.gov/Archives/edgar/data/890975/000110465926094677/tm2620484d9_8k.htm,True,
None,2026-08-12 00:00:00,https://www.sec.gov/Archives/edgar/data/2143476/000110465926094677/0001104659-26-094677-index.htm,EX-10.1,EXHIBIT 10.1,https://www.sec.gov/Archives/edgar/data/890975/000110465926094677/tm2620484d9_ex10-1.htm,False,
None,2026-08-12 00:00:00,https://www.sec.gov/Archives/edgar/data/2143476/000110465926094677/0001104659-26-094677-index.htm,EX-10.2,EXHIBIT 10.2,https://www.sec.gov/Archives/edgar/data/890975/000110465926094677/tm2620484d9_ex10-2.htm,False,
COR,2026-08-12 00:00:00,https://www.sec.gov/Archives/edgar/data/1140859/000110465926094676/0001104659-26-094676-index.htm,8-K,FORM 8-K,https://www.sec.gov/Archives/edgar/data/1140859/000110465926094676/tm2622984d1_8k.htm,False,
ABC,2026-08-12 00:00:00,https://www.sec.gov/Archives/edgar/data/1140859/000110465926094676/0001104659-26-094676-index.htm,8-K,FORM 8-K,https://www.sec.gov/Archives/edgar/data/1140859/000110465926094676/tm2622984d1_8k.htm,False,
GBR,2026-08-12 00:00:00,https://www.sec.gov/Archives/edgar/data/105744/000121465926009958/0001214659-26-009958-index.htm,8-K,,https://www.sec.gov/Archives/edgar/data/105744/000121465926009958/o8112658k.htm,False,
GBR,2026-08-12 00:00:00,https://www.sec.gov/Archives/edgar/data/105744/000121465926009958/0001214659-26-009958-index.htm,EX-99.1,EXHIBIT 99.1,https://www.sec.gov/Archives/edgar/data/105744/000121465926009958/ex99_1.htm,False,
PTMN,2026-08-12 00:00:00,https://www.sec.gov/Archives/edgar/data/1372807/000119312526346267/0001193125-26-346267-index.htm,8-K,8-K,https://www.sec.gov/Archives/edgar/data/1372807/000119312526346267/d175478d8k.htm,True,
PTMN,2026-08-12 00:00:00,https://www.sec.gov/Archives/edgar/data/1372807/000119312526346267/0001193125-26-346267-index.htm,EX-10.1,EX-10.1,https://www.sec.gov/Archives/edgar/data/1372807/000119312526346267/d175478dex101.htm,True,
BCIC,2026-08-12 00:00:00,https://www.sec.gov/Archives/edgar/data/1372807/000119312526346267/0001193125-26-346267-index.htm,8-K,8-K,https://www.sec.gov/Archives/edgar/data/1372807/000119312526346267/d175478d8k.htm,True,
BCIC,2026-08-12 00:00:00,https://www.sec.gov/Archives/edgar/data/1372807/000119312526346267/0001193125-26-346267-index.htm,EX-10.1,EX-10.1,https://www.sec.gov/Archives/edgar/data/1372807/000119312526346267/d175478dex101.htm,True,
CLH,2026-08-12 00:00:00,https://www.sec.gov/Archives/edgar/data/822818/000082281826000037/0000822818-26-000037-index.htm,8-K,8-K,https://www.sec.gov/Archives/edgar/data/822818/000082281826000037/clh-20260812.htm,False,
CLH,2026-08-12 00:00:00,https://www.sec.gov/Archives/edgar/data/822818/000082281826000037/0000822818-26-000037-index.htm,EX-99.1,EX-99.1,https://www.sec.gov/Archives/edgar/data/822818/000082281826000037/enviroservepressrelease.htm,False,
TBTC,2026-08-12 00:00:00,https://www.sec.gov/Archives/edgar/data/1090396/000143774926027198/0001437749-26-027198-index.htm,8-K,FORM 8-K,https://www.sec.gov/Archives/edgar/data/1090396/000143774926027198/tbltrc20260812_8k.htm,False,
CURLF,2026-08-12 00:00:00,https://www.sec.gov/Archives/edgar/data/1756770/000162828026056012/0001628280-26-056012-index.htm,8-K,8-K,https://www.sec.gov/Archives/edgar/data/1756770/000162828026056012/curlf-20260811.htm,False,
CURLF,2026-08-12 00:00:00,https://www.sec.gov/Archives/edgar/data/1756770/000162828026056012/0001628280-26-056012-index.htm,EX-99.1,EX-99.1,https://www.sec.gov/Archives/edgar/data/1756770/000162828026056012/a2026-08x11xcuraleafxann.htm,False,
NGS,2026-08-12 00:00:00,https://www.sec.gov/Archives/edgar/data/1084991/000108499126000086/0001084991-26-000086-index.htm,8-K,8-K,https://www.sec.gov/Archives/edgar/data/1084991/000108499126000086/ngs-20260811.htm,False,
NGS,2026-08-12 00:00:00,https://www.sec.gov/Archives/edgar/data/1084991/000108499126000086/0001084991-26-000086-index.htm,EX-99.1,EX-99.1,https://www.sec.gov/Archives/edgar/data/1084991/000108499126000086/a2q2026conferncecallscri.htm,False,
None,2026-08-12 00:00:00,https://www.sec.gov/Archives/edgar/data/1289237/000168316826006247/0001683168-26-006247-index.htm,8-K,CURRENT REPORT,https://www.sec.gov/Archives/edgar/data/1289237/000168316826006247/uspb_8k.htm,False,
None,2026-08-12 00:00:00,https://www.sec.gov/Archives/edgar/data/1289237/000168316826006247/0001683168-26-006247-index.htm,EX-99.1,NEWSLETTER,https://www.sec.gov/Archives/edgar/data/1289237/000168316826006247/uspb_ex9901.htm,False,
None,2026-08-12 00:00:00,https://www.sec.gov/Archives/edgar/data/1314152/000131415226000151/0001314152-26-000151-index.htm,8-K,8-K,https://www.sec.gov/Archives/edgar/data/1314152/000131415226000151/jllip-20260811.htm,False,
None,2026-08-12 00:00:00,https://www.sec.gov/Archives/edgar/data/1314152/000131415226000151/0001314152-26-000151-index.htm,EX-99.1,EX-99.1,https://www.sec.gov/Archives/edgar/data/1314152/000131415226000151/a08122026jlliptpressreleas.htm,False,
VCTR,2026-08-12 00:00:00,https://www.sec.gov/Archives/edgar/data/1570827/000119312526346020/0001193125-26-346020-index.htm,8-K,8-K,https://www.sec.gov/Archives/edgar/data/1570827/000119312526346020/vctr-20260812.htm,False,
VCTR,2026-08-12 00:00:00,https://www.sec.gov/Archives/edgar/data/1570827/000119312526346020/0001193125-26-346020-index.htm,EX-99.1,EX-99.1,https://www.sec.gov/Archives/edgar/data/1570827/000119312526346020/vctr-ex99_1.htm,False,
SYY,2026-08-12 00:00:00,https://www.sec.gov/Archives/edgar/data/96021/000095014226002314/0000950142-26-002314-index.htm,8-K,FORM 8-K,https://www.sec.gov/Archives/edgar/data/96021/000095014226002314/eh260819217_8k.htm,False,
SYY,2026-08-12 00:00:00,https://www.sec.gov/Archives/edgar/data/96021/000095014226002314/0000950142-26-002314-index.htm,EX-99.1,EXHIBIT 99.1,https://www.sec.gov/Archives/edgar/data/96021/000095014226002314/eh260819217_ex9901.htm,False,
MNPR,2026-08-12 00:00:00,https://www.sec.gov/Archives/edgar/data/1645469/000143774926027165/0001437749-26-027165-index.htm,8-K,FORM 8-K,https://www.sec.gov/Archives/edgar/data/1645469/000143774926027165/mnpr20260811_8k.htm,False,
MNPR,2026-08-12 00:00:00,https://www.sec.gov/Archives/edgar/data/1645469/000143774926027165/0001437749-26-027165-index.htm,EX-99.1,EXHIBIT 99.1,https://www.sec.gov/Archives/edgar/data/1645469/000143774926027165/ex_1003235.htm,False,
SAFX,2026-08-12 00:00:00,https://www.sec.gov/Archives/edgar/data/2019793/000149315226037267/0001493152-26-037267-index.htm,8-K,8-K,https://www.sec.gov/Archives/edgar/data/2019793/000149315226037267/form8-k.htm,False,
SAFX,2026-08-12 00:00:00,https://www.sec.gov/Archives/edgar/data/2019793/000149315226037267/0001493152-26-037267-index.htm,EX-99.1,EX-99.1,https://www.sec.gov/Archives/edgar/data/2019793/000149315226037267/ex99-1.htm,False,
ALKS,2026-08-12 00:00:00,https://www.sec.gov/Archives/edgar/data/1520262/000119312526345901/0001193125-26-345901-index.htm,8-K,8-K,https://www.sec.gov/Archives/edgar/data/1520262/000119312526345901/alks-20260812.htm,True,
ALKS,2026-08-12 00:00:00,https://www.sec.gov/Archives/edgar/data/1520262/000119312526345901/0001193125-26-345901-index.htm,EX-10.1,EX-10.1,https://www.sec.gov/Archives/edgar/data/1520262/000119312526345901/alks-ex10_1.htm,True,
ALKSV,2026-08-12 00:00:00,https://www.sec.gov/Archives/edgar/data/1520262/000119312526345901/0001193125-26-345901-index.htm,8-K,8-K,https://www.sec.gov/Archives/edgar/data/1520262/000119312526345901/alks-20260812.htm,True,
ALKSV,2026-08-12 00:00:00,https://www.sec.gov/Archives/edgar/data/1520262/000119312526345901/0001193125-26-345901-index.htm,EX-10.1,EX-10.1,https://www.sec.gov/Archives/edgar/data/1520262/000119312526345901/alks-ex10_1.htm,True,
None,2026-08-12 00:00:00,https://www.sec.gov/Archives/edgar/data/2033264/000149315226037266/0001493152-26-037266-index.htm,8-K,8-K,https://www.sec.gov/Archives/edgar/data/2033264/000149315226037266/form8-k.htm,True,
None,2026-08-12 00:00:00,https://www.sec.gov/Archives/edgar/data/2033264/000149315226037266/0001493152-26-037266-index.htm,EX-10.1,EX-10.1,https://www.sec.gov/Archives/edgar/data/2033264/000149315226037266/ex10-1.htm,False,
None,2026-08-12 00:00:00,https://www.sec.gov/Archives/edgar/data/2033264/000149315226037266/0001493152-26-037266-index.htm,EX-99.1,EX-99.1,https://www.sec.gov/Archives/edgar/data/2033264/000149315226037266/ex99-1.htm,False,
NEON,2026-08-12 00:00:00,https://www.sec.gov/Archives/edgar/data/87050/000143774926027161/0001437749-26-027161-index.htm,8-K,FORM 8-K,https://www.sec.gov/Archives/edgar/data/87050/000143774926027161/neon20260610_8k.htm,False,
NEON,2026-08-12 00:00:00,https://www.sec.gov/Archives/edgar/data/87050/000143774926027161/0001437749-26-027161-index.htm,EX-99.1,EXHIBIT 99.1,https://www.sec.gov/Archives/edgar/data/87050/000143774926027161/ex_975142.htm,False,
EMCGU,2026-08-12 00:00:00,https://www.sec.gov/Archives/edgar/data/1869601/000149315226037260/0001493152-26-037260-index.htm,8-K,8-K,https://www.sec.gov/Archives/edgar/data/1869601/000149315226037260/form8-k.htm,True,
EMCGU,2026-08-12 00:00:00,https://www.sec.gov/Archives/edgar/data/1869601/000149315226037260/0001493152-26-037260-index.htm,EX-10.1,EX-10.1,https://www.sec.gov/Archives/edgar/data/1869601/000149315226037260/ex10-1.htm,False,
EMCGW,2026-08-12 00:00:00,https://www.sec.gov/Archives/edgar/data/1869601/000149315226037260/0001493152-26-037260-index.htm,8-K,8-K,https://www.sec.gov/Archives/edgar/data/1869601/000149315226037260/form8-k.htm,True,
EMCGW,2026-08-12 00:00:00,https://www.sec.gov/Archives/edgar/data/1869601/000149315226037260/0001493152-26-037260-index.htm,EX-10.1,EX-10.1,https://www.sec.gov/Archives/edgar/data/1869601/000149315226037260/ex10-1.htm,False,
EMCG,2026-08-12 00:00:00,https://www.sec.gov/Archives/edgar/data/1869601/000149315226037260/0001493152-26-037260-index.htm,8-K,8-K,https://www.sec.gov/Archives/edgar/data/1869601/000149315226037260/form8-k.htm,True,
EMCG,2026-08-12 00:00:00,https://www.sec.gov/Archives/edgar/data/1869601/000149315226037260/0001493152-26-037260-index.htm,EX-10.1,EX-10.1,https://www.sec.gov/Archives/edgar/data/1869601/000149315226037260/ex10-1.htm,False,
EMCGF,2026-08-12 00:00:00,https://www.sec.gov/Archives/edgar/data/1869601/000149315226037260/0001493152-26-037260-index.htm,8-K,8-K,https://www.sec.gov/Archives/edgar/data/1869601/000149315226037260/form8-k.htm,True,
EMCGF,2026-08-12 00:00:00,https://www.sec.gov/Archives/edgar/data/1869601/000149315226037260/0001493152-26-037260-index.htm,EX-10.1,EX-10.1,https://www.sec.gov/Archives/edgar/data/1869601/000149315226037260/ex10-1.htm,False,
EMCGR,2026-08-12 00:00:00,https://www.sec.gov/Archives/edgar/data/1869601/000149315226037260/0001493152-26-037260-index.htm,8-K,8-K,https://www.sec.gov/Archives/edgar/data/1869601/000149315226037260/form8-k.htm,True,
EMCGR,2026-08-12 00:00:00,https://www.sec.gov/Archives/edgar/data/1869601/000149315226037260/0001493152-26-037260-index.htm,EX-10.1,EX-10.1,https://www.sec.gov/Archives/edgar/data/1869601/000149315226037260/ex10-1.htm,False,
SNPS,2026-08-12 00:00:00,https://www.sec.gov/Archives/edgar/data/883241/000119312526345878/0001193125-26-345878-index.htm,8-K,8-K,https://www.sec.gov/Archives/edgar/data/883241/000119312526345878/d148701d8k.htm,False,
ZONE,2026-08-12 00:00:00,https://www.sec.gov/Archives/edgar/data/1956741/000121390026088083/0001213900-26-088083-index.htm,8-K,CURRENT REPORT,https://www.sec.gov/Archives/edgar/data/1956741/000121390026088083/ea0301703-8k_cleancore.htm,True,
ZONE,2026-08-12 00:00:00,https://www.sec.gov/Archives/edgar/data/1956741/000121390026088083/0001213900-26-088083-index.htm,EX-10.1,"FORM OF SECURITIES PURCHASE AGREEMENT, DATED AS OF AUGUST 11, 2026",https://www.sec.gov/Archives/edgar/data/1956741/000121390026088083/ea030170301ex10-1.htm,True,
ZONE,2026-08-12 00:00:00,https://www.sec.gov/Archives/edgar/data/1956741/000121390026088083/0001213900-26-088083-index.htm,EX-10.2,"PLACEMENT AGENCY AGREEMENT, DATED AUGUST 11, 2026, BY AND BETWEEN CLEANCORE SOLU",https://www.sec.gov/Archives/edgar/data/1956741/000121390026088083/ea030170301ex10-2.htm,False,
ZONE,2026-08-12 00:00:00,https://www.sec.gov/Archives/edgar/data/1956741/000121390026088083/0001213900-26-088083-index.htm,EX-99.1,"LAUNCH PRESS RELEASE, DATED AUGUST 10, 2026",https://www.sec.gov/Archives/edgar/data/1956741/000121390026088083/ea030170301ex99-1.htm,False,
CAPS,2026-08-12 00:00:00,https://www.sec.gov/Archives/edgar/data/887151/000143774926027159/0001437749-26-027159-index.htm,8-K,FORM 8-K,https://www.sec.gov/Archives/edgar/data/887151/000143774926027159/caps20260812_8k.htm,False,
CAPS,2026-08-12 00:00:00,https://www.sec.gov/Archives/edgar/data/887151/000143774926027159/0001437749-26-027159-index.htm,EX-99.1,EXHIBIT 99.1,https://www.sec.gov/Archives/edgar/data/887151/000143774926027159/ex_1003476.htm,False,
HD,2026-08-12 00:00:00,https://www.sec.gov/Archives/edgar/data/354950/000035495026000141/0000354950-26-000141-index.htm,8-K,8-K,https://www.sec.gov/Archives/edgar/data/354950/000035495026000141/hd-20260811.htm,False,
HD,2026-08-12 00:00:00,https://www.sec.gov/Archives/edgar/data/354950/000035495026000141/0000354950-26-000141-index.htm,EX-99.1,EX-99.1,https://www.sec.gov/Archives/edgar/data/354950/000035495026000141/exhibit991august2026.htm,False,
SPRB,2026-08-12 00:00:00,https://www.sec.gov/Archives/edgar/data/1683553/000119312526345874/0001193125-26-345874-index.htm,8-K,8-K,https://www.sec.gov/Archives/edgar/data/1683553/000119312526345874/sprb-20260812.htm,False,
SPRB,2026-08-12 00:00:00,https://www.sec.gov/Archives/edgar/data/1683553/000119312526345874/0001193125-26-345874-index.htm,EX-99.1,EX-99.1,https://www.sec.gov/Archives/edgar/data/1683553/000119312526345874/sprb-ex99_1.htm,False,
ADAMN,2026-08-12 00:00:00,https://www.sec.gov/Archives/edgar/data/1273685/000110465926094556/0001104659-26-094556-index.htm,8-K,FORM 8-K,https://www.sec.gov/Archives/edgar/data/1273685/000110465926094556/tm2622924d1_8k.htm,False,
ADAMI,2026-08-12 00:00:00,https://www.sec.gov/Archives/edgar/data/1273685/000110465926094556/0001104659-26-094556-index.htm,8-K,FORM 8-K,https://www.sec.gov/Archives/edgar/data/1273685/000110465926094556/tm2622924d1_8k.htm,False,
ADAM,2026-08-12 00:00:00,https://www.sec.gov/Archives/edgar/data/1273685/000110465926094556/0001104659-26-094556-index.htm,8-K,FORM 8-K,https://www.sec.gov/Archives/edgar/data/1273685/000110465926094556/tm2622924d1_8k.htm,False,
ADAMH,2026-08-12 00:00:00,https://www.sec.gov/Archives/edgar/data/1273685/000110465926094556/0001104659-26-094556-index.htm,8-K,FORM 8-K,https://www.sec.gov/Archives/edgar/data/1273685/000110465926094556/tm2622924d1_8k.htm,False,
ADAMG,2026-08-12 00:00:00,https://www.sec.gov/Archives/edgar/data/1273685/000110465926094556/0001104659-26-094556-index.htm,8-K,FORM 8-K,https://www.sec.gov/Archives/edgar/data/1273685/000110465926094556/tm2622924d1_8k.htm,False,
ADAMM,2026-08-12 00:00:00,https://www.sec.gov/Archives/edgar/data/1273685/000110465926094556/0001104659-26-094556-index.htm,8-K,FORM 8-K,https://www.sec.gov/Archives/edgar/data/1273685/000110465926094556/tm2622924d1_8k.htm,False,
ADAMZ,2026-08-12 00:00:00,https://www.sec.gov/Archives/edgar/data/1273685/000110465926094556/0001104659-26-094556-index.htm,8-K,FORM 8-K,https://www.sec.gov/Archives/edgar/data/1273685/000110465926094556/tm2622924d1_8k.htm,False,
ADAMO,2026-08-12 00:00:00,https://www.sec.gov/Archives/edgar/data/1273685/000110465926094556/0001104659-26-094556-index.htm,8-K,FORM 8-K,https://www.sec.gov/Archives/edgar/data/1273685/000110465926094556/tm2622924d1_8k.htm,False,
ADAML,2026-08-12 00:00:00,https://www.sec.gov/Archives/edgar/data/1273685/000110465926094556/0001104659-26-094556-index.htm,8-K,FORM 8-K,https://www.sec.gov/Archives/edgar/data/1273685/000110465926094556/tm2622924d1_8k.htm,False,
NYMTI,2026-08-12 00:00:00,https://www.sec.gov/Archives/edgar/data/1273685/000110465926094556/0001104659-26-094556-index.htm,8-K,FORM 8-K,https://www.sec.gov/Archives/edgar/data/1273685/000110465926094556/tm2622924d1_8k.htm,False,
NYMT,2026-08-12 00:00:00,https://www.sec.gov/Archives/edgar/data/1273685/000110465926094556/0001104659-26-094556-index.htm,8-K,FORM 8-K,https://www.sec.gov/Archives/edgar/data/1273685/000110465926094556/tm2622924d1_8k.htm,False,
NYMTZ,2026-08-12 00:00:00,https://www.sec.gov/Archives/edgar/data/1273685/000110465926094556/0001104659-26-094556-index.htm,8-K,FORM 8-K,https://www.sec.gov/Archives/edgar/data/1273685/000110465926094556/tm2622924d1_8k.htm,False,
NYMTP,2026-08-12 00:00:00,https://www.sec.gov/Archives/edgar/data/1273685/000110465926094556/0001104659-26-094556-index.htm,8-K,FORM 8-K,https://www.sec.gov/Archives/edgar/data/1273685/000110465926094556/tm2622924d1_8k.htm,False,
NYMTO,2026-08-12 00:00:00,https://www.sec.gov/Archives/edgar/data/1273685/000110465926094556/0001104659-26-094556-index.htm,8-K,FORM 8-K,https://www.sec.gov/Archives/edgar/data/1273685/000110465926094556/tm2622924d1_8k.htm,False,
NYMTN,2026-08-12 00:00:00,https://www.sec.gov/Archives/edgar/data/1273685/000110465926094556/0001104659-26-094556-index.htm,8-K,FORM 8-K,https://www.sec.gov/Archives/edgar/data/1273685/000110465926094556/tm2622924d1_8k.htm,False,
NYMTM,2026-08-12 00:00:00,https://www.sec.gov/Archives/edgar/data/1273685/000110465926094556/0001104659-26-094556-index.htm,8-K,FORM 8-K,https://www.sec.gov/Archives/edgar/data/1273685/000110465926094556/tm2622924d1_8k.htm,False,
NYMTL,2026-08-12 00:00:00,https://www.sec.gov/Archives/edgar/data/1273685/000110465926094556/0001104659-26-094556-index.htm,8-K,FORM 8-K,https://www.sec.gov/Archives/edgar/data/1273685/000110465926094556/tm2622924d1_8k.htm,False,
NYMTG,2026-08-12 00:00:00,https://www.sec.gov/Archives/edgar/data/1273685/000110465926094556/0001104659-26-094556-index.htm,8-K,FORM 8-K,https://www.sec.gov/Archives/edgar/data/1273685/000110465926094556/tm2622924d1_8k.htm,False,
RMNIW,2026-08-12 00:00:00,https://www.sec.gov/Archives/edgar/data/1635282/000163528226000060/0001635282-26-000060-index.htm,8-K,8-K,https://www.sec.gov/Archives/edgar/data/1635282/000163528226000060/rmni-20260812.htm,False,
RMNIW,2026-08-12 00:00:00,https://www.sec.gov/Archives/edgar/data/1635282/000163528226000060/0001635282-26-000060-index.htm,EX-10.1,EX-10.1,https://www.sec.gov/Archives/edgar/data/1635282/000163528226000060/rmnicostelloofferletter.htm,False,
RMNI,2026-08-12 00:00:00,https://www.sec.gov/Archives/edgar/data/1635282/000163528226000060/0001635282-26-000060-index.htm,8-K,8-K,https://www.sec.gov/Archives/edgar/data/1635282/000163528226000060/rmni-20260812.htm,False,
RMNI,2026-08-12 00:00:00,https://www.sec.gov/Archives/edgar/data/1635282/000163528226000060/0001635282-26-000060-index.htm,EX-10.1,EX-10.1,https://www.sec.gov/Archives/edgar/data/1635282/000163528226000060/rmnicostelloofferletter.htm,False,
DYAI,2026-08-12 00:00:00,https://www.sec.gov/Archives/edgar/data/1213809/000149315226037257/0001493152-26-037257-index.htm,8-K,8-K,https://www.sec.gov/Archives/edgar/data/1213809/000149315226037257/form8-k.htm,False,
DYAI,2026-08-12 00:00:00,https://www.sec.gov/Archives/edgar/data/1213809/000149315226037257/0001493152-26-037257-index.htm,EX-99.1,EX-99.1,https://www.sec.gov/Archives/edgar/data/1213809/000149315226037257/ex99-1.htm,False,
LVOPP,2026-08-12 00:00:00,https://www.sec.gov/Archives/edgar/data/1491419/000121390026088072/0001213900-26-088072-index.htm,8-K,CURRENT REPORT,https://www.sec.gov/Archives/edgar/data/1491419/000121390026088072/ea0301723-8k_liveone.htm,False,
LVOPP,2026-08-12 00:00:00,https://www.sec.gov/Archives/edgar/data/1491419/000121390026088072/0001213900-26-088072-index.htm,EX-99.1,"PRESS RELEASE, DATED AUGUST 12, 2026",https://www.sec.gov/Archives/edgar/data/1491419/000121390026088072/ea030172301ex99-1.htm,False,
LVO,2026-08-12 00:00:00,https://www.sec.gov/Archives/edgar/data/1491419/000121390026088072/0001213900-26-088072-index.htm,8-K,CURRENT REPORT,https://www.sec.gov/Archives/edgar/data/1491419/000121390026088072/ea0301723-8k_liveone.htm,False,
LVO,2026-08-12 00:00:00,https://www.sec.gov/Archives/edgar/data/1491419/000121390026088072/0001213900-26-088072-index.htm,EX-99.1,"PRESS RELEASE, DATED AUGUST 12, 2026",https://www.sec.gov/Archives/edgar/data/1491419/000121390026088072/ea030172301ex99-1.htm,False,
LIVX,2026-08-12 00:00:00,https://www.sec.gov/Archives/edgar/data/1491419/000121390026088072/0001213900-26-088072-index.htm,8-K,CURRENT REPORT,https://www.sec.gov/Archives/edgar/data/1491419/000121390026088072/ea0301723-8k_liveone.htm,False,
LIVX,2026-08-12 00:00:00,https://www.sec.gov/Archives/edgar/data/1491419/000121390026088072/0001213900-26-088072-index.htm,EX-99.1,"PRESS RELEASE, DATED AUGUST 12, 2026",https://www.sec.gov/Archives/edgar/data/1491419/000121390026088072/ea030172301ex99-1.htm,False,
PODC,2026-08-12 00:00:00,https://www.sec.gov/Archives/edgar/data/1940177/000121390026088073/0001213900-26-088073-index.htm,8-K,CURRENT REPORT,https://www.sec.gov/Archives/edgar/data/1940177/000121390026088073/ea0301725-8k_podcast.htm,False,
PODC,2026-08-12 00:00:00,https://www.sec.gov/Archives/edgar/data/1940177/000121390026088073/0001213900-26-088073-index.htm,EX-99.1,"PRESS RELEASE, DATED AUGUST 12, 2026",https://www.sec.gov/Archives/edgar/data/1940177/000121390026088073/ea030172501ex99-1.htm,False,
TOON,2026-08-12 00:00:00,https://www.sec.gov/Archives/edgar/data/1355848/000168316826006230/0001683168-26-006230-index.htm,8-K,FORM 8-K,https://www.sec.gov/Archives/edgar/data/1355848/000168316826006230/kartoon_8k.htm,False,
GNUS,2026-08-12 00:00:00,https://www.sec.gov/Archives/edgar/data/1355848/000168316826006230/0001683168-26-006230-index.htm,8-K,FORM 8-K,https://www.sec.gov/Archives/edgar/data/1355848/000168316826006230/kartoon_8k.htm,False,
DAIC,2026-08-12 00:00:00,https://www.sec.gov/Archives/edgar/data/2033770/000121390026088070/0001213900-26-088070-index.htm,8-K,CURRENT REPORT,https://www.sec.gov/Archives/edgar/data/2033770/000121390026088070/ea0301685-8k_cidhold.htm,False,
DAIC,2026-08-12 00:00:00,https://www.sec.gov/Archives/edgar/data/2033770/000121390026088070/0001213900-26-088070-index.htm,EX-99.1,"PRESS RELEASE DATED AUGUST 12, 2026",https://www.sec.gov/Archives/edgar/data/2033770/000121390026088070/ea030168501ex99-1.htm,False,
SBEV-WT,2026-08-12 00:00:00,https://www.sec.gov/Archives/edgar/data/1553788/000173112226001047/0001731122-26-001047-index.htm,8-K,FORM 8-K,https://www.sec.gov/Archives/edgar/data/1553788/000173112226001047/e7845_8-k.htm,False,
SBEV-WT,2026-08-12 00:00:00,https://www.sec.gov/Archives/edgar/data/1553788/000173112226001047/0001731122-26-001047-index.htm,EX-99.1,EXHIBIT 99.1,https://www.sec.gov/Archives/edgar/data/1553788/000173112226001047/e7845_ex99-1.htm,False,
SBEV,2026-08-12 00:00:00,https://www.sec.gov/Archives/edgar/data/1553788/000173112226001047/0001731122-26-001047-index.htm,8-K,FORM 8-K,https://www.sec.gov/Archives/edgar/data/1553788/000173112226001047/e7845_8-k.htm,False,
SBEV,2026-08-12 00:00:00,https://www.sec.gov/Archives/edgar/data/1553788/000173112226001047/0001731122-26-001047-index.htm,EX-99.1,EXHIBIT 99.1,https://www.sec.gov/Archives/edgar/data/1553788/000173112226001047/e7845_ex99-1.htm,False,
APRE,2026-08-12 00:00:00,https://www.sec.gov/Archives/edgar/data/1781983/000110465926094542/0001104659-26-094542-index.htm,8-K,8-K,https://www.sec.gov/Archives/edgar/data/1781983/000110465926094542/apre-20260812x8k.htm,False,
APRE,2026-08-12 00:00:00,https://www.sec.gov/Archives/edgar/data/1781983/000110465926094542/0001104659-26-094542-index.htm,EX-99.1,EX-99.1,https://www.sec.gov/Archives/edgar/data/1781983/000110465926094542/apre-20260812xex99d1.htm,False,
EAST,2026-08-12 00:00:00,https://www.sec.gov/Archives/edgar/data/1534708/000149315226037256/0001493152-26-037256-index.htm,8-K,8-K,https://www.sec.gov/Archives/edgar/data/1534708/000149315226037256/form8-k.htm,False,
EAST,2026-08-12 00:00:00,https://www.sec.gov/Archives/edgar/data/1534708/000149315226037256/0001493152-26-037256-index.htm,EX-99.1,EX-99.1,https://www.sec.gov/Archives/edgar/data/1534708/000149315226037256/ex99-1.htm,False,
BLNE,2026-08-12 00:00:00,https://www.sec.gov/Archives/edgar/data/1534708/000149315226037256/0001493152-26-037256-index.htm,8-K,8-K,https://www.sec.gov/Archives/edgar/data/1534708/000149315226037256/form8-k.htm,False,
BLNE,2026-08-12 00:00:00,https://www.sec.gov/Archives/edgar/data/1534708/000149315226037256/0001493152-26-037256-index.htm,EX-99.1,EX-99.1,https://www.sec.gov/Archives/edgar/data/1534708/000149315226037256/ex99-1.htm,False,
None,2026-08-12 00:00:00,https://www.sec.gov/Archives/edgar/data/1979414/000182912626008654/0001829126-26-008654-index.htm,8-K,8-K,https://www.sec.gov/Archives/edgar/data/1979414/000182912626008654/neonctechnologies_8k.htm,False,
None,2026-08-12 00:00:00,https://www.sec.gov/Archives/edgar/data/1979414/000182912626008654/0001829126-26-008654-index.htm,EX-99.1,EXHIBIT 99.1,https://www.sec.gov/Archives/edgar/data/1979414/000182912626008654/neonctechnologies_ex99-1.htm,False,
TENKR,2026-08-12 00:00:00,https://www.sec.gov/Archives/edgar/data/1851484/000121390026088068/0001213900-26-088068-index.htm,8-K,CURRENT REPORT,https://www.sec.gov/Archives/edgar/data/1851484/000121390026088068/ea0301456-8k_citius.htm,False,
TENKR,2026-08-12 00:00:00,https://www.sec.gov/Archives/edgar/data/1851484/000121390026088068/0001213900-26-088068-index.htm,EX-99.1,"PRESS RELEASE, DATED AUGUST 12, 2026",https://www.sec.gov/Archives/edgar/data/1851484/000121390026088068/ea030145601ex99-1.htm,False,
TENKU,2026-08-12 00:00:00,https://www.sec.gov/Archives/edgar/data/1851484/000121390026088068/0001213900-26-088068-index.htm,8-K,CURRENT REPORT,https://www.sec.gov/Archives/edgar/data/1851484/000121390026088068/ea0301456-8k_citius.htm,False,
TENKU,2026-08-12 00:00:00,https://www.sec.gov/Archives/edgar/data/1851484/000121390026088068/0001213900-26-088068-index.htm,EX-99.1,"PRESS RELEASE, DATED AUGUST 12, 2026",https://www.sec.gov/Archives/edgar/data/1851484/000121390026088068/ea030145601ex99-1.htm,False,
TENK,2026-08-12 00:00:00,https://www.sec.gov/Archives/edgar/data/1851484/000121390026088068/0001213900-26-088068-index.htm,8-K,CURRENT REPORT,https://www.sec.gov/Archives/edgar/data/1851484/000121390026088068/ea0301456-8k_citius.htm,False,
TENK,2026-08-12 00:00:00,https://www.sec.gov/Archives/edgar/data/1851484/000121390026088068/0001213900-26-088068-index.htm,EX-99.1,"PRESS RELEASE, DATED AUGUST 12, 2026",https://www.sec.gov/Archives/edgar/data/1851484/000121390026088068/ea030145601ex99-1.htm,False,
FLYX-WT,2026-08-12 00:00:00,https://www.sec.gov/Archives/edgar/data/1843973/000119312526345834/0001193125-26-345834-index.htm,8-K,8-K,https://www.sec.gov/Archives/edgar/data/1843973/000119312526345834/flyx-20260812.htm,False,
FLYX-WT,2026-08-12 00:00:00,https://www.sec.gov/Archives/edgar/data/1843973/000119312526345834/0001193125-26-345834-index.htm,EX-99.1,EX-99.1,https://www.sec.gov/Archives/edgar/data/1843973/000119312526345834/flyx-ex99_1.htm,False,
FLYX,2026-08-12 00:00:00,https://www.sec.gov/Archives/edgar/data/1843973/000119312526345834/0001193125-26-345834-index.htm,8-K,8-K,https://www.sec.gov/Archives/edgar/data/1843973/000119312526345834/flyx-20260812.htm,False,
FLYX,2026-08-12 00:00:00,https://www.sec.gov/Archives/edgar/data/1843973/000119312526345834/0001193125-26-345834-index.htm,EX-99.1,EX-99.1,https://www.sec.gov/Archives/edgar/data/1843973/000119312526345834/flyx-ex99_1.htm,False,
EGGF,2026-08-12 00:00:00,https://www.sec.gov/Archives/edgar/data/1843973/000119312526345834/0001193125-26-345834-index.htm,8-K,8-K,https://www.sec.gov/Archives/edgar/data/1843973/000119312526345834/flyx-20260812.htm,False,
EGGF,2026-08-12 00:00:00,https://www.sec.gov/Archives/edgar/data/1843973/000119312526345834/0001193125-26-345834-index.htm,EX-99.1,EX-99.1,https://www.sec.gov/Archives/edgar/data/1843973/000119312526345834/flyx-ex99_1.htm,False,
EGGF-WT,2026-08-12 00:00:00,https://www.sec.gov/Archives/edgar/data/1843973/000119312526345834/0001193125-26-345834-index.htm,8-K,8-K,https://www.sec.gov/Archives/edgar/data/1843973/000119312526345834/flyx-20260812.htm,False,
EGGF-WT,2026-08-12 00:00:00,https://www.sec.gov/Archives/edgar/data/1843973/000119312526345834/0001193125-26-345834-index.htm,EX-99.1,EX-99.1,https://www.sec.gov/Archives/edgar/data/1843973/000119312526345834/flyx-ex99_1.htm,False,
EGGF-UN,2026-08-12 00:00:00,https://www.sec.gov/Archives/edgar/data/1843973/000119312526345834/0001193125-26-345834-index.htm,8-K,8-K,https://www.sec.gov/Archives/edgar/data/1843973/000119312526345834/flyx-20260812.htm,False,
EGGF-UN,2026-08-12 00:00:00,https://www.sec.gov/Archives/edgar/data/1843973/000119312526345834/0001193125-26-345834-index.htm,EX-99.1,EX-99.1,https://www.sec.gov/Archives/edgar/data/1843973/000119312526345834/flyx-ex99_1.htm,False,
NAOV,2026-08-12 00:00:00,https://www.sec.gov/Archives/edgar/data/1326706/000149315226037254/0001493152-26-037254-index.htm,8-K,8-K,https://www.sec.gov/Archives/edgar/data/1326706/000149315226037254/form8-k.htm,True,
NAOV,2026-08-12 00:00:00,https://www.sec.gov/Archives/edgar/data/1326706/000149315226037254/0001493152-26-037254-index.htm,EX-10.1,EX-10.1,https://www.sec.gov/Archives/edgar/data/1326706/000149315226037254/ex10-1.htm,False,
NAOV,2026-08-12 00:00:00,https://www.sec.gov/Archives/edgar/data/1326706/000149315226037254/0001493152-26-037254-index.htm,EX-10.2,EX-10.2,https://www.sec.gov/Archives/edgar/data/1326706/000149315226037254/ex10-2.htm,False,
MDGL,2026-08-12 00:00:00,https://www.sec.gov/Archives/edgar/data/1157601/000162828026055962/0001628280-26-055962-index.htm,8-K,8-K,https://www.sec.gov/Archives/edgar/data/1157601/000162828026055962/mdgl-20260811.htm,False,
MDGL,2026-08-12 00:00:00,https://www.sec.gov/Archives/edgar/data/1157601/000162828026055962/0001628280-26-055962-index.htm,EX-99.1,EX-99.1,https://www.sec.gov/Archives/edgar/data/1157601/000162828026055962/pressrelease-boardappointm.htm,False,
SNTA,2026-08-12 00:00:00,https://www.sec.gov/Archives/edgar/data/1157601/000162828026055962/0001628280-26-055962-index.htm,8-K,8-K,https://www.sec.gov/Archives/edgar/data/1157601/000162828026055962/mdgl-20260811.htm,False,
SNTA,2026-08-12 00:00:00,https://www.sec.gov/Archives/edgar/data/1157601/000162828026055962/0001628280-26-055962-index.htm,EX-99.1,EX-99.1,https://www.sec.gov/Archives/edgar/data/1157601/000162828026055962/pressrelease-boardappointm.htm,False,
IPSC,2026-08-12 00:00:00,https://www.sec.gov/Archives/edgar/data/1850119/000110465926094533/0001104659-26-094533-index.htm,8-K,FORM 8-K,https://www.sec.gov/Archives/edgar/data/1850119/000110465926094533/tm2622911d1_8k.htm,False,
IPSC,2026-08-12 00:00:00,https://www.sec.gov/Archives/edgar/data/1850119/000110465926094533/0001104659-26-094533-index.htm,EX-99.1,EXHIBIT 99.1,https://www.sec.gov/Archives/edgar/data/1850119/000110465926094533/tm2622911d1_ex99-1.htm,False,
MSGE,2026-08-12 00:00:00,https://www.sec.gov/Archives/edgar/data/1952073/000162828026055960/0001628280-26-055960-index.htm,8-K,8-K,https://www.sec.gov/Archives/edgar/data/1952073/000162828026055960/msge-20260812.htm,False,
MSGE,2026-08-12 00:00:00,https://www.sec.gov/Archives/edgar/data/1952073/000162828026055960/0001628280-26-055960-index.htm,EX-99.1,EX-99.1,https://www.sec.gov/Archives/edgar/data/1952073/000162828026055960/msgentertainmentcorpearnin.htm,False,
KDP,2026-08-12 00:00:00,https://www.sec.gov/Archives/edgar/data/1418135/000141813526000053/0001418135-26-000053-index.htm,8-K,8-K,https://www.sec.gov/Archives/edgar/data/1418135/000141813526000053/kdp-20260810.htm,False,
None,2026-08-12 00:00:00,https://www.sec.gov/Archives/edgar/data/1540171/000119312526345807/0001193125-26-345807-index.htm,8-K,8-K,https://www.sec.gov/Archives/edgar/data/1540171/000119312526345807/ck0001540171-20260812.htm,False,
None,2026-08-12 00:00:00,https://www.sec.gov/Archives/edgar/data/1540171/000119312526345807/0001193125-26-345807-index.htm,EX-99.1,EX-99.1,https://www.sec.gov/Archives/edgar/data/1540171/000119312526345807/ck0001540171-ex99_1.htm,False,
DFTX,2026-08-12 00:00:00,https://www.sec.gov/Archives/edgar/data/1813814/000110465926094528/0001104659-26-094528-index.htm,8-K,FORM 8-K,https://www.sec.gov/Archives/edgar/data/1813814/000110465926094528/tm2622948d1_8k.htm,False,
DFTX,2026-08-12 00:00:00,https://www.sec.gov/Archives/edgar/data/1813814/000110465926094528/0001104659-26-094528-index.htm,EX-99.1,EXHIBIT 99.1,https://www.sec.gov/Archives/edgar/data/1813814/000110465926094528/tm2622948d1_ex99-1.htm,False,
MMCWF,2026-08-12 00:00:00,https://www.sec.gov/Archives/edgar/data/1813814/000110465926094528/0001104659-26-094528-index.htm,8-K,FORM 8-K,https://www.sec.gov/Archives/edgar/data/1813814/000110465926094528/tm2622948d1_8k.htm,False,
MMCWF,2026-08-12 00:00:00,https://www.sec.gov/Archives/edgar/data/1813814/000110465926094528/0001104659-26-094528-index.htm,EX-99.1,EXHIBIT 99.1,https://www.sec.gov/Archives/edgar/data/1813814/000110465926094528/tm2622948d1_ex99-1.htm,False,
MNMD,2026-08-12 00:00:00,https://www.sec.gov/Archives/edgar/data/1813814/000110465926094528/0001104659-26-094528-index.htm,8-K,FORM 8-K,https://www.sec.gov/Archives/edgar/data/1813814/000110465926094528/tm2622948d1_8k.htm,False,
MNMD,2026-08-12 00:00:00,https://www.sec.gov/Archives/edgar/data/1813814/000110465926094528/0001104659-26-094528-index.htm,EX-99.1,EXHIBIT 99.1,https://www.sec.gov/Archives/edgar/data/1813814/000110465926094528/tm2622948d1_ex99-1.htm,False,
MMDCF,2026-08-12 00:00:00,https://www.sec.gov/Archives/edgar/data/1813814/000110465926094528/0001104659-26-094528-index.htm,8-K,FORM 8-K,https://www.sec.gov/Archives/edgar/data/1813814/000110465926094528/tm2622948d1_8k.htm,False,
MMDCF,2026-08-12 00:00:00,https://www.sec.gov/Archives/edgar/data/1813814/000110465926094528/0001104659-26-094528-index.htm,EX-99.1,EXHIBIT 99.1,https://www.sec.gov/Archives/edgar/data/1813814/000110465926094528/tm2622948d1_ex99-1.htm,False,
EAT,2026-08-12 00:00:00,https://www.sec.gov/Archives/edgar/data/703351/000070335126000026/0000703351-26-000026-index.htm,8-K,8-K,https://www.sec.gov/Archives/edgar/data/703351/000070335126000026/eat-20260810.htm,False,
EAT,2026-08-12 00:00:00,https://www.sec.gov/Archives/edgar/data/703351/000070335126000026/0000703351-26-000026-index.htm,EX-99.1,EX-99.1,https://www.sec.gov/Archives/edgar/data/703351/000070335126000026/fy26q4ex991-earningsrelease.htm,True,
None,2026-08-12 00:00:00,https://www.sec.gov/Archives/edgar/data/2033383/000149315226037251/0001493152-26-037251-index.htm,8-K,8-K,https://www.sec.gov/Archives/edgar/data/2033383/000149315226037251/form8-k.htm,True,
None,2026-08-12 00:00:00,https://www.sec.gov/Archives/edgar/data/2033383/000149315226037251/0001493152-26-037251-index.htm,EX-10.1,EX-10.1,https://www.sec.gov/Archives/edgar/data/2033383/000149315226037251/ex10-1.htm,False,
None,2026-08-12 00:00:00,https://www.sec.gov/Archives/edgar/data/2033383/000149315226037251/0001493152-26-037251-index.htm,EX-10.2,EX-10.2,https://www.sec.gov/Archives/edgar/data/2033383/000149315226037251/ex10-2.htm,False,
None,2026-08-12 00:00:00,https://www.sec.gov/Archives/edgar/data/2033383/000149315226037251/0001493152-26-037251-index.htm,EX-99.1,EX-99.1,https://www.sec.gov/Archives/edgar/data/2033383/000149315226037251/ex99-1.htm,False,
UNCY,2026-08-12 00:00:00,https://www.sec.gov/Archives/edgar/data/1766140/000121390026088061/0001213900-26-088061-index.htm,8-K,CURRENT REPORT,https://www.sec.gov/Archives/edgar/data/1766140/000121390026088061/ea0301699-8k_unicycive.htm,False,
UNCY,2026-08-12 00:00:00,https://www.sec.gov/Archives/edgar/data/1766140/000121390026088061/0001213900-26-088061-index.htm,EX-99.1,"PRESS RELEASE OF UNICYCIVE THERAPEUTICS, INC. DATED AUGUST 12, 2026",https://www.sec.gov/Archives/edgar/data/1766140/000121390026088061/ea030169901ex99-1.htm,False,
ILMN,2026-08-12 00:00:00,https://www.sec.gov/Archives/edgar/data/1110803/000119312526345802/0001193125-26-345802-index.htm,8-K,8-K,https://www.sec.gov/Archives/edgar/data/1110803/000119312526345802/d141344d8k.htm,False,
WNNR,2026-08-12 00:00:00,https://www.sec.gov/Archives/edgar/data/1843714/000168316826006225/0001683168-26-006225-index.htm,8-K,FORM 8-K,https://www.sec.gov/Archives/edgar/data/1843714/000168316826006225/zapata_8k.htm,False,
WNNR,2026-08-12 00:00:00,https://www.sec.gov/Archives/edgar/data/1843714/000168316826006225/0001683168-26-006225-index.htm,EX-99.1,PRESS RELEASE,https://www.sec.gov/Archives/edgar/data/1843714/000168316826006225/zapata_ex9901.htm,False,
ZPTA,2026-08-12 00:00:00,https://www.sec.gov/Archives/edgar/data/1843714/000168316826006225/0001683168-26-006225-index.htm,8-K,FORM 8-K,https://www.sec.gov/Archives/edgar/data/1843714/000168316826006225/zapata_8k.htm,False,
ZPTA,2026-08-12 00:00:00,https://www.sec.gov/Archives/edgar/data/1843714/000168316826006225/0001683168-26-006225-index.htm,EX-99.1,PRESS RELEASE,https://www.sec.gov/Archives/edgar/data/1843714/000168316826006225/zapata_ex9901.htm,False,
WNNR-UN,2026-08-12 00:00:00,https://www.sec.gov/Archives/edgar/data/1843714/000168316826006225/0001683168-26-006225-index.htm,8-K,FORM 8-K,https://www.sec.gov/Archives/edgar/data/1843714/000168316826006225/zapata_8k.htm,False,
WNNR-UN,2026-08-12 00:00:00,https://www.sec.gov/Archives/edgar/data/1843714/000168316826006225/0001683168-26-006225-index.htm,EX-99.1,PRESS RELEASE,https://www.sec.gov/Archives/edgar/data/1843714/000168316826006225/zapata_ex9901.htm,False,
WNNR-WT,2026-08-12 00:00:00,https://www.sec.gov/Archives/edgar/data/1843714/000168316826006225/0001683168-26-006225-index.htm,8-K,FORM 8-K,https://www.sec.gov/Archives/edgar/data/1843714/000168316826006225/zapata_8k.htm,False,
WNNR-WT,2026-08-12 00:00:00,https://www.sec.gov/Archives/edgar/data/1843714/000168316826006225/0001683168-26-006225-index.htm,EX-99.1,PRESS RELEASE,https://www.sec.gov/Archives/edgar/data/1843714/000168316826006225/zapata_ex9901.htm,False,
ZPTAW,2026-08-12 00:00:00,https://www.sec.gov/Archives/edgar/data/1843714/000168316826006225/0001683168-26-006225-index.htm,8-K,FORM 8-K,https://www.sec.gov/Archives/edgar/data/1843714/000168316826006225/zapata_8k.htm,False,
ZPTAW,2026-08-12 00:00:00,https://www.sec.gov/Archives/edgar/data/1843714/000168316826006225/0001683168-26-006225-index.htm,EX-99.1,PRESS RELEASE,https://www.sec.gov/Archives/edgar/data/1843714/000168316826006225/zapata_ex9901.htm,False,
IBATF,2026-08-12 00:00:00,https://www.sec.gov/Archives/edgar/data/1786318/000119312526345799/0001193125-26-345799-index.htm,8-K,8-K,https://www.sec.gov/Archives/edgar/data/1786318/000119312526345799/ibatf-20260811.htm,False,
ADM,2026-08-12 00:00:00,https://www.sec.gov/Archives/edgar/data/7084/000119312526345800/0001193125-26-345800-index.htm,8-K,8-K,https://www.sec.gov/Archives/edgar/data/7084/000119312526345800/d176752d8k.htm,False,
UPS,2026-08-12 00:00:00,https://www.sec.gov/Archives/edgar/data/1090727/000110465926094502/0001104659-26-094502-index.htm,8-K,FORM 8-K,https://www.sec.gov/Archives/edgar/data/1090727/000110465926094502/tm2622353d5_8k.htm,False,
XLO,2026-08-12 00:00:00,https://www.sec.gov/Archives/edgar/data/1840233/000119312526345753/0001193125-26-345753-index.htm,8-K,8-K,https://www.sec.gov/Archives/edgar/data/1840233/000119312526345753/xlo-20260812.htm,False,
XLO,2026-08-12 00:00:00,https://www.sec.gov/Archives/edgar/data/1840233/000119312526345753/0001193125-26-345753-index.htm,EX-99.1,EX-99.1,https://www.sec.gov/Archives/edgar/data/1840233/000119312526345753/xlo-ex99_1.htm,False,
PIP,2026-08-12 00:00:00,https://www.sec.gov/Archives/edgar/data/1326190/000132619026000049/0001326190-26-000049-index.htm,8-K,8-K,https://www.sec.gov/Archives/edgar/data/1326190/000132619026000049/alt-20260812x8k.htm,False,
PIP,2026-08-12 00:00:00,https://www.sec.gov/Archives/edgar/data/1326190/000132619026000049/0001326190-26-000049-index.htm,EX-99.1,EX-99.1,https://www.sec.gov/Archives/edgar/data/1326190/000132619026000049/alt-20260812xex99d1.htm,True,
ALT,2026-08-12 00:00:00,https://www.sec.gov/Archives/edgar/data/1326190/000132619026000049/0001326190-26-000049-index.htm,8-K,8-K,https://www.sec.gov/Archives/edgar/data/1326190/000132619026000049/alt-20260812x8k.htm,False,
ALT,2026-08-12 00:00:00,https://www.sec.gov/Archives/edgar/data/1326190/000132619026000049/0001326190-26-000049-index.htm,EX-99.1,EX-99.1,https://www.sec.gov/Archives/edgar/data/1326190/000132619026000049/alt-20260812xex99d1.htm,True,
ABUS,2026-08-12 00:00:00,https://www.sec.gov/Archives/edgar/data/1447028/000117184326005442/0001171843-26-005442-index.htm,8-K,FORM 8-K,https://www.sec.gov/Archives/edgar/data/1447028/000117184326005442/f8k_081226.htm,False,
ABUS,2026-08-12 00:00:00,https://www.sec.gov/Archives/edgar/data/1447028/000117184326005442/0001171843-26-005442-index.htm,EX-99.1,PRESS RELEASE,https://www.sec.gov/Archives/edgar/data/1447028/000117184326005442/exh_991.htm,False,
LOCL-WT,2026-08-12 00:00:00,https://www.sec.gov/Archives/edgar/data/1840780/000162828026055950/0001628280-26-055950-index.htm,8-K,8-K,https://www.sec.gov/Archives/edgar/data/1840780/000162828026055950/locl-20260812.htm,False,
LOCL-WT,2026-08-12 00:00:00,https://www.sec.gov/Archives/edgar/data/1840780/000162828026055950/0001628280-26-055950-index.htm,EX-99.1,EX-99.1,https://www.sec.gov/Archives/edgar/data/1840780/000162828026055950/earningsrelease-20260630.htm,False,
LOCL,2026-08-12 00:00:00,https://www.sec.gov/Archives/edgar/data/1840780/000162828026055950/0001628280-26-055950-index.htm,8-K,8-K,https://www.sec.gov/Archives/edgar/data/1840780/000162828026055950/locl-20260812.htm,False,
LOCL,2026-08-12 00:00:00,https://www.sec.gov/Archives/edgar/data/1840780/000162828026055950/0001628280-26-055950-index.htm,EX-99.1,EX-99.1,https://www.sec.gov/Archives/edgar/data/1840780/000162828026055950/earningsrelease-20260630.htm,False,
CTTH,2026-08-12 00:00:00,https://www.sec.gov/Archives/edgar/data/1035422/000117152026000225/0001171520-26-000225-index.htm,8-K,,https://www.sec.gov/Archives/edgar/data/1035422/000117152026000225/eps12766_ctth.htm,False,
CTTH,2026-08-12 00:00:00,https://www.sec.gov/Archives/edgar/data/1035422/000117152026000225/0001171520-26-000225-index.htm,EX-99.1,PRESS RELEASE,https://www.sec.gov/Archives/edgar/data/1035422/000117152026000225/ex99-1.htm,False,
CAPS,2026-08-12 00:00:00,https://www.sec.gov/Archives/edgar/data/887151/000143774926027149/0001437749-26-027149-index.htm,8-K,FORM 8-K,https://www.sec.gov/Archives/edgar/data/887151/000143774926027149/caps20260807_8k.htm,False,
MIST,2026-08-12 00:00:00,https://www.sec.gov/Archives/edgar/data/1408443/000110465926094466/0001104659-26-094466-index.htm,8-K,FORM 8-K,https://www.sec.gov/Archives/edgar/data/1408443/000110465926094466/tm2614433d1_8k.htm,False,
MIST,2026-08-12 00:00:00,https://www.sec.gov/Archives/edgar/data/1408443/000110465926094466/0001104659-26-094466-index.htm,EX-99.1,EXHIBIT 99.1,https://www.sec.gov/Archives/edgar/data/1408443/000110465926094466/tm2614433d1_ex99-1.htm,False,
AADX,2026-08-12 00:00:00,https://www.sec.gov/Archives/edgar/data/2118195/000162828026055948/0001628280-26-055948-index.htm,8-K,8-K - FY26 Q2 EARNINGS RELEASE,https://www.sec.gov/Archives/edgar/data/2118195/000162828026055948/aadx-20260812.htm,False,
AADX,2026-08-12 00:00:00,https://www.sec.gov/Archives/edgar/data/2118195/000162828026055948/0001628280-26-055948-index.htm,EX-99.1,EX-99.1 - EARNINGS RELEASE - FY26 Q2,https://www.sec.gov/Archives/edgar/data/2118195/000162828026055948/appliedearningsrelease2q26.htm,False,
ZNOGW,2026-08-12 00:00:00,https://www.sec.gov/Archives/edgar/data/1131312/000143774926027148/0001437749-26-027148-index.htm,8-K,FORM 8-K,https://www.sec.gov/Archives/edgar/data/1131312/000143774926027148/znog20260811_8k.htm,False,
ZNOG,2026-08-12 00:00:00,https://www.sec.gov/Archives/edgar/data/1131312/000143774926027148/0001437749-26-027148-index.htm,8-K,FORM 8-K,https://www.sec.gov/Archives/edgar/data/1131312/000143774926027148/znog20260811_8k.htm,False,
DIT,2026-08-12 00:00:00,https://www.sec.gov/Archives/edgar/data/928465/000110465926094451/0001104659-26-094451-index.htm,8-K,FORM 8-K,https://www.sec.gov/Archives/edgar/data/928465/000110465926094451/tm2622611d2_8k.htm,False,
DIT,2026-08-12 00:00:00,https://www.sec.gov/Archives/edgar/data/928465/000110465926094451/0001104659-26-094451-index.htm,EX-99.1,EXHIBIT 99.1,https://www.sec.gov/Archives/edgar/data/928465/000110465926094451/tm2622611d2_ex99-1.htm,False,
STRO,2026-08-12 00:00:00,https://www.sec.gov/Archives/edgar/data/1382101/000119312526345733/0001193125-26-345733-index.htm,8-K,8-K,https://www.sec.gov/Archives/edgar/data/1382101/000119312526345733/stro-20260812.htm,False,
STRO,2026-08-12 00:00:00,https://www.sec.gov/Archives/edgar/data/1382101/000119312526345733/0001193125-26-345733-index.htm,EX-99.1,EX-99.1,https://www.sec.gov/Archives/edgar/data/1382101/000119312526345733/stro-ex99_1.htm,False,
TCRX,2026-08-12 00:00:00,https://www.sec.gov/Archives/edgar/data/1783328/000119312526345732/0001193125-26-345732-index.htm,8-K,8-K,https://www.sec.gov/Archives/edgar/data/1783328/000119312526345732/tcrx-20260812.htm,False,
TCRX,2026-08-12 00:00:00,https://www.sec.gov/Archives/edgar/data/1783328/000119312526345732/0001193125-26-345732-index.htm,EX-99.1,EX-99.1,https://www.sec.gov/Archives/edgar/data/1783328/000119312526345732/tcrx-ex99_1.htm,True,
LPTX,2026-08-12 00:00:00,https://www.sec.gov/Archives/edgar/data/1509745/000110465926094445/0001104659-26-094445-index.htm,8-K,FORM 8-K,https://www.sec.gov/Archives/edgar/data/1509745/000110465926094445/tm2620947d1_8k.htm,False,
LPTX,2026-08-12 00:00:00,https://www.sec.gov/Archives/edgar/data/1509745/000110465926094445/0001104659-26-094445-index.htm,EX-99.1,EXHIBIT 99.1,https://www.sec.gov/Archives/edgar/data/1509745/000110465926094445/tm2622925d1_ex99-1.htm,False,
CYPH,2026-08-12 00:00:00,https://www.sec.gov/Archives/edgar/data/1509745/000110465926094445/0001104659-26-094445-index.htm,8-K,FORM 8-K,https://www.sec.gov/Archives/edgar/data/1509745/000110465926094445/tm2620947d1_8k.htm,False,
CYPH,2026-08-12 00:00:00,https://www.sec.gov/Archives/edgar/data/1509745/000110465926094445/0001104659-26-094445-index.htm,EX-99.1,EXHIBIT 99.1,https://www.sec.gov/Archives/edgar/data/1509745/000110465926094445/tm2622925d1_ex99-1.htm,False,
CYCU,2026-08-12 00:00:00,https://www.sec.gov/Archives/edgar/data/1868419/000162828026055946/0001628280-26-055946-index.htm,8-K,8-K,https://www.sec.gov/Archives/edgar/data/1868419/000162828026055946/cycu-20260807.htm,False,
CYCU,2026-08-12 00:00:00,https://www.sec.gov/Archives/edgar/data/1868419/000162828026055946/0001628280-26-055946-index.htm,EX-99.1,EX-99.1,https://www.sec.gov/Archives/edgar/data/1868419/000162828026055946/exhibit991august72026press.htm,False,
CYCUW,2026-08-12 00:00:00,https://www.sec.gov/Archives/edgar/data/1868419/000162828026055946/0001628280-26-055946-index.htm,8-K,8-K,https://www.sec.gov/Archives/edgar/data/1868419/000162828026055946/cycu-20260807.htm,False,
CYCUW,2026-08-12 00:00:00,https://www.sec.gov/Archives/edgar/data/1868419/000162828026055946/0001628280-26-055946-index.htm,EX-99.1,EX-99.1,https://www.sec.gov/Archives/edgar/data/1868419/000162828026055946/exhibit991august72026press.htm,False,
WAVSW,2026-08-12 00:00:00,https://www.sec.gov/Archives/edgar/data/1868419/000162828026055946/0001628280-26-055946-index.htm,8-K,8-K,https://www.sec.gov/Archives/edgar/data/1868419/000162828026055946/cycu-20260807.htm,False,
WAVSW,2026-08-12 00:00:00,https://www.sec.gov/Archives/edgar/data/1868419/000162828026055946/0001628280-26-055946-index.htm,EX-99.1,EX-99.1,https://www.sec.gov/Archives/edgar/data/1868419/000162828026055946/exhibit991august72026press.htm,False,
WAVS,2026-08-12 00:00:00,https://www.sec.gov/Archives/edgar/data/1868419/000162828026055946/0001628280-26-055946-index.htm,8-K,8-K,https://www.sec.gov/Archives/edgar/data/1868419/000162828026055946/cycu-20260807.htm,False,
WAVS,2026-08-12 00:00:00,https://www.sec.gov/Archives/edgar/data/1868419/000162828026055946/0001628280-26-055946-index.htm,EX-99.1,EX-99.1,https://www.sec.gov/Archives/edgar/data/1868419/000162828026055946/exhibit991august72026press.htm,False,
WAVSU,2026-08-12 00:00:00,https://www.sec.gov/Archives/edgar/data/1868419/000162828026055946/0001628280-26-055946-index.htm,8-K,8-K,https://www.sec.gov/Archives/edgar/data/1868419/000162828026055946/cycu-20260807.htm,False,
WAVSU,2026-08-12 00:00:00,https://www.sec.gov/Archives/edgar/data/1868419/000162828026055946/0001628280-26-055946-index.htm,EX-99.1,EX-99.1,https://www.sec.gov/Archives/edgar/data/1868419/000162828026055946/exhibit991august72026press.htm,False,
None,2026-08-12 00:00:00,https://www.sec.gov/Archives/edgar/data/1853868/000162828026055942/0001628280-26-055942-index.htm,8-K,8-K,https://www.sec.gov/Archives/edgar/data/1853868/000162828026055942/frvo-20260812.htm,False,
None,2026-08-12 00:00:00,https://www.sec.gov/Archives/edgar/data/1853868/000162828026055942/0001628280-26-055942-index.htm,EX-99.1,EX-99.1,https://www.sec.gov/Archives/edgar/data/1853868/000162828026055942/exhibit991earningsrelease8.htm,True,
HUMA,2026-08-12 00:00:00,https://www.sec.gov/Archives/edgar/data/1818382/000110465926094440/0001104659-26-094440-index.htm,8-K,FORM 8-K,https://www.sec.gov/Archives/edgar/data/1818382/000110465926094440/tm2622949d1_8k.htm,False,
HUMA,2026-08-12 00:00:00,https://www.sec.gov/Archives/edgar/data/1818382/000110465926094440/0001104659-26-094440-index.htm,EX-99.1,EXHIBIT 99.1,https://www.sec.gov/Archives/edgar/data/1818382/000110465926094440/tm2622949d1_ex99-1.htm,False,
AHAC,2026-08-12 00:00:00,https://www.sec.gov/Archives/edgar/data/1818382/000110465926094440/0001104659-26-094440-index.htm,8-K,FORM 8-K,https://www.sec.gov/Archives/edgar/data/1818382/000110465926094440/tm2622949d1_8k.htm,False,
AHAC,2026-08-12 00:00:00,https://www.sec.gov/Archives/edgar/data/1818382/000110465926094440/0001104659-26-094440-index.htm,EX-99.1,EXHIBIT 99.1,https://www.sec.gov/Archives/edgar/data/1818382/000110465926094440/tm2622949d1_ex99-1.htm,False,
AHACU,2026-08-12 00:00:00,https://www.sec.gov/Archives/edgar/data/1818382/000110465926094440/0001104659-26-094440-index.htm,8-K,FORM 8-K,https://www.sec.gov/Archives/edgar/data/1818382/000110465926094440/tm2622949d1_8k.htm,False,
AHACU,2026-08-12 00:00:00,https://www.sec.gov/Archives/edgar/data/1818382/000110465926094440/0001104659-26-094440-index.htm,EX-99.1,EXHIBIT 99.1,https://www.sec.gov/Archives/edgar/data/1818382/000110465926094440/tm2622949d1_ex99-1.htm,False,
HUMAW,2026-08-12 00:00:00,https://www.sec.gov/Archives/edgar/data/1818382/000110465926094440/0001104659-26-094440-index.htm,8-K,FORM 8-K,https://www.sec.gov/Archives/edgar/data/1818382/000110465926094440/tm2622949d1_8k.htm,False,
HUMAW,2026-08-12 00:00:00,https://www.sec.gov/Archives/edgar/data/1818382/000110465926094440/0001104659-26-094440-index.htm,EX-99.1,EXHIBIT 99.1,https://www.sec.gov/Archives/edgar/data/1818382/000110465926094440/tm2622949d1_ex99-1.htm,False,
LXEO,2026-08-12 00:00:00,https://www.sec.gov/Archives/edgar/data/1907108/000119312526345722/0001193125-26-345722-index.htm,8-K,8-K,https://www.sec.gov/Archives/edgar/data/1907108/000119312526345722/lxeo-20260812.htm,False,
LXEO,2026-08-12 00:00:00,https://www.sec.gov/Archives/edgar/data/1907108/000119312526345722/0001193125-26-345722-index.htm,EX-99.1,EX-99.1,https://www.sec.gov/Archives/edgar/data/1907108/000119312526345722/lxeo-ex99_1.htm,False,
ABOS,2026-08-12 00:00:00,https://www.sec.gov/Archives/edgar/data/1576885/000162828026055940/0001628280-26-055940-index.htm,8-K,8-K,https://www.sec.gov/Archives/edgar/data/1576885/000162828026055940/abos-20260812.htm,False,
ABOS,2026-08-12 00:00:00,https://www.sec.gov/Archives/edgar/data/1576885/000162828026055940/0001628280-26-055940-index.htm,EX-99.1,EX-99.1,https://www.sec.gov/Archives/edgar/data/1576885/000162828026055940/abos-20260812xexx991.htm,False,
None,2026-08-12 00:00:00,https://www.sec.gov/Archives/edgar/data/2083632/000162828026055939/0001628280-26-055939-index.htm,8-K,8-K,https://www.sec.gov/Archives/edgar/data/2083632/000162828026055939/octv-20260812.htm,False,
None,2026-08-12 00:00:00,https://www.sec.gov/Archives/edgar/data/2083632/000162828026055939/0001628280-26-055939-index.htm,EX-99.1,EX-99.1,https://www.sec.gov/Archives/edgar/data/2083632/000162828026055939/exhibit991q2fy26.htm,True,
TRMB,2026-08-12 00:00:00,https://www.sec.gov/Archives/edgar/data/864749/000086474926000106/0000864749-26-000106-index.htm,8-K,8-K,https://www.sec.gov/Archives/edgar/data/864749/000086474926000106/trmb-20260812.htm,False,
TRMB,2026-08-12 00:00:00,https://www.sec.gov/Archives/edgar/data/864749/000086474926000106/0000864749-26-000106-index.htm,EX-99.1,EX-99.1,https://www.sec.gov/Archives/edgar/data/864749/000086474926000106/a2026q2-8kex991_00version.htm,False,
SPMC,2026-08-12 00:00:00,https://www.sec.gov/Archives/edgar/data/1930147/000182912626008651/0001829126-26-008651-index.htm,8-K,8-K,https://www.sec.gov/Archives/edgar/data/1930147/000182912626008651/soundpointmeridian_8k.htm,True,
SPMC,2026-08-12 00:00:00,https://www.sec.gov/Archives/edgar/data/1930147/000182912626008651/0001829126-26-008651-index.htm,EX-10.1,EXHIBIT 10.1,https://www.sec.gov/Archives/edgar/data/1930147/000182912626008651/soundpointmeridian_ex10-1.htm,False,
SPMC,2026-08-12 00:00:00,https://www.sec.gov/Archives/edgar/data/1930147/000182912626008651/0001829126-26-008651-index.htm,EX-99.1,EXHIBIT 99.1,https://www.sec.gov/Archives/edgar/data/1930147/000182912626008651/soundpointmeridian_ex99-1.htm,False,
PFGC,2026-08-12 00:00:00,https://www.sec.gov/Archives/edgar/data/1618673/000119312526345718/0001193125-26-345718-index.htm,8-K,8-K,https://www.sec.gov/Archives/edgar/data/1618673/000119312526345718/pfgc-20260812.htm,False,
PFGC,2026-08-12 00:00:00,https://www.sec.gov/Archives/edgar/data/1618673/000119312526345718/0001193125-26-345718-index.htm,EX-99.1,EX-99.1,https://www.sec.gov/Archives/edgar/data/1618673/000119312526345718/pfgc-ex99_1.htm,False,
PLX,2026-08-12 00:00:00,https://www.sec.gov/Archives/edgar/data/1006281/000110465926094433/0001104659-26-094433-index.htm,8-K,8-K,https://www.sec.gov/Archives/edgar/data/1006281/000110465926094433/plx-20260812x8k.htm,False,
PLX,2026-08-12 00:00:00,https://www.sec.gov/Archives/edgar/data/1006281/000110465926094433/0001104659-26-094433-index.htm,EX-99.1,EX-99.1,https://www.sec.gov/Archives/edgar/data/1006281/000110465926094433/plx-20260812xex99d1.htm,False,
KTB,2026-08-12 00:00:00,https://www.sec.gov/Archives/edgar/data/1760965/000176096526000055/0001760965-26-000055-index.htm,8-K,8-K,https://www.sec.gov/Archives/edgar/data/1760965/000176096526000055/ktb-20260812.htm,False,
KTB,2026-08-12 00:00:00,https://www.sec.gov/Archives/edgar/data/1760965/000176096526000055/0001760965-26-000055-index.htm,EX-99.1,EX-99.1,https://www.sec.gov/Archives/edgar/data/1760965/000176096526000055/a2026q2ktberexhibit991.htm,True,
FREY-WT,2026-08-12 00:00:00,https://www.sec.gov/Archives/edgar/data/1992243/000121390026088022/0001213900-26-088022-index.htm,8-K,CURRENT REPORT,https://www.sec.gov/Archives/edgar/data/1992243/000121390026088022/ea0301615-8k_t1energy.htm,False,
FREY-WT,2026-08-12 00:00:00,https://www.sec.gov/Archives/edgar/data/1992243/000121390026088022/0001213900-26-088022-index.htm,EX-99.1,"PRESS RELEASE, DATED AUGUST 12, 2026",https://www.sec.gov/Archives/edgar/data/1992243/000121390026088022/ea030161501ex99-1.htm,False,
FREY,2026-08-12 00:00:00,https://www.sec.gov/Archives/edgar/data/1992243/000121390026088022/0001213900-26-088022-index.htm,8-K,CURRENT REPORT,https://www.sec.gov/Archives/edgar/data/1992243/000121390026088022/ea0301615-8k_t1energy.htm,False,
FREY,2026-08-12 00:00:00,https://www.sec.gov/Archives/edgar/data/1992243/000121390026088022/0001213900-26-088022-index.htm,EX-99.1,"PRESS RELEASE, DATED AUGUST 12, 2026",https://www.sec.gov/Archives/edgar/data/1992243/000121390026088022/ea030161501ex99-1.htm,False,
TE,2026-08-12 00:00:00,https://www.sec.gov/Archives/edgar/data/1992243/000121390026088022/0001213900-26-088022-index.htm,8-K,CURRENT REPORT,https://www.sec.gov/Archives/edgar/data/1992243/000121390026088022/ea0301615-8k_t1energy.htm,False,
TE,2026-08-12 00:00:00,https://www.sec.gov/Archives/edgar/data/1992243/000121390026088022/0001213900-26-088022-index.htm,EX-99.1,"PRESS RELEASE, DATED AUGUST 12, 2026",https://www.sec.gov/Archives/edgar/data/1992243/000121390026088022/ea030161501ex99-1.htm,False,
TE-WT,2026-08-12 00:00:00,https://www.sec.gov/Archives/edgar/data/1992243/000121390026088022/0001213900-26-088022-index.htm,8-K,CURRENT REPORT,https://www.sec.gov/Archives/edgar/data/1992243/000121390026088022/ea0301615-8k_t1energy.htm,False,
TE-WT,2026-08-12 00:00:00,https://www.sec.gov/Archives/edgar/data/1992243/000121390026088022/0001213900-26-088022-index.htm,EX-99.1,"PRESS RELEASE, DATED AUGUST 12, 2026",https://www.sec.gov/Archives/edgar/data/1992243/000121390026088022/ea030161501ex99-1.htm,False,
LQDA,2026-08-12 00:00:00,https://www.sec.gov/Archives/edgar/data/1819576/000110465926094411/0001104659-26-094411-index.htm,8-K,FORM 8-K,https://www.sec.gov/Archives/edgar/data/1819576/000110465926094411/tm2622888d1_8k.htm,False,
LQDA,2026-08-12 00:00:00,https://www.sec.gov/Archives/edgar/data/1819576/000110465926094411/0001104659-26-094411-index.htm,EX-99.1,EXHIBIT 99.1,https://www.sec.gov/Archives/edgar/data/1819576/000110465926094411/tm2622888d1_ex99-1.htm,False,
NVA,2026-08-12 00:00:00,https://www.sec.gov/Archives/edgar/data/1852551/000149315226037239/0001493152-26-037239-index.htm,8-K,8-K,https://www.sec.gov/Archives/edgar/data/1852551/000149315226037239/form8-k.htm,False,
NVA,2026-08-12 00:00:00,https://www.sec.gov/Archives/edgar/data/1852551/000149315226037239/0001493152-26-037239-index.htm,EX-99.1,EX-99.1,https://www.sec.gov/Archives/edgar/data/1852551/000149315226037239/ex99-1.htm,False,
NVAAF,2026-08-12 00:00:00,https://www.sec.gov/Archives/edgar/data/1852551/000149315226037239/0001493152-26-037239-index.htm,8-K,8-K,https://www.sec.gov/Archives/edgar/data/1852551/000149315226037239/form8-k.htm,False,
NVAAF,2026-08-12 00:00:00,https://www.sec.gov/Archives/edgar/data/1852551/000149315226037239/0001493152-26-037239-index.htm,EX-99.1,EX-99.1,https://www.sec.gov/Archives/edgar/data/1852551/000149315226037239/ex99-1.htm,False,
NVAWW,2026-08-12 00:00:00,https://www.sec.gov/Archives/edgar/data/1852551/000149315226037239/0001493152-26-037239-index.htm,8-K,8-K,https://www.sec.gov/Archives/edgar/data/1852551/000149315226037239/form8-k.htm,False,
NVAWW,2026-08-12 00:00:00,https://www.sec.gov/Archives/edgar/data/1852551/000149315226037239/0001493152-26-037239-index.htm,EX-99.1,EX-99.1,https://www.sec.gov/Archives/edgar/data/1852551/000149315226037239/ex99-1.htm,False,
TECH,2026-08-12 00:00:00,https://www.sec.gov/Archives/edgar/data/842023/000110465926094391/0001104659-26-094391-index.htm,8-K,8-K,https://www.sec.gov/Archives/edgar/data/842023/000110465926094391/tech-20260812x8k.htm,False,
TECH,2026-08-12 00:00:00,https://www.sec.gov/Archives/edgar/data/842023/000110465926094391/0001104659-26-094391-index.htm,EX-99.1,EX-99.1,https://www.sec.gov/Archives/edgar/data/842023/000110465926094391/tech-20260812xex99d1.htm,False,
ANNX,2026-08-12 00:00:00,https://www.sec.gov/Archives/edgar/data/1528115/000119312526345672/0001193125-26-345672-index.htm,8-K,8-K,https://www.sec.gov/Archives/edgar/data/1528115/000119312526345672/d119960d8k.htm,False,
ANNX,2026-08-12 00:00:00,https://www.sec.gov/Archives/edgar/data/1528115/000119312526345672/0001193125-26-345672-index.htm,EX-99.1,EX-99.1,https://www.sec.gov/Archives/edgar/data/1528115/000119312526345672/d119960dex991.htm,False,
None,2026-08-12 00:00:00,https://www.sec.gov/Archives/edgar/data/2093507/000182912626008636/0001829126-26-008636-index.htm,8-K,8-K,https://www.sec.gov/Archives/edgar/data/2093507/000182912626008636/greenlandenergy_8k.htm,False,
None,2026-08-12 00:00:00,https://www.sec.gov/Archives/edgar/data/2093507/000182912626008636/0001829126-26-008636-index.htm,EX-99.1,EXHIBIT 99.1,https://www.sec.gov/Archives/edgar/data/2093507/000182912626008636/greenlandenergy_ex99-1.htm,False,
AMCR,2026-08-12 00:00:00,https://www.sec.gov/Archives/edgar/data/1748790/000174879026000020/0001748790-26-000020-index.htm,8-K,8-K,https://www.sec.gov/Archives/edgar/data/1748790/000174879026000020/amcr-20260812.htm,False,
AMCR,2026-08-12 00:00:00,https://www.sec.gov/Archives/edgar/data/1748790/000174879026000020/0001748790-26-000020-index.htm,EX-99.1,EX-99.1,https://www.sec.gov/Archives/edgar/data/1748790/000174879026000020/amcor4q2026ex991-june302026.htm,False,
AMCCF,2026-08-12 00:00:00,https://www.sec.gov/Archives/edgar/data/1748790/000174879026000020/0001748790-26-000020-index.htm,8-K,8-K,https://www.sec.gov/Archives/edgar/data/1748790/000174879026000020/amcr-20260812.htm,False,
AMCCF,2026-08-12 00:00:00,https://www.sec.gov/Archives/edgar/data/1748790/000174879026000020/0001748790-26-000020-index.htm,EX-99.1,EX-99.1,https://www.sec.gov/Archives/edgar/data/1748790/000174879026000020/amcor4q2026ex991-june302026.htm,False,
EICB,2026-08-12 00:00:00,https://www.sec.gov/Archives/edgar/data/1754836/000110465926094331/0001104659-26-094331-index.htm,8-K,FORM 8-K,https://www.sec.gov/Archives/edgar/data/1754836/000110465926094331/tm2622860d1_8k.htm,False,
EICA,2026-08-12 00:00:00,https://www.sec.gov/Archives/edgar/data/1754836/000110465926094331/0001104659-26-094331-index.htm,8-K,FORM 8-K,https://www.sec.gov/Archives/edgar/data/1754836/000110465926094331/tm2622860d1_8k.htm,False,
EICC,2026-08-12 00:00:00,https://www.sec.gov/Archives/edgar/data/1754836/000110465926094331/0001104659-26-094331-index.htm,8-K,FORM 8-K,https://www.sec.gov/Archives/edgar/data/1754836/000110465926094331/tm2622860d1_8k.htm,False,
EIC,2026-08-12 00:00:00,https://www.sec.gov/Archives/edgar/data/1754836/000110465926094331/0001104659-26-094331-index.htm,8-K,FORM 8-K,https://www.sec.gov/Archives/edgar/data/1754836/000110465926094331/tm2622860d1_8k.htm,False,
None,2026-08-12 00:00:00,https://www.sec.gov/Archives/edgar/data/1784570/000162828026055933/0001628280-26-055933-index.htm,8-K,8-K,https://www.sec.gov/Archives/edgar/data/1784570/000162828026055933/bta-20260812.htm,False,
None,2026-08-12 00:00:00,https://www.sec.gov/Archives/edgar/data/1784570/000162828026055933/0001628280-26-055933-index.htm,EX-99.1,EX-99.1,https://www.sec.gov/Archives/edgar/data/1784570/000162828026055933/a2026q2earningsrelease.htm,False,
None,2026-08-12 00:00:00,https://www.sec.gov/Archives/edgar/data/2080216/000119312526345641/0001193125-26-345641-index.htm,8-K,8-K,https://www.sec.gov/Archives/edgar/data/2080216/000119312526345641/d126315d8k.htm,False,
None,2026-08-12 00:00:00,https://www.sec.gov/Archives/edgar/data/2080216/000119312526345641/0001193125-26-345641-index.htm,EX-99.1,EX-99.1,https://www.sec.gov/Archives/edgar/data/2080216/000119312526345641/d126315dex991.htm,True,
EYE,2026-08-12 00:00:00,https://www.sec.gov/Archives/edgar/data/1710155/000162828026055930/0001628280-26-055930-index.htm,8-K,8-K,https://www.sec.gov/Archives/edgar/data/1710155/000162828026055930/eye-20260812.htm,False,
EYE,2026-08-12 00:00:00,https://www.sec.gov/Archives/edgar/data/1710155/000162828026055930/0001628280-26-055930-index.htm,EX-99.1,EX-99.1,https://www.sec.gov/Archives/edgar/data/1710155/000162828026055930/ex991-q22026earningsrelease.htm,True,
NYC,2026-08-12 00:00:00,https://www.sec.gov/Archives/edgar/data/1595527/000162828026055929/0001628280-26-055929-index.htm,8-K,8-K,https://www.sec.gov/Archives/edgar/data/1595527/000162828026055929/nycr-20260812.htm,False,
NYC,2026-08-12 00:00:00,https://www.sec.gov/Archives/edgar/data/1595527/000162828026055929/0001628280-26-055929-index.htm,EX-99.1,EX-99.1,https://www.sec.gov/Archives/edgar/data/1595527/000162828026055929/ex991-asicearningsrelease6.htm,False,
AITXD,2026-08-12 00:00:00,https://www.sec.gov/Archives/edgar/data/1498148/000106299326004193/0001062993-26-004193-index.htm,8-K,FORM 8-K,https://www.sec.gov/Archives/edgar/data/1498148/000106299326004193/form8k.htm,False,
AITXD,2026-08-12 00:00:00,https://www.sec.gov/Archives/edgar/data/1498148/000106299326004193/0001062993-26-004193-index.htm,EX-99.1,EXHIBIT 99.1,https://www.sec.gov/Archives/edgar/data/1498148/000106299326004193/exhibit99-1.htm,False,
AITX,2026-08-12 00:00:00,https://www.sec.gov/Archives/edgar/data/1498148/000106299326004193/0001062993-26-004193-index.htm,8-K,FORM 8-K,https://www.sec.gov/Archives/edgar/data/1498148/000106299326004193/form8k.htm,False,
AITX,2026-08-12 00:00:00,https://www.sec.gov/Archives/edgar/data/1498148/000106299326004193/0001062993-26-004193-index.htm,EX-99.1,EXHIBIT 99.1,https://www.sec.gov/Archives/edgar/data/1498148/000106299326004193/exhibit99-1.htm,False,
OWL,2026-08-12 00:00:00,https://www.sec.gov/Archives/edgar/data/1823945/000119312526345635/0001193125-26-345635-index.htm,8-K,8-K,https://www.sec.gov/Archives/edgar/data/1823945/000119312526345635/d223714d8k.htm,True,
OWL,2026-08-12 00:00:00,https://www.sec.gov/Archives/edgar/data/1823945/000119312526345635/0001193125-26-345635-index.htm,EX-99.1,EX-99.1,https://www.sec.gov/Archives/edgar/data/1823945/000119312526345635/d223714dex991.htm,True,
OWL-WT,2026-08-12 00:00:00,https://www.sec.gov/Archives/edgar/data/1823945/000119312526345635/0001193125-26-345635-index.htm,8-K,8-K,https://www.sec.gov/Archives/edgar/data/1823945/000119312526345635/d223714d8k.htm,True,
OWL-WT,2026-08-12 00:00:00,https://www.sec.gov/Archives/edgar/data/1823945/000119312526345635/0001193125-26-345635-index.htm,EX-99.1,EX-99.1,https://www.sec.gov/Archives/edgar/data/1823945/000119312526345635/d223714dex991.htm,True,
O,2026-08-12 00:00:00,https://www.sec.gov/Archives/edgar/data/726728/000110465926094314/0001104659-26-094314-index.htm,8-K,FORM 8-K,https://www.sec.gov/Archives/edgar/data/726728/000110465926094314/tm2622133d2_8k.htm,False,
O,2026-08-12 00:00:00,https://www.sec.gov/Archives/edgar/data/726728/000110465926094314/0001104659-26-094314-index.htm,EX-99.1,EXHIBIT 99.1,https://www.sec.gov/Archives/edgar/data/726728/000110465926094314/tm2622133d2_ex99-1.htm,False,
ECCB,2026-08-12 00:00:00,https://www.sec.gov/Archives/edgar/data/1604174/000110465926094308/0001104659-26-094308-index.htm,8-K,FORM 8-K,https://www.sec.gov/Archives/edgar/data/1604174/000110465926094308/tm2622859d1_8k.htm,False,
ECC-PD,2026-08-12 00:00:00,https://www.sec.gov/Archives/edgar/data/1604174/000110465926094308/0001104659-26-094308-index.htm,8-K,FORM 8-K,https://www.sec.gov/Archives/edgar/data/1604174/000110465926094308/tm2622859d1_8k.htm,False,
ECCV,2026-08-12 00:00:00,https://www.sec.gov/Archives/edgar/data/1604174/000110465926094308/0001104659-26-094308-index.htm,8-K,FORM 8-K,https://www.sec.gov/Archives/edgar/data/1604174/000110465926094308/tm2622859d1_8k.htm,False,
ECCW,2026-08-12 00:00:00,https://www.sec.gov/Archives/edgar/data/1604174/000110465926094308/0001104659-26-094308-index.htm,8-K,FORM 8-K,https://www.sec.gov/Archives/edgar/data/1604174/000110465926094308/tm2622859d1_8k.htm,False,
ECCU,2026-08-12 00:00:00,https://www.sec.gov/Archives/edgar/data/1604174/000110465926094308/0001104659-26-094308-index.htm,8-K,FORM 8-K,https://www.sec.gov/Archives/edgar/data/1604174/000110465926094308/tm2622859d1_8k.htm,False,
ECCF,2026-08-12 00:00:00,https://www.sec.gov/Archives/edgar/data/1604174/000110465926094308/0001104659-26-094308-index.htm,8-K,FORM 8-K,https://www.sec.gov/Archives/edgar/data/1604174/000110465926094308/tm2622859d1_8k.htm,False,
ECCX,2026-08-12 00:00:00,https://www.sec.gov/Archives/edgar/data/1604174/000110465926094308/0001104659-26-094308-index.htm,8-K,FORM 8-K,https://www.sec.gov/Archives/edgar/data/1604174/000110465926094308/tm2622859d1_8k.htm,False,
ECCY,2026-08-12 00:00:00,https://www.sec.gov/Archives/edgar/data/1604174/000110465926094308/0001104659-26-094308-index.htm,8-K,FORM 8-K,https://www.sec.gov/Archives/edgar/data/1604174/000110465926094308/tm2622859d1_8k.htm,False,
ECC,2026-08-12 00:00:00,https://www.sec.gov/Archives/edgar/data/1604174/000110465926094308/0001104659-26-094308-index.htm,8-K,FORM 8-K,https://www.sec.gov/Archives/edgar/data/1604174/000110465926094308/tm2622859d1_8k.htm,False,
ECCC,2026-08-12 00:00:00,https://www.sec.gov/Archives/edgar/data/1604174/000110465926094308/0001104659-26-094308-index.htm,8-K,FORM 8-K,https://www.sec.gov/Archives/edgar/data/1604174/000110465926094308/tm2622859d1_8k.htm,False,
