symbol,filingDate,filing_detail_url,document_type,document_description,document_url,matched,error
POWWP,2026-10-02 00:00:00,https://www.sec.gov/Archives/edgar/data/1015383/000149315226045615/0001493152-26-045615-index.htm,8-K,8-K,https://www.sec.gov/Archives/edgar/data/1015383/000149315226045615/form8-k.htm,False,
POWW,2026-10-02 00:00:00,https://www.sec.gov/Archives/edgar/data/1015383/000149315226045615/0001493152-26-045615-index.htm,8-K,8-K,https://www.sec.gov/Archives/edgar/data/1015383/000149315226045615/form8-k.htm,False,
EKSO,2026-10-02 00:00:00,https://www.sec.gov/Archives/edgar/data/1549084/000149315226045612/0001493152-26-045612-index.htm,8-K,8-K,https://www.sec.gov/Archives/edgar/data/1549084/000149315226045612/form8-k.htm,False,
EKSO,2026-10-02 00:00:00,https://www.sec.gov/Archives/edgar/data/1549084/000149315226045612/0001493152-26-045612-index.htm,EX-99.1,EX-99.1,https://www.sec.gov/Archives/edgar/data/1549084/000149315226045612/ex99-1.htm,False,
RR,2026-10-02 00:00:00,https://www.sec.gov/Archives/edgar/data/1963685/000121390026106552/0001213900-26-106552-index.htm,8-K,CURRENT REPORT,https://www.sec.gov/Archives/edgar/data/1963685/000121390026106552/ea0307478-8k_richtech.htm,False,
None,2026-10-02 00:00:00,https://www.sec.gov/Archives/edgar/data/2012839/000162828026064662/0001628280-26-064662-index.htm,8-K,8-K,https://www.sec.gov/Archives/edgar/data/2012839/000162828026064662/ebdc-20260930.htm,False,
HCTI,2026-10-02 00:00:00,https://www.sec.gov/Archives/edgar/data/1839285/000121390026106533/0001213900-26-106533-index.htm,8-K,CURRENT REPORT,https://www.sec.gov/Archives/edgar/data/1839285/000121390026106533/ea0307459-8k_healthcare.htm,False,
TNXP,2026-10-02 00:00:00,https://www.sec.gov/Archives/edgar/data/1430306/000149315226045603/0001493152-26-045603-index.htm,8-K,8-K,https://www.sec.gov/Archives/edgar/data/1430306/000149315226045603/form8-k.htm,False,
PLAG,2026-10-02 00:00:00,https://www.sec.gov/Archives/edgar/data/1117057/000121390026106521/0001213900-26-106521-index.htm,8-K,CURRENT REPORT,https://www.sec.gov/Archives/edgar/data/1117057/000121390026106521/ea0307441-8k_planet.htm,True,
JOB,2026-10-02 00:00:00,https://www.sec.gov/Archives/edgar/data/40570/000147793226006035/0001477932-26-006035-index.htm,8-K,FORM 8-K,https://www.sec.gov/Archives/edgar/data/40570/000147793226006035/job_8k.htm,False,
HSCS,2026-10-02 00:00:00,https://www.sec.gov/Archives/edgar/data/1468492/000121390026106500/0001213900-26-106500-index.htm,8-K,CURRENT REPORT,https://www.sec.gov/Archives/edgar/data/1468492/000121390026106500/ea0307437-8k_heart.htm,True,
HSCS,2026-10-02 00:00:00,https://www.sec.gov/Archives/edgar/data/1468492/000121390026106500/0001213900-26-106500-index.htm,EX-10.1,AMENDMENT NO. 8 TO LOAN AND SECURITY AGREEMENT BY AND BETWEEN HEARTSCIENCES INC.,https://www.sec.gov/Archives/edgar/data/1468492/000121390026106500/ea030743701ex10-1.htm,True,
HSCS,2026-10-02 00:00:00,https://www.sec.gov/Archives/edgar/data/1468492/000121390026106500/0001213900-26-106500-index.htm,EX-10.2,NO. 4 AMENDED AND RESTATED SECURED PROMISSORY NOTE BY AND BETWEEN HEARTSCIENCES,https://www.sec.gov/Archives/edgar/data/1468492/000121390026106500/ea030743701ex10-2.htm,True,
HSCSW,2026-10-02 00:00:00,https://www.sec.gov/Archives/edgar/data/1468492/000121390026106500/0001213900-26-106500-index.htm,8-K,CURRENT REPORT,https://www.sec.gov/Archives/edgar/data/1468492/000121390026106500/ea0307437-8k_heart.htm,True,
HSCSW,2026-10-02 00:00:00,https://www.sec.gov/Archives/edgar/data/1468492/000121390026106500/0001213900-26-106500-index.htm,EX-10.1,AMENDMENT NO. 8 TO LOAN AND SECURITY AGREEMENT BY AND BETWEEN HEARTSCIENCES INC.,https://www.sec.gov/Archives/edgar/data/1468492/000121390026106500/ea030743701ex10-1.htm,True,
HSCSW,2026-10-02 00:00:00,https://www.sec.gov/Archives/edgar/data/1468492/000121390026106500/0001213900-26-106500-index.htm,EX-10.2,NO. 4 AMENDED AND RESTATED SECURED PROMISSORY NOTE BY AND BETWEEN HEARTSCIENCES,https://www.sec.gov/Archives/edgar/data/1468492/000121390026106500/ea030743701ex10-2.htm,True,
SOBR,2026-10-02 00:00:00,https://www.sec.gov/Archives/edgar/data/1425627/000147793226006034/0001477932-26-006034-index.htm,8-K,FORM 8-K,https://www.sec.gov/Archives/edgar/data/1425627/000147793226006034/sobr_8k.htm,False,
SOBR,2026-10-02 00:00:00,https://www.sec.gov/Archives/edgar/data/1425627/000147793226006034/0001477932-26-006034-index.htm,EX-99.1,PRESS RELEASE,https://www.sec.gov/Archives/edgar/data/1425627/000147793226006034/sobr_ex991.htm,False,
PINS,2026-10-02 00:00:00,https://www.sec.gov/Archives/edgar/data/1506293/000150629326000136/0001506293-26-000136-index.htm,8-K,8-K,https://www.sec.gov/Archives/edgar/data/1506293/000150629326000136/pins-20260930.htm,False,
LYV,2026-10-02 00:00:00,https://www.sec.gov/Archives/edgar/data/1335258/000133525826000041/0001335258-26-000041-index.htm,8-K,8-K,https://www.sec.gov/Archives/edgar/data/1335258/000133525826000041/lyv-20260930.htm,False,
LYV,2026-10-02 00:00:00,https://www.sec.gov/Archives/edgar/data/1335258/000133525826000041/0001335258-26-000041-index.htm,EX-10.1,EX-10.1 RAPINO AMENDED AND RESTATED EMPLOYMENT AGREEMENT,https://www.sec.gov/Archives/edgar/data/1335258/000133525826000041/ex101-rapinoamendedandrest.htm,False,
BKYI,2026-10-02 00:00:00,https://www.sec.gov/Archives/edgar/data/1019034/000143774926031903/0001437749-26-031903-index.htm,8-K,FORM 8-K,https://www.sec.gov/Archives/edgar/data/1019034/000143774926031903/bkyi20261002_8k.htm,True,
BKYI,2026-10-02 00:00:00,https://www.sec.gov/Archives/edgar/data/1019034/000143774926031903/0001437749-26-031903-index.htm,EX-10.1,EXHIBIT 10.1,https://www.sec.gov/Archives/edgar/data/1019034/000143774926031903/ex_1021894.htm,False,
RVYL,2026-10-02 00:00:00,https://www.sec.gov/Archives/edgar/data/1419275/000118518526004543/0001185185-26-004543-index.htm,8-K,FORM 8-K,https://www.sec.gov/Archives/edgar/data/1419275/000118518526004543/rtb8k100126.htm,False,
GBOX,2026-10-02 00:00:00,https://www.sec.gov/Archives/edgar/data/1419275/000118518526004543/0001185185-26-004543-index.htm,8-K,FORM 8-K,https://www.sec.gov/Archives/edgar/data/1419275/000118518526004543/rtb8k100126.htm,False,
LNTH,2026-10-02 00:00:00,https://www.sec.gov/Archives/edgar/data/1521036/000119312526412563/0001193125-26-412563-index.htm,8-K,8-K,https://www.sec.gov/Archives/edgar/data/1521036/000119312526412563/d31891d8k.htm,False,
CEIN,2026-10-02 00:00:00,https://www.sec.gov/Archives/edgar/data/1309082/000147793226006028/0001477932-26-006028-index.htm,8-K,FORM 8-K,https://www.sec.gov/Archives/edgar/data/1309082/000147793226006028/cei_8k.htm,True,
CEIN,2026-10-02 00:00:00,https://www.sec.gov/Archives/edgar/data/1309082/000147793226006028/0001477932-26-006028-index.htm,EX-10.1,AMENDMENT NO. 1 TO CONVERTIBLE PROMISSORY NOTE,https://www.sec.gov/Archives/edgar/data/1309082/000147793226006028/cei_ex101.htm,False,
CEIN,2026-10-02 00:00:00,https://www.sec.gov/Archives/edgar/data/1309082/000147793226006028/0001477932-26-006028-index.htm,EX-10.2,PROMISSORY NOTE,https://www.sec.gov/Archives/edgar/data/1309082/000147793226006028/cei_ex102.htm,False,
CEI,2026-10-02 00:00:00,https://www.sec.gov/Archives/edgar/data/1309082/000147793226006028/0001477932-26-006028-index.htm,8-K,FORM 8-K,https://www.sec.gov/Archives/edgar/data/1309082/000147793226006028/cei_8k.htm,True,
CEI,2026-10-02 00:00:00,https://www.sec.gov/Archives/edgar/data/1309082/000147793226006028/0001477932-26-006028-index.htm,EX-10.1,AMENDMENT NO. 1 TO CONVERTIBLE PROMISSORY NOTE,https://www.sec.gov/Archives/edgar/data/1309082/000147793226006028/cei_ex101.htm,False,
CEI,2026-10-02 00:00:00,https://www.sec.gov/Archives/edgar/data/1309082/000147793226006028/0001477932-26-006028-index.htm,EX-10.2,PROMISSORY NOTE,https://www.sec.gov/Archives/edgar/data/1309082/000147793226006028/cei_ex102.htm,False,
CNTQW,2026-10-02 00:00:00,https://www.sec.gov/Archives/edgar/data/1847986/000149315226045583/0001493152-26-045583-index.htm,8-K,8-K,https://www.sec.gov/Archives/edgar/data/1847986/000149315226045583/form8-k.htm,True,
CNTQW,2026-10-02 00:00:00,https://www.sec.gov/Archives/edgar/data/1847986/000149315226045583/0001493152-26-045583-index.htm,EX-10.1,EX-10.1,https://www.sec.gov/Archives/edgar/data/1847986/000149315226045583/ex10-1.htm,True,
CNTQW,2026-10-02 00:00:00,https://www.sec.gov/Archives/edgar/data/1847986/000149315226045583/0001493152-26-045583-index.htm,EX-10.2,EX-10.2,https://www.sec.gov/Archives/edgar/data/1847986/000149315226045583/ex10-2.htm,False,
CNTQU,2026-10-02 00:00:00,https://www.sec.gov/Archives/edgar/data/1847986/000149315226045583/0001493152-26-045583-index.htm,8-K,8-K,https://www.sec.gov/Archives/edgar/data/1847986/000149315226045583/form8-k.htm,True,
CNTQU,2026-10-02 00:00:00,https://www.sec.gov/Archives/edgar/data/1847986/000149315226045583/0001493152-26-045583-index.htm,EX-10.1,EX-10.1,https://www.sec.gov/Archives/edgar/data/1847986/000149315226045583/ex10-1.htm,True,
CNTQU,2026-10-02 00:00:00,https://www.sec.gov/Archives/edgar/data/1847986/000149315226045583/0001493152-26-045583-index.htm,EX-10.2,EX-10.2,https://www.sec.gov/Archives/edgar/data/1847986/000149315226045583/ex10-2.htm,False,
CNTQ,2026-10-02 00:00:00,https://www.sec.gov/Archives/edgar/data/1847986/000149315226045583/0001493152-26-045583-index.htm,8-K,8-K,https://www.sec.gov/Archives/edgar/data/1847986/000149315226045583/form8-k.htm,True,
CNTQ,2026-10-02 00:00:00,https://www.sec.gov/Archives/edgar/data/1847986/000149315226045583/0001493152-26-045583-index.htm,EX-10.1,EX-10.1,https://www.sec.gov/Archives/edgar/data/1847986/000149315226045583/ex10-1.htm,True,
CNTQ,2026-10-02 00:00:00,https://www.sec.gov/Archives/edgar/data/1847986/000149315226045583/0001493152-26-045583-index.htm,EX-10.2,EX-10.2,https://www.sec.gov/Archives/edgar/data/1847986/000149315226045583/ex10-2.htm,False,
DFLI,2026-10-02 00:00:00,https://www.sec.gov/Archives/edgar/data/1847986/000149315226045583/0001493152-26-045583-index.htm,8-K,8-K,https://www.sec.gov/Archives/edgar/data/1847986/000149315226045583/form8-k.htm,True,
DFLI,2026-10-02 00:00:00,https://www.sec.gov/Archives/edgar/data/1847986/000149315226045583/0001493152-26-045583-index.htm,EX-10.1,EX-10.1,https://www.sec.gov/Archives/edgar/data/1847986/000149315226045583/ex10-1.htm,True,
DFLI,2026-10-02 00:00:00,https://www.sec.gov/Archives/edgar/data/1847986/000149315226045583/0001493152-26-045583-index.htm,EX-10.2,EX-10.2,https://www.sec.gov/Archives/edgar/data/1847986/000149315226045583/ex10-2.htm,False,
DFLIW,2026-10-02 00:00:00,https://www.sec.gov/Archives/edgar/data/1847986/000149315226045583/0001493152-26-045583-index.htm,8-K,8-K,https://www.sec.gov/Archives/edgar/data/1847986/000149315226045583/form8-k.htm,True,
DFLIW,2026-10-02 00:00:00,https://www.sec.gov/Archives/edgar/data/1847986/000149315226045583/0001493152-26-045583-index.htm,EX-10.1,EX-10.1,https://www.sec.gov/Archives/edgar/data/1847986/000149315226045583/ex10-1.htm,True,
DFLIW,2026-10-02 00:00:00,https://www.sec.gov/Archives/edgar/data/1847986/000149315226045583/0001493152-26-045583-index.htm,EX-10.2,EX-10.2,https://www.sec.gov/Archives/edgar/data/1847986/000149315226045583/ex10-2.htm,False,
RMXID,2026-10-02 00:00:00,https://www.sec.gov/Archives/edgar/data/1970743/000121390026106475/0001213900-26-106475-index.htm,8-K,CURRENT REPORT,https://www.sec.gov/Archives/edgar/data/1970743/000121390026106475/ea0307140-8k_rmx.htm,True,
RMXI,2026-10-02 00:00:00,https://www.sec.gov/Archives/edgar/data/1970743/000121390026106475/0001213900-26-106475-index.htm,8-K,CURRENT REPORT,https://www.sec.gov/Archives/edgar/data/1970743/000121390026106475/ea0307140-8k_rmx.htm,True,
XELB,2026-10-02 00:00:00,https://www.sec.gov/Archives/edgar/data/1083220/000110465926113338/0001104659-26-113338-index.htm,8-K,8-K,https://www.sec.gov/Archives/edgar/data/1083220/000110465926113338/xelb-20260929x8k.htm,False,
AVAH,2026-10-02 00:00:00,https://www.sec.gov/Archives/edgar/data/1832332/000119312526412540/0001193125-26-412540-index.htm,8-K,8-K,https://www.sec.gov/Archives/edgar/data/1832332/000119312526412540/avah-20261001.htm,False,
POSC,2026-10-02 00:00:00,https://www.sec.gov/Archives/edgar/data/844985/000153949726002637/0001539497-26-002637-index.htm,8-K,8-K,https://www.sec.gov/Archives/edgar/data/844985/000153949726002637/n5417_x8-8k.htm,True,
POSC,2026-10-02 00:00:00,https://www.sec.gov/Archives/edgar/data/844985/000153949726002637/0001539497-26-002637-index.htm,EX-10.1,FORM OF PROMISSORY NOTE,https://www.sec.gov/Archives/edgar/data/844985/000153949726002637/n5417x8_ex10-1.htm,False,
AMRK,2026-10-02 00:00:00,https://www.sec.gov/Archives/edgar/data/1591588/000119312526412530/0001193125-26-412530-index.htm,8-K,8-K,https://www.sec.gov/Archives/edgar/data/1591588/000119312526412530/gold-20260929.htm,True,
AMRK,2026-10-02 00:00:00,https://www.sec.gov/Archives/edgar/data/1591588/000119312526412530/0001193125-26-412530-index.htm,EX-10.1,EX-10.1,https://www.sec.gov/Archives/edgar/data/1591588/000119312526412530/gold-ex10_1.htm,True,
GOLD,2026-10-02 00:00:00,https://www.sec.gov/Archives/edgar/data/1591588/000119312526412530/0001193125-26-412530-index.htm,8-K,8-K,https://www.sec.gov/Archives/edgar/data/1591588/000119312526412530/gold-20260929.htm,True,
GOLD,2026-10-02 00:00:00,https://www.sec.gov/Archives/edgar/data/1591588/000119312526412530/0001193125-26-412530-index.htm,EX-10.1,EX-10.1,https://www.sec.gov/Archives/edgar/data/1591588/000119312526412530/gold-ex10_1.htm,True,
PRCT,2026-10-02 00:00:00,https://www.sec.gov/Archives/edgar/data/1588978/000162828026064586/0001628280-26-064586-index.htm,8-K,8-K,https://www.sec.gov/Archives/edgar/data/1588978/000162828026064586/prct-20261002.htm,False,
KLC,2026-10-02 00:00:00,https://www.sec.gov/Archives/edgar/data/1873529/000119312526412502/0001193125-26-412502-index.htm,8-K,8-K,https://www.sec.gov/Archives/edgar/data/1873529/000119312526412502/d120154d8k.htm,False,
KLC,2026-10-02 00:00:00,https://www.sec.gov/Archives/edgar/data/1873529/000119312526412502/0001193125-26-412502-index.htm,EX-99.1,EX-99.1,https://www.sec.gov/Archives/edgar/data/1873529/000119312526412502/d120154dex991.htm,False,
VRRMW,2026-10-02 00:00:00,https://www.sec.gov/Archives/edgar/data/1682745/000119312526412497/0001193125-26-412497-index.htm,8-K,8-K,https://www.sec.gov/Archives/edgar/data/1682745/000119312526412497/d116013d8k.htm,False,
VRRMW,2026-10-02 00:00:00,https://www.sec.gov/Archives/edgar/data/1682745/000119312526412497/0001193125-26-412497-index.htm,EX-10.1,EX-10.1,https://www.sec.gov/Archives/edgar/data/1682745/000119312526412497/d116013dex101.htm,False,
VRRMW,2026-10-02 00:00:00,https://www.sec.gov/Archives/edgar/data/1682745/000119312526412497/0001193125-26-412497-index.htm,EX-10.2,EX-10.2,https://www.sec.gov/Archives/edgar/data/1682745/000119312526412497/d116013dex102.htm,False,
VRRMW,2026-10-02 00:00:00,https://www.sec.gov/Archives/edgar/data/1682745/000119312526412497/0001193125-26-412497-index.htm,EX-99.1,EX-99.1,https://www.sec.gov/Archives/edgar/data/1682745/000119312526412497/d116013dex991.htm,False,
VRRM,2026-10-02 00:00:00,https://www.sec.gov/Archives/edgar/data/1682745/000119312526412497/0001193125-26-412497-index.htm,8-K,8-K,https://www.sec.gov/Archives/edgar/data/1682745/000119312526412497/d116013d8k.htm,False,
VRRM,2026-10-02 00:00:00,https://www.sec.gov/Archives/edgar/data/1682745/000119312526412497/0001193125-26-412497-index.htm,EX-10.1,EX-10.1,https://www.sec.gov/Archives/edgar/data/1682745/000119312526412497/d116013dex101.htm,False,
VRRM,2026-10-02 00:00:00,https://www.sec.gov/Archives/edgar/data/1682745/000119312526412497/0001193125-26-412497-index.htm,EX-10.2,EX-10.2,https://www.sec.gov/Archives/edgar/data/1682745/000119312526412497/d116013dex102.htm,False,
VRRM,2026-10-02 00:00:00,https://www.sec.gov/Archives/edgar/data/1682745/000119312526412497/0001193125-26-412497-index.htm,EX-99.1,EX-99.1,https://www.sec.gov/Archives/edgar/data/1682745/000119312526412497/d116013dex991.htm,False,
CBDW,2026-10-02 00:00:00,https://www.sec.gov/Archives/edgar/data/1877461/000147793226006027/0001477932-26-006027-index.htm,8-K,FORM 8-K,https://www.sec.gov/Archives/edgar/data/1877461/000147793226006027/cbdw_8k.htm,True,
CBDW,2026-10-02 00:00:00,https://www.sec.gov/Archives/edgar/data/1877461/000147793226006027/0001477932-26-006027-index.htm,EX-99.1,TERMINATION AND MUTUAL RELEASE AGREEMENT,https://www.sec.gov/Archives/edgar/data/1877461/000147793226006027/cbdw_ex101.htm,False,
LEEEF,2026-10-02 00:00:00,https://www.sec.gov/Archives/edgar/data/1711141/000149315226045552/0001493152-26-045552-index.htm,8-K,8-K,https://www.sec.gov/Archives/edgar/data/1711141/000149315226045552/form8-k.htm,False,
LEEEF,2026-10-02 00:00:00,https://www.sec.gov/Archives/edgar/data/1711141/000149315226045552/0001493152-26-045552-index.htm,EX-10.1,EX-10.1,https://www.sec.gov/Archives/edgar/data/1711141/000149315226045552/ex10-1.htm,False,
LEEEF,2026-10-02 00:00:00,https://www.sec.gov/Archives/edgar/data/1711141/000149315226045552/0001493152-26-045552-index.htm,EX-99.1,EX-99.1,https://www.sec.gov/Archives/edgar/data/1711141/000149315226045552/ex99-1.htm,False,
USFD,2026-10-02 00:00:00,https://www.sec.gov/Archives/edgar/data/1665918/000166591826000048/0001665918-26-000048-index.htm,8-K,8-K,https://www.sec.gov/Archives/edgar/data/1665918/000166591826000048/usfd-20261002.htm,True,
USFD,2026-10-02 00:00:00,https://www.sec.gov/Archives/edgar/data/1665918/000166591826000048/0001665918-26-000048-index.htm,EX-10.1,EX-10.1,https://www.sec.gov/Archives/edgar/data/1665918/000166591826000048/usfoodsam14-fourteenthamen.htm,True,
SILOD,2026-10-02 00:00:00,https://www.sec.gov/Archives/edgar/data/1514183/000121390026106435/0001213900-26-106435-index.htm,8-K,CURRENT REPORT,https://www.sec.gov/Archives/edgar/data/1514183/000121390026106435/ea0307598-8k_silo.htm,True,
SILOD,2026-10-02 00:00:00,https://www.sec.gov/Archives/edgar/data/1514183/000121390026106435/0001213900-26-106435-index.htm,EX-10.1,"ASSET PURCHASE AGREEMENT, DATED OCTOBER 1, 2026, BETWEEN THE COMPANY AND NORSIGH",https://www.sec.gov/Archives/edgar/data/1514183/000121390026106435/ea030759801ex10-1.htm,False,
SILO,2026-10-02 00:00:00,https://www.sec.gov/Archives/edgar/data/1514183/000121390026106435/0001213900-26-106435-index.htm,8-K,CURRENT REPORT,https://www.sec.gov/Archives/edgar/data/1514183/000121390026106435/ea0307598-8k_silo.htm,True,
SILO,2026-10-02 00:00:00,https://www.sec.gov/Archives/edgar/data/1514183/000121390026106435/0001213900-26-106435-index.htm,EX-10.1,"ASSET PURCHASE AGREEMENT, DATED OCTOBER 1, 2026, BETWEEN THE COMPANY AND NORSIGH",https://www.sec.gov/Archives/edgar/data/1514183/000121390026106435/ea030759801ex10-1.htm,False,
HFFG,2026-10-02 00:00:00,https://www.sec.gov/Archives/edgar/data/1680873/000162828026064565/0001628280-26-064565-index.htm,8-K,8-K,https://www.sec.gov/Archives/edgar/data/1680873/000162828026064565/hffg-20260928.htm,False,
HFFG,2026-10-02 00:00:00,https://www.sec.gov/Archives/edgar/data/1680873/000162828026064565/0001628280-26-064565-index.htm,EX-10.1,EX-10.1,https://www.sec.gov/Archives/edgar/data/1680873/000162828026064565/ex101amendedandrestatedemp.htm,False,
HFFG,2026-10-02 00:00:00,https://www.sec.gov/Archives/edgar/data/1680873/000162828026064565/0001628280-26-064565-index.htm,EX-10.2,EX-10.2,https://www.sec.gov/Archives/edgar/data/1680873/000162828026064565/ex102employmentagreement-p.htm,False,
VTAK,2026-10-02 00:00:00,https://www.sec.gov/Archives/edgar/data/1716621/000143774926031895/0001437749-26-031895-index.htm,8-K,FORM 8-K,https://www.sec.gov/Archives/edgar/data/1716621/000143774926031895/vtak20261002_8k.htm,False,
RMED,2026-10-02 00:00:00,https://www.sec.gov/Archives/edgar/data/1716621/000143774926031895/0001437749-26-031895-index.htm,8-K,FORM 8-K,https://www.sec.gov/Archives/edgar/data/1716621/000143774926031895/vtak20261002_8k.htm,False,
OSRH,2026-10-02 00:00:00,https://www.sec.gov/Archives/edgar/data/1840425/000121390026106429/0001213900-26-106429-index.htm,8-K,CURRENT REPORT,https://www.sec.gov/Archives/edgar/data/1840425/000121390026106429/ea0307502-8k_osrhealth.htm,False,
OSRHW,2026-10-02 00:00:00,https://www.sec.gov/Archives/edgar/data/1840425/000121390026106429/0001213900-26-106429-index.htm,8-K,CURRENT REPORT,https://www.sec.gov/Archives/edgar/data/1840425/000121390026106429/ea0307502-8k_osrhealth.htm,False,
BLAC,2026-10-02 00:00:00,https://www.sec.gov/Archives/edgar/data/1840425/000121390026106429/0001213900-26-106429-index.htm,8-K,CURRENT REPORT,https://www.sec.gov/Archives/edgar/data/1840425/000121390026106429/ea0307502-8k_osrhealth.htm,False,
BLACU,2026-10-02 00:00:00,https://www.sec.gov/Archives/edgar/data/1840425/000121390026106429/0001213900-26-106429-index.htm,8-K,CURRENT REPORT,https://www.sec.gov/Archives/edgar/data/1840425/000121390026106429/ea0307502-8k_osrhealth.htm,False,
BZAI,2026-10-02 00:00:00,https://www.sec.gov/Archives/edgar/data/1871638/000187163826000059/0001871638-26-000059-index.htm,8-K,8-K,https://www.sec.gov/Archives/edgar/data/1871638/000187163826000059/blz-20260928.htm,False,
BZAIW,2026-10-02 00:00:00,https://www.sec.gov/Archives/edgar/data/1871638/000187163826000059/0001871638-26-000059-index.htm,8-K,8-K,https://www.sec.gov/Archives/edgar/data/1871638/000187163826000059/blz-20260928.htm,False,
GLTK,2026-10-02 00:00:00,https://www.sec.gov/Archives/edgar/data/1938338/000147793226006021/0001477932-26-006021-index.htm,8-K,FORM 8-K,https://www.sec.gov/Archives/edgar/data/1938338/000147793226006021/gltk_8k.htm,False,
PLMIW,2026-10-02 00:00:00,https://www.sec.gov/Archives/edgar/data/1840317/000121390026106421/0001213900-26-106421-index.htm,8-K,CURRENT REPORT,https://www.sec.gov/Archives/edgar/data/1840317/000121390026106421/ea0307544-8k_veea.htm,True,
PLMI,2026-10-02 00:00:00,https://www.sec.gov/Archives/edgar/data/1840317/000121390026106421/0001213900-26-106421-index.htm,8-K,CURRENT REPORT,https://www.sec.gov/Archives/edgar/data/1840317/000121390026106421/ea0307544-8k_veea.htm,True,
PLMIU,2026-10-02 00:00:00,https://www.sec.gov/Archives/edgar/data/1840317/000121390026106421/0001213900-26-106421-index.htm,8-K,CURRENT REPORT,https://www.sec.gov/Archives/edgar/data/1840317/000121390026106421/ea0307544-8k_veea.htm,True,
ELMT,2026-10-02 00:00:00,https://www.sec.gov/Archives/edgar/data/2101698/000121390026106420/0001213900-26-106420-index.htm,8-K,CURRENT REPORT,https://www.sec.gov/Archives/edgar/data/2101698/000121390026106420/ea0307420-8k_elmet.htm,False,
ELMT,2026-10-02 00:00:00,https://www.sec.gov/Archives/edgar/data/2101698/000121390026106420/0001213900-26-106420-index.htm,EX-99.1,CORPORATE PRESENTATION DATED OCTOBER 2026,https://www.sec.gov/Archives/edgar/data/2101698/000121390026106420/ea030742001ex99-1.htm,False,
IPDN,2026-10-02 00:00:00,https://www.sec.gov/Archives/edgar/data/1546296/000143774926031894/0001437749-26-031894-index.htm,8-K,FORM 8-K,https://www.sec.gov/Archives/edgar/data/1546296/000143774926031894/ipdn20261002_8k.htm,False,
IPDN,2026-10-02 00:00:00,https://www.sec.gov/Archives/edgar/data/1546296/000143774926031894/0001437749-26-031894-index.htm,EX-10.1,"EXHIBIT 10.1 EMPLOYMENT AGREEMENT, DATED OCTOBER 1, 2026, BY AND BETWEEN PROFESS",https://www.sec.gov/Archives/edgar/data/1546296/000143774926031894/ex_1021761.htm,False,
UGI,2026-10-02 00:00:00,https://www.sec.gov/Archives/edgar/data/884614/000110465926113317/0001104659-26-113317-index.htm,8-K,8-K,https://www.sec.gov/Archives/edgar/data/884614/000110465926113317/ugi-20260928x8k.htm,True,
UGIC,2026-10-02 00:00:00,https://www.sec.gov/Archives/edgar/data/884614/000110465926113317/0001104659-26-113317-index.htm,8-K,8-K,https://www.sec.gov/Archives/edgar/data/884614/000110465926113317/ugi-20260928x8k.htm,True,
GMGI,2026-10-02 00:00:00,https://www.sec.gov/Archives/edgar/data/1437925/000147793226006020/0001477932-26-006020-index.htm,8-K,FORM 8-K,https://www.sec.gov/Archives/edgar/data/1437925/000147793226006020/meridian_8k.htm,True,
GMGI,2026-10-02 00:00:00,https://www.sec.gov/Archives/edgar/data/1437925/000147793226006020/0001477932-26-006020-index.htm,EX-10.1,SECOND AMENDMENT TO PROMISSORY NOTES,https://www.sec.gov/Archives/edgar/data/1437925/000147793226006020/meridian_ex101.htm,False,
NNE,2026-10-02 00:00:00,https://www.sec.gov/Archives/edgar/data/1923891/000149315226045534/0001493152-26-045534-index.htm,8-K,8-K,https://www.sec.gov/Archives/edgar/data/1923891/000149315226045534/form8-k.htm,True,
NNE,2026-10-02 00:00:00,https://www.sec.gov/Archives/edgar/data/1923891/000149315226045534/0001493152-26-045534-index.htm,EX-99.1,EX-99.1,https://www.sec.gov/Archives/edgar/data/1923891/000149315226045534/ex99-1.htm,False,
MRDN,2026-10-02 00:00:00,https://www.sec.gov/Archives/edgar/data/1437925/000147793226006020/0001477932-26-006020-index.htm,8-K,FORM 8-K,https://www.sec.gov/Archives/edgar/data/1437925/000147793226006020/meridian_8k.htm,True,
MRDN,2026-10-02 00:00:00,https://www.sec.gov/Archives/edgar/data/1437925/000147793226006020/0001477932-26-006020-index.htm,EX-10.1,SECOND AMENDMENT TO PROMISSORY NOTES,https://www.sec.gov/Archives/edgar/data/1437925/000147793226006020/meridian_ex101.htm,False,
CING,2026-10-02 00:00:00,https://www.sec.gov/Archives/edgar/data/1862150/000149315226045527/0001493152-26-045527-index.htm,8-K,8-K,https://www.sec.gov/Archives/edgar/data/1862150/000149315226045527/form8-k.htm,False,
CING,2026-10-02 00:00:00,https://www.sec.gov/Archives/edgar/data/1862150/000149315226045527/0001493152-26-045527-index.htm,EX-10.1,EX-10.1,https://www.sec.gov/Archives/edgar/data/1862150/000149315226045527/ex10-1.htm,False,
CINGW,2026-10-02 00:00:00,https://www.sec.gov/Archives/edgar/data/1862150/000149315226045527/0001493152-26-045527-index.htm,8-K,8-K,https://www.sec.gov/Archives/edgar/data/1862150/000149315226045527/form8-k.htm,False,
CINGW,2026-10-02 00:00:00,https://www.sec.gov/Archives/edgar/data/1862150/000149315226045527/0001493152-26-045527-index.htm,EX-10.1,EX-10.1,https://www.sec.gov/Archives/edgar/data/1862150/000149315226045527/ex10-1.htm,False,
NIMU,2026-10-02 00:00:00,https://www.sec.gov/Archives/edgar/data/720762/000149315226045531/0001493152-26-045531-index.htm,8-K,8-K,https://www.sec.gov/Archives/edgar/data/720762/000149315226045531/form8-k.htm,True,
NIMU,2026-10-02 00:00:00,https://www.sec.gov/Archives/edgar/data/720762/000149315226045531/0001493152-26-045531-index.htm,EX-10.1,EX-10.1,https://www.sec.gov/Archives/edgar/data/720762/000149315226045531/ex10-1.htm,False,
NIMU,2026-10-02 00:00:00,https://www.sec.gov/Archives/edgar/data/720762/000149315226045531/0001493152-26-045531-index.htm,EX-10.2,EX-10.2,https://www.sec.gov/Archives/edgar/data/720762/000149315226045531/ex10-2.htm,False,
CMCUF,2026-10-02 00:00:00,https://www.sec.gov/Archives/edgar/data/1865248/000147793226006019/0001477932-26-006019-index.htm,8-K,FORM 8-K,https://www.sec.gov/Archives/edgar/data/1865248/000147793226006019/cmca_8k.htm,True,
CMCUF,2026-10-02 00:00:00,https://www.sec.gov/Archives/edgar/data/1865248/000147793226006019/0001477932-26-006019-index.htm,EX-10.1,SECURITIES PURCHASE AGREEMENT,https://www.sec.gov/Archives/edgar/data/1865248/000147793226006019/cmca_ex101.htm,False,
CMCAF,2026-10-02 00:00:00,https://www.sec.gov/Archives/edgar/data/1865248/000147793226006019/0001477932-26-006019-index.htm,8-K,FORM 8-K,https://www.sec.gov/Archives/edgar/data/1865248/000147793226006019/cmca_8k.htm,True,
CMCAF,2026-10-02 00:00:00,https://www.sec.gov/Archives/edgar/data/1865248/000147793226006019/0001477932-26-006019-index.htm,EX-10.1,SECURITIES PURCHASE AGREEMENT,https://www.sec.gov/Archives/edgar/data/1865248/000147793226006019/cmca_ex101.htm,False,
CMCAU,2026-10-02 00:00:00,https://www.sec.gov/Archives/edgar/data/1865248/000147793226006019/0001477932-26-006019-index.htm,8-K,FORM 8-K,https://www.sec.gov/Archives/edgar/data/1865248/000147793226006019/cmca_8k.htm,True,
CMCAU,2026-10-02 00:00:00,https://www.sec.gov/Archives/edgar/data/1865248/000147793226006019/0001477932-26-006019-index.htm,EX-10.1,SECURITIES PURCHASE AGREEMENT,https://www.sec.gov/Archives/edgar/data/1865248/000147793226006019/cmca_ex101.htm,False,
CMCA,2026-10-02 00:00:00,https://www.sec.gov/Archives/edgar/data/1865248/000147793226006019/0001477932-26-006019-index.htm,8-K,FORM 8-K,https://www.sec.gov/Archives/edgar/data/1865248/000147793226006019/cmca_8k.htm,True,
CMCA,2026-10-02 00:00:00,https://www.sec.gov/Archives/edgar/data/1865248/000147793226006019/0001477932-26-006019-index.htm,EX-10.1,SECURITIES PURCHASE AGREEMENT,https://www.sec.gov/Archives/edgar/data/1865248/000147793226006019/cmca_ex101.htm,False,
CMCAW,2026-10-02 00:00:00,https://www.sec.gov/Archives/edgar/data/1865248/000147793226006019/0001477932-26-006019-index.htm,8-K,FORM 8-K,https://www.sec.gov/Archives/edgar/data/1865248/000147793226006019/cmca_8k.htm,True,
CMCAW,2026-10-02 00:00:00,https://www.sec.gov/Archives/edgar/data/1865248/000147793226006019/0001477932-26-006019-index.htm,EX-10.1,SECURITIES PURCHASE AGREEMENT,https://www.sec.gov/Archives/edgar/data/1865248/000147793226006019/cmca_ex101.htm,False,
FJET,2026-10-02 00:00:00,https://www.sec.gov/Archives/edgar/data/1947016/000106299326005167/0001062993-26-005167-index.htm,8-K,FORM 8-K,https://www.sec.gov/Archives/edgar/data/1947016/000106299326005167/form8k.htm,False,
None,2026-10-02 00:00:00,https://www.sec.gov/Archives/edgar/data/1820878/000119312526412428/0001193125-26-412428-index.htm,8-K,8-K,https://www.sec.gov/Archives/edgar/data/922864/000119312526412428/aiv-20261001.htm,False,
None,2026-10-02 00:00:00,https://www.sec.gov/Archives/edgar/data/1820878/000119312526412428/0001193125-26-412428-index.htm,EX-10.1,EX-10.1,https://www.sec.gov/Archives/edgar/data/922864/000119312526412428/aiv-ex10_1.htm,False,
AIV,2026-10-02 00:00:00,https://www.sec.gov/Archives/edgar/data/922864/000119312526412428/0001193125-26-412428-index.htm,8-K,8-K,https://www.sec.gov/Archives/edgar/data/922864/000119312526412428/aiv-20261001.htm,False,
AIV,2026-10-02 00:00:00,https://www.sec.gov/Archives/edgar/data/922864/000119312526412428/0001193125-26-412428-index.htm,EX-10.1,EX-10.1,https://www.sec.gov/Archives/edgar/data/922864/000119312526412428/aiv-ex10_1.htm,False,
BYSI,2026-10-02 00:00:00,https://www.sec.gov/Archives/edgar/data/1677940/000117184326006371/0001171843-26-006371-index.htm,8-K,FORM 8-K,https://www.sec.gov/Archives/edgar/data/1677940/000117184326006371/f8k_100226.htm,False,
CFVI,2026-10-02 00:00:00,https://www.sec.gov/Archives/edgar/data/1830081/000121390026106417/0001213900-26-106417-index.htm,8-K,CURRENT REPORT,https://www.sec.gov/Archives/edgar/data/1830081/000121390026106417/ea0307488-8k_rumgroup.htm,False,
CFVIW,2026-10-02 00:00:00,https://www.sec.gov/Archives/edgar/data/1830081/000121390026106417/0001213900-26-106417-index.htm,8-K,CURRENT REPORT,https://www.sec.gov/Archives/edgar/data/1830081/000121390026106417/ea0307488-8k_rumgroup.htm,False,
CFVIU,2026-10-02 00:00:00,https://www.sec.gov/Archives/edgar/data/1830081/000121390026106417/0001213900-26-106417-index.htm,8-K,CURRENT REPORT,https://www.sec.gov/Archives/edgar/data/1830081/000121390026106417/ea0307488-8k_rumgroup.htm,False,
RUM,2026-10-02 00:00:00,https://www.sec.gov/Archives/edgar/data/1830081/000121390026106417/0001213900-26-106417-index.htm,8-K,CURRENT REPORT,https://www.sec.gov/Archives/edgar/data/1830081/000121390026106417/ea0307488-8k_rumgroup.htm,False,
RUMBW,2026-10-02 00:00:00,https://www.sec.gov/Archives/edgar/data/1830081/000121390026106417/0001213900-26-106417-index.htm,8-K,CURRENT REPORT,https://www.sec.gov/Archives/edgar/data/1830081/000121390026106417/ea0307488-8k_rumgroup.htm,False,
TAVI,2026-10-02 00:00:00,https://www.sec.gov/Archives/edgar/data/2020385/000121390026106418/0001213900-26-106418-index.htm,8-K,CURRENT REPORT,https://www.sec.gov/Archives/edgar/data/2020385/000121390026106418/ea0307552-8k_tavia.htm,True,
TAVIR,2026-10-02 00:00:00,https://www.sec.gov/Archives/edgar/data/2020385/000121390026106418/0001213900-26-106418-index.htm,8-K,CURRENT REPORT,https://www.sec.gov/Archives/edgar/data/2020385/000121390026106418/ea0307552-8k_tavia.htm,True,
TAVIU,2026-10-02 00:00:00,https://www.sec.gov/Archives/edgar/data/2020385/000121390026106418/0001213900-26-106418-index.htm,8-K,CURRENT REPORT,https://www.sec.gov/Archives/edgar/data/2020385/000121390026106418/ea0307552-8k_tavia.htm,True,
NWL,2026-10-02 00:00:00,https://www.sec.gov/Archives/edgar/data/814453/000119312526412401/0001193125-26-412401-index.htm,8-K,8-K,https://www.sec.gov/Archives/edgar/data/814453/000119312526412401/d163339d8k.htm,True,
NWL,2026-10-02 00:00:00,https://www.sec.gov/Archives/edgar/data/814453/000119312526412401/0001193125-26-412401-index.htm,EX-10.1,EX-10.1,https://www.sec.gov/Archives/edgar/data/814453/000119312526412401/d163339dex101.htm,True,
BMRC,2026-10-02 00:00:00,https://www.sec.gov/Archives/edgar/data/1403475/000140347526000039/0001403475-26-000039-index.htm,8-K,8-K,https://www.sec.gov/Archives/edgar/data/1403475/000140347526000039/bmrc-20261002.htm,False,
BMRC,2026-10-02 00:00:00,https://www.sec.gov/Archives/edgar/data/1403475/000140347526000039/0001403475-26-000039-index.htm,EX-99.1,EX-99.1,https://www.sec.gov/Archives/edgar/data/1403475/000140347526000039/q32026conferencecallex991.htm,False,
BYFC,2026-10-02 00:00:00,https://www.sec.gov/Archives/edgar/data/1001171/000114036126038424/0001140361-26-038424-index.htm,8-K,8-K,https://www.sec.gov/Archives/edgar/data/1001171/000114036126038424/ef20083218_8k.htm,False,
None,2026-10-02 00:00:00,https://www.sec.gov/Archives/edgar/data/1946997/000119312526412382/0001193125-26-412382-index.htm,8-K,8-K,https://www.sec.gov/Archives/edgar/data/1946997/000119312526412382/ck0001946997-20260930.htm,False,
STAR,2026-10-02 00:00:00,https://www.sec.gov/Archives/edgar/data/1095651/000110465926113313/0001104659-26-113313-index.htm,8-K,FORM 8-K,https://www.sec.gov/Archives/edgar/data/1095651/000110465926113313/tm2626635d1_8k.htm,True,
STAR,2026-10-02 00:00:00,https://www.sec.gov/Archives/edgar/data/1095651/000110465926113313/0001104659-26-113313-index.htm,EX-10.1,EXHIBIT 10.1,https://www.sec.gov/Archives/edgar/data/1095651/000110465926113313/tm2626635d1_ex10-1.htm,True,
STAR,2026-10-02 00:00:00,https://www.sec.gov/Archives/edgar/data/1095651/000110465926113313/0001104659-26-113313-index.htm,EX-10.2,EXHIBIT 10.2,https://www.sec.gov/Archives/edgar/data/1095651/000110465926113313/tm2626635d1_ex10-2.htm,False,
STAR-PG,2026-10-02 00:00:00,https://www.sec.gov/Archives/edgar/data/1095651/000110465926113313/0001104659-26-113313-index.htm,8-K,FORM 8-K,https://www.sec.gov/Archives/edgar/data/1095651/000110465926113313/tm2626635d1_8k.htm,True,
STAR-PG,2026-10-02 00:00:00,https://www.sec.gov/Archives/edgar/data/1095651/000110465926113313/0001104659-26-113313-index.htm,EX-10.1,EXHIBIT 10.1,https://www.sec.gov/Archives/edgar/data/1095651/000110465926113313/tm2626635d1_ex10-1.htm,True,
STAR-PG,2026-10-02 00:00:00,https://www.sec.gov/Archives/edgar/data/1095651/000110465926113313/0001104659-26-113313-index.htm,EX-10.2,EXHIBIT 10.2,https://www.sec.gov/Archives/edgar/data/1095651/000110465926113313/tm2626635d1_ex10-2.htm,False,
STAR-PD,2026-10-02 00:00:00,https://www.sec.gov/Archives/edgar/data/1095651/000110465926113313/0001104659-26-113313-index.htm,8-K,FORM 8-K,https://www.sec.gov/Archives/edgar/data/1095651/000110465926113313/tm2626635d1_8k.htm,True,
STAR-PD,2026-10-02 00:00:00,https://www.sec.gov/Archives/edgar/data/1095651/000110465926113313/0001104659-26-113313-index.htm,EX-10.1,EXHIBIT 10.1,https://www.sec.gov/Archives/edgar/data/1095651/000110465926113313/tm2626635d1_ex10-1.htm,True,
STAR-PD,2026-10-02 00:00:00,https://www.sec.gov/Archives/edgar/data/1095651/000110465926113313/0001104659-26-113313-index.htm,EX-10.2,EXHIBIT 10.2,https://www.sec.gov/Archives/edgar/data/1095651/000110465926113313/tm2626635d1_ex10-2.htm,False,
STAR-PI,2026-10-02 00:00:00,https://www.sec.gov/Archives/edgar/data/1095651/000110465926113313/0001104659-26-113313-index.htm,8-K,FORM 8-K,https://www.sec.gov/Archives/edgar/data/1095651/000110465926113313/tm2626635d1_8k.htm,True,
STAR-PI,2026-10-02 00:00:00,https://www.sec.gov/Archives/edgar/data/1095651/000110465926113313/0001104659-26-113313-index.htm,EX-10.1,EXHIBIT 10.1,https://www.sec.gov/Archives/edgar/data/1095651/000110465926113313/tm2626635d1_ex10-1.htm,True,
STAR-PI,2026-10-02 00:00:00,https://www.sec.gov/Archives/edgar/data/1095651/000110465926113313/0001104659-26-113313-index.htm,EX-10.2,EXHIBIT 10.2,https://www.sec.gov/Archives/edgar/data/1095651/000110465926113313/tm2626635d1_ex10-2.htm,False,
QUBT,2026-10-02 00:00:00,https://www.sec.gov/Archives/edgar/data/1758009/000121390026106409/0001213900-26-106409-index.htm,8-K,CURRENT REPORT,https://www.sec.gov/Archives/edgar/data/1758009/000121390026106409/ea0307594-8k_quantum.htm,False,
QUBT,2026-10-02 00:00:00,https://www.sec.gov/Archives/edgar/data/1758009/000121390026106409/0001213900-26-106409-index.htm,EX-99.1,INVESTOR PRESENTATION,https://www.sec.gov/Archives/edgar/data/1758009/000121390026106409/ea030759401ex99-1.htm,False,
BETR,2026-10-02 00:00:00,https://www.sec.gov/Archives/edgar/data/1835856/000162828026064551/0001628280-26-064551-index.htm,8-K,8-K,https://www.sec.gov/Archives/edgar/data/1835856/000162828026064551/betr-20260928.htm,False,
BETRW,2026-10-02 00:00:00,https://www.sec.gov/Archives/edgar/data/1835856/000162828026064551/0001628280-26-064551-index.htm,8-K,8-K,https://www.sec.gov/Archives/edgar/data/1835856/000162828026064551/betr-20260928.htm,False,
AURCW,2026-10-02 00:00:00,https://www.sec.gov/Archives/edgar/data/1835856/000162828026064551/0001628280-26-064551-index.htm,8-K,8-K,https://www.sec.gov/Archives/edgar/data/1835856/000162828026064551/betr-20260928.htm,False,
AURC,2026-10-02 00:00:00,https://www.sec.gov/Archives/edgar/data/1835856/000162828026064551/0001628280-26-064551-index.htm,8-K,8-K,https://www.sec.gov/Archives/edgar/data/1835856/000162828026064551/betr-20260928.htm,False,
AURCU,2026-10-02 00:00:00,https://www.sec.gov/Archives/edgar/data/1835856/000162828026064551/0001628280-26-064551-index.htm,8-K,8-K,https://www.sec.gov/Archives/edgar/data/1835856/000162828026064551/betr-20260928.htm,False,
WSBCP,2026-10-02 00:00:00,https://www.sec.gov/Archives/edgar/data/203596/000119312526412356/0001193125-26-412356-index.htm,8-K,8-K,https://www.sec.gov/Archives/edgar/data/203596/000119312526412356/wsbc-20261002.htm,False,
WSBCP,2026-10-02 00:00:00,https://www.sec.gov/Archives/edgar/data/203596/000119312526412356/0001193125-26-412356-index.htm,EX-99.1,EX-99.1,https://www.sec.gov/Archives/edgar/data/203596/000119312526412356/wsbc-ex99_1.htm,False,
WSBC,2026-10-02 00:00:00,https://www.sec.gov/Archives/edgar/data/203596/000119312526412356/0001193125-26-412356-index.htm,8-K,8-K,https://www.sec.gov/Archives/edgar/data/203596/000119312526412356/wsbc-20261002.htm,False,
WSBC,2026-10-02 00:00:00,https://www.sec.gov/Archives/edgar/data/203596/000119312526412356/0001193125-26-412356-index.htm,EX-99.1,EX-99.1,https://www.sec.gov/Archives/edgar/data/203596/000119312526412356/wsbc-ex99_1.htm,False,
MTX,2026-10-02 00:00:00,https://www.sec.gov/Archives/edgar/data/891014/000095015726001063/0000950157-26-001063-index.htm,8-K,CURRENT REPORT,https://www.sec.gov/Archives/edgar/data/891014/000095015726001063/form8-k.htm,True,
MTX,2026-10-02 00:00:00,https://www.sec.gov/Archives/edgar/data/891014/000095015726001063/0000950157-26-001063-index.htm,EX-99.1,PRESS RELEASE,https://www.sec.gov/Archives/edgar/data/891014/000095015726001063/ex99-1.htm,True,
WU,2026-10-02 00:00:00,https://www.sec.gov/Archives/edgar/data/1365135/000119312526412336/0001193125-26-412336-index.htm,8-K,8-K,https://www.sec.gov/Archives/edgar/data/1365135/000119312526412336/d160759d8k.htm,False,
BRRK,2026-10-02 00:00:00,https://www.sec.gov/Archives/edgar/data/2098410/000110465926113308/0001104659-26-113308-index.htm,8-K,FORM 8-K,https://www.sec.gov/Archives/edgar/data/2098410/000110465926113308/tm2626696d1_8k.htm,False,
BRRK,2026-10-02 00:00:00,https://www.sec.gov/Archives/edgar/data/2098410/000110465926113308/0001104659-26-113308-index.htm,EX-99.1,EXHIBIT 99.1,https://www.sec.gov/Archives/edgar/data/2098410/000110465926113308/tm2626696d1_ex99-1.htm,False,
None,2026-10-02 00:00:00,https://www.sec.gov/Archives/edgar/data/1930054/000193005426000029/0001930054-26-000029-index.htm,8-K,8-K,https://www.sec.gov/Archives/edgar/data/1930054/000193005426000029/bxpe-20261001.htm,True,
None,2026-10-02 00:00:00,https://www.sec.gov/Archives/edgar/data/1930054/000193005426000029/0001930054-26-000029-index.htm,EX-10.1,EX-10.1,https://www.sec.gov/Archives/edgar/data/1930054/000193005426000029/exhibit101-bxpexamendmentn.htm,False,
None,2026-10-02 00:00:00,https://www.sec.gov/Archives/edgar/data/1953940/000193005426000029/0001930054-26-000029-index.htm,8-K,8-K,https://www.sec.gov/Archives/edgar/data/1930054/000193005426000029/bxpe-20261001.htm,True,
None,2026-10-02 00:00:00,https://www.sec.gov/Archives/edgar/data/1953940/000193005426000029/0001930054-26-000029-index.htm,EX-10.1,EX-10.1,https://www.sec.gov/Archives/edgar/data/1930054/000193005426000029/exhibit101-bxpexamendmentn.htm,False,
AMTM,2026-10-02 00:00:00,https://www.sec.gov/Archives/edgar/data/2011286/000201128626000026/0002011286-26-000026-index.htm,8-K,8-K,https://www.sec.gov/Archives/edgar/data/2011286/000201128626000026/amtm-20260928.htm,False,
AMTM,2026-10-02 00:00:00,https://www.sec.gov/Archives/edgar/data/2011286/000201128626000026/0002011286-26-000026-index.htm,EX-10.1,EX-10.1,https://www.sec.gov/Archives/edgar/data/2011286/000201128626000026/demetriouemploymentagree.htm,False,
IMXI,2026-10-02 00:00:00,https://www.sec.gov/Archives/edgar/data/1683695/000114036126038416/0001140361-26-038416-index.htm,8-K,8-K,https://www.sec.gov/Archives/edgar/data/1683695/000114036126038416/ef20083225_8k.htm,False,
None,2026-10-02 00:00:00,https://www.sec.gov/Archives/edgar/data/1726548/000119312526412318/0001193125-26-412318-index.htm,8-K,8-K,https://www.sec.gov/Archives/edgar/data/1726548/000119312526412318/d54925d8k.htm,True,
None,2026-10-02 00:00:00,https://www.sec.gov/Archives/edgar/data/1726548/000119312526412318/0001193125-26-412318-index.htm,EX-10.1,EX-10.1,https://www.sec.gov/Archives/edgar/data/1726548/000119312526412318/d54925dex101.htm,True,
None,2026-10-02 00:00:00,https://www.sec.gov/Archives/edgar/data/1726548/000119312526412318/0001193125-26-412318-index.htm,EX-99.1,EX-99.1,https://www.sec.gov/Archives/edgar/data/1726548/000119312526412318/d54925dex991.htm,False,
None,2026-10-02 00:00:00,https://www.sec.gov/Archives/edgar/data/1918712/000162828026064530/0001628280-26-064530-index.htm,8-K,8-K,https://www.sec.gov/Archives/edgar/data/1918712/000162828026064530/asif-20261002.htm,False,
PRTA,2026-10-02 00:00:00,https://www.sec.gov/Archives/edgar/data/1559053/000155905326000024/0001559053-26-000024-index.htm,8-K,8-K,https://www.sec.gov/Archives/edgar/data/1559053/000155905326000024/prta-20261002.htm,False,
NNUP,2026-10-02 00:00:00,https://www.sec.gov/Archives/edgar/data/888981/000107997326001316/0001079973-26-001316-index.htm,8-K,FORM 8-K,https://www.sec.gov/Archives/edgar/data/888981/000107997326001316/nnup_8k.htm,False,
NNUP,2026-10-02 00:00:00,https://www.sec.gov/Archives/edgar/data/888981/000107997326001316/0001079973-26-001316-index.htm,EX-10.1,LETTER AGREEMENT,https://www.sec.gov/Archives/edgar/data/888981/000107997326001316/nnup_ex10z1.htm,False,
NNUPD,2026-10-02 00:00:00,https://www.sec.gov/Archives/edgar/data/888981/000107997326001316/0001079973-26-001316-index.htm,8-K,FORM 8-K,https://www.sec.gov/Archives/edgar/data/888981/000107997326001316/nnup_8k.htm,False,
NNUPD,2026-10-02 00:00:00,https://www.sec.gov/Archives/edgar/data/888981/000107997326001316/0001079973-26-001316-index.htm,EX-10.1,LETTER AGREEMENT,https://www.sec.gov/Archives/edgar/data/888981/000107997326001316/nnup_ex10z1.htm,False,
JBSS,2026-10-02 00:00:00,https://www.sec.gov/Archives/edgar/data/880117/000119312526412309/0001193125-26-412309-index.htm,8-K,8-K,https://www.sec.gov/Archives/edgar/data/880117/000119312526412309/jbss-20261001.htm,False,
ADIL,2026-10-02 00:00:00,https://www.sec.gov/Archives/edgar/data/1513525/000121390026106395/0001213900-26-106395-index.htm,8-K,CURRENT REPORT,https://www.sec.gov/Archives/edgar/data/1513525/000121390026106395/ea0307576-8k_adial.htm,False,
ADILW,2026-10-02 00:00:00,https://www.sec.gov/Archives/edgar/data/1513525/000121390026106395/0001213900-26-106395-index.htm,8-K,CURRENT REPORT,https://www.sec.gov/Archives/edgar/data/1513525/000121390026106395/ea0307576-8k_adial.htm,False,
ESE,2026-10-02 00:00:00,https://www.sec.gov/Archives/edgar/data/866706/000110465926113300/0001104659-26-113300-index.htm,8-K,FORM 8-K,https://www.sec.gov/Archives/edgar/data/866706/000110465926113300/tm2626186d1_8k.htm,True,
RWODR,2026-10-02 00:00:00,https://www.sec.gov/Archives/edgar/data/1907223/000121390026106394/0001213900-26-106394-index.htm,8-K,CURRENT REPORT,https://www.sec.gov/Archives/edgar/data/1907223/000121390026106394/ea0307566-8k_greenland.htm,False,
RWOD,2026-10-02 00:00:00,https://www.sec.gov/Archives/edgar/data/1907223/000121390026106394/0001213900-26-106394-index.htm,8-K,CURRENT REPORT,https://www.sec.gov/Archives/edgar/data/1907223/000121390026106394/ea0307566-8k_greenland.htm,False,
RWODW,2026-10-02 00:00:00,https://www.sec.gov/Archives/edgar/data/1907223/000121390026106394/0001213900-26-106394-index.htm,8-K,CURRENT REPORT,https://www.sec.gov/Archives/edgar/data/1907223/000121390026106394/ea0307566-8k_greenland.htm,False,
RWODU,2026-10-02 00:00:00,https://www.sec.gov/Archives/edgar/data/1907223/000121390026106394/0001213900-26-106394-index.htm,8-K,CURRENT REPORT,https://www.sec.gov/Archives/edgar/data/1907223/000121390026106394/ea0307566-8k_greenland.htm,False,
VOYA,2026-10-02 00:00:00,https://www.sec.gov/Archives/edgar/data/1535929/000153592926000171/0001535929-26-000171-index.htm,8-K,8-K,https://www.sec.gov/Archives/edgar/data/1535929/000153592926000171/voya-20261002.htm,False,
VOYA-PB,2026-10-02 00:00:00,https://www.sec.gov/Archives/edgar/data/1535929/000153592926000171/0001535929-26-000171-index.htm,8-K,8-K,https://www.sec.gov/Archives/edgar/data/1535929/000153592926000171/voya-20261002.htm,False,
VLD-WT,2026-10-02 00:00:00,https://www.sec.gov/Archives/edgar/data/1825079/000119312526412304/0001193125-26-412304-index.htm,8-K,8-K,https://www.sec.gov/Archives/edgar/data/1825079/000119312526412304/velo-20260928.htm,True,
VLD-WT,2026-10-02 00:00:00,https://www.sec.gov/Archives/edgar/data/1825079/000119312526412304/0001193125-26-412304-index.htm,EX-10.1,EX-10.1,https://www.sec.gov/Archives/edgar/data/1825079/000119312526412304/velo-ex10_1.htm,False,
SPFR-UN,2026-10-02 00:00:00,https://www.sec.gov/Archives/edgar/data/1825079/000119312526412304/0001193125-26-412304-index.htm,8-K,8-K,https://www.sec.gov/Archives/edgar/data/1825079/000119312526412304/velo-20260928.htm,True,
SPFR-UN,2026-10-02 00:00:00,https://www.sec.gov/Archives/edgar/data/1825079/000119312526412304/0001193125-26-412304-index.htm,EX-10.1,EX-10.1,https://www.sec.gov/Archives/edgar/data/1825079/000119312526412304/velo-ex10_1.htm,False,
VLD,2026-10-02 00:00:00,https://www.sec.gov/Archives/edgar/data/1825079/000119312526412304/0001193125-26-412304-index.htm,8-K,8-K,https://www.sec.gov/Archives/edgar/data/1825079/000119312526412304/velo-20260928.htm,True,
VLD,2026-10-02 00:00:00,https://www.sec.gov/Archives/edgar/data/1825079/000119312526412304/0001193125-26-412304-index.htm,EX-10.1,EX-10.1,https://www.sec.gov/Archives/edgar/data/1825079/000119312526412304/velo-ex10_1.htm,False,
SPFR,2026-10-02 00:00:00,https://www.sec.gov/Archives/edgar/data/1825079/000119312526412304/0001193125-26-412304-index.htm,8-K,8-K,https://www.sec.gov/Archives/edgar/data/1825079/000119312526412304/velo-20260928.htm,True,
SPFR,2026-10-02 00:00:00,https://www.sec.gov/Archives/edgar/data/1825079/000119312526412304/0001193125-26-412304-index.htm,EX-10.1,EX-10.1,https://www.sec.gov/Archives/edgar/data/1825079/000119312526412304/velo-ex10_1.htm,False,
VELO,2026-10-02 00:00:00,https://www.sec.gov/Archives/edgar/data/1825079/000119312526412304/0001193125-26-412304-index.htm,8-K,8-K,https://www.sec.gov/Archives/edgar/data/1825079/000119312526412304/velo-20260928.htm,True,
VELO,2026-10-02 00:00:00,https://www.sec.gov/Archives/edgar/data/1825079/000119312526412304/0001193125-26-412304-index.htm,EX-10.1,EX-10.1,https://www.sec.gov/Archives/edgar/data/1825079/000119312526412304/velo-ex10_1.htm,False,
NLY,2026-10-02 00:00:00,https://www.sec.gov/Archives/edgar/data/1043219/000104321926000070/0001043219-26-000070-index.htm,8-K,8-K,https://www.sec.gov/Archives/edgar/data/1043219/000104321926000070/nly-20261002.htm,False,
NLY-PF,2026-10-02 00:00:00,https://www.sec.gov/Archives/edgar/data/1043219/000104321926000070/0001043219-26-000070-index.htm,8-K,8-K,https://www.sec.gov/Archives/edgar/data/1043219/000104321926000070/nly-20261002.htm,False,
NLY-PG,2026-10-02 00:00:00,https://www.sec.gov/Archives/edgar/data/1043219/000104321926000070/0001043219-26-000070-index.htm,8-K,8-K,https://www.sec.gov/Archives/edgar/data/1043219/000104321926000070/nly-20261002.htm,False,
NLY-PI,2026-10-02 00:00:00,https://www.sec.gov/Archives/edgar/data/1043219/000104321926000070/0001043219-26-000070-index.htm,8-K,8-K,https://www.sec.gov/Archives/edgar/data/1043219/000104321926000070/nly-20261002.htm,False,
RITE,2026-10-02 00:00:00,https://www.sec.gov/Archives/edgar/data/1096296/000153949726002634/0001539497-26-002634-index.htm,8-K,8-K,https://www.sec.gov/Archives/edgar/data/1096296/000153949726002634/n4863_x28-8k.htm,True,
RITE,2026-10-02 00:00:00,https://www.sec.gov/Archives/edgar/data/1096296/000153949726002634/0001539497-26-002634-index.htm,EX-10.1,"SERIES NMC PREFERRED STOCK REPURCHASE, NOTE AND SINKING-FUND AGREEMENT, DATED SE",https://www.sec.gov/Archives/edgar/data/1096296/000153949726002634/n4863_x28exh10-1.htm,False,
RITE,2026-10-02 00:00:00,https://www.sec.gov/Archives/edgar/data/1096296/000153949726002634/0001539497-26-002634-index.htm,EX-10.2,"PROMISSORY NOTE, DATED SEPTEMBER 30, 2026, ISSUED BY MINERALRITE CORPORATION TO",https://www.sec.gov/Archives/edgar/data/1096296/000153949726002634/n4863_x28exh10-2.htm,False,
RITE,2026-10-02 00:00:00,https://www.sec.gov/Archives/edgar/data/1096296/000153949726002634/0001539497-26-002634-index.htm,EX-99.1,"PRESS RELEASE DATED OCTOBER 2, 2026 (FURNISHED HEREWITH).",https://www.sec.gov/Archives/edgar/data/1096296/000153949726002634/n4863_x28exh99-1.htm,False,
FDXF,2026-10-02 00:00:00,https://www.sec.gov/Archives/edgar/data/2082247/000110465926113295/0001104659-26-113295-index.htm,8-K,FORM 8-K,https://www.sec.gov/Archives/edgar/data/2082247/000110465926113295/tm2626881d1_8k.htm,False,
GROV-WT,2026-10-02 00:00:00,https://www.sec.gov/Archives/edgar/data/1841761/000184176126000105/0001841761-26-000105-index.htm,8-K,8-K,https://www.sec.gov/Archives/edgar/data/1841761/000184176126000105/grov-20261001.htm,False,
GROVW,2026-10-02 00:00:00,https://www.sec.gov/Archives/edgar/data/1841761/000184176126000105/0001841761-26-000105-index.htm,8-K,8-K,https://www.sec.gov/Archives/edgar/data/1841761/000184176126000105/grov-20261001.htm,False,
GROV,2026-10-02 00:00:00,https://www.sec.gov/Archives/edgar/data/1841761/000184176126000105/0001841761-26-000105-index.htm,8-K,8-K,https://www.sec.gov/Archives/edgar/data/1841761/000184176126000105/grov-20261001.htm,False,
NNDM,2026-10-02 00:00:00,https://www.sec.gov/Archives/edgar/data/1643303/000119312526412301/0001193125-26-412301-index.htm,8-K,8-K,https://www.sec.gov/Archives/edgar/data/1643303/000119312526412301/nndm-20260928.htm,False,
AVCO,2026-10-02 00:00:00,https://www.sec.gov/Archives/edgar/data/1630212/000121390026106387/0001213900-26-106387-index.htm,8-K,CURRENT REPORT,https://www.sec.gov/Archives/edgar/data/1630212/000121390026106387/ea0307321-8k_change.htm,True,
AVCO,2026-10-02 00:00:00,https://www.sec.gov/Archives/edgar/data/1630212/000121390026106387/0001213900-26-106387-index.htm,EX-10.1,FORM OF NOTE PURCHASE AGREEMENT,https://www.sec.gov/Archives/edgar/data/1630212/000121390026106387/ea030732101ex10-1.htm,False,
ALBT,2026-10-02 00:00:00,https://www.sec.gov/Archives/edgar/data/1630212/000121390026106387/0001213900-26-106387-index.htm,8-K,CURRENT REPORT,https://www.sec.gov/Archives/edgar/data/1630212/000121390026106387/ea0307321-8k_change.htm,True,
ALBT,2026-10-02 00:00:00,https://www.sec.gov/Archives/edgar/data/1630212/000121390026106387/0001213900-26-106387-index.htm,EX-10.1,FORM OF NOTE PURCHASE AGREEMENT,https://www.sec.gov/Archives/edgar/data/1630212/000121390026106387/ea030732101ex10-1.htm,False,
BIOA,2026-10-02 00:00:00,https://www.sec.gov/Archives/edgar/data/1709941/000119312526412300/0001193125-26-412300-index.htm,8-K,8-K,https://www.sec.gov/Archives/edgar/data/1709941/000119312526412300/bioa-20261002.htm,False,
FMCCS,2026-10-02 00:00:00,https://www.sec.gov/Archives/edgar/data/1026214/000102621426000058/0001026214-26-000058-index.htm,8-K,8-K,https://www.sec.gov/Archives/edgar/data/1026214/000102621426000058/fmcc-20260930.htm,False,
FMCCJ,2026-10-02 00:00:00,https://www.sec.gov/Archives/edgar/data/1026214/000102621426000058/0001026214-26-000058-index.htm,8-K,8-K,https://www.sec.gov/Archives/edgar/data/1026214/000102621426000058/fmcc-20260930.htm,False,
FMCCI,2026-10-02 00:00:00,https://www.sec.gov/Archives/edgar/data/1026214/000102621426000058/0001026214-26-000058-index.htm,8-K,8-K,https://www.sec.gov/Archives/edgar/data/1026214/000102621426000058/fmcc-20260930.htm,False,
FMCC,2026-10-02 00:00:00,https://www.sec.gov/Archives/edgar/data/1026214/000102621426000058/0001026214-26-000058-index.htm,8-K,8-K,https://www.sec.gov/Archives/edgar/data/1026214/000102621426000058/fmcc-20260930.htm,False,
FMCCK,2026-10-02 00:00:00,https://www.sec.gov/Archives/edgar/data/1026214/000102621426000058/0001026214-26-000058-index.htm,8-K,8-K,https://www.sec.gov/Archives/edgar/data/1026214/000102621426000058/fmcc-20260930.htm,False,
FMCCL,2026-10-02 00:00:00,https://www.sec.gov/Archives/edgar/data/1026214/000102621426000058/0001026214-26-000058-index.htm,8-K,8-K,https://www.sec.gov/Archives/edgar/data/1026214/000102621426000058/fmcc-20260930.htm,False,
FREGP,2026-10-02 00:00:00,https://www.sec.gov/Archives/edgar/data/1026214/000102621426000058/0001026214-26-000058-index.htm,8-K,8-K,https://www.sec.gov/Archives/edgar/data/1026214/000102621426000058/fmcc-20260930.htm,False,
FMCCP,2026-10-02 00:00:00,https://www.sec.gov/Archives/edgar/data/1026214/000102621426000058/0001026214-26-000058-index.htm,8-K,8-K,https://www.sec.gov/Archives/edgar/data/1026214/000102621426000058/fmcc-20260930.htm,False,
FMCKK,2026-10-02 00:00:00,https://www.sec.gov/Archives/edgar/data/1026214/000102621426000058/0001026214-26-000058-index.htm,8-K,8-K,https://www.sec.gov/Archives/edgar/data/1026214/000102621426000058/fmcc-20260930.htm,False,
FMCKL,2026-10-02 00:00:00,https://www.sec.gov/Archives/edgar/data/1026214/000102621426000058/0001026214-26-000058-index.htm,8-K,8-K,https://www.sec.gov/Archives/edgar/data/1026214/000102621426000058/fmcc-20260930.htm,False,
FREJO,2026-10-02 00:00:00,https://www.sec.gov/Archives/edgar/data/1026214/000102621426000058/0001026214-26-000058-index.htm,8-K,8-K,https://www.sec.gov/Archives/edgar/data/1026214/000102621426000058/fmcc-20260930.htm,False,
FMCCT,2026-10-02 00:00:00,https://www.sec.gov/Archives/edgar/data/1026214/000102621426000058/0001026214-26-000058-index.htm,8-K,8-K,https://www.sec.gov/Archives/edgar/data/1026214/000102621426000058/fmcc-20260930.htm,False,
FREJP,2026-10-02 00:00:00,https://www.sec.gov/Archives/edgar/data/1026214/000102621426000058/0001026214-26-000058-index.htm,8-K,8-K,https://www.sec.gov/Archives/edgar/data/1026214/000102621426000058/fmcc-20260930.htm,False,
FMCKM,2026-10-02 00:00:00,https://www.sec.gov/Archives/edgar/data/1026214/000102621426000058/0001026214-26-000058-index.htm,8-K,8-K,https://www.sec.gov/Archives/edgar/data/1026214/000102621426000058/fmcc-20260930.htm,False,
FMCCM,2026-10-02 00:00:00,https://www.sec.gov/Archives/edgar/data/1026214/000102621426000058/0001026214-26-000058-index.htm,8-K,8-K,https://www.sec.gov/Archives/edgar/data/1026214/000102621426000058/fmcc-20260930.htm,False,
FMCKN,2026-10-02 00:00:00,https://www.sec.gov/Archives/edgar/data/1026214/000102621426000058/0001026214-26-000058-index.htm,8-K,8-K,https://www.sec.gov/Archives/edgar/data/1026214/000102621426000058/fmcc-20260930.htm,False,
FMCKO,2026-10-02 00:00:00,https://www.sec.gov/Archives/edgar/data/1026214/000102621426000058/0001026214-26-000058-index.htm,8-K,8-K,https://www.sec.gov/Archives/edgar/data/1026214/000102621426000058/fmcc-20260930.htm,False,
FMCKP,2026-10-02 00:00:00,https://www.sec.gov/Archives/edgar/data/1026214/000102621426000058/0001026214-26-000058-index.htm,8-K,8-K,https://www.sec.gov/Archives/edgar/data/1026214/000102621426000058/fmcc-20260930.htm,False,
FMCCH,2026-10-02 00:00:00,https://www.sec.gov/Archives/edgar/data/1026214/000102621426000058/0001026214-26-000058-index.htm,8-K,8-K,https://www.sec.gov/Archives/edgar/data/1026214/000102621426000058/fmcc-20260930.htm,False,
FMCKI,2026-10-02 00:00:00,https://www.sec.gov/Archives/edgar/data/1026214/000102621426000058/0001026214-26-000058-index.htm,8-K,8-K,https://www.sec.gov/Archives/edgar/data/1026214/000102621426000058/fmcc-20260930.htm,False,
FMCCG,2026-10-02 00:00:00,https://www.sec.gov/Archives/edgar/data/1026214/000102621426000058/0001026214-26-000058-index.htm,8-K,8-K,https://www.sec.gov/Archives/edgar/data/1026214/000102621426000058/fmcc-20260930.htm,False,
FMCCN,2026-10-02 00:00:00,https://www.sec.gov/Archives/edgar/data/1026214/000102621426000058/0001026214-26-000058-index.htm,8-K,8-K,https://www.sec.gov/Archives/edgar/data/1026214/000102621426000058/fmcc-20260930.htm,False,
FMCKJ,2026-10-02 00:00:00,https://www.sec.gov/Archives/edgar/data/1026214/000102621426000058/0001026214-26-000058-index.htm,8-K,8-K,https://www.sec.gov/Archives/edgar/data/1026214/000102621426000058/fmcc-20260930.htm,False,
FREJN,2026-10-02 00:00:00,https://www.sec.gov/Archives/edgar/data/1026214/000102621426000058/0001026214-26-000058-index.htm,8-K,8-K,https://www.sec.gov/Archives/edgar/data/1026214/000102621426000058/fmcc-20260930.htm,False,
FMCCO,2026-10-02 00:00:00,https://www.sec.gov/Archives/edgar/data/1026214/000102621426000058/0001026214-26-000058-index.htm,8-K,8-K,https://www.sec.gov/Archives/edgar/data/1026214/000102621426000058/fmcc-20260930.htm,False,
OPK,2026-10-02 00:00:00,https://www.sec.gov/Archives/edgar/data/944809/000119312526412284/0001193125-26-412284-index.htm,8-K,8-K,https://www.sec.gov/Archives/edgar/data/944809/000119312526412284/opk-20260930.htm,False,
CFTR-PA,2026-10-02 00:00:00,https://www.sec.gov/Archives/edgar/data/1666244/000119312526412280/0001193125-26-412280-index.htm,8-K,8-K,https://www.sec.gov/Archives/edgar/data/1666244/000119312526412280/cfit-20261002.htm,False,
ACHR,2026-10-02 00:00:00,https://www.sec.gov/Archives/edgar/data/1824502/000182450226000078/0001824502-26-000078-index.htm,8-K,8-K,https://www.sec.gov/Archives/edgar/data/1824502/000182450226000078/achr-20260929.htm,False,
ACHR-WT,2026-10-02 00:00:00,https://www.sec.gov/Archives/edgar/data/1824502/000182450226000078/0001824502-26-000078-index.htm,8-K,8-K,https://www.sec.gov/Archives/edgar/data/1824502/000182450226000078/achr-20260929.htm,False,
ACICU,2026-10-02 00:00:00,https://www.sec.gov/Archives/edgar/data/1824502/000182450226000078/0001824502-26-000078-index.htm,8-K,8-K,https://www.sec.gov/Archives/edgar/data/1824502/000182450226000078/achr-20260929.htm,False,
FLEX,2026-10-02 00:00:00,https://www.sec.gov/Archives/edgar/data/866374/000110465926113282/0001104659-26-113282-index.htm,8-K,FORM 8-K,https://www.sec.gov/Archives/edgar/data/866374/000110465926113282/tm2626870d1_8k.htm,True,
SPKLU,2026-10-02 00:00:00,https://www.sec.gov/Archives/edgar/data/1884046/000110465926113281/0001104659-26-113281-index.htm,8-K,FORM 8-K,https://www.sec.gov/Archives/edgar/data/1884046/000110465926113281/tm2617742d15_8k.htm,False,
SPKL,2026-10-02 00:00:00,https://www.sec.gov/Archives/edgar/data/1884046/000110465926113281/0001104659-26-113281-index.htm,8-K,FORM 8-K,https://www.sec.gov/Archives/edgar/data/1884046/000110465926113281/tm2617742d15_8k.htm,False,
SPKLW,2026-10-02 00:00:00,https://www.sec.gov/Archives/edgar/data/1884046/000110465926113281/0001104659-26-113281-index.htm,8-K,FORM 8-K,https://www.sec.gov/Archives/edgar/data/1884046/000110465926113281/tm2617742d15_8k.htm,False,
TRMB,2026-10-02 00:00:00,https://www.sec.gov/Archives/edgar/data/864749/000086474926000111/0000864749-26-000111-index.htm,8-K,8-K,https://www.sec.gov/Archives/edgar/data/864749/000086474926000111/trmb-20261002.htm,True,
TRMB,2026-10-02 00:00:00,https://www.sec.gov/Archives/edgar/data/864749/000086474926000111/0000864749-26-000111-index.htm,EX-10.1,EX-10.1,https://www.sec.gov/Archives/edgar/data/864749/000086474926000111/trimble_termloancreditagre.htm,True,
None,2026-10-02 00:00:00,https://www.sec.gov/Archives/edgar/data/1913724/000162828026064511/0001628280-26-064511-index.htm,8-K,8-K,https://www.sec.gov/Archives/edgar/data/1913724/000162828026064511/agci-20260928.htm,True,
None,2026-10-02 00:00:00,https://www.sec.gov/Archives/edgar/data/1913724/000162828026064511/0001628280-26-064511-index.htm,EX-10.1,EX-10.1,https://www.sec.gov/Archives/edgar/data/1913724/000162828026064511/exhibit101-creditagreement.htm,True,
None,2026-10-02 00:00:00,https://www.sec.gov/Archives/edgar/data/1913724/000162828026064511/0001628280-26-064511-index.htm,EX-10.2,EX-10.2,https://www.sec.gov/Archives/edgar/data/1913724/000162828026064511/exhibit102-thirdamendmentc.htm,True,
SNOW,2026-10-02 00:00:00,https://www.sec.gov/Archives/edgar/data/1640147/000164014726000043/0001640147-26-000043-index.htm,8-K,8-K,https://www.sec.gov/Archives/edgar/data/1640147/000164014726000043/snow-20260928.htm,True,
SNOW,2026-10-02 00:00:00,https://www.sec.gov/Archives/edgar/data/1640147/000164014726000043/0001640147-26-000043-index.htm,EX-10.1,EX-10.1,https://www.sec.gov/Archives/edgar/data/1640147/000164014726000043/exhibit101-formofconfirmat.htm,False,
SNOW,2026-10-02 00:00:00,https://www.sec.gov/Archives/edgar/data/1640147/000164014726000043/0001640147-26-000043-index.htm,EX-99.1,EX-99.1,https://www.sec.gov/Archives/edgar/data/1640147/000164014726000043/exhibit991-launchpressrele.htm,False,
SPKL,2026-10-02 00:00:00,https://www.sec.gov/Archives/edgar/data/1884046/000110465926113273/0001104659-26-113273-index.htm,8-K,FORM 8-K,https://www.sec.gov/Archives/edgar/data/1884046/000110465926113273/tm2617742d17_8k.htm,False,
SPKL,2026-10-02 00:00:00,https://www.sec.gov/Archives/edgar/data/1884046/000110465926113273/0001104659-26-113273-index.htm,EX-99.1,EXHIBIT 99.1,https://www.sec.gov/Archives/edgar/data/1884046/000110465926113273/tm2617742d17_ex99-1.htm,False,
SPKLW,2026-10-02 00:00:00,https://www.sec.gov/Archives/edgar/data/1884046/000110465926113273/0001104659-26-113273-index.htm,8-K,FORM 8-K,https://www.sec.gov/Archives/edgar/data/1884046/000110465926113273/tm2617742d17_8k.htm,False,
SPKLW,2026-10-02 00:00:00,https://www.sec.gov/Archives/edgar/data/1884046/000110465926113273/0001104659-26-113273-index.htm,EX-99.1,EXHIBIT 99.1,https://www.sec.gov/Archives/edgar/data/1884046/000110465926113273/tm2617742d17_ex99-1.htm,False,
SPKLU,2026-10-02 00:00:00,https://www.sec.gov/Archives/edgar/data/1884046/000110465926113273/0001104659-26-113273-index.htm,8-K,FORM 8-K,https://www.sec.gov/Archives/edgar/data/1884046/000110465926113273/tm2617742d17_8k.htm,False,
SPKLU,2026-10-02 00:00:00,https://www.sec.gov/Archives/edgar/data/1884046/000110465926113273/0001104659-26-113273-index.htm,EX-99.1,EXHIBIT 99.1,https://www.sec.gov/Archives/edgar/data/1884046/000110465926113273/tm2617742d17_ex99-1.htm,False,
KPLTW,2026-10-02 00:00:00,https://www.sec.gov/Archives/edgar/data/1785424/000110465926113271/0001104659-26-113271-index.htm,8-K,FORM 8-K,https://www.sec.gov/Archives/edgar/data/1785424/000110465926113271/tm2625971d1_8k.htm,True,
KPLTW,2026-10-02 00:00:00,https://www.sec.gov/Archives/edgar/data/1785424/000110465926113271/0001104659-26-113271-index.htm,EX-10.1,EXHIBIT 10.1,https://www.sec.gov/Archives/edgar/data/1785424/000110465926113271/tm2625971d1_ex10-1.htm,True,
KPLT,2026-10-02 00:00:00,https://www.sec.gov/Archives/edgar/data/1785424/000110465926113271/0001104659-26-113271-index.htm,8-K,FORM 8-K,https://www.sec.gov/Archives/edgar/data/1785424/000110465926113271/tm2625971d1_8k.htm,True,
KPLT,2026-10-02 00:00:00,https://www.sec.gov/Archives/edgar/data/1785424/000110465926113271/0001104659-26-113271-index.htm,EX-10.1,EXHIBIT 10.1,https://www.sec.gov/Archives/edgar/data/1785424/000110465926113271/tm2625971d1_ex10-1.htm,True,
HAYW,2026-10-02 00:00:00,https://www.sec.gov/Archives/edgar/data/1834622/000183462226000049/0001834622-26-000049-index.htm,8-K,8-K,https://www.sec.gov/Archives/edgar/data/1834622/000183462226000049/hayw-20260930.htm,False,
None,2026-10-02 00:00:00,https://www.sec.gov/Archives/edgar/data/2059924/000121390026106368/0001213900-26-106368-index.htm,8-K,CURRENT REPORT,https://www.sec.gov/Archives/edgar/data/2059924/000121390026106368/ea0307494-8k_isq.htm,False,
None,2026-10-02 00:00:00,https://www.sec.gov/Archives/edgar/data/2059924/000121390026106368/0001213900-26-106368-index.htm,EX-99.1,"NET ASSET VALUE AS OF AUGUST 31, 2026",https://www.sec.gov/Archives/edgar/data/2059924/000121390026106368/ea030749401ex99-1.htm,False,
SNDR,2026-10-02 00:00:00,https://www.sec.gov/Archives/edgar/data/1692063/000169206326000049/0001692063-26-000049-index.htm,8-K,8-K,https://www.sec.gov/Archives/edgar/data/1692063/000169206326000049/sndr-20260930.htm,True,
SNDR,2026-10-02 00:00:00,https://www.sec.gov/Archives/edgar/data/1692063/000169206326000049/0001692063-26-000049-index.htm,EX-10.1,EX-10.1,https://www.sec.gov/Archives/edgar/data/1692063/000169206326000049/schneideramendmentno7toa.htm,True,
CEADW,2026-10-02 00:00:00,https://www.sec.gov/Archives/edgar/data/1482541/000148254126000056/0001482541-26-000056-index.htm,8-K,8-K,https://www.sec.gov/Archives/edgar/data/1482541/000148254126000056/bnc-20260929.htm,False,
CEADW,2026-10-02 00:00:00,https://www.sec.gov/Archives/edgar/data/1482541/000148254126000056/0001482541-26-000056-index.htm,EX-99.1,EX-99.1,https://www.sec.gov/Archives/edgar/data/1482541/000148254126000056/bnc-2026x10x02xpr.htm,False,
BNC,2026-10-02 00:00:00,https://www.sec.gov/Archives/edgar/data/1482541/000148254126000056/0001482541-26-000056-index.htm,8-K,8-K,https://www.sec.gov/Archives/edgar/data/1482541/000148254126000056/bnc-20260929.htm,False,
BNC,2026-10-02 00:00:00,https://www.sec.gov/Archives/edgar/data/1482541/000148254126000056/0001482541-26-000056-index.htm,EX-99.1,EX-99.1,https://www.sec.gov/Archives/edgar/data/1482541/000148254126000056/bnc-2026x10x02xpr.htm,False,
CEAD,2026-10-02 00:00:00,https://www.sec.gov/Archives/edgar/data/1482541/000148254126000056/0001482541-26-000056-index.htm,8-K,8-K,https://www.sec.gov/Archives/edgar/data/1482541/000148254126000056/bnc-20260929.htm,False,
CEAD,2026-10-02 00:00:00,https://www.sec.gov/Archives/edgar/data/1482541/000148254126000056/0001482541-26-000056-index.htm,EX-99.1,EX-99.1,https://www.sec.gov/Archives/edgar/data/1482541/000148254126000056/bnc-2026x10x02xpr.htm,False,
SRNA,2026-10-02 00:00:00,https://www.sec.gov/Archives/edgar/data/1482541/000148254126000056/0001482541-26-000056-index.htm,8-K,8-K,https://www.sec.gov/Archives/edgar/data/1482541/000148254126000056/bnc-20260929.htm,False,
SRNA,2026-10-02 00:00:00,https://www.sec.gov/Archives/edgar/data/1482541/000148254126000056/0001482541-26-000056-index.htm,EX-99.1,EX-99.1,https://www.sec.gov/Archives/edgar/data/1482541/000148254126000056/bnc-2026x10x02xpr.htm,False,
MCACR,2026-10-02 00:00:00,https://www.sec.gov/Archives/edgar/data/1895249/000110465926113270/0001104659-26-113270-index.htm,8-K,FORM 8-K,https://www.sec.gov/Archives/edgar/data/1895249/000110465926113270/tm2626698d1_8k.htm,True,
CNTM,2026-10-02 00:00:00,https://www.sec.gov/Archives/edgar/data/1895249/000110465926113270/0001104659-26-113270-index.htm,8-K,FORM 8-K,https://www.sec.gov/Archives/edgar/data/1895249/000110465926113270/tm2626698d1_8k.htm,True,
MCACW,2026-10-02 00:00:00,https://www.sec.gov/Archives/edgar/data/1895249/000110465926113270/0001104659-26-113270-index.htm,8-K,FORM 8-K,https://www.sec.gov/Archives/edgar/data/1895249/000110465926113270/tm2626698d1_8k.htm,True,
MCACU,2026-10-02 00:00:00,https://www.sec.gov/Archives/edgar/data/1895249/000110465926113270/0001104659-26-113270-index.htm,8-K,FORM 8-K,https://www.sec.gov/Archives/edgar/data/1895249/000110465926113270/tm2626698d1_8k.htm,True,
MCAC,2026-10-02 00:00:00,https://www.sec.gov/Archives/edgar/data/1895249/000110465926113270/0001104659-26-113270-index.htm,8-K,FORM 8-K,https://www.sec.gov/Archives/edgar/data/1895249/000110465926113270/tm2626698d1_8k.htm,True,
PFLT,2026-10-02 00:00:00,https://www.sec.gov/Archives/edgar/data/1504619/000117184326006369/0001171843-26-006369-index.htm,8-K,FORM 8-K,https://www.sec.gov/Archives/edgar/data/1504619/000117184326006369/f8k_092326.htm,False,
PFLT,2026-10-02 00:00:00,https://www.sec.gov/Archives/edgar/data/1504619/000117184326006369/0001171843-26-006369-index.htm,EX-99.1,EXHIBIT 99.1,https://www.sec.gov/Archives/edgar/data/1504619/000117184326006369/exh_991.htm,False,
PFLA,2026-10-02 00:00:00,https://www.sec.gov/Archives/edgar/data/1504619/000117184326006369/0001171843-26-006369-index.htm,8-K,FORM 8-K,https://www.sec.gov/Archives/edgar/data/1504619/000117184326006369/f8k_092326.htm,False,
PFLA,2026-10-02 00:00:00,https://www.sec.gov/Archives/edgar/data/1504619/000117184326006369/0001171843-26-006369-index.htm,EX-99.1,EXHIBIT 99.1,https://www.sec.gov/Archives/edgar/data/1504619/000117184326006369/exh_991.htm,False,
ITGR,2026-10-02 00:00:00,https://www.sec.gov/Archives/edgar/data/1114483/000117184326006370/0001171843-26-006370-index.htm,8-K,FORM 8-K,https://www.sec.gov/Archives/edgar/data/1114483/000117184326006370/f8k_100226.htm,False,
ITGR,2026-10-02 00:00:00,https://www.sec.gov/Archives/edgar/data/1114483/000117184326006370/0001171843-26-006370-index.htm,EX-99.1,PRESS RELEASE,https://www.sec.gov/Archives/edgar/data/1114483/000117184326006370/exh_991.htm,False,
PNNTG,2026-10-02 00:00:00,https://www.sec.gov/Archives/edgar/data/1383414/000117184326006368/0001171843-26-006368-index.htm,8-K,FORM 8-K,https://www.sec.gov/Archives/edgar/data/1383414/000117184326006368/f8k_092326.htm,False,
PNNTG,2026-10-02 00:00:00,https://www.sec.gov/Archives/edgar/data/1383414/000117184326006368/0001171843-26-006368-index.htm,EX-99.1,PRESS RELEASE,https://www.sec.gov/Archives/edgar/data/1383414/000117184326006368/exh_991.htm,False,
PNNT,2026-10-02 00:00:00,https://www.sec.gov/Archives/edgar/data/1383414/000117184326006368/0001171843-26-006368-index.htm,8-K,FORM 8-K,https://www.sec.gov/Archives/edgar/data/1383414/000117184326006368/f8k_092326.htm,False,
PNNT,2026-10-02 00:00:00,https://www.sec.gov/Archives/edgar/data/1383414/000117184326006368/0001171843-26-006368-index.htm,EX-99.1,PRESS RELEASE,https://www.sec.gov/Archives/edgar/data/1383414/000117184326006368/exh_991.htm,False,
MINM,2026-10-02 00:00:00,https://www.sec.gov/Archives/edgar/data/1467761/000182912626010751/0001829126-26-010751-index.htm,8-K,8-K,https://www.sec.gov/Archives/edgar/data/1467761/000182912626010751/fiee_8k.htm,False,
FIEE,2026-10-02 00:00:00,https://www.sec.gov/Archives/edgar/data/1467761/000182912626010751/0001829126-26-010751-index.htm,8-K,8-K,https://www.sec.gov/Archives/edgar/data/1467761/000182912626010751/fiee_8k.htm,False,
COIN,2026-10-02 00:00:00,https://www.sec.gov/Archives/edgar/data/1679788/000167978826000113/0001679788-26-000113-index.htm,8-K,8-K,https://www.sec.gov/Archives/edgar/data/1679788/000167978826000113/coin-20260929.htm,False,
None,2026-10-02 00:00:00,https://www.sec.gov/Archives/edgar/data/2028686/000119312526412226/0001193125-26-412226-index.htm,8-K,8-K,https://www.sec.gov/Archives/edgar/data/2028686/000119312526412226/d142053d8k.htm,True,
None,2026-10-02 00:00:00,https://www.sec.gov/Archives/edgar/data/2028686/000119312526412226/0001193125-26-412226-index.htm,EX-10.1,EX-10.1,https://www.sec.gov/Archives/edgar/data/2028686/000119312526412226/d142053dex101.htm,True,
DRCT,2026-10-02 00:00:00,https://www.sec.gov/Archives/edgar/data/1880613/000188061326000115/0001880613-26-000115-index.htm,8-K,8-K,https://www.sec.gov/Archives/edgar/data/1880613/000188061326000115/drct-20261001.htm,False,
DRCTW,2026-10-02 00:00:00,https://www.sec.gov/Archives/edgar/data/1880613/000188061326000115/0001880613-26-000115-index.htm,8-K,8-K,https://www.sec.gov/Archives/edgar/data/1880613/000188061326000115/drct-20261001.htm,False,
UIHC,2026-10-02 00:00:00,https://www.sec.gov/Archives/edgar/data/1401521/000140152126000039/0001401521-26-000039-index.htm,8-K,8-K,https://www.sec.gov/Archives/edgar/data/1401521/000140152126000039/acic-20261001.htm,False,
RMNIW,2026-10-02 00:00:00,https://www.sec.gov/Archives/edgar/data/1635282/000163528226000067/0001635282-26-000067-index.htm,8-K,8-K,https://www.sec.gov/Archives/edgar/data/1635282/000163528226000067/rmni-20261002.htm,False,
RMNI,2026-10-02 00:00:00,https://www.sec.gov/Archives/edgar/data/1635282/000163528226000067/0001635282-26-000067-index.htm,8-K,8-K,https://www.sec.gov/Archives/edgar/data/1635282/000163528226000067/rmni-20261002.htm,False,
DARE,2026-10-02 00:00:00,https://www.sec.gov/Archives/edgar/data/1401914/000140191426000052/0001401914-26-000052-index.htm,8-K,8-K,https://www.sec.gov/Archives/edgar/data/1401914/000140191426000052/dare-20260928.htm,False,
CERU,2026-10-02 00:00:00,https://www.sec.gov/Archives/edgar/data/1401914/000140191426000052/0001401914-26-000052-index.htm,8-K,8-K,https://www.sec.gov/Archives/edgar/data/1401914/000140191426000052/dare-20260928.htm,False,
AUMN,2026-10-02 00:00:00,https://www.sec.gov/Archives/edgar/data/1011509/000110465926113262/0001104659-26-113262-index.htm,8-K,FORM 8-K,https://www.sec.gov/Archives/edgar/data/1011509/000110465926113262/tm2626860d1_8k.htm,False,
AUMN,2026-10-02 00:00:00,https://www.sec.gov/Archives/edgar/data/1011509/000110465926113262/0001104659-26-113262-index.htm,EX-10.1,EXHIBIT 10.1,https://www.sec.gov/Archives/edgar/data/1011509/000110465926113262/tm2626860d1_ex10-1.htm,False,
AUMN,2026-10-02 00:00:00,https://www.sec.gov/Archives/edgar/data/1011509/000110465926113262/0001104659-26-113262-index.htm,EX-99.1,EXHIBIT 99.1,https://www.sec.gov/Archives/edgar/data/1011509/000110465926113262/tm2626860d1_ex99-1.htm,False,
None,2026-10-02 00:00:00,https://www.sec.gov/Archives/edgar/data/1975736/000110465926113259/0001104659-26-113259-index.htm,8-K,FORM 8-K,https://www.sec.gov/Archives/edgar/data/1975736/000110465926113259/tm2626846d1_8k.htm,True,
None,2026-10-02 00:00:00,https://www.sec.gov/Archives/edgar/data/1975736/000110465926113259/0001104659-26-113259-index.htm,EX-10.1,EXHIBIT 10.1,https://www.sec.gov/Archives/edgar/data/1975736/000110465926113259/tm2626846d1_ex10-1.htm,True,
STHO,2026-10-02 00:00:00,https://www.sec.gov/Archives/edgar/data/1953366/000110465926113260/0001104659-26-113260-index.htm,8-K,FORM 8-K,https://www.sec.gov/Archives/edgar/data/1953366/000110465926113260/tm2626632d1_8k.htm,True,
NANX,2026-10-02 00:00:00,https://www.sec.gov/Archives/edgar/data/883107/000117184326006367/0001171843-26-006367-index.htm,8-K,FORM 8-K,https://www.sec.gov/Archives/edgar/data/883107/000117184326006367/f8k_100226.htm,False,
SLSN,2026-10-02 00:00:00,https://www.sec.gov/Archives/edgar/data/883107/000117184326006367/0001171843-26-006367-index.htm,8-K,FORM 8-K,https://www.sec.gov/Archives/edgar/data/883107/000117184326006367/f8k_100226.htm,False,
CALM,2026-10-02 00:00:00,https://www.sec.gov/Archives/edgar/data/16160/000156276226000117/0001562762-26-000117-index.htm,8-K,FORM 8-K,https://www.sec.gov/Archives/edgar/data/16160/000156276226000117/calm-20261002_8K.htm,False,
None,2026-10-02 00:00:00,https://www.sec.gov/Archives/edgar/data/2073537/000119312526412145/0001193125-26-412145-index.htm,8-K,8-K,https://www.sec.gov/Archives/edgar/data/2073537/000119312526412145/d815251d8k.htm,False,
None,2026-10-02 00:00:00,https://www.sec.gov/Archives/edgar/data/2073537/000119312526412145/0001193125-26-412145-index.htm,EX-99.1,EX-99.1,https://www.sec.gov/Archives/edgar/data/2073537/000119312526412145/d815251dex991.htm,False,
None,2026-10-02 00:00:00,https://www.sec.gov/Archives/edgar/data/1868516/000110465926113241/0001104659-26-113241-index.htm,8-K,8-K,https://www.sec.gov/Archives/edgar/data/1868516/000110465926113241/sdir-20260930x8k.htm,False,
None,2026-10-02 00:00:00,https://www.sec.gov/Archives/edgar/data/2089975/000119312526412040/0001193125-26-412040-index.htm,8-K,8-K,https://www.sec.gov/Archives/edgar/data/2089975/000119312526412040/d177455d8k.htm,False,
None,2026-10-02 00:00:00,https://www.sec.gov/Archives/edgar/data/2089975/000119312526412040/0001193125-26-412040-index.htm,EX-99.1,EX-99.1,https://www.sec.gov/Archives/edgar/data/2089975/000119312526412040/d177455dex991.htm,False,
MKZR,2026-10-02 00:00:00,https://www.sec.gov/Archives/edgar/data/1550913/000155091326000034/0001550913-26-000034-index.htm,8-K,CURRENT REPORT FILING,https://www.sec.gov/Archives/edgar/data/1550913/000155091326000034/mkzr-20261002.htm,False,
MKZR,2026-10-02 00:00:00,https://www.sec.gov/Archives/edgar/data/1550913/000155091326000034/0001550913-26-000034-index.htm,EX-99.1,EX-99.1,https://www.sec.gov/Archives/edgar/data/1550913/000155091326000034/mrcdrip.htm,False,
None,2026-10-02 00:00:00,https://www.sec.gov/Archives/edgar/data/1919369/000119312526411977/0001193125-26-411977-index.htm,8-K,8-K,https://www.sec.gov/Archives/edgar/data/1919369/000119312526411977/ck0001919369-20260930.htm,False,
HGIT,2026-10-02 00:00:00,https://www.sec.gov/Archives/edgar/data/1585101/000162828026064477/0001628280-26-064477-index.htm,8-K,HINES LEADERSHIP TRANSITION 8-K,https://www.sec.gov/Archives/edgar/data/1585101/000162828026064477/hgit-20260929.htm,False,
HGIT,2026-10-02 00:00:00,https://www.sec.gov/Archives/edgar/data/1585101/000162828026064477/0001628280-26-064477-index.htm,EX-99.1,EX-99.1 - HINES LEADERSHIP TRANSITION PRESS RELEASE,https://www.sec.gov/Archives/edgar/data/1585101/000162828026064477/hinesleadershiptransitionp.htm,False,
None,2026-10-02 00:00:00,https://www.sec.gov/Archives/edgar/data/1718322/000153949726002633/0001539497-26-002633-index.htm,8-K,8-K,https://www.sec.gov/Archives/edgar/data/1718322/000153949726002633/n1074_x24-8k.htm,False,
None,2026-10-02 00:00:00,https://www.sec.gov/Archives/edgar/data/1714154/000188852426018504/0001888524-26-018504-index.htm,8-K,,https://www.sec.gov/Archives/edgar/data/1714154/000188852426018504/ccc17cor_8k-10022026.htm,False,
None,2026-10-02 00:00:00,https://www.sec.gov/Archives/edgar/data/1719959/000188852426018502/0001888524-26-018502-index.htm,8-K,,https://www.sec.gov/Archives/edgar/data/1719959/000188852426018502/cdd17cd6_8k-10022026.htm,False,
None,2026-10-02 00:00:00,https://www.sec.gov/Archives/edgar/data/2117580/000119312526411721/0001193125-26-411721-index.htm,8-K,8-K,https://www.sec.gov/Archives/edgar/data/2117580/000119312526411721/d426328d8k.htm,False,
None,2026-10-02 00:00:00,https://www.sec.gov/Archives/edgar/data/1721373/000188852426018424/0001888524-26-018424-index.htm,8-K,,https://www.sec.gov/Archives/edgar/data/1721373/000188852426018424/bal17bk9_8k-10022026.htm,False,
None,2026-10-02 00:00:00,https://www.sec.gov/Archives/edgar/data/2097887/000119312526411717/0001193125-26-411717-index.htm,8-K,8-K,https://www.sec.gov/Archives/edgar/data/2097887/000119312526411717/d43627d8k.htm,False,
DBHL,2026-10-02 00:00:00,https://www.sec.gov/Archives/edgar/data/1918080/000121390026106187/0001213900-26-106187-index.htm,8-K,CURRENT REPORT,https://www.sec.gov/Archives/edgar/data/1918080/000121390026106187/ea0307514-8k_deep.htm,False,
DBHL,2026-10-02 00:00:00,https://www.sec.gov/Archives/edgar/data/1918080/000121390026106187/0001213900-26-106187-index.htm,EX-99.1,"PRESS RELEASE DATED OCTOBER 1, 2026",https://www.sec.gov/Archives/edgar/data/1918080/000121390026106187/ea030751401ex99-1.htm,False,
None,2026-10-02 00:00:00,https://www.sec.gov/Archives/edgar/data/1966394/000119312526411561/0001193125-26-411561-index.htm,8-K,8-K,https://www.sec.gov/Archives/edgar/data/1966394/000119312526411561/ck0001966394-20260929.htm,True,
None,2026-10-02 00:00:00,https://www.sec.gov/Archives/edgar/data/1966394/000119312526411561/0001193125-26-411561-index.htm,EX-10.1,EX-10.1,https://www.sec.gov/Archives/edgar/data/1966394/000119312526411561/ck0001966394-ex10_1.htm,True,
BUKS,2026-10-02 00:00:00,https://www.sec.gov/Archives/edgar/data/15847/000001584726000049/0000015847-26-000049-index.htm,8-K,8-K,https://www.sec.gov/Archives/edgar/data/15847/000001584726000049/buks-20260930.htm,False,
GIS,2026-10-02 00:00:00,https://www.sec.gov/Archives/edgar/data/40704/000162828026064413/0001628280-26-064413-index.htm,8-K,8-K,https://www.sec.gov/Archives/edgar/data/40704/000162828026064413/gis-20260929.htm,False,
None,2026-10-02 00:00:00,https://www.sec.gov/Archives/edgar/data/2033362/000119312526411506/0001193125-26-411506-index.htm,8-K,8-K,https://www.sec.gov/Archives/edgar/data/2033362/000119312526411506/ck0002033362-20260929.htm,False,
SUI,2026-10-02 00:00:00,https://www.sec.gov/Archives/edgar/data/912593/000091259326000262/0000912593-26-000262-index.htm,8-K,8-K,https://www.sec.gov/Archives/edgar/data/912593/000091259326000262/sui-20261001.htm,True,
SUI,2026-10-02 00:00:00,https://www.sec.gov/Archives/edgar/data/912593/000091259326000262/0000912593-26-000262-index.htm,EX-10.1,EX-10.1,https://www.sec.gov/Archives/edgar/data/912593/000091259326000262/amendmenttoscolppartnershi.htm,False,
None,2026-10-02 00:00:00,https://www.sec.gov/Archives/edgar/data/1289047/000147793226005980/0001477932-26-005980-index.htm,8-K,FORM 8-K,https://www.sec.gov/Archives/edgar/data/1289047/000147793226005980/aipg_8k.htm,False,
CSAI,2026-10-02 00:00:00,https://www.sec.gov/Archives/edgar/data/1709628/000168316826007556/0001683168-26-007556-index.htm,8-K,CURRENT REPORT,https://www.sec.gov/Archives/edgar/data/1709628/000168316826007556/cloud_8k.htm,True,
CSAI,2026-10-02 00:00:00,https://www.sec.gov/Archives/edgar/data/1709628/000168316826007556/0001683168-26-007556-index.htm,EX-10.1,EXCHANGE AGREEMENT,https://www.sec.gov/Archives/edgar/data/1709628/000168316826007556/cloud_ex1001.htm,False,
None,2026-10-02 00:00:00,https://www.sec.gov/Archives/edgar/data/1849089/000184908926000003/0001849089-26-000003-index.htm,8-K,8-K,https://www.sec.gov/Archives/edgar/data/1849089/000184908926000003/ls-20260929.htm,False,
PSKY,2026-10-02 00:00:00,https://www.sec.gov/Archives/edgar/data/2041610/000110465926113076/0001104659-26-113076-index.htm,8-K,FORM 8-K,https://www.sec.gov/Archives/edgar/data/2041610/000110465926113076/tm2626659d3_8k.htm,False,
HEPA,2026-10-02 00:00:00,https://www.sec.gov/Archives/edgar/data/1583771/000149315226045447/0001493152-26-045447-index.htm,8-K,8-K,https://www.sec.gov/Archives/edgar/data/1583771/000149315226045447/form8-k.htm,False,
MERC,2026-10-02 00:00:00,https://www.sec.gov/Archives/edgar/data/1333274/000119312526411343/0001193125-26-411343-index.htm,8-K,8-K,https://www.sec.gov/Archives/edgar/data/1333274/000119312526411343/d108140d8k.htm,False,
F,2026-10-02 00:00:00,https://www.sec.gov/Archives/edgar/data/37996/000003799626000184/0000037996-26-000184-index.htm,8-K,8-K,https://www.sec.gov/Archives/edgar/data/37996/000003799626000184/f-20261002.htm,False,
F-PB,2026-10-02 00:00:00,https://www.sec.gov/Archives/edgar/data/37996/000003799626000184/0000037996-26-000184-index.htm,8-K,8-K,https://www.sec.gov/Archives/edgar/data/37996/000003799626000184/f-20261002.htm,False,
F-PD,2026-10-02 00:00:00,https://www.sec.gov/Archives/edgar/data/37996/000003799626000184/0000037996-26-000184-index.htm,8-K,8-K,https://www.sec.gov/Archives/edgar/data/37996/000003799626000184/f-20261002.htm,False,
F-PC,2026-10-02 00:00:00,https://www.sec.gov/Archives/edgar/data/37996/000003799626000184/0000037996-26-000184-index.htm,8-K,8-K,https://www.sec.gov/Archives/edgar/data/37996/000003799626000184/f-20261002.htm,False,
CABO,2026-10-02 00:00:00,https://www.sec.gov/Archives/edgar/data/1632127/000095015726001058/0000950157-26-001058-index.htm,8-K,CURRENT REPORT,https://www.sec.gov/Archives/edgar/data/1632127/000095015726001058/form8-k.htm,True,
UMH-PC,2026-10-02 00:00:00,https://www.sec.gov/Archives/edgar/data/752642/000149315226045445/0001493152-26-045445-index.htm,8-K,8-K,https://www.sec.gov/Archives/edgar/data/752642/000149315226045445/form8-k.htm,False,
UMH-PC,2026-10-02 00:00:00,https://www.sec.gov/Archives/edgar/data/752642/000149315226045445/0001493152-26-045445-index.htm,EX-99.1,EX-99.1,https://www.sec.gov/Archives/edgar/data/752642/000149315226045445/ex99-1.htm,False,
UMH-PD,2026-10-02 00:00:00,https://www.sec.gov/Archives/edgar/data/752642/000149315226045445/0001493152-26-045445-index.htm,8-K,8-K,https://www.sec.gov/Archives/edgar/data/752642/000149315226045445/form8-k.htm,False,
UMH-PD,2026-10-02 00:00:00,https://www.sec.gov/Archives/edgar/data/752642/000149315226045445/0001493152-26-045445-index.htm,EX-99.1,EX-99.1,https://www.sec.gov/Archives/edgar/data/752642/000149315226045445/ex99-1.htm,False,
UMH,2026-10-02 00:00:00,https://www.sec.gov/Archives/edgar/data/752642/000149315226045445/0001493152-26-045445-index.htm,8-K,8-K,https://www.sec.gov/Archives/edgar/data/752642/000149315226045445/form8-k.htm,False,
UMH,2026-10-02 00:00:00,https://www.sec.gov/Archives/edgar/data/752642/000149315226045445/0001493152-26-045445-index.htm,EX-99.1,EX-99.1,https://www.sec.gov/Archives/edgar/data/752642/000149315226045445/ex99-1.htm,False,
CYCU,2026-10-02 00:00:00,https://www.sec.gov/Archives/edgar/data/1868419/000186841926000048/0001868419-26-000048-index.htm,8-K,8-K,https://www.sec.gov/Archives/edgar/data/1868419/000186841926000048/cycu-20260930.htm,False,
CYCU,2026-10-02 00:00:00,https://www.sec.gov/Archives/edgar/data/1868419/000186841926000048/0001868419-26-000048-index.htm,EX-99.1,EX-99.1,https://www.sec.gov/Archives/edgar/data/1868419/000186841926000048/exhibit991sep302026pressre.htm,False,
CYCUW,2026-10-02 00:00:00,https://www.sec.gov/Archives/edgar/data/1868419/000186841926000048/0001868419-26-000048-index.htm,8-K,8-K,https://www.sec.gov/Archives/edgar/data/1868419/000186841926000048/cycu-20260930.htm,False,
CYCUW,2026-10-02 00:00:00,https://www.sec.gov/Archives/edgar/data/1868419/000186841926000048/0001868419-26-000048-index.htm,EX-99.1,EX-99.1,https://www.sec.gov/Archives/edgar/data/1868419/000186841926000048/exhibit991sep302026pressre.htm,False,
WAVSU,2026-10-02 00:00:00,https://www.sec.gov/Archives/edgar/data/1868419/000186841926000048/0001868419-26-000048-index.htm,8-K,8-K,https://www.sec.gov/Archives/edgar/data/1868419/000186841926000048/cycu-20260930.htm,False,
WAVSU,2026-10-02 00:00:00,https://www.sec.gov/Archives/edgar/data/1868419/000186841926000048/0001868419-26-000048-index.htm,EX-99.1,EX-99.1,https://www.sec.gov/Archives/edgar/data/1868419/000186841926000048/exhibit991sep302026pressre.htm,False,
WAVS,2026-10-02 00:00:00,https://www.sec.gov/Archives/edgar/data/1868419/000186841926000048/0001868419-26-000048-index.htm,8-K,8-K,https://www.sec.gov/Archives/edgar/data/1868419/000186841926000048/cycu-20260930.htm,False,
WAVS,2026-10-02 00:00:00,https://www.sec.gov/Archives/edgar/data/1868419/000186841926000048/0001868419-26-000048-index.htm,EX-99.1,EX-99.1,https://www.sec.gov/Archives/edgar/data/1868419/000186841926000048/exhibit991sep302026pressre.htm,False,
WAVSW,2026-10-02 00:00:00,https://www.sec.gov/Archives/edgar/data/1868419/000186841926000048/0001868419-26-000048-index.htm,8-K,8-K,https://www.sec.gov/Archives/edgar/data/1868419/000186841926000048/cycu-20260930.htm,False,
WAVSW,2026-10-02 00:00:00,https://www.sec.gov/Archives/edgar/data/1868419/000186841926000048/0001868419-26-000048-index.htm,EX-99.1,EX-99.1,https://www.sec.gov/Archives/edgar/data/1868419/000186841926000048/exhibit991sep302026pressre.htm,False,
TSLA,2026-10-02 00:00:00,https://www.sec.gov/Archives/edgar/data/1318605/000162828026064366/0001628280-26-064366-index.htm,8-K,8-K,https://www.sec.gov/Archives/edgar/data/1318605/000162828026064366/tsla-20261002.htm,False,
TSLA,2026-10-02 00:00:00,https://www.sec.gov/Archives/edgar/data/1318605/000162828026064366/0001628280-26-064366-index.htm,EX-99.1,EX-99.1,https://www.sec.gov/Archives/edgar/data/1318605/000162828026064366/exhibit991111111.htm,False,
SSB,2026-10-02 00:00:00,https://www.sec.gov/Archives/edgar/data/764038/000119312526411326/0001193125-26-411326-index.htm,8-K,8-K,https://www.sec.gov/Archives/edgar/data/764038/000119312526411326/ssb-20261002.htm,False,
SSB,2026-10-02 00:00:00,https://www.sec.gov/Archives/edgar/data/764038/000119312526411326/0001193125-26-411326-index.htm,EX-99.1,EX-99.1,https://www.sec.gov/Archives/edgar/data/764038/000119312526411326/ssb-ex99_1.htm,False,
HCAC,2026-10-02 00:00:00,https://www.sec.gov/Archives/edgar/data/2079013/000182912626010706/0001829126-26-010706-index.htm,8-K,8-K,https://www.sec.gov/Archives/edgar/data/2079013/000182912626010706/hallchadwickacq_8k.htm,True,
HCAC,2026-10-02 00:00:00,https://www.sec.gov/Archives/edgar/data/2079013/000182912626010706/0001829126-26-010706-index.htm,EX-10.1,EXHIBIT 10.1,https://www.sec.gov/Archives/edgar/data/2079013/000182912626010706/hallchadwickacq_ex10-1.htm,True,
HCAC,2026-10-02 00:00:00,https://www.sec.gov/Archives/edgar/data/2079013/000182912626010706/0001829126-26-010706-index.htm,EX-99.1,EXHIBIT 99.1,https://www.sec.gov/Archives/edgar/data/2079013/000182912626010706/hallchadwickacq_ex99-1.htm,False,
HCACU,2026-10-02 00:00:00,https://www.sec.gov/Archives/edgar/data/2079013/000182912626010706/0001829126-26-010706-index.htm,8-K,8-K,https://www.sec.gov/Archives/edgar/data/2079013/000182912626010706/hallchadwickacq_8k.htm,True,
HCACU,2026-10-02 00:00:00,https://www.sec.gov/Archives/edgar/data/2079013/000182912626010706/0001829126-26-010706-index.htm,EX-10.1,EXHIBIT 10.1,https://www.sec.gov/Archives/edgar/data/2079013/000182912626010706/hallchadwickacq_ex10-1.htm,True,
HCACU,2026-10-02 00:00:00,https://www.sec.gov/Archives/edgar/data/2079013/000182912626010706/0001829126-26-010706-index.htm,EX-99.1,EXHIBIT 99.1,https://www.sec.gov/Archives/edgar/data/2079013/000182912626010706/hallchadwickacq_ex99-1.htm,False,
HCACR,2026-10-02 00:00:00,https://www.sec.gov/Archives/edgar/data/2079013/000182912626010706/0001829126-26-010706-index.htm,8-K,8-K,https://www.sec.gov/Archives/edgar/data/2079013/000182912626010706/hallchadwickacq_8k.htm,True,
HCACR,2026-10-02 00:00:00,https://www.sec.gov/Archives/edgar/data/2079013/000182912626010706/0001829126-26-010706-index.htm,EX-10.1,EXHIBIT 10.1,https://www.sec.gov/Archives/edgar/data/2079013/000182912626010706/hallchadwickacq_ex10-1.htm,True,
HCACR,2026-10-02 00:00:00,https://www.sec.gov/Archives/edgar/data/2079013/000182912626010706/0001829126-26-010706-index.htm,EX-99.1,EXHIBIT 99.1,https://www.sec.gov/Archives/edgar/data/2079013/000182912626010706/hallchadwickacq_ex99-1.htm,False,
None,2026-10-02 00:00:00,https://www.sec.gov/Archives/edgar/data/946155/000094615526000104/0000946155-26-000104-index.htm,8-K,8-K,https://www.sec.gov/Archives/edgar/data/946155/000094615526000104/tiaareal-20260928.htm,True,
FCCO,2026-10-02 00:00:00,https://www.sec.gov/Archives/edgar/data/932781/000155278126000507/0001552781-26-000507-index.htm,8-K,,https://www.sec.gov/Archives/edgar/data/932781/000155278126000507/e26403_fcco-8k.htm,False,
None,2026-10-02 00:00:00,https://www.sec.gov/Archives/edgar/data/1985375/000121390026106106/0001213900-26-106106-index.htm,8-K,CURRENT REPORT,https://www.sec.gov/Archives/edgar/data/1985375/000121390026106106/ea0306850-8k_muzinich.htm,False,
HUBG,2026-10-02 00:00:00,https://www.sec.gov/Archives/edgar/data/940942/000119312526411325/0001193125-26-411325-index.htm,8-K,8-K,https://www.sec.gov/Archives/edgar/data/940942/000119312526411325/d118269d8k.htm,False,
HUBG,2026-10-02 00:00:00,https://www.sec.gov/Archives/edgar/data/940942/000119312526411325/0001193125-26-411325-index.htm,EX-99.1,EX-99.1,https://www.sec.gov/Archives/edgar/data/940942/000119312526411325/d118269dex991.htm,False,
GRC,2026-10-02 00:00:00,https://www.sec.gov/Archives/edgar/data/42682/000119312526411320/0001193125-26-411320-index.htm,8-K,8-K,https://www.sec.gov/Archives/edgar/data/42682/000119312526411320/grc-20261001.htm,False,
GRC,2026-10-02 00:00:00,https://www.sec.gov/Archives/edgar/data/42682/000119312526411320/0001193125-26-411320-index.htm,EX-10.1,EX-10.1,https://www.sec.gov/Archives/edgar/data/42682/000119312526411320/grc-ex10_1.htm,False,
GRC,2026-10-02 00:00:00,https://www.sec.gov/Archives/edgar/data/42682/000119312526411320/0001193125-26-411320-index.htm,EX-10.2,EX-10.2,https://www.sec.gov/Archives/edgar/data/42682/000119312526411320/grc-ex10_2.htm,False,
TMQ,2026-10-02 00:00:00,https://www.sec.gov/Archives/edgar/data/1543418/000127956926000946/0001279569-26-000946-index.htm,8-K,,https://www.sec.gov/Archives/edgar/data/1543418/000127956926000946/form8k.htm,False,
TMQ,2026-10-02 00:00:00,https://www.sec.gov/Archives/edgar/data/1543418/000127956926000946/0001279569-26-000946-index.htm,EX-99.1,"NEWS RELEASE DATED OCTOBER 2, 2026",https://www.sec.gov/Archives/edgar/data/1543418/000127956926000946/ex991.htm,False,
TMQ,2026-10-02 00:00:00,https://www.sec.gov/Archives/edgar/data/1543418/000127956926000946/0001279569-26-000946-index.htm,EX-99.1,PRINTER FRIENDLY VERSION,https://www.sec.gov/Archives/edgar/data/1543418/000127956926000946/ex991.pdf,False,
INAQ-UN,2026-10-02 00:00:00,https://www.sec.gov/Archives/edgar/data/1862463/000149315226045442/0001493152-26-045442-index.htm,8-K,8-K,https://www.sec.gov/Archives/edgar/data/1862463/000149315226045442/form8-k.htm,False,
INAQU,2026-10-02 00:00:00,https://www.sec.gov/Archives/edgar/data/1862463/000149315226045442/0001493152-26-045442-index.htm,8-K,8-K,https://www.sec.gov/Archives/edgar/data/1862463/000149315226045442/form8-k.htm,False,
AMODW,2026-10-02 00:00:00,https://www.sec.gov/Archives/edgar/data/1862463/000149315226045442/0001493152-26-045442-index.htm,8-K,8-K,https://www.sec.gov/Archives/edgar/data/1862463/000149315226045442/form8-k.htm,False,
AMOD,2026-10-02 00:00:00,https://www.sec.gov/Archives/edgar/data/1862463/000149315226045442/0001493152-26-045442-index.htm,8-K,8-K,https://www.sec.gov/Archives/edgar/data/1862463/000149315226045442/form8-k.htm,False,
INAQ-WT,2026-10-02 00:00:00,https://www.sec.gov/Archives/edgar/data/1862463/000149315226045442/0001493152-26-045442-index.htm,8-K,8-K,https://www.sec.gov/Archives/edgar/data/1862463/000149315226045442/form8-k.htm,False,
INAQ,2026-10-02 00:00:00,https://www.sec.gov/Archives/edgar/data/1862463/000149315226045442/0001493152-26-045442-index.htm,8-K,8-K,https://www.sec.gov/Archives/edgar/data/1862463/000149315226045442/form8-k.htm,False,
FCX,2026-10-02 00:00:00,https://www.sec.gov/Archives/edgar/data/831259/000083125926000043/0000831259-26-000043-index.htm,8-K,8-K,https://www.sec.gov/Archives/edgar/data/831259/000083125926000043/fcx-20261002.htm,False,
FCX,2026-10-02 00:00:00,https://www.sec.gov/Archives/edgar/data/831259/000083125926000043/0000831259-26-000043-index.htm,EX-99.1,EX-99.1,https://www.sec.gov/Archives/edgar/data/831259/000083125926000043/fcx_261002.htm,False,
SCND,2026-10-02 00:00:00,https://www.sec.gov/Archives/edgar/data/87802/000165495426008763/0001654954-26-008763-index.htm,8-K,FORM 8-K,https://www.sec.gov/Archives/edgar/data/87802/000165495426008763/scnd_8k.htm,True,
SCND,2026-10-02 00:00:00,https://www.sec.gov/Archives/edgar/data/87802/000165495426008763/0001654954-26-008763-index.htm,EX-10.1,EMPLOYMENT AGREEMENT,https://www.sec.gov/Archives/edgar/data/87802/000165495426008763/scnd_ex101.htm,False,
SCND,2026-10-02 00:00:00,https://www.sec.gov/Archives/edgar/data/87802/000165495426008763/0001654954-26-008763-index.htm,EX-10.2,AMENDMENT,https://www.sec.gov/Archives/edgar/data/87802/000165495426008763/scnd_ex102.htm,False,
None,2026-10-02 00:00:00,https://www.sec.gov/Archives/edgar/data/1812554/000119312526411315/0001193125-26-411315-index.htm,8-K,8-K,https://www.sec.gov/Archives/edgar/data/1812554/000119312526411315/d136475d8k.htm,False,
None,2026-10-02 00:00:00,https://www.sec.gov/Archives/edgar/data/1812554/000119312526411315/0001193125-26-411315-index.htm,EX-99.1,EX-99.1,https://www.sec.gov/Archives/edgar/data/1812554/000119312526411315/d136475dex991.htm,False,
None,2026-10-02 00:00:00,https://www.sec.gov/Archives/edgar/data/1869453/000119312526411314/0001193125-26-411314-index.htm,8-K,8-K,https://www.sec.gov/Archives/edgar/data/1869453/000119312526411314/d135805d8k.htm,False,
None,2026-10-02 00:00:00,https://www.sec.gov/Archives/edgar/data/1869453/000119312526411314/0001193125-26-411314-index.htm,EX-99.1,EX-99.1,https://www.sec.gov/Archives/edgar/data/1869453/000119312526411314/d135805dex991.htm,False,
RIVN,2026-10-02 00:00:00,https://www.sec.gov/Archives/edgar/data/1874178/000187417826000057/0001874178-26-000057-index.htm,8-K,8-K,https://www.sec.gov/Archives/edgar/data/1874178/000187417826000057/rivn-20261002.htm,False,
RIVN,2026-10-02 00:00:00,https://www.sec.gov/Archives/edgar/data/1874178/000187417826000057/0001874178-26-000057-index.htm,EX-99.1,EX-99.1,https://www.sec.gov/Archives/edgar/data/1874178/000187417826000057/ex-9913q26deliveryproducti.htm,False,
IART,2026-10-02 00:00:00,https://www.sec.gov/Archives/edgar/data/917520/000091752026000067/0000917520-26-000067-index.htm,8-K,8-K,https://www.sec.gov/Archives/edgar/data/917520/000091752026000067/iart-20261002.htm,False,
IART,2026-10-02 00:00:00,https://www.sec.gov/Archives/edgar/data/917520/000091752026000067/0000917520-26-000067-index.htm,EX-99.1,EX-99.1,https://www.sec.gov/Archives/edgar/data/917520/000091752026000067/ex991_q3pressreleasepreann.htm,False,
IPSC,2026-10-02 00:00:00,https://www.sec.gov/Archives/edgar/data/1850119/000110465926113055/0001104659-26-113055-index.htm,8-K,FORM 8-K,https://www.sec.gov/Archives/edgar/data/1850119/000110465926113055/tm2626840d1_8k.htm,False,
IPSC,2026-10-02 00:00:00,https://www.sec.gov/Archives/edgar/data/1850119/000110465926113055/0001104659-26-113055-index.htm,EX-99.1,EXHIBIT 99.1,https://www.sec.gov/Archives/edgar/data/1850119/000110465926113055/tm2626840d1_ex99-1.htm,False,
SRZNW,2026-10-02 00:00:00,https://www.sec.gov/Archives/edgar/data/1824893/000119312526411298/0001193125-26-411298-index.htm,8-K,8-K,https://www.sec.gov/Archives/edgar/data/1824893/000119312526411298/srzn-20261002.htm,False,
SRZN,2026-10-02 00:00:00,https://www.sec.gov/Archives/edgar/data/1824893/000119312526411298/0001193125-26-411298-index.htm,8-K,8-K,https://www.sec.gov/Archives/edgar/data/1824893/000119312526411298/srzn-20261002.htm,False,
CHFW-UN,2026-10-02 00:00:00,https://www.sec.gov/Archives/edgar/data/1824893/000119312526411298/0001193125-26-411298-index.htm,8-K,8-K,https://www.sec.gov/Archives/edgar/data/1824893/000119312526411298/srzn-20261002.htm,False,
EYEN,2026-10-02 00:00:00,https://www.sec.gov/Archives/edgar/data/1682639/000110465926113050/0001104659-26-113050-index.htm,8-K,FORM 8-K,https://www.sec.gov/Archives/edgar/data/1682639/000110465926113050/tm2626852d1_8k.htm,True,
EYEN,2026-10-02 00:00:00,https://www.sec.gov/Archives/edgar/data/1682639/000110465926113050/0001104659-26-113050-index.htm,EX-99.1,EXHIBIT 99.1,https://www.sec.gov/Archives/edgar/data/1682639/000110465926113050/tm2626852d1_ex99-1.htm,True,
CELC,2026-10-02 00:00:00,https://www.sec.gov/Archives/edgar/data/1603454/000119312526411297/0001193125-26-411297-index.htm,8-K,8-K,https://www.sec.gov/Archives/edgar/data/1603454/000119312526411297/celc-20261001.htm,False,
CELC,2026-10-02 00:00:00,https://www.sec.gov/Archives/edgar/data/1603454/000119312526411297/0001193125-26-411297-index.htm,EX-99.1,EX-99.1,https://www.sec.gov/Archives/edgar/data/1603454/000119312526411297/celc-ex99_1.htm,False,
BALY,2026-10-02 00:00:00,https://www.sec.gov/Archives/edgar/data/1747079/000174707926000092/0001747079-26-000092-index.htm,8-K,8-K,https://www.sec.gov/Archives/edgar/data/1747079/000174707926000092/baly-20261001.htm,True,
BALY,2026-10-02 00:00:00,https://www.sec.gov/Archives/edgar/data/1747079/000174707926000092/0001747079-26-000092-index.htm,EX-99.1,EX-99.1,https://www.sec.gov/Archives/edgar/data/1747079/000174707926000092/ex991-bronxprojectfundingp.htm,True,
TBCVU,2026-10-02 00:00:00,https://www.sec.gov/Archives/edgar/data/2140030/000121390026106099/0001213900-26-106099-index.htm,8-K,CURRENT REPORT,https://www.sec.gov/Archives/edgar/data/2140030/000121390026106099/ea0307471-8k_thunder5.htm,False,
TBCVU,2026-10-02 00:00:00,https://www.sec.gov/Archives/edgar/data/2140030/000121390026106099/0001213900-26-106099-index.htm,EX-99.1,"PRESS RELEASE, DATED OCTOBER 2, 2026",https://www.sec.gov/Archives/edgar/data/2140030/000121390026106099/ea030747101ex99-1.htm,False,
TBCV,2026-10-02 00:00:00,https://www.sec.gov/Archives/edgar/data/2140030/000121390026106099/0001213900-26-106099-index.htm,8-K,CURRENT REPORT,https://www.sec.gov/Archives/edgar/data/2140030/000121390026106099/ea0307471-8k_thunder5.htm,False,
TBCV,2026-10-02 00:00:00,https://www.sec.gov/Archives/edgar/data/2140030/000121390026106099/0001213900-26-106099-index.htm,EX-99.1,"PRESS RELEASE, DATED OCTOBER 2, 2026",https://www.sec.gov/Archives/edgar/data/2140030/000121390026106099/ea030747101ex99-1.htm,False,
CNSP,2026-10-02 00:00:00,https://www.sec.gov/Archives/edgar/data/1729427/000168316826007552/0001683168-26-007552-index.htm,8-K,FORM 8-K,https://www.sec.gov/Archives/edgar/data/1729427/000168316826007552/cns_8k.htm,False,
CNSP,2026-10-02 00:00:00,https://www.sec.gov/Archives/edgar/data/1729427/000168316826007552/0001683168-26-007552-index.htm,EX-10.1,"CNS PHARMACEUTICALS, INC. 2020 EQUITY PLAN",https://www.sec.gov/Archives/edgar/data/1729427/000168316826007552/cns_ex1001.htm,False,
SATS,2026-10-02 00:00:00,https://www.sec.gov/Archives/edgar/data/1415404/000141540426000048/0001415404-26-000048-index.htm,8-K,8-K,https://www.sec.gov/Archives/edgar/data/1415404/000141540426000048/sats-20261001x8k.htm,True,
ECHO,2026-10-02 00:00:00,https://www.sec.gov/Archives/edgar/data/1415404/000141540426000048/0001415404-26-000048-index.htm,8-K,8-K,https://www.sec.gov/Archives/edgar/data/1415404/000141540426000048/sats-20261001x8k.htm,True,
COLA,2026-10-02 00:00:00,https://www.sec.gov/Archives/edgar/data/2028201/000121390026106089/0001213900-26-106089-index.htm,8-K,CURRENT REPORT,https://www.sec.gov/Archives/edgar/data/2028201/000121390026106089/ea0307500-8k425_columbus.htm,False,
COLA,2026-10-02 00:00:00,https://www.sec.gov/Archives/edgar/data/2028201/000121390026106089/0001213900-26-106089-index.htm,EX-99.1,"PRESS RELEASE DATED OCTOBER 1, 2026",https://www.sec.gov/Archives/edgar/data/2028201/000121390026106089/ea030750001ex99-1.htm,False,
COLAU,2026-10-02 00:00:00,https://www.sec.gov/Archives/edgar/data/2028201/000121390026106089/0001213900-26-106089-index.htm,8-K,CURRENT REPORT,https://www.sec.gov/Archives/edgar/data/2028201/000121390026106089/ea0307500-8k425_columbus.htm,False,
COLAU,2026-10-02 00:00:00,https://www.sec.gov/Archives/edgar/data/2028201/000121390026106089/0001213900-26-106089-index.htm,EX-99.1,"PRESS RELEASE DATED OCTOBER 1, 2026",https://www.sec.gov/Archives/edgar/data/2028201/000121390026106089/ea030750001ex99-1.htm,False,
COLAR,2026-10-02 00:00:00,https://www.sec.gov/Archives/edgar/data/2028201/000121390026106089/0001213900-26-106089-index.htm,8-K,CURRENT REPORT,https://www.sec.gov/Archives/edgar/data/2028201/000121390026106089/ea0307500-8k425_columbus.htm,False,
COLAR,2026-10-02 00:00:00,https://www.sec.gov/Archives/edgar/data/2028201/000121390026106089/0001213900-26-106089-index.htm,EX-99.1,"PRESS RELEASE DATED OCTOBER 1, 2026",https://www.sec.gov/Archives/edgar/data/2028201/000121390026106089/ea030750001ex99-1.htm,False,
APDN,2026-10-02 00:00:00,https://www.sec.gov/Archives/edgar/data/744452/000110465926113043/0001104659-26-113043-index.htm,8-K,FORM 8-K,https://www.sec.gov/Archives/edgar/data/744452/000110465926113043/tm2626879d2_8k.htm,False,
APDN,2026-10-02 00:00:00,https://www.sec.gov/Archives/edgar/data/744452/000110465926113043/0001104659-26-113043-index.htm,EX-99.1,EXHIBIT 99.1,https://www.sec.gov/Archives/edgar/data/744452/000110465926113043/tm2626879d2_ex99-1.htm,False,
CRTX,2026-10-02 00:00:00,https://www.sec.gov/Archives/edgar/data/1662774/000119312526411260/0001193125-26-411260-index.htm,8-K,8-K,https://www.sec.gov/Archives/edgar/data/1662774/000119312526411260/d171747d8k.htm,False,
QNCX,2026-10-02 00:00:00,https://www.sec.gov/Archives/edgar/data/1662774/000119312526411260/0001193125-26-411260-index.htm,8-K,8-K,https://www.sec.gov/Archives/edgar/data/1662774/000119312526411260/d171747d8k.htm,False,
CYTX,2026-10-02 00:00:00,https://www.sec.gov/Archives/edgar/data/1095981/000119312526411259/0001193125-26-411259-index.htm,8-K,8-K,https://www.sec.gov/Archives/edgar/data/1095981/000119312526411259/cnsy-20261002.htm,False,
CYTX,2026-10-02 00:00:00,https://www.sec.gov/Archives/edgar/data/1095981/000119312526411259/0001193125-26-411259-index.htm,EX-99.1,EX-99.1,https://www.sec.gov/Archives/edgar/data/1095981/000119312526411259/cnsy-ex99_1.htm,False,
PSTV,2026-10-02 00:00:00,https://www.sec.gov/Archives/edgar/data/1095981/000119312526411259/0001193125-26-411259-index.htm,8-K,8-K,https://www.sec.gov/Archives/edgar/data/1095981/000119312526411259/cnsy-20261002.htm,False,
PSTV,2026-10-02 00:00:00,https://www.sec.gov/Archives/edgar/data/1095981/000119312526411259/0001193125-26-411259-index.htm,EX-99.1,EX-99.1,https://www.sec.gov/Archives/edgar/data/1095981/000119312526411259/cnsy-ex99_1.htm,False,
COLA,2026-10-02 00:00:00,https://www.sec.gov/Archives/edgar/data/2028201/000121390026106080/0001213900-26-106080-index.htm,8-K,CURRENT REPORT,https://www.sec.gov/Archives/edgar/data/2028201/000121390026106080/ea0307412-8k425_columbus.htm,True,
COLA,2026-10-02 00:00:00,https://www.sec.gov/Archives/edgar/data/2028201/000121390026106080/0001213900-26-106080-index.htm,EX-10.1,"TARGET EXTENSION PROMISSORY NOTE DATED SEPTEMBER 22, 2026, ISSUED BY THE COMPANY",https://www.sec.gov/Archives/edgar/data/2028201/000121390026106080/ea030741201ex10-1.htm,False,
COLA,2026-10-02 00:00:00,https://www.sec.gov/Archives/edgar/data/2028201/000121390026106080/0001213900-26-106080-index.htm,EX-10.2,"SPONSOR EXTENSION PROMISSORY NOTE DATED AUGUST 30, 2026, ISSUED BY THE COMPANY T",https://www.sec.gov/Archives/edgar/data/2028201/000121390026106080/ea030741201ex10-2.htm,False,
COLAU,2026-10-02 00:00:00,https://www.sec.gov/Archives/edgar/data/2028201/000121390026106080/0001213900-26-106080-index.htm,8-K,CURRENT REPORT,https://www.sec.gov/Archives/edgar/data/2028201/000121390026106080/ea0307412-8k425_columbus.htm,True,
COLAU,2026-10-02 00:00:00,https://www.sec.gov/Archives/edgar/data/2028201/000121390026106080/0001213900-26-106080-index.htm,EX-10.1,"TARGET EXTENSION PROMISSORY NOTE DATED SEPTEMBER 22, 2026, ISSUED BY THE COMPANY",https://www.sec.gov/Archives/edgar/data/2028201/000121390026106080/ea030741201ex10-1.htm,False,
COLAU,2026-10-02 00:00:00,https://www.sec.gov/Archives/edgar/data/2028201/000121390026106080/0001213900-26-106080-index.htm,EX-10.2,"SPONSOR EXTENSION PROMISSORY NOTE DATED AUGUST 30, 2026, ISSUED BY THE COMPANY T",https://www.sec.gov/Archives/edgar/data/2028201/000121390026106080/ea030741201ex10-2.htm,False,
COLAR,2026-10-02 00:00:00,https://www.sec.gov/Archives/edgar/data/2028201/000121390026106080/0001213900-26-106080-index.htm,8-K,CURRENT REPORT,https://www.sec.gov/Archives/edgar/data/2028201/000121390026106080/ea0307412-8k425_columbus.htm,True,
COLAR,2026-10-02 00:00:00,https://www.sec.gov/Archives/edgar/data/2028201/000121390026106080/0001213900-26-106080-index.htm,EX-10.1,"TARGET EXTENSION PROMISSORY NOTE DATED SEPTEMBER 22, 2026, ISSUED BY THE COMPANY",https://www.sec.gov/Archives/edgar/data/2028201/000121390026106080/ea030741201ex10-1.htm,False,
COLAR,2026-10-02 00:00:00,https://www.sec.gov/Archives/edgar/data/2028201/000121390026106080/0001213900-26-106080-index.htm,EX-10.2,"SPONSOR EXTENSION PROMISSORY NOTE DATED AUGUST 30, 2026, ISSUED BY THE COMPANY T",https://www.sec.gov/Archives/edgar/data/2028201/000121390026106080/ea030741201ex10-2.htm,False,
UAMY,2026-10-02 00:00:00,https://www.sec.gov/Archives/edgar/data/101538/000110465926113036/0001104659-26-113036-index.htm,8-K,FORM 8-K,https://www.sec.gov/Archives/edgar/data/101538/000110465926113036/tm2626607d1_8k.htm,False,
UAMY,2026-10-02 00:00:00,https://www.sec.gov/Archives/edgar/data/101538/000110465926113036/0001104659-26-113036-index.htm,EX-10.1,EXHIBIT 10.1,https://www.sec.gov/Archives/edgar/data/101538/000110465926113036/tm2626607d1_ex10-1.htm,False,
ADC-PA,2026-10-02 00:00:00,https://www.sec.gov/Archives/edgar/data/917251/000091725126000066/0000917251-26-000066-index.htm,8-K,8-K,https://www.sec.gov/Archives/edgar/data/917251/000091725126000066/adc-20261002.htm,False,
ADC,2026-10-02 00:00:00,https://www.sec.gov/Archives/edgar/data/917251/000091725126000066/0000917251-26-000066-index.htm,8-K,8-K,https://www.sec.gov/Archives/edgar/data/917251/000091725126000066/adc-20261002.htm,False,
UAMY,2026-10-02 00:00:00,https://www.sec.gov/Archives/edgar/data/101538/000110465926113034/0001104659-26-113034-index.htm,8-K,FORM 8-K,https://www.sec.gov/Archives/edgar/data/101538/000110465926113034/tm2626607d2_8k.htm,False,
ALTG-PA,2026-10-02 00:00:00,https://www.sec.gov/Archives/edgar/data/1759824/000119312526411243/0001193125-26-411243-index.htm,8-K,8-K,https://www.sec.gov/Archives/edgar/data/1759824/000119312526411243/altg-20261002.htm,False,
ALTG-PA,2026-10-02 00:00:00,https://www.sec.gov/Archives/edgar/data/1759824/000119312526411243/0001193125-26-411243-index.htm,EX-99.1,EX-99.1,https://www.sec.gov/Archives/edgar/data/1759824/000119312526411243/altg-ex99_1.htm,False,
ALTG,2026-10-02 00:00:00,https://www.sec.gov/Archives/edgar/data/1759824/000119312526411243/0001193125-26-411243-index.htm,8-K,8-K,https://www.sec.gov/Archives/edgar/data/1759824/000119312526411243/altg-20261002.htm,False,
ALTG,2026-10-02 00:00:00,https://www.sec.gov/Archives/edgar/data/1759824/000119312526411243/0001193125-26-411243-index.htm,EX-99.1,EX-99.1,https://www.sec.gov/Archives/edgar/data/1759824/000119312526411243/altg-ex99_1.htm,False,
BRPM,2026-10-02 00:00:00,https://www.sec.gov/Archives/edgar/data/1759824/000119312526411243/0001193125-26-411243-index.htm,8-K,8-K,https://www.sec.gov/Archives/edgar/data/1759824/000119312526411243/altg-20261002.htm,False,
BRPM,2026-10-02 00:00:00,https://www.sec.gov/Archives/edgar/data/1759824/000119312526411243/0001193125-26-411243-index.htm,EX-99.1,EX-99.1,https://www.sec.gov/Archives/edgar/data/1759824/000119312526411243/altg-ex99_1.htm,False,
ACCO,2026-10-02 00:00:00,https://www.sec.gov/Archives/edgar/data/712034/000119312526411235/0001193125-26-411235-index.htm,8-K,8-K,https://www.sec.gov/Archives/edgar/data/712034/000119312526411235/acco-20261002.htm,False,
ACCO,2026-10-02 00:00:00,https://www.sec.gov/Archives/edgar/data/712034/000119312526411235/0001193125-26-411235-index.htm,EX-99.1,EX-99.1,https://www.sec.gov/Archives/edgar/data/712034/000119312526411235/acco-ex99_1.htm,False,
NTST,2026-10-02 00:00:00,https://www.sec.gov/Archives/edgar/data/1798100/000110465926113030/0001104659-26-113030-index.htm,8-K,FORM 8-K,https://www.sec.gov/Archives/edgar/data/1798100/000110465926113030/tm2626815d1_8k.htm,True,
NTST,2026-10-02 00:00:00,https://www.sec.gov/Archives/edgar/data/1798100/000110465926113030/0001104659-26-113030-index.htm,EX-10.1,EXHIBIT 10.1,https://www.sec.gov/Archives/edgar/data/1798100/000110465926113030/tm2626815d1_ex10-1.htm,True,
NTST,2026-10-02 00:00:00,https://www.sec.gov/Archives/edgar/data/1798100/000110465926113030/0001104659-26-113030-index.htm,EX-10.2,EXHIBIT 10.2,https://www.sec.gov/Archives/edgar/data/1798100/000110465926113030/tm2626815d1_ex10-2.htm,True,
NVAAF,2026-10-02 00:00:00,https://www.sec.gov/Archives/edgar/data/1852551/000149315226045425/0001493152-26-045425-index.htm,8-K,8-K,https://www.sec.gov/Archives/edgar/data/1852551/000149315226045425/form8-k.htm,False,
NVAAF,2026-10-02 00:00:00,https://www.sec.gov/Archives/edgar/data/1852551/000149315226045425/0001493152-26-045425-index.htm,EX-99.1,EX-99.1,https://www.sec.gov/Archives/edgar/data/1852551/000149315226045425/ex99-1.htm,False,
NVA,2026-10-02 00:00:00,https://www.sec.gov/Archives/edgar/data/1852551/000149315226045425/0001493152-26-045425-index.htm,8-K,8-K,https://www.sec.gov/Archives/edgar/data/1852551/000149315226045425/form8-k.htm,False,
NVA,2026-10-02 00:00:00,https://www.sec.gov/Archives/edgar/data/1852551/000149315226045425/0001493152-26-045425-index.htm,EX-99.1,EX-99.1,https://www.sec.gov/Archives/edgar/data/1852551/000149315226045425/ex99-1.htm,False,
NVAWW,2026-10-02 00:00:00,https://www.sec.gov/Archives/edgar/data/1852551/000149315226045425/0001493152-26-045425-index.htm,8-K,8-K,https://www.sec.gov/Archives/edgar/data/1852551/000149315226045425/form8-k.htm,False,
NVAWW,2026-10-02 00:00:00,https://www.sec.gov/Archives/edgar/data/1852551/000149315226045425/0001493152-26-045425-index.htm,EX-99.1,EX-99.1,https://www.sec.gov/Archives/edgar/data/1852551/000149315226045425/ex99-1.htm,False,
SRG,2026-10-02 00:00:00,https://www.sec.gov/Archives/edgar/data/1628063/000119312526411217/0001193125-26-411217-index.htm,8-K,8-K,https://www.sec.gov/Archives/edgar/data/1628063/000119312526411217/d171537d8k.htm,False,
SRG-PA,2026-10-02 00:00:00,https://www.sec.gov/Archives/edgar/data/1628063/000119312526411217/0001193125-26-411217-index.htm,8-K,8-K,https://www.sec.gov/Archives/edgar/data/1628063/000119312526411217/d171537d8k.htm,False,
ASPI,2026-10-02 00:00:00,https://www.sec.gov/Archives/edgar/data/1921865/000147793226005971/0001477932-26-005971-index.htm,8-K,FORM 8-K,https://www.sec.gov/Archives/edgar/data/1921865/000147793226005971/aspi_8k.htm,False,
CTRE,2026-10-02 00:00:00,https://www.sec.gov/Archives/edgar/data/1590717/000162828026064352/0001628280-26-064352-index.htm,8-K,8-K,https://www.sec.gov/Archives/edgar/data/1590717/000162828026064352/ctre-20260930.htm,False,
CTRE,2026-10-02 00:00:00,https://www.sec.gov/Archives/edgar/data/1590717/000162828026064352/0001628280-26-064352-index.htm,EX-99.1,EX-99.1,https://www.sec.gov/Archives/edgar/data/1590717/000162828026064352/ex991pr-lnt.htm,True,
FLOC,2026-10-02 00:00:00,https://www.sec.gov/Archives/edgar/data/2035149/000119312526411196/0001193125-26-411196-index.htm,8-K,8-K,https://www.sec.gov/Archives/edgar/data/2035149/000119312526411196/floc-20261002.htm,True,
FLOC,2026-10-02 00:00:00,https://www.sec.gov/Archives/edgar/data/2035149/000119312526411196/0001193125-26-411196-index.htm,EX-99.1,EX-99.1,https://www.sec.gov/Archives/edgar/data/2035149/000119312526411196/floc-ex99_1.htm,False,
