symbol,filingDate,filing_detail_url,document_type,document_description,document_url,matched,error
NNBR,2026-09-22 00:00:00,https://www.sec.gov/Archives/edgar/data/918541/000091854126000093/0000918541-26-000093-index.htm,8-K,8-K,https://www.sec.gov/Archives/edgar/data/918541/000091854126000093/nnbr-20260922.htm,False,
NNBR,2026-09-22 00:00:00,https://www.sec.gov/Archives/edgar/data/918541/000091854126000093/0000918541-26-000093-index.htm,EX-99.1,EX-99.1 PRESS RELEASE,https://www.sec.gov/Archives/edgar/data/918541/000091854126000093/nnincraisesfull-year2026.htm,False,
FXACW,2026-09-22 00:00:00,https://www.sec.gov/Archives/edgar/data/2121703/000182912626010318/0001829126-26-010318-index.htm,8-K,8-K,https://www.sec.gov/Archives/edgar/data/2121703/000182912626010318/fortunexacq_8k.htm,True,
FXACW,2026-09-22 00:00:00,https://www.sec.gov/Archives/edgar/data/2121703/000182912626010318/0001829126-26-010318-index.htm,EX-10.1,EXHIBIT 10.1,https://www.sec.gov/Archives/edgar/data/2121703/000182912626010318/fortunexacq_ex10-1.htm,False,
FXACW,2026-09-22 00:00:00,https://www.sec.gov/Archives/edgar/data/2121703/000182912626010318/0001829126-26-010318-index.htm,EX-10.2,EXHIBIT 10.2,https://www.sec.gov/Archives/edgar/data/2121703/000182912626010318/fortunexacq_ex10-2.htm,False,
FXACW,2026-09-22 00:00:00,https://www.sec.gov/Archives/edgar/data/2121703/000182912626010318/0001829126-26-010318-index.htm,EX-99.1,EXHIBIT 99.1,https://www.sec.gov/Archives/edgar/data/2121703/000182912626010318/fortunexacq_ex99-1.htm,False,
FXAC,2026-09-22 00:00:00,https://www.sec.gov/Archives/edgar/data/2121703/000182912626010318/0001829126-26-010318-index.htm,8-K,8-K,https://www.sec.gov/Archives/edgar/data/2121703/000182912626010318/fortunexacq_8k.htm,True,
FXAC,2026-09-22 00:00:00,https://www.sec.gov/Archives/edgar/data/2121703/000182912626010318/0001829126-26-010318-index.htm,EX-10.1,EXHIBIT 10.1,https://www.sec.gov/Archives/edgar/data/2121703/000182912626010318/fortunexacq_ex10-1.htm,False,
FXAC,2026-09-22 00:00:00,https://www.sec.gov/Archives/edgar/data/2121703/000182912626010318/0001829126-26-010318-index.htm,EX-10.2,EXHIBIT 10.2,https://www.sec.gov/Archives/edgar/data/2121703/000182912626010318/fortunexacq_ex10-2.htm,False,
FXAC,2026-09-22 00:00:00,https://www.sec.gov/Archives/edgar/data/2121703/000182912626010318/0001829126-26-010318-index.htm,EX-99.1,EXHIBIT 99.1,https://www.sec.gov/Archives/edgar/data/2121703/000182912626010318/fortunexacq_ex99-1.htm,False,
FXACU,2026-09-22 00:00:00,https://www.sec.gov/Archives/edgar/data/2121703/000182912626010318/0001829126-26-010318-index.htm,8-K,8-K,https://www.sec.gov/Archives/edgar/data/2121703/000182912626010318/fortunexacq_8k.htm,True,
FXACU,2026-09-22 00:00:00,https://www.sec.gov/Archives/edgar/data/2121703/000182912626010318/0001829126-26-010318-index.htm,EX-10.1,EXHIBIT 10.1,https://www.sec.gov/Archives/edgar/data/2121703/000182912626010318/fortunexacq_ex10-1.htm,False,
FXACU,2026-09-22 00:00:00,https://www.sec.gov/Archives/edgar/data/2121703/000182912626010318/0001829126-26-010318-index.htm,EX-10.2,EXHIBIT 10.2,https://www.sec.gov/Archives/edgar/data/2121703/000182912626010318/fortunexacq_ex10-2.htm,False,
FXACU,2026-09-22 00:00:00,https://www.sec.gov/Archives/edgar/data/2121703/000182912626010318/0001829126-26-010318-index.htm,EX-99.1,EXHIBIT 99.1,https://www.sec.gov/Archives/edgar/data/2121703/000182912626010318/fortunexacq_ex99-1.htm,False,
BRRWW,2026-09-22 00:00:00,https://www.sec.gov/Archives/edgar/data/2076163/000149315226043753/0001493152-26-043753-index.htm,8-K,8-K,https://www.sec.gov/Archives/edgar/data/2076163/000149315226043753/form8-k.htm,False,
BRRWW,2026-09-22 00:00:00,https://www.sec.gov/Archives/edgar/data/2076163/000149315226043753/0001493152-26-043753-index.htm,EX-99.1,EX-99.1,https://www.sec.gov/Archives/edgar/data/2076163/000149315226043753/ex99-1.htm,False,
BRR,2026-09-22 00:00:00,https://www.sec.gov/Archives/edgar/data/2076163/000149315226043753/0001493152-26-043753-index.htm,8-K,8-K,https://www.sec.gov/Archives/edgar/data/2076163/000149315226043753/form8-k.htm,False,
BRR,2026-09-22 00:00:00,https://www.sec.gov/Archives/edgar/data/2076163/000149315226043753/0001493152-26-043753-index.htm,EX-99.1,EX-99.1,https://www.sec.gov/Archives/edgar/data/2076163/000149315226043753/ex99-1.htm,False,
None,2026-09-22 00:00:00,https://www.sec.gov/Archives/edgar/data/1920145/000119312526398142/0001193125-26-398142-index.htm,8-K,8-K,https://www.sec.gov/Archives/edgar/data/1920145/000119312526398142/d184442d8k.htm,False,
QVCD,2026-09-22 00:00:00,https://www.sec.gov/Archives/edgar/data/1254699/000125469926000026/0001254699-26-000026-index.htm,8-K,8-K,https://www.sec.gov/Archives/edgar/data/1254699/000125469926000026/qvc-20260921.htm,False,
QVCD,2026-09-22 00:00:00,https://www.sec.gov/Archives/edgar/data/1254699/000125469926000026/0001254699-26-000026-index.htm,EX-99.1,EX-99.1,https://www.sec.gov/Archives/edgar/data/1254699/000125469926000026/qvc-augustmorexhibit991.htm,False,
QVCC,2026-09-22 00:00:00,https://www.sec.gov/Archives/edgar/data/1254699/000125469926000026/0001254699-26-000026-index.htm,8-K,8-K,https://www.sec.gov/Archives/edgar/data/1254699/000125469926000026/qvc-20260921.htm,False,
QVCC,2026-09-22 00:00:00,https://www.sec.gov/Archives/edgar/data/1254699/000125469926000026/0001254699-26-000026-index.htm,EX-99.1,EX-99.1,https://www.sec.gov/Archives/edgar/data/1254699/000125469926000026/qvc-augustmorexhibit991.htm,False,
PRKS,2026-09-22 00:00:00,https://www.sec.gov/Archives/edgar/data/1564902/000119312526398139/0001193125-26-398139-index.htm,8-K,8-K,https://www.sec.gov/Archives/edgar/data/1564902/000119312526398139/prks-20260919.htm,False,
SEAS,2026-09-22 00:00:00,https://www.sec.gov/Archives/edgar/data/1564902/000119312526398139/0001193125-26-398139-index.htm,8-K,8-K,https://www.sec.gov/Archives/edgar/data/1564902/000119312526398139/prks-20260919.htm,False,
MTB-PJ,2026-09-22 00:00:00,https://www.sec.gov/Archives/edgar/data/36270/000119312526398138/0001193125-26-398138-index.htm,8-K,8-K,https://www.sec.gov/Archives/edgar/data/36270/000119312526398138/d181022d8k.htm,False,
MTB,2026-09-22 00:00:00,https://www.sec.gov/Archives/edgar/data/36270/000119312526398138/0001193125-26-398138-index.htm,8-K,8-K,https://www.sec.gov/Archives/edgar/data/36270/000119312526398138/d181022d8k.htm,False,
MTB-PH,2026-09-22 00:00:00,https://www.sec.gov/Archives/edgar/data/36270/000119312526398138/0001193125-26-398138-index.htm,8-K,8-K,https://www.sec.gov/Archives/edgar/data/36270/000119312526398138/d181022d8k.htm,False,
QMLS,2026-09-22 00:00:00,https://www.sec.gov/Archives/edgar/data/2084026/000143774926030947/0001437749-26-030947-index.htm,8-K,FORM 8-K,https://www.sec.gov/Archives/edgar/data/2084026/000143774926030947/quma20260911_8k.htm,False,
QMLS,2026-09-22 00:00:00,https://www.sec.gov/Archives/edgar/data/2084026/000143774926030947/0001437749-26-030947-index.htm,EX-99.1,EXHIBIT 99.1,https://www.sec.gov/Archives/edgar/data/2084026/000143774926030947/ex_1018718_source.htm,False,
GBOX,2026-09-22 00:00:00,https://www.sec.gov/Archives/edgar/data/1419275/000118518526004208/0001185185-26-004208-index.htm,8-K,FORM 8-K,https://www.sec.gov/Archives/edgar/data/1419275/000118518526004208/rtb8k092226.htm,True,
GBOX,2026-09-22 00:00:00,https://www.sec.gov/Archives/edgar/data/1419275/000118518526004208/0001185185-26-004208-index.htm,EX-10.1,EXHIBIT 10.1,https://www.sec.gov/Archives/edgar/data/1419275/000118518526004208/rtbex10-1.htm,True,
GBOX,2026-09-22 00:00:00,https://www.sec.gov/Archives/edgar/data/1419275/000118518526004208/0001185185-26-004208-index.htm,EX-10.2,EXHIBIT 10.2,https://www.sec.gov/Archives/edgar/data/1419275/000118518526004208/rtbex10-2.htm,False,
RVYL,2026-09-22 00:00:00,https://www.sec.gov/Archives/edgar/data/1419275/000118518526004208/0001185185-26-004208-index.htm,8-K,FORM 8-K,https://www.sec.gov/Archives/edgar/data/1419275/000118518526004208/rtb8k092226.htm,True,
RVYL,2026-09-22 00:00:00,https://www.sec.gov/Archives/edgar/data/1419275/000118518526004208/0001185185-26-004208-index.htm,EX-10.1,EXHIBIT 10.1,https://www.sec.gov/Archives/edgar/data/1419275/000118518526004208/rtbex10-1.htm,True,
RVYL,2026-09-22 00:00:00,https://www.sec.gov/Archives/edgar/data/1419275/000118518526004208/0001185185-26-004208-index.htm,EX-10.2,EXHIBIT 10.2,https://www.sec.gov/Archives/edgar/data/1419275/000118518526004208/rtbex10-2.htm,False,
PLUN-RI,2026-09-22 00:00:00,https://www.sec.gov/Archives/edgar/data/2065661/000147793226005747/0001477932-26-005747-index.htm,8-K,FORM 8-K,https://www.sec.gov/Archives/edgar/data/2065661/000147793226005747/pltn_8k.htm,True,
PLUN,2026-09-22 00:00:00,https://www.sec.gov/Archives/edgar/data/2065661/000147793226005747/0001477932-26-005747-index.htm,8-K,FORM 8-K,https://www.sec.gov/Archives/edgar/data/2065661/000147793226005747/pltn_8k.htm,True,
PLUN-UN,2026-09-22 00:00:00,https://www.sec.gov/Archives/edgar/data/2065661/000147793226005747/0001477932-26-005747-index.htm,8-K,FORM 8-K,https://www.sec.gov/Archives/edgar/data/2065661/000147793226005747/pltn_8k.htm,True,
HLI,2026-09-22 00:00:00,https://www.sec.gov/Archives/edgar/data/1302215/000119312526398130/0001193125-26-398130-index.htm,8-K,8-K,https://www.sec.gov/Archives/edgar/data/1302215/000119312526398130/d916717d8k.htm,False,
HLI,2026-09-22 00:00:00,https://www.sec.gov/Archives/edgar/data/1302215/000119312526398130/0001193125-26-398130-index.htm,EX-10.1,EX-10.1,https://www.sec.gov/Archives/edgar/data/1302215/000119312526398130/d916717dex101.htm,False,
HLI,2026-09-22 00:00:00,https://www.sec.gov/Archives/edgar/data/1302215/000119312526398130/0001193125-26-398130-index.htm,EX-99.1,EX-99.1,https://www.sec.gov/Archives/edgar/data/1302215/000119312526398130/d916717dex991.htm,False,
SDST,2026-09-22 00:00:00,https://www.sec.gov/Archives/edgar/data/1831979/000149315226043731/0001493152-26-043731-index.htm,8-K,8-K,https://www.sec.gov/Archives/edgar/data/1831979/000149315226043731/form8-k.htm,False,
SDSTW,2026-09-22 00:00:00,https://www.sec.gov/Archives/edgar/data/1831979/000149315226043731/0001493152-26-043731-index.htm,8-K,8-K,https://www.sec.gov/Archives/edgar/data/1831979/000149315226043731/form8-k.htm,False,
HYAC,2026-09-22 00:00:00,https://www.sec.gov/Archives/edgar/data/2111838/000119312526398119/0001193125-26-398119-index.htm,8-K,8-K,https://www.sec.gov/Archives/edgar/data/2111838/000119312526398119/d176853d8k.htm,True,
HYAC,2026-09-22 00:00:00,https://www.sec.gov/Archives/edgar/data/2111838/000119312526398119/0001193125-26-398119-index.htm,EX-10.1,EX-10.1,https://www.sec.gov/Archives/edgar/data/2111838/000119312526398119/d176853dex101.htm,False,
HYAC,2026-09-22 00:00:00,https://www.sec.gov/Archives/edgar/data/2111838/000119312526398119/0001193125-26-398119-index.htm,EX-10.2,EX-10.2,https://www.sec.gov/Archives/edgar/data/2111838/000119312526398119/d176853dex102.htm,False,
HYAC,2026-09-22 00:00:00,https://www.sec.gov/Archives/edgar/data/2111838/000119312526398119/0001193125-26-398119-index.htm,EX-99.1,EX-99.1,https://www.sec.gov/Archives/edgar/data/2111838/000119312526398119/d176853dex991.htm,False,
HYAC-UN,2026-09-22 00:00:00,https://www.sec.gov/Archives/edgar/data/2111838/000119312526398119/0001193125-26-398119-index.htm,8-K,8-K,https://www.sec.gov/Archives/edgar/data/2111838/000119312526398119/d176853d8k.htm,True,
HYAC-UN,2026-09-22 00:00:00,https://www.sec.gov/Archives/edgar/data/2111838/000119312526398119/0001193125-26-398119-index.htm,EX-10.1,EX-10.1,https://www.sec.gov/Archives/edgar/data/2111838/000119312526398119/d176853dex101.htm,False,
HYAC-UN,2026-09-22 00:00:00,https://www.sec.gov/Archives/edgar/data/2111838/000119312526398119/0001193125-26-398119-index.htm,EX-10.2,EX-10.2,https://www.sec.gov/Archives/edgar/data/2111838/000119312526398119/d176853dex102.htm,False,
HYAC-UN,2026-09-22 00:00:00,https://www.sec.gov/Archives/edgar/data/2111838/000119312526398119/0001193125-26-398119-index.htm,EX-99.1,EX-99.1,https://www.sec.gov/Archives/edgar/data/2111838/000119312526398119/d176853dex991.htm,False,
None,2026-09-22 00:00:00,https://www.sec.gov/Archives/edgar/data/2012139/000119312526398118/0001193125-26-398118-index.htm,8-K,8-K,https://www.sec.gov/Archives/edgar/data/2012139/000119312526398118/ck0002012139-20260918.htm,True,
None,2026-09-22 00:00:00,https://www.sec.gov/Archives/edgar/data/2012139/000119312526398118/0001193125-26-398118-index.htm,EX-10.1,EX-10.1,https://www.sec.gov/Archives/edgar/data/2012139/000119312526398118/ck0002012139-ex10_1.htm,True,
PKBK,2026-09-22 00:00:00,https://www.sec.gov/Archives/edgar/data/1315399/000143774926030935/0001437749-26-030935-index.htm,8-K,FORM 8-K,https://www.sec.gov/Archives/edgar/data/1315399/000143774926030935/pkbk20260908_8k.htm,False,
PKBK,2026-09-22 00:00:00,https://www.sec.gov/Archives/edgar/data/1315399/000143774926030935/0001437749-26-030935-index.htm,EX-99.1,EXHIBIT 99.1,https://www.sec.gov/Archives/edgar/data/1315399/000143774926030935/ex_1013838.htm,False,
CABO,2026-09-22 00:00:00,https://www.sec.gov/Archives/edgar/data/1632127/000095015726001036/0000950157-26-001036-index.htm,8-K,CURRENT REPORT,https://www.sec.gov/Archives/edgar/data/1632127/000095015726001036/form8-k.htm,True,
PHGE-WT,2026-09-22 00:00:00,https://www.sec.gov/Archives/edgar/data/1739174/000121390026102245/0001213900-26-102245-index.htm,8-K,CURRENT REPORT,https://www.sec.gov/Archives/edgar/data/1739174/000121390026102245/ea0305719-8k_tessera.htm,True,
PHGE-WT,2026-09-22 00:00:00,https://www.sec.gov/Archives/edgar/data/1739174/000121390026102245/0001213900-26-102245-index.htm,EX-10.1,"AMENDMENT NO. 1 TO SHARE PURCHASE AND OPTION AGREEMENT, DATED SEPTEMBER [ ], 202",https://www.sec.gov/Archives/edgar/data/1739174/000121390026102245/ea030571901ex10-1.htm,False,
PHGE-WT,2026-09-22 00:00:00,https://www.sec.gov/Archives/edgar/data/1739174/000121390026102245/0001213900-26-102245-index.htm,EX-10.2,"TECHNOLOGY LICENSE AGREEMENT, DATED SEPTEMBER 16, 2026, BETWEEN TESSERA DEFENSE",https://www.sec.gov/Archives/edgar/data/1739174/000121390026102245/ea030571901ex10-2.htm,False,
PHGE,2026-09-22 00:00:00,https://www.sec.gov/Archives/edgar/data/1739174/000121390026102245/0001213900-26-102245-index.htm,8-K,CURRENT REPORT,https://www.sec.gov/Archives/edgar/data/1739174/000121390026102245/ea0305719-8k_tessera.htm,True,
PHGE,2026-09-22 00:00:00,https://www.sec.gov/Archives/edgar/data/1739174/000121390026102245/0001213900-26-102245-index.htm,EX-10.1,"AMENDMENT NO. 1 TO SHARE PURCHASE AND OPTION AGREEMENT, DATED SEPTEMBER [ ], 202",https://www.sec.gov/Archives/edgar/data/1739174/000121390026102245/ea030571901ex10-1.htm,False,
PHGE,2026-09-22 00:00:00,https://www.sec.gov/Archives/edgar/data/1739174/000121390026102245/0001213900-26-102245-index.htm,EX-10.2,"TECHNOLOGY LICENSE AGREEMENT, DATED SEPTEMBER 16, 2026, BETWEEN TESSERA DEFENSE",https://www.sec.gov/Archives/edgar/data/1739174/000121390026102245/ea030571901ex10-2.htm,False,
PHGE-UN,2026-09-22 00:00:00,https://www.sec.gov/Archives/edgar/data/1739174/000121390026102245/0001213900-26-102245-index.htm,8-K,CURRENT REPORT,https://www.sec.gov/Archives/edgar/data/1739174/000121390026102245/ea0305719-8k_tessera.htm,True,
PHGE-UN,2026-09-22 00:00:00,https://www.sec.gov/Archives/edgar/data/1739174/000121390026102245/0001213900-26-102245-index.htm,EX-10.1,"AMENDMENT NO. 1 TO SHARE PURCHASE AND OPTION AGREEMENT, DATED SEPTEMBER [ ], 202",https://www.sec.gov/Archives/edgar/data/1739174/000121390026102245/ea030571901ex10-1.htm,False,
PHGE-UN,2026-09-22 00:00:00,https://www.sec.gov/Archives/edgar/data/1739174/000121390026102245/0001213900-26-102245-index.htm,EX-10.2,"TECHNOLOGY LICENSE AGREEMENT, DATED SEPTEMBER 16, 2026, BETWEEN TESSERA DEFENSE",https://www.sec.gov/Archives/edgar/data/1739174/000121390026102245/ea030571901ex10-2.htm,False,
BX,2026-09-22 00:00:00,https://www.sec.gov/Archives/edgar/data/1393818/000119312526398100/0001193125-26-398100-index.htm,8-K,8-K,https://www.sec.gov/Archives/edgar/data/1393818/000119312526398100/d92415d8k.htm,False,
BX,2026-09-22 00:00:00,https://www.sec.gov/Archives/edgar/data/1393818/000119312526398100/0001193125-26-398100-index.htm,EX-99.1,EX-99.1,https://www.sec.gov/Archives/edgar/data/1393818/000119312526398100/d92415dex991.htm,False,
IRTC,2026-09-22 00:00:00,https://www.sec.gov/Archives/edgar/data/1388658/000138865826000080/0001388658-26-000080-index.htm,8-K,8-K,https://www.sec.gov/Archives/edgar/data/1388658/000138865826000080/irtc-20260922.htm,False,
FLAG-WT,2026-09-22 00:00:00,https://www.sec.gov/Archives/edgar/data/1855485/000149315226043724/0001493152-26-043724-index.htm,8-K,8-K,https://www.sec.gov/Archives/edgar/data/1855485/000149315226043724/form8-k.htm,True,
FLAG-WT,2026-09-22 00:00:00,https://www.sec.gov/Archives/edgar/data/1855485/000149315226043724/0001493152-26-043724-index.htm,EX-10.1,EX-10.1,https://www.sec.gov/Archives/edgar/data/1855485/000149315226043724/ex10-1.htm,True,
FLAG-WT,2026-09-22 00:00:00,https://www.sec.gov/Archives/edgar/data/1855485/000149315226043724/0001493152-26-043724-index.htm,EX-99.1,EX-99.1,https://www.sec.gov/Archives/edgar/data/1855485/000149315226043724/ex99-1.htm,False,
FLAG-UN,2026-09-22 00:00:00,https://www.sec.gov/Archives/edgar/data/1855485/000149315226043724/0001493152-26-043724-index.htm,8-K,8-K,https://www.sec.gov/Archives/edgar/data/1855485/000149315226043724/form8-k.htm,True,
FLAG-UN,2026-09-22 00:00:00,https://www.sec.gov/Archives/edgar/data/1855485/000149315226043724/0001493152-26-043724-index.htm,EX-10.1,EX-10.1,https://www.sec.gov/Archives/edgar/data/1855485/000149315226043724/ex10-1.htm,True,
FLAG-UN,2026-09-22 00:00:00,https://www.sec.gov/Archives/edgar/data/1855485/000149315226043724/0001493152-26-043724-index.htm,EX-99.1,EX-99.1,https://www.sec.gov/Archives/edgar/data/1855485/000149315226043724/ex99-1.htm,False,
FLAG,2026-09-22 00:00:00,https://www.sec.gov/Archives/edgar/data/1855485/000149315226043724/0001493152-26-043724-index.htm,8-K,8-K,https://www.sec.gov/Archives/edgar/data/1855485/000149315226043724/form8-k.htm,True,
FLAG,2026-09-22 00:00:00,https://www.sec.gov/Archives/edgar/data/1855485/000149315226043724/0001493152-26-043724-index.htm,EX-10.1,EX-10.1,https://www.sec.gov/Archives/edgar/data/1855485/000149315226043724/ex10-1.htm,True,
FLAG,2026-09-22 00:00:00,https://www.sec.gov/Archives/edgar/data/1855485/000149315226043724/0001493152-26-043724-index.htm,EX-99.1,EX-99.1,https://www.sec.gov/Archives/edgar/data/1855485/000149315226043724/ex99-1.htm,False,
CLDI,2026-09-22 00:00:00,https://www.sec.gov/Archives/edgar/data/1855485/000149315226043724/0001493152-26-043724-index.htm,8-K,8-K,https://www.sec.gov/Archives/edgar/data/1855485/000149315226043724/form8-k.htm,True,
CLDI,2026-09-22 00:00:00,https://www.sec.gov/Archives/edgar/data/1855485/000149315226043724/0001493152-26-043724-index.htm,EX-10.1,EX-10.1,https://www.sec.gov/Archives/edgar/data/1855485/000149315226043724/ex10-1.htm,True,
CLDI,2026-09-22 00:00:00,https://www.sec.gov/Archives/edgar/data/1855485/000149315226043724/0001493152-26-043724-index.htm,EX-99.1,EX-99.1,https://www.sec.gov/Archives/edgar/data/1855485/000149315226043724/ex99-1.htm,False,
ELMT,2026-09-22 00:00:00,https://www.sec.gov/Archives/edgar/data/2101698/000121390026102242/0001213900-26-102242-index.htm,8-K,CURRENT REPORT,https://www.sec.gov/Archives/edgar/data/2101698/000121390026102242/ea0306073-8k_elmet.htm,False,
ELMT,2026-09-22 00:00:00,https://www.sec.gov/Archives/edgar/data/2101698/000121390026102242/0001213900-26-102242-index.htm,EX-99.1,"PRESS RELEASE, DATED SEPTEMBER 22, 2026",https://www.sec.gov/Archives/edgar/data/2101698/000121390026102242/ea030607301ex99-1.htm,False,
DTSQ,2026-09-22 00:00:00,https://www.sec.gov/Archives/edgar/data/2017950/000149315226043723/0001493152-26-043723-index.htm,8-K,8-K,https://www.sec.gov/Archives/edgar/data/2017950/000149315226043723/form8-k.htm,False,
DTSQU,2026-09-22 00:00:00,https://www.sec.gov/Archives/edgar/data/2017950/000149315226043723/0001493152-26-043723-index.htm,8-K,8-K,https://www.sec.gov/Archives/edgar/data/2017950/000149315226043723/form8-k.htm,False,
DTSQR,2026-09-22 00:00:00,https://www.sec.gov/Archives/edgar/data/2017950/000149315226043723/0001493152-26-043723-index.htm,8-K,8-K,https://www.sec.gov/Archives/edgar/data/2017950/000149315226043723/form8-k.htm,False,
WMG,2026-09-22 00:00:00,https://www.sec.gov/Archives/edgar/data/1319161/000119312526398095/0001193125-26-398095-index.htm,8-K,8-K,https://www.sec.gov/Archives/edgar/data/1319161/000119312526398095/d171303d8k.htm,False,
DFCO,2026-09-22 00:00:00,https://www.sec.gov/Archives/edgar/data/725394/000168316826007291/0001683168-26-007291-index.htm,8-K,FORM 8-K,https://www.sec.gov/Archives/edgar/data/725394/000168316826007291/dalrada_8k.htm,False,
TALO,2026-09-22 00:00:00,https://www.sec.gov/Archives/edgar/data/1724965/000119312526398060/0001193125-26-398060-index.htm,8-K,8-K,https://www.sec.gov/Archives/edgar/data/1724965/000119312526398060/talo-20260922.htm,True,
TALO,2026-09-22 00:00:00,https://www.sec.gov/Archives/edgar/data/1724965/000119312526398060/0001193125-26-398060-index.htm,EX-99.1,EX-99.1,https://www.sec.gov/Archives/edgar/data/1724965/000119312526398060/talo-ex99_1.htm,False,
None,2026-09-22 00:00:00,https://www.sec.gov/Archives/edgar/data/1603669/000102024226000084/0001020242-26-000084-index.htm,8-K,,https://www.sec.gov/Archives/edgar/data/1603669/000102024226000084/comm14ccre17_8k.htm,False,
LB,2026-09-22 00:00:00,https://www.sec.gov/Archives/edgar/data/1995807/000119312526398048/0001193125-26-398048-index.htm,8-K,8-K,https://www.sec.gov/Archives/edgar/data/1995807/000119312526398048/d182157d8k.htm,False,
LB,2026-09-22 00:00:00,https://www.sec.gov/Archives/edgar/data/1995807/000119312526398048/0001193125-26-398048-index.htm,EX-99.1,EX-99.1,https://www.sec.gov/Archives/edgar/data/1995807/000119312526398048/d182157dex991.htm,True,
None,2026-09-22 00:00:00,https://www.sec.gov/Archives/edgar/data/2095486/000209548626000021/0002095486-26-000021-index.htm,8-K,8-K,https://www.sec.gov/Archives/edgar/data/2095486/000209548626000021/bxhf-20260922.htm,False,
None,2026-09-22 00:00:00,https://www.sec.gov/Archives/edgar/data/1844964/000092963826003588/0000929638-26-003588-index.htm,8-K,CURRENT REPORT,https://www.sec.gov/Archives/edgar/data/1836995/000092963826003588/a8k.htm,True,
None,2026-09-22 00:00:00,https://www.sec.gov/Archives/edgar/data/1836995/000092963826003588/0000929638-26-003588-index.htm,8-K,CURRENT REPORT,https://www.sec.gov/Archives/edgar/data/1836995/000092963826003588/a8k.htm,True,
NTIC,2026-09-22 00:00:00,https://www.sec.gov/Archives/edgar/data/875582/000117184326006175/0001171843-26-006175-index.htm,8-K,FORM 8-K,https://www.sec.gov/Archives/edgar/data/875582/000117184326006175/f8k_092226.htm,False,
LH,2026-09-22 00:00:00,https://www.sec.gov/Archives/edgar/data/920148/000092014826000205/0000920148-26-000205-index.htm,8-K,8-K,https://www.sec.gov/Archives/edgar/data/920148/000092014826000205/lh-20260922.htm,False,
HALO,2026-09-22 00:00:00,https://www.sec.gov/Archives/edgar/data/1159036/000119312526398015/0001193125-26-398015-index.htm,8-K,8-K,https://www.sec.gov/Archives/edgar/data/1159036/000119312526398015/d148460d8k.htm,True,
HALO,2026-09-22 00:00:00,https://www.sec.gov/Archives/edgar/data/1159036/000119312526398015/0001193125-26-398015-index.htm,EX-10.1,EX-10.1,https://www.sec.gov/Archives/edgar/data/1159036/000119312526398015/d148460dex101.htm,False,
None,2026-09-22 00:00:00,https://www.sec.gov/Archives/edgar/data/1844964/000092963826003587/0000929638-26-003587-index.htm,8-K,CURRENT REPORT,https://www.sec.gov/Archives/edgar/data/1836995/000092963826003587/vzmt2026-3_8k.htm,False,
None,2026-09-22 00:00:00,https://www.sec.gov/Archives/edgar/data/1836995/000092963826003587/0000929638-26-003587-index.htm,8-K,CURRENT REPORT,https://www.sec.gov/Archives/edgar/data/1836995/000092963826003587/vzmt2026-3_8k.htm,False,
HOTH,2026-09-22 00:00:00,https://www.sec.gov/Archives/edgar/data/1711786/000121390026102217/0001213900-26-102217-index.htm,8-K,CURRENT REPORT,https://www.sec.gov/Archives/edgar/data/1711786/000121390026102217/ea0306306-8k_rocket.htm,False,
HOTH,2026-09-22 00:00:00,https://www.sec.gov/Archives/edgar/data/1711786/000121390026102217/0001213900-26-102217-index.htm,EX-99.1,"PRESS RELEASE OF ROCKET ONE INC. DATED SEPTEMBER 22, 2026",https://www.sec.gov/Archives/edgar/data/1711786/000121390026102217/ea030630601ex99-1.htm,False,
RKTO,2026-09-22 00:00:00,https://www.sec.gov/Archives/edgar/data/1711786/000121390026102217/0001213900-26-102217-index.htm,8-K,CURRENT REPORT,https://www.sec.gov/Archives/edgar/data/1711786/000121390026102217/ea0306306-8k_rocket.htm,False,
RKTO,2026-09-22 00:00:00,https://www.sec.gov/Archives/edgar/data/1711786/000121390026102217/0001213900-26-102217-index.htm,EX-99.1,"PRESS RELEASE OF ROCKET ONE INC. DATED SEPTEMBER 22, 2026",https://www.sec.gov/Archives/edgar/data/1711786/000121390026102217/ea030630601ex99-1.htm,False,
None,2026-09-22 00:00:00,https://www.sec.gov/Archives/edgar/data/1837532/000119312526398001/0001193125-26-398001-index.htm,8-K,8-K,https://www.sec.gov/Archives/edgar/data/1837532/000119312526398001/d142892d8k.htm,False,
ACRE,2026-09-22 00:00:00,https://www.sec.gov/Archives/edgar/data/1529377/000162828026063051/0001628280-26-063051-index.htm,8-K,8-K,https://www.sec.gov/Archives/edgar/data/1529377/000162828026063051/acre-20260918.htm,False,
ACRE,2026-09-22 00:00:00,https://www.sec.gov/Archives/edgar/data/1529377/000162828026063051/0001628280-26-063051-index.htm,EX-99.1,EX-99.1,https://www.sec.gov/Archives/edgar/data/1529377/000162828026063051/acreex991dispositionprofor.htm,True,
IPAR,2026-09-22 00:00:00,https://www.sec.gov/Archives/edgar/data/822663/000175392626001849/0001753926-26-001849-index.htm,8-K,8-K,https://www.sec.gov/Archives/edgar/data/822663/000175392626001849/ipar-20260922.htm,False,
IPAR,2026-09-22 00:00:00,https://www.sec.gov/Archives/edgar/data/822663/000175392626001849/0001753926-26-001849-index.htm,EX-99.1,EXHIBIT 99.1,https://www.sec.gov/Archives/edgar/data/822663/000175392626001849/ex991_1.htm,False,
None,2026-09-22 00:00:00,https://www.sec.gov/Archives/edgar/data/1837532/000119312526397997/0001193125-26-397997-index.htm,8-K,8-K,https://www.sec.gov/Archives/edgar/data/1837532/000119312526397997/d146421d8k.htm,False,
NXU,2026-09-22 00:00:00,https://www.sec.gov/Archives/edgar/data/1828536/000182853626000111/0001828536-26-000111-index.htm,8-K,8-K,https://www.sec.gov/Archives/edgar/data/1828536/000182853626000111/nrgv-20260918.htm,True,
NXU,2026-09-22 00:00:00,https://www.sec.gov/Archives/edgar/data/1828536/000182853626000111/0001828536-26-000111-index.htm,EX-10.1,EX-10.1,https://www.sec.gov/Archives/edgar/data/1828536/000182853626000111/exhibit_101xprojectxgoshex.htm,True,
NXU-UN,2026-09-22 00:00:00,https://www.sec.gov/Archives/edgar/data/1828536/000182853626000111/0001828536-26-000111-index.htm,8-K,8-K,https://www.sec.gov/Archives/edgar/data/1828536/000182853626000111/nrgv-20260918.htm,True,
NXU-UN,2026-09-22 00:00:00,https://www.sec.gov/Archives/edgar/data/1828536/000182853626000111/0001828536-26-000111-index.htm,EX-10.1,EX-10.1,https://www.sec.gov/Archives/edgar/data/1828536/000182853626000111/exhibit_101xprojectxgoshex.htm,True,
NRGV-WT,2026-09-22 00:00:00,https://www.sec.gov/Archives/edgar/data/1828536/000182853626000111/0001828536-26-000111-index.htm,8-K,8-K,https://www.sec.gov/Archives/edgar/data/1828536/000182853626000111/nrgv-20260918.htm,True,
NRGV-WT,2026-09-22 00:00:00,https://www.sec.gov/Archives/edgar/data/1828536/000182853626000111/0001828536-26-000111-index.htm,EX-10.1,EX-10.1,https://www.sec.gov/Archives/edgar/data/1828536/000182853626000111/exhibit_101xprojectxgoshex.htm,True,
NRGV,2026-09-22 00:00:00,https://www.sec.gov/Archives/edgar/data/1828536/000182853626000111/0001828536-26-000111-index.htm,8-K,8-K,https://www.sec.gov/Archives/edgar/data/1828536/000182853626000111/nrgv-20260918.htm,True,
NRGV,2026-09-22 00:00:00,https://www.sec.gov/Archives/edgar/data/1828536/000182853626000111/0001828536-26-000111-index.htm,EX-10.1,EX-10.1,https://www.sec.gov/Archives/edgar/data/1828536/000182853626000111/exhibit_101xprojectxgoshex.htm,True,
CABR,2026-09-22 00:00:00,https://www.sec.gov/Archives/edgar/data/2020737/000149315226043717/0001493152-26-043717-index.htm,8-K,8-K,https://www.sec.gov/Archives/edgar/data/2020737/000149315226043717/form8-k.htm,True,
CABR,2026-09-22 00:00:00,https://www.sec.gov/Archives/edgar/data/2020737/000149315226043717/0001493152-26-043717-index.htm,EX-10.1,EX-10.1,https://www.sec.gov/Archives/edgar/data/2020737/000149315226043717/ex10-1.htm,False,
QXL,2026-09-22 00:00:00,https://www.sec.gov/Archives/edgar/data/797542/000149315226043718/0001493152-26-043718-index.htm,8-K,8-K,https://www.sec.gov/Archives/edgar/data/797542/000149315226043718/form8-k.htm,False,
VBIX,2026-09-22 00:00:00,https://www.sec.gov/Archives/edgar/data/797542/000149315226043718/0001493152-26-043718-index.htm,8-K,8-K,https://www.sec.gov/Archives/edgar/data/797542/000149315226043718/form8-k.htm,False,
VBIXD,2026-09-22 00:00:00,https://www.sec.gov/Archives/edgar/data/797542/000149315226043718/0001493152-26-043718-index.htm,8-K,8-K,https://www.sec.gov/Archives/edgar/data/797542/000149315226043718/form8-k.htm,False,
BOWNR,2026-09-22 00:00:00,https://www.sec.gov/Archives/edgar/data/1973056/000149315226043719/0001493152-26-043719-index.htm,8-K,8-K,https://www.sec.gov/Archives/edgar/data/1973056/000149315226043719/form8-k.htm,False,
BOWN,2026-09-22 00:00:00,https://www.sec.gov/Archives/edgar/data/1973056/000149315226043719/0001493152-26-043719-index.htm,8-K,8-K,https://www.sec.gov/Archives/edgar/data/1973056/000149315226043719/form8-k.htm,False,
BOWNU,2026-09-22 00:00:00,https://www.sec.gov/Archives/edgar/data/1973056/000149315226043719/0001493152-26-043719-index.htm,8-K,8-K,https://www.sec.gov/Archives/edgar/data/1973056/000149315226043719/form8-k.htm,False,
ZIOP,2026-09-22 00:00:00,https://www.sec.gov/Archives/edgar/data/1107421/000119312526397996/0001193125-26-397996-index.htm,8-K,8-K,https://www.sec.gov/Archives/edgar/data/1107421/000119312526397996/tcrt-20260918.htm,True,
ZIOP,2026-09-22 00:00:00,https://www.sec.gov/Archives/edgar/data/1107421/000119312526397996/0001193125-26-397996-index.htm,EX-10.1,EX-10.1,https://www.sec.gov/Archives/edgar/data/1107421/000119312526397996/tcrt-ex10_1.htm,True,
ZIOP,2026-09-22 00:00:00,https://www.sec.gov/Archives/edgar/data/1107421/000119312526397996/0001193125-26-397996-index.htm,EX-10.2,EX-10.2,https://www.sec.gov/Archives/edgar/data/1107421/000119312526397996/tcrt-ex10_2.htm,True,
ZIOP,2026-09-22 00:00:00,https://www.sec.gov/Archives/edgar/data/1107421/000119312526397996/0001193125-26-397996-index.htm,EX-99.1,EX-99.1,https://www.sec.gov/Archives/edgar/data/1107421/000119312526397996/tcrt-ex99_1.htm,False,
TCRT,2026-09-22 00:00:00,https://www.sec.gov/Archives/edgar/data/1107421/000119312526397996/0001193125-26-397996-index.htm,8-K,8-K,https://www.sec.gov/Archives/edgar/data/1107421/000119312526397996/tcrt-20260918.htm,True,
TCRT,2026-09-22 00:00:00,https://www.sec.gov/Archives/edgar/data/1107421/000119312526397996/0001193125-26-397996-index.htm,EX-10.1,EX-10.1,https://www.sec.gov/Archives/edgar/data/1107421/000119312526397996/tcrt-ex10_1.htm,True,
TCRT,2026-09-22 00:00:00,https://www.sec.gov/Archives/edgar/data/1107421/000119312526397996/0001193125-26-397996-index.htm,EX-10.2,EX-10.2,https://www.sec.gov/Archives/edgar/data/1107421/000119312526397996/tcrt-ex10_2.htm,True,
TCRT,2026-09-22 00:00:00,https://www.sec.gov/Archives/edgar/data/1107421/000119312526397996/0001193125-26-397996-index.htm,EX-99.1,EX-99.1,https://www.sec.gov/Archives/edgar/data/1107421/000119312526397996/tcrt-ex99_1.htm,False,
BKHA,2026-09-22 00:00:00,https://www.sec.gov/Archives/edgar/data/2000775/000182912626010313/0001829126-26-010313-index.htm,8-K,8-K,https://www.sec.gov/Archives/edgar/data/2000775/000182912626010313/blackhawkacq_8k.htm,False,
BKHAU,2026-09-22 00:00:00,https://www.sec.gov/Archives/edgar/data/2000775/000182912626010313/0001829126-26-010313-index.htm,8-K,8-K,https://www.sec.gov/Archives/edgar/data/2000775/000182912626010313/blackhawkacq_8k.htm,False,
BKHAR,2026-09-22 00:00:00,https://www.sec.gov/Archives/edgar/data/2000775/000182912626010313/0001829126-26-010313-index.htm,8-K,8-K,https://www.sec.gov/Archives/edgar/data/2000775/000182912626010313/blackhawkacq_8k.htm,False,
None,2026-09-22 00:00:00,https://www.sec.gov/Archives/edgar/data/1890107/000119312526397989/0001193125-26-397989-index.htm,8-K,8-K,https://www.sec.gov/Archives/edgar/data/1890107/000119312526397989/ck0001890107-20260921.htm,False,
None,2026-09-22 00:00:00,https://www.sec.gov/Archives/edgar/data/1918712/000162828026063048/0001628280-26-063048-index.htm,8-K,8-K,https://www.sec.gov/Archives/edgar/data/1918712/000162828026063048/asif-20260922.htm,False,
GPI,2026-09-22 00:00:00,https://www.sec.gov/Archives/edgar/data/1031203/000119312526397968/0001193125-26-397968-index.htm,8-K,8-K,https://www.sec.gov/Archives/edgar/data/1031203/000119312526397968/d73767d8k.htm,True,
GPI,2026-09-22 00:00:00,https://www.sec.gov/Archives/edgar/data/1031203/000119312526397968/0001193125-26-397968-index.htm,EX-99.1,EX-99.1,https://www.sec.gov/Archives/edgar/data/1031203/000119312526397968/d73767dex991.htm,True,
VTGN,2026-09-22 00:00:00,https://www.sec.gov/Archives/edgar/data/1411685/000162828026063046/0001628280-26-063046-index.htm,8-K,8-K,https://www.sec.gov/Archives/edgar/data/1411685/000162828026063046/vtgn-20260922.htm,False,
VTGN,2026-09-22 00:00:00,https://www.sec.gov/Archives/edgar/data/1411685/000162828026063046/0001628280-26-063046-index.htm,EX-99.1,EX-99.1,https://www.sec.gov/Archives/edgar/data/1411685/000162828026063046/ex99120260922.htm,False,
MFIN,2026-09-22 00:00:00,https://www.sec.gov/Archives/edgar/data/1000209/000119312526397961/0001193125-26-397961-index.htm,8-K,8-K,https://www.sec.gov/Archives/edgar/data/1000209/000119312526397961/mfin-20260922.htm,False,
MFIN,2026-09-22 00:00:00,https://www.sec.gov/Archives/edgar/data/1000209/000119312526397961/0001193125-26-397961-index.htm,EX-99.1,EX-99.1,https://www.sec.gov/Archives/edgar/data/1000209/000119312526397961/mfin-ex99_1.htm,False,
MBNKP,2026-09-22 00:00:00,https://www.sec.gov/Archives/edgar/data/1000209/000119312526397961/0001193125-26-397961-index.htm,8-K,8-K,https://www.sec.gov/Archives/edgar/data/1000209/000119312526397961/mfin-20260922.htm,False,
MBNKP,2026-09-22 00:00:00,https://www.sec.gov/Archives/edgar/data/1000209/000119312526397961/0001193125-26-397961-index.htm,EX-99.1,EX-99.1,https://www.sec.gov/Archives/edgar/data/1000209/000119312526397961/mfin-ex99_1.htm,False,
BNY,2026-09-22 00:00:00,https://www.sec.gov/Archives/edgar/data/1390777/000139077726000097/0001390777-26-000097-index.htm,8-K,FORM 8-K,https://www.sec.gov/Archives/edgar/data/1390777/000139077726000097/bk-20260922.htm,False,
BK,2026-09-22 00:00:00,https://www.sec.gov/Archives/edgar/data/1390777/000139077726000097/0001390777-26-000097-index.htm,8-K,FORM 8-K,https://www.sec.gov/Archives/edgar/data/1390777/000139077726000097/bk-20260922.htm,False,
WOR,2026-09-22 00:00:00,https://www.sec.gov/Archives/edgar/data/108516/000119312526397953/0001193125-26-397953-index.htm,8-K,8-K,https://www.sec.gov/Archives/edgar/data/108516/000119312526397953/wor-20260922.htm,False,
WOR,2026-09-22 00:00:00,https://www.sec.gov/Archives/edgar/data/108516/000119312526397953/0001193125-26-397953-index.htm,EX-99.1,EX-99.1,https://www.sec.gov/Archives/edgar/data/108516/000119312526397953/wor-ex99_1.htm,True,
LONA,2026-09-22 00:00:00,https://www.sec.gov/Archives/edgar/data/1620463/000119312526397952/0001193125-26-397952-index.htm,8-K,8-K,https://www.sec.gov/Archives/edgar/data/1620463/000119312526397952/lona-20260918.htm,False,
ATHA,2026-09-22 00:00:00,https://www.sec.gov/Archives/edgar/data/1620463/000119312526397952/0001193125-26-397952-index.htm,8-K,8-K,https://www.sec.gov/Archives/edgar/data/1620463/000119312526397952/lona-20260918.htm,False,
ALDF,2026-09-22 00:00:00,https://www.sec.gov/Archives/edgar/data/2031561/000110465926109644/0001104659-26-109644-index.htm,8-K,FORM 8-K,https://www.sec.gov/Archives/edgar/data/2031561/000110465926109644/tm2625917d1_8k.htm,False,
ALDFU,2026-09-22 00:00:00,https://www.sec.gov/Archives/edgar/data/2031561/000110465926109644/0001104659-26-109644-index.htm,8-K,FORM 8-K,https://www.sec.gov/Archives/edgar/data/2031561/000110465926109644/tm2625917d1_8k.htm,False,
ALDFW,2026-09-22 00:00:00,https://www.sec.gov/Archives/edgar/data/2031561/000110465926109644/0001104659-26-109644-index.htm,8-K,FORM 8-K,https://www.sec.gov/Archives/edgar/data/2031561/000110465926109644/tm2625917d1_8k.htm,False,
REBN,2026-09-22 00:00:00,https://www.sec.gov/Archives/edgar/data/1707910/000121390026102200/0001213900-26-102200-index.htm,8-K,CURRENT REPORT,https://www.sec.gov/Archives/edgar/data/1707910/000121390026102200/ea0306128-8k_reborn.htm,False,
CRWV,2026-09-22 00:00:00,https://www.sec.gov/Archives/edgar/data/1769628/000176962826000432/0001769628-26-000432-index.htm,8-K,8-K,https://www.sec.gov/Archives/edgar/data/1769628/000176962826000432/crwv-20260917.htm,True,
CRWV,2026-09-22 00:00:00,https://www.sec.gov/Archives/edgar/data/1769628/000176962826000432/0001769628-26-000432-index.htm,EX-10.1,EX-10.1,https://www.sec.gov/Archives/edgar/data/1769628/000176962826000432/ex101basecappedcall.htm,False,
CRWV,2026-09-22 00:00:00,https://www.sec.gov/Archives/edgar/data/1769628/000176962826000432/0001769628-26-000432-index.htm,EX-10.2,EX-10.2,https://www.sec.gov/Archives/edgar/data/1769628/000176962826000432/ex102additionalcappedcall.htm,False,
CRWV,2026-09-22 00:00:00,https://www.sec.gov/Archives/edgar/data/1769628/000176962826000432/0001769628-26-000432-index.htm,EX-99.1,EX-99.1,https://www.sec.gov/Archives/edgar/data/1769628/000176962826000432/ex991pricing.htm,False,
ASB-PE,2026-09-22 00:00:00,https://www.sec.gov/Archives/edgar/data/7789/000110465926109643/0001104659-26-109643-index.htm,8-K,FORM 8-K,https://www.sec.gov/Archives/edgar/data/7789/000110465926109643/tm2625936d1_8k.htm,False,
ASB-PE,2026-09-22 00:00:00,https://www.sec.gov/Archives/edgar/data/7789/000110465926109643/0001104659-26-109643-index.htm,EX-10.1,EXHIBIT 10.1,https://www.sec.gov/Archives/edgar/data/7789/000110465926109643/tm2625936d1_ex10-1.htm,False,
ASBA,2026-09-22 00:00:00,https://www.sec.gov/Archives/edgar/data/7789/000110465926109643/0001104659-26-109643-index.htm,8-K,FORM 8-K,https://www.sec.gov/Archives/edgar/data/7789/000110465926109643/tm2625936d1_8k.htm,False,
ASBA,2026-09-22 00:00:00,https://www.sec.gov/Archives/edgar/data/7789/000110465926109643/0001104659-26-109643-index.htm,EX-10.1,EXHIBIT 10.1,https://www.sec.gov/Archives/edgar/data/7789/000110465926109643/tm2625936d1_ex10-1.htm,False,
ASB-PF,2026-09-22 00:00:00,https://www.sec.gov/Archives/edgar/data/7789/000110465926109643/0001104659-26-109643-index.htm,8-K,FORM 8-K,https://www.sec.gov/Archives/edgar/data/7789/000110465926109643/tm2625936d1_8k.htm,False,
ASB-PF,2026-09-22 00:00:00,https://www.sec.gov/Archives/edgar/data/7789/000110465926109643/0001104659-26-109643-index.htm,EX-10.1,EXHIBIT 10.1,https://www.sec.gov/Archives/edgar/data/7789/000110465926109643/tm2625936d1_ex10-1.htm,False,
ASB,2026-09-22 00:00:00,https://www.sec.gov/Archives/edgar/data/7789/000110465926109643/0001104659-26-109643-index.htm,8-K,FORM 8-K,https://www.sec.gov/Archives/edgar/data/7789/000110465926109643/tm2625936d1_8k.htm,False,
ASB,2026-09-22 00:00:00,https://www.sec.gov/Archives/edgar/data/7789/000110465926109643/0001104659-26-109643-index.htm,EX-10.1,EXHIBIT 10.1,https://www.sec.gov/Archives/edgar/data/7789/000110465926109643/tm2625936d1_ex10-1.htm,False,
KBH,2026-09-22 00:00:00,https://www.sec.gov/Archives/edgar/data/795266/000079526626000068/0000795266-26-000068-index.htm,8-K,8-K,https://www.sec.gov/Archives/edgar/data/795266/000079526626000068/kbh-20260922.htm,False,
KBH,2026-09-22 00:00:00,https://www.sec.gov/Archives/edgar/data/795266/000079526626000068/0000795266-26-000068-index.htm,EX-99.1,EX-99.1,https://www.sec.gov/Archives/edgar/data/795266/000079526626000068/exh991kbh-earningsrelease0.htm,True,
TTWO,2026-09-22 00:00:00,https://www.sec.gov/Archives/edgar/data/946581/000162828026063032/0001628280-26-063032-index.htm,8-K,8-K,https://www.sec.gov/Archives/edgar/data/946581/000162828026063032/ttwo-20260917.htm,False,
APOP,2026-09-22 00:00:00,https://www.sec.gov/Archives/edgar/data/1671502/000110465926109639/0001104659-26-109639-index.htm,8-K,FORM 8-K,https://www.sec.gov/Archives/edgar/data/1671502/000110465926109639/tm2625948d1_8k.htm,False,
APOP,2026-09-22 00:00:00,https://www.sec.gov/Archives/edgar/data/1671502/000110465926109639/0001104659-26-109639-index.htm,EX-99.1,EXHIBIT 99.1,https://www.sec.gov/Archives/edgar/data/1671502/000110465926109639/tm2625948d1_ex99-1.htm,False,
APOPW,2026-09-22 00:00:00,https://www.sec.gov/Archives/edgar/data/1671502/000110465926109639/0001104659-26-109639-index.htm,8-K,FORM 8-K,https://www.sec.gov/Archives/edgar/data/1671502/000110465926109639/tm2625948d1_8k.htm,False,
APOPW,2026-09-22 00:00:00,https://www.sec.gov/Archives/edgar/data/1671502/000110465926109639/0001104659-26-109639-index.htm,EX-99.1,EXHIBIT 99.1,https://www.sec.gov/Archives/edgar/data/1671502/000110465926109639/tm2625948d1_ex99-1.htm,False,
QNRX,2026-09-22 00:00:00,https://www.sec.gov/Archives/edgar/data/1671502/000110465926109639/0001104659-26-109639-index.htm,8-K,FORM 8-K,https://www.sec.gov/Archives/edgar/data/1671502/000110465926109639/tm2625948d1_8k.htm,False,
QNRX,2026-09-22 00:00:00,https://www.sec.gov/Archives/edgar/data/1671502/000110465926109639/0001104659-26-109639-index.htm,EX-99.1,EXHIBIT 99.1,https://www.sec.gov/Archives/edgar/data/1671502/000110465926109639/tm2625948d1_ex99-1.htm,False,
PSBD,2026-09-22 00:00:00,https://www.sec.gov/Archives/edgar/data/1794776/000119312526397933/0001193125-26-397933-index.htm,8-K,8-K,https://www.sec.gov/Archives/edgar/data/1794776/000119312526397933/psbd-20260922.htm,False,
PSBD,2026-09-22 00:00:00,https://www.sec.gov/Archives/edgar/data/1794776/000119312526397933/0001193125-26-397933-index.htm,EX-99.1,EX-99.1,https://www.sec.gov/Archives/edgar/data/1794776/000119312526397933/psbd-ex99_1.htm,False,
TLSI,2026-09-22 00:00:00,https://www.sec.gov/Archives/edgar/data/1826667/000162828026063031/0001628280-26-063031-index.htm,8-K,8-K,https://www.sec.gov/Archives/edgar/data/1826667/000162828026063031/tlsi-20260922.htm,False,
TLSI,2026-09-22 00:00:00,https://www.sec.gov/Archives/edgar/data/1826667/000162828026063031/0001628280-26-063031-index.htm,EX-99.1,EX-99.1,https://www.sec.gov/Archives/edgar/data/1826667/000162828026063031/tlsipressrelease-trinav_ad.htm,False,
MTACU,2026-09-22 00:00:00,https://www.sec.gov/Archives/edgar/data/1826667/000162828026063031/0001628280-26-063031-index.htm,8-K,8-K,https://www.sec.gov/Archives/edgar/data/1826667/000162828026063031/tlsi-20260922.htm,False,
MTACU,2026-09-22 00:00:00,https://www.sec.gov/Archives/edgar/data/1826667/000162828026063031/0001628280-26-063031-index.htm,EX-99.1,EX-99.1,https://www.sec.gov/Archives/edgar/data/1826667/000162828026063031/tlsipressrelease-trinav_ad.htm,False,
MTACW,2026-09-22 00:00:00,https://www.sec.gov/Archives/edgar/data/1826667/000162828026063031/0001628280-26-063031-index.htm,8-K,8-K,https://www.sec.gov/Archives/edgar/data/1826667/000162828026063031/tlsi-20260922.htm,False,
MTACW,2026-09-22 00:00:00,https://www.sec.gov/Archives/edgar/data/1826667/000162828026063031/0001628280-26-063031-index.htm,EX-99.1,EX-99.1,https://www.sec.gov/Archives/edgar/data/1826667/000162828026063031/tlsipressrelease-trinav_ad.htm,False,
MTAC,2026-09-22 00:00:00,https://www.sec.gov/Archives/edgar/data/1826667/000162828026063031/0001628280-26-063031-index.htm,8-K,8-K,https://www.sec.gov/Archives/edgar/data/1826667/000162828026063031/tlsi-20260922.htm,False,
MTAC,2026-09-22 00:00:00,https://www.sec.gov/Archives/edgar/data/1826667/000162828026063031/0001628280-26-063031-index.htm,EX-99.1,EX-99.1,https://www.sec.gov/Archives/edgar/data/1826667/000162828026063031/tlsipressrelease-trinav_ad.htm,False,
PUMP,2026-09-22 00:00:00,https://www.sec.gov/Archives/edgar/data/1680247/000168024726000112/0001680247-26-000112-index.htm,8-K,8-K,https://www.sec.gov/Archives/edgar/data/1680247/000168024726000112/pump-20260922.htm,False,
PUMP,2026-09-22 00:00:00,https://www.sec.gov/Archives/edgar/data/1680247/000168024726000112/0001680247-26-000112-index.htm,EX-99.1,EX-99.1,https://www.sec.gov/Archives/edgar/data/1680247/000168024726000112/propwrtargaannouncement.htm,False,
None,2026-09-22 00:00:00,https://www.sec.gov/Archives/edgar/data/1325814/000132581426000150/0001325814-26-000150-index.htm,8-K,8-K,https://www.sec.gov/Archives/edgar/data/1325814/000132581426000150/fhlbdm-20260916.htm,False,
None,2026-09-22 00:00:00,https://www.sec.gov/Archives/edgar/data/1325814/000132581426000150/0001325814-26-000150-index.htm,EX-99.1,EX-99.1,https://www.sec.gov/Archives/edgar/data/1325814/000132581426000150/tsy092226ex991.htm,False,
BYND,2026-09-22 00:00:00,https://www.sec.gov/Archives/edgar/data/1655210/000165521026000064/0001655210-26-000064-index.htm,8-K,8-K,https://www.sec.gov/Archives/edgar/data/1655210/000165521026000064/bynd-20260918.htm,False,
DOMO,2026-09-22 00:00:00,https://www.sec.gov/Archives/edgar/data/1505952/000110465926109635/0001104659-26-109635-index.htm,8-K,FORM 8-K,https://www.sec.gov/Archives/edgar/data/1505952/000110465926109635/tm2625825d1_8k.htm,False,
DOMO,2026-09-22 00:00:00,https://www.sec.gov/Archives/edgar/data/1505952/000110465926109635/0001104659-26-109635-index.htm,EX-99.1,EXHIBIT 99.1,https://www.sec.gov/Archives/edgar/data/1505952/000110465926109635/tm2625825d1_ex99-1.htm,False,
SBEV-WT,2026-09-22 00:00:00,https://www.sec.gov/Archives/edgar/data/1553788/000173112226001271/0001731122-26-001271-index.htm,8-K,FORM 8-K,https://www.sec.gov/Archives/edgar/data/1553788/000173112226001271/e7964_8k.htm,False,
SBEV-WT,2026-09-22 00:00:00,https://www.sec.gov/Archives/edgar/data/1553788/000173112226001271/0001731122-26-001271-index.htm,EX-99.1,EXHIBIT 99.1,https://www.sec.gov/Archives/edgar/data/1553788/000173112226001271/e7964_ex99-1.htm,False,
SBEV,2026-09-22 00:00:00,https://www.sec.gov/Archives/edgar/data/1553788/000173112226001271/0001731122-26-001271-index.htm,8-K,FORM 8-K,https://www.sec.gov/Archives/edgar/data/1553788/000173112226001271/e7964_8k.htm,False,
SBEV,2026-09-22 00:00:00,https://www.sec.gov/Archives/edgar/data/1553788/000173112226001271/0001731122-26-001271-index.htm,EX-99.1,EXHIBIT 99.1,https://www.sec.gov/Archives/edgar/data/1553788/000173112226001271/e7964_ex99-1.htm,False,
NIMU,2026-09-22 00:00:00,https://www.sec.gov/Archives/edgar/data/720762/000149315226043712/0001493152-26-043712-index.htm,8-K,8-K,https://www.sec.gov/Archives/edgar/data/720762/000149315226043712/form8-k.htm,False,
HSON,2026-09-22 00:00:00,https://www.sec.gov/Archives/edgar/data/1210708/000121070826000084/0001210708-26-000084-index.htm,8-K,8-K,https://www.sec.gov/Archives/edgar/data/1210708/000121070826000084/strr-20260922.htm,False,
HSON,2026-09-22 00:00:00,https://www.sec.gov/Archives/edgar/data/1210708/000121070826000084/0001210708-26-000084-index.htm,EX-99.1,EX-99.1,https://www.sec.gov/Archives/edgar/data/1210708/000121070826000084/strr-ataglancexsept2026.htm,False,
PRGS,2026-09-22 00:00:00,https://www.sec.gov/Archives/edgar/data/876167/000155278126000497/0001552781-26-000497-index.htm,8-K,,https://www.sec.gov/Archives/edgar/data/876167/000155278126000497/e26389_prgs-8k.htm,True,
PRGS,2026-09-22 00:00:00,https://www.sec.gov/Archives/edgar/data/876167/000155278126000497/0001552781-26-000497-index.htm,EX-99.1,,https://www.sec.gov/Archives/edgar/data/876167/000155278126000497/e26389_ex99-1.htm,True,
GEHCV,2026-09-22 00:00:00,https://www.sec.gov/Archives/edgar/data/1932393/000193239326000053/0001932393-26-000053-index.htm,8-K,8-K,https://www.sec.gov/Archives/edgar/data/1932393/000193239326000053/gehc-20260922.htm,False,
GEHC,2026-09-22 00:00:00,https://www.sec.gov/Archives/edgar/data/1932393/000193239326000053/0001932393-26-000053-index.htm,8-K,8-K,https://www.sec.gov/Archives/edgar/data/1932393/000193239326000053/gehc-20260922.htm,False,
SKYQ,2026-09-22 00:00:00,https://www.sec.gov/Archives/edgar/data/1812447/000109690626001404/0001096906-26-001404-index.htm,8-K,SKY QUARRY INC. - FORM 8-K SEC FILING,https://www.sec.gov/Archives/edgar/data/1812447/000109690626001404/skyq-20260918_8k.htm,False,
THC,2026-09-22 00:00:00,https://www.sec.gov/Archives/edgar/data/70318/000119312526397901/0001193125-26-397901-index.htm,8-K,8-K,https://www.sec.gov/Archives/edgar/data/70318/000119312526397901/d104323d8k.htm,True,
ADC,2026-09-22 00:00:00,https://www.sec.gov/Archives/edgar/data/917251/000162828026063023/0001628280-26-063023-index.htm,8-K,8-K,https://www.sec.gov/Archives/edgar/data/917251/000162828026063023/adc-20260917.htm,True,
ADC-PA,2026-09-22 00:00:00,https://www.sec.gov/Archives/edgar/data/917251/000162828026063023/0001628280-26-063023-index.htm,8-K,8-K,https://www.sec.gov/Archives/edgar/data/917251/000162828026063023/adc-20260917.htm,True,
AYTU,2026-09-22 00:00:00,https://www.sec.gov/Archives/edgar/data/1385818/000143774926030900/0001437749-26-030900-index.htm,8-K,FORM 8-K,https://www.sec.gov/Archives/edgar/data/1385818/000143774926030900/aytu20260502_8k.htm,False,
AYTU,2026-09-22 00:00:00,https://www.sec.gov/Archives/edgar/data/1385818/000143774926030900/0001437749-26-030900-index.htm,EX-99.1,EXHIBIT 99.1,https://www.sec.gov/Archives/edgar/data/1385818/000143774926030900/ex_955176.htm,True,
WYNN,2026-09-22 00:00:00,https://www.sec.gov/Archives/edgar/data/1174922/000117492226000069/0001174922-26-000069-index.htm,8-K,8-K,https://www.sec.gov/Archives/edgar/data/1174922/000117492226000069/wynn-20260922.htm,True,
None,2026-09-22 00:00:00,https://www.sec.gov/Archives/edgar/data/1812554/000119312526397893/0001193125-26-397893-index.htm,8-K,8-K,https://www.sec.gov/Archives/edgar/data/1812554/000119312526397893/d43319d8k.htm,True,
None,2026-09-22 00:00:00,https://www.sec.gov/Archives/edgar/data/1812554/000119312526397893/0001193125-26-397893-index.htm,EX-10.1,EX-10.1,https://www.sec.gov/Archives/edgar/data/1812554/000119312526397893/d43319dex101.htm,True,
None,2026-09-22 00:00:00,https://www.sec.gov/Archives/edgar/data/1812554/000119312526397893/0001193125-26-397893-index.htm,EX-99.1,EX-99.1,https://www.sec.gov/Archives/edgar/data/1812554/000119312526397893/d43319dex991.htm,True,
ECBK,2026-09-22 00:00:00,https://www.sec.gov/Archives/edgar/data/1914605/000143774926030898/0001437749-26-030898-index.htm,8-K,FORM 8-K,https://www.sec.gov/Archives/edgar/data/1914605/000143774926030898/ecbk20260921_8k.htm,False,
HP,2026-09-22 00:00:00,https://www.sec.gov/Archives/edgar/data/46765/000004676526000051/0000046765-26-000051-index.htm,8-K,8-K,https://www.sec.gov/Archives/edgar/data/46765/000004676526000051/hp-20260916.htm,False,
None,2026-09-22 00:00:00,https://www.sec.gov/Archives/edgar/data/48732/000110465926109629/0001104659-26-109629-index.htm,8-K,FORM 8-K,https://www.sec.gov/Archives/edgar/data/48732/000110465926109629/tm2625895d1_8k.htm,True,
WORXD,2026-09-22 00:00:00,https://www.sec.gov/Archives/edgar/data/1674227/000121390026102190/0001213900-26-102190-index.htm,8-K,CURRENT REPORT,https://www.sec.gov/Archives/edgar/data/1674227/000121390026102190/ea0306277-8k_scworx.htm,True,
WORXD,2026-09-22 00:00:00,https://www.sec.gov/Archives/edgar/data/1674227/000121390026102190/0001213900-26-102190-index.htm,EX-10.1,"FORM OF SECURITIES PURCHASE AGREEMENT, DATED AS OF SEPTEMBER 16, 2026, BY AND AM",https://www.sec.gov/Archives/edgar/data/1674227/000121390026102190/ea030627701ex10-1.htm,True,
WORX,2026-09-22 00:00:00,https://www.sec.gov/Archives/edgar/data/1674227/000121390026102190/0001213900-26-102190-index.htm,8-K,CURRENT REPORT,https://www.sec.gov/Archives/edgar/data/1674227/000121390026102190/ea0306277-8k_scworx.htm,True,
WORX,2026-09-22 00:00:00,https://www.sec.gov/Archives/edgar/data/1674227/000121390026102190/0001213900-26-102190-index.htm,EX-10.1,"FORM OF SECURITIES PURCHASE AGREEMENT, DATED AS OF SEPTEMBER 16, 2026, BY AND AM",https://www.sec.gov/Archives/edgar/data/1674227/000121390026102190/ea030627701ex10-1.htm,True,
BMEA,2026-09-22 00:00:00,https://www.sec.gov/Archives/edgar/data/1840439/000119312526397870/0001193125-26-397870-index.htm,8-K,8-K,https://www.sec.gov/Archives/edgar/data/1840439/000119312526397870/bmea-20260922.htm,False,
VOGX,2026-09-22 00:00:00,https://www.sec.gov/Archives/edgar/data/1903784/000118518526004202/0001185185-26-004202-index.htm,8-K,FORM 8-K,https://www.sec.gov/Archives/edgar/data/1903784/000118518526004202/vogenx8k092226.htm,False,
VOGX,2026-09-22 00:00:00,https://www.sec.gov/Archives/edgar/data/1903784/000118518526004202/0001185185-26-004202-index.htm,EX-99.1,EXHIBIT 99.1,https://www.sec.gov/Archives/edgar/data/1903784/000118518526004202/vogenxex99-1.htm,False,
WSBF,2026-09-22 00:00:00,https://www.sec.gov/Archives/edgar/data/1569994/000143774926030895/0001437749-26-030895-index.htm,8-K,FORM 8-K,https://www.sec.gov/Archives/edgar/data/1569994/000143774926030895/wsbf20260914_8k.htm,False,
WSBF,2026-09-22 00:00:00,https://www.sec.gov/Archives/edgar/data/1569994/000143774926030895/0001437749-26-030895-index.htm,EX-99.1,EXHIBIT 99.1,https://www.sec.gov/Archives/edgar/data/1569994/000143774926030895/ex_1015942.htm,False,
HGBL,2026-09-22 00:00:00,https://www.sec.gov/Archives/edgar/data/849145/000119312526397864/0001193125-26-397864-index.htm,8-K,8-K,https://www.sec.gov/Archives/edgar/data/849145/000119312526397864/hgbl-20260921.htm,True,
None,2026-09-22 00:00:00,https://www.sec.gov/Archives/edgar/data/1325814/000162828026063018/0001628280-26-063018-index.htm,8-K,FORM 8-K - EXECUTIVE DEPARTURE,https://www.sec.gov/Archives/edgar/data/1325814/000162828026063018/fhlbdm-20260918.htm,False,
None,2026-09-22 00:00:00,https://www.sec.gov/Archives/edgar/data/1329842/000165495426008518/0001654954-26-008518-index.htm,8-K,FORM 8-K,https://www.sec.gov/Archives/edgar/data/1329842/000165495426008518/fhlbny_8k.htm,False,
None,2026-09-22 00:00:00,https://www.sec.gov/Archives/edgar/data/1329842/000165495426008518/0001654954-26-008518-index.htm,EX-99.1,SCHEDULE A,https://www.sec.gov/Archives/edgar/data/1329842/000165495426008518/fhlbny_ex991.htm,False,
None,2026-09-22 00:00:00,https://www.sec.gov/Archives/edgar/data/2031750/000203175026000077/0002031750-26-000077-index.htm,8-K,8-K,https://www.sec.gov/Archives/edgar/data/2031750/000203175026000077/aci-20260922.htm,False,
None,2026-09-22 00:00:00,https://www.sec.gov/Archives/edgar/data/1946318/000092963826003584/0000929638-26-003584-index.htm,8-K,CURRENT REPORT,https://www.sec.gov/Archives/edgar/data/1654238/000092963826003584/exeter2022-5_a8k.htm,True,
None,2026-09-22 00:00:00,https://www.sec.gov/Archives/edgar/data/1654238/000092963826003584/0000929638-26-003584-index.htm,8-K,CURRENT REPORT,https://www.sec.gov/Archives/edgar/data/1654238/000092963826003584/exeter2022-5_a8k.htm,True,
None,2026-09-22 00:00:00,https://www.sec.gov/Archives/edgar/data/1938750/000092963826003583/0000929638-26-003583-index.htm,8-K,CURRENT REPORT,https://www.sec.gov/Archives/edgar/data/1654238/000092963826003583/exeter2022-4_a8k.htm,True,
None,2026-09-22 00:00:00,https://www.sec.gov/Archives/edgar/data/1654238/000092963826003583/0000929638-26-003583-index.htm,8-K,CURRENT REPORT,https://www.sec.gov/Archives/edgar/data/1654238/000092963826003583/exeter2022-4_a8k.htm,True,
None,2026-09-22 00:00:00,https://www.sec.gov/Archives/edgar/data/1931330/000092963826003582/0000929638-26-003582-index.htm,8-K,CURRENT REPORT,https://www.sec.gov/Archives/edgar/data/1654238/000092963826003582/exeter2022-3_a8k.htm,True,
None,2026-09-22 00:00:00,https://www.sec.gov/Archives/edgar/data/1654238/000092963826003582/0000929638-26-003582-index.htm,8-K,CURRENT REPORT,https://www.sec.gov/Archives/edgar/data/1654238/000092963826003582/exeter2022-3_a8k.htm,True,
None,2026-09-22 00:00:00,https://www.sec.gov/Archives/edgar/data/1920761/000092963826003581/0000929638-26-003581-index.htm,8-K,CURRENT REPORT,https://www.sec.gov/Archives/edgar/data/1654238/000092963826003581/exeter2022-2_a8k.htm,True,
None,2026-09-22 00:00:00,https://www.sec.gov/Archives/edgar/data/1654238/000092963826003581/0000929638-26-003581-index.htm,8-K,CURRENT REPORT,https://www.sec.gov/Archives/edgar/data/1654238/000092963826003581/exeter2022-2_a8k.htm,True,
None,2026-09-22 00:00:00,https://www.sec.gov/Archives/edgar/data/1331757/000133175726000171/0001331757-26-000171-index.htm,8-K,8-K,https://www.sec.gov/Archives/edgar/data/1331757/000133175726000171/fhlbd-20260917.htm,False,
None,2026-09-22 00:00:00,https://www.sec.gov/Archives/edgar/data/1331463/000133146326000182/0001331463-26-000182-index.htm,8-K,CURRENT REPORT ITEM 2.03,https://www.sec.gov/Archives/edgar/data/1331463/000133146326000182/fhlbbost-20260916.htm,False,
None,2026-09-22 00:00:00,https://www.sec.gov/Archives/edgar/data/1580013/000188852426016816/0001888524-26-016816-index.htm,8-K,,https://www.sec.gov/Archives/edgar/data/1580013/000188852426016816/wcm13l12_8k-09182026.htm,False,
None,2026-09-22 00:00:00,https://www.sec.gov/Archives/edgar/data/1316944/000131694426000156/0001316944-26-000156-index.htm,8-K,"CURRENT REPORT, ITEM 2.03",https://www.sec.gov/Archives/edgar/data/1316944/000131694426000156/fhlbsf-20260916.htm,False,
None,2026-09-22 00:00:00,https://www.sec.gov/Archives/edgar/data/1331451/000133145126000176/0001331451-26-000176-index.htm,8-K,8-K,https://www.sec.gov/Archives/edgar/data/1331451/000133145126000176/fhlbc-20260916.htm,False,
ODFL,2026-09-22 00:00:00,https://www.sec.gov/Archives/edgar/data/878927/000087892726000027/0000878927-26-000027-index.htm,8-K,8-K,https://www.sec.gov/Archives/edgar/data/878927/000087892726000027/odfl-20260922.htm,False,
None,2026-09-22 00:00:00,https://www.sec.gov/Archives/edgar/data/1779523/000121390026102134/0001213900-26-102134-index.htm,8-K,CURRENT REPORT,https://www.sec.gov/Archives/edgar/data/1779523/000121390026102134/ea0306245-8k_muzinich.htm,False,
None,2026-09-22 00:00:00,https://www.sec.gov/Archives/edgar/data/1985375/000121390026102132/0001213900-26-102132-index.htm,8-K,CURRENT REPORT,https://www.sec.gov/Archives/edgar/data/1985375/000121390026102132/ea0306247-8k_muzinich.htm,False,
CW,2026-09-22 00:00:00,https://www.sec.gov/Archives/edgar/data/26324/000162828026062997/0001628280-26-062997-index.htm,8-K,8-K,https://www.sec.gov/Archives/edgar/data/26324/000162828026062997/cw-20260921.htm,False,
CW,2026-09-22 00:00:00,https://www.sec.gov/Archives/edgar/data/26324/000162828026062997/0001628280-26-062997-index.htm,EX-99.1,EX-99.1,https://www.sec.gov/Archives/edgar/data/26324/000162828026062997/ex991_ceosuccession.htm,False,
MSSAF,2026-09-22 00:00:00,https://www.sec.gov/Archives/edgar/data/1882464/000149315226043686/0001493152-26-043686-index.htm,8-K,8-K,https://www.sec.gov/Archives/edgar/data/1882464/000149315226043686/form8-k.htm,False,
MSSAF,2026-09-22 00:00:00,https://www.sec.gov/Archives/edgar/data/1882464/000149315226043686/0001493152-26-043686-index.htm,EX-99.1,EX-99.1,https://www.sec.gov/Archives/edgar/data/1882464/000149315226043686/ex99-1.htm,False,
MSSA,2026-09-22 00:00:00,https://www.sec.gov/Archives/edgar/data/1882464/000149315226043686/0001493152-26-043686-index.htm,8-K,8-K,https://www.sec.gov/Archives/edgar/data/1882464/000149315226043686/form8-k.htm,False,
MSSA,2026-09-22 00:00:00,https://www.sec.gov/Archives/edgar/data/1882464/000149315226043686/0001493152-26-043686-index.htm,EX-99.1,EX-99.1,https://www.sec.gov/Archives/edgar/data/1882464/000149315226043686/ex99-1.htm,False,
MSSAR,2026-09-22 00:00:00,https://www.sec.gov/Archives/edgar/data/1882464/000149315226043686/0001493152-26-043686-index.htm,8-K,8-K,https://www.sec.gov/Archives/edgar/data/1882464/000149315226043686/form8-k.htm,False,
MSSAR,2026-09-22 00:00:00,https://www.sec.gov/Archives/edgar/data/1882464/000149315226043686/0001493152-26-043686-index.htm,EX-99.1,EX-99.1,https://www.sec.gov/Archives/edgar/data/1882464/000149315226043686/ex99-1.htm,False,
MSSAU,2026-09-22 00:00:00,https://www.sec.gov/Archives/edgar/data/1882464/000149315226043686/0001493152-26-043686-index.htm,8-K,8-K,https://www.sec.gov/Archives/edgar/data/1882464/000149315226043686/form8-k.htm,False,
MSSAU,2026-09-22 00:00:00,https://www.sec.gov/Archives/edgar/data/1882464/000149315226043686/0001493152-26-043686-index.htm,EX-99.1,EX-99.1,https://www.sec.gov/Archives/edgar/data/1882464/000149315226043686/ex99-1.htm,False,
MSSAW,2026-09-22 00:00:00,https://www.sec.gov/Archives/edgar/data/1882464/000149315226043686/0001493152-26-043686-index.htm,8-K,8-K,https://www.sec.gov/Archives/edgar/data/1882464/000149315226043686/form8-k.htm,False,
MSSAW,2026-09-22 00:00:00,https://www.sec.gov/Archives/edgar/data/1882464/000149315226043686/0001493152-26-043686-index.htm,EX-99.1,EX-99.1,https://www.sec.gov/Archives/edgar/data/1882464/000149315226043686/ex99-1.htm,False,
None,2026-09-22 00:00:00,https://www.sec.gov/Archives/edgar/data/1919369/000119312526397597/0001193125-26-397597-index.htm,8-K,8-K,https://www.sec.gov/Archives/edgar/data/1919369/000119312526397597/ck0001919369-20260918.htm,False,
None,2026-09-22 00:00:00,https://www.sec.gov/Archives/edgar/data/1331465/000133146526000171/0001331465-26-000171-index.htm,8-K,8-K,https://www.sec.gov/Archives/edgar/data/1331465/000133146526000171/fhlba-20260916.htm,False,
None,2026-09-22 00:00:00,https://www.sec.gov/Archives/edgar/data/1692951/000169295126000182/0001692951-26-000182-index.htm,8-K,8-K,https://www.sec.gov/Archives/edgar/data/1692951/000169295126000182/cci-20260916.htm,False,
NTIP,2026-09-22 00:00:00,https://www.sec.gov/Archives/edgar/data/1065078/000107261326000795/0001072613-26-000795-index.htm,8-K,"FORM 8K DATED SEPTEMBER 16, 2026",https://www.sec.gov/Archives/edgar/data/1065078/000107261326000795/form8k.htm,False,
CFFN,2026-09-22 00:00:00,https://www.sec.gov/Archives/edgar/data/1490906/000149090626000028/0001490906-26-000028-index.htm,8-K,8-K,https://www.sec.gov/Archives/edgar/data/1490906/000149090626000028/cffn-20260918.htm,False,
None,2026-09-22 00:00:00,https://www.sec.gov/Archives/edgar/data/2033362/000119312526397521/0001193125-26-397521-index.htm,8-K,8-K,https://www.sec.gov/Archives/edgar/data/2033362/000119312526397521/ck0002033362-20260917.htm,False,
HVIIU,2026-09-22 00:00:00,https://www.sec.gov/Archives/edgar/data/1846416/000149315226043680/0001493152-26-043680-index.htm,8-K,8-K,https://www.sec.gov/Archives/edgar/data/1846416/000149315226043680/form8-k.htm,True,
HVIIU,2026-09-22 00:00:00,https://www.sec.gov/Archives/edgar/data/1846416/000149315226043680/0001493152-26-043680-index.htm,EX-10.1,EX-10.1,https://www.sec.gov/Archives/edgar/data/1846416/000149315226043680/ex10-1.htm,True,
HVIIR,2026-09-22 00:00:00,https://www.sec.gov/Archives/edgar/data/1846416/000149315226043680/0001493152-26-043680-index.htm,8-K,8-K,https://www.sec.gov/Archives/edgar/data/1846416/000149315226043680/form8-k.htm,True,
HVIIR,2026-09-22 00:00:00,https://www.sec.gov/Archives/edgar/data/1846416/000149315226043680/0001493152-26-043680-index.htm,EX-10.1,EX-10.1,https://www.sec.gov/Archives/edgar/data/1846416/000149315226043680/ex10-1.htm,True,
HVII,2026-09-22 00:00:00,https://www.sec.gov/Archives/edgar/data/1846416/000149315226043680/0001493152-26-043680-index.htm,8-K,8-K,https://www.sec.gov/Archives/edgar/data/1846416/000149315226043680/form8-k.htm,True,
HVII,2026-09-22 00:00:00,https://www.sec.gov/Archives/edgar/data/1846416/000149315226043680/0001493152-26-043680-index.htm,EX-10.1,EX-10.1,https://www.sec.gov/Archives/edgar/data/1846416/000149315226043680/ex10-1.htm,True,
None,2026-09-22 00:00:00,https://www.sec.gov/Archives/edgar/data/1325878/000132587826000193/0001325878-26-000193-index.htm,8-K,8-K,https://www.sec.gov/Archives/edgar/data/1325878/000132587826000193/fhlbt-20260916.htm,False,
None,2026-09-22 00:00:00,https://www.sec.gov/Archives/edgar/data/1269371/000153949726002567/0001539497-26-002567-index.htm,8-K,8-K,https://www.sec.gov/Archives/edgar/data/1269371/000153949726002567/n5835_x6-8k.htm,False,
None,2026-09-22 00:00:00,https://www.sec.gov/Archives/edgar/data/1264157/000153949726002566/0001539497-26-002566-index.htm,8-K,8-K,https://www.sec.gov/Archives/edgar/data/1264157/000153949726002566/n5834_x6-8k.htm,False,
None,2026-09-22 00:00:00,https://www.sec.gov/Archives/edgar/data/1255604/000153949726002565/0001539497-26-002565-index.htm,8-K,8-K,https://www.sec.gov/Archives/edgar/data/1255604/000153949726002565/n5833_x6-8k.htm,False,
None,2026-09-22 00:00:00,https://www.sec.gov/Archives/edgar/data/1227090/000153949726002564/0001539497-26-002564-index.htm,8-K,8-K,https://www.sec.gov/Archives/edgar/data/1227090/000153949726002564/n5832_x6-8k.htm,False,
None,2026-09-22 00:00:00,https://www.sec.gov/Archives/edgar/data/1283434/000110465926109527/0001104659-26-109527-index.htm,8-K,FORM 8-K,https://www.sec.gov/Archives/edgar/data/1003509/000110465926109527/tm2625503d1_8k.htm,False,
None,2026-09-22 00:00:00,https://www.sec.gov/Archives/edgar/data/1003509/000110465926109527/0001104659-26-109527-index.htm,8-K,FORM 8-K,https://www.sec.gov/Archives/edgar/data/1003509/000110465926109527/tm2625503d1_8k.htm,False,
None,2026-09-22 00:00:00,https://www.sec.gov/Archives/edgar/data/1223444/000153949726002563/0001539497-26-002563-index.htm,8-K,8-K,https://www.sec.gov/Archives/edgar/data/1223444/000153949726002563/n5831_x6-8k.htm,False,
None,2026-09-22 00:00:00,https://www.sec.gov/Archives/edgar/data/1326771/000132677126000153/0001326771-26-000153-index.htm,8-K,8-K,https://www.sec.gov/Archives/edgar/data/1326771/000132677126000153/fhlbcin-20260917.htm,False,
None,2026-09-22 00:00:00,https://www.sec.gov/Archives/edgar/data/1711799/000171179926000074/0001711799-26-000074-index.htm,8-K,8-K,https://www.sec.gov/Archives/edgar/data/1711799/000171179926000074/nuveen-20260922.htm,False,
None,2026-09-22 00:00:00,https://www.sec.gov/Archives/edgar/data/1331754/000133175426000185/0001331754-26-000185-index.htm,8-K,8-K,https://www.sec.gov/Archives/edgar/data/1331754/000133175426000185/fhlbi-20260916.htm,False,
FDCT,2026-09-22 00:00:00,https://www.sec.gov/Archives/edgar/data/1722731/000149315226043666/0001493152-26-043666-index.htm,8-K,8-K,https://www.sec.gov/Archives/edgar/data/1722731/000149315226043666/form8-k.htm,False,
FDCT,2026-09-22 00:00:00,https://www.sec.gov/Archives/edgar/data/1722731/000149315226043666/0001493152-26-043666-index.htm,EX-10.1,EX-10.1,https://www.sec.gov/Archives/edgar/data/1722731/000149315226043666/ex10-1.htm,False,
FDCT,2026-09-22 00:00:00,https://www.sec.gov/Archives/edgar/data/1722731/000149315226043666/0001493152-26-043666-index.htm,EX-10.2,EX-10.2,https://www.sec.gov/Archives/edgar/data/1722731/000149315226043666/ex10-2.htm,False,
CZNC,2026-09-22 00:00:00,https://www.sec.gov/Archives/edgar/data/810958/000110465926109499/0001104659-26-109499-index.htm,8-K,8-K,https://www.sec.gov/Archives/edgar/data/810958/000110465926109499/cznc-20260918x8k.htm,False,
IAUX,2026-09-22 00:00:00,https://www.sec.gov/Archives/edgar/data/1853962/000119312526397337/0001193125-26-397337-index.htm,8-K,8-K,https://www.sec.gov/Archives/edgar/data/1853962/000119312526397337/d29391d8k.htm,False,
IAUX,2026-09-22 00:00:00,https://www.sec.gov/Archives/edgar/data/1853962/000119312526397337/0001193125-26-397337-index.htm,EX-99.1,EX-99.1,https://www.sec.gov/Archives/edgar/data/1853962/000119312526397337/d29391dex991.htm,False,
BB,2026-09-22 00:00:00,https://www.sec.gov/Archives/edgar/data/1070235/000107023526000110/0001070235-26-000110-index.htm,8-K,8-K,https://www.sec.gov/Archives/edgar/data/1070235/000107023526000110/bbry-20260922.htm,False,
BB,2026-09-22 00:00:00,https://www.sec.gov/Archives/edgar/data/1070235/000107023526000110/0001070235-26-000110-index.htm,EX-99.1,EX-99.1,https://www.sec.gov/Archives/edgar/data/1070235/000107023526000110/coretura_vectorxqnxxfinal.htm,False,
BNAIW,2026-09-22 00:00:00,https://www.sec.gov/Archives/edgar/data/1838163/000149315226043663/0001493152-26-043663-index.htm,8-K,8-K,https://www.sec.gov/Archives/edgar/data/1838163/000149315226043663/form8-k.htm,True,
BNAIW,2026-09-22 00:00:00,https://www.sec.gov/Archives/edgar/data/1838163/000149315226043663/0001493152-26-043663-index.htm,EX-10.1,EX-10.1,https://www.sec.gov/Archives/edgar/data/1838163/000149315226043663/ex10-1.htm,True,
BNAIW,2026-09-22 00:00:00,https://www.sec.gov/Archives/edgar/data/1838163/000149315226043663/0001493152-26-043663-index.htm,EX-99.1,EX-99.1,https://www.sec.gov/Archives/edgar/data/1838163/000149315226043663/ex99-1.htm,False,
DHCAW,2026-09-22 00:00:00,https://www.sec.gov/Archives/edgar/data/1838163/000149315226043663/0001493152-26-043663-index.htm,8-K,8-K,https://www.sec.gov/Archives/edgar/data/1838163/000149315226043663/form8-k.htm,True,
DHCAW,2026-09-22 00:00:00,https://www.sec.gov/Archives/edgar/data/1838163/000149315226043663/0001493152-26-043663-index.htm,EX-10.1,EX-10.1,https://www.sec.gov/Archives/edgar/data/1838163/000149315226043663/ex10-1.htm,True,
DHCAW,2026-09-22 00:00:00,https://www.sec.gov/Archives/edgar/data/1838163/000149315226043663/0001493152-26-043663-index.htm,EX-99.1,EX-99.1,https://www.sec.gov/Archives/edgar/data/1838163/000149315226043663/ex99-1.htm,False,
DHCAU,2026-09-22 00:00:00,https://www.sec.gov/Archives/edgar/data/1838163/000149315226043663/0001493152-26-043663-index.htm,8-K,8-K,https://www.sec.gov/Archives/edgar/data/1838163/000149315226043663/form8-k.htm,True,
DHCAU,2026-09-22 00:00:00,https://www.sec.gov/Archives/edgar/data/1838163/000149315226043663/0001493152-26-043663-index.htm,EX-10.1,EX-10.1,https://www.sec.gov/Archives/edgar/data/1838163/000149315226043663/ex10-1.htm,True,
DHCAU,2026-09-22 00:00:00,https://www.sec.gov/Archives/edgar/data/1838163/000149315226043663/0001493152-26-043663-index.htm,EX-99.1,EX-99.1,https://www.sec.gov/Archives/edgar/data/1838163/000149315226043663/ex99-1.htm,False,
DHCA,2026-09-22 00:00:00,https://www.sec.gov/Archives/edgar/data/1838163/000149315226043663/0001493152-26-043663-index.htm,8-K,8-K,https://www.sec.gov/Archives/edgar/data/1838163/000149315226043663/form8-k.htm,True,
DHCA,2026-09-22 00:00:00,https://www.sec.gov/Archives/edgar/data/1838163/000149315226043663/0001493152-26-043663-index.htm,EX-10.1,EX-10.1,https://www.sec.gov/Archives/edgar/data/1838163/000149315226043663/ex10-1.htm,True,
DHCA,2026-09-22 00:00:00,https://www.sec.gov/Archives/edgar/data/1838163/000149315226043663/0001493152-26-043663-index.htm,EX-99.1,EX-99.1,https://www.sec.gov/Archives/edgar/data/1838163/000149315226043663/ex99-1.htm,False,
BNAI,2026-09-22 00:00:00,https://www.sec.gov/Archives/edgar/data/1838163/000149315226043663/0001493152-26-043663-index.htm,8-K,8-K,https://www.sec.gov/Archives/edgar/data/1838163/000149315226043663/form8-k.htm,True,
BNAI,2026-09-22 00:00:00,https://www.sec.gov/Archives/edgar/data/1838163/000149315226043663/0001493152-26-043663-index.htm,EX-10.1,EX-10.1,https://www.sec.gov/Archives/edgar/data/1838163/000149315226043663/ex10-1.htm,True,
BNAI,2026-09-22 00:00:00,https://www.sec.gov/Archives/edgar/data/1838163/000149315226043663/0001493152-26-043663-index.htm,EX-99.1,EX-99.1,https://www.sec.gov/Archives/edgar/data/1838163/000149315226043663/ex99-1.htm,False,
CZR,2026-09-22 00:00:00,https://www.sec.gov/Archives/edgar/data/1590895/000119312526397323/0001193125-26-397323-index.htm,8-K,8-K,https://www.sec.gov/Archives/edgar/data/1590895/000119312526397323/d156527d8k.htm,False,
None,2026-09-22 00:00:00,https://www.sec.gov/Archives/edgar/data/1330399/000133039926000121/0001330399-26-000121-index.htm,8-K,8-K,https://www.sec.gov/Archives/edgar/data/1330399/000133039926000121/ck0001330399-20260916.htm,False,
None,2026-09-22 00:00:00,https://www.sec.gov/Archives/edgar/data/1330399/000133039926000121/0001330399-26-000121-index.htm,EX-99.1,EX-99.1,https://www.sec.gov/Archives/edgar/data/1330399/000133039926000121/ck0001330399-ex99_1.htm,False,
PIPR,2026-09-22 00:00:00,https://www.sec.gov/Archives/edgar/data/1230245/000123024526000034/0001230245-26-000034-index.htm,8-K,8-K,https://www.sec.gov/Archives/edgar/data/1230245/000123024526000034/pipr-20260922.htm,False,
LUCD,2026-09-22 00:00:00,https://www.sec.gov/Archives/edgar/data/1799011/000149315226043659/0001493152-26-043659-index.htm,8-K,8-K,https://www.sec.gov/Archives/edgar/data/1799011/000149315226043659/form8-k.htm,False,
LUCD,2026-09-22 00:00:00,https://www.sec.gov/Archives/edgar/data/1799011/000149315226043659/0001493152-26-043659-index.htm,EX-99.1,EX-99.1,https://www.sec.gov/Archives/edgar/data/1799011/000149315226043659/ex99-1.htm,False,
BLNE,2026-09-22 00:00:00,https://www.sec.gov/Archives/edgar/data/1534708/000149315226043657/0001493152-26-043657-index.htm,8-K,8-K,https://www.sec.gov/Archives/edgar/data/1534708/000149315226043657/form8-k.htm,False,
BLNE,2026-09-22 00:00:00,https://www.sec.gov/Archives/edgar/data/1534708/000149315226043657/0001493152-26-043657-index.htm,EX-99.1,EX-99.1,https://www.sec.gov/Archives/edgar/data/1534708/000149315226043657/ex99-1.htm,False,
EAST,2026-09-22 00:00:00,https://www.sec.gov/Archives/edgar/data/1534708/000149315226043657/0001493152-26-043657-index.htm,8-K,8-K,https://www.sec.gov/Archives/edgar/data/1534708/000149315226043657/form8-k.htm,False,
EAST,2026-09-22 00:00:00,https://www.sec.gov/Archives/edgar/data/1534708/000149315226043657/0001493152-26-043657-index.htm,EX-99.1,EX-99.1,https://www.sec.gov/Archives/edgar/data/1534708/000149315226043657/ex99-1.htm,False,
MSGS,2026-09-22 00:00:00,https://www.sec.gov/Archives/edgar/data/1636519/000119312526397309/0001193125-26-397309-index.htm,8-K,8-K,https://www.sec.gov/Archives/edgar/data/1636519/000119312526397309/d152993d8k.htm,False,
RCII,2026-09-22 00:00:00,https://www.sec.gov/Archives/edgar/data/933036/000110465926109492/0001104659-26-109492-index.htm,8-K,FORM 8-K,https://www.sec.gov/Archives/edgar/data/933036/000110465926109492/tm2625751d1_8k.htm,False,
RCII,2026-09-22 00:00:00,https://www.sec.gov/Archives/edgar/data/933036/000110465926109492/0001104659-26-109492-index.htm,EX-99.1,EXHIBIT 99.1,https://www.sec.gov/Archives/edgar/data/933036/000110465926109492/tm2625751d1_ex99-1.htm,False,
UPBD,2026-09-22 00:00:00,https://www.sec.gov/Archives/edgar/data/933036/000110465926109492/0001104659-26-109492-index.htm,8-K,FORM 8-K,https://www.sec.gov/Archives/edgar/data/933036/000110465926109492/tm2625751d1_8k.htm,False,
UPBD,2026-09-22 00:00:00,https://www.sec.gov/Archives/edgar/data/933036/000110465926109492/0001104659-26-109492-index.htm,EX-99.1,EXHIBIT 99.1,https://www.sec.gov/Archives/edgar/data/933036/000110465926109492/tm2625751d1_ex99-1.htm,False,
IPW,2026-09-22 00:00:00,https://www.sec.gov/Archives/edgar/data/1830072/000168316826007276/0001683168-26-007276-index.htm,8-K,CURRENT REPORT,https://www.sec.gov/Archives/edgar/data/1830072/000168316826007276/ipower_8k.htm,False,
IPW,2026-09-22 00:00:00,https://www.sec.gov/Archives/edgar/data/1830072/000168316826007276/0001683168-26-007276-index.htm,EX-10.1,THIRD AMENDED AND RESTATED 2020 EQUITY INCENTIVE PLAN,https://www.sec.gov/Archives/edgar/data/1830072/000168316826007276/ipower_ex1001.htm,False,
CMCO,2026-09-22 00:00:00,https://www.sec.gov/Archives/edgar/data/1005229/000119312526397298/0001193125-26-397298-index.htm,8-K,8-K,https://www.sec.gov/Archives/edgar/data/1005229/000119312526397298/d166585d8k.htm,True,
CMCO,2026-09-22 00:00:00,https://www.sec.gov/Archives/edgar/data/1005229/000119312526397298/0001193125-26-397298-index.htm,EX-10.1,EX-10.1,https://www.sec.gov/Archives/edgar/data/1005229/000119312526397298/d166585dex101.htm,True,
CMCO,2026-09-22 00:00:00,https://www.sec.gov/Archives/edgar/data/1005229/000119312526397298/0001193125-26-397298-index.htm,EX-99.1,EX-99.1,https://www.sec.gov/Archives/edgar/data/1005229/000119312526397298/d166585dex991.htm,True,
SBMT,2026-09-22 00:00:00,https://www.sec.gov/Archives/edgar/data/2067674/000153949726002569/0001539497-26-002569-index.htm,8-K,8-K,https://www.sec.gov/Archives/edgar/data/2067674/000153949726002569/n5138_x38-8k.htm,False,
SBMT,2026-09-22 00:00:00,https://www.sec.gov/Archives/edgar/data/2067674/000153949726002569/0001539497-26-002569-index.htm,EX-99.1,"SILVER BOW MINING PRESS RELEASE DATED SEPTEMBER 22, 2026",https://www.sec.gov/Archives/edgar/data/2067674/000153949726002569/exh99_1.htm,False,
BIAF,2026-09-22 00:00:00,https://www.sec.gov/Archives/edgar/data/1712762/000149315226043654/0001493152-26-043654-index.htm,8-K,8-K,https://www.sec.gov/Archives/edgar/data/1712762/000149315226043654/form8-k.htm,False,
BIAF,2026-09-22 00:00:00,https://www.sec.gov/Archives/edgar/data/1712762/000149315226043654/0001493152-26-043654-index.htm,EX-99.1,EX-99.1,https://www.sec.gov/Archives/edgar/data/1712762/000149315226043654/ex99-1.htm,False,
BIAFW,2026-09-22 00:00:00,https://www.sec.gov/Archives/edgar/data/1712762/000149315226043654/0001493152-26-043654-index.htm,8-K,8-K,https://www.sec.gov/Archives/edgar/data/1712762/000149315226043654/form8-k.htm,False,
BIAFW,2026-09-22 00:00:00,https://www.sec.gov/Archives/edgar/data/1712762/000149315226043654/0001493152-26-043654-index.htm,EX-99.1,EX-99.1,https://www.sec.gov/Archives/edgar/data/1712762/000149315226043654/ex99-1.htm,False,
GTVI,2026-09-22 00:00:00,https://www.sec.gov/Archives/edgar/data/1263364/000149315226043655/0001493152-26-043655-index.htm,8-K,8-K,https://www.sec.gov/Archives/edgar/data/1263364/000149315226043655/form8-k.htm,False,
GTVI,2026-09-22 00:00:00,https://www.sec.gov/Archives/edgar/data/1263364/000149315226043655/0001493152-26-043655-index.htm,EX-99.1,EX-99.1,https://www.sec.gov/Archives/edgar/data/1263364/000149315226043655/ex99-1.htm,False,
COPRD,2026-09-22 00:00:00,https://www.sec.gov/Archives/edgar/data/1263364/000149315226043655/0001493152-26-043655-index.htm,8-K,8-K,https://www.sec.gov/Archives/edgar/data/1263364/000149315226043655/form8-k.htm,False,
COPRD,2026-09-22 00:00:00,https://www.sec.gov/Archives/edgar/data/1263364/000149315226043655/0001493152-26-043655-index.htm,EX-99.1,EX-99.1,https://www.sec.gov/Archives/edgar/data/1263364/000149315226043655/ex99-1.htm,False,
XFLH-UN,2026-09-22 00:00:00,https://www.sec.gov/Archives/edgar/data/2088103/000118518526004190/0001185185-26-004190-index.htm,8-K,FORM 8-K,https://www.sec.gov/Archives/edgar/data/2088103/000118518526004190/xflh8k021326.htm,True,
XFLH-UN,2026-09-22 00:00:00,https://www.sec.gov/Archives/edgar/data/2088103/000118518526004190/0001185185-26-004190-index.htm,EX-99.1,EXHIBIT 99.1,https://www.sec.gov/Archives/edgar/data/2088103/000118518526004190/xflhex99-1.htm,False,
XFLH,2026-09-22 00:00:00,https://www.sec.gov/Archives/edgar/data/2088103/000118518526004190/0001185185-26-004190-index.htm,8-K,FORM 8-K,https://www.sec.gov/Archives/edgar/data/2088103/000118518526004190/xflh8k021326.htm,True,
XFLH,2026-09-22 00:00:00,https://www.sec.gov/Archives/edgar/data/2088103/000118518526004190/0001185185-26-004190-index.htm,EX-99.1,EXHIBIT 99.1,https://www.sec.gov/Archives/edgar/data/2088103/000118518526004190/xflhex99-1.htm,False,
CMPX,2026-09-22 00:00:00,https://www.sec.gov/Archives/edgar/data/1738021/000117184326006162/0001171843-26-006162-index.htm,8-K,FORM 8-K,https://www.sec.gov/Archives/edgar/data/1738021/000117184326006162/f8k_092226.htm,False,
CMPX,2026-09-22 00:00:00,https://www.sec.gov/Archives/edgar/data/1738021/000117184326006162/0001171843-26-006162-index.htm,EX-99.1,PRESS RELEASE,https://www.sec.gov/Archives/edgar/data/1738021/000117184326006162/exh_991.htm,False,
OTEX,2026-09-22 00:00:00,https://www.sec.gov/Archives/edgar/data/1002638/000100263826000072/0001002638-26-000072-index.htm,8-K,8-K,https://www.sec.gov/Archives/edgar/data/1002638/000100263826000072/otex-20260922.htm,True,
OTEX,2026-09-22 00:00:00,https://www.sec.gov/Archives/edgar/data/1002638/000100263826000072/0001002638-26-000072-index.htm,EX-99.1,EX-99.1,https://www.sec.gov/Archives/edgar/data/1002638/000100263826000072/axpressreleaseseptember202.htm,False,
MRP,2026-09-22 00:00:00,https://www.sec.gov/Archives/edgar/data/2017206/000119312526397284/0001193125-26-397284-index.htm,8-K,8-K,https://www.sec.gov/Archives/edgar/data/2017206/000119312526397284/d244618d8k.htm,False,
MRP,2026-09-22 00:00:00,https://www.sec.gov/Archives/edgar/data/2017206/000119312526397284/0001193125-26-397284-index.htm,EX-99.1,EX-99.1,https://www.sec.gov/Archives/edgar/data/2017206/000119312526397284/d244618dex991.htm,True,
LB,2026-09-22 00:00:00,https://www.sec.gov/Archives/edgar/data/1995807/000119312526397278/0001193125-26-397278-index.htm,8-K,8-K,https://www.sec.gov/Archives/edgar/data/1995807/000119312526397278/d126102d8k.htm,False,
LB,2026-09-22 00:00:00,https://www.sec.gov/Archives/edgar/data/1995807/000119312526397278/0001193125-26-397278-index.htm,EX-99.1,EX-99.1,https://www.sec.gov/Archives/edgar/data/1995807/000119312526397278/d126102dex991.htm,True,
IAUX,2026-09-22 00:00:00,https://www.sec.gov/Archives/edgar/data/1853962/000119312526397273/0001193125-26-397273-index.htm,8-K,8-K,https://www.sec.gov/Archives/edgar/data/1853962/000119312526397273/d152188d8k.htm,False,
IAUX,2026-09-22 00:00:00,https://www.sec.gov/Archives/edgar/data/1853962/000119312526397273/0001193125-26-397273-index.htm,EX-99.1,EX-99.1,https://www.sec.gov/Archives/edgar/data/1853962/000119312526397273/d152188dex991.htm,False,
GE,2026-09-22 00:00:00,https://www.sec.gov/Archives/edgar/data/40545/000004054526000059/0000040545-26-000059-index.htm,8-K,8-K,https://www.sec.gov/Archives/edgar/data/40545/000004054526000059/ge-20260921.htm,False,
GE,2026-09-22 00:00:00,https://www.sec.gov/Archives/edgar/data/40545/000004054526000059/0000040545-26-000059-index.htm,EX-99.1,EX-99.1,https://www.sec.gov/Archives/edgar/data/40545/000004054526000059/ex990120260922.htm,False,
RVYL,2026-09-22 00:00:00,https://www.sec.gov/Archives/edgar/data/1419275/000118518526004189/0001185185-26-004189-index.htm,8-K,FORM 8-K,https://www.sec.gov/Archives/edgar/data/1419275/000118518526004189/rtb8k092126.htm,False,
RVYL,2026-09-22 00:00:00,https://www.sec.gov/Archives/edgar/data/1419275/000118518526004189/0001185185-26-004189-index.htm,EX-99.1,EXHIBIT 99.1,https://www.sec.gov/Archives/edgar/data/1419275/000118518526004189/rtbex99-1.htm,False,
GBOX,2026-09-22 00:00:00,https://www.sec.gov/Archives/edgar/data/1419275/000118518526004189/0001185185-26-004189-index.htm,8-K,FORM 8-K,https://www.sec.gov/Archives/edgar/data/1419275/000118518526004189/rtb8k092126.htm,False,
GBOX,2026-09-22 00:00:00,https://www.sec.gov/Archives/edgar/data/1419275/000118518526004189/0001185185-26-004189-index.htm,EX-99.1,EXHIBIT 99.1,https://www.sec.gov/Archives/edgar/data/1419275/000118518526004189/rtbex99-1.htm,False,
SOI,2026-09-22 00:00:00,https://www.sec.gov/Archives/edgar/data/1697500/000119312526397255/0001193125-26-397255-index.htm,8-K,8-K,https://www.sec.gov/Archives/edgar/data/1697500/000119312526397255/d182097d8k.htm,False,
SOI,2026-09-22 00:00:00,https://www.sec.gov/Archives/edgar/data/1697500/000119312526397255/0001193125-26-397255-index.htm,EX-99.1,EX-99.1,https://www.sec.gov/Archives/edgar/data/1697500/000119312526397255/d182097dex991.htm,True,
SCYX,2026-09-22 00:00:00,https://www.sec.gov/Archives/edgar/data/1178253/000117825326000035/0001178253-26-000035-index.htm,8-K,8-K,https://www.sec.gov/Archives/edgar/data/1178253/000117825326000035/scyx-20260918.htm,False,
SCYX,2026-09-22 00:00:00,https://www.sec.gov/Archives/edgar/data/1178253/000117825326000035/0001178253-26-000035-index.htm,EX-99.1,EX-99.1,https://www.sec.gov/Archives/edgar/data/1178253/000117825326000035/scyx-ex99_1.htm,False,
PDSB,2026-09-22 00:00:00,https://www.sec.gov/Archives/edgar/data/1472091/000114036126037298/0001140361-26-037298-index.htm,8-K,8-K,https://www.sec.gov/Archives/edgar/data/1472091/000114036126037298/ef20082545_8k.htm,False,
PDSB,2026-09-22 00:00:00,https://www.sec.gov/Archives/edgar/data/1472091/000114036126037298/0001140361-26-037298-index.htm,EX-99.1,EXHIBIT 99.1,https://www.sec.gov/Archives/edgar/data/1472091/000114036126037298/ef20082545_ex99-1.htm,False,
EDGE,2026-09-22 00:00:00,https://www.sec.gov/Archives/edgar/data/1472091/000114036126037298/0001140361-26-037298-index.htm,8-K,8-K,https://www.sec.gov/Archives/edgar/data/1472091/000114036126037298/ef20082545_8k.htm,False,
EDGE,2026-09-22 00:00:00,https://www.sec.gov/Archives/edgar/data/1472091/000114036126037298/0001140361-26-037298-index.htm,EX-99.1,EXHIBIT 99.1,https://www.sec.gov/Archives/edgar/data/1472091/000114036126037298/ef20082545_ex99-1.htm,False,
SAVA,2026-09-22 00:00:00,https://www.sec.gov/Archives/edgar/data/1069530/000117184326006161/0001171843-26-006161-index.htm,8-K,FORM 8-K,https://www.sec.gov/Archives/edgar/data/1069530/000117184326006161/f8k_092226.htm,False,
SAVA,2026-09-22 00:00:00,https://www.sec.gov/Archives/edgar/data/1069530/000117184326006161/0001171843-26-006161-index.htm,EX-99.1,PRESS RELEASE,https://www.sec.gov/Archives/edgar/data/1069530/000117184326006161/exh_991.htm,False,
CTGO,2026-09-22 00:00:00,https://www.sec.gov/Archives/edgar/data/1502377/000110465926109483/0001104659-26-109483-index.htm,8-K,FORM 8-K,https://www.sec.gov/Archives/edgar/data/1502377/000110465926109483/tm2625571d1_8k.htm,False,
CTGO,2026-09-22 00:00:00,https://www.sec.gov/Archives/edgar/data/1502377/000110465926109483/0001104659-26-109483-index.htm,EX-99.1,EXHIBIT 99.1,https://www.sec.gov/Archives/edgar/data/1502377/000110465926109483/tm2625571d1_ex99-1.htm,False,
JMKE,2026-09-22 00:00:00,https://www.sec.gov/Archives/edgar/data/2127043/000119312526397249/0001193125-26-397249-index.htm,8-K,8-K,https://www.sec.gov/Archives/edgar/data/2127043/000119312526397249/ck0002127043-20260916.htm,True,
FI,2026-09-22 00:00:00,https://www.sec.gov/Archives/edgar/data/798354/000119312526397250/0001193125-26-397250-index.htm,8-K,8-K,https://www.sec.gov/Archives/edgar/data/798354/000119312526397250/d215103d8k.htm,False,
FISV,2026-09-22 00:00:00,https://www.sec.gov/Archives/edgar/data/798354/000119312526397250/0001193125-26-397250-index.htm,8-K,8-K,https://www.sec.gov/Archives/edgar/data/798354/000119312526397250/d215103d8k.htm,False,
KSCP,2026-09-22 00:00:00,https://www.sec.gov/Archives/edgar/data/1600983/000110465926109484/0001104659-26-109484-index.htm,8-K,8-K,https://www.sec.gov/Archives/edgar/data/1600983/000110465926109484/kscp-20260922x8k.htm,False,
KSCP,2026-09-22 00:00:00,https://www.sec.gov/Archives/edgar/data/1600983/000110465926109484/0001104659-26-109484-index.htm,EX-99.1,EX-99.1,https://www.sec.gov/Archives/edgar/data/1600983/000110465926109484/kscp-20260922xex99d1.htm,False,
IRHOU,2026-09-22 00:00:00,https://www.sec.gov/Archives/edgar/data/2051985/000121390026101964/0001213900-26-101964-index.htm,8-K,CURRENT REPORT,https://www.sec.gov/Archives/edgar/data/2051985/000121390026101964/ea0306110-8k425_iron2.htm,False,
IRHOU,2026-09-22 00:00:00,https://www.sec.gov/Archives/edgar/data/2051985/000121390026101964/0001213900-26-101964-index.htm,EX-99.1,"PRESS RELEASE DATED SEPTEMBER 22, 2026",https://www.sec.gov/Archives/edgar/data/2051985/000121390026101964/ea030611001ex99-1.htm,False,
IRHOR,2026-09-22 00:00:00,https://www.sec.gov/Archives/edgar/data/2051985/000121390026101964/0001213900-26-101964-index.htm,8-K,CURRENT REPORT,https://www.sec.gov/Archives/edgar/data/2051985/000121390026101964/ea0306110-8k425_iron2.htm,False,
IRHOR,2026-09-22 00:00:00,https://www.sec.gov/Archives/edgar/data/2051985/000121390026101964/0001213900-26-101964-index.htm,EX-99.1,"PRESS RELEASE DATED SEPTEMBER 22, 2026",https://www.sec.gov/Archives/edgar/data/2051985/000121390026101964/ea030611001ex99-1.htm,False,
IRHO,2026-09-22 00:00:00,https://www.sec.gov/Archives/edgar/data/2051985/000121390026101964/0001213900-26-101964-index.htm,8-K,CURRENT REPORT,https://www.sec.gov/Archives/edgar/data/2051985/000121390026101964/ea0306110-8k425_iron2.htm,False,
IRHO,2026-09-22 00:00:00,https://www.sec.gov/Archives/edgar/data/2051985/000121390026101964/0001213900-26-101964-index.htm,EX-99.1,"PRESS RELEASE DATED SEPTEMBER 22, 2026",https://www.sec.gov/Archives/edgar/data/2051985/000121390026101964/ea030611001ex99-1.htm,False,
None,2026-09-22 00:00:00,https://www.sec.gov/Archives/edgar/data/1803498/000180349826000053/0001803498-26-000053-index.htm,8-K,8-K,https://www.sec.gov/Archives/edgar/data/1803498/000180349826000053/bcred-20260921.htm,False,
BEEMW,2026-09-22 00:00:00,https://www.sec.gov/Archives/edgar/data/1398805/000143774926030857/0001437749-26-030857-index.htm,8-K,FORM 8-K,https://www.sec.gov/Archives/edgar/data/1398805/000143774926030857/beem20260922_8k.htm,False,
BEEMW,2026-09-22 00:00:00,https://www.sec.gov/Archives/edgar/data/1398805/000143774926030857/0001437749-26-030857-index.htm,EX-99.1,EXHIBIT 99.1,https://www.sec.gov/Archives/edgar/data/1398805/000143774926030857/ex_1018438.htm,False,
BEEM,2026-09-22 00:00:00,https://www.sec.gov/Archives/edgar/data/1398805/000143774926030857/0001437749-26-030857-index.htm,8-K,FORM 8-K,https://www.sec.gov/Archives/edgar/data/1398805/000143774926030857/beem20260922_8k.htm,False,
BEEM,2026-09-22 00:00:00,https://www.sec.gov/Archives/edgar/data/1398805/000143774926030857/0001437749-26-030857-index.htm,EX-99.1,EXHIBIT 99.1,https://www.sec.gov/Archives/edgar/data/1398805/000143774926030857/ex_1018438.htm,False,
GBX,2026-09-22 00:00:00,https://www.sec.gov/Archives/edgar/data/923120/000119312526397231/0001193125-26-397231-index.htm,8-K,8-K,https://www.sec.gov/Archives/edgar/data/923120/000119312526397231/gbx-20260922.htm,False,
GBX,2026-09-22 00:00:00,https://www.sec.gov/Archives/edgar/data/923120/000119312526397231/0001193125-26-397231-index.htm,EX-99.1,EX-99.1,https://www.sec.gov/Archives/edgar/data/923120/000119312526397231/gbx-ex99_1.htm,False,
GPI,2026-09-22 00:00:00,https://www.sec.gov/Archives/edgar/data/1031203/000103120326000137/0001031203-26-000137-index.htm,8-K,8-K,https://www.sec.gov/Archives/edgar/data/1031203/000103120326000137/gpi-20260921.htm,True,
GPI,2026-09-22 00:00:00,https://www.sec.gov/Archives/edgar/data/1031203/000103120326000137/0001031203-26-000137-index.htm,EX-10.1,EX-10.1,https://www.sec.gov/Archives/edgar/data/1031203/000103120326000137/exhibit101-92126.htm,False,
GPI,2026-09-22 00:00:00,https://www.sec.gov/Archives/edgar/data/1031203/000103120326000137/0001031203-26-000137-index.htm,EX-99.1,EX-99.1,https://www.sec.gov/Archives/edgar/data/1031203/000103120326000137/exhibit991-92126.htm,False,
WLFCP,2026-09-22 00:00:00,https://www.sec.gov/Archives/edgar/data/1018164/000101816426000078/0001018164-26-000078-index.htm,8-K,8-K,https://www.sec.gov/Archives/edgar/data/1018164/000101816426000078/wlfc-20260916.htm,False,
WLFCP,2026-09-22 00:00:00,https://www.sec.gov/Archives/edgar/data/1018164/000101816426000078/0001018164-26-000078-index.htm,EX-99.1,EX-99.1,https://www.sec.gov/Archives/edgar/data/1018164/000101816426000078/newsreleaseissuedbywillisl.htm,False,
WLFC,2026-09-22 00:00:00,https://www.sec.gov/Archives/edgar/data/1018164/000101816426000078/0001018164-26-000078-index.htm,8-K,8-K,https://www.sec.gov/Archives/edgar/data/1018164/000101816426000078/wlfc-20260916.htm,False,
WLFC,2026-09-22 00:00:00,https://www.sec.gov/Archives/edgar/data/1018164/000101816426000078/0001018164-26-000078-index.htm,EX-99.1,EX-99.1,https://www.sec.gov/Archives/edgar/data/1018164/000101816426000078/newsreleaseissuedbywillisl.htm,False,
CLDX,2026-09-22 00:00:00,https://www.sec.gov/Archives/edgar/data/744218/000110465926109465/0001104659-26-109465-index.htm,8-K,FORM 8-K,https://www.sec.gov/Archives/edgar/data/744218/000110465926109465/tm2625892d1_8k.htm,False,
CLDX,2026-09-22 00:00:00,https://www.sec.gov/Archives/edgar/data/744218/000110465926109465/0001104659-26-109465-index.htm,EX-99.1,EXHIBIT 99.1,https://www.sec.gov/Archives/edgar/data/744218/000110465926109465/tm2625892d1_ex99-1.htm,False,
LXEO,2026-09-22 00:00:00,https://www.sec.gov/Archives/edgar/data/1907108/000119312526397221/0001193125-26-397221-index.htm,8-K,8-K,https://www.sec.gov/Archives/edgar/data/1907108/000119312526397221/lxeo-20260916.htm,True,
LXEO,2026-09-22 00:00:00,https://www.sec.gov/Archives/edgar/data/1907108/000119312526397221/0001193125-26-397221-index.htm,EX-99.1,EX-99.1,https://www.sec.gov/Archives/edgar/data/1907108/000119312526397221/lxeo-ex99_1.htm,False,
LGND,2026-09-22 00:00:00,https://www.sec.gov/Archives/edgar/data/886163/000088616326000050/0000886163-26-000050-index.htm,8-K,8-K,https://www.sec.gov/Archives/edgar/data/886163/000088616326000050/lgnd-20260922.htm,False,
LGND,2026-09-22 00:00:00,https://www.sec.gov/Archives/edgar/data/886163/000088616326000050/0000886163-26-000050-index.htm,EX-99.1,EX-99.1,https://www.sec.gov/Archives/edgar/data/886163/000088616326000050/lgnd_sydnexisreleasexfinal.htm,False,
LGNZZ,2026-09-22 00:00:00,https://www.sec.gov/Archives/edgar/data/886163/000088616326000050/0000886163-26-000050-index.htm,8-K,8-K,https://www.sec.gov/Archives/edgar/data/886163/000088616326000050/lgnd-20260922.htm,False,
LGNZZ,2026-09-22 00:00:00,https://www.sec.gov/Archives/edgar/data/886163/000088616326000050/0000886163-26-000050-index.htm,EX-99.1,EX-99.1,https://www.sec.gov/Archives/edgar/data/886163/000088616326000050/lgnd_sydnexisreleasexfinal.htm,False,
LGNXZ,2026-09-22 00:00:00,https://www.sec.gov/Archives/edgar/data/886163/000088616326000050/0000886163-26-000050-index.htm,8-K,8-K,https://www.sec.gov/Archives/edgar/data/886163/000088616326000050/lgnd-20260922.htm,False,
LGNXZ,2026-09-22 00:00:00,https://www.sec.gov/Archives/edgar/data/886163/000088616326000050/0000886163-26-000050-index.htm,EX-99.1,EX-99.1,https://www.sec.gov/Archives/edgar/data/886163/000088616326000050/lgnd_sydnexisreleasexfinal.htm,False,
LGNYZ,2026-09-22 00:00:00,https://www.sec.gov/Archives/edgar/data/886163/000088616326000050/0000886163-26-000050-index.htm,8-K,8-K,https://www.sec.gov/Archives/edgar/data/886163/000088616326000050/lgnd-20260922.htm,False,
LGNYZ,2026-09-22 00:00:00,https://www.sec.gov/Archives/edgar/data/886163/000088616326000050/0000886163-26-000050-index.htm,EX-99.1,EX-99.1,https://www.sec.gov/Archives/edgar/data/886163/000088616326000050/lgnd_sydnexisreleasexfinal.htm,False,
LGNDZ,2026-09-22 00:00:00,https://www.sec.gov/Archives/edgar/data/886163/000088616326000050/0000886163-26-000050-index.htm,8-K,8-K,https://www.sec.gov/Archives/edgar/data/886163/000088616326000050/lgnd-20260922.htm,False,
LGNDZ,2026-09-22 00:00:00,https://www.sec.gov/Archives/edgar/data/886163/000088616326000050/0000886163-26-000050-index.htm,EX-99.1,EX-99.1,https://www.sec.gov/Archives/edgar/data/886163/000088616326000050/lgnd_sydnexisreleasexfinal.htm,False,
VKTX,2026-09-22 00:00:00,https://www.sec.gov/Archives/edgar/data/1607678/000119312526397219/0001193125-26-397219-index.htm,8-K,8-K,https://www.sec.gov/Archives/edgar/data/1607678/000119312526397219/vktx-20260922.htm,False,
VKTX,2026-09-22 00:00:00,https://www.sec.gov/Archives/edgar/data/1607678/000119312526397219/0001193125-26-397219-index.htm,EX-99.1,EX-99.1,https://www.sec.gov/Archives/edgar/data/1607678/000119312526397219/vktx-ex99_1.htm,False,
TNXP,2026-09-22 00:00:00,https://www.sec.gov/Archives/edgar/data/1430306/000149315226043644/0001493152-26-043644-index.htm,8-K,8-K,https://www.sec.gov/Archives/edgar/data/1430306/000149315226043644/form8-k.htm,False,
LPTX,2026-09-22 00:00:00,https://www.sec.gov/Archives/edgar/data/1509745/000110465926109463/0001104659-26-109463-index.htm,8-K,FORM 8-K,https://www.sec.gov/Archives/edgar/data/1509745/000110465926109463/tm2625876d1_8k.htm,False,
LPTX,2026-09-22 00:00:00,https://www.sec.gov/Archives/edgar/data/1509745/000110465926109463/0001104659-26-109463-index.htm,EX-10.1,EXHIBIT 10.1,https://www.sec.gov/Archives/edgar/data/1509745/000110465926109463/tm2625876d1_ex10-1.htm,False,
LPTX,2026-09-22 00:00:00,https://www.sec.gov/Archives/edgar/data/1509745/000110465926109463/0001104659-26-109463-index.htm,EX-99.1,EXHIBIT 99.1,https://www.sec.gov/Archives/edgar/data/1509745/000110465926109463/tm2625876d1_ex99-1.htm,False,
CYPH,2026-09-22 00:00:00,https://www.sec.gov/Archives/edgar/data/1509745/000110465926109463/0001104659-26-109463-index.htm,8-K,FORM 8-K,https://www.sec.gov/Archives/edgar/data/1509745/000110465926109463/tm2625876d1_8k.htm,False,
CYPH,2026-09-22 00:00:00,https://www.sec.gov/Archives/edgar/data/1509745/000110465926109463/0001104659-26-109463-index.htm,EX-10.1,EXHIBIT 10.1,https://www.sec.gov/Archives/edgar/data/1509745/000110465926109463/tm2625876d1_ex10-1.htm,False,
CYPH,2026-09-22 00:00:00,https://www.sec.gov/Archives/edgar/data/1509745/000110465926109463/0001104659-26-109463-index.htm,EX-99.1,EXHIBIT 99.1,https://www.sec.gov/Archives/edgar/data/1509745/000110465926109463/tm2625876d1_ex99-1.htm,False,
MLKN,2026-09-22 00:00:00,https://www.sec.gov/Archives/edgar/data/66382/000006638226000150/0000066382-26-000150-index.htm,8-K,8-K,https://www.sec.gov/Archives/edgar/data/66382/000006638226000150/mlkn-20260922.htm,False,
MLKN,2026-09-22 00:00:00,https://www.sec.gov/Archives/edgar/data/66382/000006638226000150/0000066382-26-000150-index.htm,EX-99.1,EX-99.1,https://www.sec.gov/Archives/edgar/data/66382/000006638226000150/mlkn8k_08292026ex991.htm,True,
MLHR,2026-09-22 00:00:00,https://www.sec.gov/Archives/edgar/data/66382/000006638226000150/0000066382-26-000150-index.htm,8-K,8-K,https://www.sec.gov/Archives/edgar/data/66382/000006638226000150/mlkn-20260922.htm,False,
MLHR,2026-09-22 00:00:00,https://www.sec.gov/Archives/edgar/data/66382/000006638226000150/0000066382-26-000150-index.htm,EX-99.1,EX-99.1,https://www.sec.gov/Archives/edgar/data/66382/000006638226000150/mlkn8k_08292026ex991.htm,True,
CGNX,2026-09-22 00:00:00,https://www.sec.gov/Archives/edgar/data/851205/000085120526000071/0000851205-26-000071-index.htm,8-K,8-K,https://www.sec.gov/Archives/edgar/data/851205/000085120526000071/cgnx-20260922.htm,False,
CGNX,2026-09-22 00:00:00,https://www.sec.gov/Archives/edgar/data/851205/000085120526000071/0000851205-26-000071-index.htm,EX-99.1,EX-99.1,https://www.sec.gov/Archives/edgar/data/851205/000085120526000071/exhibit991-pressrelease.htm,False,
PESI,2026-09-22 00:00:00,https://www.sec.gov/Archives/edgar/data/891532/000149315226043642/0001493152-26-043642-index.htm,8-K,8-K,https://www.sec.gov/Archives/edgar/data/891532/000149315226043642/form8-k.htm,False,
PESI,2026-09-22 00:00:00,https://www.sec.gov/Archives/edgar/data/891532/000149315226043642/0001493152-26-043642-index.htm,EX-99.1,EX-99.1,https://www.sec.gov/Archives/edgar/data/891532/000149315226043642/ex99-1.htm,False,
PETV,2026-09-22 00:00:00,https://www.sec.gov/Archives/edgar/data/1512922/000149315226043639/0001493152-26-043639-index.htm,8-K,8-K,https://www.sec.gov/Archives/edgar/data/1512922/000149315226043639/form8-k.htm,False,
PETV,2026-09-22 00:00:00,https://www.sec.gov/Archives/edgar/data/1512922/000149315226043639/0001493152-26-043639-index.htm,EX-99.1,EX-99.1,https://www.sec.gov/Archives/edgar/data/1512922/000149315226043639/ex99-1.htm,False,
PETVW,2026-09-22 00:00:00,https://www.sec.gov/Archives/edgar/data/1512922/000149315226043639/0001493152-26-043639-index.htm,8-K,8-K,https://www.sec.gov/Archives/edgar/data/1512922/000149315226043639/form8-k.htm,False,
PETVW,2026-09-22 00:00:00,https://www.sec.gov/Archives/edgar/data/1512922/000149315226043639/0001493152-26-043639-index.htm,EX-99.1,EX-99.1,https://www.sec.gov/Archives/edgar/data/1512922/000149315226043639/ex99-1.htm,False,
PETV,2026-09-22 00:00:00,https://www.sec.gov/Archives/edgar/data/1512922/000149315226043641/0001493152-26-043641-index.htm,8-K,8-K,https://www.sec.gov/Archives/edgar/data/1512922/000149315226043641/form8-k.htm,False,
PETV,2026-09-22 00:00:00,https://www.sec.gov/Archives/edgar/data/1512922/000149315226043641/0001493152-26-043641-index.htm,EX-99.1,EX-99.1,https://www.sec.gov/Archives/edgar/data/1512922/000149315226043641/ex99-1.htm,False,
PETVW,2026-09-22 00:00:00,https://www.sec.gov/Archives/edgar/data/1512922/000149315226043641/0001493152-26-043641-index.htm,8-K,8-K,https://www.sec.gov/Archives/edgar/data/1512922/000149315226043641/form8-k.htm,False,
PETVW,2026-09-22 00:00:00,https://www.sec.gov/Archives/edgar/data/1512922/000149315226043641/0001493152-26-043641-index.htm,EX-99.1,EX-99.1,https://www.sec.gov/Archives/edgar/data/1512922/000149315226043641/ex99-1.htm,False,
AZO,2026-09-22 00:00:00,https://www.sec.gov/Archives/edgar/data/866787/000117184326006159/0001171843-26-006159-index.htm,8-K,FORM 8-K,https://www.sec.gov/Archives/edgar/data/866787/000117184326006159/f8k_092126.htm,False,
AZO,2026-09-22 00:00:00,https://www.sec.gov/Archives/edgar/data/866787/000117184326006159/0001171843-26-006159-index.htm,EX-99.1,PRESS RELEASE,https://www.sec.gov/Archives/edgar/data/866787/000117184326006159/exh_991.htm,False,
CRCL,2026-09-22 00:00:00,https://www.sec.gov/Archives/edgar/data/1876042/000187604226000276/0001876042-26-000276-index.htm,8-K,8-K,https://www.sec.gov/Archives/edgar/data/1876042/000187604226000276/crcl-20260917.htm,False,
PNR,2026-09-22 00:00:00,https://www.sec.gov/Archives/edgar/data/77360/000007736026000050/0000077360-26-000050-index.htm,8-K,8-K,https://www.sec.gov/Archives/edgar/data/77360/000007736026000050/pnr-20260921.htm,False,
USGOW,2026-09-22 00:00:00,https://www.sec.gov/Archives/edgar/data/1947244/000149315226043635/0001493152-26-043635-index.htm,8-K,8-K,https://www.sec.gov/Archives/edgar/data/1947244/000149315226043635/form8-k.htm,False,
USGOW,2026-09-22 00:00:00,https://www.sec.gov/Archives/edgar/data/1947244/000149315226043635/0001493152-26-043635-index.htm,EX-99.1,EX-99.1,https://www.sec.gov/Archives/edgar/data/1947244/000149315226043635/ex99-1.htm,False,
USGO,2026-09-22 00:00:00,https://www.sec.gov/Archives/edgar/data/1947244/000149315226043635/0001493152-26-043635-index.htm,8-K,8-K,https://www.sec.gov/Archives/edgar/data/1947244/000149315226043635/form8-k.htm,False,
USGO,2026-09-22 00:00:00,https://www.sec.gov/Archives/edgar/data/1947244/000149315226043635/0001493152-26-043635-index.htm,EX-99.1,EX-99.1,https://www.sec.gov/Archives/edgar/data/1947244/000149315226043635/ex99-1.htm,False,
CNX,2026-09-22 00:00:00,https://www.sec.gov/Archives/edgar/data/1070412/000107041226000061/0001070412-26-000061-index.htm,8-K,8-K,https://www.sec.gov/Archives/edgar/data/1070412/000107041226000061/cnx-20260917.htm,False,
THO,2026-09-22 00:00:00,https://www.sec.gov/Archives/edgar/data/730263/000073026326000028/0000730263-26-000028-index.htm,8-K,8-K,https://www.sec.gov/Archives/edgar/data/730263/000073026326000028/tho-20260922.htm,False,
THO,2026-09-22 00:00:00,https://www.sec.gov/Archives/edgar/data/730263/000073026326000028/0000730263-26-000028-index.htm,EX-99.1,PRESS RELEASE,https://www.sec.gov/Archives/edgar/data/730263/000073026326000028/thoq4fy26-earningsrelease.htm,False,
HSIC,2026-09-22 00:00:00,https://www.sec.gov/Archives/edgar/data/1000228/000119312526397208/0001193125-26-397208-index.htm,8-K,8-K,https://www.sec.gov/Archives/edgar/data/1000228/000119312526397208/d110297d8k.htm,True,
HSIC,2026-09-22 00:00:00,https://www.sec.gov/Archives/edgar/data/1000228/000119312526397208/0001193125-26-397208-index.htm,EX-10.1,EX-10.1,https://www.sec.gov/Archives/edgar/data/1000228/000119312526397208/d110297dex101.htm,True,
AON,2026-09-22 00:00:00,https://www.sec.gov/Archives/edgar/data/315293/000119312526397203/0001193125-26-397203-index.htm,8-K,8-K,https://www.sec.gov/Archives/edgar/data/315293/000119312526397203/d38875d8k.htm,True,
AON,2026-09-22 00:00:00,https://www.sec.gov/Archives/edgar/data/315293/000119312526397203/0001193125-26-397203-index.htm,EX-10.1,EX-10.1,https://www.sec.gov/Archives/edgar/data/315293/000119312526397203/d38875dex101.htm,True,
AON,2026-09-22 00:00:00,https://www.sec.gov/Archives/edgar/data/315293/000119312526397203/0001193125-26-397203-index.htm,EX-10.2,EX-10.2,https://www.sec.gov/Archives/edgar/data/315293/000119312526397203/d38875dex102.htm,True,
ELMT,2026-09-22 00:00:00,https://www.sec.gov/Archives/edgar/data/2101698/000121390026101918/0001213900-26-101918-index.htm,8-K,CURRENT REPORT,https://www.sec.gov/Archives/edgar/data/2101698/000121390026101918/ea0306130-8k_elmet.htm,True,
ELMT,2026-09-22 00:00:00,https://www.sec.gov/Archives/edgar/data/2101698/000121390026101918/0001213900-26-101918-index.htm,EX-10.1,"WARRANT PURCHASE AGREEMENT, DATED SEPTEMBER 21, 2026, BY AND BETWEEN THE ELMET G",https://www.sec.gov/Archives/edgar/data/2101698/000121390026101918/ea030613001ex10-1.htm,False,
XFLH-RI,2026-09-22 00:00:00,https://www.sec.gov/Archives/edgar/data/2088103/000118518526004190/0001185185-26-004190-index.htm,8-K,FORM 8-K,https://www.sec.gov/Archives/edgar/data/2088103/000118518526004190/xflh8k021326.htm,True,
XFLH-RI,2026-09-22 00:00:00,https://www.sec.gov/Archives/edgar/data/2088103/000118518526004190/0001185185-26-004190-index.htm,EX-99.1,EXHIBIT 99.1,https://www.sec.gov/Archives/edgar/data/2088103/000118518526004190/xflhex99-1.htm,False,
