symbol,filingDate,filing_detail_url,document_type,document_description,document_url,matched,error
HCWC,2026-08-27 00:00:00,https://www.sec.gov/Archives/edgar/data/1948864/000149315226040292/0001493152-26-040292-index.htm,8-K,8-K,https://www.sec.gov/Archives/edgar/data/1948864/000149315226040292/form8-k.htm,False,
CAPS,2026-08-27 00:00:00,https://www.sec.gov/Archives/edgar/data/887151/000143774926029046/0001437749-26-029046-index.htm,8-K,FORM 8-K,https://www.sec.gov/Archives/edgar/data/887151/000143774926029046/caps20260826c_8k.htm,False,
CAPS,2026-08-27 00:00:00,https://www.sec.gov/Archives/edgar/data/887151/000143774926029046/0001437749-26-029046-index.htm,EX-99.1,EXHIBIT 99.1,https://www.sec.gov/Archives/edgar/data/887151/000143774926029046/ex_1009766.htm,False,
BBCQ,2026-08-26 00:00:00,https://www.sec.gov/Archives/edgar/data/2088295/000121390026094046/0001213900-26-094046-index.htm,8-K,CURRENT REPORT,https://www.sec.gov/Archives/edgar/data/2088295/000121390026094046/ea0303286-8k425_bleich2.htm,False,
BBCQU,2026-08-26 00:00:00,https://www.sec.gov/Archives/edgar/data/2088295/000121390026094046/0001213900-26-094046-index.htm,8-K,CURRENT REPORT,https://www.sec.gov/Archives/edgar/data/2088295/000121390026094046/ea0303286-8k425_bleich2.htm,False,
BBCQW,2026-08-26 00:00:00,https://www.sec.gov/Archives/edgar/data/2088295/000121390026094046/0001213900-26-094046-index.htm,8-K,CURRENT REPORT,https://www.sec.gov/Archives/edgar/data/2088295/000121390026094046/ea0303286-8k425_bleich2.htm,False,
KKR,2026-08-27 00:00:00,https://www.sec.gov/Archives/edgar/data/1404912/000114036126034520/0001140361-26-034520-index.htm,8-K,8-K,https://www.sec.gov/Archives/edgar/data/1404912/000114036126034520/ef20081051_8k.htm,False,
KKR-PC,2026-08-27 00:00:00,https://www.sec.gov/Archives/edgar/data/1404912/000114036126034520/0001140361-26-034520-index.htm,8-K,8-K,https://www.sec.gov/Archives/edgar/data/1404912/000114036126034520/ef20081051_8k.htm,False,
KKRS,2026-08-27 00:00:00,https://www.sec.gov/Archives/edgar/data/1404912/000114036126034520/0001140361-26-034520-index.htm,8-K,8-K,https://www.sec.gov/Archives/edgar/data/1404912/000114036126034520/ef20081051_8k.htm,False,
None,2026-08-27 00:00:00,https://www.sec.gov/Archives/edgar/data/2045370/000143774926029043/0001437749-26-029043-index.htm,8-K,FORM 8-K,https://www.sec.gov/Archives/edgar/data/2045370/000143774926029043/remc20260601_8k.htm,False,
None,2026-08-27 00:00:00,https://www.sec.gov/Archives/edgar/data/2045370/000143774926029043/0001437749-26-029043-index.htm,EX-99.1,EXHIBIT 99.1,https://www.sec.gov/Archives/edgar/data/2045370/000143774926029043/ex_970634.htm,False,
None,2026-08-27 00:00:00,https://www.sec.gov/Archives/edgar/data/2086716/000162828026059143/0001628280-26-059143-index.htm,8-K,8-K,https://www.sec.gov/Archives/edgar/data/2086716/000162828026059143/stdn-20260826.htm,False,
None,2026-08-27 00:00:00,https://www.sec.gov/Archives/edgar/data/2086716/000162828026059143/0001628280-26-059143-index.htm,EX-99.1,EX-99.1,https://www.sec.gov/Archives/edgar/data/2086716/000162828026059143/q2_2026xearningsxpr.htm,False,
NWS,2026-08-27 00:00:00,https://www.sec.gov/Archives/edgar/data/1564708/000156470826000189/0001564708-26-000189-index.htm,8-K,8-K,https://www.sec.gov/Archives/edgar/data/1564708/000156470826000189/nws-20260826.htm,False,
NWS,2026-08-27 00:00:00,https://www.sec.gov/Archives/edgar/data/1564708/000156470826000189/0001564708-26-000189-index.htm,EX-99.1,EX-99.1,https://www.sec.gov/Archives/edgar/data/1564708/000156470826000189/appendix3cclassa20260826.htm,False,
NWSA,2026-08-27 00:00:00,https://www.sec.gov/Archives/edgar/data/1564708/000156470826000189/0001564708-26-000189-index.htm,8-K,8-K,https://www.sec.gov/Archives/edgar/data/1564708/000156470826000189/nws-20260826.htm,False,
NWSA,2026-08-27 00:00:00,https://www.sec.gov/Archives/edgar/data/1564708/000156470826000189/0001564708-26-000189-index.htm,EX-99.1,EX-99.1,https://www.sec.gov/Archives/edgar/data/1564708/000156470826000189/appendix3cclassa20260826.htm,False,
AJG,2026-08-27 00:00:00,https://www.sec.gov/Archives/edgar/data/354190/000035419026000197/0000354190-26-000197-index.htm,8-K,8-K,https://www.sec.gov/Archives/edgar/data/354190/000035419026000197/ajg-20260824.htm,False,
OVV,2026-08-27 00:00:00,https://www.sec.gov/Archives/edgar/data/1792580/000119312526369119/0001193125-26-369119-index.htm,8-K,8-K,https://www.sec.gov/Archives/edgar/data/1792580/000119312526369119/ovv-20260826.htm,False,
OVV,2026-08-27 00:00:00,https://www.sec.gov/Archives/edgar/data/1792580/000119312526369119/0001193125-26-369119-index.htm,EX-99.1,EX-99.1,https://www.sec.gov/Archives/edgar/data/1792580/000119312526369119/ovv-ex99_1.htm,False,
SER,2026-08-27 00:00:00,https://www.sec.gov/Archives/edgar/data/1708599/000170859926000051/0001708599-26-000051-index.htm,8-K,8-K,https://www.sec.gov/Archives/edgar/data/1708599/000170859926000051/ser-20260821.htm,True,
AGE,2026-08-27 00:00:00,https://www.sec.gov/Archives/edgar/data/1708599/000170859926000051/0001708599-26-000051-index.htm,8-K,8-K,https://www.sec.gov/Archives/edgar/data/1708599/000170859926000051/ser-20260821.htm,True,
None,2026-08-27 00:00:00,https://www.sec.gov/Archives/edgar/data/17797/000001779726000005/0000017797-26-000005-index.htm,8-K,8-K,https://www.sec.gov/Archives/edgar/data/17797/000001779726000005/duk-20260827.htm,False,
BRLL,2026-08-27 00:00:00,https://www.sec.gov/Archives/edgar/data/1631463/000147793226005277/0001477932-26-005277-index.htm,8-K,FORM 8-K,https://www.sec.gov/Archives/edgar/data/1631463/000147793226005277/brll_8k.htm,True,
BRLL,2026-08-27 00:00:00,https://www.sec.gov/Archives/edgar/data/1631463/000147793226005277/0001477932-26-005277-index.htm,EX-10.1,SECURITIES PURCHASE AGREEMENT,https://www.sec.gov/Archives/edgar/data/1631463/000147793226005277/brll_ex101.htm,False,
BRLL,2026-08-27 00:00:00,https://www.sec.gov/Archives/edgar/data/1631463/000147793226005277/0001477932-26-005277-index.htm,EX-10.2,IRREVOCABLE TRANSFER AGENT INSTRUCTIONS,https://www.sec.gov/Archives/edgar/data/1631463/000147793226005277/brll_ex102.htm,False,
HRL,2026-08-27 00:00:00,https://www.sec.gov/Archives/edgar/data/48465/000004846526000053/0000048465-26-000053-index.htm,8-K,8-K,https://www.sec.gov/Archives/edgar/data/48465/000004846526000053/hrl-20260827.htm,False,
CWD,2026-08-26 00:00:00,https://www.sec.gov/Archives/edgar/data/1627282/000162728226000065/0001627282-26-000065-index.htm,8-K,8-K,https://www.sec.gov/Archives/edgar/data/1627282/000162728226000065/cwd-20260821.htm,False,
None,2026-08-26 00:00:00,https://www.sec.gov/Archives/edgar/data/2088295/000121390026094046/0001213900-26-094046-index.htm,8-K,CURRENT REPORT,https://www.sec.gov/Archives/edgar/data/2088295/000121390026094046/ea0303286-8k425_bleich2.htm,False,
UGRO,2026-08-26 00:00:00,https://www.sec.gov/Archives/edgar/data/1706524/000121390026094039/0001213900-26-094039-index.htm,8-K,CURRENT REPORT,https://www.sec.gov/Archives/edgar/data/1706524/000121390026094039/ea0303535-8k_flash.htm,False,
UGRO,2026-08-26 00:00:00,https://www.sec.gov/Archives/edgar/data/1706524/000121390026094039/0001213900-26-094039-index.htm,EX-99.1,"PRESS RELEASE DATED AUGUST 26, 2026",https://www.sec.gov/Archives/edgar/data/1706524/000121390026094039/ea030353501ex99-1.htm,False,
FLZH,2026-08-26 00:00:00,https://www.sec.gov/Archives/edgar/data/1706524/000121390026094039/0001213900-26-094039-index.htm,8-K,CURRENT REPORT,https://www.sec.gov/Archives/edgar/data/1706524/000121390026094039/ea0303535-8k_flash.htm,False,
FLZH,2026-08-26 00:00:00,https://www.sec.gov/Archives/edgar/data/1706524/000121390026094039/0001213900-26-094039-index.htm,EX-99.1,"PRESS RELEASE DATED AUGUST 26, 2026",https://www.sec.gov/Archives/edgar/data/1706524/000121390026094039/ea030353501ex99-1.htm,False,
FTFT,2026-08-26 00:00:00,https://www.sec.gov/Archives/edgar/data/1066923/000121390026094034/0001213900-26-094034-index.htm,8-K,CURRENT REPORT,https://www.sec.gov/Archives/edgar/data/1066923/000121390026094034/ea0303552-8k_future.htm,False,
FTFT,2026-08-26 00:00:00,https://www.sec.gov/Archives/edgar/data/1066923/000121390026094034/0001213900-26-094034-index.htm,EX-99.1,"PRESS RELEASE, DATED AUGUST 26, 2026",https://www.sec.gov/Archives/edgar/data/1066923/000121390026094034/ea030355201ex99-1.htm,False,
MUX,2026-08-26 00:00:00,https://www.sec.gov/Archives/edgar/data/314203/000110465926101630/0001104659-26-101630-index.htm,8-K,FORM 8-K,https://www.sec.gov/Archives/edgar/data/314203/000110465926101630/tm2624008d1_8k.htm,False,
MUX,2026-08-26 00:00:00,https://www.sec.gov/Archives/edgar/data/314203/000110465926101630/0001104659-26-101630-index.htm,EX-99.1,EXHIBIT 99.1,https://www.sec.gov/Archives/edgar/data/314203/000110465926101630/tm2624008d1_ex99-1.htm,False,
CHSCP,2026-08-26 00:00:00,https://www.sec.gov/Archives/edgar/data/823277/000082327726000029/0000823277-26-000029-index.htm,8-K,8-K,https://www.sec.gov/Archives/edgar/data/823277/000082327726000029/chscp-20260826.htm,True,
CHSCN,2026-08-26 00:00:00,https://www.sec.gov/Archives/edgar/data/823277/000082327726000029/0000823277-26-000029-index.htm,8-K,8-K,https://www.sec.gov/Archives/edgar/data/823277/000082327726000029/chscp-20260826.htm,True,
CHSCO,2026-08-26 00:00:00,https://www.sec.gov/Archives/edgar/data/823277/000082327726000029/0000823277-26-000029-index.htm,8-K,8-K,https://www.sec.gov/Archives/edgar/data/823277/000082327726000029/chscp-20260826.htm,True,
CHSCM,2026-08-26 00:00:00,https://www.sec.gov/Archives/edgar/data/823277/000082327726000029/0000823277-26-000029-index.htm,8-K,8-K,https://www.sec.gov/Archives/edgar/data/823277/000082327726000029/chscp-20260826.htm,True,
CHSCL,2026-08-26 00:00:00,https://www.sec.gov/Archives/edgar/data/823277/000082327726000029/0000823277-26-000029-index.htm,8-K,8-K,https://www.sec.gov/Archives/edgar/data/823277/000082327726000029/chscp-20260826.htm,True,
TETEW,2026-08-26 00:00:00,https://www.sec.gov/Archives/edgar/data/1900679/000149315226040261/0001493152-26-040261-index.htm,8-K,8-K,https://www.sec.gov/Archives/edgar/data/1900679/000149315226040261/form8-k.htm,True,
TETEW,2026-08-26 00:00:00,https://www.sec.gov/Archives/edgar/data/1900679/000149315226040261/0001493152-26-040261-index.htm,EX-10.1,EX-10.1,https://www.sec.gov/Archives/edgar/data/1900679/000149315226040261/ex10-1.htm,False,
TETE,2026-08-26 00:00:00,https://www.sec.gov/Archives/edgar/data/1900679/000149315226040261/0001493152-26-040261-index.htm,8-K,8-K,https://www.sec.gov/Archives/edgar/data/1900679/000149315226040261/form8-k.htm,True,
TETE,2026-08-26 00:00:00,https://www.sec.gov/Archives/edgar/data/1900679/000149315226040261/0001493152-26-040261-index.htm,EX-10.1,EX-10.1,https://www.sec.gov/Archives/edgar/data/1900679/000149315226040261/ex10-1.htm,False,
TETEF,2026-08-26 00:00:00,https://www.sec.gov/Archives/edgar/data/1900679/000149315226040261/0001493152-26-040261-index.htm,8-K,8-K,https://www.sec.gov/Archives/edgar/data/1900679/000149315226040261/form8-k.htm,True,
TETEF,2026-08-26 00:00:00,https://www.sec.gov/Archives/edgar/data/1900679/000149315226040261/0001493152-26-040261-index.htm,EX-10.1,EX-10.1,https://www.sec.gov/Archives/edgar/data/1900679/000149315226040261/ex10-1.htm,False,
TETEU,2026-08-26 00:00:00,https://www.sec.gov/Archives/edgar/data/1900679/000149315226040261/0001493152-26-040261-index.htm,8-K,8-K,https://www.sec.gov/Archives/edgar/data/1900679/000149315226040261/form8-k.htm,True,
TETEU,2026-08-26 00:00:00,https://www.sec.gov/Archives/edgar/data/1900679/000149315226040261/0001493152-26-040261-index.htm,EX-10.1,EX-10.1,https://www.sec.gov/Archives/edgar/data/1900679/000149315226040261/ex10-1.htm,False,
DINO,2026-08-26 00:00:00,https://www.sec.gov/Archives/edgar/data/1915657/000162828026059117/0001628280-26-059117-index.htm,8-K,8-K,https://www.sec.gov/Archives/edgar/data/1915657/000162828026059117/dino-20260826.htm,False,
AAME,2026-08-26 00:00:00,https://www.sec.gov/Archives/edgar/data/8177/000114036126034470/0001140361-26-034470-index.htm,8-K,8-K,https://www.sec.gov/Archives/edgar/data/8177/000114036126034470/ef20081106_8k.htm,False,
AAME,2026-08-26 00:00:00,https://www.sec.gov/Archives/edgar/data/8177/000114036126034470/0001140361-26-034470-index.htm,EX-99.1,EXHIBIT 99.1,https://www.sec.gov/Archives/edgar/data/8177/000114036126034470/ef20081106_ex99-1.htm,False,
AMIX,2026-08-26 00:00:00,https://www.sec.gov/Archives/edgar/data/1617867/000143774926029024/0001437749-26-029024-index.htm,8-K,FORM 8-K,https://www.sec.gov/Archives/edgar/data/1617867/000143774926029024/amix20260826_8k.htm,True,
AMIX,2026-08-26 00:00:00,https://www.sec.gov/Archives/edgar/data/1617867/000143774926029024/0001437749-26-029024-index.htm,EX-10.1,EXHIBIT 10.1,https://www.sec.gov/Archives/edgar/data/1617867/000143774926029024/ex_1009344.htm,False,
AMIX,2026-08-26 00:00:00,https://www.sec.gov/Archives/edgar/data/1617867/000143774926029024/0001437749-26-029024-index.htm,EX-99.1,EXHIBIT 99.1,https://www.sec.gov/Archives/edgar/data/1617867/000143774926029024/ex_1009345.htm,False,
EXTR,2026-08-26 00:00:00,https://www.sec.gov/Archives/edgar/data/1078271/000119312526368873/0001193125-26-368873-index.htm,8-K,8-K,https://www.sec.gov/Archives/edgar/data/1078271/000119312526368873/extr-20260821.htm,False,
LASE,2026-08-26 00:00:00,https://www.sec.gov/Archives/edgar/data/1807887/000149315226040256/0001493152-26-040256-index.htm,8-K,8-K,https://www.sec.gov/Archives/edgar/data/1807887/000149315226040256/form8-k.htm,False,
QLGN,2026-08-26 00:00:00,https://www.sec.gov/Archives/edgar/data/1460702/000149315226040257/0001493152-26-040257-index.htm,8-K,8-K,https://www.sec.gov/Archives/edgar/data/1460702/000149315226040257/form8-k.htm,False,
RTTR,2026-08-26 00:00:00,https://www.sec.gov/Archives/edgar/data/1460702/000149315226040257/0001493152-26-040257-index.htm,8-K,8-K,https://www.sec.gov/Archives/edgar/data/1460702/000149315226040257/form8-k.htm,False,
NWAX-UN,2026-08-26 00:00:00,https://www.sec.gov/Archives/edgar/data/2074878/000149315226040253/0001493152-26-040253-index.htm,8-K,8-K,https://www.sec.gov/Archives/edgar/data/2074878/000149315226040253/form8-k.htm,False,
NWAX-UN,2026-08-26 00:00:00,https://www.sec.gov/Archives/edgar/data/2074878/000149315226040253/0001493152-26-040253-index.htm,EX-99.1,EX-99.1,https://www.sec.gov/Archives/edgar/data/2074878/000149315226040253/ex99-1.htm,False,
NWAX-WT,2026-08-26 00:00:00,https://www.sec.gov/Archives/edgar/data/2074878/000149315226040253/0001493152-26-040253-index.htm,8-K,8-K,https://www.sec.gov/Archives/edgar/data/2074878/000149315226040253/form8-k.htm,False,
NWAX-WT,2026-08-26 00:00:00,https://www.sec.gov/Archives/edgar/data/2074878/000149315226040253/0001493152-26-040253-index.htm,EX-99.1,EX-99.1,https://www.sec.gov/Archives/edgar/data/2074878/000149315226040253/ex99-1.htm,False,
NWAX,2026-08-26 00:00:00,https://www.sec.gov/Archives/edgar/data/2074878/000149315226040253/0001493152-26-040253-index.htm,8-K,8-K,https://www.sec.gov/Archives/edgar/data/2074878/000149315226040253/form8-k.htm,False,
NWAX,2026-08-26 00:00:00,https://www.sec.gov/Archives/edgar/data/2074878/000149315226040253/0001493152-26-040253-index.htm,EX-99.1,EX-99.1,https://www.sec.gov/Archives/edgar/data/2074878/000149315226040253/ex99-1.htm,False,
BMRA,2026-08-26 00:00:00,https://www.sec.gov/Archives/edgar/data/73290/000149315226040251/0001493152-26-040251-index.htm,8-K,8-K,https://www.sec.gov/Archives/edgar/data/73290/000149315226040251/form8-k.htm,True,
BMRA,2026-08-26 00:00:00,https://www.sec.gov/Archives/edgar/data/73290/000149315226040251/0001493152-26-040251-index.htm,EX-10.1,EX-10.1,https://www.sec.gov/Archives/edgar/data/73290/000149315226040251/ex10-1.htm,True,
BMRA,2026-08-26 00:00:00,https://www.sec.gov/Archives/edgar/data/73290/000149315226040251/0001493152-26-040251-index.htm,EX-10.2,EX-10.2,https://www.sec.gov/Archives/edgar/data/73290/000149315226040251/ex10-2.htm,False,
UNM,2026-08-26 00:00:00,https://www.sec.gov/Archives/edgar/data/5513/000000551326000082/0000005513-26-000082-index.htm,8-K,8-K,https://www.sec.gov/Archives/edgar/data/5513/000000551326000082/unm-20260826.htm,False,
UNM,2026-08-26 00:00:00,https://www.sec.gov/Archives/edgar/data/5513/000000551326000082/0000005513-26-000082-index.htm,EX-99.1,EX-99.1,https://www.sec.gov/Archives/edgar/data/5513/000000551326000082/unm-20260826_ex991.htm,False,
UNMA,2026-08-26 00:00:00,https://www.sec.gov/Archives/edgar/data/5513/000000551326000082/0000005513-26-000082-index.htm,8-K,8-K,https://www.sec.gov/Archives/edgar/data/5513/000000551326000082/unm-20260826.htm,False,
UNMA,2026-08-26 00:00:00,https://www.sec.gov/Archives/edgar/data/5513/000000551326000082/0000005513-26-000082-index.htm,EX-99.1,EX-99.1,https://www.sec.gov/Archives/edgar/data/5513/000000551326000082/unm-20260826_ex991.htm,False,
MERC,2026-08-26 00:00:00,https://www.sec.gov/Archives/edgar/data/1333274/000119312526368838/0001193125-26-368838-index.htm,8-K,8-K,https://www.sec.gov/Archives/edgar/data/1333274/000119312526368838/d386051d8k.htm,False,
MERC,2026-08-26 00:00:00,https://www.sec.gov/Archives/edgar/data/1333274/000119312526368838/0001193125-26-368838-index.htm,EX-99.1,EX-99.1,https://www.sec.gov/Archives/edgar/data/1333274/000119312526368838/d386051dex991.htm,False,
AME,2026-08-26 00:00:00,https://www.sec.gov/Archives/edgar/data/1037868/000103786826000191/0001037868-26-000191-index.htm,8-K,8-K,https://www.sec.gov/Archives/edgar/data/1037868/000103786826000191/ame-20260826.htm,False,
AME,2026-08-26 00:00:00,https://www.sec.gov/Archives/edgar/data/1037868/000103786826000191/0001037868-26-000191-index.htm,EX-99.1,EX-99.1,https://www.sec.gov/Archives/edgar/data/1037868/000103786826000191/exhibit-991indicorinstrume.htm,False,
LZB,2026-08-26 00:00:00,https://www.sec.gov/Archives/edgar/data/57131/000005713126000037/0000057131-26-000037-index.htm,8-K,8-K,https://www.sec.gov/Archives/edgar/data/57131/000005713126000037/lzb-20260825.htm,False,
ALOT,2026-08-26 00:00:00,https://www.sec.gov/Archives/edgar/data/8146/000119312526368764/0001193125-26-368764-index.htm,8-K,8-K,https://www.sec.gov/Archives/edgar/data/8146/000119312526368764/d618841d8k.htm,True,
ALOT,2026-08-26 00:00:00,https://www.sec.gov/Archives/edgar/data/8146/000119312526368764/0001193125-26-368764-index.htm,EX-99.1,EX-99.1,https://www.sec.gov/Archives/edgar/data/8146/000119312526368764/d618841dex991.htm,False,
AFCG,2026-08-26 00:00:00,https://www.sec.gov/Archives/edgar/data/1822523/000162828026059110/0001628280-26-059110-index.htm,8-K,8-K,https://www.sec.gov/Archives/edgar/data/1822523/000162828026059110/afcg-20260825.htm,False,
CRACU,2026-08-26 00:00:00,https://www.sec.gov/Archives/edgar/data/2070887/000121390026094001/0001213900-26-094001-index.htm,8-K,CURRENT REPORT,https://www.sec.gov/Archives/edgar/data/2070887/000121390026094001/ea0303505-8k425_crown1.htm,True,
CRAC,2026-08-26 00:00:00,https://www.sec.gov/Archives/edgar/data/2070887/000121390026094001/0001213900-26-094001-index.htm,8-K,CURRENT REPORT,https://www.sec.gov/Archives/edgar/data/2070887/000121390026094001/ea0303505-8k425_crown1.htm,True,
None,2026-08-26 00:00:00,https://www.sec.gov/Archives/edgar/data/1852575/000119312526368761/0001193125-26-368761-index.htm,8-K,8-K,https://www.sec.gov/Archives/edgar/data/1852575/000119312526368761/sstvi-20260826.htm,False,
None,2026-08-26 00:00:00,https://www.sec.gov/Archives/edgar/data/1852575/000119312526368761/0001193125-26-368761-index.htm,EX-99.1,EX-99.1,https://www.sec.gov/Archives/edgar/data/1852575/000119312526368761/sstvi-ex99_1.htm,False,
None,2026-08-26 00:00:00,https://www.sec.gov/Archives/edgar/data/2065337/000206533726000043/0002065337-26-000043-index.htm,8-K,8-K,https://www.sec.gov/Archives/edgar/data/2065337/000206533726000043/cpep-20260824.htm,False,
VCTR,2026-08-26 00:00:00,https://www.sec.gov/Archives/edgar/data/1570827/000110465926101533/0001104659-26-101533-index.htm,8-K,FORM 8-K,https://www.sec.gov/Archives/edgar/data/1570827/000110465926101533/tm2624030d1_8k.htm,False,
VCTR,2026-08-26 00:00:00,https://www.sec.gov/Archives/edgar/data/1570827/000110465926101533/0001104659-26-101533-index.htm,EX-99.1,EXHIBIT 99.1,https://www.sec.gov/Archives/edgar/data/1570827/000110465926101533/tm2624030d1_ex99-1.htm,True,
ARECW,2026-08-26 00:00:00,https://www.sec.gov/Archives/edgar/data/1590715/000165495426007884/0001654954-26-007884-index.htm,8-K,FORM 8-K,https://www.sec.gov/Archives/edgar/data/1590715/000165495426007884/arec_8k.htm,False,
AREC,2026-08-26 00:00:00,https://www.sec.gov/Archives/edgar/data/1590715/000165495426007884/0001654954-26-007884-index.htm,8-K,FORM 8-K,https://www.sec.gov/Archives/edgar/data/1590715/000165495426007884/arec_8k.htm,False,
CSR-PC,2026-08-26 00:00:00,https://www.sec.gov/Archives/edgar/data/798359/000079835926000088/0000798359-26-000088-index.htm,8-K,8-K,https://www.sec.gov/Archives/edgar/data/798359/000079835926000088/iret-20260821.htm,True,
CSR,2026-08-26 00:00:00,https://www.sec.gov/Archives/edgar/data/798359/000079835926000088/0000798359-26-000088-index.htm,8-K,8-K,https://www.sec.gov/Archives/edgar/data/798359/000079835926000088/iret-20260821.htm,True,
GURE,2026-08-26 00:00:00,https://www.sec.gov/Archives/edgar/data/885462/000119380526001142/0001193805-26-001142-index.htm,8-K,,https://www.sec.gov/Archives/edgar/data/885462/000119380526001142/e665735_8k-gulf.htm,False,
GURE,2026-08-26 00:00:00,https://www.sec.gov/Archives/edgar/data/885462/000119380526001142/0001193805-26-001142-index.htm,EX-99.1,,https://www.sec.gov/Archives/edgar/data/885462/000119380526001142/e665735_ex99-1.htm,False,
SBEV-WT,2026-08-26 00:00:00,https://www.sec.gov/Archives/edgar/data/1553788/000173112226001152/0001731122-26-001152-index.htm,8-K,FORM 8-K,https://www.sec.gov/Archives/edgar/data/1553788/000173112226001152/e7899_8-k.htm,True,
SBEV-WT,2026-08-26 00:00:00,https://www.sec.gov/Archives/edgar/data/1553788/000173112226001152/0001731122-26-001152-index.htm,EX-10.1,EXHIBIT 10.1,https://www.sec.gov/Archives/edgar/data/1553788/000173112226001152/e7899_ex10-1.htm,False,
SBEV-WT,2026-08-26 00:00:00,https://www.sec.gov/Archives/edgar/data/1553788/000173112226001152/0001731122-26-001152-index.htm,EX-10.2,EXHIBIT 10.2,https://www.sec.gov/Archives/edgar/data/1553788/000173112226001152/e7899_ex10-2.htm,False,
SBEV,2026-08-26 00:00:00,https://www.sec.gov/Archives/edgar/data/1553788/000173112226001152/0001731122-26-001152-index.htm,8-K,FORM 8-K,https://www.sec.gov/Archives/edgar/data/1553788/000173112226001152/e7899_8-k.htm,True,
SBEV,2026-08-26 00:00:00,https://www.sec.gov/Archives/edgar/data/1553788/000173112226001152/0001731122-26-001152-index.htm,EX-10.1,EXHIBIT 10.1,https://www.sec.gov/Archives/edgar/data/1553788/000173112226001152/e7899_ex10-1.htm,False,
SBEV,2026-08-26 00:00:00,https://www.sec.gov/Archives/edgar/data/1553788/000173112226001152/0001731122-26-001152-index.htm,EX-10.2,EXHIBIT 10.2,https://www.sec.gov/Archives/edgar/data/1553788/000173112226001152/e7899_ex10-2.htm,False,
ESOA,2026-08-26 00:00:00,https://www.sec.gov/Archives/edgar/data/1357971/000110465926101532/0001104659-26-101532-index.htm,8-K,FORM 8-K,https://www.sec.gov/Archives/edgar/data/1357971/000110465926101532/tm2624015d1_8k.htm,False,
CAPN,2026-08-26 00:00:00,https://www.sec.gov/Archives/edgar/data/2024203/000149315226040242/0001493152-26-040242-index.htm,8-K,8-K,https://www.sec.gov/Archives/edgar/data/2024203/000149315226040242/form8-k.htm,False,
CAPNU,2026-08-26 00:00:00,https://www.sec.gov/Archives/edgar/data/2024203/000149315226040242/0001493152-26-040242-index.htm,8-K,8-K,https://www.sec.gov/Archives/edgar/data/2024203/000149315226040242/form8-k.htm,False,
CAPNR,2026-08-26 00:00:00,https://www.sec.gov/Archives/edgar/data/2024203/000149315226040242/0001493152-26-040242-index.htm,8-K,8-K,https://www.sec.gov/Archives/edgar/data/2024203/000149315226040242/form8-k.htm,False,
BHSEU,2026-08-26 00:00:00,https://www.sec.gov/Archives/edgar/data/1759186/000118518526003730/0001185185-26-003730-index.htm,8-K,FORM 8-K,https://www.sec.gov/Archives/edgar/data/1759186/000118518526003730/zsqr8k082526.htm,False,
BHSEU,2026-08-26 00:00:00,https://www.sec.gov/Archives/edgar/data/1759186/000118518526003730/0001185185-26-003730-index.htm,EX-10.1,EXHIBIT 10.1,https://www.sec.gov/Archives/edgar/data/1759186/000118518526003730/zsqrex10-1.htm,False,
COEP,2026-08-26 00:00:00,https://www.sec.gov/Archives/edgar/data/1759186/000118518526003730/0001185185-26-003730-index.htm,8-K,FORM 8-K,https://www.sec.gov/Archives/edgar/data/1759186/000118518526003730/zsqr8k082526.htm,False,
COEP,2026-08-26 00:00:00,https://www.sec.gov/Archives/edgar/data/1759186/000118518526003730/0001185185-26-003730-index.htm,EX-10.1,EXHIBIT 10.1,https://www.sec.gov/Archives/edgar/data/1759186/000118518526003730/zsqrex10-1.htm,False,
COEPW,2026-08-26 00:00:00,https://www.sec.gov/Archives/edgar/data/1759186/000118518526003730/0001185185-26-003730-index.htm,8-K,FORM 8-K,https://www.sec.gov/Archives/edgar/data/1759186/000118518526003730/zsqr8k082526.htm,False,
COEPW,2026-08-26 00:00:00,https://www.sec.gov/Archives/edgar/data/1759186/000118518526003730/0001185185-26-003730-index.htm,EX-10.1,EXHIBIT 10.1,https://www.sec.gov/Archives/edgar/data/1759186/000118518526003730/zsqrex10-1.htm,False,
BHSEW,2026-08-26 00:00:00,https://www.sec.gov/Archives/edgar/data/1759186/000118518526003730/0001185185-26-003730-index.htm,8-K,FORM 8-K,https://www.sec.gov/Archives/edgar/data/1759186/000118518526003730/zsqr8k082526.htm,False,
BHSEW,2026-08-26 00:00:00,https://www.sec.gov/Archives/edgar/data/1759186/000118518526003730/0001185185-26-003730-index.htm,EX-10.1,EXHIBIT 10.1,https://www.sec.gov/Archives/edgar/data/1759186/000118518526003730/zsqrex10-1.htm,False,
BHSE,2026-08-26 00:00:00,https://www.sec.gov/Archives/edgar/data/1759186/000118518526003730/0001185185-26-003730-index.htm,8-K,FORM 8-K,https://www.sec.gov/Archives/edgar/data/1759186/000118518526003730/zsqr8k082526.htm,False,
BHSE,2026-08-26 00:00:00,https://www.sec.gov/Archives/edgar/data/1759186/000118518526003730/0001185185-26-003730-index.htm,EX-10.1,EXHIBIT 10.1,https://www.sec.gov/Archives/edgar/data/1759186/000118518526003730/zsqrex10-1.htm,False,
PLMI,2026-08-26 00:00:00,https://www.sec.gov/Archives/edgar/data/1840317/000121390026093996/0001213900-26-093996-index.htm,8-K,CURRENT REPORT,https://www.sec.gov/Archives/edgar/data/1840317/000121390026093996/ea0303433-8k_veea.htm,True,
PLMI,2026-08-26 00:00:00,https://www.sec.gov/Archives/edgar/data/1840317/000121390026093996/0001213900-26-093996-index.htm,EX-10.1,"DEMAND PROMISSORY NOTE - AUGUST 26, 2026 ($450,000)",https://www.sec.gov/Archives/edgar/data/1840317/000121390026093996/ea030343301ex10-1.htm,False,
PLMI,2026-08-26 00:00:00,https://www.sec.gov/Archives/edgar/data/1840317/000121390026093996/0001213900-26-093996-index.htm,EX-10.2,"DEMAND PROMISSORY NOTE - AUGUST 26, 2026 ($450,000)",https://www.sec.gov/Archives/edgar/data/1840317/000121390026093996/ea030343301ex10-2.htm,False,
PLMI,2026-08-26 00:00:00,https://www.sec.gov/Archives/edgar/data/1840317/000121390026093996/0001213900-26-093996-index.htm,EX-99.1,"PRESS RELEASE DATED AUGUST 26, 2026",https://www.sec.gov/Archives/edgar/data/1840317/000121390026093996/ea030343301ex99-1.htm,False,
PLMIW,2026-08-26 00:00:00,https://www.sec.gov/Archives/edgar/data/1840317/000121390026093996/0001213900-26-093996-index.htm,8-K,CURRENT REPORT,https://www.sec.gov/Archives/edgar/data/1840317/000121390026093996/ea0303433-8k_veea.htm,True,
PLMIW,2026-08-26 00:00:00,https://www.sec.gov/Archives/edgar/data/1840317/000121390026093996/0001213900-26-093996-index.htm,EX-10.1,"DEMAND PROMISSORY NOTE - AUGUST 26, 2026 ($450,000)",https://www.sec.gov/Archives/edgar/data/1840317/000121390026093996/ea030343301ex10-1.htm,False,
PLMIW,2026-08-26 00:00:00,https://www.sec.gov/Archives/edgar/data/1840317/000121390026093996/0001213900-26-093996-index.htm,EX-10.2,"DEMAND PROMISSORY NOTE - AUGUST 26, 2026 ($450,000)",https://www.sec.gov/Archives/edgar/data/1840317/000121390026093996/ea030343301ex10-2.htm,False,
PLMIW,2026-08-26 00:00:00,https://www.sec.gov/Archives/edgar/data/1840317/000121390026093996/0001213900-26-093996-index.htm,EX-99.1,"PRESS RELEASE DATED AUGUST 26, 2026",https://www.sec.gov/Archives/edgar/data/1840317/000121390026093996/ea030343301ex99-1.htm,False,
PLMIU,2026-08-26 00:00:00,https://www.sec.gov/Archives/edgar/data/1840317/000121390026093996/0001213900-26-093996-index.htm,8-K,CURRENT REPORT,https://www.sec.gov/Archives/edgar/data/1840317/000121390026093996/ea0303433-8k_veea.htm,True,
PLMIU,2026-08-26 00:00:00,https://www.sec.gov/Archives/edgar/data/1840317/000121390026093996/0001213900-26-093996-index.htm,EX-10.1,"DEMAND PROMISSORY NOTE - AUGUST 26, 2026 ($450,000)",https://www.sec.gov/Archives/edgar/data/1840317/000121390026093996/ea030343301ex10-1.htm,False,
PLMIU,2026-08-26 00:00:00,https://www.sec.gov/Archives/edgar/data/1840317/000121390026093996/0001213900-26-093996-index.htm,EX-10.2,"DEMAND PROMISSORY NOTE - AUGUST 26, 2026 ($450,000)",https://www.sec.gov/Archives/edgar/data/1840317/000121390026093996/ea030343301ex10-2.htm,False,
PLMIU,2026-08-26 00:00:00,https://www.sec.gov/Archives/edgar/data/1840317/000121390026093996/0001213900-26-093996-index.htm,EX-99.1,"PRESS RELEASE DATED AUGUST 26, 2026",https://www.sec.gov/Archives/edgar/data/1840317/000121390026093996/ea030343301ex99-1.htm,False,
IPEXR,2026-08-26 00:00:00,https://www.sec.gov/Archives/edgar/data/2028355/000121390026093995/0001213900-26-093995-index.htm,8-K,CURRENT REPORT,https://www.sec.gov/Archives/edgar/data/2028355/000121390026093995/ea0303432-8k_inflection5.htm,False,
IPEXU,2026-08-26 00:00:00,https://www.sec.gov/Archives/edgar/data/2028355/000121390026093995/0001213900-26-093995-index.htm,8-K,CURRENT REPORT,https://www.sec.gov/Archives/edgar/data/2028355/000121390026093995/ea0303432-8k_inflection5.htm,False,
MAYAU,2026-08-26 00:00:00,https://www.sec.gov/Archives/edgar/data/2028355/000121390026093995/0001213900-26-093995-index.htm,8-K,CURRENT REPORT,https://www.sec.gov/Archives/edgar/data/2028355/000121390026093995/ea0303432-8k_inflection5.htm,False,
IPEX,2026-08-26 00:00:00,https://www.sec.gov/Archives/edgar/data/2028355/000121390026093995/0001213900-26-093995-index.htm,8-K,CURRENT REPORT,https://www.sec.gov/Archives/edgar/data/2028355/000121390026093995/ea0303432-8k_inflection5.htm,False,
MAYAR,2026-08-26 00:00:00,https://www.sec.gov/Archives/edgar/data/2028355/000121390026093995/0001213900-26-093995-index.htm,8-K,CURRENT REPORT,https://www.sec.gov/Archives/edgar/data/2028355/000121390026093995/ea0303432-8k_inflection5.htm,False,
MAYA,2026-08-26 00:00:00,https://www.sec.gov/Archives/edgar/data/2028355/000121390026093995/0001213900-26-093995-index.htm,8-K,CURRENT REPORT,https://www.sec.gov/Archives/edgar/data/2028355/000121390026093995/ea0303432-8k_inflection5.htm,False,
GEGGL,2026-08-26 00:00:00,https://www.sec.gov/Archives/edgar/data/1831096/000119312526368715/0001193125-26-368715-index.htm,8-K,8-K,https://www.sec.gov/Archives/edgar/data/1831096/000119312526368715/geg-20260826.htm,False,
GEGGL,2026-08-26 00:00:00,https://www.sec.gov/Archives/edgar/data/1831096/000119312526368715/0001193125-26-368715-index.htm,EX-99.1,EX-99.1,https://www.sec.gov/Archives/edgar/data/1831096/000119312526368715/geg-ex99_1.htm,True,
GEG,2026-08-26 00:00:00,https://www.sec.gov/Archives/edgar/data/1831096/000119312526368715/0001193125-26-368715-index.htm,8-K,8-K,https://www.sec.gov/Archives/edgar/data/1831096/000119312526368715/geg-20260826.htm,False,
GEG,2026-08-26 00:00:00,https://www.sec.gov/Archives/edgar/data/1831096/000119312526368715/0001193125-26-368715-index.htm,EX-99.1,EX-99.1,https://www.sec.gov/Archives/edgar/data/1831096/000119312526368715/geg-ex99_1.htm,True,
CLRO,2026-08-26 00:00:00,https://www.sec.gov/Archives/edgar/data/840715/000175392626001641/0001753926-26-001641-index.htm,8-K,8-K,https://www.sec.gov/Archives/edgar/data/840715/000175392626001641/clro-20260825.htm,False,
PAHC,2026-08-26 00:00:00,https://www.sec.gov/Archives/edgar/data/1069899/000110465926101531/0001104659-26-101531-index.htm,8-K,8-K,https://www.sec.gov/Archives/edgar/data/1069899/000110465926101531/pahc-20260826x8k.htm,False,
PAHC,2026-08-26 00:00:00,https://www.sec.gov/Archives/edgar/data/1069899/000110465926101531/0001104659-26-101531-index.htm,EX-99.1,EX-99.1,https://www.sec.gov/Archives/edgar/data/1069899/000110465926101531/pahc-20260826xex99d1.htm,True,
COMM,2026-08-26 00:00:00,https://www.sec.gov/Archives/edgar/data/1517228/000119312526368664/0001193125-26-368664-index.htm,8-K,8-K,https://www.sec.gov/Archives/edgar/data/1517228/000119312526368664/visn-20260826.htm,False,
COMM,2026-08-26 00:00:00,https://www.sec.gov/Archives/edgar/data/1517228/000119312526368664/0001193125-26-368664-index.htm,EX-99.1,EX-99.1,https://www.sec.gov/Archives/edgar/data/1517228/000119312526368664/visn-ex99_1.htm,False,
None,2026-08-26 00:00:00,https://www.sec.gov/Archives/edgar/data/2090011/000121390026093988/0001213900-26-093988-index.htm,8-K,CURRENT REPORT,https://www.sec.gov/Archives/edgar/data/2090011/000121390026093988/ea0303139-8k_21shareshype.htm,False,
SNPS,2026-08-26 00:00:00,https://www.sec.gov/Archives/edgar/data/883241/000119312526368620/0001193125-26-368620-index.htm,8-K,8-K,https://www.sec.gov/Archives/edgar/data/883241/000119312526368620/d157153d8k.htm,False,
SNPS,2026-08-26 00:00:00,https://www.sec.gov/Archives/edgar/data/883241/000119312526368620/0001193125-26-368620-index.htm,EX-99.1,EX-99.1,https://www.sec.gov/Archives/edgar/data/883241/000119312526368620/d157153dex991.htm,False,
NVDA,2026-08-26 00:00:00,https://www.sec.gov/Archives/edgar/data/1045810/000104581026000073/0001045810-26-000073-index.htm,8-K,8-K,https://www.sec.gov/Archives/edgar/data/1045810/000104581026000073/nvda-20260826.htm,False,
NVDA,2026-08-26 00:00:00,https://www.sec.gov/Archives/edgar/data/1045810/000104581026000073/0001045810-26-000073-index.htm,EX-99.1,EX-99.1,https://www.sec.gov/Archives/edgar/data/1045810/000104581026000073/q2fy27pr.htm,False,
None,2026-08-26 00:00:00,https://www.sec.gov/Archives/edgar/data/2028835/000121390026093987/0001213900-26-093987-index.htm,8-K,CURRENT REPORT,https://www.sec.gov/Archives/edgar/data/2028835/000121390026093987/ea0303138-8k_21shares.htm,True,
None,2026-08-26 00:00:00,https://www.sec.gov/Archives/edgar/data/2028835/000121390026093987/0001213900-26-093987-index.htm,EX-10.1,"BENCHMARK LICENSING AGREEMENT, DATED AS OF AUGUST 20, 2026, BETWEEN THE SPONSOR",https://www.sec.gov/Archives/edgar/data/2028835/000121390026093987/ea030313801ex10-1.htm,False,
None,2026-08-26 00:00:00,https://www.sec.gov/Archives/edgar/data/2028835/000121390026093987/0001213900-26-093987-index.htm,EX-10.2,"AMENDMENT NO. 1 TO THE SPONSOR AGREEMENT, DATED AS OF AUGUST 26, 2026, BETWEEN T",https://www.sec.gov/Archives/edgar/data/2028835/000121390026093987/ea030313801ex10-2.htm,False,
TSUI,2026-08-26 00:00:00,https://www.sec.gov/Archives/edgar/data/2061626/000121390026093985/0001213900-26-093985-index.htm,8-K,CURRENT REPORT,https://www.sec.gov/Archives/edgar/data/2061626/000121390026093985/ea0303137-8k_21sharessui.htm,True,
TSUI,2026-08-26 00:00:00,https://www.sec.gov/Archives/edgar/data/2061626/000121390026093985/0001213900-26-093985-index.htm,EX-10.1,"BENCHMARK LICENSING AGREEMENT, DATED AS OF AUGUST 20, 2026, BETWEEN THE SPONSOR",https://www.sec.gov/Archives/edgar/data/2061626/000121390026093985/ea030313701ex10-1.htm,False,
TSUI,2026-08-26 00:00:00,https://www.sec.gov/Archives/edgar/data/2061626/000121390026093985/0001213900-26-093985-index.htm,EX-10.2,"AMENDMENT NO. 1 TO THE SPONSOR AGREEMENT, DATED AS OF AUGUST 26, 2026, BETWEEN T",https://www.sec.gov/Archives/edgar/data/2061626/000121390026093985/ea030313701ex10-2.htm,False,
HPQ,2026-08-26 00:00:00,https://www.sec.gov/Archives/edgar/data/47217/000004721726000048/0000047217-26-000048-index.htm,8-K,8-K,https://www.sec.gov/Archives/edgar/data/47217/000004721726000048/hpq-20260826.htm,False,
HPQ,2026-08-26 00:00:00,https://www.sec.gov/Archives/edgar/data/47217/000004721726000048/0000047217-26-000048-index.htm,EX-99.1,EX-99.1,https://www.sec.gov/Archives/edgar/data/47217/000004721726000048/hp73126exhibit991q326.htm,False,
FMBM,2026-08-26 00:00:00,https://www.sec.gov/Archives/edgar/data/740806/000165495426007883/0001654954-26-007883-index.htm,8-K,FORM 8-K,https://www.sec.gov/Archives/edgar/data/740806/000165495426007883/fmbm_8k.htm,False,
None,2026-08-26 00:00:00,https://www.sec.gov/Archives/edgar/data/2064314/000121390026093981/0001213900-26-093981-index.htm,8-K,CURRENT REPORT,https://www.sec.gov/Archives/edgar/data/2064314/000121390026093981/ea0303136-8k_21sharesdoge.htm,True,
None,2026-08-26 00:00:00,https://www.sec.gov/Archives/edgar/data/2064314/000121390026093981/0001213900-26-093981-index.htm,EX-10.1,"BENCHMARK LICENSING AGREEMENT, DATED AS OF AUGUST 20, 2026, BETWEEN THE SPONSOR",https://www.sec.gov/Archives/edgar/data/2064314/000121390026093981/ea030313601ex10-1.htm,False,
None,2026-08-26 00:00:00,https://www.sec.gov/Archives/edgar/data/2064314/000121390026093981/0001213900-26-093981-index.htm,EX-10.2,"AMENDMENT NO. 1 TO THE SPONSOR AGREEMENT, DATED AS OF AUGUST 26, 2026, BETWEEN T",https://www.sec.gov/Archives/edgar/data/2064314/000121390026093981/ea030313601ex10-2.htm,False,
None,2026-08-26 00:00:00,https://www.sec.gov/Archives/edgar/data/2037804/000158064226005688/0001580642-26-005688-index.htm,8-K,8-K,https://www.sec.gov/Archives/edgar/data/2037804/000158064226005688/newmountain_8k.htm,False,
OOMA,2026-08-26 00:00:00,https://www.sec.gov/Archives/edgar/data/1327688/000132768826000017/0001327688-26-000017-index.htm,8-K,8-K,https://www.sec.gov/Archives/edgar/data/1327688/000132768826000017/ooma-20260826.htm,False,
OOMA,2026-08-26 00:00:00,https://www.sec.gov/Archives/edgar/data/1327688/000132768826000017/0001327688-26-000017-index.htm,EX-99.1,EX-99.1,https://www.sec.gov/Archives/edgar/data/1327688/000132768826000017/ooma-ex99_1.htm,False,
TGL,2026-08-26 00:00:00,https://www.sec.gov/Archives/edgar/data/1905956/000121390026093980/0001213900-26-093980-index.htm,8-K,CURRENT REPORT,https://www.sec.gov/Archives/edgar/data/1905956/000121390026093980/ea0303515-8k_treasure.htm,True,
TGL,2026-08-26 00:00:00,https://www.sec.gov/Archives/edgar/data/1905956/000121390026093980/0001213900-26-093980-index.htm,EX-10.1,"FORM OF SOFTWARE DEVELOPMENT AGREEMENT, DATED AUGUST 26, 2026, BY AND BETWEEN TR",https://www.sec.gov/Archives/edgar/data/1905956/000121390026093980/ea030351501ex10-1.htm,False,
BWBBP,2026-08-26 00:00:00,https://www.sec.gov/Archives/edgar/data/1341317/000110465926101501/0001104659-26-101501-index.htm,8-K,8-K,https://www.sec.gov/Archives/edgar/data/1341317/000110465926101501/bwb-20260826x8k.htm,False,
BWB,2026-08-26 00:00:00,https://www.sec.gov/Archives/edgar/data/1341317/000110465926101501/0001104659-26-101501-index.htm,8-K,8-K,https://www.sec.gov/Archives/edgar/data/1341317/000110465926101501/bwb-20260826x8k.htm,False,
JSPRW,2026-08-26 00:00:00,https://www.sec.gov/Archives/edgar/data/1788028/000121390026093979/0001213900-26-093979-index.htm,8-K,CURRENT REPORT,https://www.sec.gov/Archives/edgar/data/1788028/000121390026093979/ea0303509-8k_jasper.htm,True,
AMHCW,2026-08-26 00:00:00,https://www.sec.gov/Archives/edgar/data/1788028/000121390026093979/0001213900-26-093979-index.htm,8-K,CURRENT REPORT,https://www.sec.gov/Archives/edgar/data/1788028/000121390026093979/ea0303509-8k_jasper.htm,True,
AMHCU,2026-08-26 00:00:00,https://www.sec.gov/Archives/edgar/data/1788028/000121390026093979/0001213900-26-093979-index.htm,8-K,CURRENT REPORT,https://www.sec.gov/Archives/edgar/data/1788028/000121390026093979/ea0303509-8k_jasper.htm,True,
AMHC,2026-08-26 00:00:00,https://www.sec.gov/Archives/edgar/data/1788028/000121390026093979/0001213900-26-093979-index.htm,8-K,CURRENT REPORT,https://www.sec.gov/Archives/edgar/data/1788028/000121390026093979/ea0303509-8k_jasper.htm,True,
JSPR,2026-08-26 00:00:00,https://www.sec.gov/Archives/edgar/data/1788028/000121390026093979/0001213900-26-093979-index.htm,8-K,CURRENT REPORT,https://www.sec.gov/Archives/edgar/data/1788028/000121390026093979/ea0303509-8k_jasper.htm,True,
None,2026-08-26 00:00:00,https://www.sec.gov/Archives/edgar/data/2136643/000153949726002369/0001539497-26-002369-index.htm,8-K,8-K,https://www.sec.gov/Archives/edgar/data/2136643/000153949726002369/n6057_x13-8k.htm,False,
None,2026-08-26 00:00:00,https://www.sec.gov/Archives/edgar/data/2054247/000121390026093977/0001213900-26-093977-index.htm,8-K,CURRENT REPORT,https://www.sec.gov/Archives/edgar/data/2054247/000121390026093977/ea0303135-8k_21shares.htm,True,
None,2026-08-26 00:00:00,https://www.sec.gov/Archives/edgar/data/2054247/000121390026093977/0001213900-26-093977-index.htm,EX-10.1,"BENCHMARK LICENSING AGREEMENT, DATED AS OF AUGUST 20, 2026, BETWEEN THE SPONSOR",https://www.sec.gov/Archives/edgar/data/2054247/000121390026093977/ea030313501ex10-1.htm,False,
None,2026-08-26 00:00:00,https://www.sec.gov/Archives/edgar/data/2054247/000121390026093977/0001213900-26-093977-index.htm,EX-10.2,"AMENDMENT NO. 1 TO THE SPONSOR AGREEMENT, DATED AS OF AUGUST 26, 2026, BETWEEN T",https://www.sec.gov/Archives/edgar/data/2054247/000121390026093977/ea030313501ex10-2.htm,False,
TSOL,2026-08-26 00:00:00,https://www.sec.gov/Archives/edgar/data/2028834/000121390026093971/0001213900-26-093971-index.htm,8-K,CURRENT REPORT,https://www.sec.gov/Archives/edgar/data/2028834/000121390026093971/ea0303134-8k_21shares.htm,True,
TSOL,2026-08-26 00:00:00,https://www.sec.gov/Archives/edgar/data/2028834/000121390026093971/0001213900-26-093971-index.htm,EX-10.1,"BENCHMARK LICENSING AGREEMENT, DATED AS OF AUGUST 20, 2026, BETWEEN THE SPONSOR",https://www.sec.gov/Archives/edgar/data/2028834/000121390026093971/ea030313401ex10-1.htm,False,
TSOL,2026-08-26 00:00:00,https://www.sec.gov/Archives/edgar/data/2028834/000121390026093971/0001213900-26-093971-index.htm,EX-10.2,"AMENDMENT NO. 1 TO THE SPONSOR AGREEMENT, DATED AS OF AUGUST 26, 2026, BETWEEN T",https://www.sec.gov/Archives/edgar/data/2028834/000121390026093971/ea030313401ex10-2.htm,False,
CETH,2026-08-26 00:00:00,https://www.sec.gov/Archives/edgar/data/1992508/000121390026093968/0001213900-26-093968-index.htm,8-K,CURRENT REPORT,https://www.sec.gov/Archives/edgar/data/1992508/000121390026093968/ea0303133-8k_21shares.htm,True,
CETH,2026-08-26 00:00:00,https://www.sec.gov/Archives/edgar/data/1992508/000121390026093968/0001213900-26-093968-index.htm,EX-10.1,"BENCHMARK LICENSING AGREEMENT, DATED AS OF AUGUST 20, 2026, BETWEEN THE SPONSOR",https://www.sec.gov/Archives/edgar/data/1992508/000121390026093968/ea030313301ex10-1.htm,False,
CETH,2026-08-26 00:00:00,https://www.sec.gov/Archives/edgar/data/1992508/000121390026093968/0001213900-26-093968-index.htm,EX-10.2,"AMENDMENT NO. 2 TO THE SPONSOR AGREEMENT, DATED AS OF AUGUST 26, 2026, BETWEEN T",https://www.sec.gov/Archives/edgar/data/1992508/000121390026093968/ea030313301ex10-2.htm,False,
KEYS,2026-08-26 00:00:00,https://www.sec.gov/Archives/edgar/data/1601046/000160104626000032/0001601046-26-000032-index.htm,8-K,8-K,https://www.sec.gov/Archives/edgar/data/1601046/000160104626000032/keys-20260826.htm,False,
KEYS,2026-08-26 00:00:00,https://www.sec.gov/Archives/edgar/data/1601046/000160104626000032/0001601046-26-000032-index.htm,EX-99.1,EX-99.1,https://www.sec.gov/Archives/edgar/data/1601046/000160104626000032/exhibit991scottreese.htm,False,
ARKB,2026-08-26 00:00:00,https://www.sec.gov/Archives/edgar/data/1869699/000121390026093966/0001213900-26-093966-index.htm,8-K,CURRENT REPORT,https://www.sec.gov/Archives/edgar/data/1869699/000121390026093966/ea0303132-8k_ark21shares.htm,True,
ARKB,2026-08-26 00:00:00,https://www.sec.gov/Archives/edgar/data/1869699/000121390026093966/0001213900-26-093966-index.htm,EX-10.1,"BENCHMARK LICENSING AGREEMENT, DATED AS OF AUGUST 20, 2026, BETWEEN THE SPONSOR",https://www.sec.gov/Archives/edgar/data/1869699/000121390026093966/ea030313201ex10-1.htm,False,
ARKB,2026-08-26 00:00:00,https://www.sec.gov/Archives/edgar/data/1869699/000121390026093966/0001213900-26-093966-index.htm,EX-10.2,"AMENDMENT NO. 1 TO THE SPONSOR AGREEMENT, DATED AS OF AUGUST 26, 2026, BETWEEN T",https://www.sec.gov/Archives/edgar/data/1869699/000121390026093966/ea030313201ex10-2.htm,False,
None,2026-08-26 00:00:00,https://www.sec.gov/Archives/edgar/data/2045458/000204545826000049/0002045458-26-000049-index.htm,8-K,8-K,https://www.sec.gov/Archives/edgar/data/2045458/000204545826000049/sp-20260825.htm,False,
VSEEW,2026-08-26 00:00:00,https://www.sec.gov/Archives/edgar/data/1864531/000118518526003729/0001185185-26-003729-index.htm,8-K,FORM 8-K,https://www.sec.gov/Archives/edgar/data/1864531/000118518526003729/vsee8k082626.htm,False,
VSEE,2026-08-26 00:00:00,https://www.sec.gov/Archives/edgar/data/1864531/000118518526003729/0001185185-26-003729-index.htm,8-K,FORM 8-K,https://www.sec.gov/Archives/edgar/data/1864531/000118518526003729/vsee8k082626.htm,False,
DHACW,2026-08-26 00:00:00,https://www.sec.gov/Archives/edgar/data/1864531/000118518526003729/0001185185-26-003729-index.htm,8-K,FORM 8-K,https://www.sec.gov/Archives/edgar/data/1864531/000118518526003729/vsee8k082626.htm,False,
DHAC,2026-08-26 00:00:00,https://www.sec.gov/Archives/edgar/data/1864531/000118518526003729/0001185185-26-003729-index.htm,8-K,FORM 8-K,https://www.sec.gov/Archives/edgar/data/1864531/000118518526003729/vsee8k082626.htm,False,
DHACU,2026-08-26 00:00:00,https://www.sec.gov/Archives/edgar/data/1864531/000118518526003729/0001185185-26-003729-index.htm,8-K,FORM 8-K,https://www.sec.gov/Archives/edgar/data/1864531/000118518526003729/vsee8k082626.htm,False,
SKY,2026-08-26 00:00:00,https://www.sec.gov/Archives/edgar/data/90896/000119312526368465/0001193125-26-368465-index.htm,8-K,8-K,https://www.sec.gov/Archives/edgar/data/90896/000119312526368465/sky-20260824.htm,False,
SKY,2026-08-26 00:00:00,https://www.sec.gov/Archives/edgar/data/90896/000119312526368465/0001193125-26-368465-index.htm,EX-99.1,EX-99.1,https://www.sec.gov/Archives/edgar/data/90896/000119312526368465/sky-ex99_1.htm,False,
LTRX,2026-08-26 00:00:00,https://www.sec.gov/Archives/edgar/data/1114925/000168316826006732/0001683168-26-006732-index.htm,8-K,CURRENT REPORT,https://www.sec.gov/Archives/edgar/data/1114925/000168316826006732/lantronix_8k.htm,False,
LTRX,2026-08-26 00:00:00,https://www.sec.gov/Archives/edgar/data/1114925/000168316826006732/0001683168-26-006732-index.htm,EX-99.1,"PRESS RELEASE, DATED AUGUST 26, 2026",https://www.sec.gov/Archives/edgar/data/1114925/000168316826006732/lantronix_ex9901.htm,False,
CURIW,2026-08-26 00:00:00,https://www.sec.gov/Archives/edgar/data/1776909/000162828026059083/0001628280-26-059083-index.htm,8-K,8-K,https://www.sec.gov/Archives/edgar/data/1776909/000162828026059083/curi-20260826.htm,False,
CURIW,2026-08-26 00:00:00,https://www.sec.gov/Archives/edgar/data/1776909/000162828026059083/0001628280-26-059083-index.htm,EX-10.1,EX-10.1,https://www.sec.gov/Archives/edgar/data/1776909/000162828026059083/cfoofferletter.htm,False,
CURIW,2026-08-26 00:00:00,https://www.sec.gov/Archives/edgar/data/1776909/000162828026059083/0001628280-26-059083-index.htm,EX-99.1,EX-99.1,https://www.sec.gov/Archives/edgar/data/1776909/000162828026059083/pressrelease-cfotransition.htm,False,
CURI,2026-08-26 00:00:00,https://www.sec.gov/Archives/edgar/data/1776909/000162828026059083/0001628280-26-059083-index.htm,8-K,8-K,https://www.sec.gov/Archives/edgar/data/1776909/000162828026059083/curi-20260826.htm,False,
CURI,2026-08-26 00:00:00,https://www.sec.gov/Archives/edgar/data/1776909/000162828026059083/0001628280-26-059083-index.htm,EX-10.1,EX-10.1,https://www.sec.gov/Archives/edgar/data/1776909/000162828026059083/cfoofferletter.htm,False,
CURI,2026-08-26 00:00:00,https://www.sec.gov/Archives/edgar/data/1776909/000162828026059083/0001628280-26-059083-index.htm,EX-99.1,EX-99.1,https://www.sec.gov/Archives/edgar/data/1776909/000162828026059083/pressrelease-cfotransition.htm,False,
UEIC,2026-08-26 00:00:00,https://www.sec.gov/Archives/edgar/data/101984/000010198426000124/0000101984-26-000124-index.htm,8-K,8-K,https://www.sec.gov/Archives/edgar/data/101984/000010198426000124/ueic-20260821.htm,True,
UEIC,2026-08-26 00:00:00,https://www.sec.gov/Archives/edgar/data/101984/000010198426000124/0000101984-26-000124-index.htm,EX-10.1,EX-10.1,https://www.sec.gov/Archives/edgar/data/101984/000010198426000124/usbankthirdamendedandresta.htm,True,
CRWD,2026-08-26 00:00:00,https://www.sec.gov/Archives/edgar/data/1535527/000153552726000029/0001535527-26-000029-index.htm,8-K,8-K,https://www.sec.gov/Archives/edgar/data/1535527/000153552726000029/crwd-20260826.htm,False,
CRWD,2026-08-26 00:00:00,https://www.sec.gov/Archives/edgar/data/1535527/000153552726000029/0001535527-26-000029-index.htm,EX-99.1,EX-99.1,https://www.sec.gov/Archives/edgar/data/1535527/000153552726000029/crwd-20260826xex991.htm,False,
VEEV,2026-08-26 00:00:00,https://www.sec.gov/Archives/edgar/data/1393052/000139305226000032/0001393052-26-000032-index.htm,8-K,8-K,https://www.sec.gov/Archives/edgar/data/1393052/000139305226000032/veev-20260826.htm,False,
VEEV,2026-08-26 00:00:00,https://www.sec.gov/Archives/edgar/data/1393052/000139305226000032/0001393052-26-000032-index.htm,EX-99.1,EX-99.1,https://www.sec.gov/Archives/edgar/data/1393052/000139305226000032/veev-20260731xex991.htm,False,
P,2026-08-26 00:00:00,https://www.sec.gov/Archives/edgar/data/1474432/000147443226000084/0001474432-26-000084-index.htm,8-K,8-K,https://www.sec.gov/Archives/edgar/data/1474432/000147443226000084/pstg-20260826.htm,False,
P,2026-08-26 00:00:00,https://www.sec.gov/Archives/edgar/data/1474432/000147443226000084/0001474432-26-000084-index.htm,EX-99.1,EX-99.1,https://www.sec.gov/Archives/edgar/data/1474432/000147443226000084/everpure-ex991q2fy2027xpre.htm,True,
PSTG,2026-08-26 00:00:00,https://www.sec.gov/Archives/edgar/data/1474432/000147443226000084/0001474432-26-000084-index.htm,8-K,8-K,https://www.sec.gov/Archives/edgar/data/1474432/000147443226000084/pstg-20260826.htm,False,
PSTG,2026-08-26 00:00:00,https://www.sec.gov/Archives/edgar/data/1474432/000147443226000084/0001474432-26-000084-index.htm,EX-99.1,EX-99.1,https://www.sec.gov/Archives/edgar/data/1474432/000147443226000084/everpure-ex991q2fy2027xpre.htm,True,
A,2026-08-26 00:00:00,https://www.sec.gov/Archives/edgar/data/1090872/000109087226000062/0001090872-26-000062-index.htm,8-K,8-K,https://www.sec.gov/Archives/edgar/data/1090872/000109087226000062/a-20260826.htm,False,
A,2026-08-26 00:00:00,https://www.sec.gov/Archives/edgar/data/1090872/000109087226000062/0001090872-26-000062-index.htm,EX-99.1,EX-99.1,https://www.sec.gov/Archives/edgar/data/1090872/000109087226000062/exhibit991-q326pressrelease.htm,False,
FIISO,2026-08-26 00:00:00,https://www.sec.gov/Archives/edgar/data/862831/000119312526368299/0001193125-26-368299-index.htm,8-K,8-K,https://www.sec.gov/Archives/edgar/data/862831/000119312526368299/fisi-20260826.htm,False,
FIISO,2026-08-26 00:00:00,https://www.sec.gov/Archives/edgar/data/862831/000119312526368299/0001193125-26-368299-index.htm,EX-99.1,EX-99.1,https://www.sec.gov/Archives/edgar/data/862831/000119312526368299/fisi-ex99_1.htm,False,
FISI,2026-08-26 00:00:00,https://www.sec.gov/Archives/edgar/data/862831/000119312526368299/0001193125-26-368299-index.htm,8-K,8-K,https://www.sec.gov/Archives/edgar/data/862831/000119312526368299/fisi-20260826.htm,False,
FISI,2026-08-26 00:00:00,https://www.sec.gov/Archives/edgar/data/862831/000119312526368299/0001193125-26-368299-index.htm,EX-99.1,EX-99.1,https://www.sec.gov/Archives/edgar/data/862831/000119312526368299/fisi-ex99_1.htm,False,
IKT,2026-08-26 00:00:00,https://www.sec.gov/Archives/edgar/data/1750149/000119312526368296/0001193125-26-368296-index.htm,8-K,8-K,https://www.sec.gov/Archives/edgar/data/1750149/000119312526368296/d904831d8k.htm,False,
YSACU,2026-08-26 00:00:00,https://www.sec.gov/Archives/edgar/data/1823587/000143774926029010/0001437749-26-029010-index.htm,8-K,FORM 8-K,https://www.sec.gov/Archives/edgar/data/1823587/000143774926029010/ysac20260825_8k.htm,False,
SKYH,2026-08-26 00:00:00,https://www.sec.gov/Archives/edgar/data/1823587/000143774926029010/0001437749-26-029010-index.htm,8-K,FORM 8-K,https://www.sec.gov/Archives/edgar/data/1823587/000143774926029010/ysac20260825_8k.htm,False,
YSAC,2026-08-26 00:00:00,https://www.sec.gov/Archives/edgar/data/1823587/000143774926029010/0001437749-26-029010-index.htm,8-K,FORM 8-K,https://www.sec.gov/Archives/edgar/data/1823587/000143774926029010/ysac20260825_8k.htm,False,
SKYH-WT,2026-08-26 00:00:00,https://www.sec.gov/Archives/edgar/data/1823587/000143774926029010/0001437749-26-029010-index.htm,8-K,FORM 8-K,https://www.sec.gov/Archives/edgar/data/1823587/000143774926029010/ysac20260825_8k.htm,False,
MCY,2026-08-26 00:00:00,https://www.sec.gov/Archives/edgar/data/64996/000006499626000024/0000064996-26-000024-index.htm,8-K,8-K,https://www.sec.gov/Archives/edgar/data/64996/000006499626000024/mcy-20260826.htm,False,
MCY,2026-08-26 00:00:00,https://www.sec.gov/Archives/edgar/data/64996/000006499626000024/0000064996-26-000024-index.htm,EX-99.1,EX-99.1,https://www.sec.gov/Archives/edgar/data/64996/000006499626000024/mrjosephexhibit991.htm,False,
GDNSF,2026-08-26 00:00:00,https://www.sec.gov/Archives/edgar/data/1771706/000110465926101481/0001104659-26-101481-index.htm,8-K,FORM 8-K,https://www.sec.gov/Archives/edgar/data/1771706/000110465926101481/tm2623956d2_8k.htm,False,
GDNSF,2026-08-26 00:00:00,https://www.sec.gov/Archives/edgar/data/1771706/000110465926101481/0001104659-26-101481-index.htm,EX-99.1,EXHIBIT 99.1,https://www.sec.gov/Archives/edgar/data/1771706/000110465926101481/tm2623956d2_ex99-1.htm,False,
VREOF,2026-08-26 00:00:00,https://www.sec.gov/Archives/edgar/data/1771706/000110465926101481/0001104659-26-101481-index.htm,8-K,FORM 8-K,https://www.sec.gov/Archives/edgar/data/1771706/000110465926101481/tm2623956d2_8k.htm,False,
VREOF,2026-08-26 00:00:00,https://www.sec.gov/Archives/edgar/data/1771706/000110465926101481/0001104659-26-101481-index.htm,EX-99.1,EXHIBIT 99.1,https://www.sec.gov/Archives/edgar/data/1771706/000110465926101481/tm2623956d2_ex99-1.htm,False,
CFVIU,2026-08-26 00:00:00,https://www.sec.gov/Archives/edgar/data/1830081/000121390026093950/0001213900-26-093950-index.htm,8-K,CURRENT REPORT,https://www.sec.gov/Archives/edgar/data/1830081/000121390026093950/ea0303460-8k_rumgroup.htm,False,
CFVIW,2026-08-26 00:00:00,https://www.sec.gov/Archives/edgar/data/1830081/000121390026093950/0001213900-26-093950-index.htm,8-K,CURRENT REPORT,https://www.sec.gov/Archives/edgar/data/1830081/000121390026093950/ea0303460-8k_rumgroup.htm,False,
CFVI,2026-08-26 00:00:00,https://www.sec.gov/Archives/edgar/data/1830081/000121390026093950/0001213900-26-093950-index.htm,8-K,CURRENT REPORT,https://www.sec.gov/Archives/edgar/data/1830081/000121390026093950/ea0303460-8k_rumgroup.htm,False,
RUMBW,2026-08-26 00:00:00,https://www.sec.gov/Archives/edgar/data/1830081/000121390026093950/0001213900-26-093950-index.htm,8-K,CURRENT REPORT,https://www.sec.gov/Archives/edgar/data/1830081/000121390026093950/ea0303460-8k_rumgroup.htm,False,
RUM,2026-08-26 00:00:00,https://www.sec.gov/Archives/edgar/data/1830081/000121390026093950/0001213900-26-093950-index.htm,8-K,CURRENT REPORT,https://www.sec.gov/Archives/edgar/data/1830081/000121390026093950/ea0303460-8k_rumgroup.htm,False,
CTNT,2026-08-26 00:00:00,https://www.sec.gov/Archives/edgar/data/1951667/000110465926101479/0001104659-26-101479-index.htm,8-K,FORM 8-K,https://www.sec.gov/Archives/edgar/data/1951667/000110465926101479/tm2624021d1_8k.htm,True,
CTNT,2026-08-26 00:00:00,https://www.sec.gov/Archives/edgar/data/1951667/000110465926101479/0001104659-26-101479-index.htm,EX-10.1,EXHIBIT 10.1,https://www.sec.gov/Archives/edgar/data/1951667/000110465926101479/tm2624021d1_ex10-1.htm,True,
NOG,2026-08-26 00:00:00,https://www.sec.gov/Archives/edgar/data/1104485/000119312526368292/0001193125-26-368292-index.htm,8-K,8-K,https://www.sec.gov/Archives/edgar/data/1104485/000119312526368292/d69273d8k.htm,True,
None,2026-08-26 00:00:00,https://www.sec.gov/Archives/edgar/data/1872371/000119312526368291/0001193125-26-368291-index.htm,8-K,8-K,https://www.sec.gov/Archives/edgar/data/1872371/000119312526368291/d466934d8k.htm,False,
ATHA,2026-08-26 00:00:00,https://www.sec.gov/Archives/edgar/data/1620463/000119312526368288/0001193125-26-368288-index.htm,8-K,8-K,https://www.sec.gov/Archives/edgar/data/1620463/000119312526368288/lona-20260826.htm,False,
LONA,2026-08-26 00:00:00,https://www.sec.gov/Archives/edgar/data/1620463/000119312526368288/0001193125-26-368288-index.htm,8-K,8-K,https://www.sec.gov/Archives/edgar/data/1620463/000119312526368288/lona-20260826.htm,False,
SSII,2026-08-26 00:00:00,https://www.sec.gov/Archives/edgar/data/1676163/000121390026093946/0001213900-26-093946-index.htm,8-K,CURRENT REPORT,https://www.sec.gov/Archives/edgar/data/1676163/000121390026093946/ea0303229-8k_ssinnova.htm,False,
AVMR,2026-08-26 00:00:00,https://www.sec.gov/Archives/edgar/data/1676163/000121390026093946/0001213900-26-093946-index.htm,8-K,CURRENT REPORT,https://www.sec.gov/Archives/edgar/data/1676163/000121390026093946/ea0303229-8k_ssinnova.htm,False,
HELE,2026-08-26 00:00:00,https://www.sec.gov/Archives/edgar/data/916789/000091678926000104/0000916789-26-000104-index.htm,8-K,FORM 8-K,https://www.sec.gov/Archives/edgar/data/916789/000091678926000104/hele-20260825.htm,False,
HELE,2026-08-26 00:00:00,https://www.sec.gov/Archives/edgar/data/916789/000091678926000104/0000916789-26-000104-index.htm,EX-10.1,EX-10.1 FIRST AMENDMENT TO THE HELEN OF TROY LIMITED 2025 STOCK INCENTIVE PLAN,https://www.sec.gov/Archives/edgar/data/916789/000091678926000104/exhibit101-firstamendmentt.htm,False,
None,2026-08-26 00:00:00,https://www.sec.gov/Archives/edgar/data/1902649/000114036126034450/0001140361-26-034450-index.htm,8-K,8-K,https://www.sec.gov/Archives/edgar/data/1902649/000114036126034450/ef20080922_8k.htm,False,
CSBB,2026-08-26 00:00:00,https://www.sec.gov/Archives/edgar/data/880417/000119312526368277/0001193125-26-368277-index.htm,8-K,8-K,https://www.sec.gov/Archives/edgar/data/880417/000119312526368277/csbb-20260826.htm,False,
CSBB,2026-08-26 00:00:00,https://www.sec.gov/Archives/edgar/data/880417/000119312526368277/0001193125-26-368277-index.htm,EX-99.1,EX-99.1,https://www.sec.gov/Archives/edgar/data/880417/000119312526368277/csbb-ex99_1.htm,False,
CRM,2026-08-26 00:00:00,https://www.sec.gov/Archives/edgar/data/1108524/000110852426000187/0001108524-26-000187-index.htm,8-K,8-K,https://www.sec.gov/Archives/edgar/data/1108524/000110852426000187/crm-20260826.htm,False,
CRM,2026-08-26 00:00:00,https://www.sec.gov/Archives/edgar/data/1108524/000110852426000187/0001108524-26-000187-index.htm,EX-99.1,EX-99.1,https://www.sec.gov/Archives/edgar/data/1108524/000110852426000187/crm-q2fy27xexhibit991.htm,False,
OKTA,2026-08-26 00:00:00,https://www.sec.gov/Archives/edgar/data/1660134/000166013426000068/0001660134-26-000068-index.htm,8-K,8-K,https://www.sec.gov/Archives/edgar/data/1660134/000166013426000068/okta-20260826.htm,False,
OKTA,2026-08-26 00:00:00,https://www.sec.gov/Archives/edgar/data/1660134/000166013426000068/0001660134-26-000068-index.htm,EX-99.1,EX-99.1,https://www.sec.gov/Archives/edgar/data/1660134/000166013426000068/okta-7312026_ex991.htm,False,
GOSS,2026-08-26 00:00:00,https://www.sec.gov/Archives/edgar/data/1728117/000172811726000079/0001728117-26-000079-index.htm,8-K,8-K,https://www.sec.gov/Archives/edgar/data/1728117/000172811726000079/goss-20260824.htm,True,
SOEZ,2026-08-26 00:00:00,https://www.sec.gov/Archives/edgar/data/2057388/000119312526368251/0001193125-26-368251-index.htm,8-K,8-K,https://www.sec.gov/Archives/edgar/data/2057388/000119312526368251/d97669d8k.htm,False,
NTNX,2026-08-26 00:00:00,https://www.sec.gov/Archives/edgar/data/1618732/000117184326005752/0001171843-26-005752-index.htm,8-K,FORM 8-K,https://www.sec.gov/Archives/edgar/data/1618732/000117184326005752/f8k_082626.htm,False,
NTNX,2026-08-26 00:00:00,https://www.sec.gov/Archives/edgar/data/1618732/000117184326005752/0001171843-26-005752-index.htm,EX-99.1,PRESS RELEASE,https://www.sec.gov/Archives/edgar/data/1618732/000117184326005752/exh_991.htm,False,
HNVR,2026-08-26 00:00:00,https://www.sec.gov/Archives/edgar/data/1828588/000110465926101467/0001104659-26-101467-index.htm,8-K,8-K,https://www.sec.gov/Archives/edgar/data/1828588/000110465926101467/hnvr-20260826x8k.htm,False,
HNVR,2026-08-26 00:00:00,https://www.sec.gov/Archives/edgar/data/1828588/000110465926101467/0001104659-26-101467-index.htm,EX-99.1,EX-99.1,https://www.sec.gov/Archives/edgar/data/1828588/000110465926101467/hnvr-20260826xex99d1.htm,False,
BRLL,2026-08-26 00:00:00,https://www.sec.gov/Archives/edgar/data/1631463/000147793226005274/0001477932-26-005274-index.htm,8-K,FORM 8-K,https://www.sec.gov/Archives/edgar/data/1631463/000147793226005274/brll_8k.htm,False,
CPPTL,2026-08-26 00:00:00,https://www.sec.gov/Archives/edgar/data/1837671/000183767126000066/0001837671-26-000066-index.htm,8-K,8-K,https://www.sec.gov/Archives/edgar/data/1837671/000183767126000066/cpt-20260825.htm,False,
CPPTL,2026-08-26 00:00:00,https://www.sec.gov/Archives/edgar/data/1837671/000183767126000066/0001837671-26-000066-index.htm,EX-99.1,EX-99.1,https://www.sec.gov/Archives/edgar/data/1837671/000183767126000066/copperpropertytrust-onyx.htm,False,
None,2026-08-26 00:00:00,https://www.sec.gov/Archives/edgar/data/2145539/000153949726002363/0001539497-26-002363-index.htm,8-K,8-K,https://www.sec.gov/Archives/edgar/data/2145539/000153949726002363/n6014_x13-8k.htm,False,
LGST,2026-08-26 00:00:00,https://www.sec.gov/Archives/edgar/data/1860871/000149315226040216/0001493152-26-040216-index.htm,8-K,8-K,https://www.sec.gov/Archives/edgar/data/1860871/000149315226040216/form8-k.htm,False,
LGST,2026-08-26 00:00:00,https://www.sec.gov/Archives/edgar/data/1860871/000149315226040216/0001493152-26-040216-index.htm,EX-10.1,EX-10.1,https://www.sec.gov/Archives/edgar/data/1860871/000149315226040216/ex10-1.htm,False,
LGSTW,2026-08-26 00:00:00,https://www.sec.gov/Archives/edgar/data/1860871/000149315226040216/0001493152-26-040216-index.htm,8-K,8-K,https://www.sec.gov/Archives/edgar/data/1860871/000149315226040216/form8-k.htm,False,
LGSTW,2026-08-26 00:00:00,https://www.sec.gov/Archives/edgar/data/1860871/000149315226040216/0001493152-26-040216-index.htm,EX-10.1,EX-10.1,https://www.sec.gov/Archives/edgar/data/1860871/000149315226040216/ex10-1.htm,False,
LGSTU,2026-08-26 00:00:00,https://www.sec.gov/Archives/edgar/data/1860871/000149315226040216/0001493152-26-040216-index.htm,8-K,8-K,https://www.sec.gov/Archives/edgar/data/1860871/000149315226040216/form8-k.htm,False,
LGSTU,2026-08-26 00:00:00,https://www.sec.gov/Archives/edgar/data/1860871/000149315226040216/0001493152-26-040216-index.htm,EX-10.1,EX-10.1,https://www.sec.gov/Archives/edgar/data/1860871/000149315226040216/ex10-1.htm,False,
TVGNW,2026-08-26 00:00:00,https://www.sec.gov/Archives/edgar/data/1860871/000149315226040216/0001493152-26-040216-index.htm,8-K,8-K,https://www.sec.gov/Archives/edgar/data/1860871/000149315226040216/form8-k.htm,False,
TVGNW,2026-08-26 00:00:00,https://www.sec.gov/Archives/edgar/data/1860871/000149315226040216/0001493152-26-040216-index.htm,EX-10.1,EX-10.1,https://www.sec.gov/Archives/edgar/data/1860871/000149315226040216/ex10-1.htm,False,
TVGN,2026-08-26 00:00:00,https://www.sec.gov/Archives/edgar/data/1860871/000149315226040216/0001493152-26-040216-index.htm,8-K,8-K,https://www.sec.gov/Archives/edgar/data/1860871/000149315226040216/form8-k.htm,False,
TVGN,2026-08-26 00:00:00,https://www.sec.gov/Archives/edgar/data/1860871/000149315226040216/0001493152-26-040216-index.htm,EX-10.1,EX-10.1,https://www.sec.gov/Archives/edgar/data/1860871/000149315226040216/ex10-1.htm,False,
None,2026-08-26 00:00:00,https://www.sec.gov/Archives/edgar/data/1989817/000162828026059060/0001628280-26-059060-index.htm,8-K,8-K,https://www.sec.gov/Archives/edgar/data/1989817/000162828026059060/hcap-20260825.htm,False,
NVL,2026-08-26 00:00:00,https://www.sec.gov/Archives/edgar/data/1304280/000130428026000034/0001304280-26-000034-index.htm,8-K,8-K,https://www.sec.gov/Archives/edgar/data/1304280/000130428026000034/nvl-20260824.htm,False,
NVL,2026-08-26 00:00:00,https://www.sec.gov/Archives/edgar/data/1304280/000130428026000034/0001304280-26-000034-index.htm,EX-10.1,EX-10.1,https://www.sec.gov/Archives/edgar/data/1304280/000130428026000034/novelisfy2027aipplandocume.htm,False,
NVL,2026-08-26 00:00:00,https://www.sec.gov/Archives/edgar/data/1304280/000130428026000034/0001304280-26-000034-index.htm,EX-10.2,EX-10.2,https://www.sec.gov/Archives/edgar/data/1304280/000130428026000034/fy2027ltip.htm,False,
None,2026-08-26 00:00:00,https://www.sec.gov/Archives/edgar/data/1838126/000162828026059056/0001628280-26-059056-index.htm,8-K,8-K,https://www.sec.gov/Archives/edgar/data/1838126/000162828026059056/hlend-20260825.htm,False,
None,2026-08-26 00:00:00,https://www.sec.gov/Archives/edgar/data/1463913/000143774926028979/0001437749-26-028979-index.htm,8-K,FORM 8-K,https://www.sec.gov/Archives/edgar/data/1463913/000143774926028979/usac20260826_8k.htm,False,
SSEA,2026-08-26 00:00:00,https://www.sec.gov/Archives/edgar/data/2059165/000182912626009351/0001829126-26-009351-index.htm,8-K,8-K,https://www.sec.gov/Archives/edgar/data/2059165/000182912626009351/starrysea_8k.htm,True,
SSEA,2026-08-26 00:00:00,https://www.sec.gov/Archives/edgar/data/2059165/000182912626009351/0001829126-26-009351-index.htm,EX-10.1,EXHIBIT 10.1,https://www.sec.gov/Archives/edgar/data/2059165/000182912626009351/starrysea_ex10-1.htm,False,
SSEA,2026-08-26 00:00:00,https://www.sec.gov/Archives/edgar/data/2059165/000182912626009351/0001829126-26-009351-index.htm,EX-99.1,EXHIBIT 99.1,https://www.sec.gov/Archives/edgar/data/2059165/000182912626009351/starrysea_ex99-1.htm,False,
SSEAU,2026-08-26 00:00:00,https://www.sec.gov/Archives/edgar/data/2059165/000182912626009351/0001829126-26-009351-index.htm,8-K,8-K,https://www.sec.gov/Archives/edgar/data/2059165/000182912626009351/starrysea_8k.htm,True,
SSEAU,2026-08-26 00:00:00,https://www.sec.gov/Archives/edgar/data/2059165/000182912626009351/0001829126-26-009351-index.htm,EX-10.1,EXHIBIT 10.1,https://www.sec.gov/Archives/edgar/data/2059165/000182912626009351/starrysea_ex10-1.htm,False,
SSEAU,2026-08-26 00:00:00,https://www.sec.gov/Archives/edgar/data/2059165/000182912626009351/0001829126-26-009351-index.htm,EX-99.1,EXHIBIT 99.1,https://www.sec.gov/Archives/edgar/data/2059165/000182912626009351/starrysea_ex99-1.htm,False,
BKHAR,2026-08-26 00:00:00,https://www.sec.gov/Archives/edgar/data/2000775/000182912626009347/0001829126-26-009347-index.htm,8-K,8-K,https://www.sec.gov/Archives/edgar/data/2000775/000182912626009347/blackhawkacq_8k.htm,True,
BKHAR,2026-08-26 00:00:00,https://www.sec.gov/Archives/edgar/data/2000775/000182912626009347/0001829126-26-009347-index.htm,EX-10.1,EXHIBIT 10.1,https://www.sec.gov/Archives/edgar/data/2000775/000182912626009347/blackhawkacq_ex10-1.htm,False,
BKHAU,2026-08-26 00:00:00,https://www.sec.gov/Archives/edgar/data/2000775/000182912626009347/0001829126-26-009347-index.htm,8-K,8-K,https://www.sec.gov/Archives/edgar/data/2000775/000182912626009347/blackhawkacq_8k.htm,True,
BKHAU,2026-08-26 00:00:00,https://www.sec.gov/Archives/edgar/data/2000775/000182912626009347/0001829126-26-009347-index.htm,EX-10.1,EXHIBIT 10.1,https://www.sec.gov/Archives/edgar/data/2000775/000182912626009347/blackhawkacq_ex10-1.htm,False,
BKHA,2026-08-26 00:00:00,https://www.sec.gov/Archives/edgar/data/2000775/000182912626009347/0001829126-26-009347-index.htm,8-K,8-K,https://www.sec.gov/Archives/edgar/data/2000775/000182912626009347/blackhawkacq_8k.htm,True,
BKHA,2026-08-26 00:00:00,https://www.sec.gov/Archives/edgar/data/2000775/000182912626009347/0001829126-26-009347-index.htm,EX-10.1,EXHIBIT 10.1,https://www.sec.gov/Archives/edgar/data/2000775/000182912626009347/blackhawkacq_ex10-1.htm,False,
RVMDW,2026-08-26 00:00:00,https://www.sec.gov/Archives/edgar/data/1628171/000119312526366931/0001193125-26-366931-index.htm,8-K,8-K,https://www.sec.gov/Archives/edgar/data/1628171/000119312526366931/rvmd-20260826.htm,False,
RVMD,2026-08-26 00:00:00,https://www.sec.gov/Archives/edgar/data/1628171/000119312526366931/0001193125-26-366931-index.htm,8-K,8-K,https://www.sec.gov/Archives/edgar/data/1628171/000119312526366931/rvmd-20260826.htm,False,
None,2026-08-26 00:00:00,https://www.sec.gov/Archives/edgar/data/1083199/000110465926101281/0001104659-26-101281-index.htm,8-K,FORM 8-K,https://www.sec.gov/Archives/edgar/data/1083199/000110465926101281/tm2622477d11_8kseq1.htm,False,
None,2026-08-26 00:00:00,https://www.sec.gov/Archives/edgar/data/1083199/000110465926101281/0001104659-26-101281-index.htm,EX-99.1,RECEIVABLES PURCHASE AGREEMENT,https://www.sec.gov/Archives/edgar/data/1083199/000110465926101281/tm2622477d11_ex99-1.htm,False,
None,2026-08-26 00:00:00,https://www.sec.gov/Archives/edgar/data/2146760/000110465926101281/0001104659-26-101281-index.htm,8-K,FORM 8-K,https://www.sec.gov/Archives/edgar/data/1083199/000110465926101281/tm2622477d11_8kseq1.htm,False,
None,2026-08-26 00:00:00,https://www.sec.gov/Archives/edgar/data/2146760/000110465926101281/0001104659-26-101281-index.htm,EX-99.1,RECEIVABLES PURCHASE AGREEMENT,https://www.sec.gov/Archives/edgar/data/1083199/000110465926101281/tm2622477d11_ex99-1.htm,False,
LEG,2026-08-26 00:00:00,https://www.sec.gov/Archives/edgar/data/58492/000119312526366694/0001193125-26-366694-index.htm,8-K,8-K,https://www.sec.gov/Archives/edgar/data/58492/000119312526366694/d152590d8k.htm,True,
WKSPW,2026-08-26 00:00:00,https://www.sec.gov/Archives/edgar/data/1096275/000149315226040186/0001493152-26-040186-index.htm,8-K,8-K,https://www.sec.gov/Archives/edgar/data/1096275/000149315226040186/form8-k.htm,False,
WKSPW,2026-08-26 00:00:00,https://www.sec.gov/Archives/edgar/data/1096275/000149315226040186/0001493152-26-040186-index.htm,EX-99.1,EX-99.1,https://www.sec.gov/Archives/edgar/data/1096275/000149315226040186/ex99-1.htm,False,
WKSP,2026-08-26 00:00:00,https://www.sec.gov/Archives/edgar/data/1096275/000149315226040186/0001493152-26-040186-index.htm,8-K,8-K,https://www.sec.gov/Archives/edgar/data/1096275/000149315226040186/form8-k.htm,False,
WKSP,2026-08-26 00:00:00,https://www.sec.gov/Archives/edgar/data/1096275/000149315226040186/0001493152-26-040186-index.htm,EX-99.1,EX-99.1,https://www.sec.gov/Archives/edgar/data/1096275/000149315226040186/ex99-1.htm,False,
TPX,2026-08-26 00:00:00,https://www.sec.gov/Archives/edgar/data/1206264/000120626426000121/0001206264-26-000121-index.htm,8-K,FORM 8-K,https://www.sec.gov/Archives/edgar/data/1206264/000120626426000121/sgi-20260826.htm,False,
TPX,2026-08-26 00:00:00,https://www.sec.gov/Archives/edgar/data/1206264/000120626426000121/0001206264-26-000121-index.htm,EX-99.1,EX-99.1 - SOMNIGROUP COMPLETES COMBINATION WITH LEGGETT & PLATT,https://www.sec.gov/Archives/edgar/data/1206264/000120626426000121/exhibit991-somnigroupcompl.htm,False,
SGI,2026-08-26 00:00:00,https://www.sec.gov/Archives/edgar/data/1206264/000120626426000121/0001206264-26-000121-index.htm,8-K,FORM 8-K,https://www.sec.gov/Archives/edgar/data/1206264/000120626426000121/sgi-20260826.htm,False,
SGI,2026-08-26 00:00:00,https://www.sec.gov/Archives/edgar/data/1206264/000120626426000121/0001206264-26-000121-index.htm,EX-99.1,EX-99.1 - SOMNIGROUP COMPLETES COMBINATION WITH LEGGETT & PLATT,https://www.sec.gov/Archives/edgar/data/1206264/000120626426000121/exhibit991-somnigroupcompl.htm,False,
FDCT,2026-08-26 00:00:00,https://www.sec.gov/Archives/edgar/data/1722731/000149315226040184/0001493152-26-040184-index.htm,8-K,8-K,https://www.sec.gov/Archives/edgar/data/1722731/000149315226040184/form8-k.htm,False,
AEL-PB,2026-08-26 00:00:00,https://www.sec.gov/Archives/edgar/data/1039828/000103982826000018/0001039828-26-000018-index.htm,8-K,8-K,https://www.sec.gov/Archives/edgar/data/1039828/000103982826000018/angpd-20260826.htm,False,
AEL-PB,2026-08-26 00:00:00,https://www.sec.gov/Archives/edgar/data/1039828/000103982826000018/0001039828-26-000018-index.htm,EX-99.1,EXHIBIT 99.1,https://www.sec.gov/Archives/edgar/data/1039828/000103982826000018/a2026-06x30ex991.htm,True,
AEL-PA,2026-08-26 00:00:00,https://www.sec.gov/Archives/edgar/data/1039828/000103982826000018/0001039828-26-000018-index.htm,8-K,8-K,https://www.sec.gov/Archives/edgar/data/1039828/000103982826000018/angpd-20260826.htm,False,
AEL-PA,2026-08-26 00:00:00,https://www.sec.gov/Archives/edgar/data/1039828/000103982826000018/0001039828-26-000018-index.htm,EX-99.1,EXHIBIT 99.1,https://www.sec.gov/Archives/edgar/data/1039828/000103982826000018/a2026-06x30ex991.htm,True,
AEL,2026-08-26 00:00:00,https://www.sec.gov/Archives/edgar/data/1039828/000103982826000018/0001039828-26-000018-index.htm,8-K,8-K,https://www.sec.gov/Archives/edgar/data/1039828/000103982826000018/angpd-20260826.htm,False,
AEL,2026-08-26 00:00:00,https://www.sec.gov/Archives/edgar/data/1039828/000103982826000018/0001039828-26-000018-index.htm,EX-99.1,EXHIBIT 99.1,https://www.sec.gov/Archives/edgar/data/1039828/000103982826000018/a2026-06x30ex991.htm,True,
None,2026-08-26 00:00:00,https://www.sec.gov/Archives/edgar/data/2088805/000121390026093821/0001213900-26-093821-index.htm,8-K,CURRENT REPORT,https://www.sec.gov/Archives/edgar/data/2088805/000121390026093821/ea0303421-8k_inflection7.htm,False,
SAK,2026-08-26 00:00:00,https://www.sec.gov/Archives/edgar/data/1377936/000121390026093812/0001213900-26-093812-index.htm,8-K,CURRENT REPORT,https://www.sec.gov/Archives/edgar/data/1377936/000121390026093812/ea0303350-8k_saratoga.htm,True,
SAZ,2026-08-26 00:00:00,https://www.sec.gov/Archives/edgar/data/1377936/000121390026093812/0001213900-26-093812-index.htm,8-K,CURRENT REPORT,https://www.sec.gov/Archives/edgar/data/1377936/000121390026093812/ea0303350-8k_saratoga.htm,True,
SAT,2026-08-26 00:00:00,https://www.sec.gov/Archives/edgar/data/1377936/000121390026093812/0001213900-26-093812-index.htm,8-K,CURRENT REPORT,https://www.sec.gov/Archives/edgar/data/1377936/000121390026093812/ea0303350-8k_saratoga.htm,True,
SAV,2026-08-26 00:00:00,https://www.sec.gov/Archives/edgar/data/1377936/000121390026093812/0001213900-26-093812-index.htm,8-K,CURRENT REPORT,https://www.sec.gov/Archives/edgar/data/1377936/000121390026093812/ea0303350-8k_saratoga.htm,True,
SAY,2026-08-26 00:00:00,https://www.sec.gov/Archives/edgar/data/1377936/000121390026093812/0001213900-26-093812-index.htm,8-K,CURRENT REPORT,https://www.sec.gov/Archives/edgar/data/1377936/000121390026093812/ea0303350-8k_saratoga.htm,True,
SAR,2026-08-26 00:00:00,https://www.sec.gov/Archives/edgar/data/1377936/000121390026093812/0001213900-26-093812-index.htm,8-K,CURRENT REPORT,https://www.sec.gov/Archives/edgar/data/1377936/000121390026093812/ea0303350-8k_saratoga.htm,True,
SAJ,2026-08-26 00:00:00,https://www.sec.gov/Archives/edgar/data/1377936/000121390026093812/0001213900-26-093812-index.htm,8-K,CURRENT REPORT,https://www.sec.gov/Archives/edgar/data/1377936/000121390026093812/ea0303350-8k_saratoga.htm,True,
None,2026-08-26 00:00:00,https://www.sec.gov/Archives/edgar/data/1919369/000119312526366384/0001193125-26-366384-index.htm,8-K,8-K,https://www.sec.gov/Archives/edgar/data/1919369/000119312526366384/ck0001919369-20260821.htm,False,
XL,2026-08-26 00:00:00,https://www.sec.gov/Archives/edgar/data/1772720/000162828026059001/0001628280-26-059001-index.htm,8-K,8-K,https://www.sec.gov/Archives/edgar/data/1772720/000162828026059001/spru-20260825.htm,False,
SPRU,2026-08-26 00:00:00,https://www.sec.gov/Archives/edgar/data/1772720/000162828026059001/0001628280-26-059001-index.htm,8-K,8-K,https://www.sec.gov/Archives/edgar/data/1772720/000162828026059001/spru-20260825.htm,False,
SMMT,2026-08-26 00:00:00,https://www.sec.gov/Archives/edgar/data/1599298/000159929826000074/0001599298-26-000074-index.htm,8-K,8-K,https://www.sec.gov/Archives/edgar/data/1599298/000159929826000074/smmt-20260825.htm,False,
SMMT,2026-08-26 00:00:00,https://www.sec.gov/Archives/edgar/data/1599298/000159929826000074/0001599298-26-000074-index.htm,EX-99.1,EX-99.1,https://www.sec.gov/Archives/edgar/data/1599298/000159929826000074/a2026_prx0825xharmoni-gi.htm,False,
NOMA,2026-08-26 00:00:00,https://www.sec.gov/Archives/edgar/data/1994214/000149315226040172/0001493152-26-040172-index.htm,8-K,8-K,https://www.sec.gov/Archives/edgar/data/1994214/000149315226040172/form8-k.htm,False,
AGIG,2026-08-26 00:00:00,https://www.sec.gov/Archives/edgar/data/1156041/000149315226040171/0001493152-26-040171-index.htm,8-K,8-K,https://www.sec.gov/Archives/edgar/data/1156041/000149315226040171/form8-k.htm,False,
AGIG,2026-08-26 00:00:00,https://www.sec.gov/Archives/edgar/data/1156041/000149315226040171/0001493152-26-040171-index.htm,EX-99.1,EX-99.1,https://www.sec.gov/Archives/edgar/data/1156041/000149315226040171/ex99-1.htm,False,
HUSA,2026-08-26 00:00:00,https://www.sec.gov/Archives/edgar/data/1156041/000149315226040171/0001493152-26-040171-index.htm,8-K,8-K,https://www.sec.gov/Archives/edgar/data/1156041/000149315226040171/form8-k.htm,False,
HUSA,2026-08-26 00:00:00,https://www.sec.gov/Archives/edgar/data/1156041/000149315226040171/0001493152-26-040171-index.htm,EX-99.1,EX-99.1,https://www.sec.gov/Archives/edgar/data/1156041/000149315226040171/ex99-1.htm,False,
None,2026-08-26 00:00:00,https://www.sec.gov/Archives/edgar/data/1953520/000119312526366028/0001193125-26-366028-index.htm,8-K,8-K,https://www.sec.gov/Archives/edgar/data/1953520/000119312526366028/ck0001953520-20260826.htm,False,
None,2026-08-26 00:00:00,https://www.sec.gov/Archives/edgar/data/1953520/000119312526366028/0001193125-26-366028-index.htm,EX-99.1,EX-99.1,https://www.sec.gov/Archives/edgar/data/1953520/000119312526366028/ck0001953520-ex99_1.htm,False,
GEVO,2026-08-26 00:00:00,https://www.sec.gov/Archives/edgar/data/1392380/000110465926101084/0001104659-26-101084-index.htm,8-K,FORM 8-K,https://www.sec.gov/Archives/edgar/data/1392380/000110465926101084/tm2623862d1_8k.htm,False,
GEVO,2026-08-26 00:00:00,https://www.sec.gov/Archives/edgar/data/1392380/000110465926101084/0001104659-26-101084-index.htm,EX-99.1,EXHIBIT 99.1,https://www.sec.gov/Archives/edgar/data/1392380/000110465926101084/tm2623862d1_ex99-1.htm,False,
None,2026-08-26 00:00:00,https://www.sec.gov/Archives/edgar/data/2134856/000182912626009338/0001829126-26-009338-index.htm,8-K,8-K,https://www.sec.gov/Archives/edgar/data/2134856/000182912626009338/karmanlineacq_8k.htm,False,
None,2026-08-26 00:00:00,https://www.sec.gov/Archives/edgar/data/2134856/000182912626009338/0001829126-26-009338-index.htm,EX-99.1,EXHIBIT 99.1,https://www.sec.gov/Archives/edgar/data/2134856/000182912626009338/karmanlineacq_ex99-1.htm,False,
GYRE,2026-08-26 00:00:00,https://www.sec.gov/Archives/edgar/data/1124105/000114036126034401/0001140361-26-034401-index.htm,8-K,8-K,https://www.sec.gov/Archives/edgar/data/1124105/000114036126034401/ef20081104_8k.htm,False,
GYRE,2026-08-26 00:00:00,https://www.sec.gov/Archives/edgar/data/1124105/000114036126034401/0001140361-26-034401-index.htm,EX-99.1,EXHIBIT 99.1,https://www.sec.gov/Archives/edgar/data/1124105/000114036126034401/ef20081104_ex99-1.htm,False,
CBIO,2026-08-26 00:00:00,https://www.sec.gov/Archives/edgar/data/1124105/000114036126034401/0001140361-26-034401-index.htm,8-K,8-K,https://www.sec.gov/Archives/edgar/data/1124105/000114036126034401/ef20081104_8k.htm,False,
CBIO,2026-08-26 00:00:00,https://www.sec.gov/Archives/edgar/data/1124105/000114036126034401/0001140361-26-034401-index.htm,EX-99.1,EXHIBIT 99.1,https://www.sec.gov/Archives/edgar/data/1124105/000114036126034401/ef20081104_ex99-1.htm,False,
TRGT,2026-08-26 00:00:00,https://www.sec.gov/Archives/edgar/data/1124105/000114036126034401/0001140361-26-034401-index.htm,8-K,8-K,https://www.sec.gov/Archives/edgar/data/1124105/000114036126034401/ef20081104_8k.htm,False,
TRGT,2026-08-26 00:00:00,https://www.sec.gov/Archives/edgar/data/1124105/000114036126034401/0001140361-26-034401-index.htm,EX-99.1,EXHIBIT 99.1,https://www.sec.gov/Archives/edgar/data/1124105/000114036126034401/ef20081104_ex99-1.htm,False,
DUOT,2026-08-26 00:00:00,https://www.sec.gov/Archives/edgar/data/1396536/000107997326001181/0001079973-26-001181-index.htm,8-K,FORM 8-K,https://www.sec.gov/Archives/edgar/data/1396536/000107997326001181/duot_8k.htm,False,
DUOT,2026-08-26 00:00:00,https://www.sec.gov/Archives/edgar/data/1396536/000107997326001181/0001079973-26-001181-index.htm,EX-99.1,EXHIBIT 99.1,https://www.sec.gov/Archives/edgar/data/1396536/000107997326001181/ex99x1.htm,False,
ACNT,2026-08-26 00:00:00,https://www.sec.gov/Archives/edgar/data/95953/000009595326000111/0000095953-26-000111-index.htm,8-K,8-K,https://www.sec.gov/Archives/edgar/data/95953/000009595326000111/acnt-20260826.htm,False,
ACNT,2026-08-26 00:00:00,https://www.sec.gov/Archives/edgar/data/95953/000009595326000111/0000095953-26-000111-index.htm,EX-99.1,EX-99.1,https://www.sec.gov/Archives/edgar/data/95953/000009595326000111/ir_acntxmidwestideasconf.htm,False,
SYNL,2026-08-26 00:00:00,https://www.sec.gov/Archives/edgar/data/95953/000009595326000111/0000095953-26-000111-index.htm,8-K,8-K,https://www.sec.gov/Archives/edgar/data/95953/000009595326000111/acnt-20260826.htm,False,
SYNL,2026-08-26 00:00:00,https://www.sec.gov/Archives/edgar/data/95953/000009595326000111/0000095953-26-000111-index.htm,EX-99.1,EX-99.1,https://www.sec.gov/Archives/edgar/data/95953/000009595326000111/ir_acntxmidwestideasconf.htm,False,
WM,2026-08-26 00:00:00,https://www.sec.gov/Archives/edgar/data/823768/000110465926101077/0001104659-26-101077-index.htm,8-K,FORM 8-K,https://www.sec.gov/Archives/edgar/data/823768/000110465926101077/tm2624023d1_8k.htm,False,
WM,2026-08-26 00:00:00,https://www.sec.gov/Archives/edgar/data/823768/000110465926101077/0001104659-26-101077-index.htm,EX-99.1,EXHIBIT 99.1,https://www.sec.gov/Archives/edgar/data/823768/000110465926101077/tm2624023d1_ex99-1.htm,False,
CELC,2026-08-26 00:00:00,https://www.sec.gov/Archives/edgar/data/1603454/000119312526365975/0001193125-26-365975-index.htm,8-K,8-K,https://www.sec.gov/Archives/edgar/data/1603454/000119312526365975/celc-20260826.htm,False,
CELC,2026-08-26 00:00:00,https://www.sec.gov/Archives/edgar/data/1603454/000119312526365975/0001193125-26-365975-index.htm,EX-99.1,EX-99.1,https://www.sec.gov/Archives/edgar/data/1603454/000119312526365975/celc-ex99_1.htm,False,
BRLSW,2026-08-26 00:00:00,https://www.sec.gov/Archives/edgar/data/1852973/000121390026093739/0001213900-26-093739-index.htm,8-K,CURRENT REPORT,https://www.sec.gov/Archives/edgar/data/1852973/000121390026093739/ea0303368-8k_borealis.htm,False,
BRLSW,2026-08-26 00:00:00,https://www.sec.gov/Archives/edgar/data/1852973/000121390026093739/0001213900-26-093739-index.htm,EX-99.1,"PRESS RELEASE, DATED AUGUST 26, 2026",https://www.sec.gov/Archives/edgar/data/1852973/000121390026093739/ea030336801ex99-1.htm,False,
BRLS,2026-08-26 00:00:00,https://www.sec.gov/Archives/edgar/data/1852973/000121390026093739/0001213900-26-093739-index.htm,8-K,CURRENT REPORT,https://www.sec.gov/Archives/edgar/data/1852973/000121390026093739/ea0303368-8k_borealis.htm,False,
BRLS,2026-08-26 00:00:00,https://www.sec.gov/Archives/edgar/data/1852973/000121390026093739/0001213900-26-093739-index.htm,EX-99.1,"PRESS RELEASE, DATED AUGUST 26, 2026",https://www.sec.gov/Archives/edgar/data/1852973/000121390026093739/ea030336801ex99-1.htm,False,
OXUSU,2026-08-26 00:00:00,https://www.sec.gov/Archives/edgar/data/1852973/000121390026093739/0001213900-26-093739-index.htm,8-K,CURRENT REPORT,https://www.sec.gov/Archives/edgar/data/1852973/000121390026093739/ea0303368-8k_borealis.htm,False,
OXUSU,2026-08-26 00:00:00,https://www.sec.gov/Archives/edgar/data/1852973/000121390026093739/0001213900-26-093739-index.htm,EX-99.1,"PRESS RELEASE, DATED AUGUST 26, 2026",https://www.sec.gov/Archives/edgar/data/1852973/000121390026093739/ea030336801ex99-1.htm,False,
OXUS,2026-08-26 00:00:00,https://www.sec.gov/Archives/edgar/data/1852973/000121390026093739/0001213900-26-093739-index.htm,8-K,CURRENT REPORT,https://www.sec.gov/Archives/edgar/data/1852973/000121390026093739/ea0303368-8k_borealis.htm,False,
OXUS,2026-08-26 00:00:00,https://www.sec.gov/Archives/edgar/data/1852973/000121390026093739/0001213900-26-093739-index.htm,EX-99.1,"PRESS RELEASE, DATED AUGUST 26, 2026",https://www.sec.gov/Archives/edgar/data/1852973/000121390026093739/ea030336801ex99-1.htm,False,
OXUSW,2026-08-26 00:00:00,https://www.sec.gov/Archives/edgar/data/1852973/000121390026093739/0001213900-26-093739-index.htm,8-K,CURRENT REPORT,https://www.sec.gov/Archives/edgar/data/1852973/000121390026093739/ea0303368-8k_borealis.htm,False,
OXUSW,2026-08-26 00:00:00,https://www.sec.gov/Archives/edgar/data/1852973/000121390026093739/0001213900-26-093739-index.htm,EX-99.1,"PRESS RELEASE, DATED AUGUST 26, 2026",https://www.sec.gov/Archives/edgar/data/1852973/000121390026093739/ea030336801ex99-1.htm,False,
MU,2026-08-26 00:00:00,https://www.sec.gov/Archives/edgar/data/723125/000110465926101067/0001104659-26-101067-index.htm,8-K,FORM 8-K,https://www.sec.gov/Archives/edgar/data/723125/000110465926101067/tm2624017d1_8k.htm,False,
MU,2026-08-26 00:00:00,https://www.sec.gov/Archives/edgar/data/723125/000110465926101067/0001104659-26-101067-index.htm,EX-99.1,EXHIBIT 99.1,https://www.sec.gov/Archives/edgar/data/723125/000110465926101067/tm2624017d1_ex99-1.htm,False,
PMTS,2026-08-26 00:00:00,https://www.sec.gov/Archives/edgar/data/1641614/000164161426000124/0001641614-26-000124-index.htm,8-K,8-K,https://www.sec.gov/Archives/edgar/data/1641614/000164161426000124/pmts-20260820.htm,False,
PMTS,2026-08-26 00:00:00,https://www.sec.gov/Archives/edgar/data/1641614/000164161426000124/0001641614-26-000124-index.htm,EX-99.1,EX-99.1,https://www.sec.gov/Archives/edgar/data/1641614/000164161426000124/exh991-pressrelease.htm,False,
KHC,2026-08-26 00:00:00,https://www.sec.gov/Archives/edgar/data/1637459/000163745926000057/0001637459-26-000057-index.htm,8-K,8-K,https://www.sec.gov/Archives/edgar/data/1637459/000163745926000057/khc-20260824.htm,False,
KHC,2026-08-26 00:00:00,https://www.sec.gov/Archives/edgar/data/1637459/000163745926000057/0001637459-26-000057-index.htm,EX-99.1,EX-99.1,https://www.sec.gov/Archives/edgar/data/1637459/000163745926000057/ex991-nysepressrelease82526.htm,False,
WSM,2026-08-26 00:00:00,https://www.sec.gov/Archives/edgar/data/719955/000071995526000203/0000719955-26-000203-index.htm,8-K,8-K,https://www.sec.gov/Archives/edgar/data/719955/000071995526000203/wsm-20260826.htm,False,
WSM,2026-08-26 00:00:00,https://www.sec.gov/Archives/edgar/data/719955/000071995526000203/0000719955-26-000203-index.htm,EX-99.1,EX-99.1,https://www.sec.gov/Archives/edgar/data/719955/000071995526000203/exhibit991fy2026q2earnings.htm,False,
NTRP,2026-08-26 00:00:00,https://www.sec.gov/Archives/edgar/data/788611/000149315226040166/0001493152-26-040166-index.htm,8-K,8-K,https://www.sec.gov/Archives/edgar/data/788611/000149315226040166/form8-k.htm,False,
NTRP,2026-08-26 00:00:00,https://www.sec.gov/Archives/edgar/data/788611/000149315226040166/0001493152-26-040166-index.htm,EX-99.1,EX-99.1,https://www.sec.gov/Archives/edgar/data/788611/000149315226040166/ex99-1.htm,False,
SASI,2026-08-26 00:00:00,https://www.sec.gov/Archives/edgar/data/788611/000149315226040166/0001493152-26-040166-index.htm,8-K,8-K,https://www.sec.gov/Archives/edgar/data/788611/000149315226040166/form8-k.htm,False,
SASI,2026-08-26 00:00:00,https://www.sec.gov/Archives/edgar/data/788611/000149315226040166/0001493152-26-040166-index.htm,EX-99.1,EX-99.1,https://www.sec.gov/Archives/edgar/data/788611/000149315226040166/ex99-1.htm,False,
SGLB,2026-08-26 00:00:00,https://www.sec.gov/Archives/edgar/data/788611/000149315226040166/0001493152-26-040166-index.htm,8-K,8-K,https://www.sec.gov/Archives/edgar/data/788611/000149315226040166/form8-k.htm,False,
SGLB,2026-08-26 00:00:00,https://www.sec.gov/Archives/edgar/data/788611/000149315226040166/0001493152-26-040166-index.htm,EX-99.1,EX-99.1,https://www.sec.gov/Archives/edgar/data/788611/000149315226040166/ex99-1.htm,False,
SGLBW,2026-08-26 00:00:00,https://www.sec.gov/Archives/edgar/data/788611/000149315226040166/0001493152-26-040166-index.htm,8-K,8-K,https://www.sec.gov/Archives/edgar/data/788611/000149315226040166/form8-k.htm,False,
SGLBW,2026-08-26 00:00:00,https://www.sec.gov/Archives/edgar/data/788611/000149315226040166/0001493152-26-040166-index.htm,EX-99.1,EX-99.1,https://www.sec.gov/Archives/edgar/data/788611/000149315226040166/ex99-1.htm,False,
SNYR,2026-08-26 00:00:00,https://www.sec.gov/Archives/edgar/data/1562733/000121390026093728/0001213900-26-093728-index.htm,8-K,CURRENT REPORT,https://www.sec.gov/Archives/edgar/data/1562733/000121390026093728/ea0303430-8k_synergy.htm,True,
CRNC,2026-08-26 00:00:00,https://www.sec.gov/Archives/edgar/data/1768267/000162828026058988/0001628280-26-058988-index.htm,8-K,8-K,https://www.sec.gov/Archives/edgar/data/1768267/000162828026058988/crnc-20260825.htm,False,
ANF,2026-08-26 00:00:00,https://www.sec.gov/Archives/edgar/data/1018840/000101884026000041/0001018840-26-000041-index.htm,8-K,8-K,https://www.sec.gov/Archives/edgar/data/1018840/000101884026000041/anf-20260826.htm,False,
ANF,2026-08-26 00:00:00,https://www.sec.gov/Archives/edgar/data/1018840/000101884026000041/0001018840-26-000041-index.htm,EX-99.1,EX-99.1,https://www.sec.gov/Archives/edgar/data/1018840/000101884026000041/q22026pressrelease.htm,True,
None,2026-08-26 00:00:00,https://www.sec.gov/Archives/edgar/data/1956439/000162828026058985/0001628280-26-058985-index.htm,8-K,8-K,https://www.sec.gov/Archives/edgar/data/1956439/000162828026058985/apadu-20260825.htm,False,
None,2026-08-26 00:00:00,https://www.sec.gov/Archives/edgar/data/1956439/000162828026058985/0001628280-26-058985-index.htm,EX-99.1,EX-99.1,https://www.sec.gov/Archives/edgar/data/1956439/000162828026058985/exhibit991indextoconsolida.htm,False,
PRTHW,2026-08-26 00:00:00,https://www.sec.gov/Archives/edgar/data/1653558/000165355826000134/0001653558-26-000134-index.htm,8-K,8-K,https://www.sec.gov/Archives/edgar/data/1653558/000165355826000134/prth-20260825.htm,True,
PRTHW,2026-08-26 00:00:00,https://www.sec.gov/Archives/edgar/data/1653558/000165355826000134/0001653558-26-000134-index.htm,EX-10.1,EX-10.1,https://www.sec.gov/Archives/edgar/data/1653558/000165355826000134/ex101membershipinterestp.htm,True,
PRTHW,2026-08-26 00:00:00,https://www.sec.gov/Archives/edgar/data/1653558/000165355826000134/0001653558-26-000134-index.htm,EX-99.1,EX-99.1,https://www.sec.gov/Archives/edgar/data/1653558/000165355826000134/ex991intellipaypressreleas.htm,False,
PRTH,2026-08-26 00:00:00,https://www.sec.gov/Archives/edgar/data/1653558/000165355826000134/0001653558-26-000134-index.htm,8-K,8-K,https://www.sec.gov/Archives/edgar/data/1653558/000165355826000134/prth-20260825.htm,True,
PRTH,2026-08-26 00:00:00,https://www.sec.gov/Archives/edgar/data/1653558/000165355826000134/0001653558-26-000134-index.htm,EX-10.1,EX-10.1,https://www.sec.gov/Archives/edgar/data/1653558/000165355826000134/ex101membershipinterestp.htm,True,
PRTH,2026-08-26 00:00:00,https://www.sec.gov/Archives/edgar/data/1653558/000165355826000134/0001653558-26-000134-index.htm,EX-99.1,EX-99.1,https://www.sec.gov/Archives/edgar/data/1653558/000165355826000134/ex991intellipaypressreleas.htm,False,
PRTHU,2026-08-26 00:00:00,https://www.sec.gov/Archives/edgar/data/1653558/000165355826000134/0001653558-26-000134-index.htm,8-K,8-K,https://www.sec.gov/Archives/edgar/data/1653558/000165355826000134/prth-20260825.htm,True,
PRTHU,2026-08-26 00:00:00,https://www.sec.gov/Archives/edgar/data/1653558/000165355826000134/0001653558-26-000134-index.htm,EX-10.1,EX-10.1,https://www.sec.gov/Archives/edgar/data/1653558/000165355826000134/ex101membershipinterestp.htm,True,
PRTHU,2026-08-26 00:00:00,https://www.sec.gov/Archives/edgar/data/1653558/000165355826000134/0001653558-26-000134-index.htm,EX-99.1,EX-99.1,https://www.sec.gov/Archives/edgar/data/1653558/000165355826000134/ex991intellipaypressreleas.htm,False,
BBWI,2026-08-26 00:00:00,https://www.sec.gov/Archives/edgar/data/701985/000070198526000025/0000701985-26-000025-index.htm,8-K,8-K,https://www.sec.gov/Archives/edgar/data/701985/000070198526000025/bbwi-20260826.htm,False,
BBWI,2026-08-26 00:00:00,https://www.sec.gov/Archives/edgar/data/701985/000070198526000025/0000701985-26-000025-index.htm,EX-99.1,PRESS RELEASE,https://www.sec.gov/Archives/edgar/data/701985/000070198526000025/ex991bbwi-20262qearningsre.htm,False,
LB,2026-08-26 00:00:00,https://www.sec.gov/Archives/edgar/data/701985/000070198526000025/0000701985-26-000025-index.htm,8-K,8-K,https://www.sec.gov/Archives/edgar/data/701985/000070198526000025/bbwi-20260826.htm,False,
LB,2026-08-26 00:00:00,https://www.sec.gov/Archives/edgar/data/701985/000070198526000025/0000701985-26-000025-index.htm,EX-99.1,PRESS RELEASE,https://www.sec.gov/Archives/edgar/data/701985/000070198526000025/ex991bbwi-20262qearningsre.htm,False,
PLAB,2026-08-26 00:00:00,https://www.sec.gov/Archives/edgar/data/810136/000081013626000006/0000810136-26-000006-index.htm,8-K,CURRENT REPORT FILING,https://www.sec.gov/Archives/edgar/data/810136/000081013626000006/plab-20260826.htm,False,
PLAB,2026-08-26 00:00:00,https://www.sec.gov/Archives/edgar/data/810136/000081013626000006/0000810136-26-000006-index.htm,EX-99.1,EX-99.1,https://www.sec.gov/Archives/edgar/data/810136/000081013626000006/plabQ32026EarningsEx99-1PR.htm,False,
DY,2026-08-26 00:00:00,https://www.sec.gov/Archives/edgar/data/67215/000006721526000039/0000067215-26-000039-index.htm,8-K,8-K,https://www.sec.gov/Archives/edgar/data/67215/000006721526000039/dy-20260826.htm,True,
DY,2026-08-26 00:00:00,https://www.sec.gov/Archives/edgar/data/67215/000006721526000039/0000067215-26-000039-index.htm,EX-99.1,EX-99.1,https://www.sec.gov/Archives/edgar/data/67215/000006721526000039/dyfy2027q2earningsreleasee.htm,True,
SJM,2026-08-26 00:00:00,https://www.sec.gov/Archives/edgar/data/91419/000009141926000079/0000091419-26-000079-index.htm,8-K,8-K,https://www.sec.gov/Archives/edgar/data/91419/000009141926000079/sjm-20260826.htm,False,
SJM,2026-08-26 00:00:00,https://www.sec.gov/Archives/edgar/data/91419/000009141926000079/0000091419-26-000079-index.htm,EX-99.1,EX-99.1,https://www.sec.gov/Archives/edgar/data/91419/000009141926000079/sjm20260826exhibit991.htm,False,
AIHS,2026-08-26 00:00:00,https://www.sec.gov/Archives/edgar/data/1711012/000121390026093717/0001213900-26-093717-index.htm,8-K,CURRENT REPORT,https://www.sec.gov/Archives/edgar/data/1711012/000121390026093717/ea0303367-8k_senmiao.htm,False,
MOV,2026-08-26 00:00:00,https://www.sec.gov/Archives/edgar/data/72573/000095014226002427/0000950142-26-002427-index.htm,8-K,FORM 8-K,https://www.sec.gov/Archives/edgar/data/72573/000095014226002427/eh260824240_8k.htm,False,
MOV,2026-08-26 00:00:00,https://www.sec.gov/Archives/edgar/data/72573/000095014226002427/0000950142-26-002427-index.htm,EX-99.1,EXHIBIT 99.1,https://www.sec.gov/Archives/edgar/data/72573/000095014226002427/eh260824240_ex9901.htm,False,
KSS,2026-08-26 00:00:00,https://www.sec.gov/Archives/edgar/data/885639/000119312526365860/0001193125-26-365860-index.htm,8-K,8-K,https://www.sec.gov/Archives/edgar/data/885639/000119312526365860/d171200d8k.htm,False,
KSS,2026-08-26 00:00:00,https://www.sec.gov/Archives/edgar/data/885639/000119312526365860/0001193125-26-365860-index.htm,EX-99.1,EX-99.1,https://www.sec.gov/Archives/edgar/data/885639/000119312526365860/d171200dex991.htm,True,
AVAT,2026-08-26 00:00:00,https://www.sec.gov/Archives/edgar/data/2092446/000110465926101037/0001104659-26-101037-index.htm,8-K,FORM 8-K,https://www.sec.gov/Archives/edgar/data/2092446/000110465926101037/tm2623995d2_8k.htm,False,
AVAT,2026-08-26 00:00:00,https://www.sec.gov/Archives/edgar/data/2092446/000110465926101035/0001104659-26-101035-index.htm,8-K,FORM 8-K,https://www.sec.gov/Archives/edgar/data/2092446/000110465926101035/tm2623995d1_8k.htm,False,
AVAT,2026-08-26 00:00:00,https://www.sec.gov/Archives/edgar/data/2092446/000110465926101035/0001104659-26-101035-index.htm,EX-99.1,EXHIBIT 99.1,https://www.sec.gov/Archives/edgar/data/2092446/000110465926101035/tm2623995d1_ex99-1.htm,False,
THWWW,2026-08-26 00:00:00,https://www.sec.gov/Archives/edgar/data/1712189/000110465926101033/0001104659-26-101033-index.htm,8-K,FORM 8-K,https://www.sec.gov/Archives/edgar/data/1712189/000110465926101033/tm2624024d1_8k.htm,False,
THWWW,2026-08-26 00:00:00,https://www.sec.gov/Archives/edgar/data/1712189/000110465926101033/0001104659-26-101033-index.htm,EX-99.1,EXHIBIT 99.1,https://www.sec.gov/Archives/edgar/data/1712189/000110465926101033/tm2624024d1_ex99-1.htm,False,
TH,2026-08-26 00:00:00,https://www.sec.gov/Archives/edgar/data/1712189/000110465926101033/0001104659-26-101033-index.htm,8-K,FORM 8-K,https://www.sec.gov/Archives/edgar/data/1712189/000110465926101033/tm2624024d1_8k.htm,False,
TH,2026-08-26 00:00:00,https://www.sec.gov/Archives/edgar/data/1712189/000110465926101033/0001104659-26-101033-index.htm,EX-99.1,EXHIBIT 99.1,https://www.sec.gov/Archives/edgar/data/1712189/000110465926101033/tm2624024d1_ex99-1.htm,False,
BHVN,2026-08-26 00:00:00,https://www.sec.gov/Archives/edgar/data/1935979/000193597926000072/0001935979-26-000072-index.htm,8-K,8-K,https://www.sec.gov/Archives/edgar/data/1935979/000193597926000072/bhvn-20260826.htm,True,
BHVN,2026-08-26 00:00:00,https://www.sec.gov/Archives/edgar/data/1935979/000193597926000072/0001935979-26-000072-index.htm,EX-10.1,EX-10.1,https://www.sec.gov/Archives/edgar/data/1935979/000193597926000072/exhibit101-licenseagreemen.htm,False,
BHVN,2026-08-26 00:00:00,https://www.sec.gov/Archives/edgar/data/1935979/000193597926000072/0001935979-26-000072-index.htm,EX-10.2,EX-10.2,https://www.sec.gov/Archives/edgar/data/1935979/000193597926000072/exhibit102-partialmipaassi.htm,False,
BHVN,2026-08-26 00:00:00,https://www.sec.gov/Archives/edgar/data/1935979/000193597926000072/0001935979-26-000072-index.htm,EX-99.1,EX-99.1,https://www.sec.gov/Archives/edgar/data/1935979/000193597926000072/exhibit991-biohavenandskbi.htm,False,
BEIGF,2026-08-26 00:00:00,https://www.sec.gov/Archives/edgar/data/1651308/000165130826000025/0001651308-26-000025-index.htm,8-K,8-K,https://www.sec.gov/Archives/edgar/data/1651308/000165130826000025/bgne-20260826.htm,False,
BEIGF,2026-08-26 00:00:00,https://www.sec.gov/Archives/edgar/data/1651308/000165130826000025/0001651308-26-000025-index.htm,EX-99.1,EX-99.1,https://www.sec.gov/Archives/edgar/data/1651308/000165130826000025/a20260826form8-kxexhibit991.htm,False,
BGNE,2026-08-26 00:00:00,https://www.sec.gov/Archives/edgar/data/1651308/000165130826000025/0001651308-26-000025-index.htm,8-K,8-K,https://www.sec.gov/Archives/edgar/data/1651308/000165130826000025/bgne-20260826.htm,False,
BGNE,2026-08-26 00:00:00,https://www.sec.gov/Archives/edgar/data/1651308/000165130826000025/0001651308-26-000025-index.htm,EX-99.1,EX-99.1,https://www.sec.gov/Archives/edgar/data/1651308/000165130826000025/a20260826form8-kxexhibit991.htm,False,
ONC,2026-08-26 00:00:00,https://www.sec.gov/Archives/edgar/data/1651308/000165130826000025/0001651308-26-000025-index.htm,8-K,8-K,https://www.sec.gov/Archives/edgar/data/1651308/000165130826000025/bgne-20260826.htm,False,
ONC,2026-08-26 00:00:00,https://www.sec.gov/Archives/edgar/data/1651308/000165130826000025/0001651308-26-000025-index.htm,EX-99.1,EX-99.1,https://www.sec.gov/Archives/edgar/data/1651308/000165130826000025/a20260826form8-kxexhibit991.htm,False,
None,2026-08-26 00:00:00,https://www.sec.gov/Archives/edgar/data/2068385/000149315226040152/0001493152-26-040152-index.htm,8-K,8-K,https://www.sec.gov/Archives/edgar/data/2068385/000149315226040152/form8-k.htm,True,
KEQU,2026-08-26 00:00:00,https://www.sec.gov/Archives/edgar/data/55529/000005552926000025/0000055529-26-000025-index.htm,8-K,8-K,https://www.sec.gov/Archives/edgar/data/55529/000005552926000025/kequ-20260826.htm,False,
KEQU,2026-08-26 00:00:00,https://www.sec.gov/Archives/edgar/data/55529/000005552926000025/0000055529-26-000025-index.htm,EX-99.1,EX-99.1,https://www.sec.gov/Archives/edgar/data/55529/000005552926000025/a2026kewauneaugustshareh.htm,False,
BSX,2026-08-26 00:00:00,https://www.sec.gov/Archives/edgar/data/885725/000088572526000056/0000885725-26-000056-index.htm,8-K,8-K,https://www.sec.gov/Archives/edgar/data/885725/000088572526000056/bsx-20260826.htm,False,
BSX-PA,2026-08-26 00:00:00,https://www.sec.gov/Archives/edgar/data/885725/000088572526000056/0000885725-26-000056-index.htm,8-K,8-K,https://www.sec.gov/Archives/edgar/data/885725/000088572526000056/bsx-20260826.htm,False,
WDC,2026-08-26 00:00:00,https://www.sec.gov/Archives/edgar/data/106040/000119312526365796/0001193125-26-365796-index.htm,8-K,8-K,https://www.sec.gov/Archives/edgar/data/106040/000119312526365796/d376254d8k.htm,False,
AITX,2026-08-26 00:00:00,https://www.sec.gov/Archives/edgar/data/1498148/000106299326004629/0001062993-26-004629-index.htm,8-K,FORM 8-K,https://www.sec.gov/Archives/edgar/data/1498148/000106299326004629/form8k.htm,False,
AITX,2026-08-26 00:00:00,https://www.sec.gov/Archives/edgar/data/1498148/000106299326004629/0001062993-26-004629-index.htm,EX-99.1,EXHIBIT 99.1,https://www.sec.gov/Archives/edgar/data/1498148/000106299326004629/exhibit99-1.htm,False,
AITXD,2026-08-26 00:00:00,https://www.sec.gov/Archives/edgar/data/1498148/000106299326004629/0001062993-26-004629-index.htm,8-K,FORM 8-K,https://www.sec.gov/Archives/edgar/data/1498148/000106299326004629/form8k.htm,False,
AITXD,2026-08-26 00:00:00,https://www.sec.gov/Archives/edgar/data/1498148/000106299326004629/0001062993-26-004629-index.htm,EX-99.1,EXHIBIT 99.1,https://www.sec.gov/Archives/edgar/data/1498148/000106299326004629/exhibit99-1.htm,False,
None,2026-08-26 00:00:00,https://www.sec.gov/Archives/edgar/data/1271834/000110465926100972/0001104659-26-100972-index.htm,8-K,FORM 8-K,https://www.sec.gov/Archives/edgar/data/1091667/000110465926100972/tm2623711d1_8k.htm,True,
CHTR,2026-08-26 00:00:00,https://www.sec.gov/Archives/edgar/data/1091667/000110465926100972/0001104659-26-100972-index.htm,8-K,FORM 8-K,https://www.sec.gov/Archives/edgar/data/1091667/000110465926100972/tm2623711d1_8k.htm,True,
None,2026-08-26 00:00:00,https://www.sec.gov/Archives/edgar/data/1271833/000110465926100972/0001104659-26-100972-index.htm,8-K,FORM 8-K,https://www.sec.gov/Archives/edgar/data/1091667/000110465926100972/tm2623711d1_8k.htm,True,
