symbol,filingDate,filing_detail_url,document_type,document_description,document_url,matched,error
NEXM,2026-08-07 00:00:00,https://www.sec.gov/Archives/edgar/data/795800/000149315226036682/0001493152-26-036682-index.htm,8-K,8-K,https://www.sec.gov/Archives/edgar/data/795800/000149315226036682/form8-k.htm,False,
NEXM,2026-08-07 00:00:00,https://www.sec.gov/Archives/edgar/data/795800/000149315226036682/0001493152-26-036682-index.htm,EX-99.1,EX-99.1,https://www.sec.gov/Archives/edgar/data/795800/000149315226036682/ex99-1.htm,False,
PNRLF,2026-08-07 00:00:00,https://www.sec.gov/Archives/edgar/data/795800/000149315226036682/0001493152-26-036682-index.htm,8-K,8-K,https://www.sec.gov/Archives/edgar/data/795800/000149315226036682/form8-k.htm,False,
PNRLF,2026-08-07 00:00:00,https://www.sec.gov/Archives/edgar/data/795800/000149315226036682/0001493152-26-036682-index.htm,EX-99.1,EX-99.1,https://www.sec.gov/Archives/edgar/data/795800/000149315226036682/ex99-1.htm,False,
WSCRF,2026-08-07 00:00:00,https://www.sec.gov/Archives/edgar/data/795800/000149315226036682/0001493152-26-036682-index.htm,8-K,8-K,https://www.sec.gov/Archives/edgar/data/795800/000149315226036682/form8-k.htm,False,
WSCRF,2026-08-07 00:00:00,https://www.sec.gov/Archives/edgar/data/795800/000149315226036682/0001493152-26-036682-index.htm,EX-99.1,EX-99.1,https://www.sec.gov/Archives/edgar/data/795800/000149315226036682/ex99-1.htm,False,
WSCRD,2026-08-07 00:00:00,https://www.sec.gov/Archives/edgar/data/795800/000149315226036682/0001493152-26-036682-index.htm,8-K,8-K,https://www.sec.gov/Archives/edgar/data/795800/000149315226036682/form8-k.htm,False,
WSCRD,2026-08-07 00:00:00,https://www.sec.gov/Archives/edgar/data/795800/000149315226036682/0001493152-26-036682-index.htm,EX-99.1,EX-99.1,https://www.sec.gov/Archives/edgar/data/795800/000149315226036682/ex99-1.htm,False,
OMF,2026-08-07 00:00:00,https://www.sec.gov/Archives/edgar/data/1584207/000114036126031876/0001140361-26-031876-index.htm,8-K,8-K,https://www.sec.gov/Archives/edgar/data/1584207/000114036126031876/ef20079685_8k.htm,True,
None,2026-08-07 00:00:00,https://www.sec.gov/Archives/edgar/data/25598/000114036126031875/0001140361-26-031875-index.htm,8-K,8-K,https://www.sec.gov/Archives/edgar/data/25598/000114036126031875/ef20079686_8k.htm,True,
CVLG,2026-08-07 00:00:00,https://www.sec.gov/Archives/edgar/data/928658/000100888626000203/0001008886-26-000203-index.htm,8-K,FORM 8-K,https://www.sec.gov/Archives/edgar/data/928658/000100888626000203/form8k.htm,False,
SFBS,2026-08-07 00:00:00,https://www.sec.gov/Archives/edgar/data/1430723/000117184326005365/0001171843-26-005365-index.htm,8-K,FORM 8-K,https://www.sec.gov/Archives/edgar/data/1430723/000117184326005365/f8k_080726.htm,False,
SFBS,2026-08-07 00:00:00,https://www.sec.gov/Archives/edgar/data/1430723/000117184326005365/0001171843-26-005365-index.htm,EX-99.1,EXHIBIT 99.1,https://www.sec.gov/Archives/edgar/data/1430723/000117184326005365/exh_991.htm,False,
None,2026-08-07 00:00:00,https://www.sec.gov/Archives/edgar/data/2102713/000119312526340529/0001193125-26-340529-index.htm,8-K,8-K,https://www.sec.gov/Archives/edgar/data/2102713/000119312526340529/d155209d8k.htm,False,
None,2026-08-07 00:00:00,https://www.sec.gov/Archives/edgar/data/2102713/000119312526340529/0001193125-26-340529-index.htm,EX-99.1,EX-99.1,https://www.sec.gov/Archives/edgar/data/2102713/000119312526340529/d155209dex991.htm,False,
CLOK,2026-08-07 00:00:00,https://www.sec.gov/Archives/edgar/data/1022505/000149315226036669/0001493152-26-036669-index.htm,8-K,8-K,https://www.sec.gov/Archives/edgar/data/1022505/000149315226036669/form8-k.htm,False,
SDCH,2026-08-07 00:00:00,https://www.sec.gov/Archives/edgar/data/1022505/000149315226036669/0001493152-26-036669-index.htm,8-K,8-K,https://www.sec.gov/Archives/edgar/data/1022505/000149315226036669/form8-k.htm,False,
USAR,2026-08-07 00:00:00,https://www.sec.gov/Archives/edgar/data/1970622/000121390026086814/0001213900-26-086814-index.htm,8-K,CURRENT REPORT,https://www.sec.gov/Archives/edgar/data/1970622/000121390026086814/ea0301206-8k_usarare.htm,False,
IPXXW,2026-08-07 00:00:00,https://www.sec.gov/Archives/edgar/data/1970622/000121390026086814/0001213900-26-086814-index.htm,8-K,CURRENT REPORT,https://www.sec.gov/Archives/edgar/data/1970622/000121390026086814/ea0301206-8k_usarare.htm,False,
IPXX,2026-08-07 00:00:00,https://www.sec.gov/Archives/edgar/data/1970622/000121390026086814/0001213900-26-086814-index.htm,8-K,CURRENT REPORT,https://www.sec.gov/Archives/edgar/data/1970622/000121390026086814/ea0301206-8k_usarare.htm,False,
IPXXU,2026-08-07 00:00:00,https://www.sec.gov/Archives/edgar/data/1970622/000121390026086814/0001213900-26-086814-index.htm,8-K,CURRENT REPORT,https://www.sec.gov/Archives/edgar/data/1970622/000121390026086814/ea0301206-8k_usarare.htm,False,
None,2026-08-07 00:00:00,https://www.sec.gov/Archives/edgar/data/2143673/000149315226036666/0001493152-26-036666-index.htm,8-K,8-K,https://www.sec.gov/Archives/edgar/data/2143673/000149315226036666/form8-k.htm,False,
None,2026-08-07 00:00:00,https://www.sec.gov/Archives/edgar/data/2143673/000149315226036666/0001493152-26-036666-index.htm,EX-99.1,EX-99.1,https://www.sec.gov/Archives/edgar/data/2143673/000149315226036666/ex99-1.htm,False,
RTTR,2026-08-07 00:00:00,https://www.sec.gov/Archives/edgar/data/1460702/000149315226036659/0001493152-26-036659-index.htm,8-K,8-K,https://www.sec.gov/Archives/edgar/data/1460702/000149315226036659/form8-k.htm,False,
RTTR,2026-08-07 00:00:00,https://www.sec.gov/Archives/edgar/data/1460702/000149315226036659/0001493152-26-036659-index.htm,EX-99.1,EX-99.1,https://www.sec.gov/Archives/edgar/data/1460702/000149315226036659/ex99-1.htm,False,
QLGN,2026-08-07 00:00:00,https://www.sec.gov/Archives/edgar/data/1460702/000149315226036659/0001493152-26-036659-index.htm,8-K,8-K,https://www.sec.gov/Archives/edgar/data/1460702/000149315226036659/form8-k.htm,False,
QLGN,2026-08-07 00:00:00,https://www.sec.gov/Archives/edgar/data/1460702/000149315226036659/0001493152-26-036659-index.htm,EX-99.1,EX-99.1,https://www.sec.gov/Archives/edgar/data/1460702/000149315226036659/ex99-1.htm,False,
MVST,2026-08-07 00:00:00,https://www.sec.gov/Archives/edgar/data/1760689/000094787126000756/0000947871-26-000756-index.htm,8-K,CURRENT REPORT,https://www.sec.gov/Archives/edgar/data/1760689/000094787126000756/ss6684869_8k.htm,False,
MVST,2026-08-07 00:00:00,https://www.sec.gov/Archives/edgar/data/1760689/000094787126000756/0000947871-26-000756-index.htm,EX-10.1,OFFER LETTER,https://www.sec.gov/Archives/edgar/data/1760689/000094787126000756/ss6684869_ex1001.htm,False,
MVSTW,2026-08-07 00:00:00,https://www.sec.gov/Archives/edgar/data/1760689/000094787126000756/0000947871-26-000756-index.htm,8-K,CURRENT REPORT,https://www.sec.gov/Archives/edgar/data/1760689/000094787126000756/ss6684869_8k.htm,False,
MVSTW,2026-08-07 00:00:00,https://www.sec.gov/Archives/edgar/data/1760689/000094787126000756/0000947871-26-000756-index.htm,EX-10.1,OFFER LETTER,https://www.sec.gov/Archives/edgar/data/1760689/000094787126000756/ss6684869_ex1001.htm,False,
THCBU,2026-08-07 00:00:00,https://www.sec.gov/Archives/edgar/data/1760689/000094787126000756/0000947871-26-000756-index.htm,8-K,CURRENT REPORT,https://www.sec.gov/Archives/edgar/data/1760689/000094787126000756/ss6684869_8k.htm,False,
THCBU,2026-08-07 00:00:00,https://www.sec.gov/Archives/edgar/data/1760689/000094787126000756/0000947871-26-000756-index.htm,EX-10.1,OFFER LETTER,https://www.sec.gov/Archives/edgar/data/1760689/000094787126000756/ss6684869_ex1001.htm,False,
THCB,2026-08-07 00:00:00,https://www.sec.gov/Archives/edgar/data/1760689/000094787126000756/0000947871-26-000756-index.htm,8-K,CURRENT REPORT,https://www.sec.gov/Archives/edgar/data/1760689/000094787126000756/ss6684869_8k.htm,False,
THCB,2026-08-07 00:00:00,https://www.sec.gov/Archives/edgar/data/1760689/000094787126000756/0000947871-26-000756-index.htm,EX-10.1,OFFER LETTER,https://www.sec.gov/Archives/edgar/data/1760689/000094787126000756/ss6684869_ex1001.htm,False,
THCBW,2026-08-07 00:00:00,https://www.sec.gov/Archives/edgar/data/1760689/000094787126000756/0000947871-26-000756-index.htm,8-K,CURRENT REPORT,https://www.sec.gov/Archives/edgar/data/1760689/000094787126000756/ss6684869_8k.htm,False,
THCBW,2026-08-07 00:00:00,https://www.sec.gov/Archives/edgar/data/1760689/000094787126000756/0000947871-26-000756-index.htm,EX-10.1,OFFER LETTER,https://www.sec.gov/Archives/edgar/data/1760689/000094787126000756/ss6684869_ex1001.htm,False,
MGPI,2026-08-07 00:00:00,https://www.sec.gov/Archives/edgar/data/835011/000083501126000108/0000835011-26-000108-index.htm,8-K,8-K,https://www.sec.gov/Archives/edgar/data/835011/000083501126000108/mgpi-20260806.htm,True,
MGPI,2026-08-07 00:00:00,https://www.sec.gov/Archives/edgar/data/835011/000083501126000108/0000835011-26-000108-index.htm,EX-10.1,EX-10.1,https://www.sec.gov/Archives/edgar/data/835011/000083501126000108/a101amendmentno2toarcredit.htm,True,
MGPI,2026-08-07 00:00:00,https://www.sec.gov/Archives/edgar/data/835011/000083501126000108/0000835011-26-000108-index.htm,EX-10.2,EX-10.2,https://www.sec.gov/Archives/edgar/data/835011/000083501126000108/a102eighthamendmenttonotep.htm,True,
BATL,2026-08-07 00:00:00,https://www.sec.gov/Archives/edgar/data/1282648/000110465926092788/0001104659-26-092788-index.htm,8-K,8-K,https://www.sec.gov/Archives/edgar/data/1282648/000110465926092788/batl-20260807x8k.htm,True,
BATL,2026-08-07 00:00:00,https://www.sec.gov/Archives/edgar/data/1282648/000110465926092788/0001104659-26-092788-index.htm,EX-10.1,EX-10.1,https://www.sec.gov/Archives/edgar/data/1282648/000110465926092788/batl-20260807xex10d1.htm,False,
BATL,2026-08-07 00:00:00,https://www.sec.gov/Archives/edgar/data/1282648/000110465926092788/0001104659-26-092788-index.htm,EX-10.2,EX-10.2,https://www.sec.gov/Archives/edgar/data/1282648/000110465926092788/batl-20260807xex10d2.htm,False,
None,2026-08-07 00:00:00,https://www.sec.gov/Archives/edgar/data/2066824/000206682426000008/0002066824-26-000008-index.htm,8-K,8-K,https://www.sec.gov/Archives/edgar/data/2066824/000206682426000008/vbnb-20260807.htm,True,
None,2026-08-07 00:00:00,https://www.sec.gov/Archives/edgar/data/2066824/000206682426000008/0002066824-26-000008-index.htm,EX-10.1,EX-10.1,https://www.sec.gov/Archives/edgar/data/2066824/000206682426000008/vaneckbitgocustodyagreem.htm,False,
IEP,2026-08-07 00:00:00,https://www.sec.gov/Archives/edgar/data/813762/000110465926092784/0001104659-26-092784-index.htm,8-K,FORM 8-K,https://www.sec.gov/Archives/edgar/data/813762/000110465926092784/tm2622614d1_8k.htm,False,
IEP,2026-08-07 00:00:00,https://www.sec.gov/Archives/edgar/data/813762/000110465926092784/0001104659-26-092784-index.htm,EX-99.1,EXHIBIT 99.1,https://www.sec.gov/Archives/edgar/data/813762/000110465926092784/tm2622614d1_ex99-1.htm,False,
GD,2026-08-07 00:00:00,https://www.sec.gov/Archives/edgar/data/40533/000119312526340490/0001193125-26-340490-index.htm,8-K,8-K,https://www.sec.gov/Archives/edgar/data/40533/000119312526340490/d129075d8k.htm,False,
GD,2026-08-07 00:00:00,https://www.sec.gov/Archives/edgar/data/40533/000119312526340490/0001193125-26-340490-index.htm,EX-99.1,EX-99.1,https://www.sec.gov/Archives/edgar/data/40533/000119312526340490/d129075dex991.htm,False,
GXGX,2026-08-07 00:00:00,https://www.sec.gov/Archives/edgar/data/1752828/000149315226036648/0001493152-26-036648-index.htm,8-K,8-K,https://www.sec.gov/Archives/edgar/data/1752828/000149315226036648/form8-k.htm,False,
CELUW,2026-08-07 00:00:00,https://www.sec.gov/Archives/edgar/data/1752828/000149315226036648/0001493152-26-036648-index.htm,8-K,8-K,https://www.sec.gov/Archives/edgar/data/1752828/000149315226036648/form8-k.htm,False,
CELU,2026-08-07 00:00:00,https://www.sec.gov/Archives/edgar/data/1752828/000149315226036648/0001493152-26-036648-index.htm,8-K,8-K,https://www.sec.gov/Archives/edgar/data/1752828/000149315226036648/form8-k.htm,False,
GXGXW,2026-08-07 00:00:00,https://www.sec.gov/Archives/edgar/data/1752828/000149315226036648/0001493152-26-036648-index.htm,8-K,8-K,https://www.sec.gov/Archives/edgar/data/1752828/000149315226036648/form8-k.htm,False,
GXGXU,2026-08-07 00:00:00,https://www.sec.gov/Archives/edgar/data/1752828/000149315226036648/0001493152-26-036648-index.htm,8-K,8-K,https://www.sec.gov/Archives/edgar/data/1752828/000149315226036648/form8-k.htm,False,
CSWCZ,2026-08-07 00:00:00,https://www.sec.gov/Archives/edgar/data/17313/000001731326000106/0000017313-26-000106-index.htm,8-K,8-K,https://www.sec.gov/Archives/edgar/data/17313/000001731326000106/cswc-20260807.htm,True,
CSWCZ,2026-08-07 00:00:00,https://www.sec.gov/Archives/edgar/data/17313/000001731326000106/0000017313-26-000106-index.htm,EX-10.1,EX-10.1,https://www.sec.gov/Archives/edgar/data/17313/000001731326000106/cswc-ex101xequitydistribut.htm,True,
CSWC,2026-08-07 00:00:00,https://www.sec.gov/Archives/edgar/data/17313/000001731326000106/0000017313-26-000106-index.htm,8-K,8-K,https://www.sec.gov/Archives/edgar/data/17313/000001731326000106/cswc-20260807.htm,True,
CSWC,2026-08-07 00:00:00,https://www.sec.gov/Archives/edgar/data/17313/000001731326000106/0000017313-26-000106-index.htm,EX-10.1,EX-10.1,https://www.sec.gov/Archives/edgar/data/17313/000001731326000106/cswc-ex101xequitydistribut.htm,True,
SGBX,2026-08-07 00:00:00,https://www.sec.gov/Archives/edgar/data/1023994/000121390026086786/0001213900-26-086786-index.htm,8-K,CURRENT REPORT,https://www.sec.gov/Archives/edgar/data/1023994/000121390026086786/ea0301221-8k_olenox.htm,False,
SGBXV,2026-08-07 00:00:00,https://www.sec.gov/Archives/edgar/data/1023994/000121390026086786/0001213900-26-086786-index.htm,8-K,CURRENT REPORT,https://www.sec.gov/Archives/edgar/data/1023994/000121390026086786/ea0301221-8k_olenox.htm,False,
OLOX,2026-08-07 00:00:00,https://www.sec.gov/Archives/edgar/data/1023994/000121390026086786/0001213900-26-086786-index.htm,8-K,CURRENT REPORT,https://www.sec.gov/Archives/edgar/data/1023994/000121390026086786/ea0301221-8k_olenox.htm,False,
FAVO,2026-08-07 00:00:00,https://www.sec.gov/Archives/edgar/data/1795851/000166357726000243/0001663577-26-000243-index.htm,8-K,FORM 8-K,https://www.sec.gov/Archives/edgar/data/1795851/000166357726000243/swrd_8k080526.htm,True,
FAVO,2026-08-07 00:00:00,https://www.sec.gov/Archives/edgar/data/1795851/000166357726000243/0001663577-26-000243-index.htm,EX-10.1,"AMENDMENT NO. 1 TO PROMISSORY NOTE, DATED AS OF JUNE 1, 2026, BY AND BETWEEN STE",https://www.sec.gov/Archives/edgar/data/1795851/000166357726000243/ex10_1.htm,False,
SWRD,2026-08-07 00:00:00,https://www.sec.gov/Archives/edgar/data/1795851/000166357726000243/0001663577-26-000243-index.htm,8-K,FORM 8-K,https://www.sec.gov/Archives/edgar/data/1795851/000166357726000243/swrd_8k080526.htm,True,
SWRD,2026-08-07 00:00:00,https://www.sec.gov/Archives/edgar/data/1795851/000166357726000243/0001663577-26-000243-index.htm,EX-10.1,"AMENDMENT NO. 1 TO PROMISSORY NOTE, DATED AS OF JUNE 1, 2026, BY AND BETWEEN STE",https://www.sec.gov/Archives/edgar/data/1795851/000166357726000243/ex10_1.htm,False,
AGBAR,2026-08-07 00:00:00,https://www.sec.gov/Archives/edgar/data/1769624/000121390026086776/0001213900-26-086776-index.htm,8-K,CURRENT REPORT,https://www.sec.gov/Archives/edgar/data/1769624/000121390026086776/ea0301113-8k_triller.htm,False,
AGBAU,2026-08-07 00:00:00,https://www.sec.gov/Archives/edgar/data/1769624/000121390026086776/0001213900-26-086776-index.htm,8-K,CURRENT REPORT,https://www.sec.gov/Archives/edgar/data/1769624/000121390026086776/ea0301113-8k_triller.htm,False,
AGBAW,2026-08-07 00:00:00,https://www.sec.gov/Archives/edgar/data/1769624/000121390026086776/0001213900-26-086776-index.htm,8-K,CURRENT REPORT,https://www.sec.gov/Archives/edgar/data/1769624/000121390026086776/ea0301113-8k_triller.htm,False,
AGBA,2026-08-07 00:00:00,https://www.sec.gov/Archives/edgar/data/1769624/000121390026086776/0001213900-26-086776-index.htm,8-K,CURRENT REPORT,https://www.sec.gov/Archives/edgar/data/1769624/000121390026086776/ea0301113-8k_triller.htm,False,
HSCS,2026-08-07 00:00:00,https://www.sec.gov/Archives/edgar/data/1468492/000121390026086773/0001213900-26-086773-index.htm,8-K,CURRENT REPORT,https://www.sec.gov/Archives/edgar/data/1468492/000121390026086773/ea0301173-8k_heart.htm,False,
HSCSW,2026-08-07 00:00:00,https://www.sec.gov/Archives/edgar/data/1468492/000121390026086773/0001213900-26-086773-index.htm,8-K,CURRENT REPORT,https://www.sec.gov/Archives/edgar/data/1468492/000121390026086773/ea0301173-8k_heart.htm,False,
NUTR,2026-08-07 00:00:00,https://www.sec.gov/Archives/edgar/data/2006468/000149315226036635/0001493152-26-036635-index.htm,8-K,8-K,https://www.sec.gov/Archives/edgar/data/2006468/000149315226036635/form8-k.htm,False,
NUTR,2026-08-07 00:00:00,https://www.sec.gov/Archives/edgar/data/2006468/000149315226036635/0001493152-26-036635-index.htm,EX-99.1,EX-99.1,https://www.sec.gov/Archives/edgar/data/2006468/000149315226036635/ex99-1.htm,False,
None,2026-08-07 00:00:00,https://www.sec.gov/Archives/edgar/data/2033383/000149315226036631/0001493152-26-036631-index.htm,8-K,8-K,https://www.sec.gov/Archives/edgar/data/2033383/000149315226036631/form8-k.htm,False,
VENU,2026-08-07 00:00:00,https://www.sec.gov/Archives/edgar/data/1770501/000149315226036634/0001493152-26-036634-index.htm,8-K,8-K,https://www.sec.gov/Archives/edgar/data/1770501/000149315226036634/form8-k.htm,True,
VENU,2026-08-07 00:00:00,https://www.sec.gov/Archives/edgar/data/1770501/000149315226036634/0001493152-26-036634-index.htm,EX-10.1,EX-10.1,https://www.sec.gov/Archives/edgar/data/1770501/000149315226036634/ex10-1.htm,False,
VNRX,2026-08-07 00:00:00,https://www.sec.gov/Archives/edgar/data/93314/000147793226004778/0001477932-26-004778-index.htm,8-K,FORM 8-K,https://www.sec.gov/Archives/edgar/data/93314/000147793226004778/vnrx_8k.htm,False,
ISPC,2026-08-07 00:00:00,https://www.sec.gov/Archives/edgar/data/1558569/000121390026086768/0001213900-26-086768-index.htm,8-K,CURRENT REPORT,https://www.sec.gov/Archives/edgar/data/1558569/000121390026086768/ea0301006-8k_ispecimen.htm,True,
ISPC,2026-08-07 00:00:00,https://www.sec.gov/Archives/edgar/data/1558569/000121390026086768/0001213900-26-086768-index.htm,EX-10.1,FORM OF PLACEMENT AGENCY AGREEMENT,https://www.sec.gov/Archives/edgar/data/1558569/000121390026086768/ea030100601ex10-1.htm,False,
ISPC,2026-08-07 00:00:00,https://www.sec.gov/Archives/edgar/data/1558569/000121390026086768/0001213900-26-086768-index.htm,EX-10.2,FORM OF SECURITIES PURCHASE AGREEMENT,https://www.sec.gov/Archives/edgar/data/1558569/000121390026086768/ea030100601ex10-2.htm,True,
ISPC,2026-08-07 00:00:00,https://www.sec.gov/Archives/edgar/data/1558569/000121390026086768/0001213900-26-086768-index.htm,EX-99.1,"PRESS RELEASE DATED AUGUST 6, 2026, ANNOUNCING THE PRICING OF THE OFFERING",https://www.sec.gov/Archives/edgar/data/1558569/000121390026086768/ea030100601ex99-1.htm,False,
None,2026-08-07 00:00:00,https://www.sec.gov/Archives/edgar/data/1976927/000197692726000058/0001976927-26-000058-index.htm,8-K,8-K,https://www.sec.gov/Archives/edgar/data/1976927/000197692726000058/incref-20260803.htm,False,
GFF,2026-08-07 00:00:00,https://www.sec.gov/Archives/edgar/data/50725/000162828026054906/0001628280-26-054906-index.htm,8-K,8-K,https://www.sec.gov/Archives/edgar/data/50725/000162828026054906/gff-20260807.htm,False,
GFF,2026-08-07 00:00:00,https://www.sec.gov/Archives/edgar/data/50725/000162828026054906/0001628280-26-054906-index.htm,EX-99.1,EX-99.1,https://www.sec.gov/Archives/edgar/data/50725/000162828026054906/gff-20260807_d2.htm,True,
UUU,2026-08-07 00:00:00,https://www.sec.gov/Archives/edgar/data/102109/000110465926092769/0001104659-26-092769-index.htm,8-K,FORM 8-K,https://www.sec.gov/Archives/edgar/data/102109/000110465926092769/tm2622536d1_8k.htm,False,
WTI,2026-08-07 00:00:00,https://www.sec.gov/Archives/edgar/data/1288403/000110465926092767/0001104659-26-092767-index.htm,8-K,8-K,https://www.sec.gov/Archives/edgar/data/1288403/000110465926092767/wti-20260805x8k.htm,False,
WTI,2026-08-07 00:00:00,https://www.sec.gov/Archives/edgar/data/1288403/000110465926092767/0001104659-26-092767-index.htm,EX-10.1,EX-10.1,https://www.sec.gov/Archives/edgar/data/1288403/000110465926092767/wti-20260805xex10d1.htm,False,
None,2026-08-07 00:00:00,https://www.sec.gov/Archives/edgar/data/1901606/000190160626000025/0001901606-26-000025-index.htm,8-K,8-K,https://www.sec.gov/Archives/edgar/data/1901606/000190160626000025/gdlcu-20260807.htm,False,
None,2026-08-07 00:00:00,https://www.sec.gov/Archives/edgar/data/1901606/000190160626000025/0001901606-26-000025-index.htm,EX-99.1,EX-99.1,https://www.sec.gov/Archives/edgar/data/1901606/000190160626000025/gdlcuq3fy2026epfinal.htm,False,
LOCL-WT,2026-08-07 00:00:00,https://www.sec.gov/Archives/edgar/data/1840780/000162828026054899/0001628280-26-054899-index.htm,8-K,8-K,https://www.sec.gov/Archives/edgar/data/1840780/000162828026054899/locl-20260807.htm,True,
LOCL-WT,2026-08-07 00:00:00,https://www.sec.gov/Archives/edgar/data/1840780/000162828026054899/0001628280-26-054899-index.htm,EX-10.1,EX-10.1,https://www.sec.gov/Archives/edgar/data/1840780/000162828026054899/exhibit101-convertiblenote.htm,True,
LOCL,2026-08-07 00:00:00,https://www.sec.gov/Archives/edgar/data/1840780/000162828026054899/0001628280-26-054899-index.htm,8-K,8-K,https://www.sec.gov/Archives/edgar/data/1840780/000162828026054899/locl-20260807.htm,True,
LOCL,2026-08-07 00:00:00,https://www.sec.gov/Archives/edgar/data/1840780/000162828026054899/0001628280-26-054899-index.htm,EX-10.1,EX-10.1,https://www.sec.gov/Archives/edgar/data/1840780/000162828026054899/exhibit101-convertiblenote.htm,True,
IEHC,2026-08-07 00:00:00,https://www.sec.gov/Archives/edgar/data/50292/000117494726000780/0001174947-26-000780-index.htm,8-K,8-K,https://www.sec.gov/Archives/edgar/data/50292/000117494726000780/form8k-36203_iehc.htm,False,
IEHC,2026-08-07 00:00:00,https://www.sec.gov/Archives/edgar/data/50292/000117494726000780/0001174947-26-000780-index.htm,EX-99.1,EX-99.1,https://www.sec.gov/Archives/edgar/data/50292/000117494726000780/ex99-1.htm,False,
TYDE,2026-08-07 00:00:00,https://www.sec.gov/Archives/edgar/data/1892492/000149315226036618/0001493152-26-036618-index.htm,8-K,8-K,https://www.sec.gov/Archives/edgar/data/1892492/000149315226036618/form8-k.htm,False,
TYDE,2026-08-07 00:00:00,https://www.sec.gov/Archives/edgar/data/1892492/000149315226036618/0001493152-26-036618-index.htm,EX-99.1,EX-99.1,https://www.sec.gov/Archives/edgar/data/1892492/000149315226036618/ex99-1.htm,False,
TYDEV,2026-08-07 00:00:00,https://www.sec.gov/Archives/edgar/data/1892492/000149315226036618/0001493152-26-036618-index.htm,8-K,8-K,https://www.sec.gov/Archives/edgar/data/1892492/000149315226036618/form8-k.htm,False,
TYDEV,2026-08-07 00:00:00,https://www.sec.gov/Archives/edgar/data/1892492/000149315226036618/0001493152-26-036618-index.htm,EX-99.1,EX-99.1,https://www.sec.gov/Archives/edgar/data/1892492/000149315226036618/ex99-1.htm,False,
OCTO,2026-08-07 00:00:00,https://www.sec.gov/Archives/edgar/data/1892492/000149315226036618/0001493152-26-036618-index.htm,8-K,8-K,https://www.sec.gov/Archives/edgar/data/1892492/000149315226036618/form8-k.htm,False,
OCTO,2026-08-07 00:00:00,https://www.sec.gov/Archives/edgar/data/1892492/000149315226036618/0001493152-26-036618-index.htm,EX-99.1,EX-99.1,https://www.sec.gov/Archives/edgar/data/1892492/000149315226036618/ex99-1.htm,False,
ORBS,2026-08-07 00:00:00,https://www.sec.gov/Archives/edgar/data/1892492/000149315226036618/0001493152-26-036618-index.htm,8-K,8-K,https://www.sec.gov/Archives/edgar/data/1892492/000149315226036618/form8-k.htm,False,
ORBS,2026-08-07 00:00:00,https://www.sec.gov/Archives/edgar/data/1892492/000149315226036618/0001493152-26-036618-index.htm,EX-99.1,EX-99.1,https://www.sec.gov/Archives/edgar/data/1892492/000149315226036618/ex99-1.htm,False,
None,2026-08-07 00:00:00,https://www.sec.gov/Archives/edgar/data/1724789/000110465926092750/0001104659-26-092750-index.htm,8-K,FORM 8-K,https://www.sec.gov/Archives/edgar/data/1724786/000110465926092750/tm2622401d1_8k.htm,True,
None,2026-08-07 00:00:00,https://www.sec.gov/Archives/edgar/data/1724786/000110465926092750/0001104659-26-092750-index.htm,8-K,FORM 8-K,https://www.sec.gov/Archives/edgar/data/1724786/000110465926092750/tm2622401d1_8k.htm,True,
ALTO,2026-08-07 00:00:00,https://www.sec.gov/Archives/edgar/data/778164/000121390026086750/0001213900-26-086750-index.htm,8-K,CURRENT REPORT,https://www.sec.gov/Archives/edgar/data/778164/000121390026086750/ea0300670-8k_alto.htm,True,
ALTO,2026-08-07 00:00:00,https://www.sec.gov/Archives/edgar/data/778164/000121390026086750/0001213900-26-086750-index.htm,EX-10.1,"AT-THE-MARKET ISSUANCE SALES AGREEMENT, DATED AS OF AUGUST 5, 2026, BY AND AMONG",https://www.sec.gov/Archives/edgar/data/778164/000121390026086750/ea030067001ex10-1.htm,True,
ABCL,2026-08-07 00:00:00,https://www.sec.gov/Archives/edgar/data/1703057/000170305726000049/0001703057-26-000049-index.htm,8-K,8-K,https://www.sec.gov/Archives/edgar/data/1703057/000170305726000049/abcl-20260807.htm,False,
ABCL,2026-08-07 00:00:00,https://www.sec.gov/Archives/edgar/data/1703057/000170305726000049/0001703057-26-000049-index.htm,EX-99.1,EX-99.1,https://www.sec.gov/Archives/edgar/data/1703057/000170305726000049/abcellera-toxannouncexto.htm,False,
AVAH,2026-08-07 00:00:00,https://www.sec.gov/Archives/edgar/data/1832332/000119312526340409/0001193125-26-340409-index.htm,8-K,8-K,https://www.sec.gov/Archives/edgar/data/1832332/000119312526340409/avah-20260805.htm,False,
TFX,2026-08-07 00:00:00,https://www.sec.gov/Archives/edgar/data/96943/000009694326000097/0000096943-26-000097-index.htm,8-K,8-K,https://www.sec.gov/Archives/edgar/data/96943/000009694326000097/tfx-20260807.htm,False,
XPON,2026-08-07 00:00:00,https://www.sec.gov/Archives/edgar/data/1894954/000190359626000297/0001903596-26-000297-index.htm,8-K,,https://www.sec.gov/Archives/edgar/data/1894954/000190359626000297/xpon_8k.htm,False,
XPON,2026-08-07 00:00:00,https://www.sec.gov/Archives/edgar/data/1894954/000190359626000297/0001903596-26-000297-index.htm,EX-99.1,,https://www.sec.gov/Archives/edgar/data/1894954/000190359626000297/ex99_1.htm,False,
MYRG,2026-08-07 00:00:00,https://www.sec.gov/Archives/edgar/data/700923/000070092326000044/0000700923-26-000044-index.htm,8-K,8-K,https://www.sec.gov/Archives/edgar/data/700923/000070092326000044/myrg-20260807.htm,False,
MYRG,2026-08-07 00:00:00,https://www.sec.gov/Archives/edgar/data/700923/000070092326000044/0000700923-26-000044-index.htm,EX-99.1,EX-99.1,https://www.sec.gov/Archives/edgar/data/700923/000070092326000044/myrginvestorpresentation.htm,False,
DWACW,2026-08-07 00:00:00,https://www.sec.gov/Archives/edgar/data/1849635/000143774926026597/0001437749-26-026597-index.htm,8-K,FORM 8-K,https://www.sec.gov/Archives/edgar/data/1849635/000143774926026597/djt20260804_8k.htm,False,
DWACW,2026-08-07 00:00:00,https://www.sec.gov/Archives/edgar/data/1849635/000143774926026597/0001437749-26-026597-index.htm,EX-10.1,EXHIBIT 10.1,https://www.sec.gov/Archives/edgar/data/1849635/000143774926026597/ex_1001120.htm,False,
DWACW,2026-08-07 00:00:00,https://www.sec.gov/Archives/edgar/data/1849635/000143774926026597/0001437749-26-026597-index.htm,EX-99.1,EXHIBIT 99.1,https://www.sec.gov/Archives/edgar/data/1849635/000143774926026597/ex_1000119.htm,False,
DWACU,2026-08-07 00:00:00,https://www.sec.gov/Archives/edgar/data/1849635/000143774926026597/0001437749-26-026597-index.htm,8-K,FORM 8-K,https://www.sec.gov/Archives/edgar/data/1849635/000143774926026597/djt20260804_8k.htm,False,
DWACU,2026-08-07 00:00:00,https://www.sec.gov/Archives/edgar/data/1849635/000143774926026597/0001437749-26-026597-index.htm,EX-10.1,EXHIBIT 10.1,https://www.sec.gov/Archives/edgar/data/1849635/000143774926026597/ex_1001120.htm,False,
DWACU,2026-08-07 00:00:00,https://www.sec.gov/Archives/edgar/data/1849635/000143774926026597/0001437749-26-026597-index.htm,EX-99.1,EXHIBIT 99.1,https://www.sec.gov/Archives/edgar/data/1849635/000143774926026597/ex_1000119.htm,False,
DJT,2026-08-07 00:00:00,https://www.sec.gov/Archives/edgar/data/1849635/000143774926026597/0001437749-26-026597-index.htm,8-K,FORM 8-K,https://www.sec.gov/Archives/edgar/data/1849635/000143774926026597/djt20260804_8k.htm,False,
DJT,2026-08-07 00:00:00,https://www.sec.gov/Archives/edgar/data/1849635/000143774926026597/0001437749-26-026597-index.htm,EX-10.1,EXHIBIT 10.1,https://www.sec.gov/Archives/edgar/data/1849635/000143774926026597/ex_1001120.htm,False,
DJT,2026-08-07 00:00:00,https://www.sec.gov/Archives/edgar/data/1849635/000143774926026597/0001437749-26-026597-index.htm,EX-99.1,EXHIBIT 99.1,https://www.sec.gov/Archives/edgar/data/1849635/000143774926026597/ex_1000119.htm,False,
DWAC,2026-08-07 00:00:00,https://www.sec.gov/Archives/edgar/data/1849635/000143774926026597/0001437749-26-026597-index.htm,8-K,FORM 8-K,https://www.sec.gov/Archives/edgar/data/1849635/000143774926026597/djt20260804_8k.htm,False,
DWAC,2026-08-07 00:00:00,https://www.sec.gov/Archives/edgar/data/1849635/000143774926026597/0001437749-26-026597-index.htm,EX-10.1,EXHIBIT 10.1,https://www.sec.gov/Archives/edgar/data/1849635/000143774926026597/ex_1001120.htm,False,
DWAC,2026-08-07 00:00:00,https://www.sec.gov/Archives/edgar/data/1849635/000143774926026597/0001437749-26-026597-index.htm,EX-99.1,EXHIBIT 99.1,https://www.sec.gov/Archives/edgar/data/1849635/000143774926026597/ex_1000119.htm,False,
DJTWW,2026-08-07 00:00:00,https://www.sec.gov/Archives/edgar/data/1849635/000143774926026597/0001437749-26-026597-index.htm,8-K,FORM 8-K,https://www.sec.gov/Archives/edgar/data/1849635/000143774926026597/djt20260804_8k.htm,False,
DJTWW,2026-08-07 00:00:00,https://www.sec.gov/Archives/edgar/data/1849635/000143774926026597/0001437749-26-026597-index.htm,EX-10.1,EXHIBIT 10.1,https://www.sec.gov/Archives/edgar/data/1849635/000143774926026597/ex_1001120.htm,False,
DJTWW,2026-08-07 00:00:00,https://www.sec.gov/Archives/edgar/data/1849635/000143774926026597/0001437749-26-026597-index.htm,EX-99.1,EXHIBIT 99.1,https://www.sec.gov/Archives/edgar/data/1849635/000143774926026597/ex_1000119.htm,False,
KINS,2026-08-07 00:00:00,https://www.sec.gov/Archives/edgar/data/33992/000102177126000106/0001021771-26-000106-index.htm,8-K,ANNUAL MEETING,https://www.sec.gov/Archives/edgar/data/33992/000102177126000106/kins-20260807.htm,False,
DWACW,2026-08-07 00:00:00,https://www.sec.gov/Archives/edgar/data/1849635/000143774926026595/0001437749-26-026595-index.htm,8-K,FORM 8-K,https://www.sec.gov/Archives/edgar/data/1849635/000143774926026595/djt20260806c_8k.htm,False,
DWACW,2026-08-07 00:00:00,https://www.sec.gov/Archives/edgar/data/1849635/000143774926026595/0001437749-26-026595-index.htm,EX-99.1,EXHIBIT 99.1,https://www.sec.gov/Archives/edgar/data/1849635/000143774926026595/ex_1000265.htm,False,
DWACU,2026-08-07 00:00:00,https://www.sec.gov/Archives/edgar/data/1849635/000143774926026595/0001437749-26-026595-index.htm,8-K,FORM 8-K,https://www.sec.gov/Archives/edgar/data/1849635/000143774926026595/djt20260806c_8k.htm,False,
DWACU,2026-08-07 00:00:00,https://www.sec.gov/Archives/edgar/data/1849635/000143774926026595/0001437749-26-026595-index.htm,EX-99.1,EXHIBIT 99.1,https://www.sec.gov/Archives/edgar/data/1849635/000143774926026595/ex_1000265.htm,False,
DJT,2026-08-07 00:00:00,https://www.sec.gov/Archives/edgar/data/1849635/000143774926026595/0001437749-26-026595-index.htm,8-K,FORM 8-K,https://www.sec.gov/Archives/edgar/data/1849635/000143774926026595/djt20260806c_8k.htm,False,
DJT,2026-08-07 00:00:00,https://www.sec.gov/Archives/edgar/data/1849635/000143774926026595/0001437749-26-026595-index.htm,EX-99.1,EXHIBIT 99.1,https://www.sec.gov/Archives/edgar/data/1849635/000143774926026595/ex_1000265.htm,False,
DWAC,2026-08-07 00:00:00,https://www.sec.gov/Archives/edgar/data/1849635/000143774926026595/0001437749-26-026595-index.htm,8-K,FORM 8-K,https://www.sec.gov/Archives/edgar/data/1849635/000143774926026595/djt20260806c_8k.htm,False,
DWAC,2026-08-07 00:00:00,https://www.sec.gov/Archives/edgar/data/1849635/000143774926026595/0001437749-26-026595-index.htm,EX-99.1,EXHIBIT 99.1,https://www.sec.gov/Archives/edgar/data/1849635/000143774926026595/ex_1000265.htm,False,
DJTWW,2026-08-07 00:00:00,https://www.sec.gov/Archives/edgar/data/1849635/000143774926026595/0001437749-26-026595-index.htm,8-K,FORM 8-K,https://www.sec.gov/Archives/edgar/data/1849635/000143774926026595/djt20260806c_8k.htm,False,
DJTWW,2026-08-07 00:00:00,https://www.sec.gov/Archives/edgar/data/1849635/000143774926026595/0001437749-26-026595-index.htm,EX-99.1,EXHIBIT 99.1,https://www.sec.gov/Archives/edgar/data/1849635/000143774926026595/ex_1000265.htm,False,
BLDR,2026-08-07 00:00:00,https://www.sec.gov/Archives/edgar/data/1316835/000119312526340381/0001193125-26-340381-index.htm,8-K,8-K,https://www.sec.gov/Archives/edgar/data/1316835/000119312526340381/d109986d8k.htm,False,
None,2026-08-07 00:00:00,https://www.sec.gov/Archives/edgar/data/7286/000076462226000044/0000764622-26-000044-index.htm,8-K,8-K,https://www.sec.gov/Archives/edgar/data/7286/000076462226000044/pnw-20260807.htm,False,
None,2026-08-07 00:00:00,https://www.sec.gov/Archives/edgar/data/7286/000076462226000044/0000764622-26-000044-index.htm,EX-99.1,EX-99.1,https://www.sec.gov/Archives/edgar/data/7286/000076462226000044/augustinvestordeck.htm,False,
PNW,2026-08-07 00:00:00,https://www.sec.gov/Archives/edgar/data/764622/000076462226000044/0000764622-26-000044-index.htm,8-K,8-K,https://www.sec.gov/Archives/edgar/data/7286/000076462226000044/pnw-20260807.htm,False,
PNW,2026-08-07 00:00:00,https://www.sec.gov/Archives/edgar/data/764622/000076462226000044/0000764622-26-000044-index.htm,EX-99.1,EX-99.1,https://www.sec.gov/Archives/edgar/data/7286/000076462226000044/augustinvestordeck.htm,False,
GL-PD,2026-08-07 00:00:00,https://www.sec.gov/Archives/edgar/data/320335/000032033526000218/0000320335-26-000218-index.htm,8-K,8-K (DIRECTOR RETIREMENT),https://www.sec.gov/Archives/edgar/data/320335/000032033526000218/gl-20260807.htm,False,
GL,2026-08-07 00:00:00,https://www.sec.gov/Archives/edgar/data/320335/000032033526000218/0000320335-26-000218-index.htm,8-K,8-K (DIRECTOR RETIREMENT),https://www.sec.gov/Archives/edgar/data/320335/000032033526000218/gl-20260807.htm,False,
None,2026-08-07 00:00:00,https://www.sec.gov/Archives/edgar/data/1837532/000119312526340369/0001193125-26-340369-index.htm,8-K,8-K,https://www.sec.gov/Archives/edgar/data/1837532/000119312526340369/d157652d8k.htm,True,
None,2026-08-07 00:00:00,https://www.sec.gov/Archives/edgar/data/1837532/000119312526340369/0001193125-26-340369-index.htm,EX-10.1,EX-10.1,https://www.sec.gov/Archives/edgar/data/1837532/000119312526340369/d157652dex101.htm,True,
None,2026-08-07 00:00:00,https://www.sec.gov/Archives/edgar/data/1837532/000119312526340369/0001193125-26-340369-index.htm,EX-10.2,EX-10.2,https://www.sec.gov/Archives/edgar/data/1837532/000119312526340369/d157652dex102.htm,True,
AASP,2026-08-07 00:00:00,https://www.sec.gov/Archives/edgar/data/930245/000149315226036605/0001493152-26-036605-index.htm,8-K,8-K,https://www.sec.gov/Archives/edgar/data/930245/000149315226036605/form8-k.htm,False,
AASP,2026-08-07 00:00:00,https://www.sec.gov/Archives/edgar/data/930245/000149315226036605/0001493152-26-036605-index.htm,EX-99.1,EX-99.1,https://www.sec.gov/Archives/edgar/data/930245/000149315226036605/ex99-1.htm,False,
EDBLW,2026-08-07 00:00:00,https://www.sec.gov/Archives/edgar/data/1809750/000147793226004776/0001477932-26-004776-index.htm,8-K,FORM 8-K,https://www.sec.gov/Archives/edgar/data/1809750/000147793226004776/edbl_8k.htm,False,
EDBL,2026-08-07 00:00:00,https://www.sec.gov/Archives/edgar/data/1809750/000147793226004776/0001477932-26-004776-index.htm,8-K,FORM 8-K,https://www.sec.gov/Archives/edgar/data/1809750/000147793226004776/edbl_8k.htm,False,
XIII,2026-08-07 00:00:00,https://www.sec.gov/Archives/edgar/data/2114229/000121390026086728/0001213900-26-086728-index.htm,8-K,CURRENT REPORT,https://www.sec.gov/Archives/edgar/data/2114229/000121390026086728/ea0301116-8k_churchill13.htm,False,
XIII,2026-08-07 00:00:00,https://www.sec.gov/Archives/edgar/data/2114229/000121390026086728/0001213900-26-086728-index.htm,EX-99.1,"AUDITED BALANCE SHEET AS OF AUGUST 3, 2026",https://www.sec.gov/Archives/edgar/data/2114229/000121390026086728/ea030111601ex99-1.htm,True,
CSTWF,2026-08-07 00:00:00,https://www.sec.gov/Archives/edgar/data/1834032/000121390026086727/0001213900-26-086727-index.htm,8-K,CURRENT REPORT,https://www.sec.gov/Archives/edgar/data/1834032/000121390026086727/ea0300960-8k_constellation1.htm,False,
CSTUF,2026-08-07 00:00:00,https://www.sec.gov/Archives/edgar/data/1834032/000121390026086727/0001213900-26-086727-index.htm,8-K,CURRENT REPORT,https://www.sec.gov/Archives/edgar/data/1834032/000121390026086727/ea0300960-8k_constellation1.htm,False,
CSTAF,2026-08-07 00:00:00,https://www.sec.gov/Archives/edgar/data/1834032/000121390026086727/0001213900-26-086727-index.htm,8-K,CURRENT REPORT,https://www.sec.gov/Archives/edgar/data/1834032/000121390026086727/ea0300960-8k_constellation1.htm,False,
CSTA-UN,2026-08-07 00:00:00,https://www.sec.gov/Archives/edgar/data/1834032/000121390026086727/0001213900-26-086727-index.htm,8-K,CURRENT REPORT,https://www.sec.gov/Archives/edgar/data/1834032/000121390026086727/ea0300960-8k_constellation1.htm,False,
CSTA-WT,2026-08-07 00:00:00,https://www.sec.gov/Archives/edgar/data/1834032/000121390026086727/0001213900-26-086727-index.htm,8-K,CURRENT REPORT,https://www.sec.gov/Archives/edgar/data/1834032/000121390026086727/ea0300960-8k_constellation1.htm,False,
CSTA,2026-08-07 00:00:00,https://www.sec.gov/Archives/edgar/data/1834032/000121390026086727/0001213900-26-086727-index.htm,8-K,CURRENT REPORT,https://www.sec.gov/Archives/edgar/data/1834032/000121390026086727/ea0300960-8k_constellation1.htm,False,
NEON,2026-08-07 00:00:00,https://www.sec.gov/Archives/edgar/data/87050/000143774926026593/0001437749-26-026593-index.htm,8-K,FORM 8-K,https://www.sec.gov/Archives/edgar/data/87050/000143774926026593/neon20260804_8k.htm,False,
OESX,2026-08-07 00:00:00,https://www.sec.gov/Archives/edgar/data/1409375/000119312526340368/0001193125-26-340368-index.htm,8-K,8-K,https://www.sec.gov/Archives/edgar/data/1409375/000119312526340368/oesx-20260806.htm,False,
FGBIP,2026-08-07 00:00:00,https://www.sec.gov/Archives/edgar/data/1408534/000140853426000069/0001408534-26-000069-index.htm,8-K,8-K,https://www.sec.gov/Archives/edgar/data/1408534/000140853426000069/fgbi-20260807.htm,False,
FGBIP,2026-08-07 00:00:00,https://www.sec.gov/Archives/edgar/data/1408534/000140853426000069/0001408534-26-000069-index.htm,EX-99.1,EX-99.1 CONSENT ORDER,https://www.sec.gov/Archives/edgar/data/1408534/000140853426000069/ex991-consentorder.htm,False,
FGBI,2026-08-07 00:00:00,https://www.sec.gov/Archives/edgar/data/1408534/000140853426000069/0001408534-26-000069-index.htm,8-K,8-K,https://www.sec.gov/Archives/edgar/data/1408534/000140853426000069/fgbi-20260807.htm,False,
FGBI,2026-08-07 00:00:00,https://www.sec.gov/Archives/edgar/data/1408534/000140853426000069/0001408534-26-000069-index.htm,EX-99.1,EX-99.1 CONSENT ORDER,https://www.sec.gov/Archives/edgar/data/1408534/000140853426000069/ex991-consentorder.htm,False,
MBOT,2026-08-07 00:00:00,https://www.sec.gov/Archives/edgar/data/883975/000149315226036600/0001493152-26-036600-index.htm,8-K,8-K,https://www.sec.gov/Archives/edgar/data/883975/000149315226036600/form8-k.htm,True,
MBOT,2026-08-07 00:00:00,https://www.sec.gov/Archives/edgar/data/883975/000149315226036600/0001493152-26-036600-index.htm,EX-10.1,EX-10.1,https://www.sec.gov/Archives/edgar/data/883975/000149315226036600/ex10-1.htm,False,
AERT,2026-08-07 00:00:00,https://www.sec.gov/Archives/edgar/data/1853044/000182912626008484/0001829126-26-008484-index.htm,8-K,8-K,https://www.sec.gov/Archives/edgar/data/1853044/000182912626008484/aeriestech_8k.htm,True,
AERT,2026-08-07 00:00:00,https://www.sec.gov/Archives/edgar/data/1853044/000182912626008484/0001829126-26-008484-index.htm,EX-10.1,EXHIBIT 10.1,https://www.sec.gov/Archives/edgar/data/1853044/000182912626008484/aeriestech_10-1.htm,False,
AERTW,2026-08-07 00:00:00,https://www.sec.gov/Archives/edgar/data/1853044/000182912626008484/0001829126-26-008484-index.htm,8-K,8-K,https://www.sec.gov/Archives/edgar/data/1853044/000182912626008484/aeriestech_8k.htm,True,
AERTW,2026-08-07 00:00:00,https://www.sec.gov/Archives/edgar/data/1853044/000182912626008484/0001829126-26-008484-index.htm,EX-10.1,EXHIBIT 10.1,https://www.sec.gov/Archives/edgar/data/1853044/000182912626008484/aeriestech_10-1.htm,False,
WWAC,2026-08-07 00:00:00,https://www.sec.gov/Archives/edgar/data/1853044/000182912626008484/0001829126-26-008484-index.htm,8-K,8-K,https://www.sec.gov/Archives/edgar/data/1853044/000182912626008484/aeriestech_8k.htm,True,
WWAC,2026-08-07 00:00:00,https://www.sec.gov/Archives/edgar/data/1853044/000182912626008484/0001829126-26-008484-index.htm,EX-10.1,EXHIBIT 10.1,https://www.sec.gov/Archives/edgar/data/1853044/000182912626008484/aeriestech_10-1.htm,False,
WWACW,2026-08-07 00:00:00,https://www.sec.gov/Archives/edgar/data/1853044/000182912626008484/0001829126-26-008484-index.htm,8-K,8-K,https://www.sec.gov/Archives/edgar/data/1853044/000182912626008484/aeriestech_8k.htm,True,
WWACW,2026-08-07 00:00:00,https://www.sec.gov/Archives/edgar/data/1853044/000182912626008484/0001829126-26-008484-index.htm,EX-10.1,EXHIBIT 10.1,https://www.sec.gov/Archives/edgar/data/1853044/000182912626008484/aeriestech_10-1.htm,False,
WWACU,2026-08-07 00:00:00,https://www.sec.gov/Archives/edgar/data/1853044/000182912626008484/0001829126-26-008484-index.htm,8-K,8-K,https://www.sec.gov/Archives/edgar/data/1853044/000182912626008484/aeriestech_8k.htm,True,
WWACU,2026-08-07 00:00:00,https://www.sec.gov/Archives/edgar/data/1853044/000182912626008484/0001829126-26-008484-index.htm,EX-10.1,EXHIBIT 10.1,https://www.sec.gov/Archives/edgar/data/1853044/000182912626008484/aeriestech_10-1.htm,False,
ONDS,2026-08-07 00:00:00,https://www.sec.gov/Archives/edgar/data/1646188/000119312526340352/0001193125-26-340352-index.htm,8-K,8-K,https://www.sec.gov/Archives/edgar/data/1646188/000119312526340352/onds-20260803.htm,False,
ONDS,2026-08-07 00:00:00,https://www.sec.gov/Archives/edgar/data/1646188/000119312526340352/0001193125-26-340352-index.htm,EX-10.1,EX-10.1,https://www.sec.gov/Archives/edgar/data/1646188/000119312526340352/onds-ex10_1.htm,False,
WAVD,2026-08-07 00:00:00,https://www.sec.gov/Archives/edgar/data/803578/000121390026086720/0001213900-26-086720-index.htm,8-K,CURRENT REPORT,https://www.sec.gov/Archives/edgar/data/803578/000121390026086720/ea0300943-8k_firefly.htm,False,
WAVD,2026-08-07 00:00:00,https://www.sec.gov/Archives/edgar/data/803578/000121390026086720/0001213900-26-086720-index.htm,EX-10.1,"AMENDMENT NO. 2 TO THE FIREFLY NEUROSCIENCE, INC. 2024 LONG-TERM INCENTIVE PLAN",https://www.sec.gov/Archives/edgar/data/803578/000121390026086720/ea030094301ex10-1.htm,False,
IAIC,2026-08-07 00:00:00,https://www.sec.gov/Archives/edgar/data/803578/000121390026086720/0001213900-26-086720-index.htm,8-K,CURRENT REPORT,https://www.sec.gov/Archives/edgar/data/803578/000121390026086720/ea0300943-8k_firefly.htm,False,
IAIC,2026-08-07 00:00:00,https://www.sec.gov/Archives/edgar/data/803578/000121390026086720/0001213900-26-086720-index.htm,EX-10.1,"AMENDMENT NO. 2 TO THE FIREFLY NEUROSCIENCE, INC. 2024 LONG-TERM INCENTIVE PLAN",https://www.sec.gov/Archives/edgar/data/803578/000121390026086720/ea030094301ex10-1.htm,False,
LQDT,2026-08-07 00:00:00,https://www.sec.gov/Archives/edgar/data/1235468/000119312526340348/0001193125-26-340348-index.htm,8-K,8-K,https://www.sec.gov/Archives/edgar/data/1235468/000119312526340348/lqdt-20260806.htm,False,
LQDT,2026-08-07 00:00:00,https://www.sec.gov/Archives/edgar/data/1235468/000119312526340348/0001193125-26-340348-index.htm,EX-99.1,EX-99.1,https://www.sec.gov/Archives/edgar/data/1235468/000119312526340348/lqdt-ex99_1.htm,False,
SABRP,2026-08-07 00:00:00,https://www.sec.gov/Archives/edgar/data/1597033/000119312526340356/0001193125-26-340356-index.htm,8-K,8-K,https://www.sec.gov/Archives/edgar/data/1597033/000119312526340356/d133770d8k.htm,True,
SABRP,2026-08-07 00:00:00,https://www.sec.gov/Archives/edgar/data/1597033/000119312526340356/0001193125-26-340356-index.htm,EX-10.1,EX-10.1,https://www.sec.gov/Archives/edgar/data/1597033/000119312526340356/d133770dex101.htm,True,
SABR,2026-08-07 00:00:00,https://www.sec.gov/Archives/edgar/data/1597033/000119312526340356/0001193125-26-340356-index.htm,8-K,8-K,https://www.sec.gov/Archives/edgar/data/1597033/000119312526340356/d133770d8k.htm,True,
SABR,2026-08-07 00:00:00,https://www.sec.gov/Archives/edgar/data/1597033/000119312526340356/0001193125-26-340356-index.htm,EX-10.1,EX-10.1,https://www.sec.gov/Archives/edgar/data/1597033/000119312526340356/d133770dex101.htm,True,
INN,2026-08-07 00:00:00,https://www.sec.gov/Archives/edgar/data/1497645/000110465926092735/0001104659-26-092735-index.htm,8-K,FORM 8-K,https://www.sec.gov/Archives/edgar/data/1497645/000110465926092735/tm2622233d2_8k.htm,False,
INN-PE,2026-08-07 00:00:00,https://www.sec.gov/Archives/edgar/data/1497645/000110465926092735/0001104659-26-092735-index.htm,8-K,FORM 8-K,https://www.sec.gov/Archives/edgar/data/1497645/000110465926092735/tm2622233d2_8k.htm,False,
INN-PF,2026-08-07 00:00:00,https://www.sec.gov/Archives/edgar/data/1497645/000110465926092735/0001104659-26-092735-index.htm,8-K,FORM 8-K,https://www.sec.gov/Archives/edgar/data/1497645/000110465926092735/tm2622233d2_8k.htm,False,
RYAN,2026-08-07 00:00:00,https://www.sec.gov/Archives/edgar/data/1849253/000184925326000040/0001849253-26-000040-index.htm,8-K,8-K,https://www.sec.gov/Archives/edgar/data/1849253/000184925326000040/ryan-20260804.htm,True,
RYAN,2026-08-07 00:00:00,https://www.sec.gov/Archives/edgar/data/1849253/000184925326000040/0001849253-26-000040-index.htm,EX-10.1,EX-10.1,https://www.sec.gov/Archives/edgar/data/1849253/000184925326000040/amendmentno1toexecutivecha.htm,False,
ILMN,2026-08-07 00:00:00,https://www.sec.gov/Archives/edgar/data/1110803/000111080326000168/0001110803-26-000168-index.htm,8-K,8-K,https://www.sec.gov/Archives/edgar/data/1110803/000111080326000168/ilmn-20260807.htm,False,
ILMN,2026-08-07 00:00:00,https://www.sec.gov/Archives/edgar/data/1110803/000111080326000168/0001110803-26-000168-index.htm,EX-99.1,EX-99.1,https://www.sec.gov/Archives/edgar/data/1110803/000111080326000168/ex991notice8726.htm,False,
TSCO,2026-08-07 00:00:00,https://www.sec.gov/Archives/edgar/data/916365/000091636526000063/0000916365-26-000063-index.htm,8-K,8-K TRACTOR SUPPLY COMPANY,https://www.sec.gov/Archives/edgar/data/916365/000091636526000063/tsco-20260803.htm,False,
RDVT,2026-08-07 00:00:00,https://www.sec.gov/Archives/edgar/data/1720116/000119312526340311/0001193125-26-340311-index.htm,8-K,8-K,https://www.sec.gov/Archives/edgar/data/1720116/000119312526340311/rdvt-20260805.htm,True,
RDVT,2026-08-07 00:00:00,https://www.sec.gov/Archives/edgar/data/1720116/000119312526340311/0001193125-26-340311-index.htm,EX-99.1,EX-99.1,https://www.sec.gov/Archives/edgar/data/1720116/000119312526340311/rdvt-ex99_1.htm,False,
None,2026-08-07 00:00:00,https://www.sec.gov/Archives/edgar/data/1533758/000141540426000042/0001415404-26-000042-index.htm,8-K,8-K,https://www.sec.gov/Archives/edgar/data/1415404/000141540426000042/sats-20260807x8k.htm,False,
None,2026-08-07 00:00:00,https://www.sec.gov/Archives/edgar/data/1533758/000141540426000042/0001415404-26-000042-index.htm,EX-99.1,EX-99.1,https://www.sec.gov/Archives/edgar/data/1415404/000141540426000042/sats-20260807xex99d1.htm,False,
SATS,2026-08-07 00:00:00,https://www.sec.gov/Archives/edgar/data/1415404/000141540426000042/0001415404-26-000042-index.htm,8-K,8-K,https://www.sec.gov/Archives/edgar/data/1415404/000141540426000042/sats-20260807x8k.htm,False,
SATS,2026-08-07 00:00:00,https://www.sec.gov/Archives/edgar/data/1415404/000141540426000042/0001415404-26-000042-index.htm,EX-99.1,EX-99.1,https://www.sec.gov/Archives/edgar/data/1415404/000141540426000042/sats-20260807xex99d1.htm,False,
ECHO,2026-08-07 00:00:00,https://www.sec.gov/Archives/edgar/data/1415404/000141540426000042/0001415404-26-000042-index.htm,8-K,8-K,https://www.sec.gov/Archives/edgar/data/1415404/000141540426000042/sats-20260807x8k.htm,False,
ECHO,2026-08-07 00:00:00,https://www.sec.gov/Archives/edgar/data/1415404/000141540426000042/0001415404-26-000042-index.htm,EX-99.1,EX-99.1,https://www.sec.gov/Archives/edgar/data/1415404/000141540426000042/sats-20260807xex99d1.htm,False,
CERT,2026-08-07 00:00:00,https://www.sec.gov/Archives/edgar/data/1827090/000110465926092730/0001104659-26-092730-index.htm,8-K,FORM 8-K,https://www.sec.gov/Archives/edgar/data/1827090/000110465926092730/tm2622458d1_8k.htm,False,
PSBD,2026-08-07 00:00:00,https://www.sec.gov/Archives/edgar/data/1794776/000121390026086702/0001213900-26-086702-index.htm,8-K,CURRENT REPORT,https://www.sec.gov/Archives/edgar/data/1794776/000121390026086702/ea0301137-8k_palmer.htm,False,
CRMD,2026-08-07 00:00:00,https://www.sec.gov/Archives/edgar/data/1410098/000141009826000044/0001410098-26-000044-index.htm,8-K,8-K,https://www.sec.gov/Archives/edgar/data/1410098/000141009826000044/crmd-20260807.htm,False,
CRMD,2026-08-07 00:00:00,https://www.sec.gov/Archives/edgar/data/1410098/000141009826000044/0001410098-26-000044-index.htm,EX-99.1,EX-99.1,https://www.sec.gov/Archives/edgar/data/1410098/000141009826000044/crmd-8xkxaugust72026xex991.htm,False,
None,2026-08-07 00:00:00,https://www.sec.gov/Archives/edgar/data/2049595/000119312526340299/0001193125-26-340299-index.htm,8-K,8-K,https://www.sec.gov/Archives/edgar/data/2049595/000119312526340299/d98851d8k.htm,False,
ARMK,2026-08-07 00:00:00,https://www.sec.gov/Archives/edgar/data/1584509/000158450926000113/0001584509-26-000113-index.htm,8-K,8-K,https://www.sec.gov/Archives/edgar/data/1584509/000158450926000113/cik0-20260804.htm,False,
PRK,2026-08-07 00:00:00,https://www.sec.gov/Archives/edgar/data/805676/000080567626000062/0000805676-26-000062-index.htm,8-K,8-K,https://www.sec.gov/Archives/edgar/data/805676/000080567626000062/prk-20260807.htm,False,
PRK,2026-08-07 00:00:00,https://www.sec.gov/Archives/edgar/data/805676/000080567626000062/0000805676-26-000062-index.htm,EX-99.1,EX-99.1,https://www.sec.gov/Archives/edgar/data/805676/000080567626000062/q22026investorslides-fin.htm,False,
AVAT,2026-08-07 00:00:00,https://www.sec.gov/Archives/edgar/data/2092446/000110465926092723/0001104659-26-092723-index.htm,8-K,FORM 8-K,https://www.sec.gov/Archives/edgar/data/2092446/000110465926092723/tm2622466d1_8k.htm,False,
UBER,2026-08-07 00:00:00,https://www.sec.gov/Archives/edgar/data/1543151/000155278126000414/0001552781-26-000414-index.htm,8-K,,https://www.sec.gov/Archives/edgar/data/1543151/000155278126000414/e26328_uber-8k.htm,True,
UBER,2026-08-07 00:00:00,https://www.sec.gov/Archives/edgar/data/1543151/000155278126000414/0001552781-26-000414-index.htm,EX-10.1,,https://www.sec.gov/Archives/edgar/data/1543151/000155278126000414/e26328_ex10-1.htm,True,
UBER,2026-08-07 00:00:00,https://www.sec.gov/Archives/edgar/data/1543151/000155278126000414/0001552781-26-000414-index.htm,EX-10.2,,https://www.sec.gov/Archives/edgar/data/1543151/000155278126000414/e26328_ex10-2.htm,True,
XTNT,2026-08-07 00:00:00,https://www.sec.gov/Archives/edgar/data/1453593/000149315226036586/0001493152-26-036586-index.htm,8-K,8-K,https://www.sec.gov/Archives/edgar/data/1453593/000149315226036586/form8-k.htm,False,
TRNR,2026-08-07 00:00:00,https://www.sec.gov/Archives/edgar/data/1785056/000119312526340285/0001193125-26-340285-index.htm,8-K,8-K,https://www.sec.gov/Archives/edgar/data/1785056/000119312526340285/trnr-20260803.htm,False,
TRNR,2026-08-07 00:00:00,https://www.sec.gov/Archives/edgar/data/1785056/000119312526340285/0001193125-26-340285-index.htm,EX-10.1,EX-10.1,https://www.sec.gov/Archives/edgar/data/1785056/000119312526340285/trnr-ex10_1.htm,False,
SCKT,2026-08-07 00:00:00,https://www.sec.gov/Archives/edgar/data/944075/000094407526000055/0000944075-26-000055-index.htm,8-K,FORM 8-K,https://www.sec.gov/Archives/edgar/data/944075/000094407526000055/form-8k0803.htm,False,
BH,2026-08-07 00:00:00,https://www.sec.gov/Archives/edgar/data/1726173/000162828026054846/0001628280-26-054846-index.htm,8-K,8-K,https://www.sec.gov/Archives/edgar/data/1726173/000162828026054846/bh-20260807.htm,False,
BH,2026-08-07 00:00:00,https://www.sec.gov/Archives/edgar/data/1726173/000162828026054846/0001628280-26-054846-index.htm,EX-99.1,EX-99.1,https://www.sec.gov/Archives/edgar/data/1726173/000162828026054846/bh-8kexx99120260807.htm,False,
BH-A,2026-08-07 00:00:00,https://www.sec.gov/Archives/edgar/data/1726173/000162828026054846/0001628280-26-054846-index.htm,8-K,8-K,https://www.sec.gov/Archives/edgar/data/1726173/000162828026054846/bh-20260807.htm,False,
BH-A,2026-08-07 00:00:00,https://www.sec.gov/Archives/edgar/data/1726173/000162828026054846/0001628280-26-054846-index.htm,EX-99.1,EX-99.1,https://www.sec.gov/Archives/edgar/data/1726173/000162828026054846/bh-8kexx99120260807.htm,False,
LUV,2026-08-07 00:00:00,https://www.sec.gov/Archives/edgar/data/92380/000119312526340284/0001193125-26-340284-index.htm,8-K,8-K,https://www.sec.gov/Archives/edgar/data/92380/000119312526340284/d101890d8k.htm,False,
MUX,2026-08-07 00:00:00,https://www.sec.gov/Archives/edgar/data/314203/000110465926092719/0001104659-26-092719-index.htm,8-K,FORM 8-K,https://www.sec.gov/Archives/edgar/data/314203/000110465926092719/tm2622532d1_8k.htm,False,
MUX,2026-08-07 00:00:00,https://www.sec.gov/Archives/edgar/data/314203/000110465926092719/0001104659-26-092719-index.htm,EX-99.1,EXHIBIT 99.1,https://www.sec.gov/Archives/edgar/data/314203/000110465926092719/tm2622532d1_ex99-1.htm,True,
AZYO,2026-08-07 00:00:00,https://www.sec.gov/Archives/edgar/data/1708527/000110465926092718/0001104659-26-092718-index.htm,8-K,FORM 8-K,https://www.sec.gov/Archives/edgar/data/1708527/000110465926092718/tm2622521d1_8k.htm,False,
ELUT,2026-08-07 00:00:00,https://www.sec.gov/Archives/edgar/data/1708527/000110465926092718/0001104659-26-092718-index.htm,8-K,FORM 8-K,https://www.sec.gov/Archives/edgar/data/1708527/000110465926092718/tm2622521d1_8k.htm,False,
TRV,2026-08-07 00:00:00,https://www.sec.gov/Archives/edgar/data/86312/000110465926092716/0001104659-26-092716-index.htm,8-K,FORM 8-K,https://www.sec.gov/Archives/edgar/data/86312/000110465926092716/tm2622405d1_8k.htm,False,
PTMN,2026-08-07 00:00:00,https://www.sec.gov/Archives/edgar/data/1372807/000119312526340277/0001193125-26-340277-index.htm,8-K,8-K,https://www.sec.gov/Archives/edgar/data/1372807/000119312526340277/d123152d8k.htm,False,
PTMN,2026-08-07 00:00:00,https://www.sec.gov/Archives/edgar/data/1372807/000119312526340277/0001193125-26-340277-index.htm,EX-99.1,EX-99.1,https://www.sec.gov/Archives/edgar/data/1372807/000119312526340277/d123152dex991.htm,True,
BCIC,2026-08-07 00:00:00,https://www.sec.gov/Archives/edgar/data/1372807/000119312526340277/0001193125-26-340277-index.htm,8-K,8-K,https://www.sec.gov/Archives/edgar/data/1372807/000119312526340277/d123152d8k.htm,False,
BCIC,2026-08-07 00:00:00,https://www.sec.gov/Archives/edgar/data/1372807/000119312526340277/0001193125-26-340277-index.htm,EX-99.1,EX-99.1,https://www.sec.gov/Archives/edgar/data/1372807/000119312526340277/d123152dex991.htm,True,
LTBR,2026-08-07 00:00:00,https://www.sec.gov/Archives/edgar/data/1084554/000147793226004774/0001477932-26-004774-index.htm,8-K,FORM 8-K,https://www.sec.gov/Archives/edgar/data/1084554/000147793226004774/ltbr_8k.htm,False,
BSEM,2026-08-07 00:00:00,https://www.sec.gov/Archives/edgar/data/1658678/000119312526340271/0001193125-26-340271-index.htm,8-K,8-K,https://www.sec.gov/Archives/edgar/data/1658678/000119312526340271/bsem-20260806.htm,False,
BSEM,2026-08-07 00:00:00,https://www.sec.gov/Archives/edgar/data/1658678/000119312526340271/0001193125-26-340271-index.htm,EX-99.1,EX-99.1,https://www.sec.gov/Archives/edgar/data/1658678/000119312526340271/bsem-ex99_1.htm,False,
STHO,2026-08-07 00:00:00,https://www.sec.gov/Archives/edgar/data/1953366/000195336626000021/0001953366-26-000021-index.htm,8-K,8-K,https://www.sec.gov/Archives/edgar/data/1953366/000195336626000021/stho-20260807x8k.htm,False,
STHO,2026-08-07 00:00:00,https://www.sec.gov/Archives/edgar/data/1953366/000195336626000021/0001953366-26-000021-index.htm,EX-99.1,EX-99.1,https://www.sec.gov/Archives/edgar/data/1953366/000195336626000021/stho-20260807xex99d1.htm,False,
BRVE,2026-08-07 00:00:00,https://www.sec.gov/Archives/edgar/data/2131524/000162828026054842/0001628280-26-054842-index.htm,8-K,8-K,https://www.sec.gov/Archives/edgar/data/2131524/000162828026054842/braveheart-closing8xk.htm,False,
RF-PB,2026-08-07 00:00:00,https://www.sec.gov/Archives/edgar/data/1281761/000128176126000057/0001281761-26-000057-index.htm,8-K,8-K,https://www.sec.gov/Archives/edgar/data/1281761/000128176126000057/rf-20260807.htm,False,
RF-PB,2026-08-07 00:00:00,https://www.sec.gov/Archives/edgar/data/1281761/000128176126000057/0001281761-26-000057-index.htm,EX-99.1,EX-99.1,https://www.sec.gov/Archives/edgar/data/1281761/000128176126000057/a3q26investormeetingmate.htm,False,
RF,2026-08-07 00:00:00,https://www.sec.gov/Archives/edgar/data/1281761/000128176126000057/0001281761-26-000057-index.htm,8-K,8-K,https://www.sec.gov/Archives/edgar/data/1281761/000128176126000057/rf-20260807.htm,False,
RF,2026-08-07 00:00:00,https://www.sec.gov/Archives/edgar/data/1281761/000128176126000057/0001281761-26-000057-index.htm,EX-99.1,EX-99.1,https://www.sec.gov/Archives/edgar/data/1281761/000128176126000057/a3q26investormeetingmate.htm,False,
RF-PF,2026-08-07 00:00:00,https://www.sec.gov/Archives/edgar/data/1281761/000128176126000057/0001281761-26-000057-index.htm,8-K,8-K,https://www.sec.gov/Archives/edgar/data/1281761/000128176126000057/rf-20260807.htm,False,
RF-PF,2026-08-07 00:00:00,https://www.sec.gov/Archives/edgar/data/1281761/000128176126000057/0001281761-26-000057-index.htm,EX-99.1,EX-99.1,https://www.sec.gov/Archives/edgar/data/1281761/000128176126000057/a3q26investormeetingmate.htm,False,
RF-PC,2026-08-07 00:00:00,https://www.sec.gov/Archives/edgar/data/1281761/000128176126000057/0001281761-26-000057-index.htm,8-K,8-K,https://www.sec.gov/Archives/edgar/data/1281761/000128176126000057/rf-20260807.htm,False,
RF-PC,2026-08-07 00:00:00,https://www.sec.gov/Archives/edgar/data/1281761/000128176126000057/0001281761-26-000057-index.htm,EX-99.1,EX-99.1,https://www.sec.gov/Archives/edgar/data/1281761/000128176126000057/a3q26investormeetingmate.htm,False,
RF-PE,2026-08-07 00:00:00,https://www.sec.gov/Archives/edgar/data/1281761/000128176126000057/0001281761-26-000057-index.htm,8-K,8-K,https://www.sec.gov/Archives/edgar/data/1281761/000128176126000057/rf-20260807.htm,False,
RF-PE,2026-08-07 00:00:00,https://www.sec.gov/Archives/edgar/data/1281761/000128176126000057/0001281761-26-000057-index.htm,EX-99.1,EX-99.1,https://www.sec.gov/Archives/edgar/data/1281761/000128176126000057/a3q26investormeetingmate.htm,False,
PRKA,2026-08-07 00:00:00,https://www.sec.gov/Archives/edgar/data/1297937/000149315226036576/0001493152-26-036576-index.htm,8-K,8-K,https://www.sec.gov/Archives/edgar/data/1297937/000149315226036576/form8-k.htm,False,
PRKA,2026-08-07 00:00:00,https://www.sec.gov/Archives/edgar/data/1297937/000149315226036576/0001493152-26-036576-index.htm,EX-99.1,EX-99.1,https://www.sec.gov/Archives/edgar/data/1297937/000149315226036576/ex99-1.htm,False,
BHVN,2026-08-07 00:00:00,https://www.sec.gov/Archives/edgar/data/1935979/000193597926000060/0001935979-26-000060-index.htm,8-K,8-K,https://www.sec.gov/Archives/edgar/data/1935979/000193597926000060/bhvn-20260803.htm,False,
GIF,2026-08-07 00:00:00,https://www.sec.gov/Archives/edgar/data/1031235/000119312526340252/0001193125-26-340252-index.htm,8-K,8-K,https://www.sec.gov/Archives/edgar/data/1031235/000119312526340252/self-20260807.htm,False,
GIF,2026-08-07 00:00:00,https://www.sec.gov/Archives/edgar/data/1031235/000119312526340252/0001193125-26-340252-index.htm,EX-99.1,EX-99.1,https://www.sec.gov/Archives/edgar/data/1031235/000119312526340252/self-ex99_1.htm,True,
SELF,2026-08-07 00:00:00,https://www.sec.gov/Archives/edgar/data/1031235/000119312526340252/0001193125-26-340252-index.htm,8-K,8-K,https://www.sec.gov/Archives/edgar/data/1031235/000119312526340252/self-20260807.htm,False,
SELF,2026-08-07 00:00:00,https://www.sec.gov/Archives/edgar/data/1031235/000119312526340252/0001193125-26-340252-index.htm,EX-99.1,EX-99.1,https://www.sec.gov/Archives/edgar/data/1031235/000119312526340252/self-ex99_1.htm,True,
REZI,2026-08-07 00:00:00,https://www.sec.gov/Archives/edgar/data/1740332/000121390026086692/0001213900-26-086692-index.htm,8-K,CURRENT REPORT,https://www.sec.gov/Archives/edgar/data/1740332/000121390026086692/ea0300451-8k_resideo.htm,False,
REZI,2026-08-07 00:00:00,https://www.sec.gov/Archives/edgar/data/1740332/000121390026086692/0001213900-26-086692-index.htm,EX-10.1,"AMENDED AND RESTATED 2018 STOCK INCENTIVE PLAN OF RESIDEO TECHNOLOGIES, INC. AND",https://www.sec.gov/Archives/edgar/data/1740332/000121390026086692/ea030045101ex10-1.htm,False,
REZI,2026-08-07 00:00:00,https://www.sec.gov/Archives/edgar/data/1740332/000121390026086692/0001213900-26-086692-index.htm,EX-10.2,"2018 STOCK PLAN FOR NON-EMPLOYEE DIRECTORS OF RESIDEO TECHNOLOGIES, INC",https://www.sec.gov/Archives/edgar/data/1740332/000121390026086692/ea030045101ex10-2.htm,False,
REZI,2026-08-07 00:00:00,https://www.sec.gov/Archives/edgar/data/1740332/000121390026086692/0001213900-26-086692-index.htm,EX-99.1,UNAUDITED PRO FORMA CONDENSED CONSOLIDATED FINANCIAL STATEMENTS OF RESIDEO TECHN,https://www.sec.gov/Archives/edgar/data/1740332/000121390026086692/ea030045101ex99-1.htm,True,
LCNB,2026-08-07 00:00:00,https://www.sec.gov/Archives/edgar/data/1074902/000143774926026582/0001437749-26-026582-index.htm,8-K,FORM 8-K,https://www.sec.gov/Archives/edgar/data/1074902/000143774926026582/lcnb20260806c_8k.htm,False,
LCNB,2026-08-07 00:00:00,https://www.sec.gov/Archives/edgar/data/1074902/000143774926026582/0001437749-26-026582-index.htm,EX-99.1,EXHIBIT 99.1,https://www.sec.gov/Archives/edgar/data/1074902/000143774926026582/ex_1000735_source.htm,False,
FREY,2026-08-07 00:00:00,https://www.sec.gov/Archives/edgar/data/1992243/000121390026086689/0001213900-26-086689-index.htm,8-K,CURRENT REPORT,https://www.sec.gov/Archives/edgar/data/1992243/000121390026086689/ea0301011-8k_t1energy.htm,False,
FREY-WT,2026-08-07 00:00:00,https://www.sec.gov/Archives/edgar/data/1992243/000121390026086689/0001213900-26-086689-index.htm,8-K,CURRENT REPORT,https://www.sec.gov/Archives/edgar/data/1992243/000121390026086689/ea0301011-8k_t1energy.htm,False,
TE,2026-08-07 00:00:00,https://www.sec.gov/Archives/edgar/data/1992243/000121390026086689/0001213900-26-086689-index.htm,8-K,CURRENT REPORT,https://www.sec.gov/Archives/edgar/data/1992243/000121390026086689/ea0301011-8k_t1energy.htm,False,
TE-WT,2026-08-07 00:00:00,https://www.sec.gov/Archives/edgar/data/1992243/000121390026086689/0001213900-26-086689-index.htm,8-K,CURRENT REPORT,https://www.sec.gov/Archives/edgar/data/1992243/000121390026086689/ea0301011-8k_t1energy.htm,False,
NODK,2026-08-07 00:00:00,https://www.sec.gov/Archives/edgar/data/1681206/000117494726000778/0001174947-26-000778-index.htm,8-K,8-K,https://www.sec.gov/Archives/edgar/data/1681206/000117494726000778/form8k-36157_nodk.htm,False,
NODK,2026-08-07 00:00:00,https://www.sec.gov/Archives/edgar/data/1681206/000117494726000778/0001174947-26-000778-index.htm,EX-99.1,EX-99.1,https://www.sec.gov/Archives/edgar/data/1681206/000117494726000778/ex99-1.htm,False,
HAWEL,2026-08-07 00:00:00,https://www.sec.gov/Archives/edgar/data/46207/000035470726000053/0000354707-26-000053-index.htm,8-K,8-K,https://www.sec.gov/Archives/edgar/data/46207/000035470726000053/he-20260807.htm,False,
HAWLN,2026-08-07 00:00:00,https://www.sec.gov/Archives/edgar/data/46207/000035470726000053/0000354707-26-000053-index.htm,8-K,8-K,https://www.sec.gov/Archives/edgar/data/46207/000035470726000053/he-20260807.htm,False,
HAWLM,2026-08-07 00:00:00,https://www.sec.gov/Archives/edgar/data/46207/000035470726000053/0000354707-26-000053-index.htm,8-K,8-K,https://www.sec.gov/Archives/edgar/data/46207/000035470726000053/he-20260807.htm,False,
HAWEN,2026-08-07 00:00:00,https://www.sec.gov/Archives/edgar/data/46207/000035470726000053/0000354707-26-000053-index.htm,8-K,8-K,https://www.sec.gov/Archives/edgar/data/46207/000035470726000053/he-20260807.htm,False,
HAWEM,2026-08-07 00:00:00,https://www.sec.gov/Archives/edgar/data/46207/000035470726000053/0000354707-26-000053-index.htm,8-K,8-K,https://www.sec.gov/Archives/edgar/data/46207/000035470726000053/he-20260807.htm,False,
HE,2026-08-07 00:00:00,https://www.sec.gov/Archives/edgar/data/354707/000035470726000053/0000354707-26-000053-index.htm,8-K,8-K,https://www.sec.gov/Archives/edgar/data/46207/000035470726000053/he-20260807.htm,False,
ENTXW,2026-08-07 00:00:00,https://www.sec.gov/Archives/edgar/data/1638097/000117891326003946/0001178913-26-003946-index.htm,8-K,8-K,https://www.sec.gov/Archives/edgar/data/1638097/000117891326003946/zk2635891.htm,False,
ENTXW,2026-08-07 00:00:00,https://www.sec.gov/Archives/edgar/data/1638097/000117891326003946/0001178913-26-003946-index.htm,EX-99.1,EXHIBIT 99.1,https://www.sec.gov/Archives/edgar/data/1638097/000117891326003946/exhibit_99-1.htm,False,
ENTX,2026-08-07 00:00:00,https://www.sec.gov/Archives/edgar/data/1638097/000117891326003946/0001178913-26-003946-index.htm,8-K,8-K,https://www.sec.gov/Archives/edgar/data/1638097/000117891326003946/zk2635891.htm,False,
ENTX,2026-08-07 00:00:00,https://www.sec.gov/Archives/edgar/data/1638097/000117891326003946/0001178913-26-003946-index.htm,EX-99.1,EXHIBIT 99.1,https://www.sec.gov/Archives/edgar/data/1638097/000117891326003946/exhibit_99-1.htm,False,
CTSO,2026-08-07 00:00:00,https://www.sec.gov/Archives/edgar/data/1175151/000110465926092691/0001104659-26-092691-index.htm,8-K,FORM 8-K,https://www.sec.gov/Archives/edgar/data/1175151/000110465926092691/tm2622604d1_8k.htm,False,
CTSO,2026-08-07 00:00:00,https://www.sec.gov/Archives/edgar/data/1175151/000110465926092691/0001104659-26-092691-index.htm,EX-99.1,EXHIBIT 99.1,https://www.sec.gov/Archives/edgar/data/1175151/000110465926092691/tm2622604d1_ex99-1.htm,False,
FLEX,2026-08-07 00:00:00,https://www.sec.gov/Archives/edgar/data/866374/000086637426000033/0000866374-26-000033-index.htm,8-K,8-K,https://www.sec.gov/Archives/edgar/data/866374/000086637426000033/flex-20260805.htm,False,
BUSE,2026-08-07 00:00:00,https://www.sec.gov/Archives/edgar/data/314489/000031448926000057/0000314489-26-000057-index.htm,8-K,8-K,https://www.sec.gov/Archives/edgar/data/314489/000031448926000057/buse-20260807.htm,False,
STT,2026-08-07 00:00:00,https://www.sec.gov/Archives/edgar/data/93751/000119312526340238/0001193125-26-340238-index.htm,8-K,8-K,https://www.sec.gov/Archives/edgar/data/93751/000119312526340238/d160462d8k.htm,False,
STT-PD,2026-08-07 00:00:00,https://www.sec.gov/Archives/edgar/data/93751/000119312526340238/0001193125-26-340238-index.htm,8-K,8-K,https://www.sec.gov/Archives/edgar/data/93751/000119312526340238/d160462d8k.htm,False,
STT-PG,2026-08-07 00:00:00,https://www.sec.gov/Archives/edgar/data/93751/000119312526340238/0001193125-26-340238-index.htm,8-K,8-K,https://www.sec.gov/Archives/edgar/data/93751/000119312526340238/d160462d8k.htm,False,
RMCF,2026-08-07 00:00:00,https://www.sec.gov/Archives/edgar/data/1616262/000121390026086676/0001213900-26-086676-index.htm,8-K,CURRENT REPORT,https://www.sec.gov/Archives/edgar/data/1616262/000121390026086676/ea0301125-8k_rocky.htm,False,
RMCF,2026-08-07 00:00:00,https://www.sec.gov/Archives/edgar/data/1616262/000121390026086676/0001213900-26-086676-index.htm,EX-10.1,"AMENDMENT TO THE ROCKY MOUNTAIN CHOCOLATE FACTORY, INC. 2024 OMNIBUS INCENTIVE C",https://www.sec.gov/Archives/edgar/data/1616262/000121390026086676/ea030112501ex10-1.htm,False,
ATHLV,2026-08-07 00:00:00,https://www.sec.gov/Archives/edgar/data/1527469/000119312526340236/0001193125-26-340236-index.htm,8-K,8-K,https://www.sec.gov/Archives/edgar/data/1527469/000119312526340236/d115353d8k.htm,False,
ATH,2026-08-07 00:00:00,https://www.sec.gov/Archives/edgar/data/1527469/000119312526340236/0001193125-26-340236-index.htm,8-K,8-K,https://www.sec.gov/Archives/edgar/data/1527469/000119312526340236/d115353d8k.htm,False,
ATH-PA,2026-08-07 00:00:00,https://www.sec.gov/Archives/edgar/data/1527469/000119312526340236/0001193125-26-340236-index.htm,8-K,8-K,https://www.sec.gov/Archives/edgar/data/1527469/000119312526340236/d115353d8k.htm,False,
ATH-PB,2026-08-07 00:00:00,https://www.sec.gov/Archives/edgar/data/1527469/000119312526340236/0001193125-26-340236-index.htm,8-K,8-K,https://www.sec.gov/Archives/edgar/data/1527469/000119312526340236/d115353d8k.htm,False,
ATHLL,2026-08-07 00:00:00,https://www.sec.gov/Archives/edgar/data/1527469/000119312526340236/0001193125-26-340236-index.htm,8-K,8-K,https://www.sec.gov/Archives/edgar/data/1527469/000119312526340236/d115353d8k.htm,False,
ATH-PE,2026-08-07 00:00:00,https://www.sec.gov/Archives/edgar/data/1527469/000119312526340236/0001193125-26-340236-index.htm,8-K,8-K,https://www.sec.gov/Archives/edgar/data/1527469/000119312526340236/d115353d8k.htm,False,
ATHS,2026-08-07 00:00:00,https://www.sec.gov/Archives/edgar/data/1527469/000119312526340236/0001193125-26-340236-index.htm,8-K,8-K,https://www.sec.gov/Archives/edgar/data/1527469/000119312526340236/d115353d8k.htm,False,
ATH-PD,2026-08-07 00:00:00,https://www.sec.gov/Archives/edgar/data/1527469/000119312526340236/0001193125-26-340236-index.htm,8-K,8-K,https://www.sec.gov/Archives/edgar/data/1527469/000119312526340236/d115353d8k.htm,False,
ATH-PC,2026-08-07 00:00:00,https://www.sec.gov/Archives/edgar/data/1527469/000119312526340236/0001193125-26-340236-index.htm,8-K,8-K,https://www.sec.gov/Archives/edgar/data/1527469/000119312526340236/d115353d8k.htm,False,
CGC,2026-08-07 00:00:00,https://www.sec.gov/Archives/edgar/data/1737927/000110465926092687/0001104659-26-092687-index.htm,8-K,FORM 8-K,https://www.sec.gov/Archives/edgar/data/1737927/000110465926092687/tm2620644d7_8k.htm,False,
ONOV,2026-08-07 00:00:00,https://www.sec.gov/Archives/edgar/data/1877939/000187793926000073/0001877939-26-000073-index.htm,8-K,8-K,https://www.sec.gov/Archives/edgar/data/1877939/000187793926000073/ctm-20260806.htm,False,
ONOV,2026-08-07 00:00:00,https://www.sec.gov/Archives/edgar/data/1877939/000187793926000073/0001877939-26-000073-index.htm,EX-99.1,EX-99.1,https://www.sec.gov/Archives/edgar/data/1877939/000187793926000073/exhibit991aug62026.htm,False,
CTM,2026-08-07 00:00:00,https://www.sec.gov/Archives/edgar/data/1877939/000187793926000073/0001877939-26-000073-index.htm,8-K,8-K,https://www.sec.gov/Archives/edgar/data/1877939/000187793926000073/ctm-20260806.htm,False,
CTM,2026-08-07 00:00:00,https://www.sec.gov/Archives/edgar/data/1877939/000187793926000073/0001877939-26-000073-index.htm,EX-99.1,EX-99.1,https://www.sec.gov/Archives/edgar/data/1877939/000187793926000073/exhibit991aug62026.htm,False,
ETS,2026-08-07 00:00:00,https://www.sec.gov/Archives/edgar/data/2053641/000110465926092685/0001104659-26-092685-index.htm,8-K,FORM 8-K,https://www.sec.gov/Archives/edgar/data/2053641/000110465926092685/tm2622514d1_8k.htm,False,
None,2026-08-07 00:00:00,https://www.sec.gov/Archives/edgar/data/862861/000149315226036566/0001493152-26-036566-index.htm,8-K,8-K,https://www.sec.gov/Archives/edgar/data/862861/000149315226036566/form8-k.htm,True,
BRFH,2026-08-07 00:00:00,https://www.sec.gov/Archives/edgar/data/1487197/000149315226036569/0001493152-26-036569-index.htm,8-K,8-K,https://www.sec.gov/Archives/edgar/data/1487197/000149315226036569/form8-k.htm,False,
WCN,2026-08-07 00:00:00,https://www.sec.gov/Archives/edgar/data/1318220/000110465926092680/0001104659-26-092680-index.htm,8-K,FORM 8-K,https://www.sec.gov/Archives/edgar/data/1318220/000110465926092680/tm2622609d1_8k.htm,False,
WCN,2026-08-07 00:00:00,https://www.sec.gov/Archives/edgar/data/1318220/000110465926092680/0001104659-26-092680-index.htm,EX-99.1,EXHIBIT 99.1,https://www.sec.gov/Archives/edgar/data/1318220/000110465926092680/tm2622609d1_ex99-1.htm,False,
None,2026-08-07 00:00:00,https://www.sec.gov/Archives/edgar/data/2106436/000121390026086670/0001213900-26-086670-index.htm,8-K,CURRENT REPORT,https://www.sec.gov/Archives/edgar/data/2106436/000121390026086670/ea0299676-8k_mercator.htm,False,
None,2026-08-07 00:00:00,https://www.sec.gov/Archives/edgar/data/2106436/000121390026086670/0001213900-26-086670-index.htm,EX-99.1,"AUDITED BALANCE SHEET AS OF FEBRUARY 13, 2026",https://www.sec.gov/Archives/edgar/data/2106436/000121390026086670/ea029967601ex99-1.htm,False,
ATYR,2026-08-07 00:00:00,https://www.sec.gov/Archives/edgar/data/1339970/000133997026000051/0001339970-26-000051-index.htm,8-K,8-K,https://www.sec.gov/Archives/edgar/data/1339970/000133997026000051/atyr-20260807.htm,False,
ATYR,2026-08-07 00:00:00,https://www.sec.gov/Archives/edgar/data/1339970/000133997026000051/0001339970-26-000051-index.htm,EX-99.1,EX-99.1,https://www.sec.gov/Archives/edgar/data/1339970/000133997026000051/atyr-ex99_1.htm,False,
NEOG,2026-08-07 00:00:00,https://www.sec.gov/Archives/edgar/data/711377/000119312526340216/0001193125-26-340216-index.htm,8-K,8-K,https://www.sec.gov/Archives/edgar/data/711377/000119312526340216/neog-20260803.htm,False,
MSCI,2026-08-07 00:00:00,https://www.sec.gov/Archives/edgar/data/1408198/000140819826000049/0001408198-26-000049-index.htm,8-K,8-K,https://www.sec.gov/Archives/edgar/data/1408198/000140819826000049/msci-20260807.htm,False,
LCNB,2026-08-07 00:00:00,https://www.sec.gov/Archives/edgar/data/1074902/000143774926026574/0001437749-26-026574-index.htm,8-K,FORM 8-K,https://www.sec.gov/Archives/edgar/data/1074902/000143774926026574/lcnb20260806_8k.htm,True,
LCNB,2026-08-07 00:00:00,https://www.sec.gov/Archives/edgar/data/1074902/000143774926026574/0001437749-26-026574-index.htm,EX-10.1,EXHIBIT 10.1,https://www.sec.gov/Archives/edgar/data/1074902/000143774926026574/ex_1000503.htm,True,
LCNB,2026-08-07 00:00:00,https://www.sec.gov/Archives/edgar/data/1074902/000143774926026574/0001437749-26-026574-index.htm,EX-99.1,EXHIBIT 99.1,https://www.sec.gov/Archives/edgar/data/1074902/000143774926026574/ex_1000623.htm,False,
ULBI,2026-08-07 00:00:00,https://www.sec.gov/Archives/edgar/data/875657/000143774926026573/0001437749-26-026573-index.htm,8-K,FORM 8-K,https://www.sec.gov/Archives/edgar/data/875657/000143774926026573/ulbi20260807_8k.htm,False,
ULBI,2026-08-07 00:00:00,https://www.sec.gov/Archives/edgar/data/875657/000143774926026573/0001437749-26-026573-index.htm,EX-99.1,EXHIBIT 99.1,https://www.sec.gov/Archives/edgar/data/875657/000143774926026573/ex_1001163.htm,False,
CLS,2026-08-07 00:00:00,https://www.sec.gov/Archives/edgar/data/1030894/000110465926092676/0001104659-26-092676-index.htm,8-K,FORM 8-K,https://www.sec.gov/Archives/edgar/data/1030894/000110465926092676/tm2621135d2_8k.htm,True,
APM,2026-08-07 00:00:00,https://www.sec.gov/Archives/edgar/data/1734005/000121390026086639/0001213900-26-086639-index.htm,8-K,CURRENT REPORT,https://www.sec.gov/Archives/edgar/data/1734005/000121390026086639/ea0300774-8k_nikibio.htm,False,
GYRO,2026-08-07 00:00:00,https://www.sec.gov/Archives/edgar/data/1589061/000143774926026570/0001437749-26-026570-index.htm,8-K,FORM 8-K,https://www.sec.gov/Archives/edgar/data/1589061/000143774926026570/gyrllc20260807_8k.htm,False,
GYRO,2026-08-07 00:00:00,https://www.sec.gov/Archives/edgar/data/1589061/000143774926026570/0001437749-26-026570-index.htm,EX-10.1,EXHIBIT 10.1,https://www.sec.gov/Archives/edgar/data/1589061/000143774926026570/ex_1001092.htm,False,
APYX,2026-08-07 00:00:00,https://www.sec.gov/Archives/edgar/data/719135/000149315226036557/0001493152-26-036557-index.htm,8-K,8-K,https://www.sec.gov/Archives/edgar/data/719135/000149315226036557/form8-k.htm,False,
APYX,2026-08-07 00:00:00,https://www.sec.gov/Archives/edgar/data/719135/000149315226036557/0001493152-26-036557-index.htm,EX-10.1,EX-10.1,https://www.sec.gov/Archives/edgar/data/719135/000149315226036557/ex10-1.htm,False,
RSTN,2026-08-07 00:00:00,https://www.sec.gov/Archives/edgar/data/1760233/000149315226036559/0001493152-26-036559-index.htm,8-K,8-K,https://www.sec.gov/Archives/edgar/data/1760233/000149315226036559/form8-k.htm,False,
None,2026-08-07 00:00:00,https://www.sec.gov/Archives/edgar/data/2027537/000119312526340158/0001193125-26-340158-index.htm,8-K,8-K,https://www.sec.gov/Archives/edgar/data/2027537/000119312526340158/d138288d8k.htm,False,
OSRH,2026-08-07 00:00:00,https://www.sec.gov/Archives/edgar/data/1840425/000121390026086599/0001213900-26-086599-index.htm,8-K,CURRENT REPORT,https://www.sec.gov/Archives/edgar/data/1840425/000121390026086599/ea0301114-8k_osrhealth.htm,False,
OSRH,2026-08-07 00:00:00,https://www.sec.gov/Archives/edgar/data/1840425/000121390026086599/0001213900-26-086599-index.htm,EX-99.1,"PRESS RELEASE, DATED AUGUST 7, 2026, TITLED ""OSR HEALTH ISSUES CLARIFICATION REG",https://www.sec.gov/Archives/edgar/data/1840425/000121390026086599/ea030111401ex99-1.htm,False,
OSRHW,2026-08-07 00:00:00,https://www.sec.gov/Archives/edgar/data/1840425/000121390026086599/0001213900-26-086599-index.htm,8-K,CURRENT REPORT,https://www.sec.gov/Archives/edgar/data/1840425/000121390026086599/ea0301114-8k_osrhealth.htm,False,
OSRHW,2026-08-07 00:00:00,https://www.sec.gov/Archives/edgar/data/1840425/000121390026086599/0001213900-26-086599-index.htm,EX-99.1,"PRESS RELEASE, DATED AUGUST 7, 2026, TITLED ""OSR HEALTH ISSUES CLARIFICATION REG",https://www.sec.gov/Archives/edgar/data/1840425/000121390026086599/ea030111401ex99-1.htm,False,
BLACU,2026-08-07 00:00:00,https://www.sec.gov/Archives/edgar/data/1840425/000121390026086599/0001213900-26-086599-index.htm,8-K,CURRENT REPORT,https://www.sec.gov/Archives/edgar/data/1840425/000121390026086599/ea0301114-8k_osrhealth.htm,False,
BLACU,2026-08-07 00:00:00,https://www.sec.gov/Archives/edgar/data/1840425/000121390026086599/0001213900-26-086599-index.htm,EX-99.1,"PRESS RELEASE, DATED AUGUST 7, 2026, TITLED ""OSR HEALTH ISSUES CLARIFICATION REG",https://www.sec.gov/Archives/edgar/data/1840425/000121390026086599/ea030111401ex99-1.htm,False,
BLAC,2026-08-07 00:00:00,https://www.sec.gov/Archives/edgar/data/1840425/000121390026086599/0001213900-26-086599-index.htm,8-K,CURRENT REPORT,https://www.sec.gov/Archives/edgar/data/1840425/000121390026086599/ea0301114-8k_osrhealth.htm,False,
BLAC,2026-08-07 00:00:00,https://www.sec.gov/Archives/edgar/data/1840425/000121390026086599/0001213900-26-086599-index.htm,EX-99.1,"PRESS RELEASE, DATED AUGUST 7, 2026, TITLED ""OSR HEALTH ISSUES CLARIFICATION REG",https://www.sec.gov/Archives/edgar/data/1840425/000121390026086599/ea030111401ex99-1.htm,False,
None,2026-08-07 00:00:00,https://www.sec.gov/Archives/edgar/data/1625941/000162828026054775/0001628280-26-054775-index.htm,8-K,8-K,https://www.sec.gov/Archives/edgar/data/1625941/000162828026054775/aire-20260730.htm,False,
None,2026-08-07 00:00:00,https://www.sec.gov/Archives/edgar/data/1625941/000162828026054775/0001628280-26-054775-index.htm,EX-99.1,EX-99.1,https://www.sec.gov/Archives/edgar/data/1625941/000162828026054775/aire-20260630ex991.htm,False,
None,2026-08-07 00:00:00,https://www.sec.gov/Archives/edgar/data/1327978/000162828026054774/0001628280-26-054774-index.htm,8-K,8-K,https://www.sec.gov/Archives/edgar/data/1327978/000162828026054774/are-20260729.htm,False,
None,2026-08-07 00:00:00,https://www.sec.gov/Archives/edgar/data/1327978/000162828026054774/0001628280-26-054774-index.htm,EX-99.1,EX-99.1,https://www.sec.gov/Archives/edgar/data/1327978/000162828026054774/are-20260629ex991.htm,False,
AREBW,2026-08-07 00:00:00,https://www.sec.gov/Archives/edgar/data/1648087/000149315226036535/0001493152-26-036535-index.htm,8-K,8-K,https://www.sec.gov/Archives/edgar/data/1648087/000149315226036535/form8-k.htm,True,
AREBW,2026-08-07 00:00:00,https://www.sec.gov/Archives/edgar/data/1648087/000149315226036535/0001493152-26-036535-index.htm,EX-10.1,EX-10.1,https://www.sec.gov/Archives/edgar/data/1648087/000149315226036535/ex10-1.htm,False,
AREBW,2026-08-07 00:00:00,https://www.sec.gov/Archives/edgar/data/1648087/000149315226036535/0001493152-26-036535-index.htm,EX-10.2,EX-10.2,https://www.sec.gov/Archives/edgar/data/1648087/000149315226036535/ex10-2.htm,False,
AREB,2026-08-07 00:00:00,https://www.sec.gov/Archives/edgar/data/1648087/000149315226036535/0001493152-26-036535-index.htm,8-K,8-K,https://www.sec.gov/Archives/edgar/data/1648087/000149315226036535/form8-k.htm,True,
AREB,2026-08-07 00:00:00,https://www.sec.gov/Archives/edgar/data/1648087/000149315226036535/0001493152-26-036535-index.htm,EX-10.1,EX-10.1,https://www.sec.gov/Archives/edgar/data/1648087/000149315226036535/ex10-1.htm,False,
AREB,2026-08-07 00:00:00,https://www.sec.gov/Archives/edgar/data/1648087/000149315226036535/0001493152-26-036535-index.htm,EX-10.2,EX-10.2,https://www.sec.gov/Archives/edgar/data/1648087/000149315226036535/ex10-2.htm,False,
QTRRF,2026-08-07 00:00:00,https://www.sec.gov/Archives/edgar/data/1339688/000106299326004098/0001062993-26-004098-index.htm,8-K,FORM 8-K,https://www.sec.gov/Archives/edgar/data/1339688/000106299326004098/form8k.htm,False,
QTRRF,2026-08-07 00:00:00,https://www.sec.gov/Archives/edgar/data/1339688/000106299326004098/0001062993-26-004098-index.htm,EX-99.1,EXHIBIT 99.1,https://www.sec.gov/Archives/edgar/data/1339688/000106299326004098/exhibit99-1.htm,False,
LCGMF,2026-08-07 00:00:00,https://www.sec.gov/Archives/edgar/data/1339688/000106299326004098/0001062993-26-004098-index.htm,8-K,FORM 8-K,https://www.sec.gov/Archives/edgar/data/1339688/000106299326004098/form8k.htm,False,
LCGMF,2026-08-07 00:00:00,https://www.sec.gov/Archives/edgar/data/1339688/000106299326004098/0001062993-26-004098-index.htm,EX-99.1,EXHIBIT 99.1,https://www.sec.gov/Archives/edgar/data/1339688/000106299326004098/exhibit99-1.htm,False,
None,2026-08-07 00:00:00,https://www.sec.gov/Archives/edgar/data/921864/000119312526339916/0001193125-26-339916-index.htm,8-K,8-K,https://www.sec.gov/Archives/edgar/data/921864/000119312526339916/d114054d8k.htm,False,
None,2026-08-07 00:00:00,https://www.sec.gov/Archives/edgar/data/1108348/000119312526339916/0001193125-26-339916-index.htm,8-K,8-K,https://www.sec.gov/Archives/edgar/data/921864/000119312526339916/d114054d8k.htm,False,
None,2026-08-07 00:00:00,https://www.sec.gov/Archives/edgar/data/1522616/000119312526339916/0001193125-26-339916-index.htm,8-K,8-K,https://www.sec.gov/Archives/edgar/data/921864/000119312526339916/d114054d8k.htm,False,
None,2026-08-07 00:00:00,https://www.sec.gov/Archives/edgar/data/1913593/000188852426014444/0001888524-26-014444-index.htm,8-K,,https://www.sec.gov/Archives/edgar/data/1913593/000188852426014444/bcr22c15_8k-08072026.htm,False,
None,2026-08-07 00:00:00,https://www.sec.gov/Archives/edgar/data/1946997/000119312526339868/0001193125-26-339868-index.htm,8-K,8-K,https://www.sec.gov/Archives/edgar/data/1946997/000119312526339868/ck0001946997-20260710.htm,False,
None,2026-08-07 00:00:00,https://www.sec.gov/Archives/edgar/data/1640967/000162828026054717/0001628280-26-054717-index.htm,8-K,8-K,https://www.sec.gov/Archives/edgar/data/1640967/000162828026054717/rc-20260807.htm,False,
None,2026-08-07 00:00:00,https://www.sec.gov/Archives/edgar/data/1330399/000133039926000093/0001330399-26-000093-index.htm,8-K,8-K,https://www.sec.gov/Archives/edgar/data/1330399/000133039926000093/ck0001330399-20260803.htm,False,
None,2026-08-07 00:00:00,https://www.sec.gov/Archives/edgar/data/1581552/000143774926026502/0001437749-26-026502-index.htm,8-K,FORM 8-K,https://www.sec.gov/Archives/edgar/data/1581552/000143774926026502/eele20260804_8k.htm,False,
None,2026-08-07 00:00:00,https://www.sec.gov/Archives/edgar/data/1912724/000153949726002122/0001539497-26-002122-index.htm,8-K,8-K,https://www.sec.gov/Archives/edgar/data/1912724/000153949726002122/n3018-x14_8k.htm,False,
TBTC,2026-08-07 00:00:00,https://www.sec.gov/Archives/edgar/data/1090396/000143774926026491/0001437749-26-026491-index.htm,8-K,FORM 8-K,https://www.sec.gov/Archives/edgar/data/1090396/000143774926026491/tbltrc20260807_8k.htm,False,
TBTC,2026-08-07 00:00:00,https://www.sec.gov/Archives/edgar/data/1090396/000143774926026491/0001437749-26-026491-index.htm,EX-99.1,EXHIBIT 99.1,https://www.sec.gov/Archives/edgar/data/1090396/000143774926026491/ex_1001018.htm,False,
MXF,2026-08-07 00:00:00,https://www.sec.gov/Archives/edgar/data/65433/000165495426007378/0001654954-26-007378-index.htm,8-K,FORM 8-K,https://www.sec.gov/Archives/edgar/data/65433/000165495426007378/mxf_8k.htm,False,
BCBP,2026-08-07 00:00:00,https://www.sec.gov/Archives/edgar/data/1228454/000119312526339642/0001193125-26-339642-index.htm,8-K,8-K,https://www.sec.gov/Archives/edgar/data/1228454/000119312526339642/d155268d8k.htm,False,
BCBP,2026-08-07 00:00:00,https://www.sec.gov/Archives/edgar/data/1228454/000119312526339642/0001193125-26-339642-index.htm,EX-99.1,EX-99.1,https://www.sec.gov/Archives/edgar/data/1228454/000119312526339642/d155268dex991.htm,False,
None,2026-08-07 00:00:00,https://www.sec.gov/Archives/edgar/data/1966394/000119312526339638/0001193125-26-339638-index.htm,8-K,8-K,https://www.sec.gov/Archives/edgar/data/1966394/000119312526339638/ck0001966394-20260803.htm,False,
None,2026-08-07 00:00:00,https://www.sec.gov/Archives/edgar/data/2026738/000119312526339609/0001193125-26-339609-index.htm,8-K,8-K,https://www.sec.gov/Archives/edgar/data/2026738/000119312526339609/ck0002026738-20260803.htm,False,
None,2026-08-07 00:00:00,https://www.sec.gov/Archives/edgar/data/2074065/000110465926092514/0001104659-26-092514-index.htm,8-K,FORM 8-K,https://www.sec.gov/Archives/edgar/data/2074065/000110465926092514/tm2622442d1_8k.htm,False,
QNBC,2026-08-07 00:00:00,https://www.sec.gov/Archives/edgar/data/750558/000119312526339585/0001193125-26-339585-index.htm,8-K,8-K,https://www.sec.gov/Archives/edgar/data/750558/000119312526339585/qnbc-20260807.htm,False,
QNBC,2026-08-07 00:00:00,https://www.sec.gov/Archives/edgar/data/750558/000119312526339585/0001193125-26-339585-index.htm,EX-99.1,EX-99.1,https://www.sec.gov/Archives/edgar/data/750558/000119312526339585/qnbc-ex99_1.htm,True,
TIPLX,2026-08-07 00:00:00,https://www.sec.gov/Archives/edgar/data/1551047/000139834426013771/0001398344-26-013771-index.htm,8-K,,https://www.sec.gov/Archives/edgar/data/1551047/000139834426013771/fp0100351-1_8kixbrl.htm,False,
STK,2026-08-07 00:00:00,https://www.sec.gov/Archives/edgar/data/1471420/000119312526339568/0001193125-26-339568-index.htm,8-K,8-K,https://www.sec.gov/Archives/edgar/data/1471420/000119312526339568/d93033d8k.htm,False,
STK,2026-08-07 00:00:00,https://www.sec.gov/Archives/edgar/data/1471420/000119312526339568/0001193125-26-339568-index.htm,EX-99.1,EX-99.1,https://www.sec.gov/Archives/edgar/data/1471420/000119312526339568/d93033dex991.htm,False,
None,2026-08-07 00:00:00,https://www.sec.gov/Archives/edgar/data/946155/000094615526000097/0000946155-26-000097-index.htm,8-K,8-K,https://www.sec.gov/Archives/edgar/data/946155/000094615526000097/tiaareal-20260807.htm,False,
None,2026-08-07 00:00:00,https://www.sec.gov/Archives/edgar/data/946155/000094615526000097/0000946155-26-000097-index.htm,EX-99.1,EX-99.1,https://www.sec.gov/Archives/edgar/data/946155/000094615526000097/a99163026.htm,False,
ARTNB,2026-08-07 00:00:00,https://www.sec.gov/Archives/edgar/data/863110/000086311026000072/0000863110-26-000072-index.htm,8-K,CURRENT REPORT FILING,https://www.sec.gov/Archives/edgar/data/863110/000086311026000072/artna-20260806.htm,False,
ARTNA,2026-08-07 00:00:00,https://www.sec.gov/Archives/edgar/data/863110/000086311026000072/0000863110-26-000072-index.htm,8-K,CURRENT REPORT FILING,https://www.sec.gov/Archives/edgar/data/863110/000086311026000072/artna-20260806.htm,False,
ETR,2026-08-07 00:00:00,https://www.sec.gov/Archives/edgar/data/65984/000119312526339472/0001193125-26-339472-index.htm,8-K,8-K,https://www.sec.gov/Archives/edgar/data/65984/000119312526339472/d42703d8k.htm,False,
UG,2026-08-07 00:00:00,https://www.sec.gov/Archives/edgar/data/101295/000117184326005349/0001171843-26-005349-index.htm,8-K,FORM 8-K,https://www.sec.gov/Archives/edgar/data/101295/000117184326005349/f8k_080726.htm,False,
UG,2026-08-07 00:00:00,https://www.sec.gov/Archives/edgar/data/101295/000117184326005349/0001171843-26-005349-index.htm,EX-99.1,PRESS RELEASE,https://www.sec.gov/Archives/edgar/data/101295/000117184326005349/exh_991.htm,False,
FREVS,2026-08-07 00:00:00,https://www.sec.gov/Archives/edgar/data/36840/000117494726000770/0001174947-26-000770-index.htm,8-K,8-K,https://www.sec.gov/Archives/edgar/data/36840/000117494726000770/form8k-36198_frevs.htm,False,
WOR,2026-08-07 00:00:00,https://www.sec.gov/Archives/edgar/data/108516/000119312526339407/0001193125-26-339407-index.htm,8-K,8-K,https://www.sec.gov/Archives/edgar/data/108516/000119312526339407/wor-20260805.htm,False,
WOR,2026-08-07 00:00:00,https://www.sec.gov/Archives/edgar/data/108516/000119312526339407/0001193125-26-339407-index.htm,EX-99.1,EX-99.1,https://www.sec.gov/Archives/edgar/data/108516/000119312526339407/wor-ex99_1.htm,False,
None,2026-08-07 00:00:00,https://www.sec.gov/Archives/edgar/data/1893262/000162828026054631/0001628280-26-054631-index.htm,8-K,8-K,https://www.sec.gov/Archives/edgar/data/1893262/000162828026054631/jpmreit-shareholdersvotean.htm,False,
CBLEQ,2026-08-07 00:00:00,https://www.sec.gov/Archives/edgar/data/910612/000119312526339362/0001193125-26-339362-index.htm,8-K,8-K,https://www.sec.gov/Archives/edgar/data/910612/000119312526339362/cbl-20260806.htm,False,
CBLEQ,2026-08-07 00:00:00,https://www.sec.gov/Archives/edgar/data/910612/000119312526339362/0001193125-26-339362-index.htm,EX-99.1,EX-99.1,https://www.sec.gov/Archives/edgar/data/910612/000119312526339362/cbl-ex99_1.htm,True,
CBL,2026-08-07 00:00:00,https://www.sec.gov/Archives/edgar/data/910612/000119312526339362/0001193125-26-339362-index.htm,8-K,8-K,https://www.sec.gov/Archives/edgar/data/910612/000119312526339362/cbl-20260806.htm,False,
CBL,2026-08-07 00:00:00,https://www.sec.gov/Archives/edgar/data/910612/000119312526339362/0001193125-26-339362-index.htm,EX-99.1,EX-99.1,https://www.sec.gov/Archives/edgar/data/910612/000119312526339362/cbl-ex99_1.htm,True,
LCII,2026-08-07 00:00:00,https://www.sec.gov/Archives/edgar/data/763744/000076374426000079/0000763744-26-000079-index.htm,8-K,8-K,https://www.sec.gov/Archives/edgar/data/763744/000076374426000079/lcii-20260805.htm,False,
LCII,2026-08-07 00:00:00,https://www.sec.gov/Archives/edgar/data/763744/000076374426000079/0000763744-26-000079-index.htm,EX-99.1,EX-99.1,https://www.sec.gov/Archives/edgar/data/763744/000076374426000079/lcii-transcriptx20260805.htm,False,
QRTEB,2026-08-07 00:00:00,https://www.sec.gov/Archives/edgar/data/1355096/000110465926092423/0001104659-26-092423-index.htm,8-K,FORM 8-K,https://www.sec.gov/Archives/edgar/data/1355096/000110465926092423/tm2622253d3_8k.htm,True,
QRTEP,2026-08-07 00:00:00,https://www.sec.gov/Archives/edgar/data/1355096/000110465926092423/0001104659-26-092423-index.htm,8-K,FORM 8-K,https://www.sec.gov/Archives/edgar/data/1355096/000110465926092423/tm2622253d3_8k.htm,True,
QRTEA,2026-08-07 00:00:00,https://www.sec.gov/Archives/edgar/data/1355096/000110465926092423/0001104659-26-092423-index.htm,8-K,FORM 8-K,https://www.sec.gov/Archives/edgar/data/1355096/000110465926092423/tm2622253d3_8k.htm,True,
PAGP,2026-08-07 00:00:00,https://www.sec.gov/Archives/edgar/data/1581990/000158199026000023/0001581990-26-000023-index.htm,8-K,8-K,https://www.sec.gov/Archives/edgar/data/1581990/000158199026000023/pagp-20260807.htm,False,
PAGP,2026-08-07 00:00:00,https://www.sec.gov/Archives/edgar/data/1581990/000158199026000023/0001581990-26-000023-index.htm,EX-99.1,EX-99.1,https://www.sec.gov/Archives/edgar/data/1581990/000158199026000023/pagp08072026exhibit991.htm,False,
PAA,2026-08-07 00:00:00,https://www.sec.gov/Archives/edgar/data/1070423/000107042326000028/0001070423-26-000028-index.htm,8-K,8-K,https://www.sec.gov/Archives/edgar/data/1070423/000107042326000028/paa-20260807.htm,False,
PAA,2026-08-07 00:00:00,https://www.sec.gov/Archives/edgar/data/1070423/000107042326000028/0001070423-26-000028-index.htm,EX-99.1,EX-99.1,https://www.sec.gov/Archives/edgar/data/1070423/000107042326000028/paa08072026exhibit991.htm,False,
AGO,2026-08-07 00:00:00,https://www.sec.gov/Archives/edgar/data/1273813/000127381326000079/0001273813-26-000079-index.htm,8-K,8-K,https://www.sec.gov/Archives/edgar/data/1273813/000127381326000079/ago-20260807.htm,False,
AVAV,2026-08-07 00:00:00,https://www.sec.gov/Archives/edgar/data/1368622/000110465926092413/0001104659-26-092413-index.htm,8-K,FORM 8-K,https://www.sec.gov/Archives/edgar/data/1368622/000110465926092413/tm2622497d1_8k.htm,False,
AVAV,2026-08-07 00:00:00,https://www.sec.gov/Archives/edgar/data/1368622/000110465926092413/0001104659-26-092413-index.htm,EX-99.1,EXHIBIT 99.1,https://www.sec.gov/Archives/edgar/data/1368622/000110465926092413/tm2622497d1_ex99-1.htm,False,
SBR,2026-08-07 00:00:00,https://www.sec.gov/Archives/edgar/data/710752/000119312526339317/0001193125-26-339317-index.htm,8-K,8-K,https://www.sec.gov/Archives/edgar/data/710752/000119312526339317/2026-08_sabine_8-k.htm,False,
SBR,2026-08-07 00:00:00,https://www.sec.gov/Archives/edgar/data/710752/000119312526339317/0001193125-26-339317-index.htm,EX-99.1,EX-99.1,https://www.sec.gov/Archives/edgar/data/710752/000119312526339317/sbr-ex99_1.htm,False,
JOUT,2026-08-07 00:00:00,https://www.sec.gov/Archives/edgar/data/788329/000117184326005346/0001171843-26-005346-index.htm,8-K,FORM 8-K,https://www.sec.gov/Archives/edgar/data/788329/000117184326005346/f8k_080726.htm,False,
JOUT,2026-08-07 00:00:00,https://www.sec.gov/Archives/edgar/data/788329/000117184326005346/0001171843-26-005346-index.htm,EX-99.1,PRESS RELEASE,https://www.sec.gov/Archives/edgar/data/788329/000117184326005346/exh_991.htm,False,
SOCGP,2026-08-07 00:00:00,https://www.sec.gov/Archives/edgar/data/92108/000009210826000020/0000092108-26-000020-index.htm,8-K,8-K,https://www.sec.gov/Archives/edgar/data/92108/000009210826000020/socalgas-20260806.htm,False,
SOCGM,2026-08-07 00:00:00,https://www.sec.gov/Archives/edgar/data/92108/000009210826000020/0000092108-26-000020-index.htm,8-K,8-K,https://www.sec.gov/Archives/edgar/data/92108/000009210826000020/socalgas-20260806.htm,False,
QVCC,2026-08-07 00:00:00,https://www.sec.gov/Archives/edgar/data/1254699/000110465926092407/0001104659-26-092407-index.htm,8-K,FORM 8-K,https://www.sec.gov/Archives/edgar/data/1254699/000110465926092407/tm2622253d2_8k.htm,True,
QVCC,2026-08-07 00:00:00,https://www.sec.gov/Archives/edgar/data/1254699/000110465926092407/0001104659-26-092407-index.htm,EX-10.1,EXHIBIT 10.1,https://www.sec.gov/Archives/edgar/data/1254699/000110465926092407/tm2622253d2_ex10-1.htm,True,
QVCC,2026-08-07 00:00:00,https://www.sec.gov/Archives/edgar/data/1254699/000110465926092407/0001104659-26-092407-index.htm,EX-10.2,EXHIBIT 10.2,https://www.sec.gov/Archives/edgar/data/1254699/000110465926092407/tm2622253d2_ex10-2.htm,True,
QVCC,2026-08-07 00:00:00,https://www.sec.gov/Archives/edgar/data/1254699/000110465926092407/0001104659-26-092407-index.htm,EX-99.1,EXHIBIT 99.1,https://www.sec.gov/Archives/edgar/data/1254699/000110465926092407/tm2622253d2_ex99-1.htm,True,
QVCD,2026-08-07 00:00:00,https://www.sec.gov/Archives/edgar/data/1254699/000110465926092407/0001104659-26-092407-index.htm,8-K,FORM 8-K,https://www.sec.gov/Archives/edgar/data/1254699/000110465926092407/tm2622253d2_8k.htm,True,
QVCD,2026-08-07 00:00:00,https://www.sec.gov/Archives/edgar/data/1254699/000110465926092407/0001104659-26-092407-index.htm,EX-10.1,EXHIBIT 10.1,https://www.sec.gov/Archives/edgar/data/1254699/000110465926092407/tm2622253d2_ex10-1.htm,True,
QVCD,2026-08-07 00:00:00,https://www.sec.gov/Archives/edgar/data/1254699/000110465926092407/0001104659-26-092407-index.htm,EX-10.2,EXHIBIT 10.2,https://www.sec.gov/Archives/edgar/data/1254699/000110465926092407/tm2622253d2_ex10-2.htm,True,
QVCD,2026-08-07 00:00:00,https://www.sec.gov/Archives/edgar/data/1254699/000110465926092407/0001104659-26-092407-index.htm,EX-99.1,EXHIBIT 99.1,https://www.sec.gov/Archives/edgar/data/1254699/000110465926092407/tm2622253d2_ex99-1.htm,True,
None,2026-08-07 00:00:00,https://www.sec.gov/Archives/edgar/data/2068385/000149315226036489/0001493152-26-036489-index.htm,8-K,8-K,https://www.sec.gov/Archives/edgar/data/2068385/000149315226036489/form8-k.htm,False,
None,2026-08-07 00:00:00,https://www.sec.gov/Archives/edgar/data/2068385/000149315226036489/0001493152-26-036489-index.htm,EX-99.1,EX-99.1,https://www.sec.gov/Archives/edgar/data/2068385/000149315226036489/ex99-1.htm,False,
SVAQ,2026-08-07 00:00:00,https://www.sec.gov/Archives/edgar/data/2085659/000121390026086426/0001213900-26-086426-index.htm,8-K,CURRENT REPORT,https://www.sec.gov/Archives/edgar/data/2085659/000121390026086426/ea0300811-8k425_silicon.htm,True,
SVAQ,2026-08-07 00:00:00,https://www.sec.gov/Archives/edgar/data/2085659/000121390026086426/0001213900-26-086426-index.htm,EX-10.1,"FIRST AMENDMENT TO THE SPONSOR SUPPORT AGREEMENT, DATED AUGUST 6, 2026, BY AND A",https://www.sec.gov/Archives/edgar/data/2085659/000121390026086426/ea030081101ex10-1.htm,False,
SVAQW,2026-08-07 00:00:00,https://www.sec.gov/Archives/edgar/data/2085659/000121390026086426/0001213900-26-086426-index.htm,8-K,CURRENT REPORT,https://www.sec.gov/Archives/edgar/data/2085659/000121390026086426/ea0300811-8k425_silicon.htm,True,
SVAQW,2026-08-07 00:00:00,https://www.sec.gov/Archives/edgar/data/2085659/000121390026086426/0001213900-26-086426-index.htm,EX-10.1,"FIRST AMENDMENT TO THE SPONSOR SUPPORT AGREEMENT, DATED AUGUST 6, 2026, BY AND A",https://www.sec.gov/Archives/edgar/data/2085659/000121390026086426/ea030081101ex10-1.htm,False,
SVAQU,2026-08-07 00:00:00,https://www.sec.gov/Archives/edgar/data/2085659/000121390026086426/0001213900-26-086426-index.htm,8-K,CURRENT REPORT,https://www.sec.gov/Archives/edgar/data/2085659/000121390026086426/ea0300811-8k425_silicon.htm,True,
SVAQU,2026-08-07 00:00:00,https://www.sec.gov/Archives/edgar/data/2085659/000121390026086426/0001213900-26-086426-index.htm,EX-10.1,"FIRST AMENDMENT TO THE SPONSOR SUPPORT AGREEMENT, DATED AUGUST 6, 2026, BY AND A",https://www.sec.gov/Archives/edgar/data/2085659/000121390026086426/ea030081101ex10-1.htm,False,
RGCO,2026-08-07 00:00:00,https://www.sec.gov/Archives/edgar/data/1069533/000143774926026448/0001437749-26-026448-index.htm,8-K,FORM 8-K,https://www.sec.gov/Archives/edgar/data/1069533/000143774926026448/rgco20260806_8k.htm,False,
RGCO,2026-08-07 00:00:00,https://www.sec.gov/Archives/edgar/data/1069533/000143774926026448/0001437749-26-026448-index.htm,EX-99.1,EXHIBIT 99.1,https://www.sec.gov/Archives/edgar/data/1069533/000143774926026448/ex_1000293.htm,False,
ATOS,2026-08-07 00:00:00,https://www.sec.gov/Archives/edgar/data/1488039/000119312526339292/0001193125-26-339292-index.htm,8-K,8-K,https://www.sec.gov/Archives/edgar/data/1488039/000119312526339292/atos-20260807.htm,False,
ATOS,2026-08-07 00:00:00,https://www.sec.gov/Archives/edgar/data/1488039/000119312526339292/0001193125-26-339292-index.htm,EX-99.1,EX-99.1,https://www.sec.gov/Archives/edgar/data/1488039/000119312526339292/atos-ex99_1.htm,False,
GEOS,2026-08-07 00:00:00,https://www.sec.gov/Archives/edgar/data/1001115/000143774926026445/0001437749-26-026445-index.htm,8-K,FORM 8-K,https://www.sec.gov/Archives/edgar/data/1001115/000143774926026445/geos20260806_8k.htm,False,
GEOS,2026-08-07 00:00:00,https://www.sec.gov/Archives/edgar/data/1001115/000143774926026445/0001437749-26-026445-index.htm,EX-99.1,EXHIBIT 99.1,https://www.sec.gov/Archives/edgar/data/1001115/000143774926026445/ex_1000486.htm,False,
XBIOW,2026-08-07 00:00:00,https://www.sec.gov/Archives/edgar/data/1534525/000168316826006077/0001683168-26-006077-index.htm,8-K,FORM 8-K,https://www.sec.gov/Archives/edgar/data/1534525/000168316826006077/xenetic_8k.htm,False,
XBIOW,2026-08-07 00:00:00,https://www.sec.gov/Archives/edgar/data/1534525/000168316826006077/0001683168-26-006077-index.htm,EX-99.1,"PRESS RELEASE DATED AUGUST 7, 2026",https://www.sec.gov/Archives/edgar/data/1534525/000168316826006077/xenetic_ex9901.htm,False,
XBIO,2026-08-07 00:00:00,https://www.sec.gov/Archives/edgar/data/1534525/000168316826006077/0001683168-26-006077-index.htm,8-K,FORM 8-K,https://www.sec.gov/Archives/edgar/data/1534525/000168316826006077/xenetic_8k.htm,False,
XBIO,2026-08-07 00:00:00,https://www.sec.gov/Archives/edgar/data/1534525/000168316826006077/0001683168-26-006077-index.htm,EX-99.1,"PRESS RELEASE DATED AUGUST 7, 2026",https://www.sec.gov/Archives/edgar/data/1534525/000168316826006077/xenetic_ex9901.htm,False,
None,2026-08-07 00:00:00,https://www.sec.gov/Archives/edgar/data/2034012/000119312526339273/0001193125-26-339273-index.htm,8-K,8-K,https://www.sec.gov/Archives/edgar/data/2034012/000119312526339273/gsui-20260806.htm,True,
KG,2026-08-07 00:00:00,https://www.sec.gov/Archives/edgar/data/2055116/000162828026054603/0001628280-26-054603-index.htm,8-K,8-K,https://www.sec.gov/Archives/edgar/data/2055116/000162828026054603/kg-20260807.htm,False,
GSOL,2026-08-07 00:00:00,https://www.sec.gov/Archives/edgar/data/1896677/000119312526339270/0001193125-26-339270-index.htm,8-K,8-K,https://www.sec.gov/Archives/edgar/data/1896677/000119312526339270/gsol-20260806.htm,True,
MATW,2026-08-07 00:00:00,https://www.sec.gov/Archives/edgar/data/63296/000006329626000074/0000063296-26-000074-index.htm,8-K,8-K - 3RD QUARTER FISCAL 2026 EARNINGS PRESS RELEASE,https://www.sec.gov/Archives/edgar/data/63296/000006329626000074/matw-20260806.htm,False,
MATW,2026-08-07 00:00:00,https://www.sec.gov/Archives/edgar/data/63296/000006329626000074/0000063296-26-000074-index.htm,EX-99.1,EX-99.1 3RD QUARTER FISCAL 2026 EARNINGS PRESS RELEASE,https://www.sec.gov/Archives/edgar/data/63296/000006329626000074/ex991_3q2026earningspr.htm,False,
ETHE,2026-08-07 00:00:00,https://www.sec.gov/Archives/edgar/data/1725210/000119312526339268/0001193125-26-339268-index.htm,8-K,8-K,https://www.sec.gov/Archives/edgar/data/1725210/000119312526339268/ethe-20260806.htm,True,
ETH,2026-08-07 00:00:00,https://www.sec.gov/Archives/edgar/data/2020455/000119312526339266/0001193125-26-339266-index.htm,8-K,8-K,https://www.sec.gov/Archives/edgar/data/2020455/000119312526339266/eth-20260806.htm,True,
None,2026-08-07 00:00:00,https://www.sec.gov/Archives/edgar/data/2035053/000119312526339264/0001193125-26-339264-index.htm,8-K,8-K,https://www.sec.gov/Archives/edgar/data/2035053/000119312526339264/ck0002035053-20260806.htm,True,
BIAFW,2026-08-07 00:00:00,https://www.sec.gov/Archives/edgar/data/1712762/000149315226036486/0001493152-26-036486-index.htm,8-K,8-K,https://www.sec.gov/Archives/edgar/data/1712762/000149315226036486/form8-k.htm,False,
BIAFW,2026-08-07 00:00:00,https://www.sec.gov/Archives/edgar/data/1712762/000149315226036486/0001493152-26-036486-index.htm,EX-99.1,EX-99.1,https://www.sec.gov/Archives/edgar/data/1712762/000149315226036486/ex99-1.htm,False,
HTCR,2026-08-07 00:00:00,https://www.sec.gov/Archives/edgar/data/1892322/000149315226036487/0001493152-26-036487-index.htm,8-K,8-K,https://www.sec.gov/Archives/edgar/data/1892322/000149315226036487/form8-k.htm,True,
HTCR,2026-08-07 00:00:00,https://www.sec.gov/Archives/edgar/data/1892322/000149315226036487/0001493152-26-036487-index.htm,EX-10.1,EX-10.1,https://www.sec.gov/Archives/edgar/data/1892322/000149315226036487/ex10-1.htm,False,
HTCR,2026-08-07 00:00:00,https://www.sec.gov/Archives/edgar/data/1892322/000149315226036487/0001493152-26-036487-index.htm,EX-99.1,EX-99.1,https://www.sec.gov/Archives/edgar/data/1892322/000149315226036487/ex99-1.htm,False,
BIAF,2026-08-07 00:00:00,https://www.sec.gov/Archives/edgar/data/1712762/000149315226036486/0001493152-26-036486-index.htm,8-K,8-K,https://www.sec.gov/Archives/edgar/data/1712762/000149315226036486/form8-k.htm,False,
BIAF,2026-08-07 00:00:00,https://www.sec.gov/Archives/edgar/data/1712762/000149315226036486/0001493152-26-036486-index.htm,EX-99.1,EX-99.1,https://www.sec.gov/Archives/edgar/data/1712762/000149315226036486/ex99-1.htm,False,
UNTY,2026-08-07 00:00:00,https://www.sec.gov/Archives/edgar/data/920427/000092042726000048/0000920427-26-000048-index.htm,8-K,8-K,https://www.sec.gov/Archives/edgar/data/920427/000092042726000048/unty-20260807.htm,False,
UNTY,2026-08-07 00:00:00,https://www.sec.gov/Archives/edgar/data/920427/000092042726000048/0000920427-26-000048-index.htm,EX-99.1,EX-99.1,https://www.sec.gov/Archives/edgar/data/920427/000092042726000048/unty-ex99_1.htm,False,
HOUR,2026-08-07 00:00:00,https://www.sec.gov/Archives/edgar/data/1874875/000149315226036485/0001493152-26-036485-index.htm,8-K,8-K,https://www.sec.gov/Archives/edgar/data/1874875/000149315226036485/form8-k.htm,False,
TG,2026-08-07 00:00:00,https://www.sec.gov/Archives/edgar/data/850429/000162828026054595/0001628280-26-054595-index.htm,8-K,8-K,https://www.sec.gov/Archives/edgar/data/850429/000162828026054595/tg-20260807.htm,False,
NMRK,2026-08-07 00:00:00,https://www.sec.gov/Archives/edgar/data/1690680/000121390026086412/0001213900-26-086412-index.htm,8-K,CURRENT REPORT,https://www.sec.gov/Archives/edgar/data/1690680/000121390026086412/ea0300986-8k_newmark.htm,False,
NMRK,2026-08-07 00:00:00,https://www.sec.gov/Archives/edgar/data/1690680/000121390026086412/0001213900-26-086412-index.htm,EX-10.1,"THIRD AMENDED AND RESTATED EMPLOYMENT AGREEMENT, DATED AS OF AUGUST 6, 2026, BY",https://www.sec.gov/Archives/edgar/data/1690680/000121390026086412/ea030098601ex10-1.htm,False,
NMRK,2026-08-07 00:00:00,https://www.sec.gov/Archives/edgar/data/1690680/000121390026086412/0001213900-26-086412-index.htm,EX-99.1,"NEWMARK GROUP, INC. PRESS RELEASE DATED AUGUST 7, 2026",https://www.sec.gov/Archives/edgar/data/1690680/000121390026086412/ea030098601ex99-1.htm,False,
RHP,2026-08-07 00:00:00,https://www.sec.gov/Archives/edgar/data/1040829/000110465926092380/0001104659-26-092380-index.htm,8-K,8-K,https://www.sec.gov/Archives/edgar/data/1040829/000110465926092380/tmb-20260806x8k.htm,False,
RHP,2026-08-07 00:00:00,https://www.sec.gov/Archives/edgar/data/1040829/000110465926092380/0001104659-26-092380-index.htm,EX-99.1,EX-99.1,https://www.sec.gov/Archives/edgar/data/1040829/000110465926092380/tmb-20260806xex99d1.htm,True,
GLP,2026-08-07 00:00:00,https://www.sec.gov/Archives/edgar/data/1323468/000110465926092378/0001104659-26-092378-index.htm,8-K,FORM 8-K,https://www.sec.gov/Archives/edgar/data/1323468/000110465926092378/tm2622227d1_8k.htm,False,
GLP,2026-08-07 00:00:00,https://www.sec.gov/Archives/edgar/data/1323468/000110465926092378/0001104659-26-092378-index.htm,EX-99.1,EXHIBIT 99.1,https://www.sec.gov/Archives/edgar/data/1323468/000110465926092378/tm2622227d1_ex99-1.htm,True,
GLP-PA,2026-08-07 00:00:00,https://www.sec.gov/Archives/edgar/data/1323468/000110465926092378/0001104659-26-092378-index.htm,8-K,FORM 8-K,https://www.sec.gov/Archives/edgar/data/1323468/000110465926092378/tm2622227d1_8k.htm,False,
GLP-PA,2026-08-07 00:00:00,https://www.sec.gov/Archives/edgar/data/1323468/000110465926092378/0001104659-26-092378-index.htm,EX-99.1,EXHIBIT 99.1,https://www.sec.gov/Archives/edgar/data/1323468/000110465926092378/tm2622227d1_ex99-1.htm,True,
GLP-PB,2026-08-07 00:00:00,https://www.sec.gov/Archives/edgar/data/1323468/000110465926092378/0001104659-26-092378-index.htm,8-K,FORM 8-K,https://www.sec.gov/Archives/edgar/data/1323468/000110465926092378/tm2622227d1_8k.htm,False,
GLP-PB,2026-08-07 00:00:00,https://www.sec.gov/Archives/edgar/data/1323468/000110465926092378/0001104659-26-092378-index.htm,EX-99.1,EXHIBIT 99.1,https://www.sec.gov/Archives/edgar/data/1323468/000110465926092378/tm2622227d1_ex99-1.htm,True,
JRSH,2026-08-07 00:00:00,https://www.sec.gov/Archives/edgar/data/1696558/000121390026086410/0001213900-26-086410-index.htm,8-K,CURRENT REPORT,https://www.sec.gov/Archives/edgar/data/1696558/000121390026086410/ea0300377-8k_jerash.htm,False,
JRSH,2026-08-07 00:00:00,https://www.sec.gov/Archives/edgar/data/1696558/000121390026086410/0001213900-26-086410-index.htm,EX-99.1,"PRESS RELEASE DATED AUGUST 7, 2026",https://www.sec.gov/Archives/edgar/data/1696558/000121390026086410/ea030037701ex99-1.htm,False,
ETST,2026-08-07 00:00:00,https://www.sec.gov/Archives/edgar/data/1538495/000149315226036483/0001493152-26-036483-index.htm,8-K,8-K,https://www.sec.gov/Archives/edgar/data/1538495/000149315226036483/form8-k.htm,False,
ETST,2026-08-07 00:00:00,https://www.sec.gov/Archives/edgar/data/1538495/000149315226036483/0001493152-26-036483-index.htm,EX-99.1,EX-99.1,https://www.sec.gov/Archives/edgar/data/1538495/000149315226036483/ex99-1.htm,False,
UNOV,2026-08-07 00:00:00,https://www.sec.gov/Archives/edgar/data/1538495/000149315226036483/0001493152-26-036483-index.htm,8-K,8-K,https://www.sec.gov/Archives/edgar/data/1538495/000149315226036483/form8-k.htm,False,
UNOV,2026-08-07 00:00:00,https://www.sec.gov/Archives/edgar/data/1538495/000149315226036483/0001493152-26-036483-index.htm,EX-99.1,EX-99.1,https://www.sec.gov/Archives/edgar/data/1538495/000149315226036483/ex99-1.htm,False,
CLMT,2026-08-07 00:00:00,https://www.sec.gov/Archives/edgar/data/2013745/000201374526000022/0002013745-26-000022-index.htm,8-K,8-K,https://www.sec.gov/Archives/edgar/data/2013745/000201374526000022/clmt-20260807.htm,False,
CLMT,2026-08-07 00:00:00,https://www.sec.gov/Archives/edgar/data/2013745/000201374526000022/0002013745-26-000022-index.htm,EX-99.1,EX-99.1,https://www.sec.gov/Archives/edgar/data/2013745/000201374526000022/clmt-20260630xex991.htm,True,
ROAD,2026-08-07 00:00:00,https://www.sec.gov/Archives/edgar/data/1718227/000162828026054592/0001628280-26-054592-index.htm,8-K,8-K,https://www.sec.gov/Archives/edgar/data/1718227/000162828026054592/road-20260807.htm,False,
ROAD,2026-08-07 00:00:00,https://www.sec.gov/Archives/edgar/data/1718227/000162828026054592/0001628280-26-054592-index.htm,EX-99.1,EX-99.1,https://www.sec.gov/Archives/edgar/data/1718227/000162828026054592/exhibit991_earnings06302026.htm,True,
ALGM,2026-08-07 00:00:00,https://www.sec.gov/Archives/edgar/data/866291/000119312526339226/0001193125-26-339226-index.htm,8-K,8-K,https://www.sec.gov/Archives/edgar/data/866291/000119312526339226/algm-20260805.htm,False,
TUSK,2026-08-07 00:00:00,https://www.sec.gov/Archives/edgar/data/1679268/000162828026054588/0001628280-26-054588-index.htm,8-K,8-K,https://www.sec.gov/Archives/edgar/data/1679268/000162828026054588/tusk-20260807.htm,False,
TUSK,2026-08-07 00:00:00,https://www.sec.gov/Archives/edgar/data/1679268/000162828026054588/0001628280-26-054588-index.htm,EX-99.1,EX-99.1,https://www.sec.gov/Archives/edgar/data/1679268/000162828026054588/a2026-06x30exx991.htm,True,
RCL,2026-08-07 00:00:00,https://www.sec.gov/Archives/edgar/data/884887/000110465926092371/0001104659-26-092371-index.htm,8-K,FORM 8-K,https://www.sec.gov/Archives/edgar/data/884887/000110465926092371/tm2622454d1_8k.htm,True,
DCH,2026-08-07 00:00:00,https://www.sec.gov/Archives/edgar/data/1062231/000106223126000135/0001062231-26-000135-index.htm,8-K,8-K,https://www.sec.gov/Archives/edgar/data/1062231/000106223126000135/axl-20260807.htm,False,
DCH,2026-08-07 00:00:00,https://www.sec.gov/Archives/edgar/data/1062231/000106223126000135/0001062231-26-000135-index.htm,EX-99.1,EX-99.1,https://www.sec.gov/Archives/edgar/data/1062231/000106223126000135/dch-q2_2026xex991xir.htm,False,
AXL,2026-08-07 00:00:00,https://www.sec.gov/Archives/edgar/data/1062231/000106223126000135/0001062231-26-000135-index.htm,8-K,8-K,https://www.sec.gov/Archives/edgar/data/1062231/000106223126000135/axl-20260807.htm,False,
AXL,2026-08-07 00:00:00,https://www.sec.gov/Archives/edgar/data/1062231/000106223126000135/0001062231-26-000135-index.htm,EX-99.1,EX-99.1,https://www.sec.gov/Archives/edgar/data/1062231/000106223126000135/dch-q2_2026xex991xir.htm,False,
GYRE,2026-08-07 00:00:00,https://www.sec.gov/Archives/edgar/data/1124105/000119312526339223/0001193125-26-339223-index.htm,8-K,8-K,https://www.sec.gov/Archives/edgar/data/1124105/000119312526339223/gyre-20260807.htm,False,
GYRE,2026-08-07 00:00:00,https://www.sec.gov/Archives/edgar/data/1124105/000119312526339223/0001193125-26-339223-index.htm,EX-99.1,EX-99.1,https://www.sec.gov/Archives/edgar/data/1124105/000119312526339223/gyre-ex99_1.htm,False,
TRGT,2026-08-07 00:00:00,https://www.sec.gov/Archives/edgar/data/1124105/000119312526339223/0001193125-26-339223-index.htm,8-K,8-K,https://www.sec.gov/Archives/edgar/data/1124105/000119312526339223/gyre-20260807.htm,False,
TRGT,2026-08-07 00:00:00,https://www.sec.gov/Archives/edgar/data/1124105/000119312526339223/0001193125-26-339223-index.htm,EX-99.1,EX-99.1,https://www.sec.gov/Archives/edgar/data/1124105/000119312526339223/gyre-ex99_1.htm,False,
CBIO,2026-08-07 00:00:00,https://www.sec.gov/Archives/edgar/data/1124105/000119312526339223/0001193125-26-339223-index.htm,8-K,8-K,https://www.sec.gov/Archives/edgar/data/1124105/000119312526339223/gyre-20260807.htm,False,
CBIO,2026-08-07 00:00:00,https://www.sec.gov/Archives/edgar/data/1124105/000119312526339223/0001193125-26-339223-index.htm,EX-99.1,EX-99.1,https://www.sec.gov/Archives/edgar/data/1124105/000119312526339223/gyre-ex99_1.htm,False,
PPL,2026-08-07 00:00:00,https://www.sec.gov/Archives/edgar/data/922224/000092222426000042/0000922224-26-000042-index.htm,8-K,8-K,https://www.sec.gov/Archives/edgar/data/922224/000092222426000042/ppl-20260807.htm,False,
PPL,2026-08-07 00:00:00,https://www.sec.gov/Archives/edgar/data/922224/000092222426000042/0000922224-26-000042-index.htm,EX-99.1,EX-99.1,https://www.sec.gov/Archives/edgar/data/922224/000092222426000042/ppl-6302026exhibit991.htm,False,
PPLC,2026-08-07 00:00:00,https://www.sec.gov/Archives/edgar/data/922224/000092222426000042/0000922224-26-000042-index.htm,8-K,8-K,https://www.sec.gov/Archives/edgar/data/922224/000092222426000042/ppl-20260807.htm,False,
PPLC,2026-08-07 00:00:00,https://www.sec.gov/Archives/edgar/data/922224/000092222426000042/0000922224-26-000042-index.htm,EX-99.1,EX-99.1,https://www.sec.gov/Archives/edgar/data/922224/000092222426000042/ppl-6302026exhibit991.htm,False,
WHLRP,2026-08-07 00:00:00,https://www.sec.gov/Archives/edgar/data/1527541/000152754126000260/0001527541-26-000260-index.htm,8-K,8-K,https://www.sec.gov/Archives/edgar/data/1527541/000152754126000260/whlr-20260805.htm,False,
WHLRD,2026-08-07 00:00:00,https://www.sec.gov/Archives/edgar/data/1527541/000152754126000260/0001527541-26-000260-index.htm,8-K,8-K,https://www.sec.gov/Archives/edgar/data/1527541/000152754126000260/whlr-20260805.htm,False,
WHLRW,2026-08-07 00:00:00,https://www.sec.gov/Archives/edgar/data/1527541/000152754126000260/0001527541-26-000260-index.htm,8-K,8-K,https://www.sec.gov/Archives/edgar/data/1527541/000152754126000260/whlr-20260805.htm,False,
WHLR,2026-08-07 00:00:00,https://www.sec.gov/Archives/edgar/data/1527541/000152754126000260/0001527541-26-000260-index.htm,8-K,8-K,https://www.sec.gov/Archives/edgar/data/1527541/000152754126000260/whlr-20260805.htm,False,
WHLRL,2026-08-07 00:00:00,https://www.sec.gov/Archives/edgar/data/1527541/000152754126000260/0001527541-26-000260-index.htm,8-K,8-K,https://www.sec.gov/Archives/edgar/data/1527541/000152754126000260/whlr-20260805.htm,False,
ACMR,2026-08-07 00:00:00,https://www.sec.gov/Archives/edgar/data/1680062/000162828026054581/0001628280-26-054581-index.htm,8-K,8-K,https://www.sec.gov/Archives/edgar/data/1680062/000162828026054581/acmr-20260807.htm,False,
ACMR,2026-08-07 00:00:00,https://www.sec.gov/Archives/edgar/data/1680062/000162828026054581/0001628280-26-054581-index.htm,EX-99.1,EX-99.1,https://www.sec.gov/Archives/edgar/data/1680062/000162828026054581/acmr-q22026xearningsreleas.htm,False,
TTWO,2026-08-07 00:00:00,https://www.sec.gov/Archives/edgar/data/946581/000162828026054580/0001628280-26-054580-index.htm,8-K,8-K,https://www.sec.gov/Archives/edgar/data/946581/000162828026054580/ttwo-20260807.htm,False,
TTWO,2026-08-07 00:00:00,https://www.sec.gov/Archives/edgar/data/946581/000162828026054580/0001628280-26-054580-index.htm,EX-99.1,EX-99.1,https://www.sec.gov/Archives/edgar/data/946581/000162828026054580/ttwo1q27earningsrelease.htm,False,
CNTWW,2026-08-07 00:00:00,https://www.sec.gov/Archives/edgar/data/1704715/000170471526000032/0001704715-26-000032-index.htm,8-K,8-K,https://www.sec.gov/Archives/edgar/data/1704715/000170471526000032/amr-20260807.htm,False,
CNTWW,2026-08-07 00:00:00,https://www.sec.gov/Archives/edgar/data/1704715/000170471526000032/0001704715-26-000032-index.htm,EX-99.1,"INVESTOR PRESENTATION DATED AUGUST 7, 2026",https://www.sec.gov/Archives/edgar/data/1704715/000170471526000032/amrinvestorpresentation8.htm,False,
AMR,2026-08-07 00:00:00,https://www.sec.gov/Archives/edgar/data/1704715/000170471526000032/0001704715-26-000032-index.htm,8-K,8-K,https://www.sec.gov/Archives/edgar/data/1704715/000170471526000032/amr-20260807.htm,False,
AMR,2026-08-07 00:00:00,https://www.sec.gov/Archives/edgar/data/1704715/000170471526000032/0001704715-26-000032-index.htm,EX-99.1,"INVESTOR PRESENTATION DATED AUGUST 7, 2026",https://www.sec.gov/Archives/edgar/data/1704715/000170471526000032/amrinvestorpresentation8.htm,False,
TDS-PV,2026-08-07 00:00:00,https://www.sec.gov/Archives/edgar/data/1051512/000105151226000062/0001051512-26-000062-index.htm,8-K,8-K,https://www.sec.gov/Archives/edgar/data/1051512/000105151226000062/tds-20260807.htm,False,
TDS-PV,2026-08-07 00:00:00,https://www.sec.gov/Archives/edgar/data/1051512/000105151226000062/0001051512-26-000062-index.htm,EX-99.1,EX-99.1,https://www.sec.gov/Archives/edgar/data/1051512/000105151226000062/tdsq220268kex991.htm,False,
TDS-PU,2026-08-07 00:00:00,https://www.sec.gov/Archives/edgar/data/1051512/000105151226000062/0001051512-26-000062-index.htm,8-K,8-K,https://www.sec.gov/Archives/edgar/data/1051512/000105151226000062/tds-20260807.htm,False,
TDS-PU,2026-08-07 00:00:00,https://www.sec.gov/Archives/edgar/data/1051512/000105151226000062/0001051512-26-000062-index.htm,EX-99.1,EX-99.1,https://www.sec.gov/Archives/edgar/data/1051512/000105151226000062/tdsq220268kex991.htm,False,
TDS,2026-08-07 00:00:00,https://www.sec.gov/Archives/edgar/data/1051512/000105151226000062/0001051512-26-000062-index.htm,8-K,8-K,https://www.sec.gov/Archives/edgar/data/1051512/000105151226000062/tds-20260807.htm,False,
TDS,2026-08-07 00:00:00,https://www.sec.gov/Archives/edgar/data/1051512/000105151226000062/0001051512-26-000062-index.htm,EX-99.1,EX-99.1,https://www.sec.gov/Archives/edgar/data/1051512/000105151226000062/tdsq220268kex991.htm,False,
TDI,2026-08-07 00:00:00,https://www.sec.gov/Archives/edgar/data/1051512/000105151226000062/0001051512-26-000062-index.htm,8-K,8-K,https://www.sec.gov/Archives/edgar/data/1051512/000105151226000062/tds-20260807.htm,False,
TDI,2026-08-07 00:00:00,https://www.sec.gov/Archives/edgar/data/1051512/000105151226000062/0001051512-26-000062-index.htm,EX-99.1,EX-99.1,https://www.sec.gov/Archives/edgar/data/1051512/000105151226000062/tdsq220268kex991.htm,False,
TDA,2026-08-07 00:00:00,https://www.sec.gov/Archives/edgar/data/1051512/000105151226000062/0001051512-26-000062-index.htm,8-K,8-K,https://www.sec.gov/Archives/edgar/data/1051512/000105151226000062/tds-20260807.htm,False,
TDA,2026-08-07 00:00:00,https://www.sec.gov/Archives/edgar/data/1051512/000105151226000062/0001051512-26-000062-index.htm,EX-99.1,EX-99.1,https://www.sec.gov/Archives/edgar/data/1051512/000105151226000062/tdsq220268kex991.htm,False,
UZE,2026-08-07 00:00:00,https://www.sec.gov/Archives/edgar/data/821130/000082113026000045/0000821130-26-000045-index.htm,8-K,8-K,https://www.sec.gov/Archives/edgar/data/821130/000082113026000045/ad-20260807.htm,False,
UZE,2026-08-07 00:00:00,https://www.sec.gov/Archives/edgar/data/821130/000082113026000045/0000821130-26-000045-index.htm,EX-99.1,EX-99.1,https://www.sec.gov/Archives/edgar/data/821130/000082113026000045/arrayq220268kex991.htm,False,
UZD,2026-08-07 00:00:00,https://www.sec.gov/Archives/edgar/data/821130/000082113026000045/0000821130-26-000045-index.htm,8-K,8-K,https://www.sec.gov/Archives/edgar/data/821130/000082113026000045/ad-20260807.htm,False,
UZD,2026-08-07 00:00:00,https://www.sec.gov/Archives/edgar/data/821130/000082113026000045/0000821130-26-000045-index.htm,EX-99.1,EX-99.1,https://www.sec.gov/Archives/edgar/data/821130/000082113026000045/arrayq220268kex991.htm,False,
UZF,2026-08-07 00:00:00,https://www.sec.gov/Archives/edgar/data/821130/000082113026000045/0000821130-26-000045-index.htm,8-K,8-K,https://www.sec.gov/Archives/edgar/data/821130/000082113026000045/ad-20260807.htm,False,
UZF,2026-08-07 00:00:00,https://www.sec.gov/Archives/edgar/data/821130/000082113026000045/0000821130-26-000045-index.htm,EX-99.1,EX-99.1,https://www.sec.gov/Archives/edgar/data/821130/000082113026000045/arrayq220268kex991.htm,False,
UZC,2026-08-07 00:00:00,https://www.sec.gov/Archives/edgar/data/821130/000082113026000045/0000821130-26-000045-index.htm,8-K,8-K,https://www.sec.gov/Archives/edgar/data/821130/000082113026000045/ad-20260807.htm,False,
UZC,2026-08-07 00:00:00,https://www.sec.gov/Archives/edgar/data/821130/000082113026000045/0000821130-26-000045-index.htm,EX-99.1,EX-99.1,https://www.sec.gov/Archives/edgar/data/821130/000082113026000045/arrayq220268kex991.htm,False,
UZA,2026-08-07 00:00:00,https://www.sec.gov/Archives/edgar/data/821130/000082113026000045/0000821130-26-000045-index.htm,8-K,8-K,https://www.sec.gov/Archives/edgar/data/821130/000082113026000045/ad-20260807.htm,False,
UZA,2026-08-07 00:00:00,https://www.sec.gov/Archives/edgar/data/821130/000082113026000045/0000821130-26-000045-index.htm,EX-99.1,EX-99.1,https://www.sec.gov/Archives/edgar/data/821130/000082113026000045/arrayq220268kex991.htm,False,
UZB,2026-08-07 00:00:00,https://www.sec.gov/Archives/edgar/data/821130/000082113026000045/0000821130-26-000045-index.htm,8-K,8-K,https://www.sec.gov/Archives/edgar/data/821130/000082113026000045/ad-20260807.htm,False,
UZB,2026-08-07 00:00:00,https://www.sec.gov/Archives/edgar/data/821130/000082113026000045/0000821130-26-000045-index.htm,EX-99.1,EX-99.1,https://www.sec.gov/Archives/edgar/data/821130/000082113026000045/arrayq220268kex991.htm,False,
AD,2026-08-07 00:00:00,https://www.sec.gov/Archives/edgar/data/821130/000082113026000045/0000821130-26-000045-index.htm,8-K,8-K,https://www.sec.gov/Archives/edgar/data/821130/000082113026000045/ad-20260807.htm,False,
AD,2026-08-07 00:00:00,https://www.sec.gov/Archives/edgar/data/821130/000082113026000045/0000821130-26-000045-index.htm,EX-99.1,EX-99.1,https://www.sec.gov/Archives/edgar/data/821130/000082113026000045/arrayq220268kex991.htm,False,
USM,2026-08-07 00:00:00,https://www.sec.gov/Archives/edgar/data/821130/000082113026000045/0000821130-26-000045-index.htm,8-K,8-K,https://www.sec.gov/Archives/edgar/data/821130/000082113026000045/ad-20260807.htm,False,
USM,2026-08-07 00:00:00,https://www.sec.gov/Archives/edgar/data/821130/000082113026000045/0000821130-26-000045-index.htm,EX-99.1,EX-99.1,https://www.sec.gov/Archives/edgar/data/821130/000082113026000045/arrayq220268kex991.htm,False,
CNTWW,2026-08-07 00:00:00,https://www.sec.gov/Archives/edgar/data/1704715/000170471526000030/0001704715-26-000030-index.htm,8-K,8-K,https://www.sec.gov/Archives/edgar/data/1704715/000170471526000030/amr-20260807.htm,False,
CNTWW,2026-08-07 00:00:00,https://www.sec.gov/Archives/edgar/data/1704715/000170471526000030/0001704715-26-000030-index.htm,EX-99.1,"PRESS RELEASE DATED AUGUST 7, 2026",https://www.sec.gov/Archives/edgar/data/1704715/000170471526000030/pressrelease6302026.htm,True,
AMR,2026-08-07 00:00:00,https://www.sec.gov/Archives/edgar/data/1704715/000170471526000030/0001704715-26-000030-index.htm,8-K,8-K,https://www.sec.gov/Archives/edgar/data/1704715/000170471526000030/amr-20260807.htm,False,
AMR,2026-08-07 00:00:00,https://www.sec.gov/Archives/edgar/data/1704715/000170471526000030/0001704715-26-000030-index.htm,EX-99.1,"PRESS RELEASE DATED AUGUST 7, 2026",https://www.sec.gov/Archives/edgar/data/1704715/000170471526000030/pressrelease6302026.htm,True,
UA,2026-08-07 00:00:00,https://www.sec.gov/Archives/edgar/data/1336917/000133691726000108/0001336917-26-000108-index.htm,8-K,8-K,https://www.sec.gov/Archives/edgar/data/1336917/000133691726000108/ua-20260807.htm,False,
UA,2026-08-07 00:00:00,https://www.sec.gov/Archives/edgar/data/1336917/000133691726000108/0001336917-26-000108-index.htm,EX-99.1,EX-99.1,https://www.sec.gov/Archives/edgar/data/1336917/000133691726000108/exhibit991-fiscal2027q1.htm,True,
UAA,2026-08-07 00:00:00,https://www.sec.gov/Archives/edgar/data/1336917/000133691726000108/0001336917-26-000108-index.htm,8-K,8-K,https://www.sec.gov/Archives/edgar/data/1336917/000133691726000108/ua-20260807.htm,False,
UAA,2026-08-07 00:00:00,https://www.sec.gov/Archives/edgar/data/1336917/000133691726000108/0001336917-26-000108-index.htm,EX-99.1,EX-99.1,https://www.sec.gov/Archives/edgar/data/1336917/000133691726000108/exhibit991-fiscal2027q1.htm,True,
SSP,2026-08-07 00:00:00,https://www.sec.gov/Archives/edgar/data/832428/000083242826000031/0000832428-26-000031-index.htm,8-K,8-K,https://www.sec.gov/Archives/edgar/data/832428/000083242826000031/ssp-20260806.htm,False,
SSP,2026-08-07 00:00:00,https://www.sec.gov/Archives/edgar/data/832428/000083242826000031/0000832428-26-000031-index.htm,EX-99.1,EX-99.1,https://www.sec.gov/Archives/edgar/data/832428/000083242826000031/ssp-20260806ex991.htm,True,
KRP,2026-08-07 00:00:00,https://www.sec.gov/Archives/edgar/data/1657788/000110465926092355/0001104659-26-092355-index.htm,8-K,FORM 8-K,https://www.sec.gov/Archives/edgar/data/1657788/000110465926092355/tm2622481d1_8k.htm,False,
KRP,2026-08-07 00:00:00,https://www.sec.gov/Archives/edgar/data/1657788/000110465926092355/0001104659-26-092355-index.htm,EX-99.1,EXHIBIT 99.1,https://www.sec.gov/Archives/edgar/data/1657788/000110465926092355/tm2622481d1_ex99-1.htm,True,
DOUG,2026-08-07 00:00:00,https://www.sec.gov/Archives/edgar/data/1878897/000187889726000041/0001878897-26-000041-index.htm,8-K,8-K,https://www.sec.gov/Archives/edgar/data/1878897/000187889726000041/doug-20260807.htm,False,
DOUG,2026-08-07 00:00:00,https://www.sec.gov/Archives/edgar/data/1878897/000187889726000041/0001878897-26-000041-index.htm,EX-99.1,EX-99.1,https://www.sec.gov/Archives/edgar/data/1878897/000187889726000041/a2026q2pressrelease.htm,False,
SLVM,2026-08-07 00:00:00,https://www.sec.gov/Archives/edgar/data/1856485/000185648526000031/0001856485-26-000031-index.htm,8-K,8-K,https://www.sec.gov/Archives/edgar/data/1856485/000185648526000031/syl-20260807.htm,False,
SLVM,2026-08-07 00:00:00,https://www.sec.gov/Archives/edgar/data/1856485/000185648526000031/0001856485-26-000031-index.htm,EX-99.1,EX-99.1,https://www.sec.gov/Archives/edgar/data/1856485/000185648526000031/sylvamoex9912026secondquar.htm,False,
NERV,2026-08-07 00:00:00,https://www.sec.gov/Archives/edgar/data/1598646/000119312526339147/0001193125-26-339147-index.htm,8-K,8-K,https://www.sec.gov/Archives/edgar/data/1598646/000119312526339147/d22348d8k.htm,False,
NERV,2026-08-07 00:00:00,https://www.sec.gov/Archives/edgar/data/1598646/000119312526339147/0001193125-26-339147-index.htm,EX-99.1,EX-99.1,https://www.sec.gov/Archives/edgar/data/1598646/000119312526339147/d22348dex991.htm,False,
TMCI,2026-08-07 00:00:00,https://www.sec.gov/Archives/edgar/data/1630627/000163062726000017/0001630627-26-000017-index.htm,8-K,8-K,https://www.sec.gov/Archives/edgar/data/1630627/000163062726000017/tmci-20260807.htm,False,
TMCI,2026-08-07 00:00:00,https://www.sec.gov/Archives/edgar/data/1630627/000163062726000017/0001630627-26-000017-index.htm,EX-99.1,EX-99.1,https://www.sec.gov/Archives/edgar/data/1630627/000163062726000017/tmci-ex99_1.htm,False,
EMBCV,2026-08-07 00:00:00,https://www.sec.gov/Archives/edgar/data/1872789/000187278926000029/0001872789-26-000029-index.htm,8-K,8-K,https://www.sec.gov/Archives/edgar/data/1872789/000187278926000029/embc-20260807.htm,False,
EMBCV,2026-08-07 00:00:00,https://www.sec.gov/Archives/edgar/data/1872789/000187278926000029/0001872789-26-000029-index.htm,EX-99.1,EX-99.1,https://www.sec.gov/Archives/edgar/data/1872789/000187278926000029/q32026ex-991.htm,True,
EMBC,2026-08-07 00:00:00,https://www.sec.gov/Archives/edgar/data/1872789/000187278926000029/0001872789-26-000029-index.htm,8-K,8-K,https://www.sec.gov/Archives/edgar/data/1872789/000187278926000029/embc-20260807.htm,False,
EMBC,2026-08-07 00:00:00,https://www.sec.gov/Archives/edgar/data/1872789/000187278926000029/0001872789-26-000029-index.htm,EX-99.1,EX-99.1,https://www.sec.gov/Archives/edgar/data/1872789/000187278926000029/q32026ex-991.htm,True,
WEN,2026-08-07 00:00:00,https://www.sec.gov/Archives/edgar/data/30697/000119312526339132/0001193125-26-339132-index.htm,8-K,8-K,https://www.sec.gov/Archives/edgar/data/30697/000119312526339132/d130352d8k.htm,False,
WEN,2026-08-07 00:00:00,https://www.sec.gov/Archives/edgar/data/30697/000119312526339132/0001193125-26-339132-index.htm,EX-99.1,EX-99.1,https://www.sec.gov/Archives/edgar/data/30697/000119312526339132/d130352dex991.htm,False,
CGC,2026-08-07 00:00:00,https://www.sec.gov/Archives/edgar/data/1737927/000119312526339131/0001193125-26-339131-index.htm,8-K,8-K,https://www.sec.gov/Archives/edgar/data/1737927/000119312526339131/cgc-20260807.htm,False,
CGC,2026-08-07 00:00:00,https://www.sec.gov/Archives/edgar/data/1737927/000119312526339131/0001193125-26-339131-index.htm,EX-99.1,EX-99.1,https://www.sec.gov/Archives/edgar/data/1737927/000119312526339131/cgc-ex99_1.htm,False,
KPHMW,2026-08-07 00:00:00,https://www.sec.gov/Archives/edgar/data/1372514/000137251426000075/0001372514-26-000075-index.htm,8-K,8-K,https://www.sec.gov/Archives/edgar/data/1372514/000137251426000075/kprx-20260807.htm,False,
KPHMW,2026-08-07 00:00:00,https://www.sec.gov/Archives/edgar/data/1372514/000137251426000075/0001372514-26-000075-index.htm,EX-99.1,EX-99.1,https://www.sec.gov/Archives/edgar/data/1372514/000137251426000075/ex991-pressreleasejune3020.htm,False,
KPHCW,2026-08-07 00:00:00,https://www.sec.gov/Archives/edgar/data/1372514/000137251426000075/0001372514-26-000075-index.htm,8-K,8-K,https://www.sec.gov/Archives/edgar/data/1372514/000137251426000075/kprx-20260807.htm,False,
KPHCW,2026-08-07 00:00:00,https://www.sec.gov/Archives/edgar/data/1372514/000137251426000075/0001372514-26-000075-index.htm,EX-99.1,EX-99.1,https://www.sec.gov/Archives/edgar/data/1372514/000137251426000075/ex991-pressreleasejune3020.htm,False,
KPRX,2026-08-07 00:00:00,https://www.sec.gov/Archives/edgar/data/1372514/000137251426000075/0001372514-26-000075-index.htm,8-K,8-K,https://www.sec.gov/Archives/edgar/data/1372514/000137251426000075/kprx-20260807.htm,False,
KPRX,2026-08-07 00:00:00,https://www.sec.gov/Archives/edgar/data/1372514/000137251426000075/0001372514-26-000075-index.htm,EX-99.1,EX-99.1,https://www.sec.gov/Archives/edgar/data/1372514/000137251426000075/ex991-pressreleasejune3020.htm,False,
EYEG,2026-08-07 00:00:00,https://www.sec.gov/Archives/edgar/data/1372514/000137251426000075/0001372514-26-000075-index.htm,8-K,8-K,https://www.sec.gov/Archives/edgar/data/1372514/000137251426000075/kprx-20260807.htm,False,
EYEG,2026-08-07 00:00:00,https://www.sec.gov/Archives/edgar/data/1372514/000137251426000075/0001372514-26-000075-index.htm,EX-99.1,EX-99.1,https://www.sec.gov/Archives/edgar/data/1372514/000137251426000075/ex991-pressreleasejune3020.htm,False,
MBGL,2026-08-07 00:00:00,https://www.sec.gov/Archives/edgar/data/2090312/000209031226000013/0002090312-26-000013-index.htm,8-K,8-K,https://www.sec.gov/Archives/edgar/data/2090312/000209031226000013/mbgl-20260807.htm,False,
MBGL,2026-08-07 00:00:00,https://www.sec.gov/Archives/edgar/data/2090312/000209031226000013/0002090312-26-000013-index.htm,EX-99.1,EX-99.1,https://www.sec.gov/Archives/edgar/data/2090312/000209031226000013/mbgl-20260807xexx991mobili.htm,False,
RPID,2026-08-07 00:00:00,https://www.sec.gov/Archives/edgar/data/1380106/000138010626000097/0001380106-26-000097-index.htm,8-K,8-K,https://www.sec.gov/Archives/edgar/data/1380106/000138010626000097/rpid-20260807.htm,False,
RPID,2026-08-07 00:00:00,https://www.sec.gov/Archives/edgar/data/1380106/000138010626000097/0001380106-26-000097-index.htm,EX-99.1,EX-99.1,https://www.sec.gov/Archives/edgar/data/1380106/000138010626000097/rpid-20260630xexx991.htm,False,
LCII,2026-08-07 00:00:00,https://www.sec.gov/Archives/edgar/data/763744/000076374426000077/0000763744-26-000077-index.htm,8-K,8-K,https://www.sec.gov/Archives/edgar/data/763744/000076374426000077/lcii-20260807.htm,False,
LCII,2026-08-07 00:00:00,https://www.sec.gov/Archives/edgar/data/763744/000076374426000077/0000763744-26-000077-index.htm,EX-99.1,EX-99.1,https://www.sec.gov/Archives/edgar/data/763744/000076374426000077/ex991dividend20260807.htm,False,
FLRAP,2026-08-07 00:00:00,https://www.sec.gov/Archives/edgar/data/1124198/000112419826000074/0001124198-26-000074-index.htm,8-K,8-K,https://www.sec.gov/Archives/edgar/data/1124198/000112419826000074/flr-20260807.htm,False,
FLRAP,2026-08-07 00:00:00,https://www.sec.gov/Archives/edgar/data/1124198/000112419826000074/0001124198-26-000074-index.htm,EX-99.1,EX-99.1,https://www.sec.gov/Archives/edgar/data/1124198/000112419826000074/ex991q22026.htm,False,
FLR,2026-08-07 00:00:00,https://www.sec.gov/Archives/edgar/data/1124198/000112419826000074/0001124198-26-000074-index.htm,8-K,8-K,https://www.sec.gov/Archives/edgar/data/1124198/000112419826000074/flr-20260807.htm,False,
FLR,2026-08-07 00:00:00,https://www.sec.gov/Archives/edgar/data/1124198/000112419826000074/0001124198-26-000074-index.htm,EX-99.1,EX-99.1,https://www.sec.gov/Archives/edgar/data/1124198/000112419826000074/ex991q22026.htm,False,
NRXP,2026-08-07 00:00:00,https://www.sec.gov/Archives/edgar/data/1719406/000143774926026428/0001437749-26-026428-index.htm,8-K,FORM 8-K,https://www.sec.gov/Archives/edgar/data/1719406/000143774926026428/nrxp20260806_8k.htm,False,
NRXPW,2026-08-07 00:00:00,https://www.sec.gov/Archives/edgar/data/1719406/000143774926026428/0001437749-26-026428-index.htm,8-K,FORM 8-K,https://www.sec.gov/Archives/edgar/data/1719406/000143774926026428/nrxp20260806_8k.htm,False,
VST,2026-08-07 00:00:00,https://www.sec.gov/Archives/edgar/data/1692819/000169281926000017/0001692819-26-000017-index.htm,8-K,8-K,https://www.sec.gov/Archives/edgar/data/1692819/000169281926000017/vistra-20260807.htm,False,
VST,2026-08-07 00:00:00,https://www.sec.gov/Archives/edgar/data/1692819/000169281926000017/0001692819-26-000017-index.htm,EX-99.1,EX-99.1,https://www.sec.gov/Archives/edgar/data/1692819/000169281926000017/vistra-20260630xearningsre.htm,True,
LGF-B,2026-08-07 00:00:00,https://www.sec.gov/Archives/edgar/data/929351/000162828026054564/0001628280-26-054564-index.htm,8-K,8-K,https://www.sec.gov/Archives/edgar/data/929351/000162828026054564/starz-20260807.htm,False,
LGF-B,2026-08-07 00:00:00,https://www.sec.gov/Archives/edgar/data/929351/000162828026054564/0001628280-26-054564-index.htm,EX-99.1,EX-99.1,https://www.sec.gov/Archives/edgar/data/929351/000162828026054564/starzq226ex991earningsrele.htm,True,
LGF-A,2026-08-07 00:00:00,https://www.sec.gov/Archives/edgar/data/929351/000162828026054564/0001628280-26-054564-index.htm,8-K,8-K,https://www.sec.gov/Archives/edgar/data/929351/000162828026054564/starz-20260807.htm,False,
LGF-A,2026-08-07 00:00:00,https://www.sec.gov/Archives/edgar/data/929351/000162828026054564/0001628280-26-054564-index.htm,EX-99.1,EX-99.1,https://www.sec.gov/Archives/edgar/data/929351/000162828026054564/starzq226ex991earningsrele.htm,True,
STRZ,2026-08-07 00:00:00,https://www.sec.gov/Archives/edgar/data/929351/000162828026054564/0001628280-26-054564-index.htm,8-K,8-K,https://www.sec.gov/Archives/edgar/data/929351/000162828026054564/starz-20260807.htm,False,
STRZ,2026-08-07 00:00:00,https://www.sec.gov/Archives/edgar/data/929351/000162828026054564/0001628280-26-054564-index.htm,EX-99.1,EX-99.1,https://www.sec.gov/Archives/edgar/data/929351/000162828026054564/starzq226ex991earningsrele.htm,True,
LGF,2026-08-07 00:00:00,https://www.sec.gov/Archives/edgar/data/929351/000162828026054564/0001628280-26-054564-index.htm,8-K,8-K,https://www.sec.gov/Archives/edgar/data/929351/000162828026054564/starz-20260807.htm,False,
LGF,2026-08-07 00:00:00,https://www.sec.gov/Archives/edgar/data/929351/000162828026054564/0001628280-26-054564-index.htm,EX-99.1,EX-99.1,https://www.sec.gov/Archives/edgar/data/929351/000162828026054564/starzq226ex991earningsrele.htm,True,
ARKO,2026-08-07 00:00:00,https://www.sec.gov/Archives/edgar/data/1823794/000119312526339092/0001193125-26-339092-index.htm,8-K,8-K,https://www.sec.gov/Archives/edgar/data/1823794/000119312526339092/arko-20260807.htm,False,
ARKO,2026-08-07 00:00:00,https://www.sec.gov/Archives/edgar/data/1823794/000119312526339092/0001193125-26-339092-index.htm,EX-99.1,EX-99.1,https://www.sec.gov/Archives/edgar/data/1823794/000119312526339092/arko-ex99_1.htm,False,
ARKOW,2026-08-07 00:00:00,https://www.sec.gov/Archives/edgar/data/1823794/000119312526339092/0001193125-26-339092-index.htm,8-K,8-K,https://www.sec.gov/Archives/edgar/data/1823794/000119312526339092/arko-20260807.htm,False,
ARKOW,2026-08-07 00:00:00,https://www.sec.gov/Archives/edgar/data/1823794/000119312526339092/0001193125-26-339092-index.htm,EX-99.1,EX-99.1,https://www.sec.gov/Archives/edgar/data/1823794/000119312526339092/arko-ex99_1.htm,False,
ANIP,2026-08-07 00:00:00,https://www.sec.gov/Archives/edgar/data/1023024/000102302426000068/0001023024-26-000068-index.htm,8-K,8-K,https://www.sec.gov/Archives/edgar/data/1023024/000102302426000068/ani-20260807.htm,False,
ANIP,2026-08-07 00:00:00,https://www.sec.gov/Archives/edgar/data/1023024/000102302426000068/0001023024-26-000068-index.htm,EX-99.1,EX-99.1,https://www.sec.gov/Archives/edgar/data/1023024/000102302426000068/anip-20260807xexx991.htm,False,
ESNT,2026-08-07 00:00:00,https://www.sec.gov/Archives/edgar/data/1448893/000144889326000022/0001448893-26-000022-index.htm,8-K,8-K,https://www.sec.gov/Archives/edgar/data/1448893/000144889326000022/esnt-20260807.htm,False,
ESNT,2026-08-07 00:00:00,https://www.sec.gov/Archives/edgar/data/1448893/000144889326000022/0001448893-26-000022-index.htm,EX-99.1,EX-99.1,https://www.sec.gov/Archives/edgar/data/1448893/000144889326000022/a63026financialsupplement.htm,False,
ATMU,2026-08-07 00:00:00,https://www.sec.gov/Archives/edgar/data/1921963/000192196326000065/0001921963-26-000065-index.htm,8-K,8-K,https://www.sec.gov/Archives/edgar/data/1921963/000192196326000065/atmu-20260807.htm,False,
ATMU,2026-08-07 00:00:00,https://www.sec.gov/Archives/edgar/data/1921963/000192196326000065/0001921963-26-000065-index.htm,EX-99.1,EX-99.1,https://www.sec.gov/Archives/edgar/data/1921963/000192196326000065/atmu2026q2quarterly8-kex991.htm,False,
GVA,2026-08-07 00:00:00,https://www.sec.gov/Archives/edgar/data/861459/000086145926000034/0000861459-26-000034-index.htm,8-K,8-K,https://www.sec.gov/Archives/edgar/data/861459/000086145926000034/gva-20260805.htm,False,
NATH,2026-08-07 00:00:00,https://www.sec.gov/Archives/edgar/data/69733/000143774926026426/0001437749-26-026426-index.htm,8-K,FORM 8-K,https://www.sec.gov/Archives/edgar/data/69733/000143774926026426/nath20260730_8k.htm,False,
NATH,2026-08-07 00:00:00,https://www.sec.gov/Archives/edgar/data/69733/000143774926026426/0001437749-26-026426-index.htm,EX-99.1,EXHIBIT 99.1,https://www.sec.gov/Archives/edgar/data/69733/000143774926026426/ex_996462.htm,False,
SPB,2026-08-07 00:00:00,https://www.sec.gov/Archives/edgar/data/109177/000010917726000038/0000109177-26-000038-index.htm,8-K,8-K,https://www.sec.gov/Archives/edgar/data/109177/000010917726000038/spb-20260807.htm,False,
SPB,2026-08-07 00:00:00,https://www.sec.gov/Archives/edgar/data/109177/000010917726000038/0000109177-26-000038-index.htm,EX-99.1,EX-99.1,https://www.sec.gov/Archives/edgar/data/109177/000010917726000038/earningsreleaseexhibit991.htm,True,
DKNG,2026-08-07 00:00:00,https://www.sec.gov/Archives/edgar/data/1883685/000188368526000027/0001883685-26-000027-index.htm,8-K,8-K,https://www.sec.gov/Archives/edgar/data/1883685/000188368526000027/dkng-20260807.htm,False,
DKNG,2026-08-07 00:00:00,https://www.sec.gov/Archives/edgar/data/1883685/000188368526000027/0001883685-26-000027-index.htm,EX-99.1,EX-99.1,https://www.sec.gov/Archives/edgar/data/1883685/000188368526000027/q226-prx8kexx991.htm,False,
GTN-A,2026-08-07 00:00:00,https://www.sec.gov/Archives/edgar/data/43196/000143774926026424/0001437749-26-026424-index.htm,8-K,FORM 8-K,https://www.sec.gov/Archives/edgar/data/43196/000143774926026424/gtn20260805c_8k.htm,False,
GTN-A,2026-08-07 00:00:00,https://www.sec.gov/Archives/edgar/data/43196/000143774926026424/0001437749-26-026424-index.htm,EX-99.1,EXHIBIT 99.1,https://www.sec.gov/Archives/edgar/data/43196/000143774926026424/ex_1000779_source.htm,False,
GTN,2026-08-07 00:00:00,https://www.sec.gov/Archives/edgar/data/43196/000143774926026424/0001437749-26-026424-index.htm,8-K,FORM 8-K,https://www.sec.gov/Archives/edgar/data/43196/000143774926026424/gtn20260805c_8k.htm,False,
GTN,2026-08-07 00:00:00,https://www.sec.gov/Archives/edgar/data/43196/000143774926026424/0001437749-26-026424-index.htm,EX-99.1,EXHIBIT 99.1,https://www.sec.gov/Archives/edgar/data/43196/000143774926026424/ex_1000779_source.htm,False,
TILE,2026-08-07 00:00:00,https://www.sec.gov/Archives/edgar/data/715787/000071578726000019/0000715787-26-000019-index.htm,8-K,8-K,https://www.sec.gov/Archives/edgar/data/715787/000071578726000019/tile-20260807.htm,False,
TILE,2026-08-07 00:00:00,https://www.sec.gov/Archives/edgar/data/715787/000071578726000019/0000715787-26-000019-index.htm,EX-99.1,EX-99.1,https://www.sec.gov/Archives/edgar/data/715787/000071578726000019/a991pressreleaseq22026.htm,False,
PINS,2026-08-07 00:00:00,https://www.sec.gov/Archives/edgar/data/1506293/000150629326000107/0001506293-26-000107-index.htm,8-K,8-K,https://www.sec.gov/Archives/edgar/data/1506293/000150629326000107/pins-20260805.htm,False,
GTN-A,2026-08-07 00:00:00,https://www.sec.gov/Archives/edgar/data/43196/000143774926026423/0001437749-26-026423-index.htm,8-K,FORM 8-K,https://www.sec.gov/Archives/edgar/data/43196/000143774926026423/gtn20260805_8k.htm,False,
GTN-A,2026-08-07 00:00:00,https://www.sec.gov/Archives/edgar/data/43196/000143774926026423/0001437749-26-026423-index.htm,EX-99.1,EXHIBIT 99.1,https://www.sec.gov/Archives/edgar/data/43196/000143774926026423/ex_999780.htm,False,
GTN,2026-08-07 00:00:00,https://www.sec.gov/Archives/edgar/data/43196/000143774926026423/0001437749-26-026423-index.htm,8-K,FORM 8-K,https://www.sec.gov/Archives/edgar/data/43196/000143774926026423/gtn20260805_8k.htm,False,
GTN,2026-08-07 00:00:00,https://www.sec.gov/Archives/edgar/data/43196/000143774926026423/0001437749-26-026423-index.htm,EX-99.1,EXHIBIT 99.1,https://www.sec.gov/Archives/edgar/data/43196/000143774926026423/ex_999780.htm,False,
GTN-A,2026-08-07 00:00:00,https://www.sec.gov/Archives/edgar/data/43196/000143774926026422/0001437749-26-026422-index.htm,8-K,FORM 8-K,https://www.sec.gov/Archives/edgar/data/43196/000143774926026422/gtn20260804_8k.htm,False,
GTN-A,2026-08-07 00:00:00,https://www.sec.gov/Archives/edgar/data/43196/000143774926026422/0001437749-26-026422-index.htm,EX-99.1,EXHIBIT 99.1,https://www.sec.gov/Archives/edgar/data/43196/000143774926026422/ex_998938.htm,True,
GTN,2026-08-07 00:00:00,https://www.sec.gov/Archives/edgar/data/43196/000143774926026422/0001437749-26-026422-index.htm,8-K,FORM 8-K,https://www.sec.gov/Archives/edgar/data/43196/000143774926026422/gtn20260804_8k.htm,False,
GTN,2026-08-07 00:00:00,https://www.sec.gov/Archives/edgar/data/43196/000143774926026422/0001437749-26-026422-index.htm,EX-99.1,EXHIBIT 99.1,https://www.sec.gov/Archives/edgar/data/43196/000143774926026422/ex_998938.htm,True,
ASIX,2026-08-07 00:00:00,https://www.sec.gov/Archives/edgar/data/1673985/000167398526000045/0001673985-26-000045-index.htm,8-K,8-K,https://www.sec.gov/Archives/edgar/data/1673985/000167398526000045/asix-20260807.htm,False,
ASIX,2026-08-07 00:00:00,https://www.sec.gov/Archives/edgar/data/1673985/000167398526000045/0001673985-26-000045-index.htm,EX-99.1,EX-99.1,https://www.sec.gov/Archives/edgar/data/1673985/000167398526000045/exhibit99q22026prearningsa.htm,False,
YUMC,2026-08-07 00:00:00,https://www.sec.gov/Archives/edgar/data/1673358/000119312526339048/0001193125-26-339048-index.htm,8-K,8-K,https://www.sec.gov/Archives/edgar/data/1673358/000119312526339048/yumc-20260807.htm,True,
YUMC,2026-08-07 00:00:00,https://www.sec.gov/Archives/edgar/data/1673358/000119312526339048/0001193125-26-339048-index.htm,EX-10.1,EX-10.1,https://www.sec.gov/Archives/edgar/data/1673358/000119312526339048/yumc-ex10_1.htm,False,
YUMC,2026-08-07 00:00:00,https://www.sec.gov/Archives/edgar/data/1673358/000119312526339048/0001193125-26-339048-index.htm,EX-10.2,EX-10.2,https://www.sec.gov/Archives/edgar/data/1673358/000119312526339048/yumc-ex10_2.htm,False,
YUMC,2026-08-07 00:00:00,https://www.sec.gov/Archives/edgar/data/1673358/000119312526339048/0001193125-26-339048-index.htm,EX-99.1,EX-99.1,https://www.sec.gov/Archives/edgar/data/1673358/000119312526339048/yumc-ex99_1.htm,False,
TRLV,2026-08-07 00:00:00,https://www.sec.gov/Archives/edgar/data/1754195/000175419526000067/0001754195-26-000067-index.htm,8-K,8-K,https://www.sec.gov/Archives/edgar/data/1754195/000175419526000067/tcnnf-20260807.htm,False,
TRLV,2026-08-07 00:00:00,https://www.sec.gov/Archives/edgar/data/1754195/000175419526000067/0001754195-26-000067-index.htm,EX-99.1,EX-99.1,https://www.sec.gov/Archives/edgar/data/1754195/000175419526000067/exhibit991trlvearningsrele.htm,False,
TCNNF,2026-08-07 00:00:00,https://www.sec.gov/Archives/edgar/data/1754195/000175419526000067/0001754195-26-000067-index.htm,8-K,8-K,https://www.sec.gov/Archives/edgar/data/1754195/000175419526000067/tcnnf-20260807.htm,False,
TCNNF,2026-08-07 00:00:00,https://www.sec.gov/Archives/edgar/data/1754195/000175419526000067/0001754195-26-000067-index.htm,EX-99.1,EX-99.1,https://www.sec.gov/Archives/edgar/data/1754195/000175419526000067/exhibit991trlvearningsrele.htm,False,
YUM,2026-08-07 00:00:00,https://www.sec.gov/Archives/edgar/data/1041061/000110465926092305/0001104659-26-092305-index.htm,8-K,FORM 8-K,https://www.sec.gov/Archives/edgar/data/1041061/000110465926092305/tm2622152d1_8k.htm,True,
YUM,2026-08-07 00:00:00,https://www.sec.gov/Archives/edgar/data/1041061/000110465926092305/0001104659-26-092305-index.htm,EX-10.1,EXHIBIT 10.1,https://www.sec.gov/Archives/edgar/data/1041061/000110465926092305/tm2622152d1_ex10-1.htm,False,
YUM,2026-08-07 00:00:00,https://www.sec.gov/Archives/edgar/data/1041061/000110465926092305/0001104659-26-092305-index.htm,EX-10.2,EXHIBIT 10.2,https://www.sec.gov/Archives/edgar/data/1041061/000110465926092305/tm2622152d1_ex10-2.htm,False,
YUM,2026-08-07 00:00:00,https://www.sec.gov/Archives/edgar/data/1041061/000110465926092305/0001104659-26-092305-index.htm,EX-99.1,EXHIBIT 99.1,https://www.sec.gov/Archives/edgar/data/1041061/000110465926092305/tm2622152d1_ex99-1.htm,False,
BZH,2026-08-07 00:00:00,https://www.sec.gov/Archives/edgar/data/915840/000110465926092299/0001104659-26-092299-index.htm,8-K,FORM 8-K,https://www.sec.gov/Archives/edgar/data/915840/000110465926092299/tm2622398d1_8k.htm,True,
BZH,2026-08-07 00:00:00,https://www.sec.gov/Archives/edgar/data/915840/000110465926092299/0001104659-26-092299-index.htm,EX-10.1,EXHIBIT 10.1,https://www.sec.gov/Archives/edgar/data/915840/000110465926092299/tm2622398d1_ex10-1.htm,False,
BZH,2026-08-07 00:00:00,https://www.sec.gov/Archives/edgar/data/915840/000110465926092299/0001104659-26-092299-index.htm,EX-99.1,EXHIBIT 99.1,https://www.sec.gov/Archives/edgar/data/915840/000110465926092299/tm2622398d1_ex99-1.htm,False,
BZH,2026-08-07 00:00:00,https://www.sec.gov/Archives/edgar/data/915840/000091584026000049/0000915840-26-000049-index.htm,8-K,8-K,https://www.sec.gov/Archives/edgar/data/915840/000091584026000049/bzh-20260807.htm,False,
BZH,2026-08-07 00:00:00,https://www.sec.gov/Archives/edgar/data/915840/000091584026000049/0000915840-26-000049-index.htm,EX-99.1,EX-99.1,https://www.sec.gov/Archives/edgar/data/915840/000091584026000049/exhibit991-63026.htm,True,
DFH,2026-08-07 00:00:00,https://www.sec.gov/Archives/edgar/data/1825088/000162828026054558/0001628280-26-054558-index.htm,8-K,8-K,https://www.sec.gov/Archives/edgar/data/1825088/000162828026054558/dream-20260806.htm,True,
DFH,2026-08-07 00:00:00,https://www.sec.gov/Archives/edgar/data/1825088/000162828026054558/0001628280-26-054558-index.htm,EX-99.1,EX-99.1,https://www.sec.gov/Archives/edgar/data/1825088/000162828026054558/ex-991pressreleasexmergera.htm,False,
LEVI,2026-08-07 00:00:00,https://www.sec.gov/Archives/edgar/data/94845/000199937126017264/0001999371-26-017264-index.htm,8-K,CURRENT REPORT,https://www.sec.gov/Archives/edgar/data/94845/000199937126017264/levi-8k_080726.htm,False,
DMYI-UN,2026-08-07 00:00:00,https://www.sec.gov/Archives/edgar/data/1824920/000119312526338998/0001193125-26-338998-index.htm,8-K,8-K,https://www.sec.gov/Archives/edgar/data/1824920/000119312526338998/ionq-20260807.htm,False,
IONQ,2026-08-07 00:00:00,https://www.sec.gov/Archives/edgar/data/1824920/000119312526338998/0001193125-26-338998-index.htm,8-K,8-K,https://www.sec.gov/Archives/edgar/data/1824920/000119312526338998/ionq-20260807.htm,False,
IONQ-WT,2026-08-07 00:00:00,https://www.sec.gov/Archives/edgar/data/1824920/000119312526338998/0001193125-26-338998-index.htm,8-K,8-K,https://www.sec.gov/Archives/edgar/data/1824920/000119312526338998/ionq-20260807.htm,False,
DMYI,2026-08-07 00:00:00,https://www.sec.gov/Archives/edgar/data/1824920/000119312526338998/0001193125-26-338998-index.htm,8-K,8-K,https://www.sec.gov/Archives/edgar/data/1824920/000119312526338998/ionq-20260807.htm,False,
MPLN-WT,2026-08-07 00:00:00,https://www.sec.gov/Archives/edgar/data/1793229/000179322926000065/0001793229-26-000065-index.htm,8-K,8-K,https://www.sec.gov/Archives/edgar/data/1793229/000179322926000065/ctev-20260807.htm,False,
MPLN-WT,2026-08-07 00:00:00,https://www.sec.gov/Archives/edgar/data/1793229/000179322926000065/0001793229-26-000065-index.htm,EX-99.1,EX-99.1,https://www.sec.gov/Archives/edgar/data/1793229/000179322926000065/claritevpressrelease-june3.htm,True,
MPLNW,2026-08-07 00:00:00,https://www.sec.gov/Archives/edgar/data/1793229/000179322926000065/0001793229-26-000065-index.htm,8-K,8-K,https://www.sec.gov/Archives/edgar/data/1793229/000179322926000065/ctev-20260807.htm,False,
MPLNW,2026-08-07 00:00:00,https://www.sec.gov/Archives/edgar/data/1793229/000179322926000065/0001793229-26-000065-index.htm,EX-99.1,EX-99.1,https://www.sec.gov/Archives/edgar/data/1793229/000179322926000065/claritevpressrelease-june3.htm,True,
MPLN,2026-08-07 00:00:00,https://www.sec.gov/Archives/edgar/data/1793229/000179322926000065/0001793229-26-000065-index.htm,8-K,8-K,https://www.sec.gov/Archives/edgar/data/1793229/000179322926000065/ctev-20260807.htm,False,
MPLN,2026-08-07 00:00:00,https://www.sec.gov/Archives/edgar/data/1793229/000179322926000065/0001793229-26-000065-index.htm,EX-99.1,EX-99.1,https://www.sec.gov/Archives/edgar/data/1793229/000179322926000065/claritevpressrelease-june3.htm,True,
CTEV,2026-08-07 00:00:00,https://www.sec.gov/Archives/edgar/data/1793229/000179322926000065/0001793229-26-000065-index.htm,8-K,8-K,https://www.sec.gov/Archives/edgar/data/1793229/000179322926000065/ctev-20260807.htm,False,
CTEV,2026-08-07 00:00:00,https://www.sec.gov/Archives/edgar/data/1793229/000179322926000065/0001793229-26-000065-index.htm,EX-99.1,EX-99.1,https://www.sec.gov/Archives/edgar/data/1793229/000179322926000065/claritevpressrelease-june3.htm,True,
XPER,2026-08-07 00:00:00,https://www.sec.gov/Archives/edgar/data/1788999/000178899926000020/0001788999-26-000020-index.htm,8-K,8-K,https://www.sec.gov/Archives/edgar/data/1788999/000178899926000020/xper-20260806.htm,False,
XPER-WI,2026-08-07 00:00:00,https://www.sec.gov/Archives/edgar/data/1788999/000178899926000020/0001788999-26-000020-index.htm,8-K,8-K,https://www.sec.gov/Archives/edgar/data/1788999/000178899926000020/xper-20260806.htm,False,
NNN-PF,2026-08-07 00:00:00,https://www.sec.gov/Archives/edgar/data/751364/000119312526338984/0001193125-26-338984-index.htm,8-K,8-K,https://www.sec.gov/Archives/edgar/data/751364/000119312526338984/d141531d8k.htm,False,
NNN,2026-08-07 00:00:00,https://www.sec.gov/Archives/edgar/data/751364/000119312526338984/0001193125-26-338984-index.htm,8-K,8-K,https://www.sec.gov/Archives/edgar/data/751364/000119312526338984/d141531d8k.htm,False,
